Retailer,Product ID,Title,Brand,Count,Size,Color,Grade,Organic,Housing,Covered ZIPs,Covered Stores,Min Price,Avg Price,Max Price,Offer Rows,Priced Rows,URL
Albertsons,960100459,Vital Farms Eggs Large - 12 Count,Vital Farms,12,Large,Unknown,Unknown,false,Conventional/Unspecified,335,745,9.49,9.49,9.49,745,745,https://www.albertsons.com/shop/product-details.960100459.html
Albertsons,960077058,Eggland's Best 100% USDA Organic Certified Large Brown Eggs - 12 Count,Eggland's Best,12,Large,Brown,Unknown,true,Conventional/Unspecified,334,743,8.99,8.99,8.99,743,743,https://www.albertsons.com/shop/product-details.960077058.html
Albertsons,138350144,Eggland's Best Cage Free Large Brown Eggs - 12 Count,Eggland's Best,12,Large,Brown,Unknown,false,Cage-Free,334,743,6.99,6.989999999999999,6.99,743,743,https://www.albertsons.com/shop/product-details.138350144.html
Albertsons,960100476,Happy Egg Co. Eggs Free Range Large - 12 Count,Happy Egg,12,Large,Unknown,Unknown,false,Free-Range,334,743,7.49,7.489999999999999,7.49,743,743,https://www.albertsons.com/shop/product-details.960100476.html
Albertsons,960559633,Vital Farms Pasture-Raised Eggs - Large - 18 Count,Vital Farms,18,Large,Unknown,Unknown,false,Pasture-Raised,333,741,11.99,11.99,11.99,741,741,https://www.albertsons.com/shop/product-details.960559633.html
Albertsons,960096423,O Organics Organic Eggs Large Brown - 18 Count,O Organics,18,Large,Brown,Unknown,true,Conventional/Unspecified,306,596,6.99,6.99,6.99,596,596,https://www.albertsons.com/shop/product-details.960096423.html
Albertsons,971311473,Pete & Gerry's Organic Pasture Raised Large Eggs - 12 Count,Pete & Gerry's,12,Large,Unknown,Unknown,true,Pasture-Raised,288,645,8.99,8.99,8.99,645,645,https://www.albertsons.com/shop/product-details.971311473.html
Albertsons,960106661,Pete & Gerrys Organic Eggs Free Range Large - 12 Count,Pete & Gerry's,12,Large,Unknown,Unknown,true,Free-Range,287,646,7.49,7.49,7.49,646,646,https://www.albertsons.com/shop/product-details.960106661.html
Albertsons,960120619,Nellies Eggs Free Range Grade A Brown Large - 12 Count,Nellie's,12,Large,Brown,A,false,Free-Range,285,643,6.49,6.489999999999999,6.49,643,643,https://www.albertsons.com/shop/product-details.960120619.html
Albertsons,970115360,Eggland's Best Cage Free Large White Eggs - 12 Count,Eggland's Best,12,Large,White,Unknown,false,Cage-Free,278,626,6.99,6.989999999999999,6.99,626,626,https://www.albertsons.com/shop/product-details.970115360.html
Albertsons,960454622,Vital Farms Organic Eggs Pasture Raised Large Grade A Tray - 12 Count,Vital Farms,12,Large,Unknown,A,true,Pasture-Raised,273,597,11.99,11.99,11.99,597,597,https://www.albertsons.com/shop/product-details.960454622.html
Albertsons,960494107,Eggland's Best Cage Free Large Brown Eggs - 18 Count,Eggland's Best,18,Large,Brown,Unknown,false,Cage-Free,272,613,9.99,9.99,9.99,613,613,https://www.albertsons.com/shop/product-details.960494107.html
Albertsons,138350308,O Organics Organic Eggs Large Brown - 12 Count,O Organics,12,Large,Brown,Unknown,true,Conventional/Unspecified,268,587,5.99,5.99,5.99,587,587,https://www.albertsons.com/shop/product-details.138350308.html
Albertsons,970745627,Open Nature Eggs Heirloom Free Range Grade A - 12 Ct,Open Nature,12,Unknown,Unknown,A,false,Free-Range,254,557,6.99,6.99,6.99,557,557,https://www.albertsons.com/shop/product-details.970745627.html
Albertsons,960455228,Open Nature Eggs Brown Free Range Large - 18 Count,Open Nature,18,Large,Brown,Unknown,false,Free-Range,251,549,4.99,4.99,4.99,549,549,https://www.albertsons.com/shop/product-details.960455228.html
Albertsons,960453266,Open Nature Eggs Brown Free Range Large - 12 Count,Open Nature,12,Large,Brown,Unknown,false,Free-Range,244,537,3.99,3.99,3.99,537,537,https://www.albertsons.com/shop/product-details.960453266.html
Albertsons,960225640,Happy Eggs Free Range Organic - 12 Count,Happy Egg,12,Unknown,Unknown,Unknown,true,Free-Range,242,522,8.49,8.49,8.49,522,522,https://www.albertsons.com/shop/product-details.960225640.html
Albertsons,970064495,O Organics Eggs Brown Pasture Raised Large Grade A - Dozen,O Organics,12,Large,Brown,A,true,Pasture-Raised,242,533,7.99,7.99,7.99,533,533,https://www.albertsons.com/shop/product-details.970064495.html
Albertsons,960304347,Lucerne Farms Eggs Cage Free Extra Large - 12 Count,Lucerne,12,Extra Large,Unknown,Unknown,false,Cage-Free,225,496,3.29,3.29,3.29,496,496,https://www.albertsons.com/shop/product-details.960304347.html
Albertsons,960304348,Lucerne Farms Eggs Cage Free Large - 18 Count,Lucerne,18,Large,Unknown,Unknown,false,Cage-Free,225,496,4.19,4.19,4.19,496,496,https://www.albertsons.com/shop/product-details.960304348.html
Albertsons,960273951,Lucerne Farms Eggs Large Cage Free - 12 Count,Lucerne,12,Large,Unknown,Unknown,false,Cage-Free,225,496,2.99,2.99,2.99,496,496,https://www.albertsons.com/shop/product-details.960273951.html
Albertsons,970116262,Lucerne Cage Free Grade A Large Eggs - 60 Count,Lucerne,60,Large,Unknown,A,false,Cage-Free,224,492,9.99,9.99,9.99,492,492,https://www.albertsons.com/shop/product-details.970116262.html
Albertsons,960482648,Happy Egg Eggs Heritage Breed Blue And Brown Large - 12 Count,Happy Egg,12,Large,Brown,Unknown,false,Conventional/Unspecified,221,495,8.49,8.49,8.49,495,495,https://www.albertsons.com/shop/product-details.960482648.html
Albertsons,960309878,Lucerne Farms Eggs Cage Free Jumbo - 12 Count,Lucerne,12,Jumbo,Unknown,Unknown,false,Cage-Free,203,450,3.79,3.79,3.79,450,450,https://www.albertsons.com/shop/product-details.960309878.html
Albertsons,960307212,Nellies Eggs Free Range Large Brown - 18 Count,Nellie's,18,Large,Brown,Unknown,false,Free-Range,179,409,7.99,7.990000000000001,7.99,409,409,https://www.albertsons.com/shop/product-details.960307212.html
Albertsons,971101534,Happy Egg Free Range - 18 CT,Happy Egg,18,Unknown,Unknown,Unknown,false,Free-Range,154,315,8.99,8.99,8.99,315,315,https://www.albertsons.com/shop/product-details.971101534.html
Albertsons,970115353,Eggland's Best Cage Free Large White Eggs - 18 Count,Eggland's Best,18,Large,White,Unknown,false,Cage-Free,149,344,8.49,8.49,8.49,344,344,https://www.albertsons.com/shop/product-details.970115353.html
Albertsons,960079385,Open Nature Eggs Cage Free Large Grade A Brown - 18 Count,Open Nature,18,Large,Brown,A,false,Cage-Free,120,269,5.49,5.49,5.49,269,269,https://www.albertsons.com/shop/product-details.960079385.html
Albertsons,138350091,Lucerne Eggs Large Grade A Family Pack - 18 Count,Lucerne,18,Large,Unknown,A,false,Conventional/Unspecified,113,255,2.39,2.39,2.39,255,255,https://www.albertsons.com/shop/product-details.138350091.html
Albertsons,960422623,Lucerne Farms Eggs Cage Free Extra Large  - 18 Count,Lucerne,18,Extra Large,Unknown,Unknown,false,Cage-Free,112,246,4.59,4.59,4.59,246,246,https://www.albertsons.com/shop/product-details.960422623.html
Albertsons,138350194,Lucerne Large Grade A Eggs - 60 Count,Lucerne,60,Large,Unknown,A,false,Conventional/Unspecified,112,253,6.99,6.99,6.99,253,253,https://www.albertsons.com/shop/product-details.138350194.html
Albertsons,970504056,Pete And Gerrys Pasture Raised Eggs 12 Ct - 12 CT,Pete & Gerry's,12,Unknown,Unknown,Unknown,false,Pasture-Raised,112,244,6.99,6.99,6.99,244,244,https://www.albertsons.com/shop/product-details.970504056.html
Albertsons,970544540,Eggland's Best Cage Free Large White Eggs - 24 CT,Eggland's Best,24,Large,White,Unknown,false,Cage-Free,109,241,10.99,10.99,10.99,241,241,https://www.albertsons.com/shop/product-details.970544540.html
Albertsons,960041389,Lucerne Farms Eggs Extra Large Grade A  - 12 Count,Lucerne,12,Extra Large,Unknown,A,false,Conventional/Unspecified,109,247,1.99,1.99,1.99,247,247,https://www.albertsons.com/shop/product-details.960041389.html
Albertsons,138350058,Lucerne Farms Eggs Jumbo Grade A - 12 Count,Lucerne,12,Jumbo,Unknown,A,false,Conventional/Unspecified,109,247,1.99,1.99,1.99,247,247,https://www.albertsons.com/shop/product-details.138350058.html
Albertsons,960135038,Lucerne Farms Eggs Large - 6 Count,Lucerne,6,Large,Unknown,Unknown,false,Conventional/Unspecified,107,243,1.29,1.29,1.29,243,243,https://www.albertsons.com/shop/product-details.960135038.html
Albertsons,138350008,Eggland's Best Classic Large White Eggs - 12 Count,Eggland's Best,12,Large,White,Unknown,false,Conventional/Unspecified,105,239,3.99,3.99,3.99,239,239,https://www.albertsons.com/shop/product-details.138350008.html
Albertsons,960068965,Eggland's Best Classic Large White Eggs - 18 Count,Eggland's Best,18,Large,White,Unknown,false,Conventional/Unspecified,101,229,5.99,5.99,5.99,229,229,https://www.albertsons.com/shop/product-details.960068965.html
Albertsons,971233455,Happy Egg Pasture Raised 12ct - 12 CT,Happy Egg,12,Unknown,Unknown,Unknown,false,Pasture-Raised,95,197,5.99,5.99,5.99,197,197,https://www.albertsons.com/shop/product-details.971233455.html
Albertsons,960323398,Eggland's Best Classic Large White Eggs - 24 Count,Eggland's Best,24,Large,White,Unknown,false,Conventional/Unspecified,90,164,6.99,6.990000000000001,6.99,164,164,https://www.albertsons.com/shop/product-details.960323398.html
Albertsons,971238263,Happy Egg Co.organic Free Range Brown Eggs - 18 CT,Happy Egg,18,Unknown,Brown,Unknown,true,Free-Range,85,179,10.99,10.99,10.99,179,179,https://www.albertsons.com/shop/product-details.971238263.html
Albertsons,970486156,Vital Farms Extra Large Pasture Raised Eggs - 12 Count,Vital Farms,12,Extra Large,Unknown,Unknown,false,Pasture-Raised,83,162,8.99,8.99,8.99,162,162,https://www.albertsons.com/shop/product-details.970486156.html
Albertsons,971154979,Nestfresh Free Range Hfac Lg A 18 Ct Eggs - 18 CT,Unknown,18,Large,Unknown,Unknown,false,Free-Range,57,136,6.99,6.99,6.99,136,136,https://www.albertsons.com/shop/product-details.971154979.html
Albertsons,960081547,Oak Glen Eggs Medium B - 12 Count,Unknown,12,Medium,Unknown,Unknown,false,Conventional/Unspecified,57,81,1.59,1.5900000000000003,1.59,81,81,https://www.albertsons.com/shop/product-details.960081547.html
Albertsons,970782121,O Organics Eggs Cage Free Brown Medium Grade A - 12 Count,O Organics,12,Medium,Brown,A,true,Cage-Free,52,70,5.49,5.49,5.49,70,70,https://www.albertsons.com/shop/product-details.970782121.html
Albertsons,971007968,Pete & Gerry's Pasture Raised Large Eggs 18ct - 18 CT,Pete & Gerry's,18,Large,Unknown,Unknown,false,Pasture-Raised,50,105,9.99,9.99,9.99,105,105,https://www.albertsons.com/shop/product-details.971007968.html
Albertsons,970052821,Pete And Gerrys Large Eggs - 18 CT,Pete & Gerry's,18,Large,Unknown,Unknown,false,Conventional/Unspecified,50,105,9.99,9.99,9.99,105,105,https://www.albertsons.com/shop/product-details.970052821.html
Albertsons,971151011,Nestfresh Free Range Hfac Lg A 12 Ct Brown Eggs - 12 CT,Unknown,12,Large,Brown,Unknown,false,Free-Range,44,67,4.49,4.49,4.49,67,67,https://www.albertsons.com/shop/product-details.971151011.html
Albertsons,960021753,Vital Farms Pasture Raised Eggs Large - 6 Count,Vital Farms,6,Large,Unknown,Unknown,false,Pasture-Raised,43,60,3.99,3.99,3.99,60,60,https://www.albertsons.com/shop/product-details.960021753.html
Albertsons,970567381,Oak Glen Cage Free Grade B Repack Eggs - 12 Count,Unknown,12,Unknown,Unknown,Unknown,false,Cage-Free,39,66,1.59,1.59,1.59,66,66,https://www.albertsons.com/shop/product-details.970567381.html
Albertsons,971406816,"Happy Egg Co Free Range Large Eggs, 24 Count - 24 CT",Happy Egg,24,Large,Unknown,Unknown,false,Free-Range,37,46,12.49,12.489999999999998,12.49,46,46,https://www.albertsons.com/shop/product-details.971406816.html
Albertsons,970115431,Eggland's Best Cage Free Extra Large White Eggs - 12 Count,Eggland's Best,12,Extra Large,White,Unknown,false,Cage-Free,35,56,5.79,5.79,5.79,56,56,https://www.albertsons.com/shop/product-details.970115431.html
Albertsons,960100583,Wilcox Family Farms Organic Eggs Large Omega - 12 Count,Unknown,12,Large,Unknown,Unknown,true,Conventional/Unspecified,34,70,5.99,5.99,5.99,70,70,https://www.albertsons.com/shop/product-details.960100583.html
Albertsons,960195954,Eggland's Best Classic Extra Large White Eggs - 18 Count,Eggland's Best,18,Extra Large,White,Unknown,false,Conventional/Unspecified,24,33,6.29,6.29,6.29,33,33,https://www.albertsons.com/shop/product-details.960195954.html
Albertsons,960543845,Egglands Best Organic Large Brown Eggs  - 6 Count,Eggland's Best,6,Large,Brown,Unknown,true,Conventional/Unspecified,23,34,2.99,2.99,2.99,34,34,https://www.albertsons.com/shop/product-details.960543845.html
Albertsons,971072718,Wilcox Eggs Organic Lrg Brown Free Range 24ct - 24 CT,Unknown,24,Large,Brown,Unknown,true,Free-Range,22,46,11.99,11.989999999999998,11.99,46,46,https://www.albertsons.com/shop/product-details.971072718.html
Albertsons,960053873,Eggland's Best Classic Extra Large White Eggs - 12 Count,Eggland's Best,12,Extra Large,White,Unknown,false,Conventional/Unspecified,21,32,3.99,3.99,3.99,32,32,https://www.albertsons.com/shop/product-details.960053873.html
Albertsons,960076951,O Organics Organic Eggs Large Brown - 6 Count,O Organics,6,Large,Brown,Unknown,true,Conventional/Unspecified,21,23,2.29,2.29,2.29,23,23,https://www.albertsons.com/shop/product-details.960076951.html
Albertsons,960100276,Willamette Egg Farms Eggs Cage Free Large Brown - 12 Count,Unknown,12,Large,Brown,Unknown,false,Cage-Free,17,22,4.49,4.49,4.49,22,22,https://www.albertsons.com/shop/product-details.960100276.html
Albertsons,960202219,NestFresh Eggs Non GMO Free Range Large Grade A Brown - 12 Count,Unknown,12,Large,Brown,A,false,Free-Range,13,23,5.99,5.99,5.99,23,23,https://www.albertsons.com/shop/product-details.960202219.html
Albertsons,960288730,Western Sunset Farms Eggs - 12 Count,Unknown,12,Unknown,Unknown,Unknown,false,Conventional/Unspecified,13,33,5.99,5.99,5.99,33,33,https://www.albertsons.com/shop/product-details.960288730.html
Albertsons,970063981,Wilcox Mobile Pasture Large Brown Eggs - 1 DZ,Unknown,12,Large,Brown,Unknown,false,Conventional/Unspecified,13,26,7.49,7.49,7.49,26,26,https://www.albertsons.com/shop/product-details.970063981.html
Albertsons,970087109,Wilcox Cage Free Brown Eggs - 12 CT,Unknown,12,Unknown,Brown,Unknown,false,Cage-Free,11,22,5.79,5.79,5.79,22,22,https://www.albertsons.com/shop/product-details.970087109.html
Albertsons,138350188,Open Nature Eggs Cage Free Brown Large - 12 Count,Open Nature,12,Large,Brown,Unknown,false,Cage-Free,9,18,4.99,4.99,4.99,18,18,https://www.albertsons.com/shop/product-details.138350188.html
Albertsons,138350167,Open Nature Eggs Cage Free Large Brown - 12 Count,Open Nature,12,Large,Brown,Unknown,false,Cage-Free,9,18,4.99,4.99,4.99,18,18,https://www.albertsons.com/shop/product-details.138350167.html
Albertsons,960077066,Horizon Organic Eggs Large Grade A Brown - 12 Count,Unknown,12,Large,Brown,A,true,Conventional/Unspecified,8,15,6.99,6.99,6.99,15,15,https://www.albertsons.com/shop/product-details.960077066.html
Albertsons,960416997,Nestfresh Pasture Raised Lg Brown Eggs 9 Dzn - 1 Dozen,Unknown,12,Large,Brown,Unknown,false,Pasture-Raised,7,11,8.99,8.99,8.99,11,11,https://www.albertsons.com/shop/product-details.960416997.html
Albertsons,960543007,Back To Basics Xl Pasture Raised Eggs - 12 Count,Unknown,12,Extra Large,Unknown,Unknown,false,Pasture-Raised,6,11,7.99,7.99,7.99,11,11,https://www.albertsons.com/shop/product-details.960543007.html
Albertsons,960519717,Farmer Boy Large Eggs - 12 Count,Unknown,12,Large,Unknown,Unknown,false,Conventional/Unspecified,6,14,5.39,5.39,5.39,14,14,https://www.albertsons.com/shop/product-details.960519717.html
Albertsons,960076950,Open Nature Eggs Cage Free Large Brown - 18 Count,Open Nature,18,Large,Brown,Unknown,false,Cage-Free,5,8,6.99,6.99,6.99,8,8,https://www.albertsons.com/shop/product-details.960076950.html
Albertsons,970113994,Egglands Best Cage Free Extra Large Brown Eggs  - 12 Count,Eggland's Best,12,Extra Large,Brown,Unknown,false,Cage-Free,4,4,5.79,5.79,5.79,4,4,https://www.albertsons.com/shop/product-details.970113994.html
Albertsons,960558108,Golden Valley Large Eggs - 60 Count,Unknown,60,Large,Unknown,Unknown,false,Conventional/Unspecified,4,14,9.29,9.290000000000001,9.29,14,14,https://www.albertsons.com/shop/product-details.960558108.html
Albertsons,970109638,Straight From The Farm Fresh Eggs 12 Pk - 12 CT,Unknown,12,Unknown,Unknown,Unknown,false,Conventional/Unspecified,3,6,5.99,5.989999999999999,5.99,6,6,https://www.albertsons.com/shop/product-details.970109638.html
Albertsons,960528427,Eben-Haezer Free Rnge Xlg Eggs - 12 Count,Unknown,12,Extra Large,Unknown,Unknown,false,Conventional/Unspecified,2,3,8.29,8.29,8.29,3,3,https://www.albertsons.com/shop/product-details.960528427.html
Albertsons,960197534,Lucerne Eggs Medium - 12 Count,Lucerne,12,Medium,Unknown,Unknown,false,Conventional/Unspecified,2,4,6.49,6.49,6.49,4,4,https://www.albertsons.com/shop/product-details.960197534.html
Albertsons,970746279,Eggland's Best Cage Free Extra Large White Eggs - 18 count,Eggland's Best,18,Extra Large,White,Unknown,false,Cage-Free,1,2,8.49,8.49,8.49,2,2,https://www.albertsons.com/shop/product-details.970746279.html
Albertsons,971007966,"Egglands Best Free Range Brown Eggs , 1 Dozen, 12 Ct - 12 CT",Eggland's Best,12,Unknown,Brown,Unknown,false,Free-Range,1,1,6.49,6.49,6.49,1,1,https://www.albertsons.com/shop/product-details.971007966.html
Albertsons,970109640,Straight From The Farm Fresh Eggs 18 - 18 CT,Unknown,18,Unknown,Unknown,Unknown,false,Conventional/Unspecified,1,2,8.99,8.99,8.99,2,2,https://www.albertsons.com/shop/product-details.970109640.html
ALDI,25319931,Goldhen Pasture Raised Large Brown Eggs - Grade A,Goldhen,12,Large,Brown,A,false,Pasture-Raised,2472,2595,3.95,3.95,3.95,2595,2595,https://www.aldi.us/store/aldi/products/25319931-golden-star-grade-a-pasture-raised-large-brown-eggs-12-ct
ALDI,17498616,Simply Nature Organic Cage Free Brown Eggs,Simply Nature,12,Unknown,Brown,Unknown,true,Cage-Free,2472,2595,4.15,4.15,4.15,2595,2595,https://www.aldi.us/store/aldi/products/17498616-simply-nature-organic-cage-free-brown-eggs-12-ct
ALDI,18261432,Goldhen Cage Free Large Brown Eggs - Grade A,Goldhen,12,Large,Brown,A,false,Cage-Free,2471,2594,2.85,2.85,2.85,2594,2594,https://www.aldi.us/store/aldi/products/18261432-goldhen-cage-free-large-grade-a-brown-eggs-12-ct
ALDI,19873761,Goldhen Free Rangs Large Brown Eggs - Grade A,Goldhen,12,Large,Brown,A,false,Free-Range,2469,2592,3.85,3.85,3.85,2592,2592,https://www.aldi.us/store/aldi/products/19873761-goldhen-large-grade-a-free-range-brown-eggs-12-ct
ALDI,115095,Goldhen Grade A Large Eggs,Goldhen,12,Large,Unknown,A,false,Conventional/Unspecified,2209,2326,1.45,1.45,1.45,2326,2326,https://www.aldi.us/store/aldi/products/115095-goldhen-grade-a-large-eggs-12-ct
ALDI,25928369,"Goldhen Cage Free Large White Eggs, Grade A",Goldhen,12,Large,White,A,false,Cage-Free,143,147,1.46,1.46,1.46,147,147,https://www.aldi.us/store/aldi/products/25928369-goldhen-grade-a-cage-free-large-white-eggs-12-ct
ALDI,25928390,Goldhen Cage Free Large White Eggs Grade A,Goldhen,12,Large,White,A,false,Cage-Free,124,126,1.65,1.65,1.65,126,126,https://www.aldi.us/store/aldi/products/25928390-goldhen-large-white-cage-free-grade-aa-eggs-12-ct
ALDI,21226154,Goldhen Cage Free Large Brown Eggs - Grade A,Goldhen,12,Large,Brown,A,false,Cage-Free,1,1,2.85,2.85,2.85,1,1,https://www.aldi.us/store/aldi/products/21226154-goldhen-grade-aa-cage-free-large-brown-eggs-12-ct
Amazon,B00CIZCSIM,"Organic Valley Organic Free-Range Large Brown Eggs, 12 Count",Organic Valley,12,Large,Brown,A,true,Free-Range,955,0,5.28,7.258605870020965,7.99,955,954,https://www.amazon.com/Organic-Valley-Free-Range-Large-Brown/dp/B00CIZCSIM/ref=sr_1_10?crid=1E2QJW9TUIM1M&dib=eyJ2IjoiMSJ9.4HQPSnwMw4z3CTdZ76IP6yr5xCdIVNwqR7TFRVWoMX4-qXAMOg8GGyj7xrdc2M6poR3OYEQd6yNth9Yh6IJdrkFlmg48cDBWCv90_uPcRbpXXtbOn7agTbsXu1QuBW8-rIyWJRZUHgFF0PhG9VLmGJLY2qjOJIG7Tn9rsTG8AeXUCQxR80PY7af8oiYptbeoOZTb0-dJgZZLHJvmef7de9Oa9-Q_V8-oL6VPL_M0Vfs.607G9M2QFpcaFsQ_NQEv39kPQRnk4Sc5uJWsaLAILv8&dib_tag=se&keywords=fresh+eggs&qid=1785733826&s=samedaystore&sprefix=mil%2Csamedaystore%2C348&sr=1-10
Amazon,B01MZHDHVM,"Vital Farms, Eggs Pasture Raised Large, 18 Count",Vital Farms,18,Large,Unknown,A,false,Pasture-Raised,776,0,8.98,10.908853092783506,13.59,776,776,https://www.amazon.com/Vital-Farms-Pasture-Raised-Eggs-18/dp/B01MZHDHVM/ref=sr_1_1?crid=1E2QJW9TUIM1M&dib=eyJ2IjoiMSJ9.9RNfehJugXSJPFLFP6RUpFqPc75Bagqgomg-CMmQlFIXb9qMxLLj325uv5VKIzMfiw3KMyvdVNjO47lAUCAMJMhzRq023zZjVLlYaZoS4C_O34G1PWcNNF-8DlNky4HXRAj71gvStPt-46ZjJhVorv6C15XaI8EXoUE8_9rEqflFmb3N1o6MsHATm7yVOLy4F967uK564r7mp0QKYVM5KabnI1AvWCVm0CRwf-Zv9wI.wBLnxS221VSa7Lzl0O7YCq6WT25RBbSom9IanZ98qFo&dib_tag=se&keywords=fresh+eggs&qid=1785738690&s=samedaystore&sprefix=mil%2Csamedaystore%2C348&sr=1-1
Amazon,B08QX1JTCX,"Organic Valley® Organic Large Eggs — Free Range, Brown Eggs — 18 Count",Organic Valley,18,Large,Brown,A,true,Free-Range,773,0,9.99,9.994527813712807,10.49,773,773,https://www.amazon.com/Organic-Valley-Grade-Large-Brown/dp/B08QX1JTCX/ref=sr_1_10?crid=1E2QJW9TUIM1M&dib=eyJ2IjoiMSJ9.4HQPSnwMw4z3CTdZ76IP6yr5xCdIVNwqR7TFRVWoMX4-qXAMOg8GGyj7xrdc2M6poR3OYEQd6yNth9Yh6IJdrhVugpVPHf5aHock9LCXk3SaVrtPe8ruvpFISd7hDjPWkVaQpDwDxCwiCz1vtFu0pIK-UiZFZUVHF-W-bPgolc4SpX5w-n27yEMubSEVC4AzF_kttbvC9ks52X_iYJATKMkKLtKoBoK29Fqx0bRWZ9M.pTOfNIsHNCbkL0dUE2_JjrU2egiJX79N7qpR2pVe84o&dib_tag=se&keywords=fresh+eggs&qid=1785733971&s=samedaystore&sprefix=mil%2Csamedaystore%2C348&sr=1-10
Amazon,B074QX4K49,"Organic Valley, Organic Free-Range Medium Brown Eggs - 18 ct",Organic Valley,18,Medium,Brown,A,true,Free-Range,701,0,6.28,8.928145506419401,8.99,701,701,https://www.amazon.com/Organic-Valley-Free-Range-Medium-Eggs/dp/B074QX4K49/ref=sr_1_10?crid=1E2QJW9TUIM1M&dib=eyJ2IjoiMSJ9.7Yjzr9nlBzrIKgA_VjtcrFEP_oqsup8L1K8qLq3jMkvoR5OpxpTbKgMBvqp8dOYh0Skev0yL6CxnWuj4s2DOu9bHn3feLMHNogr-2-MhWJtPmYceHfelyeu2C8YxSL23oYOkJ5sL6NOtkZ3Qf2ta-qQmRB1-hoS6nri7GdgwyGqmc3NcWhSst09adNVxdiJGa8TxDiWrGaAERboy0kgFikdGT_GyxTBiRb9sUtpN19I.weEtBEP_NjbstLt-THah34mTKLbcz1BeagRBo7AZSSs&dib_tag=se&keywords=fresh+eggs&qid=1785737130&s=samedaystore&sprefix=mil%2Csamedaystore%2C348&sr=1-10
Amazon,B00TNWEN18,Vital Farms Pasture-Raised Large Eggs 12ct,Vital Farms,12,Large,Unknown,A,false,Pasture-Raised,687,0,6.69,7.217510917030568,8.69,687,687,https://www.amazon.com/Vital-Farms-Alfresco-Pasture-Raised/dp/B00TNWEN18/ref=sr_1_10?crid=1E2QJW9TUIM1M&dib=eyJ2IjoiMSJ9.7Yjzr9nlBzrIKgA_VjtcrFEP_oqsup8L1K8qLq3jMkvXplujHD2HD2TLyyWHAQYvCWGtJUd-UFBPLPa3Vl0_uG0BgpEmzlPTN3owdKyZRKytXJboSbNkmZx449YQ0mYGMOCRy8yocCLNWcYOu13s3LciP0oV25n8xfjZPjpZXlDVP8dCAG0dNXVi9Cw2z_aE6V_MCLyHlaTs7p7Nom-2qfiHyL8vprgNoYgkfJ4IO8o.Fu5HoE9puu2SHlVjsfs6L948cHJzPIrpPaAMkwWPgWw&dib_tag=se&keywords=fresh+eggs&qid=1785737098&s=samedaystore&sprefix=mil%2Csamedaystore%2C348&sr=1-10
Amazon,B01AXSVFQQ,Vital Farms Organic Pasture-Raised Large Eggs 18ct,Vital Farms,18,Large,Unknown,A,true,Pasture-Raised,668,0,9.48,13.49868263473054,16.13,668,668,https://www.amazon.com/Vital-Farms-Pasture-Raised-Organic/dp/B01AXSVFQQ/ref=sr_1_10?crid=1E2QJW9TUIM1M&dib=eyJ2IjoiMSJ9.4HQPSnwMw4z3CTdZ76IP6yr5xCdIVNwqR7TFRVWoMX43AYL4kyI2dfYYuLYhpKKXV6tuSpJeVOh79wFZtSplMhVugpVPHf5aHock9LCXk3REvKocHmcyzzMdiDzY9Ry5LdOjbHTBqkPfZYuCP-pEXUKkhMQ73LG6M93G4dMNoetN54Wg_GiByFLMImmmRtIT3ccV5aPz0JaUJm9t-hWKTtOa9-Q_V8-oL6VPL_M0Vfs.7xzbTzKAj4Nh37-g87aJjlvX6K7S5WL7AD49bb2xH68&dib_tag=se&keywords=fresh+eggs&qid=1785734315&s=samedaystore&sprefix=mil%2Csamedaystore%2C348&sr=1-10
Amazon,B074H5HJ32,"365 by Whole Foods Market, Outdoor Access, Non-GMO, Large Brown Grade A Eggs, 12 Count (1 Dozen)",365 by Whole Foods Market,12,Large,Brown,A,false,Free-Range,635,0,3.78,5.299338582677165,5.63,635,635,https://www.amazon.com/365-Whole-Foods-Market-Outdoor/dp/B074H5HJ32/ref=sr_1_10?crid=1E2QJW9TUIM1M&dib=eyJ2IjoiMSJ9.9RNfehJugXSJPFLFP6RUpFqPc75Bagqgomg-CMmQlFIXb9qMxLLj325uv5VKIzMfiw3KMyvdVNjO47lAUCAMJLmu2wjx7wSd98KPtOf6Rv0yMlYPPnYCZfRrLc7-dkv-_0X-ddCyO_zJxYFEN_eXWv6C15XaI8EXoUE8_9rEqflFmb3N1o6MsHATm7yVOLy4F967uK564r7mp0QKYVM5KabnI1AvWCVm0CRwf-Zv9wI.sE3tPt42QNKx53vK9XQmXvXPvv-Ou-9lB4O9OL0ijW4&dib_tag=se&keywords=fresh+eggs&qid=1785738646&s=samedaystore&sprefix=mil%2Csamedaystore%2C348&sr=1-10
Amazon,B00M1QWODW,Vital Farms Organic Pasture-Raised Large Eggs 12ct,Vital Farms,12,Large,Unknown,A,true,Pasture-Raised,560,0,6.08,9.381589285714284,11.49,560,560,https://www.amazon.com/Vital-Farms-Pasture-Organic-Raised/dp/B00M1QWODW/ref=sr_1_1?crid=1E2QJW9TUIM1M&dib=eyJ2IjoiMSJ9.QJSo40baR7HrMyaoYnsZ6jVzpmSUA_DEKeyj7Dk7wg3tBFaP6XXzq7aCdvGZu9VLTd77GczTVVXwIcsxSYOI6oIpLmpu2KPqh69ZU0WkVf9X2Eo1ugZxIKFrvm1BGVpLD2gi4f4EBTsvcjLWOumNJuBxj6_Ki30S2id0MO3FchWi0b-8ybdgCVszidFNl_uHTPWgEew41sNfuCb7Rr97LKgCVi4kJzkL7SkLiJ1Z5Sc.2gKD2Y0i1_r07G8y9efa7GoU9757GDsADPt16svjYjc&dib_tag=se&keywords=fresh+eggs&qid=1785733212&s=samedaystore&sprefix=mil%2Csamedaystore%2C348&sr=1-1
Amazon,B08RMGWT9F,"365 by Whole Foods Market, Organic, Outdoor Access, Large Brown Grade A Eggs, 18 Count",365 by Whole Foods Market,18,Large,Brown,A,true,Free-Range,534,0,6.99,7.40629213483146,7.49,534,534,https://www.amazon.com/365-WFM-Organic-Large-Brown/dp/B08RMGWT9F/ref=sr_1_10?crid=1E2QJW9TUIM1M&dib=eyJ2IjoiMSJ9.BYQOFPY-dG1toAUe-hRz1i-z2vNdwImIW-mVvzG1aPkhAwzAvnNmBXwZCN3at-p-P335_Zirdr_4HOoYD6-FhtbQG968ZalQL88pXxo5k1_OHoqyXB_u2yoCrUwdjqtTKwMrSu-AIkqSK6cIm7-zswwTh_1dwJkqq_EfGcgRVpH5EOiR1YsLvxAf3_dyLQtQ_-ruCVjzifE5v6prIGWrJtSy9CBVrrTNwJfcO80L5v4.6pTTJoIkNZZwXYZ0V2eaHmjehu1ZlTZdbN04ecOo5U4&dib_tag=se&keywords=fresh+eggs&qid=1785740150&s=samedaystore&sprefix=mil%2Csamedaystore%2C348&sr=1-10
Amazon,B07Z131SQB,"Vital Farms Xl Grade A Eggs, 12 Count",Vital Farms,12,Extra Large,Unknown,A,false,Pasture-Raised,478,0,5.08,7.641087866108787,9.19,478,478,https://www.amazon.com/Vital-Farms-Pasture-Raised-Extra-Large/dp/B07Z131SQB/ref=sr_1_10?crid=1E2QJW9TUIM1M&dib=eyJ2IjoiMSJ9.9RNfehJugXSJPFLFP6RUpMHcXIwP_HwlnqxQGvBzODRsl0HE9jWE8ehF0Ku5fBz3q1b5Io7wquXYQbSjujGAhcb3moA0wALXA5DfIrCs_ehKFwBgv6AYNgVGbO0UyE19ADLTj0uuYW5PpntnVXboONxyAd1kGh9hrFl84pqX_wLNLT5EBCyRNYvpSpv8homoyQ0ojVG3Rv5v44YNVO0yi4S6AfZFRV0KP2UPiXcWewM.yRDBly1lWvhuuII605kqmVUJrpR6R9gMZPqI8wq_p64&dib_tag=se&keywords=fresh+eggs&qid=1785737131&s=samedaystore&sprefix=mil%2Csamedaystore%2C348&sr=1-10
Amazon,B00CIZCUSA,"Organic Eggs Free Range Large Brown, 6 Count",Unknown,6,Large,Brown,A,true,Free-Range,463,0,2.48,3.2480519480519483,4.09,463,462,https://www.amazon.com/Organic-Valley-Free-Range-Large-Brown/dp/B00CIZCUSA/ref=sr_1_10?crid=1E2QJW9TUIM1M&dib=eyJ2IjoiMSJ9.DDhTw4Yhf2HU2I3dfVg5LhJMS6JOuljnVpAA7DWko9GZa1tWfzkS7fEX5uiOBoya3Jodgw05GjSXsXn3keESEfDASHk4EwR_ZBSKjDKzFyCItpHYJ7ypatmENeErS-e9y496ySfa6w2_aHTsG07P2CpLzGeOseluS8tdvSI_EZDPJXCHbw57-MLA5uscEo6jOQVnjOPAypUqB-10eEFaBdmEPFW1H_cWJtvKDDMnsY4.390Cq5uNEQ001owKe2ynPS6HMl3Yqv-Qjiyq9G5gGUE&dib_tag=se&keywords=fresh+eggs&qid=1785734345&s=samedaystore&sprefix=mil%2Csamedaystore%2C348&sr=1-10
Amazon,B00A445BW4,"Eggland's Best, Large Cage Free Brown Eggs, 1 dozen",Eggland's Best,12,Large,Brown,A,false,Cage-Free,461,0,3.57,4.76472885032538,6.99,461,461,https://www.amazon.com/Egglands-Best-Large-Brown-dozen/dp/B00A445BW4/ref=sr_1_10?crid=1E2QJW9TUIM1M&dib=eyJ2IjoiMSJ9.4HQPSnwMw4z3CTdZ76IP6yr5xCdIVNwqR7TFRVWoMX5C_LD3JLHAQ9a_2wMGRmZvxlq2B1NuZE2QWd6oXT9bXJViAZjVgh5POMUQPI_dtKjfsqYgJsJWJN4H0_Uk-whCu7CJPtcr6yV1u3jdXhKwK73GCbvt218LdwAKow5fUGrMeTazYsGYhUckPGAQJTmBG742MzLJ-7edXNhmRh2lAWtyLTtlRJorpNqO6Gnjkfo.JaAoZa9XSskIbv-zKg4Hn8BhSGH3LbsvTEg3J46J1-w&dib_tag=se&keywords=fresh+eggs&qid=1785734315&s=samedaystore&sprefix=mil%2Csamedaystore%2C348&sr=1-10
Amazon,B0FBNH228J,"Amazon Grocery, Pasture-Raised Large Brown Eggs, Grade A, 12 Ct",Amazon Grocery,12,Large,Brown,A,false,Pasture-Raised,459,0,3.74,4.106013071895425,4.16,459,459,https://www.amazon.com/Amazon-Grocery-Pasture-Raised-Large-Brown/dp/B0FBNH228J/ref=sr_1_10?crid=1E2QJW9TUIM1M&dib=eyJ2IjoiMSJ9.Ei3jSp_PVa1Lqnx4p70x7VO56SUvXLI-mLpQ2apluoaas_Oux_JJUZO5G3j2drc7Ynx2BiqwA8816CRHF-KT7-twaI6Pt5AkkoSukkQ-0lG9TY_w9SF_L0VoT_dsbms51HDKZDa0s6SwDuKbaNA3d3JsvUYIffSW01YCJdENnltjF52JRkYDax5HPGlBriObBXb6AgbBKEf1DjJ2u4YeS13k8IW_06zKHTQ5CYKjsZY.iAb_OFSj7gQNhZHafAGV5B6dIg_umNeagNFzDXnmLLs&dib_tag=se&keywords=fresh+eggs&qid=1785736476&s=samedaystore&sprefix=mil%2Csamedaystore%2C348&sr=1-10
Amazon,B0FBNVS43Q,"Amazon Grocery, Cage-Free Extra Large White Eggs, Grade A, 12 Ct",Amazon Grocery,12,Extra Large,White,A,false,Cage-Free,458,0,2.59,2.59,2.59,458,458,https://www.amazon.com/Amazon-Grocery-Cage-Free-Extra-Large/dp/B0FBNVS43Q/ref=sr_1_1?crid=1E2QJW9TUIM1M&dib=eyJ2IjoiMSJ9.CgZH3NdKI7MZ6DnnEbyDli33x7DHponU3Y7Htkujoo9bVFHb0xaEdU2rhtstlHt3HBOpTeZh2rlRkql0HDMtPDlZWvN1AMTs7ZTnoNzmaq83dHZjsWoCLzq--l0cDeD0MOCRy8yocCLNWcYOu13s3LciP0oV25n8xfjZPjpZXlDaIlpDBr7GHLZomHgnBIvzJN07vZgpSx21sxNYJURJEdTEU3aOVwIj-qH-xasKjWs.tp_aJUdQ_p47HulrVEVngd35vKEdaZ1-WSkOdM_on6g&dib_tag=se&keywords=fresh+eggs&qid=1785737597&s=samedaystore&sprefix=mil%2Csamedaystore%2C348&sr=1-1
Amazon,B00F0ZNK8E,"Pete and Gerry's, Organic Brown Large Grade A Eggs, 12 Count",Pete & Gerry's,12,Large,Brown,A,true,Conventional/Unspecified,363,0,5.49,7.455096418732783,8.29,363,363,https://www.amazon.com/Pete-Gerrys-Organic-Range-Grade/dp/B00F0ZNK8E/ref=sr_1_10?crid=1E2QJW9TUIM1M&dib=eyJ2IjoiMSJ9.4J64lDa46vEBRWDfhCp1MggJ_BsGtxDseboFga9itCL-gg1P78SK9GyXpE27qyJ4KOALPbUk8JeO3-v2FocOv6cjT0TnfHsDbKRu8Bm_M-KAC_rCcNk-orU4HiQliZH3yYnu7IdMx29mti-dc-S1Bxi6JBJsbnWmbpxWtrMvVk9BatEOpMRAZmEB7nNWv3hvH1miDrgbW2BnwEPQfQi1cghTnA2qy8QCFwn_t6zojD0.z7Cxy979v7LfzAhZSVHx58M_Ah3IevS711rpxle4ONQ&dib_tag=se&keywords=fresh+eggs&qid=1785736323&s=samedaystore&sprefix=mil%2Csamedaystore%2C348&sr=1-10
Amazon,B01NB0OLPT,Vital Farms Pasture-Raised Large Eggs 6ct,Vital Farms,6,Large,Unknown,A,false,Pasture-Raised,345,0,2.78,3.9476231884057973,4.86,345,345,https://www.amazon.com/Vital-Farms-Pasture-Raised-Eggs-Count/dp/B01NB0OLPT/ref=sr_1_11?crid=1E2QJW9TUIM1M&dib=eyJ2IjoiMSJ9.7Yjzr9nlBzrIKgA_VjtcrFEP_oqsup8L1K8qLq3jMkvoR5OpxpTbKgMBvqp8dOYh0Skev0yL6CxnWuj4s2DOu9bHn3feLMHNogr-2-MhWJtPmYceHfelyeu2C8YxSL23oYOkJ5sL6NOtkZ3Qf2ta-qQmRB1-hoS6nri7GdgwyGqmc3NcWhSst09adNVxdiJGa8TxDiWrGaAERboy0kgFikdGT_GyxTBiRb9sUtpN19I.weEtBEP_NjbstLt-THah34mTKLbcz1BeagRBo7AZSSs&dib_tag=se&keywords=fresh+eggs&qid=1785737130&s=samedaystore&sprefix=mil%2Csamedaystore%2C348&sr=1-11
Amazon,B00AR7HCMK,"Eggland's Best, Large Organic Brown Eggs, 12 count (Pack of 1)",Eggland's Best,12,Large,Brown,A,true,Conventional/Unspecified,338,0,4.88,6.393461538461538,7.99,338,338,https://www.amazon.com/Egglands-Best-Large-Organic-Brown/dp/B00AR7HCMK/ref=sr_1_10?crid=1E2QJW9TUIM1M&dib=eyJ2IjoiMSJ9.BVhHztVlXJ5ap7Z94S4hcoQT2-0sWEO72N7w6_q3_EH3QalaM9nyQSTbBAVH99l7yZluldiZ3LJ3pqll3-JNsbHAEr5mw8l8KekDtOayQIxtOKyNVJJ8BfjHnrN0dj7JCj-VWHj8wpT3rhQOfWBIArEjqsnmVFn5FPOXybaLVtD3_IMfMO2VQIMR6vWvALh77zMLjtIMd2Bx-mvp90mPDHV7VopdhSIASM3SmsUFX7Q.7MtWBZDFRib8BCFO3DTzdHO4x6sUt1JDh971kMs-ils&dib_tag=se&keywords=fresh+eggs&qid=1785734608&s=samedaystore&sprefix=mil%2Csamedaystore%2C348&sr=1-10
Amazon,B0F79YKZKH,"Amazon Grocery, Cage-Free Large White Eggs, Grade A, 12 Ct",Amazon Grocery,12,Large,White,A,false,Cage-Free,334,0,2.29,2.29,2.29,334,334,https://www.amazon.com/Amazon-Grocery-Cage-Free-Large-White/dp/B0F79YKZKH/ref=sr_1_1?crid=1E2QJW9TUIM1M&dib=eyJ2IjoiMSJ9.MXCF8gm8XNsy-HM624lSmModHHyDSry_crRl80-KjXIzJJXX3yH-srLMCstnwDkYhgbD9QvIIel_geCm2OeR9yQ2-2dI_RPbhF-TEQErQpWBDHpvlDvrlL0aM7btKeylz67MIZujDdT8Hp8gKTOaGAfsovdV6u0L-LrSuEUX64xnNAdVplz7EK7Q3B3iZQXQwZsgWmel13CDE5PKQtghbYS6AfZFRV0KP2UPiXcWewM.5LjHWJ-Y8DeuewZOcDxcfW2hYaX8WsuPjY7_8UkXRDg&dib_tag=se&keywords=fresh+eggs&qid=1785739721&s=samedaystore&sprefix=mil%2Csamedaystore%2C348&sr=1-1
Amazon,B0F79Y9HR6,"Amazon Grocery, Cage-Free Large Brown Eggs, Grade A, 12 Ct",Amazon Grocery,12,Large,Brown,A,false,Cage-Free,321,0,2.99,2.99,2.99,321,321,https://www.amazon.com/Amazon-Grocery-Cage-Free-Large-Brown/dp/B0F79Y9HR6/ref=sr_1_10?crid=1E2QJW9TUIM1M&dib=eyJ2IjoiMSJ9.Ei3jSp_PVa1Lqnx4p70x7VO56SUvXLI-mLpQ2apluoYbO9bRNEB_SmCwNeBuuC7JSjUzf_MKz7wpJXvvJvKiRLy8woYx2xbgwMo2rR03SnjGxwXrR4kC0FZUa6APqqm4D4ykeFQa79oI7uKITdu4Fi2GDHm3XwNJMV9VsYoyC0Cmc3NcWhSst09adNVxdiJGyx7wLAYUqyGytgMAL_EomXjj76fUorAlLOOUA6GG-GE.0PI4h6RKTEAXqa84tfs1sZP6zRWVGKZfYUWpDMt6I9k&dib_tag=se&keywords=fresh+eggs&qid=1785735317&s=samedaystore&sprefix=mil%2Csamedaystore%2C348&sr=1-10
Amazon,B0F79Y7SGK,"Amazon Grocery, Cage Free Large White Eggs, Grade A, 18 Ct",Amazon Grocery,18,Large,White,A,false,Cage-Free,296,0,3.79,3.7899999999999996,3.79,296,296,https://www.amazon.com/Amazon-Grocery-Large-White-Grade/dp/B0F79Y7SGK/ref=sr_1_10?crid=1E2QJW9TUIM1M&dib=eyJ2IjoiMSJ9.uWZ9nJCp7sjw8j9hDjKJA9eGDVS4i6VOuQhi71S1kyOZa1tWfzkS7fEX5uiOBoyaKo-Sv4JLSbAu0CDlcDoelIwgohC7kLwA1EfWIfSKD-ONZd6p1RxGeFR1T5kePNDrXOCidLiFHEQzUJ4nIU7EXIb96_PHsLpTe4Vqq4oWEcy7yReUuj1TG3eZ3sg9ZipBYGr6X48xeHsrz0Vuz2BUaA057_lsvAQdPjrVZttuLwk.Avcws6JsQrwMA-XrMyfopLxv7krwG6svuEK0i5Vt4no&dib_tag=se&keywords=fresh+eggs&qid=1785737216&s=samedaystore&sprefix=mil%2Csamedaystore%2C348&sr=1-10
Amazon,B074H5SS7M,"365 by Whole Foods Market, Organic, Outdoor Access, Large Brown Grade A Eggs, 12 Count (1 Dozen)",365 by Whole Foods Market,12,Large,Brown,A,true,Free-Range,280,0,3.99,6.211107142857142,6.99,280,280,https://www.amazon.com/365-Everyday-Value-Organic-Large/dp/B074H5SS7M/ref=sr_1_10?crid=1E2QJW9TUIM1M&dib=eyJ2IjoiMSJ9.6s4TR4mkDh2wan-lmS9Gy4gn1eLoOC9rIXhDmgnTi8biFE4yjjX8GtB_yHVKVcoGvDmdbk36ughp7R3lq_mdf0QOOtdrwgoefsgNJ6C-nX_9ic-_H2NzMSsCVhBkt9H5YsxBQR1j8zaaHpl4rtCdRuPdKH3q9EctqPQgg3E4yqRpbJ1zadkcxFd2WReOW-7QInLHVkNB-926zAfdRBfUn5EgrfCHXaD4DgMC2MpUAeE.LP4Cw1P4zYUvwwTsL3pSxTf1_3Sb-55U7CZOLaVbp9g&dib_tag=se&keywords=fresh+eggs&qid=1785740157&s=samedaystore&sprefix=mil%2Csamedaystore%2C348&sr=1-10
Amazon,B0F79TT5TQ,"Amazon Grocery, Cage Free Large Brown Eggs, Grade A, 18 Ct",Amazon Grocery,18,Large,Brown,A,false,Cage-Free,260,0,4.37,4.37,4.37,260,260,https://www.amazon.com/Amazon-Grocery-Large-Brown-Grade/dp/B0F79TT5TQ/ref=sr_1_11?crid=1E2QJW9TUIM1M&dib=eyJ2IjoiMSJ9.u2Og92gEacaOqa62GJDhPtN6Sw8HkTh6fI3jN3SEV8V0udCxLzDRptLe0z6mxpylqEsLoPIn9t3ExiR6wihxlFW0dErHMH-4lOIuo5oRoUVNSorgYUC0LHdbA2vNNAhm_S9y6ymL63lUAJbmvQF1VjBseUAWLvEIXcm3ZHnypA4HTBtE8_2np9GS6b9fC_1pHk3D6oCrh6wPCkKpyH0aMJIkSvRlmq2azYKT9x9xaxs.SYu0y7_d3ifc7is_LP1qkXnplrCoGJiycKoOLb7c9yY&dib_tag=se&keywords=fresh+eggs&qid=1785737289&s=samedaystore&sprefix=mil%2Csamedaystore%2C348&sr=1-11
Amazon,B089C8KY9D,Pete & Gerrys Organic Eggs Large 18 CT,Pete & Gerry's,18,Large,Unknown,A,true,Conventional/Unspecified,226,0,8.09,9.57849557522124,10.99,226,226,https://www.amazon.com/PETE-GERRYS-Organic-Large-Grade/dp/B089C8KY9D/ref=sr_1_10?crid=1E2QJW9TUIM1M&dib=eyJ2IjoiMSJ9.u2Og92gEacaOqa62GJDhPi-z2vNdwImIW-mVvzG1aPmIv2HYvrIyf0sslQlGqdx3u45xFamnSHfaBLiSe1MeHLE0DrJe3R7nR8IzmDV1Na8N4uhbMgs6hsqcLPWZeuXP0zOl2sBmm-o-iTR2BtSDqGP4YbZXMtTjs17u63dQHlmq62qZxDs1FZbf3oJm0-3qTnGSc5esgvWgB4sI9AAdJzkCEg1If1CsgNKi0GnOlk8.6zEuvTyYTq2ZopWq1qUYMILv3KIcULpiDGwywm7Dt2Q&dib_tag=se&keywords=fresh+eggs&qid=1785736722&s=samedaystore&sprefix=mil%2Csamedaystore%2C348&sr=1-10
Amazon,B0F8PKX2XS,Pete & Gerry's Organic Pasture Raised Eggs Large 12 Ct,Pete & Gerry's,12,Large,Unknown,A,true,Pasture-Raised,206,0,5.49,8.172135922330098,9.97,206,206,https://www.amazon.com/Pete-Gerrys-Organic-Pasture-Raised/dp/B0F8PKX2XS/ref=sr_1_10?crid=1E2QJW9TUIM1M&dib=eyJ2IjoiMSJ9.4J64lDa46vEBRWDfhCp1MggJ_BsGtxDseboFga9itCIW5DVyl7Gsh2-cXsNxAUinB2IGcmJRz4jbmnUoF4Dg00vgttTg74gH54qNl9VvBvk3pc7anVPDAlDJUG8MUu_HxaOgyG8oPfKkyGh3VndSmWFI06SuqS1lVDj1ihikDhdMsUAwP1v_WRh9zu-32Bo2KSeuqKVKm4LEuoqPDH7a55bY5VrYQcrwehi9k0SePww.PgP73dmqj7ysss1UH2_d-IHET2-a2kBAQwNPSEJhQ3Q&dib_tag=se&keywords=fresh+eggs&qid=1785735412&s=samedaystore&sprefix=mil%2Csamedaystore%2C348&sr=1-10
Amazon,B01MZHDHVM,"Vital Farms, Eggs Pasture Raised Large, 18 Count",Vital Farms,18,Large,Unknown,Unknown,false,Pasture-Raised,162,0,9.79,9.964691358024691,11.49,162,162,https://www.amazon.com/Vital-Farms-Pasture-Raised-Eggs-18/dp/B01MZHDHVM/ref=sr_1_10?crid=1E2QJW9TUIM1M&dib=eyJ2IjoiMSJ9.RNZuiI-bVgaGlnvk0MZmg_hx6XU3pJZeN3HRfjdUkegbO9bRNEB_SmCwNeBuuC7JuDNbaNtPr4D8xRMr8vYEU-td2wVXQ3zXpawdE_eJCBfIWxt0C9U7vPGRTfLcttAYWV-Qv2CG_aFC5HUa1xHAUqBq4kJoCoitGX_bp8YG9XxjzPGAQDyhDC19lM9VdtHSCEPpwO_HTGlHZEcyE1mnOPI1qWcFvwE-jvn8J-9kx98.HKiA7tf4yZFMbrraQCsy6sXbKIu_pWXN5AYX8NDtYD8&dib_tag=se&keywords=fresh+eggs&qid=1785740371&s=samedaystore&sprefix=mil%2Csamedaystore%2C348&sr=1-10-catcorr
Amazon,B0BXRHM6T5,"Amazon Grocery, Cage-Free Large White Eggs, Grade AA, 18 Ct",Amazon Grocery,18,Large,White,AA,false,Cage-Free,161,0,3.39,3.3899999999999997,3.39,161,161,https://www.amazon.com/Amazon-Grocery-Cage-Free-Previously-Packaging/dp/B0BXRHM6T5/ref=sr_1_10?crid=1E2QJW9TUIM1M&dib=eyJ2IjoiMSJ9.V-0ADs0PIUYXlZUyUKGq6MWhinsbpGgUcu73sB65IYmZa1tWfzkS7fEX5uiOBoyaTd77GczTVVXwIcsxSYOI6kcyrQ3QQflG7tWk7i3qDtjXb_sSc9sXjCc_5prX_01bhb_k7VgUVUC6yFYNTRRPiCVUyNTCsGT6lWWda5Sd9LhQ4S_5O_njuSvbuYV0XYANzYvq6Lrkn5nwH2urLAFshhb4q4Wr0MN3LINIkakMIeM.thK51pkyQeE4QLcVgzb4kLhElsoEAM590JZ9WV2uELw&dib_tag=se&keywords=fresh+eggs&qid=1785740604&s=samedaystore&sprefix=mil%2Csamedaystore%2C348&sr=1-10
Amazon,B00CIZCT5Y,"Organic Valley, Organic Free-Range Extra Large Brown Eggs - 1 Dozen (12 ct)",Organic Valley,12,Extra Large,Brown,A,true,Free-Range,161,0,7.79,7.79,7.79,161,161,https://www.amazon.com/Organic-Valley-Range-Extra-Large-Brown/dp/B00CIZCT5Y/ref=sr_1_10?crid=1E2QJW9TUIM1M&dib=eyJ2IjoiMSJ9.CgZH3NdKI7MZ6DnnEbyDlogn1eLoOC9rIXhDmgnTi8aIv2HYvrIyf0sslQlGqdx3u45xFamnSHfaBLiSe1MeHGZwq-_czHQcGr-6urXv7TRKFwBgv6AYNgVGbO0UyE19DGjomIZqd8aQ3uWtkyZ9tRDkH3gBswcJDcGOU7yLtoWXIqMeYUnwxAdeWpSYHFh49sPAmB9S0M0ACmwPqDq2fciVi6kPkLrHy-VIWylwBEQ._qzRqEA41J6-3ZOZ3ewFEKhY2qPo4disMkGtfdWr3mk&dib_tag=se&keywords=fresh+eggs&qid=1785736884&s=samedaystore&sprefix=mil%2Csamedaystore%2C348&sr=1-10
Amazon,B01AXSVFQQ,Vital Farms Organic Pasture-Raised Large Eggs 18ct,Vital Farms,18,Large,Unknown,Unknown,true,Pasture-Raised,160,0,11.79,13.493124999999997,16.79,160,160,https://www.amazon.com/Vital-Farms-Pasture-Raised-Organic/dp/B01AXSVFQQ/ref=sr_1_10?crid=1E2QJW9TUIM1M&dib=eyJ2IjoiMSJ9.CXeoEJCojt2jyRznkft6BbtaNX_5QGzWi2-T80aLt9T2XUk9YF5oPV6QNa7I2mqxVxQH0zEzWaKiVp3CkBbWQEs2i6A7ef2UhfTbzUFGxh30p1UJAKh_aM1ccOAJEvh870XxrcFjJBErUlQ8XSPX36C22XkymXZ7ZGeY1WAqKFSw1_hQgW0JWQbYR0Ecj6ATYZBDslfo5d77nf9PRhdAATtrWG2Ci2ShCJTSsf9Yyiw.fhFDUmjJTq9Q1a1tY9bQewy58xUu11vVFT9YsEzMsf8&dib_tag=se&keywords=fresh+eggs&qid=1785740017&s=samedaystore&sprefix=mil%2Csamedaystore%2C348&sr=1-10
Amazon,B0DG9S9456,"Amazon Grocery, Cage-Free Extra Large White Eggs, Grade A, 12 Ct",Amazon Grocery,12,Extra Large,White,A,false,Cage-Free,158,0,1.78,2.5488607594936705,2.59,158,158,https://www.amazon.com/Amazon-Grocery-Cage-Free-Grade-White/dp/B0DG9S9456/ref=sr_1_10?crid=1E2QJW9TUIM1M&dib=eyJ2IjoiMSJ9.RNZuiI-bVgaGlnvk0MZmg_hx6XU3pJZeN3HRfjdUkegbO9bRNEB_SmCwNeBuuC7JIvkUP2RyUG7g1Tju-7U3lVdF4u7YCIXdwo6eJoDLyx1fhX8wY_mZg7c6tgE0NmoX-UyR3HHXSBKCdi615CEMZaWkRzH1zJ8HrQCnLxbDftpNYmB14HHAwfJlGwDPJq4H2rDGLvXs7naMu9OtIpMsqpAN0szIYWKwsIiahf4P4WE.I55oaLshPLXJURGoMvlWo1X4q937AnmgIxdC9rl1R28&dib_tag=se&keywords=fresh+eggs&qid=1785740505&s=samedaystore&sprefix=mil%2Csamedaystore%2C348&sr=1-10-catcorr
Amazon,B0BXRKWBRC,"Amazon Grocery, Cage Free Large White Eggs, Grade AA, 6 Ct",Amazon Grocery,6,Large,White,AA,false,Cage-Free,153,0,1.08,1.2872549019607844,1.29,153,153,https://www.amazon.com/Amazon-Brand-Happy-Belly-Large/dp/B0BXRKWBRC/ref=sr_1_10?crid=1E2QJW9TUIM1M&dib=eyJ2IjoiMSJ9.CXeoEJCojt2jyRznkft6BTYaFu7r1ERfyQCwoIqtBDcbO9bRNEB_SmCwNeBuuC7JmfbQOg5GtW_ZgQNCz0pispDRacrtmGwcA058rNJFbgChrm5TKHURmiN35ehn5VcaWy89KaplMveVbTE67cxXXjmvfioteYdtR0-7BV1PZ9TVA3ZX-RA07xoAH5G5VeoGpdBQHAm_12Rmt4MqpX5GlqoGYjTmvVEC_kGwKwo-Yrc.2FZKZsnv2ymY1T9yS3uIKPDvN0w5Yr7JWTNjPd1hU5U&dib_tag=se&keywords=fresh+eggs&qid=1785740346&s=samedaystore&sprefix=mil%2Csamedaystore%2C348&sr=1-10
Amazon,B0D63R9QVQ,"Amazon Grocery, Cage-Free Grade A White Eggs, Extra Large, 12 Count",Amazon Grocery,12,Extra Large,White,A,false,Cage-Free,150,0,2.59,2.59,2.59,150,150,https://www.amazon.com/Amazon-Grocery-Extra-Large-White/dp/B0D63R9QVQ/ref=sr_1_1?crid=1E2QJW9TUIM1M&dib=eyJ2IjoiMSJ9.GSYUie0obQcy20lQeYpkuXClRkfUM4OZWUa46CD9elIlHmwO4S1l9WG4UpnT0gIK5uzVSLAJXdFLchDrX4nOObPucZNdwdOuMAVdUfwG6L6S0_r1BDY4J3aVXvRog-7X-2Z1IbVyTdftfqE0Bm3f3pSyv5krfGftV2uLymmHTs0rg-tYvvGKswrynhhgun38ct04wshg3-vNdSl5Y-sICW48vO9vEE4YuTbgtg-E5EE.4zztKcL7MpIVCALU0UG0bn2GT-3IM1JLmA5-9AV5Wz4&dib_tag=se&keywords=fresh+eggs&qid=1785734325&s=samedaystore&sprefix=mil%2Csamedaystore%2C348&sr=1-1
Amazon,B0D642VLMP,"Amazon Grocery, Pasture Raised Grade A Brown Eggs, Large, 12 Ct",Amazon Grocery,12,Large,Brown,A,false,Pasture-Raised,149,0,4.16,4.16,4.16,149,149,https://www.amazon.com/Amazon-Grocery-Pasture-Raised-Large/dp/B0D642VLMP/ref=sr_1_10?crid=1E2QJW9TUIM1M&dib=eyJ2IjoiMSJ9.9CkI7zxk_Gc0kzdAPhOvl53omTyj3ajpSTRhq-noopkbO9bRNEB_SmCwNeBuuC7JUsA_cGkYHlFISXeHfHdWKoGQrM780hQ9-XLiT3CIx1UXzcGRW5abmUE9cekBtBlowFDh8rSc4NNHcPFysd3Whfy5mVZjm_Awhlzrd-TQP4L_CWaRxuoDWvs6L62D0JlGTnGSc5esgvWgB4sI9AAdJ-Lv2yozBOKxEybErl-vLC8.M1U-WhxO9E7vRQYFz4bXVO_TrtoJZDk9qiVjz8stMeM&dib_tag=se&keywords=fresh+eggs&qid=1785733544&s=samedaystore&sprefix=mil%2Csamedaystore%2C348&sr=1-10
Amazon,B00M1QWODW,Vital Farms Organic Pasture-Raised Large Eggs 12ct,Vital Farms,12,Large,Unknown,Unknown,true,Pasture-Raised,149,0,6.08,8.783557046979865,13.69,149,149,https://www.amazon.com/Vital-Farms-Pasture-Organic-Raised/dp/B00M1QWODW/ref=sr_1_10?crid=1E2QJW9TUIM1M&dib=eyJ2IjoiMSJ9.CXeoEJCojt2jyRznkft6BaHcsiZS0-J31Dks0iQmDocPFOV6N7aV01u9PtoD3SHwO7HzpVn5sPe_UqufRIKrveBL8KlFMLdCgFvprSUe07CoGyDC02_dy1hlw5U6oz8n7W5-tcPyHyVc18r5YQMvE7IlmsM2d83ikf3V3VER7LsvCU1O1vRN6XrVW2_8_kqAQAJP1fU8Ny6Nv13pbt0qvlB0DYQud5_tTxvCbRZfpjg.LDm1qExnRpxuHv6AvvFm8YUBNflpt0PDe2CvmCRFKtE&dib_tag=se&keywords=fresh+eggs&qid=1785740009&s=samedaystore&sprefix=mil%2Csamedaystore%2C348&sr=1-10
Amazon,B074H73HVJ,"365 by Whole Foods Market, Large White Grade A Eggs, 12 ct",365 by Whole Foods Market,12,Large,White,A,false,Conventional/Unspecified,148,0,2.99,3.9818918918918924,4.39,148,148,https://www.amazon.com/365-Whole-Foods-Market-Large/dp/B074H73HVJ/ref=sr_1_10?crid=1E2QJW9TUIM1M&dib=eyJ2IjoiMSJ9.4J64lDa46vEBRWDfhCp1MmKzsjOIML76G0RqvUTVROrG7khbVeSWGENEPc04AtycD6tRtjM386MEuP5XPqqB6UvgttTg74gH54qNl9VvBvlS8dH4C30UHUNdQRKqMf76g7EmCVqfnzUTLU7fj9ms7qkAZqcCTVtLK3dHt_BqMU4XOU5yZDXsx8ZZFC_95-UdF84d6jwAL_dtXZLLg4Iqcqnk21uFrMwWmmrGBBGuGUg.UAvfP4vKFJ4ibeCZ5QMhwsFsVkCmnOxad-gdy04BAl8&dib_tag=se&keywords=fresh+eggs&qid=1785735269&s=samedaystore&sprefix=mil%2Csamedaystore%2C348&sr=1-10
Amazon,B097FTJC3F,Vital Farms Organic Pasture-Raised XL Eggs 12ct,Vital Farms,12,Extra Large,Unknown,A,true,Pasture-Raised,145,0,5.98,9.514275862068965,12.49,145,145,https://www.amazon.com/Vital-Farms-Organic-Pasture-Raised/dp/B097FTJC3F/ref=sr_1_10?crid=1E2QJW9TUIM1M&dib=eyJ2IjoiMSJ9.u2Og92gEacaOqa62GJDhPmWpmHqzs0EjL9iH-l78YLQ10Lh19wTm89NtTHRJwc9C0qW62RLch5s0TPv8WzffczN4pHhNO98lcny253s-hUZrkiCKaJH0q5uEw-13UBnAsbyugeouIUaNeLBh7ve6vypLzGeOseluS8tdvSI_EZCZn6DInokDfdF43ltehZUB9sPAmB9S0M0ACmwPqDq2fciVi6kPkLrHy-VIWylwBEQ._szXneAVaRTJVCHFHnyRX5bj6lhOESJx1THRk_yMrK4&dib_tag=se&keywords=fresh+eggs&qid=1785739731&s=samedaystore&sprefix=mil%2Csamedaystore%2C348&sr=1-10
Amazon,B0BXRMLYZN,"Amazon Grocery, Cage Free Large White Eggs, Grade AA, 1 Dozen",Amazon Grocery,12,Large,White,AA,false,Cage-Free,139,0,2.29,2.29,2.29,139,139,https://www.amazon.com/Amazon-Fresh-Large-Previously-Packaging/dp/B0BXRMLYZN/ref=sr_1_10?crid=1E2QJW9TUIM1M&dib=eyJ2IjoiMSJ9.RNZuiI-bVgaGlnvk0MZmg_hx6XU3pJZeN3HRfjdUkegbO9bRNEB_SmCwNeBuuC7JuDNbaNtPr4D8xRMr8vYEU-td2wVXQ3zXpawdE_eJCBfIWxt0C9U7vPGRTfLcttAYgFg-8sNBbj2VHv9l-pT_qDaeH3KstS7hvAl7Gc5hfV2hHUfodkBFgj51YAYD9yhRElYFW85Int4we0QU3lqDh7KLRzxT3SpKyf9rwvXcr2M.bMkPdpmdjnahXRlSJfWzGgWSE5DqreYgCiws0r_-8wg&dib_tag=se&keywords=fresh+eggs&qid=1785740369&s=samedaystore&sprefix=mil%2Csamedaystore%2C348&sr=1-10-catcorr
Amazon,B0D8BYLLMG,"Pete & Gerrys, Eggs Large Grade A Pasture, 18 Count",Pete & Gerry's,18,Large,Unknown,A,false,Pasture-Raised,137,0,8.99,9.6407299270073,9.99,137,137,https://www.amazon.com/GERRYS-Large-Grade-Pasture-Raised/dp/B0D8BYLLMG/ref=sr_1_10?crid=1E2QJW9TUIM1M&dib=eyJ2IjoiMSJ9.4J64lDa46vEBRWDfhCp1MmKzsjOIML76G0RqvUTVROoB9rEQPtR3Hvbz6BylIhc_sATNCzNewxmH6yCB-oTtAiwhtSPIf4HJG1waWSGjuQrGVid6AVfzIP22gQ_peRejcg9j4PKutk5Gxy-llb7MwjABmdAZUaDLaFnmRl6aI2KbzL-fWJpfzsb2GQqXluTqTVPSOBP-usAbNRLVvboZPZ57FjcNU8BpvD12xKgc_bU.2t-5gPqQw-HHrrqQxFujUS4AVKbks5CeXpYKwXn2u_w&dib_tag=se&keywords=fresh+eggs&qid=1785735362&s=samedaystore&sprefix=mil%2Csamedaystore%2C348&sr=1-10
Amazon,B09T8B31Q3,"Organic Valley Pasture Raised Eggs, 12 ct",Organic Valley,12,Unknown,Unknown,A,true,Pasture-Raised,136,0,5.58,7.919117647058823,7.99,136,136,https://www.amazon.com/Organic-Valley-0093966811636-Pasture-Raised/dp/B09T8B31Q3/ref=sr_1_10?crid=1E2QJW9TUIM1M&dib=eyJ2IjoiMSJ9.KgC4iQ36Gh8aKUonWfTmpQ-hs9_rNfO7tTGguimRjk_aYRYiHmsbpKoDl3kYxABfcnr0zFrpK1ynmSNNK88ktVHhQGtK2hfwZDaWwy1OhMyGUKB4eNevMRuEFqoOrjHzpQ-8bPX-sSjwA2Gq-3PqposNptgbD0x5CqTS22JpPJcBp8wLM5TDpQvPppZWrKjxfgWp7PCs8gYcwbcMJxKZW248vO9vEE4YuTbgtg-E5EE.7tIcsYvPjGdmRnPmIs9G-FSvt5g477UAPoytNiXzca8&dib_tag=se&keywords=fresh+eggs&qid=1785736572&s=samedaystore&sprefix=mil%2Csamedaystore%2C348&sr=1-10
Amazon,B07ZS6WCZG,"Amazon Grocery, Cage-Free Brown Eggs, Grade A, 18 Ct",Amazon Grocery,18,Unknown,Brown,A,false,Cage-Free,135,0,4.37,4.37,4.37,135,135,https://www.amazon.com/Amazon-Grocery-Cage-Free-Previously-Packaging/dp/B07ZS6WCZG/ref=sr_1_10?crid=1E2QJW9TUIM1M&dib=eyJ2IjoiMSJ9.DaFG04CgpW8Iy4WqIC2Xlmj40iIj-OXec8mq1e-2sViBagP5EXv7eKF-SlraopIstLiDsNHWnnEuOjk1nKWXyMhzRq023zZjVLlYaZoS4C-kM7fZW4g7OBCvdI7KkRvsvQiDb1dXDChMEc5Hpqy0gcszOFtT3kuj0DVEOalEuDL663ZijZnuYD-Mf9vuQaTLcbbL3CN24qbO47Qc3MJy3DIuDRXEq5eVWpmSFaH8fas.-F-Nen1oj9buvU14sq1WA_Ge24FBwYxYX_P-K_UVw-A&dib_tag=se&keywords=fresh+eggs&qid=1785734574&s=samedaystore&sprefix=mil%2Csamedaystore%2C348&sr=1-10
Amazon,B00TNWEN18,Vital Farms Pasture-Raised Large Eggs 12ct,Vital Farms,12,Large,Unknown,Unknown,false,Pasture-Raised,127,0,6.69,6.8884251968503944,7.39,127,127,https://www.amazon.com/Vital-Farms-Alfresco-Pasture-Raised/dp/B00TNWEN18/ref=sr_1_10?crid=1E2QJW9TUIM1M&dib=eyJ2IjoiMSJ9.CXeoEJCojt2jyRznkft6BZh3ucHABVDx4b2M_C-V2igkCdndQJeDo7fXhXIj_izqLfF_Us4hwi8AQRrXY45KeuaItk54gspGswX6LVLrs9qhrm5TKHURmiN35ehn5VcaLqhnTnolxj0c8EkSyRkIcRM5u1l7j-HMcRh7QqC37l86quCKT1NewVX9TxcleI6IKMfQ0zBpSSuFj2_AqXSkpl4JPT-P4S3c5qSYbphcOzE.jegXyqbGUE7y-hmRNZrjypbMyNXSVYgyC7jSB3IpQQk&dib_tag=se&keywords=fresh+eggs&qid=1785740441&s=samedaystore&sprefix=mil%2Csamedaystore%2C348&sr=1-10
Amazon,B0BXRKRF93,"Amazon Grocery, Cage Free Large Brown Eggs, Grade AA, 1 Dozen",Amazon Grocery,12,Large,Brown,AA,false,Cage-Free,125,0,2.99,2.99,2.99,125,125,https://www.amazon.com/Amazon-Fresh-Large-Previously-Packaging/dp/B0BXRKRF93/ref=sr_1_10?crid=1E2QJW9TUIM1M&dib=eyJ2IjoiMSJ9.CXeoEJCojt2jyRznkft6BaHcsiZS0-J31Dks0iQmDodrTjtguu58LeqMz4EUUX2ai2kJjUFoYaFyX4dUDyzNR7_lKfESB7Dhs46nmkk1kg2aVrtPe8ruvpFISd7hDjPWu3bILe3WiCLyOGgrMf4mAW4fO7pQjHOR633H68u0NgCTpJLKJCG1RRad39ceooiCkEB_U3zURD0WsxKXZx4Ar6t_VBG78719PUO509OeUBM.yZrt0RIAVKmj1sal3bkPO570UzNNU5lZJGQGsnhaeBw&dib_tag=se&keywords=fresh+eggs&qid=1785739987&s=samedaystore&sprefix=mil%2Csamedaystore%2C348&sr=1-10
Amazon,B074H51H99,"365 by Whole Foods Market, Cage-Free Non-GMO Extra Large Brown Grade A Eggs, 12 ct",365 by Whole Foods Market,12,Extra Large,Brown,A,false,Cage-Free,116,0,3.49,5.325086206896551,5.84,116,116,https://www.amazon.com/365-Everyday-Value-Cage-Free-Non-GMO/dp/B074H51H99/ref=sr_1_10?crid=1E2QJW9TUIM1M&dib=eyJ2IjoiMSJ9.f0yQs6aItZw1S6G-c-AmyHtHkfTDozrrzjYbU802B1oKD_t5zy-caS2IeAs7ruwH7bcgJe1kyEaEfBR-N3EzchCIGUyEftJm4FBhflvXGFtQBxhMU0h49QXbZtvIEdtu30eGq1-2R28R-V4g5FvebXjiC2gaazzDMmRiSJUD7pLapDj0g6V8I7GyX0FgYIgkXQX2tIKeX12GtEoV_OFabdvk_f9NiC1_iUX4bRIVC9Y.ED4OIQ4N4ZtunBFRjJz-6Q2lbLKTWIXfeS52Q6gzbqg&dib_tag=se&keywords=fresh+eggs&qid=1785735880&s=samedaystore&sprefix=mil%2Csamedaystore%2C348&sr=1-10
Amazon,B0DS2T6S31,"Whole Foods Market Pasture Large Brown Grade A Eggs 12 Count, 12 CT",Unknown,12,Large,Brown,A,false,Conventional/Unspecified,108,0,5.79,5.814074074074074,5.99,108,108,https://www.amazon.com/Whole-Foods-Market-Pasture-Large/dp/B0DS2T6S31/ref=sr_1_10?crid=1E2QJW9TUIM1M&dib=eyJ2IjoiMSJ9.BVXKpMn3DIkJE4tuQHvoQevTMbBi7ArmbLvoQbr4H3-304KJx837PTCmT3m_YxoVJR6aJZyEPbRl5y7LiIt3fbTrNMjvn3XRKptqrVi7aXgmAslwYhMR1Lzv8TkXfSkL2oa_m6kSquBEri-3W5-rgwnH58vgSncimrwcE4-Od31XcwF07dIr-OpNVEcScyLjUV4CXrOiYHDVzNeuPn-kBIKB88chJDuh0o4Je3Xb0MY.9dk4WDgxvMI0FJ3o1SqYL5vKovUnQ6Zmn34zGViwa74&dib_tag=se&keywords=fresh+eggs&qid=1785735383&s=samedaystore&sprefix=mil%2Csamedaystore%2C348&sr=1-10
Amazon,B00CIZCSIM,"Organic Valley Organic Free-Range Large Brown Eggs, 12 Count",Organic Valley,12,Large,Brown,Unknown,true,Free-Range,106,0,6.66,7.4743396226415095,7.49,106,106,https://www.amazon.com/Organic-Valley-Free-Range-Large-Brown/dp/B00CIZCSIM/ref=sr_1_10?crid=1E2QJW9TUIM1M&dib=eyJ2IjoiMSJ9.CXeoEJCojt2jyRznkft6BTYaFu7r1ERfyQCwoIqtBDcbO9bRNEB_SmCwNeBuuC7JmfbQOg5GtW_ZgQNCz0piskuOzBtf9uEI-h6kZFunJ_tmjIy1qiUqcqhyoqfIBWeRNEp3exsaKU9oQn6WBlU00IwZZztzbnto7_J0iTcpQiJiGf8sCTUdYn_GH31rFKsILXsVPmvpuCnI46O14EqM_YvppCn0IBErSZNMNKk7tTg.Id5Pwhk_fOaONZAU2rhVvH8SbE7jPibtAh2IzFziTSA&dib_tag=se&keywords=fresh+eggs&qid=1785740094&s=samedaystore&sprefix=mil%2Csamedaystore%2C348&sr=1-10
Amazon,B07LCSHS6B,"Happy Egg Large Brown Organic Free Range Eggs, Grade A Eggs-12ct",Happy Egg,12,Large,Brown,A,true,Free-Range,102,0,4.38,7.5300980392156855,9.69,102,102,https://www.amazon.com/Happy-Organic-Range-Grade-Large/dp/B07LCSHS6B/ref=sr_1_11?crid=1E2QJW9TUIM1M&dib=eyJ2IjoiMSJ9.OLpfJkNVgqhwkroLsjyvZZh3ucHABVDx4b2M_C-V2ihY0C472bHgh-PU0eUH6eCmVksmdR4qTQecBbO-3KLhq6ZXImC5Me8-LWnEzboP4OGBDHpvlDvrlL0aM7btKeylpHioAfdwbPxGpc699wQvUQlGOU11BXlJjBadxhWenoMxw4j0VMAFM1WEODwCdl2ndNcDMqYu2MzA193gC-IAyJ4Yp5olW4BRJvLjFkY0Nu4.60PPgGBvXveMtUi077dEhoxQPvHCpkV8a62amDBABNA&dib_tag=se&keywords=fresh+eggs&qid=1785740314&s=samedaystore&sprefix=mil%2Csamedaystore%2C348&sr=1-11
Amazon,B07PKX183J,"365 by Whole Foods Market Large Brown Grade A Eggs 12 Count, 12 CT",365 by Whole Foods Market,12,Large,Brown,A,false,Conventional/Unspecified,100,0,1.39,2.512,4.39,100,100,https://www.amazon.com/365-EVERYDAY-VALUE-Brown-Grade/dp/B07PKX183J/ref=sr_1_2?crid=1E2QJW9TUIM1M&dib=eyJ2IjoiMSJ9.P44apqjEiJCUdMMgLmwgCGecUIlMyl4zRyJI7MZPS6oMA21wQMIBO_CrmyHAuwlOzXhp_JylUDlmQFCcWZnVKyfkvcdg12noG0dvZUyaucRAXA8c_iM9DnNGheafQBEotniKSstzWfvdF2e0nrfgSaiDrypDE3q-76dIw81EcYIkeo9AN1oMF-BHmVZKyFgObppRZF6p9kqlxrHOmjgYa1NQEjoGtXRW_qrg8AZSV-g.wN-OZSheI_ItZgnpFoewndplZKIWzz02fkZt8fyHJRI&dib_tag=se&keywords=fresh+eggs&qid=1785734719&s=samedaystore&sprefix=mil%2Csamedaystore%2C348&sr=1-2
Amazon,B0CQKMFBKR,"365 by Whole Foods Market Large Brown Grade A Eggs 18 Count, 18 CT",365 by Whole Foods Market,18,Large,Brown,A,false,Conventional/Unspecified,100,0,3.93,4.7072,5.99,100,100,https://www.amazon.com/365-Whole-Foods-Market-Large/dp/B0CQKMFBKR/ref=sr_1_10_us_f3_0o_wf?crid=1E2QJW9TUIM1M&dib=eyJ2IjoiMSJ9.9RNfehJugXSJPFLFP6RUpCSulyPf2j-e3AP3l08YvFaWMKKk2CUzaZCCNO13J43BjC-oc7380aNGnxh83oY5F-2Yg5_BQ6-U6PBFfUkwpJ014fAVGxSSxmd1AGiaXDdPpu_KZpLMqTBjA5rF7MoCUvLhtjci3bwfiCn1w6CIpGLPqRFfOuDRd4oQLPgENtApeVx1cUvZKnezAbc0dOkSpun7XYg3i4sf9EVsPYDpAmk.HR7ViP17F4NMZqzbd2_SmkcE-ali0QwN3TLTXOaT4-s&dib_tag=se&keywords=fresh+eggs&qid=1785735805&s=samedaystore&sprefix=mil%2Csamedaystore%2C348&sr=1-10
Amazon,B00F0ZNJYE,"Nellie's Free Range Large Eggs, 12 Count",Nellie's,12,Large,Brown,A,false,Free-Range,100,0,5.99,6.2312,6.99,100,100,https://www.amazon.com/Nellies-Free-Range-Large-Grade-Brown/dp/B00F0ZNJYE/ref=sr_1_10?crid=1E2QJW9TUIM1M&dib=eyJ2IjoiMSJ9.4HQPSnwMw4z3CTdZ76IP6yr5xCdIVNwqR7TFRVWoMX6FCD6Un-2DqLfvqTDs_gTw61dN8RE7aqrcTziaOSB_ixVugpVPHf5aHock9LCXk3SUQY5Silza7MRGL4B9DIQKR_tLMpv3HGqYzhsYGdyd0r3GCbvt218LdwAKow5fUGouN85tneGj5UaM7qXBQG_TOER8ICks6zE21BSeGXFLio-xXpQauj4VYIhbXTtsaaM.f-2pyTbxd5M55oeodXqBl6huNmVXKOC6QyoImGqA5zA&dib_tag=se&keywords=fresh+eggs&qid=1785733806&s=samedaystore&sprefix=mil%2Csamedaystore%2C348&sr=1-10
Amazon,B074H67H6B,"365 by Whole Foods Market, Large White Grade A Eggs, 12 ct",365 by Whole Foods Market,12,Large,White,A,false,Cage-Free,99,0,3.99,4.266767676767677,4.49,99,99,https://www.amazon.com/365-Everyday-Value-Cage-Free-Large/dp/B074H67H6B/ref=sr_1_10?crid=1E2QJW9TUIM1M&dib=eyJ2IjoiMSJ9.4J64lDa46vEBRWDfhCp1MmKzsjOIML76G0RqvUTVROqO3fqZpc4mqGAxg-qoj-07qfGwtyWE0HqIX-r0m6o1EWoCjFhwefE1ywpkkB0YdFDhJ-tRnXPEsFSBk6nKpnGMoLiJYlxbaE78hJ30kLrNhR9b95Gu-tUfbNQoch6S3jB5w3zUPYKGmzYYWF5kL7Cx1AckIkcnYz_1ijln2hwgUUKUQyStesom4IFdrVKVdCA.9m1tM2VKM6M-UizKRgav41Po-oaKfYuNJeXn2NhF1r0&dib_tag=se&keywords=fresh+eggs&qid=1785737591&s=samedaystore&sprefix=mil%2Csamedaystore%2C348&sr=1-10
Amazon,B01DW7IENC,"Nest Fresh Large Brown Grade A Pasture Raised Eggs 12ct, 12 CT",Unknown,12,Large,Brown,A,false,Pasture-Raised,99,0,6.48,6.792828282828283,7.1,99,99,https://www.amazon.com/NestFresh-Pasture-Raised-Large-Brown/dp/B01DW7IENC/ref=sr_1_10?crid=1E2QJW9TUIM1M&dib=eyJ2IjoiMSJ9.BVXKpMn3DIkJE4tuQHvoQX_ipg7PzNLx11FJ287Qo2b9JElOtc1EYKM-pLBum6IvkdATVRRBeiT85vlVEg8zy5jnN7a2Gi73VKreJnopl1LY0nkuNQNDRB-7AcAolr337aV2H7qj5c_3C5-YbwPLm0f1ehoGkTg1bNv3OhRft-i4PrE7Zfz-PZ-S_4J7ft4JfMVqknF5c-F0EaN-_Wug1pRZ4p7n-KOe3Sk4YXpdyJA.0IDlnHynatI_eCgHqMphy67RLcbkbv1Ukubqq6ZUYqc&dib_tag=se&keywords=fresh+eggs&qid=1785735287&s=samedaystore&sprefix=mil%2Csamedaystore%2C348&sr=1-10
Amazon,B07Z131SQB,"Vital Farms Xl Grade A Eggs, 12 Count",Vital Farms,12,Extra Large,Brown,A,false,Pasture-Raised,98,0,5.98,7.980515463917526,10.49,98,97,https://www.amazon.com/Vital-Farms-Pasture-Raised-Extra-Large/dp/B07Z131SQB/ref=sr_1_10?crid=1E2QJW9TUIM1M&dib=eyJ2IjoiMSJ9.-GgkAgiP9NgBmyMBhDsln8HcXIwP_HwlnqxQGvBzODTbhzUYtKgiGOExuSSNQZ96zsWyS-YSz4cb-4tuXPhRNFz5pc0lH9xlAKR3-j0vQFFCxntG0njpuX7UC8EnzcBSFom1oAIns1T74S_1CpNIH_vhrNAgeFO8pjWBuY1lOMrw-7q81R5M59Lwwb4BtnbKX5Q-piAzYHK0_Mre1Knemm48vO9vEE4YuTbgtg-E5EE.9U4xupEerCdpXD4SaRxn0SHo8DkADnh4pnigsozUUrk&dib_tag=se&keywords=fresh+eggs&qid=1785735879&s=samedaystore&sprefix=mil%2Csamedaystore%2C348&sr=1-10
Amazon,B07PHP7CF8,"365 by Whole Foods Market Extra Large Brown Grade A Eggs 12 Count, 12 CT",365 by Whole Foods Market,12,Extra Large,Brown,A,false,Conventional/Unspecified,96,0,3.26,4.6355208333333335,4.99,96,96,https://www.amazon.com/365-Everyday-Value-Brown-Extra/dp/B07PHP7CF8/ref=sr_1_10?crid=1E2QJW9TUIM1M&dib=eyJ2IjoiMSJ9.pEyXPMBrwe7LnB6yJM9AxGKzsjOIML76G0RqvUTVROoClxymhEzQzsJCHQ9EO9vVjC-oc7380aNGnxh83oY5F-2Yg5_BQ6-U6PBFfUkwpJ3H77rk7wxuEKUMjwJOZztH36JQRudqH84li5spqOAy9cnJFX6MDXxgc4Kxp0JsnQjSL_B-xQrfRkazG4LPq0b8dbhO2JzlAMbHyOtCoKFYejqd-cXZdnYw-6Gje7Fhngc.13zkwErIN5Dq_thlEoHP9pf0N5vURtk1xAhxvbKndYY&dib_tag=se&keywords=fresh+eggs&qid=1785738895&s=samedaystore&sprefix=mil%2Csamedaystore%2C348&sr=1-10
Amazon,B0F2PZCHGH,"Amazon Grocery, Cage Free, Medium White Eggs, 18 Ct",Amazon Grocery,18,Medium,White,Unknown,false,Cage-Free,94,0,3,3,3,94,94,https://www.amazon.com/Amazon-Grocery-Cage-Medium-White/dp/B0F2PZCHGH/ref=sr_1_10_us_f3_0o_fs?crid=1E2QJW9TUIM1M&dib=eyJ2IjoiMSJ9.CXeoEJCojt2jyRznkft6BUnJJqcT2mPmLAwiT82mEo8iYvM0psd2BJxHWF-co10nVNDb6zK5D5iny2vrLprrGB9f4d_AdzMbfv7B3kPLtetmjIy1qiUqcqhyoqfIBWeRTX64V8GSjpCo52tbiRdFayjuA67u1VOBv6t0r9WSTqFJu0ZX8xFNgjLXlEtFP0rHot3z3w8IncPqc36pATykXsDGv9ik7sCqLMehMwbz3nY.NxWE9-nVVry41UDOmyhNtOjfwcudzYrPVBj3a8VgkxM&dib_tag=se&keywords=fresh+eggs&qid=1785740056&s=samedaystore&sprefix=mil%2Csamedaystore%2C348&sr=1-10
Amazon,B07GBM7TZJ,"Amazon Grocery, Cage-Free Large White Eggs, Grade A, 1 Dozen",Amazon Grocery,12,Large,White,A,false,Cage-Free,94,0,2.29,2.29,2.29,94,93,https://www.amazon.com/Amazon-Brand-Happy-Belly-Cage-Free/dp/B07GBM7TZJ/ref=sr_1_12?crid=1E2QJW9TUIM1M&dib=eyJ2IjoiMSJ9.DDhTw4Yhf2HU2I3dfVg5LhJMS6JOuljnVpAA7DWko9GZa1tWfzkS7fEX5uiOBoyaDzHmaLTTDDzmG259MRWB-J6V3ZZOth8OWa-vqvsNvHK9m0aSgHFs25g3d31uPLm2ArD-Iie96TMKc4nZar2_CpBwH8lgxJwMNb-dIzpT2-sTighP8Avll8Tut3LpaG3CE0dQy30e9pksT1UzAD-6KDhpaO2MTfY0JimYrZK55I4.6kImP_x6S2iiCoAE__DmJD-wOFoL1t4WOc3U0HFwW0E&dib_tag=se&keywords=fresh+eggs&qid=1785734276&s=samedaystore&sprefix=mil%2Csamedaystore%2C348&sr=1-12
Amazon,B09R9Q47LJ,"New Barn, Organic Large Pasture Raised Eggs, 12 Count",Unknown,12,Large,Unknown,A,true,Pasture-Raised,94,0,7.68,8.363085106382979,8.99,94,94,https://www.amazon.com/Organic-Large-Pasture-Raised-Count/dp/B09R9Q47LJ/ref=sr_1_10?crid=1E2QJW9TUIM1M&dib=eyJ2IjoiMSJ9.4J64lDa46vEBRWDfhCp1MggJ_BsGtxDseboFga9itCJQPYGimHzPwgY1Dg0hJ6Ux0uXnwmOWQQaG98JvPaxZr3Zbt5shEYuntqy0dwsTaUKjn_9WXXczxKN74OsXtxHGB8XD4ogNm-mrU8P7TuDtTGdCNFDs4zLpggXvbQydyyH0DriGvktH9hvbLy8eBb5_oFwL6r9rOjWgVMLvKdhdXtvk_f9NiC1_iUX4bRIVC9Y.uVIQ6lw4PeKqDGFqEqXTAkYLf5KKZs1DiYP34nbMFWE&dib_tag=se&keywords=fresh+eggs&qid=1785737790&s=samedaystore&sprefix=mil%2Csamedaystore%2C348&sr=1-10
Amazon,B01MZHDHVM,"Vital Farms, Eggs Pasture Raised Large, 18 Count",Vital Farms,18,Large,Brown,A,false,Pasture-Raised,90,0,9.79,10.832696629213483,14.99,90,89,https://www.amazon.com/Vital-Farms-Pasture-Raised-Eggs-18/dp/B01MZHDHVM/ref=sr_1_1?crid=1E2QJW9TUIM1M&dib=eyJ2IjoiMSJ9.9RNfehJugXSJPFLFP6RUpFqPc75Bagqgomg-CMmQlFIXb9qMxLLj325uv5VKIzMfiw3KMyvdVNjO47lAUCAMJLmu2wjx7wSd98KPtOf6Rv0yMlYPPnYCZfRrLc7-dkv-_0X-ddCyO_zJxYFEN_eXWv6C15XaI8EXoUE8_9rEqflFmb3N1o6MsHATm7yVOLy4F967uK564r7mp0QKYVM5KabnI1AvWCVm0CRwf-Zv9wI.sE3tPt42QNKx53vK9XQmXvXPvv-Ou-9lB4O9OL0ijW4&dib_tag=se&keywords=fresh+eggs&qid=1785738646&s=samedaystore&sprefix=mil%2Csamedaystore%2C348&sr=1-1
Amazon,B0849MZ45Y,"Vital Farms, Large Grade A Eggs, 12 Count",Vital Farms,12,Large,Unknown,A,false,Conventional/Unspecified,89,0,7.39,7.956292134831461,9.19,89,89,https://www.amazon.com/VITAL-FARMS-Large-Grade-Eggs/dp/B0849MZ45Y/ref=sr_1_10_us_f3_0o_wf?crid=1E2QJW9TUIM1M&dib=eyJ2IjoiMSJ9.4bgYEUaXq3RMDQA1oeTBKC-z2vNdwImIW-mVvzG1aPmRmS1gZlfFG6z0Nu_m5yUZJqfqfwqZoYLAAsQduZqRHhvmgE-N6rIuJGWkGC6pW92hATXhScju5nRPN3T-3iCA1bGJHAhlP6lEK470TO4Ze5Ecyutk8AWa7tAIUlhQHtT8IlfhtIcVPkoONlLeCU2phHN4GNcQaQzKgFARWmpcCpabNUusv0r4nNcczHLDRpI.QmZ16deKYfuXYMB6tnGwRk-KKgS2_Hltb3g2v15X8CQ&dib_tag=se&keywords=fresh+eggs&qid=1785735542&s=samedaystore&sprefix=mil%2Csamedaystore%2C348&sr=1-10
Amazon,B01NB0OLPT,Vital Farms Pasture-Raised Large Eggs 6ct,Vital Farms,6,Large,Brown,A,false,Pasture-Raised,87,0,2.78,3.426976744186047,5.99,87,86,https://www.amazon.com/Vital-Farms-Pasture-Raised-Eggs-Count/dp/B01NB0OLPT/ref=sr_1_11?crid=1E2QJW9TUIM1M&dib=eyJ2IjoiMSJ9.FD9AOOJFU4dT_Fm9u6i97Ygn1eLoOC9rIXhDmgnTi8YAo0-oC_N3v_LnNPq38_Ku654Q_LnSI8_QfE6j_UKWrCB1vJCe_T1ylkVC-Ho8Rx5aPKp_nS-4QjzVMEg3SfWbHuxBsyVTloxLN7gW9_ekDTvwBhot526LNpY778FfC5LkKinyLGOxkrH9h6gszCAM7zMLjtIMd2Bx-mvp90mPDHV7VopdhSIASM3SmsUFX7Q.0FlJxBSbMHH4HQs27xgz2uEayTjx1eZ2Rcy2TuyoMco&dib_tag=se&keywords=fresh+eggs&qid=1785734393&s=samedaystore&sprefix=mil%2Csamedaystore%2C348&sr=1-11
Amazon,B074H5SRLB,"365 by Whole Foods Market Large Brown Grade A Eggs 12 Count, 12 CT",365 by Whole Foods Market,12,Large,Brown,A,false,Cage-Free,85,0,1.87,3.1954117647058826,4.79,85,85,https://www.amazon.com/365-Everyday-Value-Cage-Free-Large/dp/B074H5SRLB/ref=sr_1_13_us_f3_0o_wf?crid=1E2QJW9TUIM1M&dib=eyJ2IjoiMSJ9.CXeoEJCojt2jyRznkft6BTYaFu7r1ERfyQCwoIqtBDcbO9bRNEB_SmCwNeBuuC7JUsA_cGkYHlFISXeHfHdWKrdwMbdl4kuqwykJ91YcwsGVDyJ1OyEN5Myr7LCSdEpnmeXXhA2DS-Ppw3I1eLiGnd743U-VgRKQVylHm2rsXZZnpZ5KFiDKhNJs-dSzcFe8zipG7xlFoP2PszUjn1FJVLOb5rQ3JSFHxBMUwfpuRGc.1d6nhZ34RWKpB8R-19aD0XzjtsZdtBkRKTl6rV4WxRw&dib_tag=se&keywords=fresh+eggs&qid=1785740078&s=samedaystore&sprefix=mil%2Csamedaystore%2C348&sr=1-13
Amazon,B00A445BW4,"Eggland's Best, Large Cage Free Brown Eggs, 1 dozen",Eggland's Best,12,Large,Brown,Unknown,false,Cage-Free,79,0,4.99,5.258354430379748,8.19,79,79,https://www.amazon.com/Egglands-Best-Large-Brown-dozen/dp/B00A445BW4/ref=sr_1_10?crid=1E2QJW9TUIM1M&dib=eyJ2IjoiMSJ9.6s4TR4mkDh2wan-lmS9Gy0VjiF7CS6ka-eRNasCtIvWgbRfMfWrgz0qfPpcRJD2d813WyJAQTFaEPZ-Ib03YcSOqQS39AvRW1gxGGLa2ekYEZY0Q0cgU9HiEx5JVDQlsu7CJPtcr6yV1u3jdXhKwK4wZZztzbnto7_J0iTcpQiIEiCkgjkVc-BjYVe_YJkE3SsCTG9ff1VgkTqR3LKEVg_iHyL8vprgNoYgkfJ4IO8o.Hz51parEcnJGZo7DObMeiDIREK2T3Z0te-ioOVGGmsw&dib_tag=se&keywords=fresh+eggs&qid=1785740018&s=samedaystore&sprefix=mil%2Csamedaystore%2C348&sr=1-10
Amazon,B07ZS7B3VM,"Amazon Grocery, Cage-Free Large White Eggs, Grade A, 18 Ct",Amazon Grocery,18,Large,White,A,false,Cage-Free,77,0,3.39,3.3900000000000006,3.39,77,77,https://www.amazon.com/Amazon-Fresh-Cage-Free-Previously-Packaging/dp/B07ZS7B3VM/ref=sr_1_10?crid=1E2QJW9TUIM1M&dib=eyJ2IjoiMSJ9.DDhTw4Yhf2HU2I3dfVg5LhJMS6JOuljnVpAA7DWko9GZa1tWfzkS7fEX5uiOBoyaDzHmaLTTDDzmG259MRWB-J6V3ZZOth8OWa-vqvsNvHK9m0aSgHFs25g3d31uPLm2ArD-Iie96TMKc4nZar2_CpBwH8lgxJwMNb-dIzpT2-sTighP8Avll8Tut3LpaG3CE0dQy30e9pksT1UzAD-6KDhpaO2MTfY0JimYrZK55I4.6kImP_x6S2iiCoAE__DmJD-wOFoL1t4WOc3U0HFwW0E&dib_tag=se&keywords=fresh+eggs&qid=1785734276&s=samedaystore&sprefix=mil%2Csamedaystore%2C348&sr=1-10
Amazon,B089C8JT7B,"Vital Farms, Egg Large Organic, 18 Count",Vital Farms,18,Large,Unknown,A,true,Conventional/Unspecified,76,0,13.49,14.854473684210527,15.49,76,76,https://www.amazon.com/Vital-Farms-Large-Organic-Count/dp/B089C8JT7B/ref=sr_1_10_us_f3_0o_wf?crid=1E2QJW9TUIM1M&dib=eyJ2IjoiMSJ9.4bgYEUaXq3RMDQA1oeTBKC-z2vNdwImIW-mVvzG1aPmRmS1gZlfFG6z0Nu_m5yUZ8JuGRfpEHYst3eEVfGYXrpefWWfZ_RbZMziXTr5OHXF5JlhDZuUZc7EyGVH5VokNh78WMIDYS-OvJkqldLiTbmN2NkGKLZvdJnbYv1tVtPxep0N_xzXyckwdVLZxhwIrMVQfsmSD-XCCDf550ThBNJabNUusv0r4nNcczHLDRpI.421WaacAFPEvlE0hNF0JDcxMV-u_olkWHqAPVSASOP0&dib_tag=se&keywords=fresh+eggs&qid=1785735597&s=samedaystore&sprefix=mil%2Csamedaystore%2C348&sr=1-10
Amazon,B0F8PKX2XS,Pete & Gerry's Organic Pasture Raised Eggs Large 12 Ct,Pete & Gerry's,12,Large,Brown,A,true,Pasture-Raised,75,0,5.49,7.019333333333334,8.29,75,75,https://www.amazon.com/Pete-Gerrys-Organic-Pasture-Raised/dp/B0F8PKX2XS/ref=sr_1_12_us_f3_0o_wf?crid=1E2QJW9TUIM1M&dib=eyJ2IjoiMSJ9.g0Qd0LNYTeKD7xL7WsuFGNN6Sw8HkTh6fI3jN3SEV8X_LpiMBLSMaxk1yd0CU0zhZR2Ni6iRfVKP5M-chCQ62T0rbjT9odyL3-eiJ_VanK_dfz77BLa20HlkWtREGvE6WyP9HC31FSiTbZ8Aig3fmDlC0vN43MOe8arLw4UHKc7_Z359sBd3UON4l_rHJz7SCa-yz8WlVabLZcWwqZRiKK5iNgs4CqutYnOYR0M-9cc.qwWUQxxwNEOnRBgEGtIQiHcENmFO1NghIuEUpZyro-0&dib_tag=se&keywords=fresh+eggs&qid=1785733618&s=samedaystore&sprefix=mil%2Csamedaystore%2C348&sr=1-12
Amazon,B0C34DGZTL,"365 by Whole Foods Market Organic Large Brown Grade A Eggs 6 Count, 6 CT",365 by Whole Foods Market,6,Large,Brown,A,true,Conventional/Unspecified,74,0,3.49,3.9332432432432434,4.29,74,74,https://www.amazon.com/365-Whole-Foods-Market-Organic/dp/B0C34DGZTL/ref=sr_1_10?crid=1E2QJW9TUIM1M&dib=eyJ2IjoiMSJ9.4J64lDa46vEBRWDfhCp1MggJ_BsGtxDseboFga9itCL-gg1P78SK9GyXpE27qyJ4KOALPbUk8JeO3-v2FocOv1k9SrBU07d8HRuw-Xz6xA_GCp6rhC9TCTTDRR67ov_SWEJ_l_O6VJXXYcvsKHJCpx9b95Gu-tUfbNQoch6S3jAgsEA9Ig8AhzX9hjXn93gBQMLaQcliltAqi5fqlc9TSWhQmSHz-he5hxztGvLBFnw.vnGfRp6gY50IAWtVw_MPvBjce2ApdoydUcaEXElrRMk&dib_tag=se&keywords=fresh+eggs&qid=1785737580&s=samedaystore&sprefix=mil%2Csamedaystore%2C348&sr=1-10
Amazon,B089C8KY9D,Pete & Gerrys Organic Eggs Large 18 CT,Pete & Gerry's,18,Large,Brown,A,true,Conventional/Unspecified,71,0,8.09,9.487183098591549,10.49,71,71,https://www.amazon.com/PETE-GERRYS-Organic-Large-Grade/dp/B089C8KY9D/ref=sr_1_11_us_f3_0o_wf?crid=1E2QJW9TUIM1M&dib=eyJ2IjoiMSJ9.5vyrmgwbYvV9reB_obZP1ZohUeEYx5FlPtbj9X3FuWfrZ5ELlutu94DATomaNcubw8f9NS2Jsc26d1AgStX6GFCXLFeCT5tIAEHGrIM74hH5lxeMwLSE-GQeqexd21WcF-84QfYwynu0DK-abNysSeEeTf_YOATF-6oVNgSiv3z3Trq4g3iD20QQj4xjoQv8-0oZl4zTvn4hmY4nRWLzqzaPPeAtV32nxYvHSzgi14Y.l1yjMRM3-ytXIyp8GTDIdS9tPlys-hzWtxMINwrmP5k&dib_tag=se&keywords=fresh+eggs&qid=1785739772&s=samedaystore&sprefix=mil%2Csamedaystore%2C348&sr=1-11
Amazon,B074H6G85V,"365 by Whole Foods Market, Eggs Brown Omega 3 Large Organic, 12 Count",365 by Whole Foods Market,12,Large,Brown,A,true,Conventional/Unspecified,70,0,3.69,3.898285714285714,6.79,70,70,https://www.amazon.com/Whole-Foods-Market-Brown-Organic/dp/B074H6G85V/ref=sr_1_10?crid=1E2QJW9TUIM1M&dib=eyJ2IjoiMSJ9.d4l8Nhdr51ZDyDl-Q8DAmHL0nsxhfSrgoyMC003w715M8tsdfI-TUtcTl62P6STKC_B-a4wkxobpjkk9MxbftRzHiT6jf9wqMSheia4s4L4HxRldpl2vBffKSu8tfVkUy1p32ovwPDuiB7EmgmpTO0g17tu6T5QerU5n96r4PTjapDj0g6V8I7GyX0FgYIgkct04wshg3-vNdSl5Y-sICW48vO9vEE4YuTbgtg-E5EE.1sjRe2OyINgLCSK9b4KION_MfZK_zS_amGUgFDMmnQU&dib_tag=se&keywords=fresh+eggs&qid=1785737823&s=samedaystore&sprefix=mil%2Csamedaystore%2C348&sr=1-10
Amazon,B07ZS7FJ9Y,"Amazon Grocery, Cage-Free Large Brown Eggs Grade A, 6 Ct",Amazon Grocery,6,Large,Brown,A,false,Cage-Free,69,0,1.99,1.99,1.99,69,69,https://www.amazon.com/Amazon-Grocery-Large-Brown-Grade/dp/B07ZS7FJ9Y/ref=sr_1_10?crid=1E2QJW9TUIM1M&dib=eyJ2IjoiMSJ9.FD9AOOJFU4dT_Fm9u6i97Ygn1eLoOC9rIXhDmgnTi8YAo0-oC_N3v_LnNPq38_Ku654Q_LnSI8_QfE6j_UKWrCB1vJCe_T1ylkVC-Ho8Rx5aPKp_nS-4QjzVMEg3SfWbHuxBsyVTloxLN7gW9_ekDTvwBhot526LNpY778FfC5LkKinyLGOxkrH9h6gszCAM7zMLjtIMd2Bx-mvp90mPDHV7VopdhSIASM3SmsUFX7Q.0FlJxBSbMHH4HQs27xgz2uEayTjx1eZ2Rcy2TuyoMco&dib_tag=se&keywords=fresh+eggs&qid=1785734393&s=samedaystore&sprefix=mil%2Csamedaystore%2C348&sr=1-10
Amazon,B086Y3HMY5,Dutch Farms Large Cage Free Brown Eggs,Unknown,15,Large,Brown,A,false,Cage-Free,65,0,2.99,3.8853846153846154,5.99,65,65,https://www.amazon.com/Dutch-Farms-Large-Brown-15Count/dp/B086Y3HMY5/ref=sr_1_10?crid=1E2QJW9TUIM1M&dib=eyJ2IjoiMSJ9.f0yQs6aItZw1S6G-c-AmyEliHVTjaFj2JbOQ9HlicK-NFf7uDVWVh4dZtf0leJGUmyGsevGUc-nlKM2fwWlIms9s202O7izvoa4mVkNj2dF-F9iIL9KEliP5qTipD6WODOvs4dRmMha2NuYbOMkYGvvhrNAgeFO8pjWBuY1lOMrBbp-ytHysugKqxFnlZOEQkzdaSswDX76bouKvMnsvLNvk_f9NiC1_iUX4bRIVC9Y.y1Vieyc5ncSwsGsSBycMtvlEL--U_352JH05mY3usJs&dib_tag=se&keywords=fresh+eggs&qid=1785735858&s=samedaystore&sprefix=mil%2Csamedaystore%2C348&sr=1-10
Amazon,B0CQKMVGVJ,"365 by Whole Foods Market Large Brown Grade A Eggs 18 Count, 18 CT",365 by Whole Foods Market,18,Large,Brown,A,false,Conventional/Unspecified,63,0,2.99,3.6273015873015875,6.99,63,63,https://www.amazon.com/365-Whole-Foods-Market-Large/dp/B0CQKMVGVJ/ref=sr_1_10?crid=1E2QJW9TUIM1M&dib=eyJ2IjoiMSJ9.4J64lDa46vEBRWDfhCp1MmKzsjOIML76G0RqvUTVROrAqH4WlxqjGz_VKLLx3rCs9_sk1fySwm4aR7xtl42XL8f1aK6kvUF14ScQ9Svp_xWAC_rCcNk-orU4HiQliZH3vmFwXsJUIhM6-9y56qDisigW2xFWG8M85oywPISHDgUbuDM7SbN9mTMDA4NR-gbAoFwL6r9rOjWgVMLvKdhdXpi8HB9rbNtFdnr9o3_XMHc.ToMRAIf0vE8rTESwRTW_S4QjL1w5hKhih_wN2VakXTY&dib_tag=se&keywords=fresh+eggs&qid=1785736375&s=samedaystore&sprefix=mil%2Csamedaystore%2C348&sr=1-10
Amazon,B0F2PZCHGH,"Amazon Grocery, Cage Free, Medium White Eggs, 18 Ct",Amazon Grocery,18,Medium,White,A,false,Cage-Free,63,0,3,3,3,63,63,https://www.amazon.com/Amazon-Grocery-Cage-Medium-White/dp/B0F2PZCHGH/ref=sr_1_11?crid=1E2QJW9TUIM1M&dib=eyJ2IjoiMSJ9.4HQPSnwMw4z3CTdZ76IP6yr5xCdIVNwqR7TFRVWoMX43AYL4kyI2dfYYuLYhpKKXV6tuSpJeVOh79wFZtSplMkFlmg48cDBWCv90_uPcRbpXXtbOn7agTbsXu1QuBW8-rIyWJRZUHgFF0PhG9VLmGFx8ZYwzX3OTSsM8Y4Nip0YYQZ3hIm_WxfbvWRfQSOvd163QdLTaXAr5wKP4ytc96gaygvqZRrQrNLqg5Pk42vI.BeoA-_gvXYpKBqVGrt1l6VD3RlA69NqpCQPD6jEbIWo&dib_tag=se&keywords=fresh+eggs&qid=1785733761&s=samedaystore&sprefix=mil%2Csamedaystore%2C348&sr=1-11
Amazon,B074H6G77K,"365 by Whole Foods Market Organic Large Brown Grade A Eggs 12 Count, 12 CT",365 by Whole Foods Market,12,Large,Brown,A,true,Conventional/Unspecified,60,0,5.29,5.34,5.49,60,60,https://www.amazon.com/365-Everyday-Value-Organic-Large/dp/B074H6G77K/ref=sr_1_11?crid=1E2QJW9TUIM1M&dib=eyJ2IjoiMSJ9.KgC4iQ36Gh8aKUonWfTmpQ-hs9_rNfO7tTGguimRjk_aYRYiHmsbpKoDl3kYxABfGQtXJmlOWtu5SO9RzDRFRf_FHxWGIj-bYiRHwUXBy1uGUKB4eNevMRuEFqoOrjHzsT6wkvYroq2nEt4OgUj1Zfr897eDN8Heg05GzUVag3CFGgBx1EFwMiJve67zgFKyfgWp7PCs8gYcwbcMJxKZW248vO9vEE4YuTbgtg-E5EE.3WzQt_VL1PbVAOMeGWLEBp4nQ243M2UjMKJUkPSAlxo&dib_tag=se&keywords=fresh+eggs&qid=1785736579&s=samedaystore&sprefix=mil%2Csamedaystore%2C348&sr=1-11
Amazon,B07BMG33TY,"Nest Fresh Organic Large Brown Grade A Eggs, 18 CT",Unknown,18,Large,Brown,A,true,Conventional/Unspecified,60,0,10.49,10.49,10.49,60,60,https://www.amazon.com/NEST-FRESH-Brown-Large-Grade/dp/B07BMG33TY/ref=sr_1_10?crid=1E2QJW9TUIM1M&dib=eyJ2IjoiMSJ9.d4l8Nhdr51ZDyDl-Q8DAmNXfqSpH6eHA681NUPH1KamgHdrhBN2x6CPgBve-DtsFhOA_7Zk0jNbgtlm-A9-5wiirMSbv8uyIWNyBVrY0b71Dokp718l0v8oVAlAK0xt1dNy58pRSIb6Anxw4b5IJgNVdtrEv1w1_7BZV37hLanJvCPVZ6wGS2Sa4n3kN-CX0F1WV2hUnL0NPuUXyFlsFz260yN3KkPZrjin1NzsE_ec.yWcjl7eKBG36bjtw7LPOwlSUGdTqDX7M2aIV3S12ujw&dib_tag=se&keywords=fresh+eggs&qid=1785736372&s=samedaystore&sprefix=mil%2Csamedaystore%2C348&sr=1-10
Amazon,B00CIZCUSA,"Organic Eggs Free Range Large Brown, 6 Count",Unknown,6,Large,Brown,Unknown,true,Free-Range,54,0,3.49,3.49,3.49,54,54,https://www.amazon.com/Organic-Valley-Free-Range-Large-Brown/dp/B00CIZCUSA/ref=sr_1_10?crid=1E2QJW9TUIM1M&dib=eyJ2IjoiMSJ9.W34EWeQxTVxijjM4wCwh5-z3DQn0CJUGwAEhBayUxPeY9zesG-lH45Kc_C3H_TKhOD_TMgKjSXovywuZPtDvOUTmV4ui5HPLBE-YFxp_8dlNzCQLRYrX0PX3T8aF3bDRObJCKJ-uowwaR5-my7giACmsiLRqiTwBe5jjvBZPRVz2XwRoBIPliVFfwDRk__zAj6-YYYPLpw57v6Lrs0haJoS6AfZFRV0KP2UPiXcWewM.a2RC-fUdgzH_Jcj4EthXoTkaw-NQbDWmqCX_Tb2g92w&dib_tag=se&keywords=fresh+eggs&qid=1785740732&s=samedaystore&sprefix=mil%2Csamedaystore%2C348&sr=1-10
Amazon,B01AXSVFQQ,Vital Farms Organic Pasture-Raised Large Eggs 18ct,Vital Farms,18,Large,Brown,A,true,Pasture-Raised,54,0,11.79,13.473018867924527,14.99,54,53,https://www.amazon.com/Vital-Farms-Pasture-Raised-Organic/dp/B01AXSVFQQ/ref=sr_1_3?crid=1E2QJW9TUIM1M&dib=eyJ2IjoiMSJ9.9RNfehJugXSJPFLFP6RUpFqPc75Bagqgomg-CMmQlFIXb9qMxLLj325uv5VKIzMfiw3KMyvdVNjO47lAUCAMJLmu2wjx7wSd98KPtOf6Rv0yMlYPPnYCZfRrLc7-dkv-_0X-ddCyO_zJxYFEN_eXWv6C15XaI8EXoUE8_9rEqflFmb3N1o6MsHATm7yVOLy4F967uK564r7mp0QKYVM5KabnI1AvWCVm0CRwf-Zv9wI.sE3tPt42QNKx53vK9XQmXvXPvv-Ou-9lB4O9OL0ijW4&dib_tag=se&keywords=fresh+eggs&qid=1785738646&s=samedaystore&sprefix=mil%2Csamedaystore%2C348&sr=1-3
Amazon,B01NB0OLPT,Vital Farms Pasture-Raised Large Eggs 6ct,Vital Farms,6,Large,Unknown,Unknown,false,Pasture-Raised,53,0,2.78,4.8500000000000005,5.99,53,53,https://www.amazon.com/Vital-Farms-Pasture-Raised-Eggs-Count/dp/B01NB0OLPT/ref=sr_1_11?crid=1E2QJW9TUIM1M&dib=eyJ2IjoiMSJ9.CXeoEJCojt2jyRznkft6BacY9_boWqnarl4A8yuxSkOz0UL2fG9-3eLLI5PnmyQ4chXIi9L-2IVSEHHsu_mb14wKKtaiTWgyiTNRWP_lSoSe_rP6kHi7XwZO64emVhdoyxXBQF5yxEPx5XHSO7MncYjEHICEbhMxTTxsWpgKA0iyg6OjD6ZNohXtQkUROaDAp5ry2gWLBrPdvi0orqTE8BkejJHsD9-INouXZsKugaE.3z2gCrjaT4e8P9aCKX7xKKUyvdDmN0WTC9YI5Z-wpJc&dib_tag=se&keywords=fresh+eggs&qid=1785740346&s=samedaystore&sprefix=mil%2Csamedaystore%2C348&sr=1-11
Amazon,B0D8BYLLMG,"Pete & Gerrys, Eggs Large Grade A Pasture, 18 Count",Pete & Gerry's,18,Large,Brown,A,false,Pasture-Raised,50,0,9.79,9.9786,9.99,50,50,https://www.amazon.com/GERRYS-Large-Grade-Pasture-Raised/dp/B0D8BYLLMG/ref=sr_1_10?crid=1E2QJW9TUIM1M&dib=eyJ2IjoiMSJ9.4J64lDa46vEBRWDfhCp1MmKzsjOIML76G0RqvUTVROq_ROZMamnDctEX8r2wnuzSiSBdY9Raw6jKq5oMa6GlWw8LyAOO59Fns_0yem_0z8W815oouMK89Me7HNh-mYZl4rpIiVEzsIC-9EHqiEeoHnT0mMaOZavzLThFcddHj9MJal2x1IbJbNiVe5X70usllKELSAYgUYRMVQJd58HP1m48vO9vEE4YuTbgtg-E5EE._h4W_1GuBptJmaTuPiD0CMGEcvU7ac4EkH4q8CB1GPc&dib_tag=se&keywords=fresh+eggs&qid=1785733799&s=samedaystore&sprefix=mil%2Csamedaystore%2C348&sr=1-10
Amazon,B00M1QWODW,Vital Farms Organic Pasture-Raised Large Eggs 12ct,Vital Farms,12,Large,Brown,A,true,Pasture-Raised,47,0,7.99,9.89468085106383,10.99,47,47,https://www.amazon.com/Vital-Farms-Pasture-Organic-Raised/dp/B00M1QWODW/ref=sr_1_1?crid=1E2QJW9TUIM1M&dib=eyJ2IjoiMSJ9.QJSo40baR7HrMyaoYnsZ6tN6Sw8HkTh6fI3jN3SEV8VRDnx2eGilGxrucq4uIboPDzHmaLTTDDzmG259MRWB-BfWNDf8w3h5Sm70b2wl4thKFwBgv6AYNgVGbO0UyE19DGjomIZqd8aQ3uWtkyZ9tSpLzGeOseluS8tdvSI_EZAGtF8JfReEKQHRSs5rFt79oFwL6r9rOjWgVMLvKdhdXtvk_f9NiC1_iUX4bRIVC9Y.Tes1TiZab2NbAkVvYGukdqxe80wgQz7TfDrH3vI6H1Q&dib_tag=se&keywords=fresh+eggs&qid=1785733328&s=samedaystore&sprefix=mil%2Csamedaystore%2C348&sr=1-1
Amazon,B09T8B31Q3,"Organic Valley Pasture Raised Eggs, 12 ct",Organic Valley,12,Unknown,Brown,A,true,Pasture-Raised,46,0,7.99,7.99,7.99,46,46,https://www.amazon.com/Organic-Valley-0093966811636-Pasture-Raised/dp/B09T8B31Q3/ref=sr_1_11?crid=1E2QJW9TUIM1M&dib=eyJ2IjoiMSJ9.4J64lDa46vEBRWDfhCp1MmKzsjOIML76G0RqvUTVROqv_1tGuBB-LAcLxj-AHSUc0uXnwmOWQQaG98JvPaxZr1FDl8bSvlrAsYdgEUOGDAqfDBSbwmuLytyAE2S-wKhBwEv43U4dN7vH27eaIrCoh0Xj7RoyyZmdlmBwymoGxWnQG6akC3QSOGadj2l_fzZz4Kyief5gpJQqFIb30H8AOpMV23RdyrBsbDAa8vO-6yI.ec8M3Q6eELbO4D9ZfO61_XgC0GMishHEhm1b3MQJddo&dib_tag=se&keywords=fresh+eggs&qid=1785739930&s=samedaystore&sprefix=mil%2Csamedaystore%2C348&sr=1-11
Amazon,B0CQKN385P,"365 by Whole Foods Market Organic Extra Large Brown Grade A Eggs 12 Count, 12 CT",365 by Whole Foods Market,12,Extra Large,Brown,A,true,Conventional/Unspecified,44,0,4.25,4.7111363636363635,5.79,44,44,https://www.amazon.com/365-Whole-Foods-Market-Organic/dp/B0CQKN385P/ref=sr_1_11?crid=1E2QJW9TUIM1M&dib=eyJ2IjoiMSJ9.BVXKpMn3DIkJE4tuQHvoQX_ipg7PzNLx11FJ287Qo2b9JElOtc1EYKM-pLBum6IvkdATVRRBeiT85vlVEg8zy5jnN7a2Gi73VKreJnopl1LY0nkuNQNDRB-7AcAolr337aV2H7qj5c_3C5-YbwPLm0f1ehoGkTg1bNv3OhRft-i4PrE7Zfz-PZ-S_4J7ft4JfMVqknF5c-F0EaN-_Wug1pRZ4p7n-KOe3Sk4YXpdyJA.0IDlnHynatI_eCgHqMphy67RLcbkbv1Ukubqq6ZUYqc&dib_tag=se&keywords=fresh+eggs&qid=1785735287&s=samedaystore&sprefix=mil%2Csamedaystore%2C348&sr=1-11
Amazon,B074H5J381,"365 by Whole Foods Market, Organic, Outdoor Access, Omega-3, Large Brown Grade A Eggs, 12 Count (1 Dozen)",365 by Whole Foods Market,12,Large,Brown,A,true,Free-Range,44,0,6.78,6.836363636363637,7.18,44,44,https://www.amazon.com/365-Everyday-Value-Organic-Omega-3/dp/B074H5J381/ref=sr_1_12?crid=1E2QJW9TUIM1M&dib=eyJ2IjoiMSJ9.yJ7zAwqu4DEFEiFcr8OJU6a0DicGdGyhQJJ74_Gqz2sBqyuDB2JxpriJ9QUW43ofY9CWdu5AgGZaD5Znnk47kzk461BeXWCxCsL2JujBXt7CDXRmy2oeUMKa2ZbqCTyLfhGY07v7pPGhZNp7LO1Xk57lOiWzGv9oC6xnvRxJe7chd-NqoMcTqCYLFz0CijMTUPy7iOTguzJMGrQu7NCY2QmdSlsOytjuTv7G6CCI5Cs.1XhthSiTav2Q0clQZb9u9JOq55Ib3XgvFqrjMLn40mg&dib_tag=se&keywords=fresh+eggs&qid=1785740433&s=samedaystore&sprefix=mil%2Csamedaystore%2C348&sr=1-12
Amazon,B0BXRM9YTV,"Amazon Grocery, Cage Free Large Brown Eggs, Grade AA, 18 Ct",Amazon Grocery,18,Large,Brown,AA,false,Cage-Free,44,0,4.37,4.37,4.37,44,44,https://www.amazon.com/Amazon-Brand-Happy-Belly-Large/dp/B0BXRM9YTV/ref=sr_1_14?crid=1E2QJW9TUIM1M&dib=eyJ2IjoiMSJ9.jjSJBGc5H3jq-avoFt0krYgn1eLoOC9rIXhDmgnTi8YNaReAR7GpoFR5-rNVMsE0u45xFamnSHfaBLiSe1MeHDk461BeXWCxCsL2JujBXt4sc4hNbaUAcKBOhM1H5m_Cz67MIZujDdT8Hp8gKTOaGAfsovdV6u0L-LrSuEUX64wV-1WtV8Rk-zQBl2m1l3Am9-P5xSrboAV8KWXD9FpoIZ4Yp5olW4BRJvLjFkY0Nu4.0XOB2N0ksDusEIiNMkBf-OrBkcHpl4kKg7mPILWhEz4&dib_tag=se&keywords=fresh+eggs&qid=1785740347&s=samedaystore&sprefix=mil%2Csamedaystore%2C348&sr=1-14
Amazon,B08QX2Y2SS,"Organic Valley Large Brown Free Range Organic Eggs, 18 ct",Organic Valley,18,Large,Brown,Unknown,true,Free-Range,43,0,9.99,10.013255813953489,10.99,43,43,https://www.amazon.com/Organic-Valley-Grade-Large-Brown/dp/B08QX2Y2SS/ref=sr_1_10?crid=1E2QJW9TUIM1M&dib=eyJ2IjoiMSJ9.6s4TR4mkDh2wan-lmS9Gy2EUuiSNFwzfx_-1FH5RVo17oO-ubFFrFhBtHw6ekHcaG3NCHM0UdBIpRS2gJzgB_BqG4wsTcxqP3dA1xppk03UU6NQxtpk_RImx4HnHlzRTdN89ewNz_aD8xziH22h35RJL4amYAeVwxhYsJw6M5Air68vhDWbcroUy_iHzi9cNF967uK564r7mp0QKYVM5KY4y2S9uzIqndn6J_OyxwQY.tII0zO5I1YOWzwqX-vlgvHdfO17eE_bDuLGZOH_4x-0&dib_tag=se&keywords=fresh+eggs&qid=1785740159&s=samedaystore&sprefix=mil%2Csamedaystore%2C348&sr=1-10
Amazon,B097FTJC3F,Vital Farms Organic Pasture-Raised XL Eggs 12ct,Vital Farms,12,Extra Large,Brown,A,true,Pasture-Raised,43,0,7.68,8.878372093023255,11.99,43,43,https://www.amazon.com/Vital-Farms-Organic-Pasture-Raised/dp/B097FTJC3F/ref=sr_1_11?crid=1E2QJW9TUIM1M&dib=eyJ2IjoiMSJ9.9RNfehJugXSJPFLFP6RUpLG4DyBTiXFWkPaDt8XCSHkYC313Yh7kUJDMoCk8yQXhdQgz6i26RhABji4x4denHh3BpTmFWYd2EfRiGzU5wK3bccyaww7oCViXrCFwLKeyD_F_aqbvS_bqy0Af5loGkaJ8vPZb5wYWCrdZtz_CpjLkKinyLGOxkrH9h6gszCAMFvwqve3YR909k-l-jf4ovmuso1Yg5c96gLh8fOUKafM.XyQk0mF-cLGSvDtQClZ1Pw_5ShHlOHHVmOFrihWOP8w&dib_tag=se&keywords=fresh+eggs&qid=1785738834&s=samedaystore&sprefix=mil%2Csamedaystore%2C348&sr=1-11
Amazon,B07GBLQF6H,"Amazon Grocery, Cage-Free Large, Brown Eggs, Grade A, 1 Dozen",Amazon Grocery,12,Large,Brown,A,false,Cage-Free,42,0,2.99,2.99,2.99,42,42,https://www.amazon.com/Amazon-Brand-Happy-Belly-Cage-Free/dp/B07GBLQF6H/ref=sr_1_10?crid=1E2QJW9TUIM1M&dib=eyJ2IjoiMSJ9.4HQPSnwMw4z3CTdZ76IP6yr5xCdIVNwqR7TFRVWoMX43AYL4kyI2dfYYuLYhpKKXV6tuSpJeVOh79wFZtSplMkFlmg48cDBWCv90_uPcRbrGxwXrR4kC0FZUa6APqqm4dnR6snsw4Pr32QYwcTNv_lx8ZYwzX3OTSsM8Y4Nip0YYQZ3hIm_WxfbvWRfQSOvd163QdLTaXAr5wKP4ytc96gaygvqZRrQrNLqg5Pk42vI.W3XLsniw_Pb7zjZy7yArDU4RWTYNttpVwCrG99VtrDU&dib_tag=se&keywords=fresh+eggs&qid=1785733741&s=samedaystore&sprefix=mil%2Csamedaystore%2C348&sr=1-10
Amazon,B0F8PKX2XS,Pete & Gerry's Organic Pasture Raised Eggs Large 12 Ct,Pete & Gerry's,12,Large,Unknown,Unknown,true,Pasture-Raised,37,0,5.49,7.435945945945946,7.49,37,37,https://www.amazon.com/Pete-Gerrys-Organic-Pasture-Raised/dp/B0F8PKX2XS/ref=sr_1_10_us_f3_0o_wf?crid=1E2QJW9TUIM1M&dib=eyJ2IjoiMSJ9.6s4TR4mkDh2wan-lmS9GyzzdMF27bNeccE9EnBgXP5T2XUk9YF5oPV6QNa7I2mqx7t6AEOmHCwOuj7CuoUynJIGQrM780hQ9-XLiT3CIx1VU_Fiu6SZdV2rAwgz0Dx0TD0E5LFCqnzMPeHcKyHq_O6DloW3STfPem6f-MW7NGjnYTaUokKoYGtZz3-AkGAHLcxgjdKpNsdEQ5ZfHC0Ga5Y7Ka32zbKEFd-iLh-uRwwA.0yuFoXex-EkcC_sKqGbc9h9rNCn4up12lz5ypD2s92M&dib_tag=se&keywords=fresh+eggs&qid=1785740011&s=samedaystore&sprefix=mil%2Csamedaystore%2C348&sr=1-10
Amazon,B0CQKNRKPW,"365 by Whole Foods Market Organic Extra Large Brown Grade A Eggs 12 Count, 12 CT",365 by Whole Foods Market,12,Extra Large,Brown,A,true,Conventional/Unspecified,35,0,5.31,5.991142857142857,6.07,35,35,https://www.amazon.com/365-Whole-Foods-Market-Organic/dp/B0CQKNRKPW/ref=sr_1_10?crid=1E2QJW9TUIM1M&dib=eyJ2IjoiMSJ9.pxCcY5UYz4-7A-UR_k8QpQgEMmYf-tqFaKubimmT-yxbUyj6sinZd726Q6c6yEDJERpwknALk0OMFtZjwaHlsqr8EfapKN4if7Qp6ETTQqACIT4du7ztrcVqhM414kz-W-70JIB3XMXI63bnRuQcSLvWjjy3rd-Ykxlb38T7IkMMbtx-iKDSKzNeZaH5lFoGct04wshg3-vNdSl5Y-sICW48vO9vEE4YuTbgtg-E5EE.T94YZ2qvCd8iO0RqNPhK8z4zkh6WXjnM2dufOaqQZoE&dib_tag=se&keywords=fresh+eggs&qid=1785737555&s=samedaystore&sprefix=mil%2Csamedaystore%2C348&sr=1-10
Amazon,B0CMR34FPS,Dutch Farms Large A Organic Brown Eggs 12ct,Unknown,12,Large,Brown,A,true,Conventional/Unspecified,34,0,4.99,4.99,4.99,34,34,https://www.amazon.com/Dutch-Farms-Large-Organic-Brown/dp/B0CMR34FPS/ref=sr_1_14?crid=1E2QJW9TUIM1M&dib=eyJ2IjoiMSJ9.UziLx0zwTiEFzNuYSBo4-Cbz9CSm3IG9a5OunXr05JWMYkhzqHy9L2EANik3tx27J6QGjPO5-vI7BiHaSUnGASy__R0itfGS4Fb-Zj1htH3MU7svvx48J738FlhErlHn0nOVtyR0zrE5XkzGVdypGbvKckaaspCatJi3CFK6MOVQOCHBeKmxAHpsDVsf0daUgIjNprJwRf9xW8dU7Ne9Hm6F-BdjGRIAOWpkAegdsMM.Wca21BRuxJeCkVgi4yHC8l3MXO-26Jnzso9rOim7ibM&dib_tag=se&keywords=fresh+eggs&qid=1785737921&s=samedaystore&sprefix=mil%2Csamedaystore%2C348&sr=1-14
Amazon,B09R9Q47LJ,"New Barn, Organic Large Pasture Raised Eggs, 12 Count",Unknown,12,Large,Brown,A,true,Pasture-Raised,34,0,8.49,8.534117647058824,8.99,34,34,https://www.amazon.com/Organic-Large-Pasture-Raised-Count/dp/B09R9Q47LJ/ref=sr_1_10?crid=1E2QJW9TUIM1M&dib=eyJ2IjoiMSJ9.4J64lDa46vEBRWDfhCp1MmKzsjOIML76G0RqvUTVROq304KJx837PTCmT3m_YxoVUO6UsTDSsjl0DhIymg-2b5UN6QQ5g4u12qTPh0NxdgkXMWmnWDx7WumZbF-QmqAjcuAHH5--tE69eghr6uX0GGdCNFDs4zLpggXvbQydyyELvEykDjRQZh84EqRJiOJ16AHgesKclGzHNcay5Z1hmm48vO9vEE4YuTbgtg-E5EE.H-DkuJnR0Dn_6EOSXJtVX-TUnTOExytlpsRiHql4W4A&dib_tag=se&keywords=fresh+eggs&qid=1785740820&s=samedaystore&sprefix=mil%2Csamedaystore%2C348&sr=1-10
Amazon,B09T8B31Q3,"Organic Valley Pasture Raised Eggs, 12 ct",Organic Valley,12,Large,Brown,A,true,Pasture-Raised,32,0,5.58,7.6134375,7.99,32,32,https://www.amazon.com/Organic-Valley-0093966811636-Pasture-Raised/dp/B09T8B31Q3/ref=sr_1_10?crid=1E2QJW9TUIM1M&dib=eyJ2IjoiMSJ9.4J64lDa46vEBRWDfhCp1MmKzsjOIML76G0RqvUTVROq5-ljv2jibuMLfGCyxeS1wH1gD1LXw1bxoq9H97PTpZU9TUb2_mmU2mRhudifO9GLsaNYu6mdmhcMiyfokBJlE9qgdL3hVH4FWlSt9xSiOeJBwIanMEIK2IO553aXdzKRM-Cdz__fw3D5nQykYUHjhlKELSAYgUYRMVQJd58HP1m48vO9vEE4YuTbgtg-E5EE.cAcDbyn34Hnon0OsOXMmAF_0rJNoqwdWVZBoq_nC9e0&dib_tag=se&keywords=fresh+eggs&qid=1785740861&s=samedaystore&sprefix=mil%2Csamedaystore%2C348&sr=1-10
Amazon,B00AR7HCMK,"Eggland's Best, Large Organic Brown Eggs, 12 count (Pack of 1)",Eggland's Best,12,Large,Brown,Unknown,true,Conventional/Unspecified,31,0,6.99,7.01258064516129,7.69,31,31,https://www.amazon.com/Egglands-Best-Large-Organic-Brown/dp/B00AR7HCMK/ref=sr_1_11?crid=1E2QJW9TUIM1M&dib=eyJ2IjoiMSJ9.xV1803QaKt5ZHFPZQTs5NsWhinsbpGgUcu73sB65IYkxKJCdBz97xeD-7gBTO0ASzvUbowl9Qrlk2donbVMLJrvZusapoewr4reY8S6mz23rIwDB3yf3VD3QjY68KFTYLqhnTnolxj0c8EkSyRkIcZOYzKrad1TtkMFrsGoPe4o20pikUxU6VawvN48Hmm8pRAM-uon9UpAUf9whdsWe__9uMAP6GfBIL0BEkji1lwM.HzZHJcOkErerhT1jb5TeAQVXPdZIowvQZTYppUNMaMg&dib_tag=se&keywords=fresh+eggs&qid=1785740603&s=samedaystore&sprefix=mil%2Csamedaystore%2C348&sr=1-11
Amazon,B08QX2Y2SS,"Organic Valley Large Brown Free Range Organic Eggs, 18 ct",Organic Valley,18,Large,Brown,A,true,Free-Range,31,0,9.99,9.99,9.99,31,31,https://www.amazon.com/Organic-Valley-Grade-Large-Brown/dp/B08QX2Y2SS/ref=sr_1_10_us_f3_0o_wf?crid=1E2QJW9TUIM1M&dib=eyJ2IjoiMSJ9.fB_pGG1szcSbN9MFodUnSKib5zhU6y8vIrYslIjPbkqlV3pk-Kaa3anZLsgPS6hlGIQ2w2stKs84HUjLCGXfVCDwWm6YuETMP9Bhh5HesdZgvansDKA6ZnxlhAn6DX8zqK_H1TdjFQNCLeVswstRuSIABqQqsi-aILetEaz6ReM6QwQJ8uOadrtw8BjhudJDxZtyCMMBf8yRL-kxm9-J9gXPYtsOSx4eznw45we0MWo.qlrLKsaV_X18bGZd_Vr0uoDu4obScYcNFIV1W_S73Z8&dib_tag=se&keywords=fresh+eggs&qid=1785740723&s=samedaystore&sprefix=mil%2Csamedaystore%2C348&sr=1-10
Amazon,B0849MZ45Y,"Vital Farms, Large Grade A Eggs, 12 Count",Vital Farms,12,Large,Brown,A,false,Conventional/Unspecified,29,0,7.49,7.99,9.99,29,29,https://www.amazon.com/VITAL-FARMS-Large-Grade-Eggs/dp/B0849MZ45Y/ref=sr_1_10_us_f3_0o_fmaxx?crid=1E2QJW9TUIM1M&dib=eyJ2IjoiMSJ9.fB_pGG1szcSbN9MFodUnSN0MnAD0OFFOq5wpGvJvyvCZzEJTvZ3ZEgnUt0KfDfNEF0JmM6_wq364w1HyQ0D7L8qMBZnikTgSm3JZ65ei6JEohyMzHGsCDfk_ZmSkcVRPAv05uPVri5ZBX18tRxTRfGAFGUnjkqVfYTOR_U4ymaPK67AbYlhIXWYpBpzMkbJGleUPFbGPp1ztxPGXQ-MCNL_Kx7qv-AYfhBUjFU_veJA.46ZvTDfxPF_O5m7UX5Y85r4lLT37iA1nGZuC0qAeR1A&dib_tag=se&keywords=fresh+eggs&qid=1785740641&s=samedaystore&sprefix=mil%2Csamedaystore%2C348&sr=1-10
Amazon,B01ECDP5NC,Pete and Gerry's Organic Eggs 12ct Extra Large,Pete & Gerry's,12,Extra Large,Unknown,A,true,Free-Range,25,0,7.59,7.59,7.59,25,25,https://www.amazon.com/Pete-Gerrys-Organic-Free-Range-Grade/dp/B01ECDP5NC/ref=sr_1_11?crid=1E2QJW9TUIM1M&dib=eyJ2IjoiMSJ9.DDhTw4Yhf2HU2I3dfVg5LhJMS6JOuljnVpAA7DWko9EIORWaTlDSLOxKrcTvRyuSPMKAZN_d5dsd-W9RZFcmqZXdYh_AnL0NvJ6q5T0uVfOcYHJtlMVe5fM4HjT-p0JYD2gi4f4EBTsvcjLWOumNJuBxj6_Ki30S2id0MO3FchWi0b-8ybdgCVszidFNl_uHuO8vi_umVlj5qdIc94TbJZAu6K2aqA21nFyJiRkLRPM.9IvR2AJlFsPdVH6O2LO_B13G__7NaTYRJrZYbdRneW8&dib_tag=se&keywords=fresh+eggs&qid=1785733212&s=samedaystore&sprefix=mil%2Csamedaystore%2C348&sr=1-11
Amazon,B09T8B31Q3,"Organic Valley Pasture Raised Eggs, 12 ct",Organic Valley,12,Large,Unknown,A,true,Pasture-Raised,24,0,7.99,7.989999999999999,7.99,24,24,https://www.amazon.com/Organic-Valley-0093966811636-Pasture-Raised/dp/B09T8B31Q3/ref=sr_1_10?crid=1E2QJW9TUIM1M&dib=eyJ2IjoiMSJ9.qQA8tXpjrPivlbNCdK4S2H9uvOqBJYHXIIXZrqVD8s1pSc-NiIXgjzRH1ADa0cmCs5C5a22u2DivBOyaOKGwSqLATcAPQcgwcARiMbn89h5j8sWN1_38iB2hgljv66_nfbPx3oW3JQBRYcRSWkkhd0g17tu6T5QerU5n96r4PTj6vkYYkXPnVdxS2H2pLKEB.p1B71aPMzScOHikuv5Zj0CC2GDJGvgj45iKrKTgMS3o&dib_tag=se&keywords=fresh+eggs&qid=1785737801&s=samedaystore&sprefix=mil%2Csamedaystore%2C348&sr=1-10
Amazon,B00CIZCT5Y,"Organic Valley, Organic Free-Range Extra Large Brown Eggs - 1 Dozen (12 ct)",Organic Valley,12,Extra Large,Brown,Unknown,true,Free-Range,24,0,7.79,7.84,8.99,24,24,https://www.amazon.com/Organic-Valley-Range-Extra-Large-Brown/dp/B00CIZCT5Y/ref=sr_1_12_us_f3_0o_wf?crid=1E2QJW9TUIM1M&dib=eyJ2IjoiMSJ9.9RNfehJugXSJPFLFP6RUpCSulyPf2j-e3AP3l08YvFa41126kzBHn82U9war2Fxa8Yno96k5xU4JR7w1dACTPyXHZjDKUofOK8JzeHNF4-SFdtHt1Y3cdn5khRqTW3lnh78WMIDYS-OvJkqldLiTbt25gSt0WcMaCtwMpkdZxp-ai09UXeFJX5UyNhqj2KHXai_s9pQwhx0r_0LSnvKwXcq5oyIFfvJzrVmPf-iee4U.u6K60gL9wScEStAjpufG8WkoDUDrBltsCjh8bYhRiek&dib_tag=se&keywords=fresh+eggs&qid=1785740423&s=samedaystore&sprefix=mil%2Csamedaystore%2C348&sr=1-12
Amazon,B00TNWEN18,Vital Farms Pasture-Raised Large Eggs 12ct,Vital Farms,12,Large,Brown,A,false,Pasture-Raised,24,0,6.69,7.072608695652175,7.49,24,23,https://www.amazon.com/Vital-Farms-Alfresco-Pasture-Raised/dp/B00TNWEN18/ref=sr_1_4?crid=1E2QJW9TUIM1M&dib=eyJ2IjoiMSJ9.9RNfehJugXSJPFLFP6RUpFqPc75Bagqgomg-CMmQlFJVTfqVQgLDS70u8Le35wPYDXkpoXX7TAE6MRWrsG971q6pMMo25CdNSA8QWoNiiolomkBs2rw-VGpf9EyfY04w0PWgXKrgDcwpZsPvhq0we_ThgXvxOtWntDh24Yf_SOn8VC28hDV3RtT41GdWZQS9-dgha18pY7yf6-hJ9yMEu34pNsXxwaDhhUD0MmVc9m0.FVJDsXqnPgdH33EZHyzDYqXW2vZ0YVOdVquHnt13ooE&dib_tag=se&keywords=fresh+eggs&qid=1785739915&s=samedaystore&sprefix=mil%2Csamedaystore%2C348&sr=1-4
Amazon,B0018AMDTC,"Wilcox Free Range Large White Eggs, 1 dozen",Unknown,12,Large,White,A,false,Free-Range,24,0,3.38,4.2612499999999995,4.79,24,24,https://www.amazon.com/Wilcox-Cage-Large-White-dozen/dp/B0018AMDTC/ref=sr_1_10?crid=1E2QJW9TUIM1M&dib=eyJ2IjoiMSJ9.LFpo7q6MKQOWoX6Htzmxv6FzDMWqcr8CplKkQd9PzMCD47W4jFFcX7s_23Cp2E0HaJ7d5d7HfDEuKBth8d_owO-TGvosApjc6RZBQrVwNkxKFwBgv6AYNgVGbO0UyE19BOLWbGhkIRfXHl3dU9ACiLMZoOztjV9eq2u4PuHJ7vbSs5CUx9hKsm_37lOzkHmQA6QpdcMu_g70XZC-HdtmHREl7Ixv6jBoEqDrKTIZwok.C8tvM378qnHluZxQL7g8XIvLzn2NxwWCx8dSV_Ay2Nw&dib_tag=se&keywords=fresh+eggs&qid=1785741010&s=samedaystore&sprefix=mil%2Csamedaystore%2C348&sr=1-10
Amazon,B0C2X69RVT,"365 by Whole Foods Market Organic Large Brown Grade A Eggs 6 Count, 6 CT",365 by Whole Foods Market,6,Large,Brown,A,true,Conventional/Unspecified,22,0,2.29,3.540909090909091,3.99,22,22,https://www.amazon.com/365-Whole-Foods-Market-Organic/dp/B0C2X69RVT/ref=sr_1_10?crid=1E2QJW9TUIM1M&dib=eyJ2IjoiMSJ9.u1ZQ38IK66TagHWyv4-E2PoHx-EUB2FyJJ5piq_dMzwC1lIs88YozB1QqawaF2yAnFqwMq09kOr7wLn2rZvJ9DLhMvvXrtE2DFRqgIhfjJbGCp6rhC9TCTTDRR67ov_Sm1a5ZFVIf-OMi7tUgx8PM2dCNFDs4zLpggXvbQydyyHapDj0g6V8I7GyX0FgYIgkct04wshg3-vNdSl5Y-sICW48vO9vEE4YuTbgtg-E5EE.o8aBPqPZectNiTNlYLUjRugNeFPXNJgRo6h7pYZw3dI&dib_tag=se&keywords=fresh+eggs&qid=1785735490&s=samedaystore&sprefix=mil%2Csamedaystore%2C348&sr=1-10
Amazon,B089C8JT7B,"Vital Farms, Egg Large Organic, 18 Count",Vital Farms,18,Large,Brown,A,true,Conventional/Unspecified,20,0,13.49,13.99,14.49,20,20,https://www.amazon.com/Vital-Farms-Large-Organic-Count/dp/B089C8JT7B/ref=sr_1_10_us_f3_0o_wf?crid=1E2QJW9TUIM1M&dib=eyJ2IjoiMSJ9.5vyrmgwbYvV9reB_obZP1ZohUeEYx5FlPtbj9X3FuWfrZ5ELlutu94DATomaNcubw8f9NS2Jsc26d1AgStX6GFCXLFeCT5tIAEHGrIM74hH5lxeMwLSE-GQeqexd21WcF-84QfYwynu0DK-abNysSeEeTf_YOATF-6oVNgSiv3z3Trq4g3iD20QQj4xjoQv8-0oZl4zTvn4hmY4nRWLzqzaPPeAtV32nxYvHSzgi14Y.l1yjMRM3-ytXIyp8GTDIdS9tPlys-hzWtxMINwrmP5k&dib_tag=se&keywords=fresh+eggs&qid=1785739772&s=samedaystore&sprefix=mil%2Csamedaystore%2C348&sr=1-10
Amazon,B0CQKP79VQ,"365 by Whole Foods Market Medium Brown Grade A Eggs 30 Count, 30 CT",365 by Whole Foods Market,30,Medium,Brown,A,false,Conventional/Unspecified,18,0,7.79,7.79,7.79,18,18,https://www.amazon.com/365-Whole-Foods-Market-Medium/dp/B0CQKP79VQ/ref=sr_1_10_us_f3_0o_wf?crid=1E2QJW9TUIM1M&dib=eyJ2IjoiMSJ9.9RNfehJugXSJPFLFP6RUpCSulyPf2j-e3AP3l08YvFZJXNJ_WINR1PidUZHJijBcFI4Vh_0uWKbO5nkuZLQ4ZAW8GN_r0c-kQbQx8qKQfyehATXhScju5nRPN3T-3iCA9lnJUjjZ7dc0NcUPGpa_WkwXaUcZQrDIOfBRYJ6wHfN4s86TziyfCV2Y2GFW6VJlhYofjyk97pyJ5trj7MIXMhAczmacH1CXWxWbaqO5VmQ.YkdipMQOaKAqZwh8xtRUn0Ta1nVtsVSh1dPHBnIR8xg&dib_tag=se&keywords=fresh+eggs&qid=1785736113&s=samedaystore&sprefix=mil%2Csamedaystore%2C348&sr=1-10
Amazon,B0DRW9R5XG,"Organic Valley® Organic Medium Eggs — Free Range, Brown Eggs — 18 Count",Organic Valley,18,Medium,Brown,A,true,Free-Range,18,0,8.99,8.99,8.99,18,18,https://www.amazon.com/Organic-Valley-Free-Range-Medium-Brown/dp/B0DRW9R5XG/ref=sr_1_12?crid=1E2QJW9TUIM1M&dib=eyJ2IjoiMSJ9.gt-rTyRCb8rnApuYlwPmwVNUQdY_JECbj1-wJRpgAC25gX6FUXinrtwoH5JJHWcqggmHYJWzGbuZOeYkT8T4_qK3b5Op720m_TWomDjmArkx6jf_WH4tWOLFbhZZUyGi_ae5swBHP3tFWsTXG6nYCc_mGF-nHvcQ4alqw4hmOocmiEW1wEb8FWl31ZNebCSA9zpE-BgowHCGR953e3zX8pTza8UFkKIxQKxz3ZL9ucw.1_8SIne7XG5FL0sAuOdG9hBeBb8rViIiK-Hrhp1IHnY&dib_tag=se&keywords=fresh+eggs&qid=1785739892&s=samedaystore&sprefix=mil%2Csamedaystore%2C348&sr=1-12
Amazon,B0DS2TYLCF,"365 by Whole Foods Market Large Brown Grade A Eggs 18 Count, 18 CT",365 by Whole Foods Market,18,Large,Brown,A,false,Conventional/Unspecified,17,0,5.49,5.578235294117647,5.79,17,17,https://www.amazon.com/365-Whole-Foods-Market-Large/dp/B0DS2TYLCF/ref=sr_1_14_us_f3_0o_wf?crid=1E2QJW9TUIM1M&dib=eyJ2IjoiMSJ9.4HQPSnwMw4z3CTdZ76IP61bRo0SPBsKIYQhTVsq9tuagaVXWPWR1uBmHN5VxIauHYnx2BiqwA8816CRHF-KT7x6niAcIhGcBubPNMsqCWxDtBq9uzaaqwv-HXR2mQftpxOTRBlHk13Q7D5OH824rxOFjvjOT74t4ahVSrW5svvamodVsi-CcQLuFgVfFk8kyu2ePMJ1nIEP25GzxiezblrCJYa0be0aI3t2sASFtonc.yH1bL-OZ59KHI_-qGDAgsIHb_i2xT8EX8II2bfDqkRw&dib_tag=se&keywords=fresh+eggs&qid=1785733715&s=samedaystore&sprefix=mil%2Csamedaystore%2C348&sr=1-14
Amazon,B0DS2SNDCY,"365 by Whole Foods Market Large Brown Grade A Eggs 12 Count, 12 CT",365 by Whole Foods Market,12,Large,Brown,A,false,Conventional/Unspecified,14,0,3.99,4.247142857142857,4.29,14,14,https://www.amazon.com/365-Whole-Foods-Market-Large/dp/B0DS2SNDCY/ref=sr_1_13_us_f3_0o_wf?crid=1E2QJW9TUIM1M&dib=eyJ2IjoiMSJ9.5vyrmgwbYvV9reB_obZP1ZohUeEYx5FlPtbj9X3FuWfrZ5ELlutu94DATomaNcubw8f9NS2Jsc26d1AgStX6GFCXLFeCT5tIAEHGrIM74hH5lxeMwLSE-GQeqexd21WcF-84QfYwynu0DK-abNysSeEeTf_YOATF-6oVNgSiv3z3Trq4g3iD20QQj4xjoQv8-0oZl4zTvn4hmY4nRWLzqzaPPeAtV32nxYvHSzgi14Y.l1yjMRM3-ytXIyp8GTDIdS9tPlys-hzWtxMINwrmP5k&dib_tag=se&keywords=fresh+eggs&qid=1785739772&s=samedaystore&sprefix=mil%2Csamedaystore%2C348&sr=1-13
Amazon,B0DS2VYDFH,"365 by Whole Foods Market Organic Large Brown Grade A Eggs 12 Count, 12 CT",365 by Whole Foods Market,12,Large,Brown,A,true,Conventional/Unspecified,14,0,5.29,5.29,5.29,14,14,https://www.amazon.com/365-Whole-Foods-Market-Organic/dp/B0DS2VYDFH/ref=sr_1_14_us_f3_0o_wf?crid=1E2QJW9TUIM1M&dib=eyJ2IjoiMSJ9.5vyrmgwbYvV9reB_obZP1ZohUeEYx5FlPtbj9X3FuWfrZ5ELlutu94DATomaNcubw8f9NS2Jsc26d1AgStX6GFCXLFeCT5tIAEHGrIM74hH5lxeMwLSE-GQeqexd21WcF-84QfYwynu0DK-abNysSeEeTf_YOATF-6oVNgSiv3z3Trq4g3iD20QQj4xjoQv8-0oZl4zTvn4hmY4nRWLzqzaPPeAtV32nxYvHSzgi14Y.l1yjMRM3-ytXIyp8GTDIdS9tPlys-hzWtxMINwrmP5k&dib_tag=se&keywords=fresh+eggs&qid=1785739772&s=samedaystore&sprefix=mil%2Csamedaystore%2C348&sr=1-14
Amazon,B0DRW9R5XG,"Organic Valley® Organic Medium Eggs — Free Range, Brown Eggs — 18 Count",Organic Valley,18,Medium,Brown,Unknown,true,Free-Range,14,0,8.99,8.99,8.99,14,14,https://www.amazon.com/Organic-Valley-Free-Range-Medium-Brown/dp/B0DRW9R5XG/ref=sr_1_12?crid=1E2QJW9TUIM1M&dib=eyJ2IjoiMSJ9.6s4TR4mkDh2wan-lmS9Gy2EUuiSNFwzfx_-1FH5RVo17oO-ubFFrFhBtHw6ekHcaG3NCHM0UdBIpRS2gJzgB_BqG4wsTcxqP3dA1xppk03UU6NQxtpk_RImx4HnHlzRTdN89ewNz_aD8xziH22h35RJL4amYAeVwxhYsJw6M5Air68vhDWbcroUy_iHzi9cNF967uK564r7mp0QKYVM5KY4y2S9uzIqndn6J_OyxwQY.tII0zO5I1YOWzwqX-vlgvHdfO17eE_bDuLGZOH_4x-0&dib_tag=se&keywords=fresh+eggs&qid=1785740159&s=samedaystore&sprefix=mil%2Csamedaystore%2C348&sr=1-12
Amazon,B097FTJC3F,Vital Farms Organic Pasture-Raised XL Eggs 12ct,Vital Farms,12,Extra Large,Unknown,Unknown,true,Pasture-Raised,11,0,8.49,8.49,8.49,11,11,https://www.amazon.com/Vital-Farms-Organic-Pasture-Raised/dp/B097FTJC3F/ref=sr_1_11?crid=1E2QJW9TUIM1M&dib=eyJ2IjoiMSJ9.W34EWeQxTVxijjM4wCwh5-z3DQn0CJUGwAEhBayUxPeY9zesG-lH45Kc_C3H_TKhOD_TMgKjSXovywuZPtDvOUTmV4ui5HPLBE-YFxp_8dlNzCQLRYrX0PX3T8aF3bDRObJCKJ-uowwaR5-my7giACmsiLRqiTwBe5jjvBZPRVz2XwRoBIPliVFfwDRk__zAj6-YYYPLpw57v6Lrs0haJoS6AfZFRV0KP2UPiXcWewM.a2RC-fUdgzH_Jcj4EthXoTkaw-NQbDWmqCX_Tb2g92w&dib_tag=se&keywords=fresh+eggs&qid=1785740732&s=samedaystore&sprefix=mil%2Csamedaystore%2C348&sr=1-11
Amazon,B0CQKN385P,"365 by Whole Foods Market Organic Extra Large Brown Grade A Eggs 12 Count, 12 CT",365 by Whole Foods Market,12,Extra Large,Brown,A,true,Free-Range,10,0,5.79,5.79,5.79,10,10,https://www.amazon.com/365-Whole-Foods-Market-Organic/dp/B0CQKN385P/ref=sr_1_13?crid=1E2QJW9TUIM1M&dib=eyJ2IjoiMSJ9.kWxMXwFkiDZR4UoyYLDZKZjAlirf9d98-irXadkSWiRGc1VmvKzLmmE_dyM3_bc4nTGe0G1rz1PGPHt4WOZ8qYe5dEElJgSk9rDTdG9xineGUKB4eNevMRuEFqoOrjHzryQ8LSr2QgMFhIsf4TKu6iVXWSMfCSFvpqZm8k6O1vccfcRvRaurF_i2CXzuZfQA6AHgesKclGzHNcay5Z1hmm48vO9vEE4YuTbgtg-E5EE.5Oj0A-EV5VYhgvyNbGGKgLn_h26Mzy8VemCK9xy2SWI&dib_tag=se&keywords=fresh+eggs&qid=1785734662&s=samedaystore&sprefix=mil%2Csamedaystore%2C348&sr=1-13
Amazon,B0C2X69RVT,"365 by Whole Foods Market Organic Large Brown Grade A Eggs 6 Count, 6 CT",365 by Whole Foods Market,6,Large,Brown,A,true,Free-Range,10,0,3.98,3.9850000000000003,3.99,10,10,https://www.amazon.com/365-Whole-Foods-Market-Organic/dp/B0C2X69RVT/ref=sr_1_12?crid=1E2QJW9TUIM1M&dib=eyJ2IjoiMSJ9.kWxMXwFkiDZR4UoyYLDZKZjAlirf9d98-irXadkSWiRGc1VmvKzLmmE_dyM3_bc4nTGe0G1rz1PGPHt4WOZ8qYe5dEElJgSk9rDTdG9xineGUKB4eNevMRuEFqoOrjHzryQ8LSr2QgMFhIsf4TKu6iVXWSMfCSFvpqZm8k6O1vccfcRvRaurF_i2CXzuZfQA6AHgesKclGzHNcay5Z1hmm48vO9vEE4YuTbgtg-E5EE.5Oj0A-EV5VYhgvyNbGGKgLn_h26Mzy8VemCK9xy2SWI&dib_tag=se&keywords=fresh+eggs&qid=1785734662&s=samedaystore&sprefix=mil%2Csamedaystore%2C348&sr=1-12
Amazon,B005MS7C74,"Eggland's Best, Large Eggs, 18 ct",Eggland's Best,18,Large,Brown,A,false,Conventional/Unspecified,8,0,6.29,6.2925,6.31,8,8,https://www.amazon.com/Egglands-Best-Large-Eggs-18/dp/B005MS7C74/ref=sr_1_3_us_f3_0o_winnd?crid=1E2QJW9TUIM1M&dib=eyJ2IjoiMSJ9.WdyZB2QAl4BCmGUuXtw25sfDL5-XmqJqG-zpqTajUw_sXAdQT8NDQvB_wQeAUgGhyd1aBB3NI6Cy-Nw48lnIb-s-gRiSWOAZU9ipIbw0irMl9cmrq-VK5l6ZFsYe9xk2RkrSwp76BEVNPJdHgt61RJLU268tsikP1IieVrn_GcWEvnNvQfrG0rJba2l4iD9DbVdZwhB-85FjGWn3dgnBriPoLOAJR3DWzT5MCygwVAQ.Uhh2sK4tFM9-sKPAVzgwsRiNUuu53SRPwopbs0x8h80&dib_tag=se&keywords=fresh+eggs&qid=1785735406&s=samedaystore&sprefix=mil%2Csamedaystore%2C348&sr=1-3
Amazon,B005MS7C74,"Eggland's Best, Large Eggs, 18 ct",Eggland's Best,18,Large,Unknown,A,false,Conventional/Unspecified,8,0,5.99,6.26,6.31,8,8,https://www.amazon.com/Egglands-Best-Large-Eggs-18/dp/B005MS7C74/ref=sr_1_10_us_f3_0o_winnd?crid=1E2QJW9TUIM1M&dib=eyJ2IjoiMSJ9.hpGZd2v6SEGyehZ9RQrhiibz9CSm3IG9a5OunXr05JWUN4gaFkNygRZBnjl9b0qW91P7Ax4qOykZZvyb19RxOg4GGaWCPR-AcwWVrn-HhvRkh7qVbWxbDu9rtnt2VvlQ0oIlbHnXmW06uYUteVKAgPTSC_XBVkxnthrdwfwbfXYuMN9OQRQgZTp3P3E4Mjtm7-JQHiZCLevzs2GmLlODosIlVBEAPbGQNNjs6KNGroE.Y93nEdHNXX1_iioqmHjH_Kgg0NbiqCQg7913vYBUMXE&dib_tag=se&keywords=fresh+eggs&qid=1785735120&s=samedaystore&sprefix=mil%2Csamedaystore%2C348&sr=1-10-catcorr
Amazon,B08L8RFMV7,Nellie's Free Range Eggs 18ct Large,Nellie's,18,Large,Brown,A,false,Free-Range,8,0,7.99,8.9275,10.99,8,8,https://www.amazon.com/Nellies-Free-Range-Eggs-Large/dp/B08L8RFMV7/ref=sr_1_12_us_f3_0o_savem?crid=1E2QJW9TUIM1M&dib=eyJ2IjoiMSJ9.cd_CZjEbRE5KltJWnOrGyEyjKBPLpDGDqUxUQTzlSMCZzEJTvZ3ZEgnUt0KfDfNEDW_kP1BYuxFV6kPpEg6Td8Pd3DoGXf3ZLKZhLzpD5uqt3uQ9c0CLQM402QWNw1y7b2KhQXoGp7Kkfsp_gNJmVycfO8Rqsn1-5azqkRuOpqnl_4shpVmV64GWv_oojBwpXL9cg_cv5P-3ZYQgG5zVCir4cxvApbm3h8f4s3ou61Y.eqwBJMhcfB7asch5D6V5Nxsle_MxL57BBRnuYv_MzGQ&dib_tag=se&keywords=fresh+eggs&qid=1785740627&s=samedaystore&sprefix=mil%2Csamedaystore%2C348&sr=1-12
Amazon,B089C8KY9D,Pete & Gerrys Organic Eggs Large 18 CT,Pete & Gerry's,18,Large,Unknown,Unknown,true,Conventional/Unspecified,8,0,9.49,9.8025,10.49,8,8,https://www.amazon.com/PETE-GERRYS-Organic-Large-Grade/dp/B089C8KY9D/ref=sr_1_11_us_f3_0o_wf?crid=1E2QJW9TUIM1M&dib=eyJ2IjoiMSJ9.9RNfehJugXSJPFLFP6RUpCSulyPf2j-e3AP3l08YvFa41126kzBHn82U9war2Fxa8Yno96k5xU4JR7w1dACTPyXHZjDKUofOK8JzeHNF4-SFdtHt1Y3cdn5khRqTW3lnh78WMIDYS-OvJkqldLiTbt25gSt0WcMaCtwMpkdZxp-ai09UXeFJX5UyNhqj2KHXai_s9pQwhx0r_0LSnvKwXcq5oyIFfvJzrVmPf-iee4U.u6K60gL9wScEStAjpufG8WkoDUDrBltsCjh8bYhRiek&dib_tag=se&keywords=fresh+eggs&qid=1785740423&s=samedaystore&sprefix=mil%2Csamedaystore%2C348&sr=1-11
Amazon,B07PFDYT9T,"365 by Whole Foods Market Large Brown Grade A Eggs 12 Count, 12 CT",365 by Whole Foods Market,12,Large,Brown,A,false,Conventional/Unspecified,7,0,3.99,3.9899999999999998,3.99,7,7,https://www.amazon.com/365-Whole-Foods-Market-Large/dp/B07PFDYT9T/ref=sr_1_3_us_f3_0o_wf?crid=1E2QJW9TUIM1M&dib=eyJ2IjoiMSJ9.fmKQ2nPy7Fk1FX2gxWx9h9g5fd1bxKASPAgAsvvjQA9cEoNz66fyUpp1KYXVDT7ZcYnkrQVewqiplcZDo8ee_gn2pnKtyx0S0WHNt0W4EVBNReOhFDhOqCgBemXtBkcVoQsYnkqMnD6K9tjCIGpXRUKRL9gke50I5x8BkiAEJ2viJ91BYHPC2fH6_mXVDigjdyRVPy3t3NBG3pOHvD2UolNrnnfYON1WZdqGQuQkpdM.8d7xuGVdSVc6I505hnVNzmmJoxaToTQA2S5eYRuT9Ys&dib_tag=se&keywords=fresh+eggs&qid=1785733248&s=samedaystore&sprefix=mil%2Csamedaystore%2C348&sr=1-3
Amazon,B07PDH5138,"365 by Whole Foods Market Organic Large Brown Grade A Eggs 12 Count, 12 CT",365 by Whole Foods Market,12,Large,Brown,A,true,Conventional/Unspecified,7,0,4.79,4.79,4.79,7,7,https://www.amazon.com/365-Everyday-Value-Brown-Organic/dp/B07PDH5138/ref=sr_1_1_us_f3_0o_wf?crid=1E2QJW9TUIM1M&dib=eyJ2IjoiMSJ9.fmKQ2nPy7Fk1FX2gxWx9h9g5fd1bxKASPAgAsvvjQA9cEoNz66fyUpp1KYXVDT7ZcYnkrQVewqiplcZDo8ee_gn2pnKtyx0S0WHNt0W4EVBNReOhFDhOqCgBemXtBkcVoQsYnkqMnD6K9tjCIGpXRUKRL9gke50I5x8BkiAEJ2viJ91BYHPC2fH6_mXVDigjdyRVPy3t3NBG3pOHvD2UolNrnnfYON1WZdqGQuQkpdM.8d7xuGVdSVc6I505hnVNzmmJoxaToTQA2S5eYRuT9Ys&dib_tag=se&keywords=fresh+eggs&qid=1785733248&s=samedaystore&sprefix=mil%2Csamedaystore%2C348&sr=1-1
Amazon,B0FJRP9PSR,"Crystal Spring, Grade A Large Eggs, 12 Count",Crystal Spring,12,Large,Brown,A,false,Conventional/Unspecified,7,0,2.29,2.29,2.29,7,7,https://www.amazon.com/Crystal-Spring-Grade-Large-Count/dp/B0FJRP9PSR/ref=sr_1_1_us_f3_0o_winnd?crid=1E2QJW9TUIM1M&dib=eyJ2IjoiMSJ9.WdyZB2QAl4BCmGUuXtw25i-z2vNdwImIW-mVvzG1aPl3XhUOFBO9nvMV5Oju8o4lyd1aBB3NI6Cy-Nw48lnIb_1E29tsExgpAKq23lqCrttG_uYUognvSEvV0MnYqmulIEpNlvxPQo0Sli8EhHNUatxGveX67PS1EaMsWB31MFD-B93z67vd6k_dhAsT9YPmUsJx40bDFlbxK5TPKAZXFjdB6e32fLOLTUlBc1Vgs2E.7G9eaIiSaB0_0UOXkE1X1-h6tyF_YEFLZZEJKY5aRI8&dib_tag=se&keywords=fresh+eggs&qid=1785735116&s=samedaystore&sprefix=mil%2Csamedaystore%2C348&sr=1-1
Amazon,B00CJ8M2RK,"Eggland's Best, Large Eggs, 1 dozen",Eggland's Best,12,Large,Brown,A,false,Conventional/Unspecified,7,0,3.99,3.9899999999999998,3.99,7,7,https://www.amazon.com/Egglands-Best-Large-Eggs-dozen/dp/B00CJ8M2RK/ref=sr_1_10_us_f3_0o_winnd?crid=1E2QJW9TUIM1M&dib=eyJ2IjoiMSJ9.5gdxDfDglDYwGQO9ldtYn1XbLRxZah1nT_vGXVUBYPnanCh0wUePs0gbEQrAvhc5Y5qXjhK3XGzUCW2o89Zam8qz3v-d3qojvn5oND7JjjE12fKovHjJzODz32tY7AHhYABgMUeVLSW2S8HwKKWaDprjUIKZNuMjV-wMLbRW7ZyEvnNvQfrG0rJba2l4iD9DbLi8k4crVZeHsRJSrTMQx7YK2NOqdvjVJXHAwR1AdXg.Quzo5POMXdBXp0kkDsEEMBmG00-Zt9QoSV2zh6azqJQ&dib_tag=se&keywords=fresh+eggs&qid=1785735117&s=samedaystore&sprefix=mil%2Csamedaystore%2C348&sr=1-10
Amazon,B005MS6F4A,"Nucal Foods Egglands Best Eggs, 18 Count",Eggland's Best,18,Large,Brown,A,false,Conventional/Unspecified,7,0,6.39,6.39,6.39,7,7,https://www.amazon.com/Nucal-Foods-Egglands-Best-Count/dp/B005MS6F4A/ref=sr_1_6_us_f3_0o_winnd?crid=1E2QJW9TUIM1M&dib=eyJ2IjoiMSJ9.YV8hz3LBUyS8e4X2y-CheVXbLRxZah1nT_vGXVUBYPle-HhqX300OBjpM8tVmrKzl7jmzXIP-vn48d1wbeG6tXTKyTi9dakkwyhXK2WVJfaSTqJitNmLnqbO_-6645POSwmvBw73wAAl6wwwTzhK3XIVxjU7nodUhagPaEkXF-01s1klbbCZ04EWQOhsq3dMbVdZwhB-85FjGWn3dgnBrtYSHH7yW0yZM78usKInbhQ.3L6j0e2LYojQbi_yN2qjaTeS97RaPRj-dzLceezkpmI&dib_tag=se&keywords=fresh+eggs&qid=1785735013&s=samedaystore&sprefix=mil%2Csamedaystore%2C348&sr=1-6
Amazon,B00CJ8M2RK,"Eggland's Best, Large Eggs, 1 dozen",Eggland's Best,12,Large,Unknown,A,false,Conventional/Unspecified,6,0,3.68,3.68,3.68,6,6,https://www.amazon.com/Egglands-Best-Large-Eggs-dozen/dp/B00CJ8M2RK/ref=sr_1_16?crid=1E2QJW9TUIM1M&dib=eyJ2IjoiMSJ9.u2Og92gEacaOqa62GJDhPi-z2vNdwImIW-mVvzG1aPkmnGP1zwtPd2pUitVxHKv9zO7QCoTgIyxGcexY4Tm_KVXkMoB8TDTPo_oEvlNk0rBaPKp_nS-4QjzVMEg3SfWbUvpCXYS-j8NyyQNj1kASymP4YbZXMtTjs17u63dQHlmTl1uszV7x09a-QdAyJmRRpUqOkgQSvSBqXNpuD0dfPjcE7l3xZ2PjucZ5x_1ZydI.2QMlxEhoFdzorQyR-pwrAHPnLowOzCtcGc3U6YAEN5s&dib_tag=se&keywords=fresh+eggs&qid=1785735778&s=samedaystore&sprefix=mil%2Csamedaystore%2C348&sr=1-16
Amazon,B07PHP7CF8,"365 by Whole Foods Market Extra Large Brown Grade A Eggs 12 Count, 12 CT",365 by Whole Foods Market,12,Extra Large,Brown,A,false,Free-Range,5,0,4.99,4.99,4.99,5,5,https://www.amazon.com/365-Everyday-Value-Brown-Extra/dp/B07PHP7CF8/ref=sr_1_4?crid=1E2QJW9TUIM1M&dib=eyJ2IjoiMSJ9.bNCQz7b42XLrZDP4ePaytZjAlirf9d98-irXadkSWiSfKET4noeOeTRuDoorVtaQXHvGxUnARK690pK3jM2h-A-vV2TvxiBEfkBBVE7i4IYSbd-LEyvJGT47SiM5d1qSQ9q-DJO-M7FVTo4_ca8DVXT0mMaOZavzLThFcddHj9MJal2x1IbJbNiVe5X70usl6AHgesKclGzHNcay5Z1hmm48vO9vEE4YuTbgtg-E5EE.7-ybRim0mviu0c_uRCVTpyifFsSnAggCXopeHBYoP20&dib_tag=se&keywords=fresh+eggs&qid=1785734314&s=samedaystore&sprefix=mil%2Csamedaystore%2C348&sr=1-4
Amazon,B0CQKMFBKR,"365 by Whole Foods Market Large Brown Grade A Eggs 18 Count, 18 CT",365 by Whole Foods Market,18,Large,Brown,A,false,Free-Range,5,0,3.93,3.9300000000000006,3.93,5,5,https://www.amazon.com/365-Whole-Foods-Market-Large/dp/B0CQKMFBKR/ref=sr_1_2?crid=1E2QJW9TUIM1M&dib=eyJ2IjoiMSJ9.bNCQz7b42XLrZDP4ePaytZjAlirf9d98-irXadkSWiSfKET4noeOeTRuDoorVtaQXHvGxUnARK690pK3jM2h-A-vV2TvxiBEfkBBVE7i4IYSbd-LEyvJGT47SiM5d1qSQ9q-DJO-M7FVTo4_ca8DVXT0mMaOZavzLThFcddHj9MJal2x1IbJbNiVe5X70usl6AHgesKclGzHNcay5Z1hmm48vO9vEE4YuTbgtg-E5EE.7-ybRim0mviu0c_uRCVTpyifFsSnAggCXopeHBYoP20&dib_tag=se&keywords=fresh+eggs&qid=1785734314&s=samedaystore&sprefix=mil%2Csamedaystore%2C348&sr=1-2
Amazon,B09R9Q47LJ,"New Barn, Organic Large Pasture Raised Eggs, 12 Count",Unknown,12,Large,Unknown,Unknown,true,Pasture-Raised,5,0,8.49,8.809999999999999,8.99,5,5,https://www.amazon.com/Organic-Large-Pasture-Raised-Count/dp/B09R9Q47LJ/ref=sr_1_12?crid=1E2QJW9TUIM1M&dib=eyJ2IjoiMSJ9.EBms0SNYKVZFNamBbLbp3N4kh8X1LEWdr_PQBbZqGzvOaJaKl_WxDE1ivIkHH42-iHtntXxoxCvXS19lvPKwU_nLxioyEsq4TB1YyrkoTK_wY7pyqU5lpHTJqA0hcU7GBPHKjU9YNZXQnJAdiAArU3RoNYWJIHLsCy7XSWgnph5pQUPolbN_9_bgeL5uljUNF1WV2hUnL0NPuUXyFlsFz260yN3KkPZrjin1NzsE_ec.iH12E9vC4OcjKnxdRB07X1oqOwrEVPIvMH5dzJUl4EY&dib_tag=se&keywords=fresh+eggs&qid=1785740604&s=samedaystore&sprefix=mil%2Csamedaystore%2C348&sr=1-12
Amazon,B09T8B31Q3,"Organic Valley Pasture Raised Eggs, 12 ct",Organic Valley,12,Unknown,Unknown,Unknown,true,Pasture-Raised,5,0,7.99,7.99,7.99,5,5,https://www.amazon.com/Organic-Valley-0093966811636-Pasture-Raised/dp/B09T8B31Q3/ref=sr_1_10?crid=1E2QJW9TUIM1M&dib=eyJ2IjoiMSJ9.4J64lDa46vEBRWDfhCp1MmKzsjOIML76G0RqvUTVROq5-ljv2jibuMLfGCyxeS1wH1gD1LXw1bxoq9H97PTpZU9TUb2_mmU2mRhudifO9GLsaNYu6mdmhcMiyfokBJlE9qgdL3hVH4FWlSt9xSiOeJBwIanMEIK2IO553aXdzKSnh2JZJA9AVExFGeLB8Syk6AHgesKclGzHNcay5Z1hmm48vO9vEE4YuTbgtg-E5EE.S-HAeFX6jY84vNaJfdOQypIXLsNqe1MjnV2-tNuaBNs&dib_tag=se&keywords=fresh+eggs&qid=1785740823&s=samedaystore&sprefix=mil%2Csamedaystore%2C348&sr=1-10
Amazon,B089C8KY9D,Pete & Gerrys Organic Eggs Large 18 CT,Pete & Gerry's,18,Large,Brown,A,true,Free-Range,5,0,8.99,8.99,8.99,5,5,https://www.amazon.com/PETE-GERRYS-Organic-Large-Grade/dp/B089C8KY9D/ref=sr_1_3?crid=1E2QJW9TUIM1M&dib=eyJ2IjoiMSJ9.bNCQz7b42XLrZDP4ePaytZjAlirf9d98-irXadkSWiSfKET4noeOeTRuDoorVtaQXHvGxUnARK690pK3jM2h-A-vV2TvxiBEfkBBVE7i4IYSbd-LEyvJGT47SiM5d1qSQ9q-DJO-M7FVTo4_ca8DVXT0mMaOZavzLThFcddHj9MJal2x1IbJbNiVe5X70usl6AHgesKclGzHNcay5Z1hmm48vO9vEE4YuTbgtg-E5EE.7-ybRim0mviu0c_uRCVTpyifFsSnAggCXopeHBYoP20&dib_tag=se&keywords=fresh+eggs&qid=1785734314&s=samedaystore&sprefix=mil%2Csamedaystore%2C348&sr=1-3
Amazon,B07PGKCLNY,"365 by Whole Foods Market Extra Large Brown Grade A Eggs 12 Count, 12 CT",365 by Whole Foods Market,12,Extra Large,Brown,A,false,Conventional/Unspecified,4,0,4.49,4.49,4.49,4,4,https://www.amazon.com/365-Whole-Foods-Market-Brown/dp/B07PGKCLNY/ref=sr_1_16_us_f3_0o_wf?crid=1E2QJW9TUIM1M&dib=eyJ2IjoiMSJ9.9RNfehJugXSJPFLFP6RUpLKXPRQp8YQn3Uhogqt-b7OLOPcVqni3YHGiNxZbSOPO307FhzMS8zM8688dCIzQo8YGXvuLYcCpi38uKQUCSaKUIdqtcsrxwpwfK2jfKx5rv8M4NYmsjDAt0SiWErY4yXjYfXfbTpoOICuLV8ETPwCk-BR80jr_g8hTzpmQXO1a2cGboUaujAcEy8vAYj_TseacNvdrcuPZO7dzqKgW_b0.YLL_i1oOKcL6q9YQenWh2u3x3LQlqD5UjZDTPwaJN9k&dib_tag=se&keywords=fresh+eggs&qid=1785733238&s=samedaystore&sprefix=mil%2Csamedaystore%2C348&sr=1-16
Amazon,B0CQKMVGVJ,"365 by Whole Foods Market Large Brown Grade A Eggs 18 Count, 18 CT",365 by Whole Foods Market,18,Large,Brown,A,false,Cage-Free,4,0,6.99,6.99,6.99,4,4,https://www.amazon.com/365-Whole-Foods-Market-Large/dp/B0CQKMVGVJ/ref=sr_1_2_us_f3_0o_wf?crid=1E2QJW9TUIM1M&dib=eyJ2IjoiMSJ9.OwDpT32WXjjjBBMLHMJOVC0e03yQiIq-wQnIeZjqa5W9Z_PLTZ_XNH4NQhw8LJdY9yuw89U0yTeQP0MYtpLNeTlgQlU9Xg91oLrG0kOWhhnwrLx8PU02qH8EZAI4zqZVtr5E04H1huCYa20ZT64jm5Ti7IjeljJJ9LaUbrNn0RUZH1i0quuF0ijYW70Mw9w89lqg3OKcbzssfGCyOi0jRUo3yFQXR90MxqQXZdW6Wzk.z7je3PteDn5bQs-qCMYGqetFO5YfMrqrwfCliv2Pi8Q&dib_tag=se&keywords=fresh+eggs&qid=1785740896&s=samedaystore&sprefix=mil%2Csamedaystore%2C348&sr=1-2
Amazon,B0C34DGZTL,"365 by Whole Foods Market Organic Large Brown Grade A Eggs 6 Count, 6 CT",365 by Whole Foods Market,6,Large,Brown,A,true,Cage-Free,4,0,4.29,4.29,4.29,4,4,https://www.amazon.com/365-Whole-Foods-Market-Organic/dp/B0C34DGZTL/ref=sr_1_3_us_f3_0o_wf?crid=1E2QJW9TUIM1M&dib=eyJ2IjoiMSJ9.OwDpT32WXjjjBBMLHMJOVC0e03yQiIq-wQnIeZjqa5W9Z_PLTZ_XNH4NQhw8LJdY9yuw89U0yTeQP0MYtpLNeTlgQlU9Xg91oLrG0kOWhhnwrLx8PU02qH8EZAI4zqZVtr5E04H1huCYa20ZT64jm5Ti7IjeljJJ9LaUbrNn0RUZH1i0quuF0ijYW70Mw9w89lqg3OKcbzssfGCyOi0jRUo3yFQXR90MxqQXZdW6Wzk.z7je3PteDn5bQs-qCMYGqetFO5YfMrqrwfCliv2Pi8Q&dib_tag=se&keywords=fresh+eggs&qid=1785740896&s=samedaystore&sprefix=mil%2Csamedaystore%2C348&sr=1-3
Amazon,B074H6G85V,"365 by Whole Foods Market, Eggs Brown Omega 3 Large Organic, 12 Count",365 by Whole Foods Market,12,Large,Brown,A,true,Cage-Free,4,0,6.79,6.79,6.79,4,4,https://www.amazon.com/Whole-Foods-Market-Brown-Organic/dp/B074H6G85V/ref=sr_1_11_us_f3_0o_wf?crid=1E2QJW9TUIM1M&dib=eyJ2IjoiMSJ9.OwDpT32WXjjjBBMLHMJOVC0e03yQiIq-wQnIeZjqa5WN45Ce9pirB3axcv4wv7_vLtBnF70-4W8qcOJ7Zo_VhTlgQlU9Xg91oLrG0kOWhhlsNaDMSdz0txxbat1l5oSPTtqQxfFdPGJWZHOAwQ9InGJPCwhms_xYyoS2qokd2Z0U4r1xcVlEvOZ-caBEmElioWi_RA5PvDWAYeapjXqcihBzB-fMWZPN6FkY5728zQM.FmZZG4ho45SrZq9uWUGlRKZXvv6UKiQsYk4SfgV-J2k&dib_tag=se&keywords=fresh+eggs&qid=1785740883&s=samedaystore&sprefix=mil%2Csamedaystore%2C348&sr=1-11
Amazon,B074H6G85V,"365 by Whole Foods Market, Eggs Brown Omega 3 Large Organic, 12 Count",365 by Whole Foods Market,12,Large,Brown,Unknown,true,Conventional/Unspecified,4,0,3.97,3.97,3.97,4,4,https://www.amazon.com/Whole-Foods-Market-Brown-Organic/dp/B074H6G85V/ref=sr_1_14?crid=1E2QJW9TUIM1M&dib=eyJ2IjoiMSJ9.8aLx15A1zStojkdrfKsJ93I19D9MiWGSsyypuGjC8hd-1jtwyZH4jxYLRxUk1nVrYn5moWJJvX_W3xo8gH1FMVxFeIzP__gCryesm0eWVAMQ0Q_XEylOycA2-n2r6D7zXKJEGD7aaCkjSZmhUn_IIJh5dxJ3cYXOtCIH98qDYWgWypcjmZq6I5czDk8Lb3NmjbgIXpGE3KcVcab7LbdiuY-v5m5blphn7O66UbGzAfo.5woRl23tihUGqaQq0fR8JrmGb5xnmgOdT8xnlfqlO1Q&dib_tag=se&keywords=fresh+eggs&qid=1785740420&s=samedaystore&sprefix=mil%2Csamedaystore%2C348&sr=1-14
Amazon,B0FJRP9PSR,"Crystal Spring, Grade A Large Eggs, 12 Count",Crystal Spring,12,Large,Unknown,A,false,Conventional/Unspecified,4,0,2.29,2.29,2.29,4,4,https://www.amazon.com/Crystal-Spring-Grade-Large-Count/dp/B0FJRP9PSR/ref=sr_1_5_us_f3_0o_winnd?crid=1E2QJW9TUIM1M&dib=eyJ2IjoiMSJ9.hpGZd2v6SEGyehZ9RQrhiibz9CSm3IG9a5OunXr05JWUN4gaFkNygRZBnjl9b0qW91P7Ax4qOykZZvyb19RxOg4GGaWCPR-AcwWVrn-HhvQCoHsDyN-Nl5-i38iencR5IKQQKlGIJGa3HkMG4H6hvfTSC_XBVkxnthrdwfwbfXYuMN9OQRQgZTp3P3E4Mjtm7-JQHiZCLevzs2GmLlODosIlVBEAPbGQNNjs6KNGroE.UmaWkvsEfjvvgbD8Oj4qv8e7EUgQ1Cu52wwgJuRO7Wk&dib_tag=se&keywords=fresh+eggs&qid=1785735124&s=samedaystore&sprefix=mil%2Csamedaystore%2C348&sr=1-5
Amazon,B000KJR0NQ,"Eggland's Best Classic Extra Large White Eggs, 12 count",Eggland's Best,12,Extra Large,White,A,false,Conventional/Unspecified,4,0,4.82,4.82,4.82,4,4,https://www.amazon.com/Egglands-Best-Extra-Large-Grade/dp/B000KJR0NQ/ref=sr_1_11_us_f3_0o_weis?crid=1E2QJW9TUIM1M&dib=eyJ2IjoiMSJ9.Xuz0necIYIOQcCSqYLTbvKoZ_nYkJ0F81RQjc_sTOkRQocDQKb5QeieltTDSetqcVvR9f-LYGooIAAG62zUU-cwRMuooTxs6YAwXbArPMBXl_CN-RGRDwab6JcsjrncIC4NWIRAk3juUkKfv1ZmsLP9dhQagq2-GIS3QY00lbkwfax0jAXhtqXrld4mpLOekv6qbEKuEUWOVEIEALqpQF260yN3KkPZrjin1NzsE_ec.hOfVcf-5-2sLs47EerrQLzmq_eiEEQ96KpEJjFxc_IM&dib_tag=se&keywords=fresh+eggs&qid=1785733541&s=samedaystore&sprefix=mil%2Csamedaystore%2C348&sr=1-11
Amazon,B0FJRNKFHT,"Know & Love, Organic Cage Free Eggs, 12 Count",Unknown,12,Large,Brown,A,true,Cage-Free,4,0,5.99,5.99,5.99,4,4,https://www.amazon.com/Know-Love-Organic-Cage-Count/dp/B0FJRNKFHT/ref=sr_1_12_us_f3_0o_winnd?crid=1E2QJW9TUIM1M&dib=eyJ2IjoiMSJ9.5gdxDfDglDYwGQO9ldtYn1XbLRxZah1nT_vGXVUBYPnanCh0wUePs0gbEQrAvhc5Y5qXjhK3XGzUCW2o89Zam8qz3v-d3qojvn5oND7JjjE12fKovHjJzODz32tY7AHhYABgMUeVLSW2S8HwKKWaDprjUIKZNuMjV-wMLbRW7ZyEvnNvQfrG0rJba2l4iD9DbLi8k4crVZeHsRJSrTMQx7YK2NOqdvjVJXHAwR1AdXg.Quzo5POMXdBXp0kkDsEEMBmG00-Zt9QoSV2zh6azqJQ&dib_tag=se&keywords=fresh+eggs&qid=1785735117&s=samedaystore&sprefix=mil%2Csamedaystore%2C348&sr=1-12
Amazon,B005MS6F4A,"Nucal Foods Egglands Best Eggs, 18 Count",Eggland's Best,18,Unknown,Unknown,A,false,Conventional/Unspecified,4,0,7.12,7.12,7.12,4,4,https://www.amazon.com/Nucal-Foods-Egglands-Best-Count/dp/B005MS6F4A/ref=sr_1_12_us_f3_0o_weis?crid=1E2QJW9TUIM1M&dib=eyJ2IjoiMSJ9.rN3Jz1P1LVTyjH3epPmhlvHcgrrMoFd3qF6al_IIAKCDaKyYJSyhRt4Frd6TaJPICXpPaN9njEroELInuXyMnzW3VqVx5mIqHWVSqTFuABN2aFLgufcsLkGzZDi6q7nJc_sfRXKcz4iXwIdXbNU-lMk1uGSKStt8SO3zkic3orStSLJHR9ka16HQrnmXRv5yXjFld_WUvtth1qDQw6Llvm60yN3KkPZrjin1NzsE_ec.wexnrt8YgbPpi_ovBvDeSO4TtVaqLRqosIrtB_hyNTE&dib_tag=se&keywords=fresh+eggs&qid=1785733604&s=samedaystore&sprefix=mil%2Csamedaystore%2C348&sr=1-12
Amazon,B0BV2B5LLJ,"Weis Quality, Eggs Grade A Extra Large, 12 Count",Unknown,12,Extra Large,Unknown,A,false,Conventional/Unspecified,4,0,2.06,2.1425,2.17,4,4,https://www.amazon.com/Weis-Quality-Grade-Extra-Large/dp/B0BV2B5LLJ/ref=sr_1_1_us_f3_0o_weis?crid=1E2QJW9TUIM1M&dib=eyJ2IjoiMSJ9.GuNeLxazrBtT2cT___DgRbw66rNpQK6bj6m4pmViL1RQocDQKb5QeieltTDSetqcVvR9f-LYGooIAAG62zUU-cwRMuooTxs6YAwXbArPMBXl_CN-RGRDwab6JcsjrncIC4NWIRAk3juUkKfv1ZmsLEV3Cr8v6kaJcsHFmk6tJvHgj4AltUl6uSgkiM6MobMmThmyKUVNXW_zxQQiZKiqovzOtRTmMjZ7ne3XyIJCExc.MsP_JCVlZ1o6XAmQJEK1HQoduJHkB2r__CbGhQTDHfk&dib_tag=se&keywords=fresh+eggs&qid=1785733539&s=samedaystore&sprefix=mil%2Csamedaystore%2C348&sr=1-1
Amazon,B0BV2H9DB6,"Weis Quality, Eggs Grade A Large 2.5 Dozen, 30 Count",Unknown,30,Large,Unknown,A,false,Conventional/Unspecified,4,0,4.36,4.5325,4.59,4,4,https://www.amazon.com/Weis-Quality-Grade-Large-Dozen/dp/B0BV2H9DB6/ref=sr_1_10_us_f3_0o_weis?crid=1E2QJW9TUIM1M&dib=eyJ2IjoiMSJ9.GuNeLxazrBtT2cT___DgRbw66rNpQK6bj6m4pmViL1RQocDQKb5QeieltTDSetqcVvR9f-LYGooIAAG62zUU-cwRMuooTxs6YAwXbArPMBXl_CN-RGRDwab6JcsjrncIC4NWIRAk3juUkKfv1ZmsLEV3Cr8v6kaJcsHFmk6tJvHgj4AltUl6uSgkiM6MobMmThmyKUVNXW_zxQQiZKiqovzOtRTmMjZ7ne3XyIJCExc.MsP_JCVlZ1o6XAmQJEK1HQoduJHkB2r__CbGhQTDHfk&dib_tag=se&keywords=fresh+eggs&qid=1785733539&s=samedaystore&sprefix=mil%2Csamedaystore%2C348&sr=1-10
Amazon,B0BV2GLRTM,"Weis Quality, Eggs Grade A Large Dozen, 12 Count",Unknown,12,Large,Unknown,A,false,Conventional/Unspecified,4,0,1.83,1.9125,1.94,4,4,https://www.amazon.com/Weis-Quality-Grade-Large-Dozen/dp/B0BV2GLRTM/ref=sr_1_4_us_f3_0o_weis?crid=1E2QJW9TUIM1M&dib=eyJ2IjoiMSJ9.sWOXC3uTWiJLSH3i2GzK_k6igQUhOrMvuH5w39bfW3PqzO8EHSM4EIkul9Eot5hAzMWx3GxiRCKWl77gnl7U8iLfvmd9o3b4odcpS-A85Y2FV4qauhAF3pnn8yawX6aV7MoDj7W0LlCYO3Cg5fWjJcdJLMpomKcc9efVjgE--aDbkZ95tbcsFhruujfkBjYrkkoFnuK_2Tx9pgZDxvwvhab2r6br9N6IN7Vfve19z7M.fcIBMxk03GW2ImfDXvoz1U9scJHVIfVJo82XLVT3wdk&dib_tag=se&keywords=fresh+eggs&qid=1785733550&s=samedaystore&sprefix=mil%2Csamedaystore%2C348&sr=1-4
Amazon,B0BV2GK1D2,"Weis Quality, Eggs Grade A Large, 18 Count, 18 Count",Unknown,18,Large,Unknown,A,false,Conventional/Unspecified,4,0,2.7,2.82,2.86,4,4,https://www.amazon.com/Weis-Quality-Grade-Large-Count/dp/B0BV2GK1D2/ref=sr_1_2_us_f3_0o_weis?crid=1E2QJW9TUIM1M&dib=eyJ2IjoiMSJ9.sWOXC3uTWiJLSH3i2GzK_k6igQUhOrMvuH5w39bfW3PqzO8EHSM4EIkul9Eot5hAzMWx3GxiRCKWl77gnl7U8iLfvmd9o3b4odcpS-A85Y2FV4qauhAF3pnn8yawX6aV7MoDj7W0LlCYO3Cg5fWjJcdJLMpomKcc9efVjgE--aDbkZ95tbcsFhruujfkBjYrkkoFnuK_2Tx9pgZDxvwvhab2r6br9N6IN7Vfve19z7M.fcIBMxk03GW2ImfDXvoz1U9scJHVIfVJo82XLVT3wdk&dib_tag=se&keywords=fresh+eggs&qid=1785733550&s=samedaystore&sprefix=mil%2Csamedaystore%2C348&sr=1-2
Amazon,B0DS2R571W,"Whole Foods Market Pasture Large Brown Grade A Eggs 18 Count, 18 CT",Unknown,18,Large,Brown,A,false,Cage-Free,4,0,10.49,10.49,10.49,4,4,https://www.amazon.com/Whole-Foods-Market-Pasture-Large/dp/B0DS2R571W/ref=sr_1_7_us_f3_0o_wf?crid=1E2QJW9TUIM1M&dib=eyJ2IjoiMSJ9.OwDpT32WXjjjBBMLHMJOVC0e03yQiIq-wQnIeZjqa5W9Z_PLTZ_XNH4NQhw8LJdY9yuw89U0yTeQP0MYtpLNeTlgQlU9Xg91oLrG0kOWhhnwrLx8PU02qH8EZAI4zqZVtr5E04H1huCYa20ZT64jm5Ti7IjeljJJ9LaUbrNn0RUZH1i0quuF0ijYW70Mw9w89lqg3OKcbzssfGCyOi0jRUo3yFQXR90MxqQXZdW6Wzk.z7je3PteDn5bQs-qCMYGqetFO5YfMrqrwfCliv2Pi8Q&dib_tag=se&keywords=fresh+eggs&qid=1785740896&s=samedaystore&sprefix=mil%2Csamedaystore%2C348&sr=1-7
Amazon,B0CQKMW62H,"365 by Whole Foods Market Large Brown Grade A Eggs 18 Count, 18 CT",365 by Whole Foods Market,18,Large,Brown,A,false,Conventional/Unspecified,3,0,4.99,4.99,4.99,3,3,https://www.amazon.com/365-Whole-Foods-Market-Large/dp/B0CQKMW62H/ref=sr_1_1_us_f3_0o_wf?crid=1E2QJW9TUIM1M&dib=eyJ2IjoiMSJ9.jsDwBwVxJNvb2O5L-ZTuBtN6Sw8HkTh6fI3jN3SEV8UOEf1f0pX23ZNVGb5CrHne3di7KIQGjLIxBveVvER2gI6t1KYApvnM7NbUZXyazoo3pc7anVPDAlDJUG8MUu_H7Qt16yDg_h4d8IeLMo91yN743U-VgRKQVylHm2rsXZa3D2mexOfyP-r8Fhz_VU9KXbjJ1eew7fqFzoSjwZuctd_l2tNXoMb78ZaC_-iC68c.df7SB18O-K_Jbpn9djVjWIj0z6CeIa6Le0s8wWikT9o&dib_tag=se&keywords=fresh+eggs&qid=1785733342&s=samedaystore&sprefix=mil%2Csamedaystore%2C348&sr=1-1
Amazon,B0CN3WMCB3,Dutch Farms Large Organic Brown Eggs 18pk,Unknown,18,Large,Brown,A,true,Conventional/Unspecified,3,0,7.49,9.49,10.49,3,3,https://www.amazon.com/Dutch-Farms-Large-Organic-Brown/dp/B0CN3WMCB3/ref=sr_1_15?crid=1E2QJW9TUIM1M&dib=eyJ2IjoiMSJ9.ifSewnGPmBMA4Fv5uMOJ1YQT2-0sWEO72N7w6_q3_EHdr4NF5luba5qK0ZhKEuetzO7QCoTgIyxGcexY4Tm_KU7LgiNZbnpxIXHkgWdouCnMU7svvx48J738FlhErlHn0nOVtyR0zrE5XkzGVdypGUviLGcoj6GCfLPqNz_3ysfTqZVp0H5iFnh4pjPFbfodyuzjoQaT41vJ_Ied_kJkh5rAjwDMtzYWKx6r724EnMY.d3HTxLsGF1Dd4WYeHndT7vTDox1bUjBXGF9AmL0dwHM&dib_tag=se&keywords=fresh+eggs&qid=1785737255&s=samedaystore&sprefix=mil%2Csamedaystore%2C348&sr=1-15
Amazon,B000KJR0NQ,"Eggland's Best Classic Extra Large White Eggs, 12 count",Eggland's Best,12,Extra Large,White,A,false,Cage-Free,3,0,4.82,4.82,4.82,3,3,https://www.amazon.com/Egglands-Best-Extra-Large-Grade/dp/B000KJR0NQ/ref=sr_1_6_us_f3_0o_weis?crid=1E2QJW9TUIM1M&dib=eyJ2IjoiMSJ9.Xuz0necIYIOQcCSqYLTbvNXwhQnIuwamZm39s_E1gpA3WCKp5W6N5oyDqKqxeLDeA31mR4no9308O1N21DNT5a6aqYlM_3888TXekkGscyPsS3F2sH2mTW2R6YWW-jy6yCPfI1JbGIhDCtM9nUPrkHIVxjU7nodUhagPaEkXF-01s1klbbCZ04EWQOhsq3dMYuAV3Xa0aEhnbGUptEUIgStBZH3wVNOTF6g7dRvJBeI.bi_BPdwbgCOPM8ftp8ilZf2dRtKjdcxpc5JM9B8z3Tw&dib_tag=se&keywords=fresh+eggs&qid=1785733591&s=samedaystore&sprefix=mil%2Csamedaystore%2C348&sr=1-6
Amazon,B0F8PGBFSS,"Nest Fresh Large Brown Grade A Eggs 12ct, 12 CT",Unknown,12,Large,Brown,A,false,Conventional/Unspecified,3,0,6.49,6.823333333333333,6.99,3,3,https://www.amazon.com/Nest-Fresh-NESTF-LARGE-12/dp/B0F8PGBFSS/ref=sr_1_12_us_f3_0o_wf?crid=1E2QJW9TUIM1M&dib=eyJ2IjoiMSJ9.NCuZLRL9Z3CPCOT5OrtoZJV8GEKg4CcVgLaEt4mOf0XMw38Z2cBNQrqL68UysxqE0uXnwmOWQQaG98JvPaxZr6YxcjmOerxsDDmB-N6i83M14fAVGxSSxmd1AGiaXDdP8jnCLps1oqyY8OXOeji6pqqQJHlRvvIUnKV53S8LeCv9n4b2xLBsLEFVtLDkz21m58vfURzNUi5MmWMYVcJIqP2w3sdOrWMrdkLp10uT3rk.wxdjhPjHgmLpX7m_t3wz7ykhYszjOK39tLbc7LGL3IE&dib_tag=se&keywords=fresh+eggs&qid=1785733715&s=samedaystore&sprefix=mil%2Csamedaystore%2C348&sr=1-12
Amazon,B005MS6F4A,"Nucal Foods Egglands Best Eggs, 18 Count",Eggland's Best,18,Unknown,Unknown,A,false,Cage-Free,3,0,7.12,7.12,7.12,3,3,https://www.amazon.com/Nucal-Foods-Egglands-Best-Count/dp/B005MS6F4A/ref=sr_1_7_us_f3_0o_weis?crid=1E2QJW9TUIM1M&dib=eyJ2IjoiMSJ9.Xuz0necIYIOQcCSqYLTbvNXwhQnIuwamZm39s_E1gpA3WCKp5W6N5oyDqKqxeLDeA31mR4no9308O1N21DNT5a6aqYlM_3888TXekkGscyPsS3F2sH2mTW2R6YWW-jy6yCPfI1JbGIhDCtM9nUPrkHIVxjU7nodUhagPaEkXF-01s1klbbCZ04EWQOhsq3dMYuAV3Xa0aEhnbGUptEUIgStBZH3wVNOTF6g7dRvJBeI.bi_BPdwbgCOPM8ftp8ilZf2dRtKjdcxpc5JM9B8z3Tw&dib_tag=se&keywords=fresh+eggs&qid=1785733591&s=samedaystore&sprefix=mil%2Csamedaystore%2C348&sr=1-7
Amazon,B0BV2B5LLJ,"Weis Quality, Eggs Grade A Extra Large, 12 Count",Unknown,12,Extra Large,Unknown,A,false,Cage-Free,3,0,2.17,2.17,2.17,3,3,https://www.amazon.com/Weis-Quality-Grade-Extra-Large/dp/B0BV2B5LLJ/ref=sr_1_1_us_f3_0o_weis?crid=1E2QJW9TUIM1M&dib=eyJ2IjoiMSJ9.sWOXC3uTWiJLSH3i2GzK_k6igQUhOrMvuH5w39bfW3PqzO8EHSM4EIkul9Eot5hAzMWx3GxiRCKWl77gnl7U8iLfvmd9o3b4odcpS-A85Y2FV4qauhAF3pnn8yawX6aV7MoDj7W0LlCYO3Cg5fWjJbTv56Dv6vcINt3FYWNeJya65CNcNaKbhEsUkQW3EBpRTFv22bGjtyiL68rurJKrRm-aTBMsKas5VhfInRNk1ZQ.MIrxVx89YuZAeqSQH87WJMI1CzPmXJkP46qY3VZrhSM&dib_tag=se&keywords=fresh+eggs&qid=1785733562&s=samedaystore&sprefix=mil%2Csamedaystore%2C348&sr=1-1
Amazon,B0BV2H9DB6,"Weis Quality, Eggs Grade A Large 2.5 Dozen, 30 Count",Unknown,30,Large,Unknown,A,false,Cage-Free,3,0,4.59,4.59,4.59,3,3,https://www.amazon.com/Weis-Quality-Grade-Large-Dozen/dp/B0BV2H9DB6/ref=sr_1_4_us_f3_0o_weis?crid=1E2QJW9TUIM1M&dib=eyJ2IjoiMSJ9.Xuz0necIYIOQcCSqYLTbvNXwhQnIuwamZm39s_E1gpA3WCKp5W6N5oyDqKqxeLDeA31mR4no9308O1N21DNT5a6aqYlM_3888TXekkGscyPsS3F2sH2mTW2R6YWW-jy6yCPfI1JbGIhDCtM9nUPrkHIVxjU7nodUhagPaEkXF-01s1klbbCZ04EWQOhsq3dMYuAV3Xa0aEhnbGUptEUIgStBZH3wVNOTF6g7dRvJBeI.bi_BPdwbgCOPM8ftp8ilZf2dRtKjdcxpc5JM9B8z3Tw&dib_tag=se&keywords=fresh+eggs&qid=1785733591&s=samedaystore&sprefix=mil%2Csamedaystore%2C348&sr=1-4
Amazon,B0BV2GLRTM,"Weis Quality, Eggs Grade A Large Dozen, 12 Count",Unknown,12,Large,Unknown,A,false,Cage-Free,3,0,1.94,1.9400000000000002,1.94,3,3,https://www.amazon.com/Weis-Quality-Grade-Large-Dozen/dp/B0BV2GLRTM/ref=sr_1_4_us_f3_0o_weis?crid=1E2QJW9TUIM1M&dib=eyJ2IjoiMSJ9.sWOXC3uTWiJLSH3i2GzK_k6igQUhOrMvuH5w39bfW3PqzO8EHSM4EIkul9Eot5hAzMWx3GxiRCKWl77gnl7U8iLfvmd9o3b4odcpS-A85Y2FV4qauhAF3pnn8yawX6aV7MoDj7W0LlCYO3Cg5fWjJbTv56Dv6vcINt3FYWNeJya65CNcNaKbhEsUkQW3EBpRTFv22bGjtyiL68rurJKrRm-aTBMsKas5VhfInRNk1ZQ.MIrxVx89YuZAeqSQH87WJMI1CzPmXJkP46qY3VZrhSM&dib_tag=se&keywords=fresh+eggs&qid=1785733562&s=samedaystore&sprefix=mil%2Csamedaystore%2C348&sr=1-4
Amazon,B0BV2GK1D2,"Weis Quality, Eggs Grade A Large, 18 Count, 18 Count",Unknown,18,Large,Unknown,A,false,Cage-Free,3,0,2.86,2.86,2.86,3,3,https://www.amazon.com/Weis-Quality-Grade-Large-Count/dp/B0BV2GK1D2/ref=sr_1_2_us_f3_0o_weis?crid=1E2QJW9TUIM1M&dib=eyJ2IjoiMSJ9.Xuz0necIYIOQcCSqYLTbvNXwhQnIuwamZm39s_E1gpA3WCKp5W6N5oyDqKqxeLDeA31mR4no9308O1N21DNT5a6aqYlM_3888TXekkGscyPsS3F2sH2mTW2R6YWW-jy6yCPfI1JbGIhDCtM9nUPrkHIVxjU7nodUhagPaEkXF-01s1klbbCZ04EWQOhsq3dMYuAV3Xa0aEhnbGUptEUIgStBZH3wVNOTF6g7dRvJBeI.bi_BPdwbgCOPM8ftp8ilZf2dRtKjdcxpc5JM9B8z3Tw&dib_tag=se&keywords=fresh+eggs&qid=1785733591&s=samedaystore&sprefix=mil%2Csamedaystore%2C348&sr=1-2
Amazon,B0DS2R571W,"Whole Foods Market Pasture Large Brown Grade A Eggs 18 Count, 18 CT",Unknown,18,Large,Brown,A,false,Conventional/Unspecified,3,0,8.49,9.156666666666666,10.49,3,3,https://www.amazon.com/Whole-Foods-Market-Pasture-Large/dp/B0DS2R571W/ref=sr_1_11_us_f3_0o_wf?crid=1E2QJW9TUIM1M&dib=eyJ2IjoiMSJ9.l9tkwPiB4dke7lEUKym66TOhx3nv7dexGwRkacUPQDCPoHUVszF-PNPBFPBRkxRiLd1rLqcJde-XfLhinLlD1qXlGO13GBmBSkqPtyl7aTSrv8d4nvYSUDu0GJw6ll0X_ssue0iJ3usaIynXNeztn9tkFarKUmItnxohSgaaA4yWVeez_zhHB1Uq43yM2yzx8nFeqSxa1lzC50Ueg3tNdNXgCo9Jql8x7cJk0Puyf2k.r3hWop_Sgm3ayExvloFSTLErQyuRehWj8yEMdo4c6Aw&dib_tag=se&keywords=fresh+eggs&qid=1785740801&s=samedaystore&sprefix=mil%2Csamedaystore%2C348&sr=1-11
Amazon,B089C8JT7B,"Vital Farms, Egg Large Organic, 18 Count",Vital Farms,18,Large,Unknown,Unknown,true,Conventional/Unspecified,2,0,13.99,14.39,14.79,2,2,https://www.amazon.com/Vital-Farms-Large-Organic-Count/dp/B089C8JT7B/ref=sr_1_10_us_f3_0o_wf?crid=1E2QJW9TUIM1M&dib=eyJ2IjoiMSJ9.9RNfehJugXSJPFLFP6RUpCSulyPf2j-e3AP3l08YvFa41126kzBHn82U9war2Fxa8Yno96k5xU4JR7w1dACTPyXHZjDKUofOK8JzeHNF4-SFdtHt1Y3cdn5khRqTW3lnh78WMIDYS-OvJkqldLiTbt25gSt0WcMaCtwMpkdZxp-ai09UXeFJX5UyNhqj2KHXai_s9pQwhx0r_0LSnvKwXcq5oyIFfvJzrVmPf-iee4U.u6K60gL9wScEStAjpufG8WkoDUDrBltsCjh8bYhRiek&dib_tag=se&keywords=fresh+eggs&qid=1785740423&s=samedaystore&sprefix=mil%2Csamedaystore%2C348&sr=1-10
Amazon,B0BHWSNH3D,"Weis Quality, Eggs Grade A Jumbo Dozen, 12 Count",Unknown,12,Jumbo,Unknown,A,false,Conventional/Unspecified,2,0,2.29,2.3449999999999998,2.4,2,2,https://www.amazon.com/Weis-Quality-Grade-Jumbo-Dozen/dp/B0BHWSNH3D/ref=sr_1_13_us_f3_0o_weis?crid=1E2QJW9TUIM1M&dib=eyJ2IjoiMSJ9.rN3Jz1P1LVTyjH3epPmhlvHcgrrMoFd3qF6al_IIAKCDaKyYJSyhRt4Frd6TaJPICXpPaN9njEroELInuXyMnzW3VqVx5mIqHWVSqTFuABN2aFLgufcsLkGzZDi6q7nJc_sfRXKcz4iXwIdXbNU-lMk1uGSKStt8SO3zkic3orStSLJHR9ka16HQrnmXRv5yXjFld_WUvtth1qDQw6Llvm60yN3KkPZrjin1NzsE_ec.wexnrt8YgbPpi_ovBvDeSO4TtVaqLRqosIrtB_hyNTE&dib_tag=se&keywords=fresh+eggs&qid=1785733604&s=samedaystore&sprefix=mil%2Csamedaystore%2C348&sr=1-13
Amazon,B01ECDP5NC,Pete and Gerry's Organic Eggs 12ct Extra Large,Pete & Gerry's,12,Extra Large,Unknown,Unknown,true,Free-Range,1,0,7.59,7.59,7.59,1,1,https://www.amazon.com/Pete-Gerrys-Organic-Free-Range-Grade/dp/B01ECDP5NC/ref=sr_1_12?crid=1E2QJW9TUIM1M&dib=eyJ2IjoiMSJ9.8aLx15A1zStojkdrfKsJ93I19D9MiWGSsyypuGjC8hd-1jtwyZH4jxYLRxUk1nVrYn5moWJJvX_W3xo8gH1FMVxFeIzP__gCryesm0eWVAMQ0Q_XEylOycA2-n2r6D7zXKJEGD7aaCkjSZmhUn_IIJh5dxJ3cYXOtCIH98qDYWgWypcjmZq6I5czDk8Lb3NmjbgIXpGE3KcVcab7LbdiuY-v5m5blphn7O66UbGzAfo.5woRl23tihUGqaQq0fR8JrmGb5xnmgOdT8xnlfqlO1Q&dib_tag=se&keywords=fresh+eggs&qid=1785740420&s=samedaystore&sprefix=mil%2Csamedaystore%2C348&sr=1-12
Amazon,B0BV2B5LLJ,"Weis Quality, Eggs Grade A Extra Large, 12 Count",Unknown,12,Extra Large,Brown,A,false,Conventional/Unspecified,1,0,2.17,2.17,2.17,1,1,https://www.amazon.com/Weis-Quality-Grade-Extra-Large/dp/B0BV2B5LLJ/ref=sr_1_5_us_f3_0o_weis?crid=1E2QJW9TUIM1M&dib=eyJ2IjoiMSJ9.g0Qd0LNYTeKD7xL7WsuFGNN6Sw8HkTh6fI3jN3SEV8X_LpiMBLSMaxk1yd0CU0zhZR2Ni6iRfVKP5M-chCQ62T0rbjT9odyL3-eiJ_VanK_dfz77BLa20HlkWtREGvE6WyP9HC31FSiTbZ8Aig3fmDlC0vN43MOe8arLw4UHKc7_Z359sBd3UON4l_rHJz7SCa-yz8WlVabLZcWwqZRiKK5iNgs4CqutYnOYR0M-9cc.qwWUQxxwNEOnRBgEGtIQiHcENmFO1NghIuEUpZyro-0&dib_tag=se&keywords=fresh+eggs&qid=1785733618&s=samedaystore&sprefix=mil%2Csamedaystore%2C348&sr=1-5
Amazon,B0BV2GLRTM,"Weis Quality, Eggs Grade A Large Dozen, 12 Count",Unknown,12,Large,Brown,A,false,Conventional/Unspecified,1,0,1.94,1.94,1.94,1,1,https://www.amazon.com/Weis-Quality-Grade-Large-Dozen/dp/B0BV2GLRTM/ref=sr_1_16_us_f3_0o_weis?crid=1E2QJW9TUIM1M&dib=eyJ2IjoiMSJ9.g0Qd0LNYTeKD7xL7WsuFGNN6Sw8HkTh6fI3jN3SEV8X_LpiMBLSMaxk1yd0CU0zhZR2Ni6iRfVKP5M-chCQ62T0rbjT9odyL3-eiJ_VanK_dfz77BLa20HlkWtREGvE6WyP9HC31FSiTbZ8Aig3fmDlC0vN43MOe8arLw4UHKc7_Z359sBd3UON4l_rHJz7SCa-yz8WlVabLZcWwqZRiKK5iNgs4CqutYnOYR0M-9cc.qwWUQxxwNEOnRBgEGtIQiHcENmFO1NghIuEUpZyro-0&dib_tag=se&keywords=fresh+eggs&qid=1785733618&s=samedaystore&sprefix=mil%2Csamedaystore%2C348&sr=1-16
Amazon,B0BV2GK1D2,"Weis Quality, Eggs Grade A Large, 18 Count, 18 Count",Unknown,18,Large,Brown,A,false,Conventional/Unspecified,1,0,2.86,2.86,2.86,1,1,https://www.amazon.com/Weis-Quality-Grade-Large-Count/dp/B0BV2GK1D2/ref=sr_1_13_us_f3_0o_weis?crid=1E2QJW9TUIM1M&dib=eyJ2IjoiMSJ9.g0Qd0LNYTeKD7xL7WsuFGNN6Sw8HkTh6fI3jN3SEV8X_LpiMBLSMaxk1yd0CU0zhZR2Ni6iRfVKP5M-chCQ62T0rbjT9odyL3-eiJ_VanK_dfz77BLa20HlkWtREGvE6WyP9HC31FSiTbZ8Aig3fmDlC0vN43MOe8arLw4UHKc7_Z359sBd3UON4l_rHJz7SCa-yz8WlVabLZcWwqZRiKK5iNgs4CqutYnOYR0M-9cc.qwWUQxxwNEOnRBgEGtIQiHcENmFO1NghIuEUpZyro-0&dib_tag=se&keywords=fresh+eggs&qid=1785733618&s=samedaystore&sprefix=mil%2Csamedaystore%2C348&sr=1-13
Amazon,B07813J5WT,"Worlds Best Eggs Organic Large Grade A Eggs, 12 CT",Unknown,12,Large,Unknown,A,true,Conventional/Unspecified,1,0,8.99,8.99,8.99,1,1,https://www.amazon.com/WORLDS-BEST-EGGS-Organic-Omega/dp/B07813J5WT/ref=sr_1_15?crid=1E2QJW9TUIM1M&dib=eyJ2IjoiMSJ9.BVXKpMn3DIkJE4tuQHvoQYYwKYSFDfgufGl1aeU3wJqMg3h7OcucKYLF98JUKjhmd0uVJ__AIlInihgWGRTaIvIbKxPkvAYBK7UNQKXLqhb3N0FREdHvsmtQbbS4baJDcuAHH5--tE69eghr6uX0GCxhchbMoTVOjsns997a0wlvMp8icCC8ve-z2QU6ZSVpzu_0qe91M2mp_5jsWgvtnynFhrko9Mzlt7rmGJj0VXQ.4PeuTjbjHtSR_gYKnYXwpFFqrdwQCP9jKJ7wZDWvT-8&dib_tag=se&keywords=fresh+eggs&qid=1785739268&s=samedaystore&sprefix=mil%2Csamedaystore%2C348&sr=1-15
Giant Eagle,79492051753,"Crystal Spring Large White Eggs, 12 Ct",Crystal Spring,12,Large,White,Unknown,false,Conventional/Unspecified,169,190,1.49,1.4900000000000002,1.49,190,190,https://www.gianteagle.com/search/product/00079492051753
Giant Eagle,79492051784,Crystal Spring Large Eggs,Crystal Spring,,Large,Unknown,Unknown,false,Conventional/Unspecified,165,186,0.99,0.9899999999999999,0.99,186,186,https://www.gianteagle.com/search/product/00079492051784
Giant Eagle,7.15142E+11,"Eggland's Best Classic Large White Eggs, 12 Count",Eggland's Best,12,Large,White,Unknown,false,Conventional/Unspecified,165,185,3.59,3.59,3.59,185,185,https://www.gianteagle.com/search/product/00715141503494
Giant Eagle,79492041754,Crystal Spring Large White Eggs 18Ct,Crystal Spring,18,Large,White,Unknown,false,Conventional/Unspecified,164,185,2.19,2.19,2.19,185,185,https://www.gianteagle.com/search/product/00079492041754
Giant Eagle,79492011757,Crystal Spring Jumbo White Eggs 12Ct,Crystal Spring,12,Jumbo,White,Unknown,false,Conventional/Unspecified,163,184,2.09,2.09,2.09,184,184,https://www.gianteagle.com/search/product/00079492011757
Giant Eagle,7.15141E+11,Eggland's Best 18ct Large White Eggs,Eggland's Best,18,Large,White,Unknown,false,Conventional/Unspecified,161,182,5.29,5.29,5.29,182,182,https://www.gianteagle.com/search/product/00715141113570
Giant Eagle,7.15142E+11,Eggland's Best 12ct Extra Large White Eggs,Eggland's Best,12,Extra Large,White,Unknown,false,Conventional/Unspecified,159,180,3.79,3.79,3.79,180,180,https://www.gianteagle.com/search/product/00715141729283
Giant Eagle,79492061752,Crystal Spring Large Eggs,Crystal Spring,,Large,Unknown,Unknown,false,Conventional/Unspecified,158,178,3.99,3.99,3.99,178,178,https://www.gianteagle.com/search/product/00079492061752
Giant Eagle,30034944902,"Giant Eagle Cage Free Brown Eggs, Large",Giant Eagle,,Large,Brown,Unknown,false,Cage-Free,156,175,4.29,4.29,4.29,175,175,https://www.gianteagle.com/search/product/00030034944902
Giant Eagle,7.15142E+11,Eggland's Best Organic 12ct Large Brown Eggs,Eggland's Best,12,Large,Brown,Unknown,true,Conventional/Unspecified,155,176,5.69,5.69,5.69,176,176,https://www.gianteagle.com/search/product/00715141716825
Giant Eagle,8.87422E+11,"Happy Egg Co. Eggs, Free Range, Large, Organic",Happy Egg,,Large,Unknown,Unknown,true,Free-Range,155,174,5.99,5.99,5.99,174,174,https://www.gianteagle.com/search/product/00887422000081
Giant Eagle,8.87422E+11,"Happy Egg Co. Eggs, Free Range, Large",Happy Egg,,Large,Unknown,Unknown,false,Free-Range,154,175,5.99,6.081428571428572,7.99,175,175,https://www.gianteagle.com/search/product/00887422000005
Giant Eagle,30034944896,Giant Eagle Brown Large Eggs,Giant Eagle,,Large,Brown,Unknown,false,Conventional/Unspecified,152,172,8.49,8.49,8.49,172,172,https://www.gianteagle.com/search/product/00030034944896
Giant Eagle,30034944919,Giant Eagle White Large Eggs,Giant Eagle,,Large,White,Unknown,false,Conventional/Unspecified,151,170,3.99,3.99,3.99,170,170,https://www.gianteagle.com/search/product/00030034944919
Giant Eagle,7.15142E+11,"Eggland's Best Cage Free Large Brown Eggs, 12 Count",Eggland's Best,12,Large,Brown,Unknown,false,Cage-Free,148,167,4.79,4.79,4.79,167,167,https://www.gianteagle.com/search/product/00715141514643
Giant Eagle,8.15652E+11,Pete & Gerry's Pasture Raised Eggs Large,Pete & Gerry's,12,Large,Brown,Unknown,false,Pasture-Raised,147,164,7.49,7.490000000000001,7.49,164,164,https://www.gianteagle.com/search/product/00815652002155
Giant Eagle,8.61745E+11,Vital Farms Pasture Raised Large Grade A Eggs,Vital Farms,12,Large,Unknown,A,false,Pasture-Raised,147,166,4.99,4.99,4.99,166,166,https://www.gianteagle.com/search/product/00861745000010
Giant Eagle,8.15652E+11,Nellies Nellie's Free Range Eggs,Nellie's,12,Large,Brown,Unknown,false,Free-Range,139,155,5.49,5.49,5.49,155,155,https://www.gianteagle.com/search/product/00815652004180
Giant Eagle,8.62315E+11,Vital Farms 18 ct Pasture-Raised Large Grade A Brown Eggs,Vital Farms,18,Large,Brown,A,false,Pasture-Raised,135,152,11.49,11.49,11.49,152,152,https://www.gianteagle.com/search/product/00862315000249
Giant Eagle,8.61745E+11,Vital Farms Organic Pasture-Raised Large Eggs,Vital Farms,12,Large,Unknown,Unknown,true,Pasture-Raised,131,148,10.99,10.99,10.99,148,148,https://www.gianteagle.com/search/product/00861745000027
Giant Eagle,18227983402,"Pine View Pastures Eggs, Ungraded, Brown, Open Range",Unknown,,Unknown,Brown,Ungraded,false,Pasture-Raised,16,17,4.99,4.99,4.99,17,17,https://www.gianteagle.com/search/product/00018227983402
Giant Eagle,79492051692,"Crystal Springs Cage Free Large Brown Eggs, 1 dozen",Crystal Spring,12,Large,Brown,Unknown,false,Cage-Free,15,15,3.59,3.5899999999999994,3.59,15,15,https://www.gianteagle.com/search/product/00079492051692
Giant Eagle,7.15142E+11,Eggland's Best White Cage Free Large Eggs,Eggland's Best,,Large,White,Unknown,false,Cage-Free,12,12,4.29,4.573333333333333,5.99,12,12,https://www.gianteagle.com/search/product/00715141514711
Giant Eagle,8.87422E+11,"Happy Egg Co. Eggs, Brown & Blue, Free Range, Large, Heritage",Happy Egg,,Large,Specialty/Mixed,Unknown,false,Free-Range,11,11,8.49,8.49,8.49,11,11,https://www.gianteagle.com/search/product/00887422000210
Giant Eagle,7.69603E+11,Sunny Harvest Coop Regular Large Pasture Raised Eggs,Unknown,,Large,Unknown,Unknown,false,Pasture-Raised,11,11,5.99,5.99,5.99,11,11,https://www.gianteagle.com/search/product/00769602560687
Giant Eagle,7.38677E+11,"Jubilee Hilltop Ranch Eggs, Farm Fresh Local",Unknown,,Unknown,Unknown,Unknown,false,Conventional/Unspecified,7,8,7.59,7.59,7.59,8,8,https://www.gianteagle.com/search/product/00738676697711
Giant Eagle,77438555044,Hillandale Farms White Farm Fresh Medium Eggs,Unknown,,Medium,White,Unknown,false,Conventional/Unspecified,4,4,1.39,1.39,1.39,4,4,https://www.gianteagle.com/search/product/00077438555044
Giant Eagle,7.15142E+11,Eggland's Best White Cage Free Extra Large Eggs,Eggland's Best,,Extra Large,White,Unknown,false,Cage-Free,2,2,4.39,4.39,4.39,2,2,https://www.gianteagle.com/search/product/00715141514728
Giant Eagle,30034000509,Giant Eagle Large Eggs Grade A 1 Dozen,Giant Eagle,12,Large,Unknown,A,false,Conventional/Unspecified,2,2,1.99,1.99,1.99,2,2,https://www.gianteagle.com/search/product/00030034000509
Giant Eagle,77438555020,"Hillandale Farms Extra Large White Eggs, Grade A, 1 Dozen",Unknown,12,Extra Large,White,A,false,Conventional/Unspecified,2,2,4.79,4.79,4.79,2,2,https://www.gianteagle.com/search/product/00077438555020
Giant Eagle,7.24753E+11,"Copia Farms Local, Pasture-Raised, Eggs",Unknown,,Unknown,Unknown,Unknown,false,Pasture-Raised,1,1,7.99,7.99,7.99,1,1,https://www.gianteagle.com/search/product/00724752903661
Giant Eagle,30034000523,"Giant Eagle Extra Large Eggs, Grade A, 12 Count",Giant Eagle,12,Extra Large,Unknown,A,false,Conventional/Unspecified,1,1,4.19,4.19,4.19,1,1,https://www.gianteagle.com/search/product/00030034000523
Giant Eagle,77438555228,Hillandale Farms Extra Large Eggs,Unknown,,Extra Large,Unknown,Unknown,false,Conventional/Unspecified,1,1,6.99,6.99,6.99,1,1,https://www.gianteagle.com/search/product/00077438555228
Giant Eagle,77438558113,Hillandale Farms White Cage Free Large Eggs,Unknown,,Large,White,Unknown,false,Cage-Free,1,1,5.99,5.99,5.99,1,1,https://www.gianteagle.com/search/product/00077438558113
Giant Eagle,8.60002E+11,Organic Pasture Heirloom Eggs,Unknown,,Unknown,Unknown,Unknown,true,Conventional/Unspecified,1,1,6.99,6.99,6.99,1,1,https://www.gianteagle.com/search/product/00860001819427
Giant Eagle,8.60002E+11,Outward Farms Organic Egg,Unknown,,Unknown,Unknown,Unknown,true,Conventional/Unspecified,1,1,5.99,5.99,5.99,1,1,https://www.gianteagle.com/search/product/00860001988901
Giant Eagle,33604535449,"Sauders Grade ""A"" Large Eggs",Sauder's,,Large,Unknown,Unknown,false,Conventional/Unspecified,1,1,6.89,6.89,6.89,1,1,https://www.gianteagle.com/search/product/00033604535449
Giant Eagle,7.46219E+11,Seven Sons 7S Eggs Large,Unknown,,Large,Unknown,Unknown,false,Conventional/Unspecified,1,1,7.99,7.99,7.99,1,1,https://www.gianteagle.com/search/product/00746218770006
H-E-B,1011641,"H-E-B Grade AA Cage Free Large Brown Eggs, 12 ct",H-E-B,12,Large,Brown,AA,false,Cage-Free,276,343,2.79,2.79,2.79,343,343,https://www.heb.com/product-detail/h-e-b-grade-aa-cage-free-large-brown-eggs-12-ct/1011641
H-E-B,325137,"H-E-B Grade AA Cage Free Large White Eggs, 12 ct",H-E-B,12,Large,White,AA,false,Cage-Free,274,341,3,3,3,341,341,https://www.heb.com/product-detail/h-e-b-grade-aa-cage-free-large-white-eggs-12-ct/325137
H-E-B,313762,"Hill Country Fare Grade A Large White Eggs, 12 ct",Hill Country Fare,12,Large,White,A,false,Conventional/Unspecified,274,341,1.75,1.75,1.75,341,341,https://www.heb.com/product-detail/hill-country-fare-grade-a-large-white-eggs-12-ct/313762
H-E-B,5586120,"Eggland's Best Grade A Cage Free Large White Eggs, 12 ct",Eggland'S Best,12,Large,White,A,false,Cage-Free,273,333,4.06,4.06,4.06,333,333,https://www.heb.com/product-detail/eggland-s-best-grade-a-cage-free-large-white-eggs-12-ct/5586120
H-E-B,325138,"H-E-B Grade AA Cage Free Extra Large White Eggs, 12 ct",H-E-B,12,Extra Large,White,AA,false,Cage-Free,273,338,3.32,3.3199999999999994,3.32,338,338,https://www.heb.com/product-detail/h-e-b-grade-aa-cage-free-extra-large-white-eggs-12-ct/325138
H-E-B,2177042,"H-E-B Grade AA Cage Free Large White Eggs, 18 ct",H-E-B,18,Large,White,AA,false,Cage-Free,273,340,4.5,4.5,4.5,340,340,https://www.heb.com/product-detail/h-e-b-grade-aa-cage-free-large-white-eggs-18-ct/2177042
H-E-B,313769,"Hill Country Fare Grade A Jumbo White Eggs, 12 ct",Hill Country Fare,12,Jumbo,White,A,false,Conventional/Unspecified,272,339,1.93,1.93,1.93,339,339,https://www.heb.com/product-detail/hill-country-fare-grade-a-jumbo-white-eggs-12-ct/313769
H-E-B,325140,"Hill Country Fare Grade A Large White Eggs, 18 ct",Hill Country Fare,18,Large,White,A,false,Conventional/Unspecified,272,337,2.28,2.28,2.28,337,337,https://www.heb.com/product-detail/hill-country-fare-grade-a-large-white-eggs-18-ct/325140
H-E-B,8249501,"H-E-B Grade AA Cage Free Extra Large White Eggs, 30 ct",H-E-B,30,Extra Large,White,AA,false,Cage-Free,269,333,8.3,8.3,8.3,333,333,https://www.heb.com/product-detail/h-e-b-grade-aa-cage-free-extra-large-white-eggs-30-ct/8249501
H-E-B,2090148,"H-E-B Cage Free Omega-3 Grade AA Large Brown Eggs, 12 ct",H-E-B,12,Large,Brown,AA,false,Cage-Free,268,330,3.63,3.6299999999999994,3.63,330,330,https://www.heb.com/product-detail/h-e-b-cage-free-omega-3-grade-aa-large-brown-eggs-12-ct/2090148
H-E-B,591790,"H-E-B Organics Grade A Cage-Free Large Brown Eggs, 12 ct",H-E-B Organics,12,Large,Brown,A,true,Cage-Free,266,331,4.17,4.17,4.17,331,331,https://www.heb.com/product-detail/h-e-b-organics-grade-a-cage-free-large-brown-eggs-12-ct/591790
H-E-B,8271501,"H-E-B Grade AA Cage Free Extra Large Brown Eggs, 18 ct",H-E-B,18,Extra Large,Brown,AA,false,Cage-Free,259,322,5.03,5.03,5.03,322,322,https://www.heb.com/product-detail/h-e-b-grade-aa-cage-free-extra-large-brown-eggs-18-ct/8271501
H-E-B,4038548,"H-E-B Organics Grade A Cage Free Extra Large Brown Eggs, 18 ct",H-E-B Organics,18,Extra Large,Brown,A,true,Cage-Free,252,313,7.91,7.91,7.91,313,313,https://www.heb.com/product-detail/h-e-b-organics-grade-a-cage-free-extra-large-brown-eggs-18-ct/4038548
H-E-B,1047698,"Hill Country Fare Grade A Large White Eggs, 3 Dozen, 36 ct",Hill Country Fare,36,Large,White,A,false,Conventional/Unspecified,250,309,4.54,4.54,4.54,309,309,https://www.heb.com/product-detail/hill-country-fare-grade-a-large-white-eggs-3-dozen-36-ct/1047698
H-E-B,9296015,"H-E-B Grade AA Cage Free Extra Large Brown Eggs, 30 ct",H-E-B,30,Extra Large,Brown,AA,false,Cage-Free,245,299,8.34,8.34,8.34,299,299,https://www.heb.com/product-detail/h-e-b-grade-aa-cage-free-extra-large-brown-eggs-30-ct/9296015
H-E-B,1414070,"H-E-B Organics Grade A Cage Free Jumbo Brown Eggs, 12 ct",H-E-B Organics,12,Jumbo,Brown,A,true,Cage-Free,242,303,5.27,5.27,5.27,303,303,https://www.heb.com/product-detail/h-e-b-organics-grade-a-cage-free-jumbo-brown-eggs-12-ct/1414070
H-E-B,2094312,"H-E-B Organics Grade A Omega-3 Cage-Free Large Brown Eggs, 12 ct",H-E-B Organics,12,Large,Brown,A,true,Cage-Free,232,288,5.38,5.38,5.38,288,288,https://www.heb.com/product-detail/h-e-b-organics-grade-a-omega-3-cage-free-large-brown-eggs-12-ct/2094312
H-E-B,313771,"Farmhouse Grade A Cage Free Large Brown Eggs, 12 ct",Farmhouse,12,Large,Brown,A,false,Cage-Free,231,278,3.74,3.74,3.74,278,278,https://www.heb.com/product-detail/farmhouse-grade-a-cage-free-large-brown-eggs-12-ct/313771
H-E-B,2089029,"Central Market Organic Pasture Raised No Soy Large Brown Eggs, 12 ct",Central Market,12,Large,Brown,Unknown,true,Pasture-Raised,182,219,7.75,7.75,7.75,219,219,https://www.heb.com/product-detail/central-market-organic-pasture-raised-no-soy-large-brown-eggs-12-ct/2089029
H-E-B,8446072,"Central Market Pasture-Raised Heirloom Colorful Large Grade A Eggs, 12 ct",Central Market,12,Large,Specialty/Mixed,A,false,Pasture-Raised,180,222,7.75,7.75,7.75,222,222,https://www.heb.com/product-detail/central-market-pasture-raised-heirloom-colorful-large-grade-a-eggs-12-ct/8446072
H-E-B,1779527,"Hill Country Fare Grade A Large White Eggs - Texas Size Pack, 5 Dozen, 60 ct",Hill Country Fare,60,Large,White,A,false,Conventional/Unspecified,179,214,7.49,7.49,7.49,214,214,https://www.heb.com/product-detail/hill-country-fare-grade-a-large-white-eggs-nbsp-texas-size-pack-5-dozen-60-ct/1779527
H-E-B,313768,"Hill Country Fare Grade A Medium White Eggs, 12 ct",Hill Country Fare,12,Medium,White,A,false,Conventional/Unspecified,179,201,1.49,1.49,1.49,201,201,https://www.heb.com/product-detail/hill-country-fare-grade-a-medium-white-eggs-12-ct/313768
H-E-B,2091628,"Vital Farms Pasture Raised  Large Eggs, 12 ct",Vital Farms,12,Large,Unknown,A,false,Pasture-Raised,172,208,7.83,7.83,7.83,208,208,https://www.heb.com/product-detail/vital-farms-grade-a-pasture-raised-large-eggs-12-ct/2091628
H-E-B,3388501,"4 Grain Grade A Cage Free Large Brown Eggs, 12 ct",4 Grain,12,Large,Brown,A,false,Cage-Free,170,205,4.01,4.01,4.01,205,205,https://www.heb.com/product-detail/4-grain-grade-a-cage-free-large-brown-eggs-12-ct/3388501
H-E-B,1335796,"The Country Hen Grade A Organic Cage Free Large Eggs, 6 ct",The Country Hen,6,Large,Unknown,A,true,Cage-Free,161,188,4.18,4.18,4.18,188,188,https://www.heb.com/product-detail/the-country-hen-grade-a-organic-cage-free-large-eggs-6-ct/1335796
H-E-B,392291,"Sunups Grade A Large White Eggs, 12 ct",Sunups,12,Large,White,A,false,Conventional/Unspecified,156,186,1.53,1.5299999999999998,1.53,186,186,https://www.heb.com/product-detail/sunups-grade-a-large-white-eggs-12-ct/392291
H-E-B,3386501,"Happy Egg Grade A Free Range Large Brown Eggs, 12 ct",Happy Egg,12,Large,Brown,A,false,Free-Range,143,166,6.28,6.28,6.28,166,166,https://www.heb.com/product-detail/happy-egg-grade-a-free-range-large-brown-eggs-12-ct/3386501
H-E-B,10937551,"New Barn Organic Pasture Raised Brown Eggs, 12 ct",New Barn,12,Unknown,Brown,Unknown,true,Pasture-Raised,137,163,8.06,8.06,8.06,163,163,https://www.heb.com/product-detail/new-barn-organic-pasture-raised-brown-eggs-12-ct/10937551
H-E-B,469681,"Farmhouse Grade A Cage Free Jumbo Brown Eggs, 12 ct",Farmhouse,12,Jumbo,Brown,A,false,Cage-Free,136,162,4.47,4.47,4.47,162,162,https://www.heb.com/product-detail/farmhouse-grade-a-cage-free-jumbo-brown-eggs-12-ct/469681
H-E-B,12192011,"Happy Egg Co. Heritage Free Range Grade A Large Eggs, 12 ct",Happy Egg Co.,12,Large,Unknown,A,false,Free-Range,122,137,8.38,8.38,8.38,137,137,https://www.heb.com/product-detail/happy-egg-co-heritage-free-range-grade-a-large-eggs-12-ct/12192011
H-E-B,1834716,"Vital Farms Pasture Raised Organic  Large Eggs, 12 ct",Vital Farms,12,Large,Unknown,Unknown,true,Pasture-Raised,111,123,9.96,9.96,9.96,123,123,https://www.heb.com/product-detail/vital-farms-organic-pasture-raised-large-eggs-12-ct/1834716
H-E-B,2102508,"Pete and Gerry's Organic Free Range Large Brown Eggs, 12 ct",Pete And Gerry'S,12,Large,Brown,Unknown,true,Free-Range,107,121,7.22,7.22,7.22,121,121,https://www.heb.com/product-detail/pete-and-gerry-s-organic-free-range-large-brown-eggs-12-ct/2102508
H-E-B,2156607,"Nellies Grade A Free Range Large Brown Eggs, 18 ct",Nellies,18,Large,Brown,A,false,Free-Range,95,105,9.95,9.95,9.95,105,105,https://www.heb.com/product-detail/nellies-grade-a-free-range-large-brown-eggs-18-ct/2156607
H-E-B,5597020,"Eggland's Best Grade A Cage Free Extra Large White Eggs, 12 ct",Eggland'S Best,12,Extra Large,White,A,false,Cage-Free,94,104,4.48,4.48,4.48,104,104,https://www.heb.com/product-detail/eggland-s-best-grade-a-cage-free-extra-large-white-eggs-12-ct/5597020
H-E-B,8916035,"Vital Farms Pasture Raised  Large Eggs, 18 ct",Vital Farms,18,Large,Unknown,Unknown,false,Pasture-Raised,88,100,11.7,11.7,11.7,100,100,https://www.heb.com/product-detail/vital-farms-pasture-raised-large-eggs-18-ct/8916035
H-E-B,3904506,"Gold Circle Farms Grade A Jumbo Eggs, 12 ct",Gold Circle Farms,12,Jumbo,Unknown,A,false,Conventional/Unspecified,78,89,2.04,2.04,2.04,89,89,https://www.heb.com/product-detail/gold-circle-farms-grade-a-jumbo-eggs-12-ct/3904506
H-E-B,16178512,"NestFresh Pasture Raised Humanely Hatched Brown Eggs, 12 ct",Nestfresh,12,Unknown,Brown,Unknown,false,Pasture-Raised,78,90,6.8,6.8,6.8,90,90,https://www.heb.com/product-detail/nestfresh-pasture-raised-humanely-hatched-brown-eggs-12-ct/16178512
H-E-B,16117035,"Fearless Eggs Poach'd Grade A Large Eggs, 6 ct",Fearless Eggs,6,Large,Unknown,A,false,Conventional/Unspecified,68,77,5.23,5.23,5.23,77,77,https://www.heb.com/product-detail/fearless-eggs-poach-d-grade-a-large-eggs-6-ct/16117035
H-E-B,3904505,"Gold Circle Farms Grade A Large Eggs, 18 ct",Gold Circle Farms,18,Large,Unknown,A,false,Conventional/Unspecified,66,75,2.7,2.7,2.7,75,75,https://www.heb.com/product-detail/gold-circle-farms-grade-a-large-eggs-18-ct/3904505
H-E-B,2138139,"Kenz Henz Pasture Raised Large Eggs, 12 ct",Kenz Henz,12,Large,Unknown,AA,false,Pasture-Raised,47,53,7.86,7.860000000000001,7.86,53,53,https://www.heb.com/product-detail/kenz-henz-grade-aa-pasture-raised-large-eggs-12-ct/2138139
H-E-B,1899681,"Horizon Organic Grade A Organic Cage Free Extra Large Brown Eggs, 12 ct",Horizon Organic,12,Extra Large,Brown,A,true,Cage-Free,38,40,6.49,6.49,6.49,40,40,https://www.heb.com/product-detail/horizon-organic-grade-a-organic-cage-free-extra-large-brown-eggs-12-ct/1899681
H-E-B,15396516,"Sun Ups Cage Free White Grade A Jumbo Eggs, 12 ct",Sun Ups,12,Jumbo,White,A,false,Cage-Free,31,46,2.77,2.77,2.77,46,46,https://www.heb.com/product-detail/sun-ups-cage-free-white-grade-a-jumbo-eggs-12-ct/15396516
H-E-B,1163458,"Sunups Grad A Medium White Eggs, 3 Dozen, 36 ct",Sunups,36,Medium,White,Unknown,false,Conventional/Unspecified,20,23,4.76,4.76,4.76,23,23,https://www.heb.com/product-detail/sunups-grad-a-medium-white-eggs-3-dozen-36-ct/1163458
H-E-B,5586122,"Eggland's Best Grade A Cage Free Large White Eggs, 18 ct",Eggland'S Best,18,Large,White,A,false,Cage-Free,1,1,6.1,6.1,6.1,1,1,https://www.heb.com/product-detail/eggland-s-best-grade-a-cage-free-large-white-eggs-18-ct/5586122
H-E-B,2102510,"Nellies Grade A Free Range Large Brown Eggs, 12 ct",Nellies,12,Large,Brown,A,false,Free-Range,1,1,5.03,5.03,5.03,1,1,https://www.heb.com/product-detail/nellies-grade-a-free-range-large-brown-eggs-12-ct/2102510
Kroger,0071514151464,Eggland's Best Cage Free Large Brown Eggs,Eggland'S Best,12,Large,Brown,Unknown,false,Cage-Free,38,38,5.79,5.79,5.79,38,38,https://www.kroger.com/p/eggland-s-best-cage-free-large-brown-eggs-12-count/0071514151464
Kroger,0001111006479,Simple Truth Organic™ Cage Free Grade A Large Brown Eggs,Simple Truth,,Large,Brown,A,true,Cage-Free,38,38,7.29,7.289999999999999,7.29,38,38,https://www.kroger.com/p/simple-truth-organic-cage-free-grade-a-large-brown-eggs/0001111006479
Kroger,0001111079772,Simple Truth Organic™ Cage Free Grade A Large Brown Eggs,Simple Truth,,Large,Brown,A,true,Cage-Free,38,38,4.99,4.99,4.99,38,38,https://www.kroger.com/p/simple-truth-organic-cage-free-grade-a-large-brown-eggs/0001111079772
Kroger,0001111015097,Simple Truth® Cage Free Grade A Large Brown Eggs,Simple Truth,,Large,Brown,A,false,Cage-Free,38,38,5.99,5.99,5.99,38,38,https://www.kroger.com/p/simple-truth-cage-free-grade-a-large-brown-eggs/0001111015097
Kroger,0001111079770,Simple Truth™ Natural Cage Free Grade A Large Brown Eggs,Simple Truth,,Large,Brown,A,false,Cage-Free,38,38,3.99,3.99,3.99,38,38,https://www.kroger.com/p/simple-truth-natural-cage-free-large-brown-eggs/0001111079770
Kroger,0001111089310,Simple Truth™ Natural Cage Free Grade A Large Brown Eggs,Simple Truth,,Large,Brown,A,false,Cage-Free,38,38,5.49,5.49,5.49,38,38,https://www.kroger.com/p/simple-truth-natural-cage-free-grade-a-large-brown-eggs/0001111089310
Kroger,0088742200000,Happy Egg Co.® Free Range Large Brown Eggs,Happy Egg Co.,,Large,Brown,Unknown,false,Free-Range,37,37,4.99,4.99,4.99,37,37,https://www.kroger.com/p/happy-egg-co-free-range-large-brown-eggs/0088742200000
Kroger,0086174500001,Vital Farms® Pasture-Raised Large Brown Eggs,Vital Farms,12,Large,Brown,Unknown,false,Pasture-Raised,37,37,7.49,7.49,7.49,37,37,https://www.kroger.com/p/vital-farms-pasture-raised-large-brown-eggs/0086174500001
Kroger,0081565200418,Nellie's Free Range Eggs Large,Nellie'S,12,Large,Unknown,Unknown,false,Free-Range,36,36,5.49,5.49,5.49,36,36,https://www.kroger.com/p/nellie-s-free-range-eggs-large/0081565200418
Kroger,0086231500024,Vital Farms® Pasture-Raised Eggs Large,Vital Farms,18,Large,Unknown,Unknown,false,Pasture-Raised,36,36,9.99,9.99,9.99,36,36,https://www.kroger.com/p/vital-farms-pasture-raised-eggs-large/0086231500024
Kroger,0085138700749,Vital Farms® Pasture-Raised XL Eggs,Vital Farms,,Extra Large,Unknown,Unknown,false,Pasture-Raised,36,36,8.99,8.99,8.99,36,36,https://www.kroger.com/p/vital-farms-xl-pasture-raised-eggs/0085138700749
Kroger,0088742200006,Happy Egg Co.® Free Range Large Brown Eggs,Happy Egg Co.,18,Large,Brown,A,false,Free-Range,34,34,7.49,7.49,7.49,34,34,https://www.kroger.com/p/happy-egg-co-free-range-large-brown-eggs/0088742200006
Kroger,0001111060980,Kroger® Medium Grade A White Eggs,Kroger,,Medium,White,A,false,Conventional/Unspecified,34,34,3.69,3.69,3.69,34,34,https://www.kroger.com/p/kroger-medium-grade-a-white-eggs/0001111060980
Kroger,0071514111357,Eggland's Best Classic Large White Eggs,Eggland'S Best,,Large,White,Unknown,false,Conventional/Unspecified,33,33,5.99,5.99,5.99,33,33,https://www.kroger.com/p/eggland-best-large-eggs/0071514111357
Kroger,0071514111657,Eggland's Best Classic Large White Eggs,Eggland'S Best,,Large,White,Unknown,false,Conventional/Unspecified,33,33,7.19,7.19,7.19,33,33,https://www.kroger.com/p/eggland-s-best-classic-large-white-eggs/0071514111657
Kroger,0071514150349,Eggland's Best large Egg,Eggland'S Best,12,Large,White,Unknown,false,Conventional/Unspecified,33,33,4.29,4.29,4.29,33,33,https://www.kroger.com/p/eggland-s-best-classic-large-white-eggs-12-count/0071514150349
Kroger,0001111060904,Kroger® Grade A Extra Large White Eggs,Kroger,,Extra Large,White,A,false,Conventional/Unspecified,33,33,1.79,1.79,1.79,33,33,https://www.kroger.com/p/kroger-extra-large-white-eggs/0001111060904
Kroger,0001111060903,Kroger® Grade A Large White Eggs,Kroger,,Large,White,A,false,Conventional/Unspecified,33,33,1.59,1.59,1.59,33,33,https://www.kroger.com/p/kroger-grade-a-large-eggs/0001111060903
Kroger,0001111060914,Kroger® Grade A Large White Eggs,Kroger,,Large,White,A,false,Conventional/Unspecified,33,33,7.89,7.890000000000001,7.89,33,33,https://www.kroger.com/p/kroger-grade-a-large-white-eggs/0001111060914
Kroger,0001111060933,Kroger® Grade A Large White Eggs,Kroger,,Large,White,A,false,Conventional/Unspecified,33,33,2.38,2.38,2.38,33,33,https://www.kroger.com/p/kroger-grade-a-large-white-eggs/0001111060933
Kroger,0081565200214,Pete & Gerry's Organic Free Range Large Eggs,Pete And Gerrys,,Large,Unknown,Unknown,true,Free-Range,33,33,6.69,6.69,6.69,33,33,https://www.kroger.com/p/pete-gerry-s-organic-free-range-large-eggs/0081565200214
Kroger,0001111087023,Simple Truth™ Natural Cage Free Grade A Medium Brown Eggs,Simple Truth,,Medium,Brown,A,false,Cage-Free,33,33,3.69,3.69,3.69,33,33,https://www.kroger.com/p/simple-truth-natural-cage-free-medium-brown-eggs/0001111087023
Kroger,0001111060905,Kroger® Grade A Jumbo White Eggs,Kroger,,Jumbo,White,A,false,Conventional/Unspecified,32,32,1.99,1.99,1.99,32,32,https://www.kroger.com/p/kroger-grade-a-jumbo-white-eggs/0001111060905
Kroger,0086174500002,Vital Farms® Pasture-Raised Large Brown Grade-A Organic Eggs,Vital Farms,,Large,Brown,A,true,Pasture-Raised,32,32,9.49,9.49,9.49,32,32,https://www.kroger.com/p/vital-farms-pasture-raised-large-brown-organic-eggs/0086174500002
Kroger,0071514171682,Eggland's Best 100% USDA Organic Certified Large Brown Eggs,Eggland'S Best,12,Large,Brown,Unknown,true,Conventional/Unspecified,29,29,5.99,5.99,5.99,29,29,https://www.kroger.com/p/eggland-s-best-100-usda-organic-certified-large-brown-eggs-12-count/0071514171682
Kroger,0001111060906,Kroger® Grade A Large White Eggs,Kroger,,Large,White,A,false,Conventional/Unspecified,26,26,0.99,0.99,0.99,26,26,https://www.kroger.com/p/kroger-grade-a-large-white-eggs/0001111060906
Kroger,0071514172928,Eggland's Best XL Eggs,Eggland'S Best,12,Extra Large,White,Unknown,false,Conventional/Unspecified,12,12,4.79,4.79,4.79,12,12,https://www.kroger.com/p/eggland-s-best-classic-extra-large-white-eggs-12-count/0071514172928
Kroger,0085138700741,Vital Farms® Pasture-Raised Organic Large Eggs,Vital Farms,,Large,Unknown,Unknown,true,Pasture-Raised,11,11,13.99,13.990000000000002,13.99,11,11,https://www.kroger.com/p/vital-farms-pasture-raised-organic-large-eggs/0085138700741
Kroger,0081565200215,Pete and Gerry's® Pasture Raised Large Eggs,Pete And Gerrys,,Large,Unknown,Unknown,false,Pasture-Raised,9,9,5.99,5.99,5.99,9,9,https://www.kroger.com/p/pete-and-gerry-s-pasture-raised-large-eggs/0081565200215
Kroger,0088742200009,Happy Egg Co.® Organic Free Range Large Brown Eggs,Happy Egg Co.,,Large,Brown,Unknown,true,Free-Range,5,5,8.99,8.99,8.99,5,5,https://www.kroger.com/p/happy-egg-co-organic-free-range-large-brown-eggs/0088742200009
Kroger,0001111013736,Kroger® Cage Free Grade A Extra Large Eggs,Kroger,,Extra Large,Unknown,A,false,Cage-Free,5,5,1.89,1.89,1.89,5,5,https://www.kroger.com/p/kroger-cage-free-grade-a-extra-large-eggs/0001111013736
Kroger,0001111013738,Kroger® Cage Free Grade A Large Eggs,Kroger,,Large,Unknown,A,false,Cage-Free,5,5,2.49,2.49,2.49,5,5,https://www.kroger.com/p/kroger-cage-free-grade-a-large-eggs/0001111013738
Kroger,0001111013737,Kroger® Cage Free Grade A Large White Eggs,Kroger,,Large,White,A,false,Cage-Free,5,5,1.69,1.69,1.69,5,5,https://www.kroger.com/p/kroger-cage-free-grade-a-large-eggs/0001111013737
Kroger,0001111013741,Kroger® Cage Free Grade A Large White Eggs,Kroger,,Large,White,A,false,Cage-Free,5,5,8.29,8.29,8.29,5,5,https://www.kroger.com/p/kroger-cage-free-grade-a-large-white-eggs/0001111013741
Kroger,0001111013740,Kroger® Cage Free Grade A Medium White Eggs,Kroger,,Medium,White,A,false,Cage-Free,5,5,3.89,3.8899999999999997,3.89,5,5,https://www.kroger.com/p/kroger-cage-free-grade-a-medium-white-eggs/0001111013740
Kroger,0071514151472,Eggland's Best Cage Free Extra Large White Eggs,Eggland'S Best,12,Extra Large,White,Unknown,false,Cage-Free,1,1,4.79,4.79,4.79,1,1,https://www.kroger.com/p/eggland-s-best-cage-free-extra-large-white-eggs-12-count/0071514151472
Kroger,0071514151453,Eggland's Best Cage Free Large White Eggs,Eggland'S Best,24,Large,White,Unknown,false,Cage-Free,1,1,6.49,6.49,6.49,1,1,https://www.kroger.com/p/eggland-s-best-cage-free-large-white-eggs/0071514151453
Kroger,0071514151471,Eggland's Best Cage Free Large White Eggs,Eggland'S Best,12,Large,White,Unknown,false,Cage-Free,1,1,4.69,4.69,4.69,1,1,https://www.kroger.com/p/eggland-s-best-cage-free-large-white-eggs-12-count/0071514151471
Kroger,0071514151474,Eggland's Best Cage Free Large White Eggs,Eggland'S Best,,Large,White,Unknown,false,Cage-Free,1,1,6.79,6.79,6.79,1,1,https://www.kroger.com/p/eggland-s-best-cage-free-large-white-eggs/0071514151474
Kroger,0001111012747,Kroger® Cage Free Grade A Jumbo White Eggs,Kroger,,Jumbo,White,A,false,Cage-Free,1,1,2.09,2.09,2.09,1,1,https://www.kroger.com/p/kroger-grade-a-jumbo-eggs/0001111012747
Kroger,0001111013739,Kroger® Cage Free Grade A Large Eggs,Kroger,,Large,Unknown,A,false,Cage-Free,1,1,1.29,1.29,1.29,1,1,https://www.kroger.com/p/kroger-cage-free-grade-a-large-eggs/0001111013739
Kroger,0001111016520,Simple Truth Organic® Pasture Raised Large Brown Eggs,Simple Truth,,Large,Brown,Unknown,true,Pasture-Raised,1,1,6.49,6.49,6.49,1,1,https://www.kroger.com/p/simple-truth-organic-pasture-raised-large-brown-eggs/0001111016520
Kroger,0001111078929,Simple Truth™ Pasture Raised Large Brown Eggs,Simple Truth,,Large,Brown,Unknown,false,Pasture-Raised,1,1,,,,1,0,https://www.kroger.com/p/simple-truth-pasture-raised-large-brown-eggs/0001111078929
Meijer,71514151495,"Eggland's Best Free Range Large Brown Eggs, 12 count",Eggland's Best,12,Large,Brown,Unknown,false,Free-Range,271,275,4.99,4.99,4.99,275,275,https://www.meijer.com/shopping/product/-/71514151495.html
Meijer,71373381494,"Meijer Cage Free Grade A Large Eggs, Dozen",Meijer,12,Large,Unknown,A,false,Cage-Free,271,275,1.49,1.49,1.49,275,275,https://www.meijer.com/shopping/product/-/71373381494.html
Meijer,71928366098,"True Goodness Cage Free Extra Large Eggs, 12 ct, organic",True Goodness,12,Extra Large,Unknown,Unknown,true,Cage-Free,271,275,5.99,5.99,5.99,275,275,https://www.meijer.com/shopping/product/-/71928366098.html
Meijer,86174500001,Vital Farms Pasture Raised Dozen Eggs,Vital Farms,12,Large,Brown,Unknown,false,Pasture-Raised,271,275,6.69,6.69,6.69,275,275,https://www.meijer.com/shopping/product/-/86174500001.html
Meijer,71514151464,"Eggland's Best Cage Free Large Brown Eggs, 12 Count",Eggland's Best,12,Large,Brown,Unknown,false,Cage-Free,270,274,6.29,6.29,6.29,274,274,https://www.meijer.com/shopping/product/-/71514151464.html
Meijer,70882077940,"Meijer Cage Free Extra Large Brown Eggs, Dozen",Meijer,12,Extra Large,Brown,Unknown,false,Cage-Free,270,274,4.89,4.89,4.89,274,274,https://www.meijer.com/shopping/product/-/70882077940.html
Meijer,71373381508,"Meijer Cage Free Grade A Large Eggs, 18 Count",Meijer,18,Large,Unknown,A,false,Cage-Free,270,274,2.19,2.19,2.19,274,274,https://www.meijer.com/shopping/product/-/71373381508.html
Meijer,88742200006,"Happy Egg Large Brown Grade A Eggs, Free Range Eggs, 18 count",Happy Egg,18,Large,Brown,A,false,Free-Range,269,273,9.99,9.99,9.99,273,273,https://www.meijer.com/shopping/product/-/88742200006.html
Meijer,71373381499,"Meijer Cage Free Grade A Extra Large Eggs, Dozen",Meijer,12,Extra Large,Unknown,A,false,Cage-Free,269,273,1.69,1.69,1.69,273,273,https://www.meijer.com/shopping/product/-/71373381499.html
Meijer,71373381504,"Meijer Cage Free Grade A Large Eggs, 24 Count",Meijer,24,Large,Unknown,A,false,Cage-Free,269,273,2.79,2.79,2.79,273,273,https://www.meijer.com/shopping/product/-/71373381504.html
Meijer,76023614084,True Goodness Organic Pasture Raised Eggs Dozen,True Goodness,12,Unknown,Unknown,Unknown,true,Pasture-Raised,253,257,8.29,8.29,8.29,257,257,https://www.meijer.com/shopping/product/-/76023614084.html
Meijer,81565200418,"Nellie's Free Range Large Eggs, 12 Count",Nellie's,12,Large,Unknown,Unknown,false,Free-Range,250,254,6.29,6.29,6.29,254,254,https://www.meijer.com/shopping/product/-/81565200418.html
Meijer,86231500024,VITAL FARMS PASTURE RAISED EGGS LARGE 18 COUNT,Vital Farms,18,Large,Unknown,Unknown,false,Pasture-Raised,182,186,11.49,11.489999999999998,11.49,186,186,https://www.meijer.com/shopping/product/-/86231500024.html
Meijer,71373348819,"Penny Smart Grade A Large Eggs, Dozen",Unknown,12,Large,Unknown,A,false,Conventional/Unspecified,150,150,1.39,1.39,1.39,150,150,https://www.meijer.com/shopping/product/-/71373348819.html
Meijer,71514151471,"Eggland's Best Cage Free Large White Eggs, 12 count",Eggland's Best,12,Large,White,Unknown,false,Cage-Free,121,125,4.69,4.69,4.69,125,125,https://www.meijer.com/shopping/product/-/71514151471.html
Meijer,71514151453,"Eggland's Best Cage Free Large White Eggs, 24 count",Eggland's Best,24,Large,White,Unknown,false,Cage-Free,118,122,7.99,7.99,7.99,122,122,https://www.meijer.com/shopping/product/-/71514151453.html
Meijer,3352400029,"Love Your Eggs Cage-Free Large Eggs, 12 Count",Unknown,12,Large,Unknown,Unknown,false,Cage-Free,2,2,2.99,2.99,2.99,2,2,https://www.meijer.com/shopping/product/-/3352400029.html
Meijer,19764497884,Dennis Farms Fresh Large Eggs,Unknown,,Large,Unknown,Unknown,false,Conventional/Unspecified,1,1,4.99,4.99,4.99,1,1,https://www.meijer.com/shopping/product/-/19764497884.html
Safeway,960100459,Vital Farms Eggs Large - 12 Count,Vital Farms,12,Large,Unknown,Unknown,false,Conventional/Unspecified,743,846,7.99,7.99,7.99,846,846,https://www.safeway.com/shop/product-details.960100459.html
Safeway,138350144,Eggland's Best Cage Free Large Brown Eggs - 12 Count,Eggland's Best,12,Large,Brown,Unknown,false,Cage-Free,742,846,5.49,5.49,5.49,846,846,https://www.safeway.com/shop/product-details.138350144.html
Safeway,960559633,Vital Farms Pasture-Raised Eggs - Large - 18 Count,Vital Farms,18,Large,Unknown,Unknown,false,Pasture-Raised,742,845,10.99,10.989999999999998,10.99,845,845,https://www.safeway.com/shop/product-details.960559633.html
Safeway,960096423,O Organics Organic Eggs Large Brown - 18 Count,O Organics,18,Large,Brown,Unknown,true,Conventional/Unspecified,718,808,,,,808,0,https://www.safeway.com/shop/product-details.960096423.html
Safeway,960454622,Vital Farms Organic Eggs Pasture Raised Large Grade A Tray - 12 Count,Vital Farms,12,Large,Unknown,A,true,Pasture-Raised,707,807,,,,807,0,https://www.safeway.com/shop/product-details.960454622.html
Safeway,138350308,O Organics Organic Eggs Large Brown - 12 Count,O Organics,12,Large,Brown,Unknown,true,Conventional/Unspecified,671,766,5.99,5.99,5.99,766,766,https://www.safeway.com/shop/product-details.138350308.html
Safeway,960453266,Open Nature Eggs Brown Free Range Large - 12 Count,Open Nature,12,Large,Brown,Unknown,false,Free-Range,649,742,3.49,3.4900000000000007,3.49,742,742,https://www.safeway.com/shop/product-details.960453266.html
Safeway,960100476,Happy Egg Co. Eggs Free Range Large - 12 Count,Happy Egg,12,Large,Unknown,Unknown,false,Free-Range,641,737,6.49,6.49,6.49,737,737,https://www.safeway.com/shop/product-details.960100476.html
Safeway,970115360,Eggland's Best Cage Free Large White Eggs - 12 Count,Eggland's Best,12,Large,White,Unknown,false,Cage-Free,639,735,5.49,5.49,5.49,735,735,https://www.safeway.com/shop/product-details.970115360.html
Safeway,970064495,O Organics Eggs Brown Pasture Raised Large Grade A - Dozen,O Organics,12,Large,Brown,A,true,Pasture-Raised,635,726,,,,726,0,https://www.safeway.com/shop/product-details.970064495.html
Safeway,960304348,Lucerne Farms Eggs Cage Free Large - 18 Count,Lucerne,18,Large,Unknown,Unknown,false,Cage-Free,630,725,4.29,4.29,4.29,725,725,https://www.safeway.com/shop/product-details.960304348.html
Safeway,960273951,Lucerne Farms Eggs Large Cage Free - 12 Count,Lucerne,12,Large,Unknown,Unknown,false,Cage-Free,630,725,2.99,2.99,2.99,725,725,https://www.safeway.com/shop/product-details.960273951.html
Safeway,960304347,Lucerne Farms Eggs Cage Free Extra Large - 12 Count,Lucerne,12,Extra Large,Unknown,Unknown,false,Cage-Free,629,724,,,,724,0,https://www.safeway.com/shop/product-details.960304347.html
Safeway,960455228,Open Nature Eggs Brown Free Range Large - 18 Count,Open Nature,18,Large,Brown,Unknown,false,Free-Range,627,722,4.99,4.99,4.99,722,722,https://www.safeway.com/shop/product-details.960455228.html
Safeway,960225640,Happy Eggs Free Range Organic - 12 Count,Happy Egg,12,Unknown,Unknown,Unknown,true,Free-Range,598,686,7.49,7.49,7.49,686,686,https://www.safeway.com/shop/product-details.960225640.html
Safeway,960482648,Happy Egg Eggs Heritage Breed Blue And Brown Large - 12 Count,Happy Egg,12,Large,Brown,Unknown,false,Conventional/Unspecified,584,673,7.99,7.99,7.99,673,673,https://www.safeway.com/shop/product-details.960482648.html
Safeway,960077058,Eggland's Best 100% USDA Organic Certified Large Brown Eggs - 12 Count,Eggland's Best,12,Large,Brown,Unknown,true,Conventional/Unspecified,546,615,6.99,6.99,6.99,615,615,https://www.safeway.com/shop/product-details.960077058.html
Safeway,970115353,Eggland's Best Cage Free Large White Eggs - 18 Count,Eggland's Best,18,Large,White,Unknown,false,Cage-Free,543,628,7.49,7.49,7.49,628,628,https://www.safeway.com/shop/product-details.970115353.html
Safeway,960309878,Lucerne Farms Eggs Cage Free Jumbo - 12 Count,Lucerne,12,Jumbo,Unknown,Unknown,false,Cage-Free,534,619,1.79,1.79,1.79,619,619,https://www.safeway.com/shop/product-details.960309878.html
Safeway,970116262,Lucerne Cage Free Grade A Large Eggs - 60 Count,Lucerne,60,Large,Unknown,A,false,Cage-Free,493,550,6.99,6.99,6.99,550,550,https://www.safeway.com/shop/product-details.970116262.html
Safeway,971101534,Happy Egg Free Range - 18 CT,Happy Egg,18,Unknown,Unknown,Unknown,false,Free-Range,420,477,8.49,8.49,8.49,477,477,https://www.safeway.com/shop/product-details.971101534.html
Safeway,970544540,Eggland's Best Cage Free Large White Eggs - 24 CT,Eggland's Best,24,Large,White,Unknown,false,Cage-Free,417,473,8.99,8.99,8.99,473,473,https://www.safeway.com/shop/product-details.970544540.html
Safeway,960307212,Nellies Eggs Free Range Large Brown - 18 Count,Nellie's,18,Large,Brown,Unknown,false,Free-Range,412,468,,,,468,0,https://www.safeway.com/shop/product-details.960307212.html
Safeway,960106661,Pete & Gerrys Organic Eggs Free Range Large - 12 Count,Pete & Gerry's,12,Large,Unknown,Unknown,true,Free-Range,412,468,5.99,5.99,5.99,468,468,https://www.safeway.com/shop/product-details.960106661.html
Safeway,970115431,Eggland's Best Cage Free Extra Large White Eggs - 12 Count,Eggland's Best,12,Extra Large,White,Unknown,false,Cage-Free,387,437,5.99,5.99,5.99,437,437,https://www.safeway.com/shop/product-details.970115431.html
Safeway,970745627,Open Nature Eggs Heirloom Free Range Grade A - 12 Ct,Open Nature,12,Unknown,Unknown,A,false,Free-Range,342,388,,,,388,0,https://www.safeway.com/shop/product-details.970745627.html
Safeway,960494107,Eggland's Best Cage Free Large Brown Eggs - 18 Count,Eggland's Best,18,Large,Brown,Unknown,false,Cage-Free,338,388,7.99,7.989999999999999,7.99,388,388,https://www.safeway.com/shop/product-details.960494107.html
Safeway,970567381,Oak Glen Cage Free Grade B Repack Eggs - 12 Count,Unknown,12,Unknown,Unknown,Unknown,false,Cage-Free,331,378,2.79,2.7900000000000005,2.79,378,378,https://www.safeway.com/shop/product-details.970567381.html
Safeway,971233455,Happy Egg Pasture Raised 12ct - 12 CT,Happy Egg,12,Unknown,Unknown,Unknown,false,Pasture-Raised,284,321,9.49,9.49,9.49,321,321,https://www.safeway.com/shop/product-details.971233455.html
Safeway,960100583,Wilcox Family Farms Organic Eggs Large Omega - 12 Count,Unknown,12,Large,Unknown,Unknown,true,Conventional/Unspecified,240,278,7.49,7.490000000000001,7.49,278,278,https://www.safeway.com/shop/product-details.960100583.html
Safeway,970486156,Vital Farms Extra Large Pasture Raised Eggs - 12 Count,Vital Farms,12,Extra Large,Unknown,Unknown,false,Pasture-Raised,231,270,,,,270,0,https://www.safeway.com/shop/product-details.970486156.html
Safeway,960120619,Nellies Eggs Free Range Grade A Brown Large - 12 Count,Nellie's,12,Large,Brown,A,false,Free-Range,227,245,6.89,6.89,6.89,245,245,https://www.safeway.com/shop/product-details.960120619.html
Safeway,960079385,Open Nature Eggs Cage Free Large Grade A Brown - 18 Count,Open Nature,18,Large,Brown,A,false,Cage-Free,225,243,6.29,6.29,6.29,243,243,https://www.safeway.com/shop/product-details.960079385.html
Safeway,138350167,Open Nature Eggs Cage Free Large Brown - 12 Count,Open Nature,12,Large,Brown,Unknown,false,Cage-Free,211,228,,,,228,0,https://www.safeway.com/shop/product-details.138350167.html
Safeway,960081438,Clover Organic Eggs Large Brown - 12 Count,Unknown,12,Large,Brown,Unknown,true,Conventional/Unspecified,190,226,,,,226,0,https://www.safeway.com/shop/product-details.960081438.html
Safeway,960225901,Clover Cage Free Eggs Large Brown - 12 Count,Unknown,12,Large,Brown,Unknown,false,Cage-Free,186,221,,,,221,0,https://www.safeway.com/shop/product-details.960225901.html
Safeway,971238263,Happy Egg Co.organic Free Range Brown Eggs - 18 CT,Happy Egg,18,Unknown,Brown,Unknown,true,Free-Range,185,205,9.99,9.99,9.99,205,205,https://www.safeway.com/shop/product-details.971238263.html
Safeway,970119637,Clover Sonoma Large Brown Cage Free Eggs - 18 Count,Unknown,18,Large,Brown,Unknown,false,Cage-Free,184,218,,,,218,0,https://www.safeway.com/shop/product-details.970119637.html
Safeway,138350091,Lucerne Eggs Large Grade A Family Pack - 18 Count,Lucerne,18,Large,Unknown,A,false,Conventional/Unspecified,184,201,3.99,3.99,3.99,201,201,https://www.safeway.com/shop/product-details.138350091.html
Safeway,960532862,Clover Organic Pasture Raised Eggs - 12 Count,Unknown,12,Unknown,Unknown,Unknown,true,Pasture-Raised,152,174,11.99,11.990000000000002,11.99,174,174,https://www.safeway.com/shop/product-details.960532862.html
Safeway,970063981,Wilcox Mobile Pasture Large Brown Eggs - 1 DZ,Unknown,12,Large,Brown,Unknown,false,Conventional/Unspecified,140,163,,,,163,0,https://www.safeway.com/shop/product-details.970063981.html
Safeway,970467505,Clover Organic Eggs - 18 Count,Unknown,18,Unknown,Unknown,Unknown,true,Conventional/Unspecified,135,151,,,,151,0,https://www.safeway.com/shop/product-details.970467505.html
Safeway,960041389,Lucerne Farms Eggs Extra Large Grade A - 12 Count,Lucerne,12,Extra Large,Unknown,A,false,Conventional/Unspecified,132,142,3.29,3.29,3.29,142,142,https://www.safeway.com/shop/product-details.960041389.html
Safeway,138350058,Lucerne Farms Eggs Jumbo Grade A - 12 Count,Lucerne,12,Jumbo,Unknown,A,false,Conventional/Unspecified,132,142,3.49,3.49,3.49,142,142,https://www.safeway.com/shop/product-details.138350058.html
Safeway,138350008,Eggland's Best Classic Large White Eggs - 12 Count,Eggland's Best,12,Large,White,Unknown,false,Conventional/Unspecified,125,135,4.59,4.59,4.59,135,135,https://www.safeway.com/shop/product-details.138350008.html
Safeway,960068965,Eggland's Best Classic Large White Eggs - 18 Count,Eggland's Best,18,Large,White,Unknown,false,Conventional/Unspecified,122,131,6.79,6.79,6.79,131,131,https://www.safeway.com/shop/product-details.960068965.html
Safeway,970087109,Wilcox Cage Free Brown Eggs - 12 CT,Unknown,12,Unknown,Brown,Unknown,false,Cage-Free,122,146,,,,146,0,https://www.safeway.com/shop/product-details.970087109.html
Safeway,960195954,Eggland's Best Classic Extra Large White Eggs - 18 Count,Eggland's Best,18,Extra Large,White,Unknown,false,Conventional/Unspecified,114,122,,,,122,0,https://www.safeway.com/shop/product-details.960195954.html
Safeway,960323398,Eggland's Best Classic Large White Eggs - 24 Count,Eggland's Best,24,Large,White,Unknown,false,Conventional/Unspecified,109,117,7.99,7.99,7.99,117,117,https://www.safeway.com/shop/product-details.960323398.html
Safeway,960053873,Eggland's Best Classic Extra Large White Eggs - 12 Count,Eggland's Best,12,Extra Large,White,Unknown,false,Conventional/Unspecified,103,110,4.79,4.79,4.79,110,110,https://www.safeway.com/shop/product-details.960053873.html
Safeway,971151011,Nestfresh Free Range Hfac Lg A 12 Ct Brown Eggs - 12 CT,Unknown,12,Large,Brown,Unknown,false,Free-Range,103,110,6.99,6.99,6.99,110,110,https://www.safeway.com/shop/product-details.971151011.html
Safeway,971311473,Pete & Gerry's Organic Pasture Raised Large Eggs - 12 Count,Pete & Gerry's,12,Large,Unknown,Unknown,true,Pasture-Raised,103,114,7.99,7.99,7.99,114,114,https://www.safeway.com/shop/product-details.971311473.html
Safeway,138350189,Lucerne Eggs Large - 30 Count,Lucerne,30,Large,Unknown,Unknown,false,Conventional/Unspecified,102,109,6.49,6.489999999999999,6.49,109,109,https://www.safeway.com/shop/product-details.138350189.html
Safeway,960140681,Nellies Eggs Free Range Extra Large Brown - 12 Count,Nellie's,12,Extra Large,Brown,Unknown,false,Free-Range,102,109,6.99,6.989999999999999,6.99,109,109,https://www.safeway.com/shop/product-details.960140681.html
Safeway,971133881,Nellies Free Range Jumbo Brown Eggs 12ct - 12 CT,Nellie's,12,Jumbo,Brown,Unknown,false,Free-Range,101,107,,,,107,0,https://www.safeway.com/shop/product-details.971133881.html
Safeway,138350188,Open Nature Eggs Cage Free Brown Large - 12 Count,Open Nature,12,Large,Brown,Unknown,false,Cage-Free,101,110,,,,110,0,https://www.safeway.com/shop/product-details.138350188.html
Safeway,960564945,Sauders MD Fresh Eggs Jumbo - 12 Count,Sauder's,12,Jumbo,Unknown,Unknown,false,Conventional/Unspecified,99,104,,,,104,0,https://www.safeway.com/shop/product-details.960564945.html
Safeway,971203926,Nest Fresh Cage Free Large Grade A Eggs 18 Ct - 18 CT,Unknown,18,Large,Unknown,A,false,Cage-Free,97,106,,,,106,0,https://www.safeway.com/shop/product-details.971203926.html
Safeway,971072718,Wilcox Eggs Organic Lrg Brown Free Range 24ct - 24 CT,Unknown,24,Large,Brown,Unknown,true,Free-Range,94,104,11.99,11.99,11.99,104,104,https://www.safeway.com/shop/product-details.971072718.html
Safeway,960307211,Pete and Gerrys Eggs Organic Extra Large Free Range - 12 Count,Pete & Gerry's,12,Extra Large,Unknown,Unknown,true,Free-Range,93,99,5.99,5.99,5.99,99,99,https://www.safeway.com/shop/product-details.960307211.html
Safeway,960107865,The Country Hen Organic Eggs Omega Free Range Large - 6 Count,Unknown,6,Large,Unknown,Unknown,true,Free-Range,93,98,4.99,4.99,4.99,98,98,https://www.safeway.com/shop/product-details.960107865.html
Safeway,960100276,Willamette Egg Farms Eggs Cage Free Large Brown - 12 Count,Unknown,12,Large,Brown,Unknown,false,Cage-Free,93,103,,,,103,0,https://www.safeway.com/shop/product-details.960100276.html
Safeway,971301831,Egglands Best Jumbo White Eggs 12 Count - 12 CT,Eggland's Best,12,Jumbo,White,Unknown,false,Conventional/Unspecified,80,83,5.49,5.49,5.49,83,83,https://www.safeway.com/shop/product-details.971301831.html
Safeway,960076950,Open Nature Eggs Cage Free Large Brown - 18 Count,Open Nature,18,Large,Brown,Unknown,false,Cage-Free,73,80,,,,80,0,https://www.safeway.com/shop/product-details.960076950.html
Safeway,138350194,Lucerne Large Grade A Eggs - 60 Count,Lucerne,60,Large,Unknown,A,false,Conventional/Unspecified,50,53,7.99,7.99,7.99,53,53,https://www.safeway.com/shop/product-details.138350194.html
Safeway,960021753,Vital Farms Pasture Raised Eggs Large - 6 Count,Vital Farms,6,Large,Unknown,Unknown,false,Pasture-Raised,47,47,4.99,4.99,4.99,47,47,https://www.safeway.com/shop/product-details.960021753.html
Safeway,971007966,"Egglands Best Free Range Brown Eggs , 1 Dozen, 12 Ct - 12 CT",Eggland's Best,12,Unknown,Brown,Unknown,false,Free-Range,40,43,6.49,6.49,6.49,43,43,https://www.safeway.com/shop/product-details.971007966.html
Safeway,138350096,Judys Family Farm Large Organic Eggs - 12 Count,Unknown,12,Large,Unknown,Unknown,true,Conventional/Unspecified,30,31,,,,31,0,https://www.safeway.com/shop/product-details.138350096.html
Safeway,960272459,Judys Organic Extra Large Egg - 6 Count,Unknown,6,Extra Large,Unknown,Unknown,true,Conventional/Unspecified,21,24,4.49,4.49,4.49,24,24,https://www.safeway.com/shop/product-details.960272459.html
Safeway,960514218,Ka Lei Certified Organic Cage Free Large Eggs - 12 Count,Unknown,12,Large,Unknown,Unknown,true,Cage-Free,21,23,,,,23,0,https://www.safeway.com/shop/product-details.960514218.html
Safeway,960235956,Ka Lei Island Brown Large Eggs - 12 Count,Unknown,12,Large,Brown,Unknown,false,Conventional/Unspecified,21,23,10.49,10.49,10.49,23,23,https://www.safeway.com/shop/product-details.960235956.html
Safeway,960235955,Ka Lei Island Extra Large Eggs - 12 Count,Unknown,12,Extra Large,Unknown,Unknown,false,Conventional/Unspecified,21,23,10.49,10.49,10.49,23,23,https://www.safeway.com/shop/product-details.960235955.html
Safeway,960235953,Ka Lei Island Fresh Large Eggs - 18 Count,Unknown,18,Large,Unknown,Unknown,false,Conventional/Unspecified,21,23,14.49,14.489999999999998,14.49,23,23,https://www.safeway.com/shop/product-details.960235953.html
Safeway,960235954,Ka Lei Island Large Eggs - 12 Count,Unknown,12,Large,Unknown,Unknown,false,Conventional/Unspecified,21,23,9.99,9.99,9.99,23,23,https://www.safeway.com/shop/product-details.960235954.html
Safeway,970123310,Waialua Fresh Cage Free Lg A 12 Ct Eggs - 1 CT,Unknown,12,Large,Unknown,Unknown,false,Cage-Free,21,23,8.99,8.99,8.99,23,23,https://www.safeway.com/shop/product-details.970123310.html
Safeway,970123303,Waialua Fresh Cage Free Lg A Eggs - 1.5 CT,Unknown,,Large,Unknown,Unknown,false,Cage-Free,21,23,12.99,12.989999999999998,12.99,23,23,https://www.safeway.com/shop/product-details.970123303.html
Safeway,138350158,Open Nature Eggs Cage Free Large White - 12 Count,Open Nature,12,Large,White,Unknown,false,Cage-Free,19,19,,,,19,0,https://www.safeway.com/shop/product-details.138350158.html
Safeway,970123451,Uncle Eddies Large White Eggs - 1 DZ,Unknown,12,Large,White,Unknown,false,Conventional/Unspecified,17,19,4.99,4.99,4.99,19,19,https://www.safeway.com/shop/product-details.970123451.html
Safeway,960288730,Western Sunset Farms Eggs - 12 Count,Unknown,12,Unknown,Unknown,Unknown,false,Conventional/Unspecified,15,19,,,,19,0,https://www.safeway.com/shop/product-details.960288730.html
Safeway,971154979,Nestfresh Free Range Hfac Lg A 18 Ct Eggs - 18 CT,Unknown,18,Large,Unknown,Unknown,false,Free-Range,14,15,6.99,6.99,6.99,15,15,https://www.safeway.com/shop/product-details.971154979.html
Safeway,960077066,Horizon Organic Eggs Large Grade A Brown - 12 Count,Unknown,12,Large,Brown,A,true,Conventional/Unspecified,12,12,6.99,6.989999999999999,6.99,12,12,https://www.safeway.com/shop/product-details.960077066.html
Safeway,960202219,NestFresh Eggs Non GMO Free Range Large Grade A Brown - 12 Count,Unknown,12,Large,Brown,A,false,Free-Range,11,11,5.99,5.99,5.99,11,11,https://www.safeway.com/shop/product-details.960202219.html
Safeway,960135038,Lucerne Farms Eggs Large - 6 Count,Lucerne,6,Large,Unknown,Unknown,false,Conventional/Unspecified,9,10,1.29,1.29,1.29,10,10,https://www.safeway.com/shop/product-details.960135038.html
Safeway,971313064,Nestfresh Organic Non GMO Free Range Large Grade A Brown Eggs - 12 Count,Unknown,12,Large,Brown,A,true,Free-Range,8,8,8.99,8.99,8.99,8,8,https://www.safeway.com/shop/product-details.971313064.html
Safeway,960278524,Glaum Org Large Brown Eggs - 12 Count,Unknown,12,Large,Brown,Unknown,false,Conventional/Unspecified,7,7,8.99,8.99,8.99,7,7,https://www.safeway.com/shop/product-details.960278524.html
Safeway,970040300,Land O Lakes Large Brown Eggs - 12 Count,Land O Lakes,12,Large,Brown,Unknown,false,Conventional/Unspecified,7,7,4.79,4.79,4.79,7,7,https://www.safeway.com/shop/product-details.970040300.html
Safeway,960514219,Ka Lei Certified Organic Cage Free Large Eggs - 6 Count,Unknown,6,Large,Unknown,Unknown,true,Cage-Free,5,5,,,,5,0,https://www.safeway.com/shop/product-details.960514219.html
Safeway,960416997,Nestfresh Pasture Raised Lg Brown Eggs 9 Dzn - 1 Dozen,Unknown,12,Large,Brown,Unknown,false,Pasture-Raised,5,5,8.99,8.99,8.99,5,5,https://www.safeway.com/shop/product-details.960416997.html
Safeway,960519717,Farmer Boy Large Eggs - 12 Count,Unknown,12,Large,Unknown,Unknown,false,Conventional/Unspecified,4,5,5.39,5.39,5.39,5,5,https://www.safeway.com/shop/product-details.960519717.html
Safeway,960278529,Judys Org Jumbo Brown Eggs - 12 Count,Unknown,12,Jumbo,Brown,Unknown,false,Conventional/Unspecified,4,4,,,,4,0,https://www.safeway.com/shop/product-details.960278529.html
Safeway,960081547,Oak Glen Eggs Medium B - 12 Count,Unknown,12,Medium,Unknown,Unknown,false,Conventional/Unspecified,4,4,,,,4,0,https://www.safeway.com/shop/product-details.960081547.html
Safeway,960278534,Petaluma Pstrs Pastured Eggs - 12 Count,Unknown,12,Unknown,Unknown,Unknown,false,Conventional/Unspecified,4,4,10.99,10.99,10.99,4,4,https://www.safeway.com/shop/product-details.960278534.html
Safeway,960278528,Judys Extra Large Organic Brown Eggs - 12 Count,Unknown,12,Extra Large,Brown,Unknown,true,Conventional/Unspecified,3,3,,,,3,0,https://www.safeway.com/shop/product-details.960278528.html
Safeway,971313063,Nestfresh Organic Non GMO Free Range Large Grade A Eggs - 18 Count,Unknown,18,Large,Unknown,A,true,Free-Range,3,3,,,,3,0,https://www.safeway.com/shop/product-details.971313063.html
Safeway,970746279,Eggland's Best Cage Free Extra Large White Eggs - 18 count,Eggland's Best,18,Extra Large,White,Unknown,false,Cage-Free,2,2,,,,2,0,https://www.safeway.com/shop/product-details.970746279.html
Safeway,960272462,Petaluma Farms Large Commercial White Eggs - 6 Count,Unknown,6,Large,White,Unknown,false,Conventional/Unspecified,2,2,,,,2,0,https://www.safeway.com/shop/product-details.960272462.html
Safeway,970109638,Straight From The Farm Fresh Eggs 12 Pk - 12 CT,Unknown,12,Unknown,Unknown,Unknown,false,Conventional/Unspecified,2,2,5.99,5.99,5.99,2,2,https://www.safeway.com/shop/product-details.970109638.html
Safeway,971217215,Sunhearth Eggs Extra Large 18 Ct - 18 CT,Unknown,18,Extra Large,Unknown,Unknown,false,Conventional/Unspecified,2,2,,,,2,0,https://www.safeway.com/shop/product-details.971217215.html
Safeway,970113994,Egglands Best Cage Free Extra Large Brown Eggs - 12 Count,Eggland's Best,12,Extra Large,Brown,Unknown,false,Cage-Free,1,1,,,,1,0,https://www.safeway.com/shop/product-details.970113994.html
Safeway,960235280,Kauai Large Free Range Local Eggs - 1 Dozen,Unknown,12,Large,Unknown,Unknown,false,Free-Range,1,1,,,,1,0,https://www.safeway.com/shop/product-details.960235280.html
Safeway,970026100,Lucerne Eggs Medium Grade Aa - 60 CT,Lucerne,60,Medium,Unknown,AA,false,Conventional/Unspecified,1,1,,,,1,0,https://www.safeway.com/shop/product-details.970026100.html
Safeway,970109640,Straight From The Farm Fresh Eggs 18 - 18 CT,Unknown,18,Unknown,Unknown,Unknown,false,Conventional/Unspecified,1,1,8.99,8.99,8.99,1,1,https://www.safeway.com/shop/product-details.970109640.html
Safeway,970477096,Sunhearth Cage Free White Large Eggs - 24 Count,Unknown,24,Large,White,Unknown,false,Cage-Free,1,1,,,,1,0,https://www.safeway.com/shop/product-details.970477096.html
Safeway,960278530,Uncle Eddies Ex Large Cf White Eggs - 12 Count,Unknown,12,Large,White,Unknown,false,Conventional/Unspecified,1,1,,,,1,0,https://www.safeway.com/shop/product-details.960278530.html
Sam's Club,13585409719,"Member's Mark Organic Cage Free Grade A Large Brown Eggs, 2 dozen",Member's Mark,24,Large,Brown,A,true,Cage-Free,579,579,8.12,8.12,8.12,579,579,https://www.samsclub.com/ip/Member-s-Mark-Organic-Cage-Free-Grade-A-Large-Brown-Eggs-2-dozen/13585409719?classType=REGULAR
Sam's Club,13599971140,"Member’s Mark Pasture Raised Organic Grade A Large Brown Eggs, 1.5 dozen",Member's Mark,18,Large,Brown,A,true,Pasture-Raised,445,445,6.32,6.32,6.32,445,445,https://www.samsclub.com/ip/Member-s-Mark-Pasture-Raised-Organic-Grade-A-Large-Brown-Eggs-1-5-dozen/13599971140?classType=REGULAR
Sam's Club,13607813672,"Member's Mark Cage Free Grade A Large White Eggs, 2 dozen",Member's Mark,24,Large,White,A,false,Cage-Free,415,415,4.62,4.62,4.62,415,415,https://www.samsclub.com/ip/Member-s-Mark-Cage-Free-Grade-A-Large-White-Eggs-2-dozen/13607813672?classType=REGULAR
Sam's Club,14196302933,"Member's Mark Pasture Raised Grade A Large Brown Eggs, 1.5 dozen",Member's Mark,18,Large,Brown,A,false,Pasture-Raised,237,237,6.12,6.12,6.12,237,237,https://www.samsclub.com/ip/Member-s-Mark-Pasture-Raised-Grade-A-Large-Brown-Eggs-1-5-dozen/14196302933?classType=REGULAR
Sam's Club,13743550703,Large Eggs 15 dozen,Unknown,180,Large,Unknown,Unknown,false,Conventional/Unspecified,213,213,28.67,28.67,28.67,213,213,https://www.samsclub.com/ip/Large-Eggs-15-dozen/13743550703?classType=REGULAR
Sam's Club,13627565539,"Member’s Mark Cage Free Grade AA Large White Eggs, 2 dozen",Member's Mark,24,Large,White,AA,false,Cage-Free,181,181,4.72,4.72,4.72,181,181,https://www.samsclub.com/ip/Member-s-Mark-Cage-Free-Grade-AA-Large-White-Eggs-2-dozen/13627565539?classType=REGULAR
Sam's Club,13606514877,"Member's Mark Cage Free Grade AA Large White Eggs, 5 dozen",Member's Mark,60,Large,White,AA,false,Cage-Free,130,130,8.47,8.47,8.47,130,130,https://www.samsclub.com/ip/Member-s-Mark-Cage-Free-Grade-AA-Large-White-Eggs-5-dozen/13606514877?classType=REGULAR
Sam's Club,13590109373,"Midwest Farms Large Grade A White Eggs, 7.5 dozen",Midwest Farms,90,Large,White,A,false,Conventional/Unspecified,102,102,13.37,13.37,13.37,102,102,https://www.samsclub.com/ip/Midwest-Farms-Large-Grade-A-White-Eggs-7-5-dozen/13590109373?classType=REGULAR
Sam's Club,13777124359,Fresh Large Grade AA Eggs 5 dozen,Unknown,60,Large,Unknown,AA,false,Conventional/Unspecified,88,88,8.47,8.47,8.47,88,88,https://www.samsclub.com/ip/Fresh-Large-Grade-AA-Eggs-5-dozen/13777124359?classType=REGULAR
Sam's Club,18724104933,"Member's Mark Cage Free Grade A White Eggs, 5 Dozen",Member's Mark,60,Unknown,White,A,false,Cage-Free,60,60,8.47,8.47,8.47,60,60,https://www.samsclub.com/ip/Member-s-Mark-Cage-Free-Grade-A-White-Eggs-5-Dozen/18724104933?classType=REGULAR
Sam's Club,15014011795,"Country Brook Farms Large A Eggs, 7.5 dozen",Country Brook Farms,90,Large,Unknown,A,false,Conventional/Unspecified,56,56,13.37,13.37,13.37,56,56,https://www.samsclub.com/ip/Country-Brook-Farms-Large-A-Eggs-7-5-dozen/15014011795?classType=REGULAR
Sam's Club,13564551416,Sauder's Large Grade A White Eggs (7.5 doz.),Sauder's,90,Large,White,A,false,Conventional/Unspecified,27,27,13.37,13.369999999999997,13.37,27,27,https://www.samsclub.com/ip/Sauder-s-Large-Grade-A-White-Eggs-7-5-doz/13564551416?classType=REGULAR
Sam's Club,14943966254,"Member's Mark Grade A Large Eggs, 15 Dozen",Member's Mark,180,Large,Unknown,A,false,Conventional/Unspecified,22,22,27.67,27.67,27.67,22,22,https://www.samsclub.com/ip/Member-s-Mark-Grade-A-Large-Eggs-15-Dozen/14943966254?classType=REGULAR
Sam's Club,13608013757,Fresh Large Grade A Brown Eggs (18 ct.),Unknown,18,Large,Brown,A,false,Conventional/Unspecified,7,7,5.57,5.57,5.57,7,7,https://www.samsclub.com/ip/Fresh-Large-Grade-A-Brown-Eggs-18-ct/13608013757?classType=REGULAR
Sam's Club,15396673510,Hillandale Farms Large Grade A White Eggs 9 doz.,Unknown,108,Large,White,A,false,Conventional/Unspecified,7,7,22.97,22.97,22.97,7,7,https://www.samsclub.com/ip/Hillandale-Farms-Large-Grade-A-White-Eggs-9-doz/15396673510?classType=REGULAR
Sam's Club,14223760075,SunHearth Cage Free White Large Eggs 24 ct.,Unknown,24,Large,White,Unknown,false,Cage-Free,2,2,5.87,5.87,5.87,2,2,https://www.samsclub.com/ip/SunHearth-Cage-Free-White-Large-Eggs-24-ct/14223760075?classType=REGULAR
Sam's Club,15234712928,"Waialua Fresh Cage Free Grade A Large Eggs, 5 dz.",Unknown,60,Large,Unknown,A,false,Cage-Free,2,2,19.98,19.98,19.98,2,2,https://www.samsclub.com/ip/Waialua-Fresh-Cage-Free-Grade-A-Large-Eggs-5-dz/15234712928?classType=REGULAR
Sam's Club,15250856620,"Waialua Fresh Cage-Free Local White Eggs, 2 Dozen",Unknown,24,Unknown,White,Unknown,false,Cage-Free,2,2,9.98,9.98,9.98,2,2,https://www.samsclub.com/ip/Waialua-Fresh-Cage-Free-Local-White-Eggs-2-Dozen/15250856620?classType=REGULAR
ShopRite,90208301108,"Noah's Pride Cage Free Farm Fresh Brown Large Eggs, 12 count, 24 oz",Noah'S Pride,12,Large,Brown,Unknown,false,Cage-Free,252,262,4.49,4.49,4.49,262,262,https://www.shoprite.com/sm/pickup/rsid/237/product/id-00090208301108
ShopRite,8.15652E+11,"Nellie's Free Range Large Fresh Brown Eggs, 12 count, 24 oz",Nellie'S,12,Large,Brown,Unknown,false,Free-Range,250,260,5.49,5.49,5.49,260,260,https://www.shoprite.com/sm/pickup/rsid/447/product/id-00815652004180
ShopRite,8.15652E+11,"Pete and Gerry's Organic Free Range Fresh Brown Large Eggs, 12 count, 24 oz",Pete And Gerry'S,12,Large,Brown,Unknown,true,Free-Range,247,258,6.99,6.99,6.99,258,258,https://www.shoprite.com/sm/pickup/rsid/447/product/id-00815652002148
ShopRite,8.15652E+11,"Nellie's Free Range Extra Large Fresh Brown Eggs, 12 count, 27 oz",Nellie'S,12,Extra Large,Brown,Unknown,false,Free-Range,230,241,5.84,5.84,5.84,241,241,https://www.shoprite.com/sm/pickup/rsid/447/product/id-00815652004142
ShopRite,8.15652E+11,"Pete and Gerry's Organic Free Range Fresh Brown Extra Large Eggs, 12 count, 27 oz",Pete And Gerry'S,12,Extra Large,Brown,Unknown,true,Free-Range,221,231,7.49,7.49,7.49,231,231,https://www.shoprite.com/sm/pickup/rsid/447/product/id-00815652002346
ShopRite,7.15141E+11,"Eggland's Best Classic Extra Large White Eggs, 18 Count",Eggland'S Best,18,Extra Large,White,Unknown,false,Conventional/Unspecified,220,228,6.29,6.290000000000001,6.29,228,228,https://www.shoprite.com/sm/pickup/rsid/447/product/id-00715141113563
ShopRite,7.15142E+11,"Eggland's Best Eggs, Extra Large, 12 Count",Eggland'S Best,12,Extra Large,White,Unknown,false,Conventional/Unspecified,219,228,4.29,4.29,4.29,228,228,https://www.shoprite.com/sm/pickup/rsid/447/product/id-00715141729283
ShopRite,7.15141E+11,"Eggland's Best Eggs, Large, 24 count",Eggland'S Best,24,Large,Unknown,Unknown,false,Conventional/Unspecified,217,224,7.49,7.49,7.49,224,224,https://www.shoprite.com/sm/pickup/rsid/447/product/id-00715141116571
ShopRite,7.15141E+11,"Eggland's Best Classic Jumbo White Eggs, 12 Count",Eggland'S Best,12,Jumbo,White,Unknown,false,Conventional/Unspecified,199,207,4.79,4.79,4.79,207,207,https://www.shoprite.com/sm/pickup/rsid/447/product/id-00715141328615
ShopRite,7.15142E+11,"Eggland's Best Classic Large White Eggs, 12 Count",Eggland'S Best,12,Large,White,Unknown,false,Conventional/Unspecified,189,196,1.99,1.9900000000000002,1.99,196,196,https://www.shoprite.com/sm/pickup/rsid/285/product/id-00715141503494
ShopRite,8.15652E+11,"Pete and Gerry's Pasture Raised Fresh Brown Large Eggs, 12 count, 24 oz",Pete And Gerry'S,12,Large,Brown,Unknown,false,Pasture-Raised,174,182,7.49,7.49,7.49,182,182,https://www.shoprite.com/sm/pickup/rsid/237/product/id-00815652002155
ShopRite,7.15141E+11,"Eggland's Best Classic Large White Eggs, 18 Count",Eggland'S Best,18,Large,White,Unknown,false,Conventional/Unspecified,133,138,5.99,5.99,5.99,138,138,https://www.shoprite.com/sm/pickup/rsid/237/product/id-00715141113570
ShopRite,8.5281E+11,"Land O Lakes Cage Free Large White Eggs, 12 count, 24 oz",Land O Lakes,12,Large,White,Unknown,false,Cage-Free,55,55,5.49,5.49,5.49,55,55,https://www.shoprite.com/sm/pickup/rsid/816/product/id-00852810489229
ShopRite,7.15142E+11,"Eggland's Best Large Brown Eggs, 12 count",Eggland'S Best,12,Large,Brown,Unknown,false,Conventional/Unspecified,44,44,4.99,4.99,4.99,44,44,https://www.shoprite.com/sm/pickup/rsid/631/product/id-00715141706871
ShopRite,43005001320,"Puglisi Egg Farms Fresh White Grade A Large Eggs, 18 count, 36 oz",Puglisi Egg Farms,18,Large,White,A,false,Conventional/Unspecified,36,39,2.39,2.39,2.39,39,39,https://www.shoprite.com/sm/pickup/rsid/631/product/id-00043005001320
ShopRite,8.5281E+11,"Land O Lakes Large Brown Eggs, 12 Count",Land O Lakes,12,Large,Brown,Unknown,false,Conventional/Unspecified,34,34,4.49,4.49,4.49,34,34,https://www.shoprite.com/sm/pickup/rsid/130/product/id-00852810488123
ShopRite,7.15142E+11,"Eggland's Best Large Brown Pasture Raised Eggs, 12 count",Eggland'S Best,12,Large,Brown,Unknown,false,Pasture-Raised,29,29,4.49,4.49,4.49,29,29,https://www.shoprite.com/sm/pickup/rsid/316/product/id-00715141514933
ShopRite,72050300980,"Mountainside Farms Organic Fresh Brown Eggs, Extra Large, 12 count, 27 oz",Mountainside Farms,12,Extra Large,Brown,Unknown,true,Conventional/Unspecified,25,25,6.69,6.69,6.69,25,25,https://www.shoprite.com/sm/pickup/rsid/141/product/id-00072050300980
ShopRite,43005001115,"Puglisi Egg Farms Fresh White Grade A Jumbo Eggs, 12 count, 30 oz",Puglisi Egg Farms,12,Jumbo,White,A,false,Conventional/Unspecified,25,27,2.09,2.09,2.09,27,27,https://www.shoprite.com/sm/pickup/rsid/631/product/id-00043005001115
ShopRite,8.5281E+11,"Land O Lakes Jumbo Brown Eggs, 12 Count",Land O Lakes,12,Jumbo,Brown,Unknown,false,Conventional/Unspecified,21,21,5.29,5.29,5.29,21,21,https://www.shoprite.com/sm/pickup/rsid/613/product/id-00852810482077
ShopRite,7.15142E+11,"Eggland's Best Free Range Large Brown Eggs, 12 count",Eggland'S Best,12,Large,Brown,Unknown,false,Free-Range,11,11,6.99,6.99,6.99,11,11,https://www.shoprite.com/sm/pickup/rsid/447/product/id-00715141514957
ShopRite,8.51387E+11,"Vital Farms Pasture Raised Organic Large Eggs, 18 count, 36 oz",Vital Farms,18,Large,Unknown,Unknown,true,Pasture-Raised,11,11,14.99,14.990000000000002,14.99,11,11,https://www.shoprite.com/sm/pickup/rsid/472/product/id-00851387007416
ShopRite,7.15142E+11,"Eggland's Best Cage Free Brown Eggs, Large, 12 count",Eggland'S Best,12,Large,Brown,Unknown,false,Cage-Free,6,6,4.99,4.99,4.99,6,6,https://www.shoprite.com/sm/pickup/rsid/391/product/id-00715141514643
ShopRite,7.15142E+11,"Eggland's Best Cage Free Eggs, Large, 18 count",Eggland'S Best,18,Large,Unknown,Unknown,false,Cage-Free,5,5,7.29,7.290000000000001,7.29,5,5,https://www.shoprite.com/sm/pickup/rsid/420/product/id-00715141719437
ShopRite,8.52611E+11,"Fresh Large Brown Eggs, 12 each",Fresh,12,Large,Brown,Unknown,false,Conventional/Unspecified,5,5,4.79,4.79,4.79,5,5,https://www.shoprite.com/sm/pickup/rsid/139/product/id-00852611000784
ShopRite,8.51387E+11,"Vital Farms Pasture-Raised Extra Large Eggs, 12 count",Vital Farms,12,Extra Large,Unknown,Unknown,false,Pasture-Raised,5,5,8.49,8.49,8.49,5,5,https://www.shoprite.com/sm/pickup/rsid/472/product/id-00851387007492
ShopRite,8.62315E+11,"Vital Farms Large Eggs, 18 count, 36 oz",Vital Farms,18,Large,Brown,A,false,Pasture-Raised,4,4,11.79,11.79,11.79,4,4,https://www.shoprite.com/sm/pickup/rsid/391/product/id-00862315000249
ShopRite,7.15142E+11,"Eggland's Best Organic Eggs, Large, 18 count",Eggland'S Best,18,Large,Unknown,Unknown,true,Conventional/Unspecified,3,3,8.79,8.79,8.79,3,3,https://www.shoprite.com/sm/pickup/rsid/390/product/id-00715141714029
ShopRite,8.61745E+11,"Vital Farms Pasture Raised Organic Large Eggs, 12 count, 24 oz",Vital Farms,12,Large,Unknown,Unknown,true,Pasture-Raised,2,2,10.49,10.49,10.49,2,2,https://www.shoprite.com/sm/pickup/rsid/472/product/id-00861745000027
ShopRite,8.61745E+11,"Vital Farms Pasture-Raised Large Eggs, 12 count, 24 oz",Vital Farms,12,Large,Unknown,A,false,Pasture-Raised,2,2,7.99,7.99,7.99,2,2,https://www.shoprite.com/sm/pickup/rsid/472/product/id-00861745000010
ShopRite,90208014664,"Kreider Farms Farm Fresh Large Grade A Eggs, 30 count, 60 oz",Kreider Farms,30,Large,Unknown,A,false,Conventional/Unspecified,1,1,3.89,3.89,3.89,1,1,https://www.shoprite.com/sm/pickup/rsid/289/product/id-00090208014664
Target,14662560,Organic Cage-Free Grade A Large Brown Eggs - Good & Gather™,Good & Gather,12,Large,Brown,A,true,Cage-Free,1985,2053,,,,2053,0,https://www.target.com/p/organic-cage-free-fresh-grade-a-large-brown-eggs-12ct-good-38-gather-8482/-/A-14662560
Target,18783617,Vital Farms Pasture Raised Eggs,Vital Farms,12,Large,Unknown,A,false,Pasture-Raised,1983,2051,,,,2051,0,https://www.target.com/p/vital-farms-pasture-raised-grade-a-large-eggs-12ct/-/A-18783617
Target,51744135,The Happy Egg Co. Organic Free Range Eggs,The Happy Egg Co.,12,Large,Brown,A,true,Free-Range,1978,2045,,,,2045,0,https://www.target.com/p/happy-egg-large-brown-organic-free-range-grade-a-eggs-12ct/-/A-51744135
Target,52235196,Vital Farms Pasture Raised Eggs,Vital Farms,18,Large,Unknown,Unknown,false,Pasture-Raised,1946,2013,,,,2013,0,https://www.target.com/p/vital-farms-pasture-raised-large-eggs-18ct/-/A-52235196
Target,52235226,Vital Farms Organic Pasture-Raised Grade A Large Eggs - 12ct,Vital Farms,12,Large,Unknown,A,true,Pasture-Raised,1896,1963,10.29,10.29,10.29,1963,1963,https://www.target.com/p/vital-farms-organic-pasture-raised-grade-a-large-eggs-12ct/-/A-52235226
Target,49123013,Happy Egg Co. Large Brown Grade A Free Range Eggs - 12ct,The Happy Egg Co.,12,Large,Brown,A,false,Free-Range,1886,1950,6.19,6.19,6.19,1950,1950,https://www.target.com/p/happy-egg-co-large-brown-grade-a-free-range-eggs-12ct/-/A-49123013
Target,14662561,Cage-Free Fresh Grade A Large Brown Eggs - 12ct - Good & Gather™,Good & Gather,12,Large,Brown,A,false,Cage-Free,1857,1917,2.79,2.79,2.79,1917,1917,https://www.target.com/p/cage-free-fresh-grade-a-large-brown-eggs-12ct-good-38-gather-8482/-/A-14662561
Target,21506498,Eggland's Best Organic Grade A Large Brown Eggs - 12ct,Eggland'S Best,12,Large,Brown,A,true,Conventional/Unspecified,1714,1767,7.19,7.19,7.19,1767,1767,https://www.target.com/p/eggland-s-best-organic-grade-a-large-brown-eggs-12ct/-/A-21506498
Target,83880304,Eggland's Best Cage Free White Grade A Large Eggs,Eggland'S Best,12,Large,White,A,false,Cage-Free,1694,1747,4.29,4.29,4.29,1747,1747,https://www.target.com/p/eggland-39-s-best-large-cage-free-white-eggs-12ct/-/A-83880304
Target,93718441,Vital Farms Pasture Raised Organic Large Eggs - 18ct,Vital Farms,18,Large,Unknown,Unknown,true,Pasture-Raised,1538,1590,12.89,12.89,12.89,1590,1590,https://www.target.com/p/vital-farms-pasture-raised-organic-large-eggs-18ct/-/A-93718441
Target,21567033,Pete and Gerry's Organic Grade A Large Eggs - 12ct,Pete And Gerry'S,12,Large,Unknown,A,true,Conventional/Unspecified,1439,1491,8.29,8.29,8.29,1491,1491,https://www.target.com/p/pete-and-gerry-39-s-organic-grade-a-large-eggs-12ct/-/A-21567033
Target,14713533,Grade A Extra Large Eggs - Good & Gather™,Good & Gather,18,Extra Large,Unknown,A,false,Conventional/Unspecified,1417,1459,,,,1459,0,https://www.target.com/p/grade-a-large-eggs-18ct-good-38-gather-8482-packaging-may-vary/-/A-14713533
Target,85404829,Happy Egg Co. Free Range Heritage Breed Brown and Blue Eggs - 28oz/12ct,The Happy Egg Co.,12,Unknown,Specialty/Mixed,Unknown,false,Free-Range,1005,1041,8.39,8.39,8.39,1041,1041,https://www.target.com/p/happy-egg-co-free-range-heritage-breed-brown-and-blue-eggs-28oz-12ct/-/A-85404829
Target,90468442,Vital Farms Pasture Raised Eggs,Vital Farms,12,Extra Large,Unknown,Unknown,false,Pasture-Raised,762,792,,,,792,0,https://www.target.com/p/vital-farms-pasture-raised-xl-eggs-12ct/-/A-90468442
Target,94772806,OrgaNICK Pastures Pasture-Raised Organic Grade A Brown Eggs - 124oz/2ct,Organick Pastures,,Unknown,Brown,A,true,Pasture-Raised,754,785,5.99,5.990000000000001,5.99,785,785,https://www.target.com/p/organick-pastures-pasture-raised-organic-brown-eggs-124oz-2ct/-/A-94772806
Target,94772808,OrgaNICK Pastures Pasture-Raised Organic Heirloom Grade A Eggs - 24oz/12ct,Organick Pastures,12,Unknown,Unknown,A,true,Pasture-Raised,748,780,6.49,6.489999999999999,6.49,780,780,https://www.target.com/p/organick-pastures-pasture-raised-organic-heirloom-eggs-24oz-12ct/-/A-94772808
Target,21506499,Eggland's Best Cage-Free Grade A Large Brown Eggs - 12ct: USDA Grade A,Eggland'S Best,12,Large,Brown,A,false,Cage-Free,673,693,5.49,5.49,5.49,693,693,https://www.target.com/p/eggland-s-best-cage-free-grade-a-large-brown-eggs-12ct/-/A-21506499
Target,83719456,Cage-Free Large White Fresh Grade A Eggs (CA SEFS Compliant) - Good & Gather™,Good & Gather,12,Large,White,A,false,Cage-Free,648,677,,,,677,0,https://www.target.com/p/cage-free-large-white-fresh-grade-a-eggs-ca-sefs-compliant-24oz-12ct-good-38-gather-8482-packaging-may-vary/-/A-83719456
Target,83719457,Cage-Free Large White Fresh Grade A Eggs (CA SEFS Compliant) - Good & Gather™,Good & Gather,18,Large,White,A,false,Cage-Free,645,674,,,,674,0,https://www.target.com/p/cage-free-large-white-fresh-grade-a-eggs-ca-sefs-compliant-36oz-18ct-good-38-gather-8482-packaging-may-vary/-/A-83719457
Target,14713532,Grade A Extra Large Eggs - Good & Gather™,Good & Gather,12,Extra Large,Unknown,A,false,Conventional/Unspecified,585,606,,,,606,0,https://www.target.com/p/grade-a-extra-large-eggs-12ct-good-38-gather-8482/-/A-14713532
Target,14713530,Grade A Extra Large Eggs - Good & Gather™,Good & Gather,6,Extra Large,Unknown,A,false,Conventional/Unspecified,577,596,,,,596,0,https://www.target.com/p/grade-a-large-eggs-6ct-good-38-gather-8482/-/A-14713530
Target,14713535,Grade A Extra Large Eggs - Good & Gather™,Good & Gather,30,Extra Large,Unknown,A,false,Conventional/Unspecified,555,574,,,,574,0,https://www.target.com/p/grade-a-large-eggs-30ct-good-38-gather-8482-packaging-may-vary/-/A-14713535
Target,93919257,Signature Free Range Blue Eggs - 6ct - Good & Gather™,Good & Gather,6,Unknown,Specialty/Mixed,Unknown,false,Free-Range,294,303,2.99,2.99,2.99,303,303,https://www.target.com/p/signature-free-range-blue-eggs-6ct-good-38-gather-8482/-/A-93919257
Target,95248045,OrgaNick Pastures Corn and Soy Free Organic Brown Grade A Large Eggs - 12ct,Organick Pastures,12,Large,Brown,A,true,Conventional/Unspecified,204,219,5.99,5.989999999999999,5.99,219,219,https://www.target.com/p/organick-pastures-corn-and-soy-free-organic-brown-large-eggs-12ct/-/A-95248045
Target,14662559,Organic Cage-Free Grade A Large Brown Eggs - Good & Gather™,Good & Gather,6,Large,Brown,A,true,Cage-Free,194,198,,,,198,0,https://www.target.com/p/organic-cage-free-grade-a-large-brown-eggs-6ct-good-38-gather-8482/-/A-14662559
Target,90864085,The Happy Egg Co. Organic Free Range Eggs,The Happy Egg Co.,18,Unknown,Unknown,Unknown,true,Free-Range,171,179,,,,179,0,https://www.target.com/p/the-happy-egg-co-organic-free-range-eggs-18ct/-/A-90864085
Target,89614071,Chino Valley Ranchers Cage Free Organic Brown Large Eggs - 12ct,Chino Valley Ranchers,12,Large,Brown,Unknown,true,Cage-Free,23,24,8.99,8.99,8.99,24,24,https://www.target.com/p/chino-valley-ranchers-cage-free-organic-brown-large-eggs-12ct/-/A-89614071
Target,82605778,SunHearth White Grade A Eggs,Sunhearth,18,Extra Large,White,A,false,Conventional/Unspecified,12,12,,,,12,0,https://www.target.com/p/sunhearth-extra-large-white-grade-a-eggs-18ct/-/A-82605778
Target,82605779,SunHearth White Grade A Eggs,Sunhearth,12,Large,White,A,false,Conventional/Unspecified,10,10,,,,10,0,https://www.target.com/p/sunhearth-large-white-grade-a-eggs-12ct/-/A-82605779
Trader Joe's,72270,Organic Pasture Raised Large Brown Eggs,Unknown,12,Large,Brown,Unknown,true,Pasture-Raised,625,648,6.99,6.99,6.99,649,649,https://www.traderjoes.com/home/products/pdp/eggs-large-brown-organic-pasture-raised-dozen-072270
Trader Joe's,62124,Pasture Raised Large Brown Eggs,Unknown,12,Large,Brown,Unknown,false,Pasture-Raised,625,648,5.99,5.99,5.99,649,649,https://www.traderjoes.com/home/products/pdp/eggs-large-brown-pasture-raised-dozen-062124
Walmart,48319448,Marketside Organic Cage Free Large Brown Eggs 12 Count,Marketside,12,Large,Brown,Unknown,true,Cage-Free,4026,4468,3.97,3.9699999999999998,3.97,4468,4468,https://www.walmart.com/ip/Marketside-Organic-Cage-Free-Large-Brown-Eggs-12-Count/48319448?classType=REGULAR&athbdg=L1300
Walmart,49463949,"Marketside Large Cage-Free Brown Eggs, 12 Count - Allergen-Free",Marketside,12,Large,Brown,Unknown,false,Cage-Free,4024,4466,2.66,2.66,2.66,4466,4466,https://www.walmart.com/ip/Marketside-Large-Cage-Free-Brown-Eggs-12-Count/49463949?classType=REGULAR&athbdg=L1300
Walmart,48319449,Marketside Cage Free Large Brown Eggs 18 Count,Marketside,18,Large,Brown,Unknown,false,Cage-Free,3823,4243,3.93,3.93,3.93,4243,4243,https://www.walmart.com/ip/Marketside-Cage-Free-Large-Brown-Eggs-18-Count/48319449?classType=REGULAR&athbdg=L1300
Walmart,15716858,"Eggland's Best Cage Free Large Brown Eggs, 12 Count",Eggland's Best,12,Large,Brown,Unknown,false,Cage-Free,3818,4250,4.62,4.62,4.62,4250,4250,https://www.walmart.com/ip/Eggland-s-Best-Cage-Free-Large-Brown-Eggs-12-Count/15716858?classType=REGULAR
Walmart,51259534,Marketside Organic Cage Free Brown Large Eggs 18 Count,Marketside,18,Large,Brown,Unknown,true,Cage-Free,3783,4221,5.88,5.88,5.88,4221,4221,https://www.walmart.com/ip/Marketside-Organic-Cage-Free-Brown-Large-Eggs-18-Count/51259534?classType=REGULAR&athbdg=L1300
Walmart,172844767,Great Value Large White Eggs 18 Count,Great Value,18,Large,White,Unknown,false,Conventional/Unspecified,3585,3996,2.17,2.17,2.17,3996,3996,https://www.walmart.com/ip/Great-Value-Large-White-Eggs-18-Count/172844767?classType=REGULAR&athbdg=L1600
Walmart,10324125,"Eggland's Best Large White Eggs, 12 Count",Eggland's Best,12,Large,White,Unknown,false,Conventional/Unspecified,3462,3856,3.87,3.87,3.87,3856,3856,https://www.walmart.com/ip/Eggland-s-Best-Large-White-Eggs-12-Count/10324125?classType=REGULAR
Walmart,145051970,"Great Value Large White Eggs, 12 Count",Great Value,12,Large,White,Unknown,false,Conventional/Unspecified,3379,3762,1.47,1.4700000000000002,1.47,3762,3762,https://www.walmart.com/ip/Great-Value-Large-White-Eggs-12-Count/145051970?classType=REGULAR&athbdg=L1600
Walmart,12167419,"Eggland's Best Extra Large White Eggs, 18 Count",Eggland's Best,18,Extra Large,White,Unknown,false,Conventional/Unspecified,3340,3714,5.84,5.84,5.84,3714,3714,https://www.walmart.com/ip/Eggland-s-Best-Extra-Large-White-Eggs-18-Count/12167419?classType=REGULAR
Walmart,133610861,Great Value Jumbo White Eggs 12 Count,Great Value,12,Jumbo,White,Unknown,false,Conventional/Unspecified,3276,3643,1.84,1.84,1.84,3643,3643,https://www.walmart.com/ip/Great-Value-Jumbo-White-Eggs-12-Count/133610861?classType=REGULAR&athbdg=L1102
Walmart,193637719,"Great Value Large White Eggs, 60 Count",Great Value,60,Large,White,Unknown,false,Conventional/Unspecified,3250,3631,7.13,7.13,7.13,3631,3631,https://www.walmart.com/ip/Great-Value-Large-White-Eggs-60-Count/193637719?classType=REGULAR&athbdg=L1600
Walmart,142616435,Great Value Large White Eggs 36 Count,Great Value,36,Large,White,Unknown,false,Conventional/Unspecified,3238,3614,4.32,4.32,4.32,3614,3614,https://www.walmart.com/ip/Great-Value-Large-White-Eggs-36-Count/142616435?classType=REGULAR&athbdg=L1102
Walmart,135825185,"Great Value Extra Large White Eggs, 18 Count",Great Value,18,Extra Large,White,Unknown,false,Conventional/Unspecified,3190,3565,2.43,2.43,2.43,3565,3565,https://www.walmart.com/ip/Great-Value-Extra-Large-White-Eggs-18-Count/135825185?classType=REGULAR
Walmart,172144435,"Great Value Large White Eggs, 6 Count",Great Value,6,Large,White,Unknown,false,Conventional/Unspecified,3188,3553,0.86,0.86,0.86,3553,3553,https://www.walmart.com/ip/Great-Value-Large-White-Eggs-6-Count/172144435?classType=REGULAR
Walmart,46914789,"Farmer's Market Family Pack Medium Grade A Eggs, 60 count",Unknown,60,Medium,Unknown,A,false,Conventional/Unspecified,2820,3084,7.13,7.129999999999999,7.13,3084,3084,https://www.walmart.com/ip/Farmer-s-Market-Family-Pack-Medium-Grade-A-Eggs-60-count/46914789?classType=REGULAR
Walmart,10449724,"Eggland's Best 100% USDA Organic Certified Large Brown Eggs, 12 count",Eggland's Best,12,Large,Brown,Unknown,true,Conventional/Unspecified,2739,3068,5.96,5.96,5.96,3068,3068,https://www.walmart.com/ip/Eggland-s-Best-100-USDA-Organic-Certified-Large-Brown-Eggs-12-Count/10449724?classType=REGULAR
Walmart,165233284,Great Value Extra Large White Eggs 12 Count,Great Value,12,Extra Large,White,Unknown,false,Conventional/Unspecified,2714,3010,1.66,1.66,1.66,3010,3010,https://www.walmart.com/ip/Great-Value-Extra-Large-White-Eggs-12-Count/165233284?classType=REGULAR
Walmart,10324126,"Eggland's Best Extra Large White Eggs, 12 Count",Eggland's Best,12,Extra Large,White,Unknown,false,Conventional/Unspecified,2711,3029,3.96,3.96,3.96,3029,3029,https://www.walmart.com/ip/Eggland-s-Best-Extra-Large-White-Eggs-12-Count/10324126?classType=REGULAR
Walmart,134714692,"Happy Egg Co. Organic Free-Range Large Brown Eggs, 12 Count, USDA Organic",Happy Egg,12,Large,Brown,Unknown,true,Free-Range,2564,2854,6.64,6.639999999999999,6.64,2854,2854,https://www.walmart.com/ip/Happy-Egg-Co-Organic-Free-Range-Large-Brown-Eggs-12-Count-Dozen/134714692?classType=REGULAR
Walmart,104199803,Happy Egg Organic 12ct,Happy Egg,12,Unknown,Unknown,Unknown,true,Conventional/Unspecified,2548,2832,6.64,6.64,6.64,2832,2832,https://www.walmart.com/ip/Happy-Egg-Organic-12ct/104199803?classType=REGULAR
Walmart,115864065,"Vital Farms Pasture Raised Grade A Brown Eggs, Large, 12 Ct",Vital Farms,12,Large,Brown,A,false,Pasture-Raised,2291,2497,7.46,7.46,7.46,2497,2497,https://www.walmart.com/ip/Vital-Farms-Pasture-Raised-Grade-A-Large-Brown-Eggs-12-Count/115864065?classType=REGULAR&athbdg=L1300
Walmart,51259531,"Eggland's Best Large White Eggs, 18 Count",Eggland's Best,18,Large,White,Unknown,false,Conventional/Unspecified,2159,2337,5.72,5.72,5.72,2337,2337,https://www.walmart.com/ip/Eggland-s-Best-Large-White-Eggs-18-Count/51259531?classType=REGULAR
Walmart,10448667,"Born Free Organic Brown Eggs, 12 Count",Unknown,12,Unknown,Brown,Unknown,true,Conventional/Unspecified,2158,2386,5.96,5.96,5.96,2386,2386,https://www.walmart.com/ip/Born-Free-Organic-Brown-Eggs-12-Count/10448667?classType=REGULAR
Walmart,5326288982,"Marketside Grade A Large Pasture Raised Brown Eggs, 12 Count",Marketside,12,Large,Brown,A,false,Pasture-Raised,1588,1774,3.74,3.74,3.74,1774,1774,https://www.walmart.com/ip/Marketside-Grade-A-Large-Pasture-Raised-Brown-Eggs-12-Count/5326288982?classType=REGULAR&athbdg=L1300
Walmart,33141086,"FARMHOUSE EGGS, Cage Free Large Brown Eggs, 18 Count",Farmhouse,18,Large,Brown,Unknown,false,Cage-Free,1427,1645,5.84,5.84,5.84,1645,1645,https://www.walmart.com/ip/FARMHOUSE-EGGS-Cage-Free-Large-Brown-Eggs-18-Count/33141086?classType=REGULAR
Walmart,167936109,"Great Value Large Grade A Eggs, 36 Count",Great Value,36,Large,Unknown,A,false,Conventional/Unspecified,1223,1383,4.32,4.32,4.32,1383,1383,https://www.walmart.com/ip/Great-Value-Large-Grade-A-Eggs-36-Count/167936109?classType=REGULAR
Walmart,10322928,Olympia Valley Jumbo Grade A Eggs,Unknown,,Jumbo,Unknown,A,false,Conventional/Unspecified,1149,1176,1.84,1.84,1.84,1176,1176,https://www.walmart.com/ip/Olympia-Valley-Jumbo-Grade-A-Eggs/10322928?classType=REGULAR
Walmart,249916412,"Eggland's Best Large White Eggs, 24 Count",Eggland's Best,24,Large,White,Unknown,false,Conventional/Unspecified,1117,1285,7.46,7.46,7.46,1285,1285,https://www.walmart.com/ip/Eggland-s-Best-Large-White-Eggs-24-Count/249916412?classType=REGULAR
Walmart,108807760,"Great Value Large Brown Eggs, 12 Count",Great Value,12,Large,Brown,Unknown,false,Conventional/Unspecified,1110,1170,2.34,2.34,2.34,1170,1170,https://www.walmart.com/ip/Great-Value-Large-Brown-Eggs-12-Count/108807760?classType=REGULAR
Walmart,152377933,Pete & Gerry's Organic Eggs Large 12 Ct,Pete & Gerry's,12,Large,Brown,Unknown,true,Free-Range,973,1059,6.94,6.94,6.94,1059,1059,https://www.walmart.com/ip/Pete-and-Gerry-s-Organic-Free-Range-Large-Brown-Eggs-12-Count/152377933?classType=REGULAR
Walmart,180888226,Willamette Egg Farms Willamette,Unknown,,Unknown,Unknown,Unknown,false,Conventional/Unspecified,921,940,1.84,1.84,1.84,940,940,https://www.walmart.com/ip/Willamette-Egg-Farms-Willamette/180888226?classType=REGULAR
Walmart,410073921,"Happy Egg Co Organic Free-Range Large Brown Eggs, 18 Count, USDA Organic",Happy Egg,18,Large,Brown,Unknown,true,Free-Range,890,972,9.82,9.82,9.82,972,972,https://www.walmart.com/ip/Happy-Egg-Co-Organic-Free-Range-Large-Brown-Eggs-18-Count/410073921?classType=REGULAR
Walmart,192596868,"Nellie's Free-Range Large Brown Eggs, 12 Count",Nellie's,12,Large,Brown,Unknown,false,Free-Range,878,960,6.26,6.26,6.26,960,960,https://www.walmart.com/ip/Nellie-s-Free-Range-Large-Brown-Eggs-12-Count/192596868?classType=REGULAR
Walmart,49409646,"Farmhouse Cage Free Large Brown Eggs, 12 Count",Farmhouse,12,Large,Brown,Unknown,false,Cage-Free,865,974,3.96,3.96,3.96,974,974,https://www.walmart.com/ip/FARMHOUSE-EGGS-Cage-Free-Large-Brown-Eggs-12-Count/49409646?classType=REGULAR
Walmart,100966386,Great Value Large Cage-Free White Eggs 18 Count,Great Value,18,Large,White,Unknown,false,Cage-Free,806,850,2.17,2.17,2.17,850,850,https://www.walmart.com/ip/Great-Value-Cage-Free-White-Eggs-Large-18-Count/100966386?classType=REGULAR
Walmart,124080159,"Great Value Cage-Free Large White Eggs, 12 Count",Great Value,12,Large,White,Unknown,false,Cage-Free,693,726,1.47,1.47,1.47,726,726,https://www.walmart.com/ip/Great-Value-Cage-Free-Large-White-Eggs-12-Count/124080159?classType=REGULAR
Walmart,273959677,"Eggland's Best Cage Free Large White Eggs, 12 Count",Eggland's Best,12,Large,White,Unknown,false,Cage-Free,689,737,4.46,4.46,4.46,737,737,https://www.walmart.com/ip/Eggland-s-Best-Cage-Free-Large-White-Eggs-12-Count/273959677?classType=REGULAR
Walmart,532485762,"Eggland's Best Cage Free Extra Large White Eggs, 18 Count",Eggland's Best,18,Extra Large,White,Unknown,false,Cage-Free,666,736,5.84,5.84,5.84,736,736,https://www.walmart.com/ip/Eggland-s-Best-Cage-Free-Extra-Large-White-Eggs-18-Count/532485762?classType=REGULAR
Walmart,890591124,"Great Value Cage-Free Large White Eggs, 60 Count",Great Value,60,Large,White,Unknown,false,Cage-Free,643,686,7.13,7.130000000000001,7.13,686,686,https://www.walmart.com/ip/Great-Value-Cage-Free-Large-White-Eggs-60-Count/890591124?classType=REGULAR&athbdg=L1102
Walmart,605434510,"Great Value Cage-Free Large White Eggs, 36 Count",Great Value,36,Large,White,AA,false,Cage-Free,607,649,4.32,4.32,4.32,649,649,https://www.walmart.com/ip/Great-Value-Cage-Free-Grade-AA-Large-White-Eggs-36-Count/605434510?classType=REGULAR
Walmart,690068312,"Great Value Cage-Free Extra Large White Eggs, 12 Count",Great Value,12,Extra Large,White,AA,false,Cage-Free,585,627,1.87,1.87,1.87,627,627,https://www.walmart.com/ip/Great-Value-Cage-Free-Grade-AA-Extra-Large-White-Eggs-12-Count/690068312?classType=REGULAR
Walmart,1819220376,"Vital Farms Organic Pasture-Raised Medium Grade A Eggs, 12 Count",Vital Farms,12,Medium,Brown,A,true,Pasture-Raised,574,631,7.84,7.84,7.84,631,631,https://www.walmart.com/ip/Vital-Farms-Organic-Pasture-Raised-Grade-A-Medium-Brown-Eggs-12-Count/1819220376?classType=REGULAR&athbdg=L1300
Walmart,750118813,"Eggland's Best Cage Free Large White Eggs, 18 Count",Eggland's Best,18,Large,White,Unknown,false,Cage-Free,573,606,6.57,6.57,6.57,606,606,https://www.walmart.com/ip/Eggland-s-Best-Cage-Free-Large-White-Eggs-18-Count/750118813?classType=REGULAR
Walmart,827575454,"Great Value Cage-Free Large White Eggs, 6 Count",Great Value,6,Large,White,AA,false,Cage-Free,570,603,0.86,0.8600000000000001,0.86,603,603,https://www.walmart.com/ip/Great-Value-Cage-Free-Grade-AA-Large-White-Eggs-6-Count/827575454?classType=REGULAR
Walmart,358112437,"Great Value Cage-Free Extra Large White Eggs, 18 Count",Great Value,18,Extra Large,White,AA,false,Cage-Free,564,600,2.76,2.76,2.76,600,600,https://www.walmart.com/ip/Great-Value-Cage-Free-Grade-AA-Extra-Large-White-Eggs-18-Count/358112437?classType=REGULAR&athbdg=L1102
Walmart,421705528,"Great Value Cage-Free Large White Eggs, 12 Count",Great Value,12,Large,White,Unknown,false,Cage-Free,553,595,1.47,1.47,1.47,595,595,https://www.walmart.com/ip/Great-Value-Cage-Free-Large-White-Eggs-12-Count/421705528?classType=REGULAR&athbdg=L1102
Walmart,366132637,"Great Value Cage-Free White Jumbo Eggs, 12 Count",Great Value,12,Jumbo,White,Unknown,false,Cage-Free,530,564,2.82,2.82,2.82,564,564,https://www.walmart.com/ip/Great-Value-Cage-Free-White-Jumbo-Eggs-12-Count/366132637?classType=REGULAR
Walmart,103020312,"Great Value White Large Eggs, 12 Count",Great Value,12,Large,White,Unknown,false,Conventional/Unspecified,481,510,1.47,1.47,1.47,510,510,https://www.walmart.com/ip/Great-Value-White-Large-Eggs-12-Count/103020312?classType=REGULAR
Walmart,41868207,Happy Egg Co Free Range 12ct,Happy Egg,12,Unknown,Unknown,Unknown,false,Free-Range,412,418,5.72,5.72,5.72,418,418,https://www.walmart.com/ip/Happy-Egg-Co-Free-Range-12ct/41868207?classType=REGULAR
Walmart,119650697,"Handsome Brook Farm Organic, Pasture Raised Eggs, 12 Count",Unknown,12,Unknown,Unknown,Unknown,true,Pasture-Raised,407,453,6.92,6.919999999999999,6.92,453,453,https://www.walmart.com/ip/Handsome-Brook-Farm-Organic-Pasture-Raised-Eggs-12-Count/119650697?classType=REGULAR
Walmart,186518329,"Great Value Large White Eggs, 30 Count",Great Value,30,Large,White,Unknown,false,Conventional/Unspecified,366,420,4.32,4.32,4.32,420,420,https://www.walmart.com/ip/Great-Value-Large-White-Eggs-30-Count/186518329?classType=REGULAR
Walmart,682824504,"Nellie's Free-Range Large Brown Eggs, 18 Count",Nellie's,18,Large,Brown,Unknown,false,Free-Range,302,318,7.94,7.94,7.94,318,318,https://www.walmart.com/ip/Nellie-s-Free-Range-Large-Brown-Eggs-18-Count/682824504?classType=REGULAR
Walmart,662711730,"Eggland's Best Farm Fresh Cage Free Extra Large White Grade AA Eggs, 12 Count",Eggland's Best,12,Extra Large,White,AA,false,Cage-Free,287,309,4.62,4.62,4.62,309,309,https://www.walmart.com/ip/Eggland-s-Best-Farm-Fresh-Cage-Free-Extra-Large-White-Grade-AA-Eggs-12-Count/662711730?classType=REGULAR
Walmart,177001204,"Farmers Market Cage Free Large White Eggs, 18 Count",Unknown,18,Large,White,Unknown,false,Cage-Free,286,293,2.17,2.17,2.17,293,293,https://www.walmart.com/ip/Farmers-Market-Cage-Free-Large-White-Eggs-18-Count/177001204?classType=REGULAR
Walmart,160202959,"Great Value Jumbo Brown Eggs, 12 Count",Great Value,12,Jumbo,Brown,Unknown,false,Conventional/Unspecified,247,251,3,3,3,251,251,https://www.walmart.com/ip/Great-Value-Jumbo-Brown-Eggs-12-Count/160202959?classType=REGULAR
Walmart,130994549,"Great Value Large Brown Eggs, 18 Count",Great Value,18,Large,Brown,Unknown,false,Conventional/Unspecified,201,205,3.44,3.4400000000000004,3.44,205,205,https://www.walmart.com/ip/Great-Value-Large-Brown-Eggs-18-Count/130994549?classType=REGULAR
Walmart,151963570,"The Fit Hen Free Range Brown Large A Eggs, 12 Count",Unknown,12,Large,Brown,A,false,Free-Range,136,146,4.72,4.72,4.72,146,146,https://www.walmart.com/ip/The-Fit-Hen-Free-Range-Brown-Large-A-Eggs-12-Count/151963570?classType=REGULAR
Walmart,102842271,"Great Value Extra Grade AA Large Eggs, 12 Count",Great Value,12,Large,Unknown,AA,false,Conventional/Unspecified,132,150,1.66,1.66,1.66,150,150,https://www.walmart.com/ip/Great-Value-Extra-Grade-AA-Large-Eggs-12-Count/102842271?classType=REGULAR
Walmart,172915603,"Great Value Grade AA Large White Eggs, 36 Count",Great Value,36,Large,White,AA,false,Conventional/Unspecified,115,132,4.32,4.32,4.32,132,132,https://www.walmart.com/ip/Great-Value-Grade-AA-Large-White-Eggs-36-Count/172915603?classType=REGULAR
Walmart,134005971,"Great Value Grade AA Large White Eggs, 60 Count",Great Value,60,Large,White,AA,false,Conventional/Unspecified,115,132,7.13,7.13,7.13,132,132,https://www.walmart.com/ip/Great-Value-Grade-AA-Large-White-Eggs-60-Count/134005971?classType=REGULAR
Walmart,116554230,"Great Value Large White Eggs, 6 Count",Great Value,6,Large,White,Unknown,false,Conventional/Unspecified,113,130,0.86,0.86,0.86,130,130,https://www.walmart.com/ip/Great-Value-Large-White-Eggs-6-Count/116554230?classType=REGULAR
Walmart,141624000,"Great Value Grade AA Extra Large Eggs, 18 Count",Great Value,18,Extra Large,Unknown,AA,false,Conventional/Unspecified,110,126,2.43,2.43,2.43,126,126,https://www.walmart.com/ip/Great-Value-Grade-AA-Extra-Large-Eggs-18-Count/141624000?classType=REGULAR
Walmart,10322930,"Wilcox Large Brown Free-Range Eggs, 12 Count",Unknown,12,Large,Brown,Unknown,false,Free-Range,108,112,5.14,5.14,5.14,112,112,https://www.walmart.com/ip/Wilcox-Large-Brown-Free-Range-Eggs-12-Count/10322930?classType=REGULAR
Walmart,10532813,"Farmers Market Large Grade AA Eggs, 18 Count",Unknown,18,Large,Unknown,AA,false,Conventional/Unspecified,106,106,3.33,3.33,3.33,106,106,https://www.walmart.com/ip/Farmers-Market-Large-Grade-AA-Eggs-18-Count/10532813?classType=REGULAR
Walmart,44391007,"First Light Large Grade AA Eggs, 18 ct",Unknown,18,Large,Unknown,AA,false,Conventional/Unspecified,102,103,1.97,1.97,1.97,103,103,https://www.walmart.com/ip/First-Light-Large-Grade-AA-Eggs-18-ct/44391007?classType=REGULAR
Walmart,162541384,"Great Value Large White AA Eggs, 30 Count",Great Value,30,Large,White,AA,false,Conventional/Unspecified,101,107,4.32,4.32,4.32,107,107,https://www.walmart.com/ip/Great-Value-Large-White-AA-Eggs-30-Count/162541384?classType=REGULAR
Walmart,745918038,"Great Value Large White Eggs, 12 Count",Great Value,12,Large,White,Unknown,false,Conventional/Unspecified,95,102,1.47,1.47,1.47,102,102,https://www.walmart.com/ip/Great-Value-Large-White-Eggs-12-Count/745918038?classType=REGULAR
Walmart,230532584,"Great Value Grade AA Large White Eggs, 18 Count",Great Value,18,Large,White,AA,false,Conventional/Unspecified,90,97,2.17,2.17,2.17,97,97,https://www.walmart.com/ip/Great-Value-Grade-AA-Large-White-Eggs-18-Count/230532584?classType=REGULAR
Walmart,153570712,"Happy Egg Co Heritage Breed Free-Range Large Blue and Brown Eggs, 12 Count",Happy Egg,12,Large,Brown,Unknown,false,Free-Range,85,90,7.96,7.96,7.96,90,90,https://www.walmart.com/ip/Happy-Egg-Co-Heritage-Breed-Free-Range-Large-Blue-and-Brown-Eggs-12-Count-Dozen/153570712?classType=REGULAR
Walmart,10532859,"Ozark Farmers Market Large Grade A Eggs, 12 ct",Unknown,12,Large,Unknown,A,false,Conventional/Unspecified,83,83,1.47,1.47,1.47,83,83,https://www.walmart.com/ip/Ozark-Farmers-Market-Large-Grade-A-Eggs-12-ct/10532859?classType=REGULAR
Walmart,10322933,"Wilcox Family Farms Vita Grade AA Large Brown Eggs, 18 Count",Unknown,18,Large,Brown,AA,false,Conventional/Unspecified,83,85,6.62,6.62,6.62,85,85,https://www.walmart.com/ip/Wilcox-Family-Farms-Vita-Grade-AA-Large-Brown-Eggs-18-Count/10322933?classType=REGULAR
Walmart,42350245,"Land O Lakes Large Brown Eggs, 18 Count",Land O Lakes,18,Large,Brown,Unknown,false,Conventional/Unspecified,81,84,7.53,7.529999999999999,7.53,84,84,https://www.walmart.com/ip/Land-O-Lakes-Large-Brown-Eggs-18-Count/42350245?classType=REGULAR
Walmart,2136686301,"Eggland's Best Cage-Free, Grade A White Hen Eggs, 24 Count",Eggland's Best,24,Unknown,White,A,false,Cage-Free,79,85,8.64,8.64,8.64,85,85,https://www.walmart.com/ip/Eggland-s-Best-Cage-Free-Grade-A-White-Hen-Eggs-24-Count/2136686301?classType=REGULAR
Walmart,164354158,"Great Value Large Grade AA Eggs, 36 Count",Great Value,36,Large,Unknown,AA,false,Conventional/Unspecified,75,80,5.32,5.32,5.32,80,80,https://www.walmart.com/ip/Great-Value-Large-Grade-AA-Eggs-36-Count/164354158?classType=REGULAR
Walmart,10322927,Olympiavalley Large Grade Aa 12pack Eggs,Unknown,12,Large,Unknown,AA,false,Conventional/Unspecified,72,72,3.97,3.9700000000000006,3.97,72,72,https://www.walmart.com/ip/Olympiavalley-Large-Grade-Aa-12pack-Eggs/10322927?classType=REGULAR
Walmart,10532812,"Farmers Market Large White Eggs, 18 Count",Unknown,18,Large,White,Unknown,false,Conventional/Unspecified,69,70,2.17,2.17,2.17,70,70,https://www.walmart.com/ip/Farmers-Market-Large-White-Eggs-18-Count/10532812?classType=REGULAR
Walmart,10322934,"Wilcox Organic Large Brown AA Eggs, 12 Count",Unknown,12,Large,Brown,AA,true,Conventional/Unspecified,62,63,5.81,5.81,5.81,63,63,https://www.walmart.com/ip/Wilcox-Organic-Large-Brown-AA-Eggs-12-Count/10322934?classType=REGULAR
Walmart,163075325,Eggland's Best Grade A Brown Eggs Large - 12 Count,Eggland's Best,12,Large,Brown,A,false,Conventional/Unspecified,57,59,2.83,2.83,2.83,59,59,https://www.walmart.com/ip/Eggland-s-Best-Grade-A-Brown-Eggs-Large-12-Count/163075325?classType=REGULAR
Walmart,46083075,"Land O Lakes All-Natural Large Brown Eggs, 12 Count",Land O Lakes,12,Large,Brown,Unknown,false,Conventional/Unspecified,52,55,4.12,4.12,4.12,55,55,https://www.walmart.com/ip/Land-O-Lakes-All-Natural-Large-Brown-Eggs-12-Count/46083075?classType=REGULAR
Walmart,10316894,"Sunny Meadow Large White Eggs, 12 Count",Unknown,12,Large,White,Unknown,false,Conventional/Unspecified,45,45,1.47,1.4700000000000002,1.47,45,45,https://www.walmart.com/ip/Sunny-Meadow-Large-White-Eggs-12-Count/10316894?classType=REGULAR
Walmart,10316898,"Sunny Meadow Large White Eggs, 18 Count",Unknown,18,Large,White,Unknown,false,Conventional/Unspecified,44,44,2.17,2.17,2.17,44,44,https://www.walmart.com/ip/Sunny-Meadow-Large-White-Eggs-18-Count/10316898?classType=REGULAR
Walmart,116923096,"Eggland's Best Farm Fresh Extra-Large Cage Free Brown A Egg, 18 Count",Eggland's Best,18,Extra Large,Brown,Unknown,false,Cage-Free,42,42,7.24,7.239999999999999,7.24,42,42,https://www.walmart.com/ip/Eggland-s-Best-Farm-Fresh-Extra-Large-Cage-Free-Brown-A-Egg-18-Count/116923096?classType=REGULAR
Walmart,10532861,"Farmers Market Jumbo Grade A Eggs, 12 Count",Unknown,12,Jumbo,Unknown,A,false,Conventional/Unspecified,42,42,1.84,1.84,1.84,42,42,https://www.walmart.com/ip/Farmers-Market-Jumbo-Grade-A-Eggs-12-Count/10532861?classType=REGULAR
Walmart,164453605,"Eggland's Best Farm Vegetaria- Fed, Grade A Jumbo Brown Eggs, 12 Count",Eggland's Best,12,Jumbo,Brown,A,false,Conventional/Unspecified,39,39,5.48,5.48,5.48,39,39,https://www.walmart.com/ip/Eggland-s-Best-Farm-Vegetaria-Fed-Grade-A-Jumbo-Brown-Eggs-12-Count/164453605?classType=REGULAR
Walmart,197407309,"Great Value Large Brown AA Eggs, 12 Count",Great Value,12,Large,Brown,AA,false,Conventional/Unspecified,36,36,2.34,2.34,2.34,36,36,https://www.walmart.com/ip/Great-Value-Large-Brown-AA-Eggs-12-Count/197407309?classType=REGULAR
Walmart,10322924,Olympiavalley Large 24pack Grade Aa Eggs,Unknown,24,Large,Unknown,AA,false,Conventional/Unspecified,36,43,2.05,2.05,2.05,43,43,https://www.walmart.com/ip/Olympiavalley-Large-24pack-Grade-Aa-Eggs/10322924?classType=REGULAR
Walmart,126714058,Great Value 36 Xlarge A Egg,Great Value,36,Extra Large,Unknown,Unknown,false,Conventional/Unspecified,33,39,2.94,2.94,2.94,39,39,https://www.walmart.com/ip/Great-Value-36-Xlarge-A-Egg/126714058?classType=REGULAR
Walmart,10532996,"Farmer's Harvest Large Brown Eggs, 12 Count",Unknown,12,Large,Brown,Unknown,false,Conventional/Unspecified,29,29,1.97,1.9700000000000002,1.97,29,29,https://www.walmart.com/ip/Farmer-s-Harvest-Large-Brown-Eggs-12-Count/10532996?classType=REGULAR
Walmart,10532810,"Farmers Market Extra Large White Eggs, 12 Count",Unknown,12,Extra Large,White,Unknown,false,Conventional/Unspecified,28,28,1.66,1.66,1.66,28,28,https://www.walmart.com/ip/Farmers-Market-Extra-Large-White-Eggs-12-Count/10532810?classType=REGULAR
Walmart,10532951,"Lakeshore Farmers Market Extra Large White Eggs, 18 Count",Unknown,18,Extra Large,White,Unknown,false,Conventional/Unspecified,27,27,2.43,2.43,2.43,27,27,https://www.walmart.com/ip/Lakeshore-Farmers-Market-Extra-Large-White-Eggs-18-Count/10532951?classType=REGULAR
Walmart,10316899,"Sunny Meadow Large White Eggs, 6 count",Unknown,6,Large,White,Unknown,false,Conventional/Unspecified,26,26,0.96,0.9600000000000001,0.96,26,26,https://www.walmart.com/ip/Sunny-Meadow-Large-White-Eggs-6-count/10316899?classType=REGULAR
Walmart,10532952,"Ozark Farmers Market Large White Eggs, 18 Count",Unknown,18,Large,White,Unknown,false,Conventional/Unspecified,24,24,0.96,0.96,0.96,24,24,https://www.walmart.com/ip/Ozark-Farmers-Market-Large-White-Eggs-18-Count/10532952?classType=REGULAR
Walmart,49510876,"Sunny Meadow Large White Eggs, 24 Count",Unknown,24,Large,White,Unknown,false,Conventional/Unspecified,24,24,4.32,4.32,4.32,24,24,https://www.walmart.com/ip/Sunny-Meadow-Large-White-Eggs-24-Count/49510876?classType=REGULAR
Walmart,156102465,"Eggland's Best Jumbo White Eggs, 12 Count",Eggland's Best,12,Jumbo,White,Unknown,false,Conventional/Unspecified,22,22,3.96,3.9600000000000004,3.96,22,22,https://www.walmart.com/ip/Eggland-s-Best-Jumbo-White-Eggs-12-Count/156102465?classType=REGULAR
Walmart,153012838,"Whitewater Valley Extra Large Eggs, 12 Count",Unknown,12,Extra Large,Unknown,Unknown,false,Conventional/Unspecified,20,20,2.65,2.65,2.65,20,20,https://www.walmart.com/ip/Whitewater-Valley-Extra-Large-Eggs-12-Count/153012838?classType=REGULAR
Walmart,350154735,"Dutch Farms USDA Grade A Medium Eggs, 12 Count",Unknown,12,Medium,Unknown,A,false,Conventional/Unspecified,18,18,1.24,1.24,1.24,18,18,https://www.walmart.com/ip/Dutch-Farms-Grade-A-Medium-Eggs-12-Count/350154735?classType=REGULAR&athbdg=L1300
Walmart,148511119,"Great Value Medium White Eggs, 12 Count Grade A Quality Eggs, Excellent Source of Protein",Great Value,12,Medium,White,A,false,Conventional/Unspecified,18,18,0.97,0.9700000000000001,0.97,18,18,https://www.walmart.com/ip/Great-Value-Medium-White-Eggs-12-Count/148511119?classType=REGULAR&athbdg=L1300
Walmart,142883150,"Hillandale Farms, Gluten Free, Fresh Medium Eggs, 21 oz, One Dozen",Unknown,12,Medium,Unknown,Unknown,false,Conventional/Unspecified,18,18,0.97,0.9700000000000001,0.97,18,18,https://www.walmart.com/ip/Hillandale-Farms-Gluten-Free-Fresh-Medium-Eggs-21-oz-One-Dozen/142883150?classType=REGULAR
Walmart,118722035,Humpty Dumpty 12 Count White Medium Eggs - Allergen-Free & Pure,Unknown,12,Medium,White,Unknown,false,Conventional/Unspecified,18,18,1.24,1.24,1.24,18,18,https://www.walmart.com/ip/Humpty-Dumpty-White-Medium-Eggs-12-Count/118722035?classType=REGULAR&athbdg=L1300
Walmart,32284479,"Great Day Farms Cage Free Large Brown A Eggs, 18 Count",Unknown,18,Large,Brown,Unknown,false,Cage-Free,17,17,5.84,5.84,5.84,17,17,https://www.walmart.com/ip/Great-Day-Farms-Cage-Free-Large-Brown-A-Eggs-18-Count/32284479?classType=REGULAR
Walmart,10316896,"Sunny Meadow Jumbo White Eggs, 12 Count",Unknown,12,Jumbo,White,Unknown,false,Conventional/Unspecified,17,17,1.84,1.84,1.84,17,17,https://www.walmart.com/ip/Sunny-Meadow-Jumbo-White-Eggs-12-Count/10316896?classType=REGULAR
Walmart,10316897,"Sunny Meadow Large Grade A Brown Eggs, 12 ct",Unknown,12,Large,Brown,A,false,Conventional/Unspecified,16,16,2.34,2.34,2.34,16,16,https://www.walmart.com/ip/Sunny-Meadow-Large-Grade-A-Brown-Eggs-12-ct/10316897?classType=REGULAR
Walmart,107718837,"Huevos Cinderella Frescos Grandes del Pais, 18 Count - Fresh Large Eggs from Puerto Rico",Unknown,18,Large,Unknown,Unknown,false,Conventional/Unspecified,15,15,5.88,5.88,5.88,15,15,https://www.walmart.com/ip/Huevos-Frescos-Grandes-Del-Pais-18-Count/107718837?classType=REGULAR&athbdg=L1300
Walmart,20414650725,"Huevos To Fresco Frescos Grandes del Pais, 12 Count - Fresh Large Eggs from Puerto Rico",Unknown,12,Large,Unknown,Unknown,false,Conventional/Unspecified,15,15,2.37,2.37,2.37,15,15,https://www.walmart.com/ip/Huevos-Frescos-Grandes-Fresh-Large-Eggs-12-Count-Puerto-Rico/20414650725?classType=REGULAR
Walmart,20406215942,"Huevos To Fresco Frescos Grandes del Pais, 18 Count - Fresh Large Eggs from Puerto Rico",Unknown,18,Large,Unknown,A,false,Conventional/Unspecified,15,15,5.88,5.88,5.88,15,15,https://www.walmart.com/ip/To-Fresco-Grade-A-Large-Eggs-18-Count/20406215942?classType=REGULAR&athbdg=L1300
Walmart,109091561,"Cinderella Large Eggs, 30 Count",Unknown,30,Large,Unknown,Unknown,false,Conventional/Unspecified,14,14,10.92,10.92,10.92,14,14,https://www.walmart.com/ip/Cinderella-Large-Eggs-30-Count/109091561?classType=REGULAR
Walmart,654756038,"Finca Natural Eggs, Medium Organic, Grade a, 12 Count Refrigerated",Unknown,12,Medium,Unknown,A,true,Conventional/Unspecified,14,14,4.92,4.92,4.92,14,14,https://www.walmart.com/ip/Finca-Natural-Organic-Large-Eggs-12-Count/654756038?classType=REGULAR
Walmart,958047526,"Great Value Cage Free Large White Eggs, 18 Count",Great Value,18,Large,White,Unknown,false,Cage-Free,14,14,4.56,4.56,4.56,14,14,https://www.walmart.com/ip/Great-Value-Cage-Free-Large-White-Eggs-18-Count/958047526?classType=REGULAR
Walmart,10532953,"Farmers Market Large Grade AA Eggs, 6 ct",Unknown,6,Large,Unknown,AA,false,Conventional/Unspecified,13,13,0.86,0.86,0.86,13,13,https://www.walmart.com/ip/Farmers-Market-Large-Grade-AA-Eggs-6-ct/10532953?classType=REGULAR
Walmart,41113766,"Farmers Market Large White Eggs, 36 Count",Unknown,36,Large,White,Unknown,false,Conventional/Unspecified,13,13,4.32,4.32,4.32,13,13,https://www.walmart.com/ip/Farmers-Market-Large-White-Eggs-36-Count/41113766?classType=REGULAR
Walmart,193086889,"Finca Natural Eggs, Medium Cage Free, Grade a, 12 Count Refrigerated",Unknown,12,Medium,Brown,A,false,Cage-Free,13,13,2.88,2.88,2.88,13,13,https://www.walmart.com/ip/Finca-Natural-Medium-Eggs-Brown-12-Count/193086889?classType=REGULAR
Walmart,244467456,"Finca Natural Eggs, Medium Cage Free, Grade a, 18 Count Refrigerated",Unknown,18,Medium,Brown,A,false,Cage-Free,13,13,3.92,3.92,3.92,13,13,https://www.walmart.com/ip/Finca-Natural-Large-Brown-Egg-18-Count/244467456?classType=REGULAR
Walmart,1828534249,"Finca Natural Medium Organic Eggs, Grade A, 18 Count Refrigerated",Unknown,18,Medium,Unknown,A,true,Conventional/Unspecified,13,13,6.92,6.92,6.92,13,13,https://www.walmart.com/ip/Finca-Natural-Medium-Organic-Eggs-Grade-A-18-Count-Refrigerated/1828534249?classType=REGULAR
Walmart,10316900,"Sunny Meadow Large A Eggs, 30 Count",Unknown,30,Large,White,A,false,Conventional/Unspecified,13,13,4.32,4.32,4.32,13,13,https://www.walmart.com/ip/Sunny-Meadow-Large-White-Eggs-30-Count/10316900?classType=REGULAR
Walmart,10532814,"Farmers Market Large Grade A Eggs, 18 Count",Unknown,18,Large,Unknown,A,false,Conventional/Unspecified,12,12,3.44,3.44,3.44,12,12,https://www.walmart.com/ip/Farmers-Market-Large-Grade-A-Eggs-18-Count/10532814?classType=REGULAR
Walmart,44391116,"First Light Large Grade AA Eggs, 12 ct",Unknown,12,Large,Unknown,AA,false,Conventional/Unspecified,12,12,1.47,1.47,1.47,12,12,https://www.walmart.com/ip/First-Light-Large-Grade-AA-Eggs-12-ct/44391116?classType=REGULAR
Walmart,121233410,Great Value 24 Large Aa Egg,Great Value,24,Large,Unknown,AA,false,Conventional/Unspecified,12,12,4.32,4.32,4.32,12,12,https://www.walmart.com/ip/Great-Value-24-Large-Aa-Egg/121233410?classType=REGULAR
Walmart,130696481,"Huevos Cinderella Frescos Grandes - Fresh Large Eggs, 12 Count, Puerto Rico",Unknown,12,Large,Unknown,Unknown,false,Conventional/Unspecified,12,12,3.12,3.1199999999999997,3.12,12,12,https://www.walmart.com/ip/Huevos-Frescos-Grandes-Del-Pais-12-Count/130696481?classType=REGULAR&athbdg=L1300
Walmart,10316895,"Sunny Meadow Extra Large Grade A Eggs, 12 ct",Unknown,12,Extra Large,Unknown,A,false,Conventional/Unspecified,12,12,1.66,1.66,1.66,12,12,https://www.walmart.com/ip/Sunny-Meadow-Extra-Large-Grade-A-Eggs-12-ct/10316895?classType=REGULAR
Walmart,10452739,"California Farmers Market Large Grade AA Eggs, 12 Count",Unknown,12,Large,Unknown,AA,false,Conventional/Unspecified,11,11,1.47,1.4699999999999998,1.47,11,11,https://www.walmart.com/ip/California-Farmers-Market-Large-Grade-AA-Eggs-12-Count/10452739?classType=REGULAR
Walmart,44391538,"Farmers Market Large Grade A Eggs, 60 ct",Unknown,60,Large,Unknown,A,false,Conventional/Unspecified,11,11,7.13,7.129999999999999,7.13,11,11,https://www.walmart.com/ip/Farmers-Market-Large-Grade-A-Eggs-60-ct/44391538?classType=REGULAR
Walmart,10421707,Olympia Valley Farms Olympia Vally 6 Pack Large Grade Aa Eggs,Unknown,6,Large,Unknown,AA,false,Conventional/Unspecified,11,12,0.68,0.68,0.68,12,12,https://www.walmart.com/ip/Olympia-Valley-Farms-Olympia-Vally-6-Pack-Large-Grade-Aa-Eggs/10421707?classType=REGULAR
Walmart,973743911,"Great Value Cage-Free Large White Eggs, 12 Count",Great Value,12,Large,White,Unknown,false,Cage-Free,10,10,3.12,3.12,3.12,10,10,https://www.walmart.com/ip/Great-Value-Cage-Free-Large-White-Eggs-12-Count/973743911?classType=REGULAR
Walmart,20414650726,"Huevos Criollo Frescos Grandes del Pais, 12 Count - Fresh Large Eggs from Puerto Rico, 12 Count",Unknown,12,Large,Unknown,Unknown,false,Conventional/Unspecified,10,10,3.12,3.12,3.12,10,10,https://www.walmart.com/ip/Huevos-Frescos-Grandes-Fresh-Large-Eggs-12-Count-Puerto-Rico/20414650726?classType=REGULAR&athbdg=L1300
Walmart,20414650727,"Huevos Criollo Frescos Grandes del Pais, 18 Count - Fresh Large Eggs from Puerto Rico",Unknown,18,Large,Unknown,Unknown,false,Conventional/Unspecified,10,10,5.88,5.88,5.88,10,10,https://www.walmart.com/ip/Huevos-Frescos-Grandes-del-Pais-18-Count-Fresh-Large-Eggs-from-Puerto-Rico/20414650727?classType=REGULAR&athbdg=L1300
Walmart,10532954,"Hudson Family Farmers Market Jumbo Brown Eggs, 12 Count",Unknown,12,Jumbo,Brown,Unknown,false,Conventional/Unspecified,9,9,2.34,2.34,2.34,9,9,https://www.walmart.com/ip/Hudson-Family-Farmers-Market-Jumbo-Brown-Eggs-12-Count/10532954?classType=REGULAR
Walmart,14074310821,"Waialua Fresh Cage-Free Extra Large Grade A Eggs, 18 Count",Unknown,18,Extra Large,Unknown,A,false,Cage-Free,9,9,11.88,11.88,11.88,9,9,https://www.walmart.com/ip/Waialua-Fresh-Egg-Xlg-18ct/14074310821?classType=REGULAR
Walmart,1936385112,Waialua Fresh Cage-Free Large Eggs 12 Count,Unknown,12,Large,Unknown,Unknown,false,Cage-Free,9,9,7.68,7.680000000000001,7.68,9,9,https://www.walmart.com/ip/Waialua-Fresh-Egg-Large-12ct/1936385112?classType=REGULAR
Walmart,44390988,"First Light  Large Grade AA Eggs, 60 ct",Unknown,60,Large,Unknown,AA,false,Conventional/Unspecified,8,8,7.13,7.13,7.13,8,8,https://www.walmart.com/ip/First-Light-Large-Grade-AA-Eggs-60-ct/44390988?classType=REGULAR
Walmart,118270632,"Ka Lei Country Fresh Organic Large Brown Eggs, 12 Count",Unknown,12,Large,Brown,Unknown,true,Conventional/Unspecified,6,6,10.44,10.44,10.44,6,6,https://www.walmart.com/ip/Ka-Leil-Eggs-Country-Fresh-Large-Brown-Eggs-12-Count/118270632?classType=REGULAR
Walmart,22115890,"Sunny Meadow Extra Large White Eggs, 18 Count",Unknown,18,Extra Large,White,Unknown,false,Conventional/Unspecified,6,6,2.43,2.43,2.43,6,6,https://www.walmart.com/ip/Sunny-Meadow-Extra-Large-White-Eggs-18-Count/22115890?classType=REGULAR
Walmart,44419694,"First Light Egg Farms Large AA Eggs, 30 Count",Unknown,30,Large,Unknown,AA,false,Conventional/Unspecified,5,5,4.32,4.32,4.32,5,5,https://www.walmart.com/ip/First-Light-Egg-Farms-Large-AA-Eggs-30-Count/44419694?classType=REGULAR
Walmart,176458176,"First Light Egg Farms Large AA Eggs, 6 Count",Unknown,6,Large,Unknown,AA,false,Conventional/Unspecified,5,5,0.86,0.86,0.86,5,5,https://www.walmart.com/ip/First-Light-Egg-Farms-Large-AA-Eggs-6-Count/176458176?classType=REGULAR
Walmart,11229703407,Horizon Large Organic Omega 3 Brown Eggs- 1 dozen,Unknown,12,Large,Brown,A,true,Free-Range,5,5,6.79,6.790000000000001,6.79,5,5,https://www.walmart.com/ip/Horizon-Organic-Grade-A-Free-Range-Eggs-Large-12-ea/11229703407?classType=REGULAR
Walmart,45594105,Mclane Company Fs Grade A Large Eggs,Unknown,,Large,Unknown,A,false,Conventional/Unspecified,5,5,2.38,2.38,2.38,5,5,https://www.walmart.com/ip/Mclane-Company-Fs-Grade-A-Large-Eggs/45594105?classType=REGULAR
Walmart,10322925,Olympia Valley Large 18pack Grade Aa Egg,Unknown,18,Large,Unknown,AA,false,Conventional/Unspecified,5,5,1.66,1.6599999999999997,1.66,5,5,https://www.walmart.com/ip/Olympia-Valley-Large-18pack-Grade-Aa-Egg/10322925?classType=REGULAR
Walmart,103822518,"Whitewater Valley Jumbo A Eggs, 12 Count",Unknown,12,Jumbo,Unknown,Unknown,false,Conventional/Unspecified,5,5,1.84,1.8400000000000003,1.84,5,5,https://www.walmart.com/ip/Whitewater-Valley-Jumbo-A-Eggs-12-Count/103822518?classType=REGULAR
Walmart,107527567,"Mountain View Colony Grade AA Large White Eggs, 18 Count",Unknown,18,Large,White,AA,false,Conventional/Unspecified,4,4,2.97,2.97,2.97,4,4,https://www.walmart.com/ip/Mountain-View-Colony-Grade-AA-Large-White-Eggs-18-Count/107527567?classType=REGULAR
Walmart,192509475,"The Farmer's Cow Extra Large Brown A Eggs, 12 Count",Unknown,12,Extra Large,Brown,Unknown,false,Conventional/Unspecified,4,4,4.92,4.92,4.92,4,4,https://www.walmart.com/ip/The-Farmer-s-Cow-Extra-Large-Brown-A-Eggs-12-Count/192509475?classType=REGULAR
Walmart,101484396,"The Farmer's Cow Natural Large Brown Eggs, 12 Count",Unknown,12,Large,Brown,Unknown,false,Conventional/Unspecified,4,4,4.72,4.72,4.72,4,4,https://www.walmart.com/ip/The-Farmer-s-Cow-Natural-Large-Brown-Eggs-12-Count/101484396?classType=REGULAR
Walmart,15673707,"Farmers Market Farm Fresh Large A Eggs, 30 Count",Unknown,30,Large,Unknown,A,false,Conventional/Unspecified,3,3,4.32,4.32,4.32,3,3,https://www.walmart.com/ip/Farmers-Market-Farm-Fresh-Large-A-Eggs-30-Count/15673707?classType=REGULAR
Walmart,133432359,"Farmers Market Large AA Eggs, 60 Count",Unknown,60,Large,Unknown,AA,false,Conventional/Unspecified,3,3,7.13,7.13,7.13,3,3,https://www.walmart.com/ip/Farmers-Market-Large-AA-Eggs-60-Count/133432359?classType=REGULAR
Walmart,146019490,"Farmers Market Twin Pack Large AA Eggs, 36 Count",Unknown,36,Large,Unknown,AA,false,Conventional/Unspecified,3,3,4.32,4.32,4.32,3,3,https://www.walmart.com/ip/Farmers-Market-Twin-Pack-Large-AA-Eggs-36-Count/146019490?classType=REGULAR
Walmart,49409707,"Marketside Vegetarian Fed Large Brown Eggs, 12 Count",Marketside,12,Large,Brown,Unknown,false,Conventional/Unspecified,3,5,3.22,3.22,3.22,5,5,https://www.walmart.com/ip/Marketside-Vegetarian-Fed-Large-Brown-Eggs-12-Count/49409707?classType=REGULAR
Walmart,126149832,Mountain View AA Large 5 Dozen Eggs,Unknown,60,Large,Unknown,Unknown,false,Conventional/Unspecified,3,3,9.97,9.97,9.97,3,3,https://www.walmart.com/ip/Mountain-View-AA-Large-5-Dozen-Eggs/126149832?classType=REGULAR
Walmart,163865828,"Mountain View Colony Extra Large Eggs, 12 Count",Unknown,12,Extra Large,Unknown,Unknown,false,Conventional/Unspecified,3,3,2.14,2.14,2.14,3,3,https://www.walmart.com/ip/Mountain-View-Colony-Extra-Large-Eggs-12-Count/163865828?classType=REGULAR
Walmart,158938805,"Mountain View Colony Grade AA Large Eggs, 12 Count",Unknown,12,Large,Unknown,AA,false,Conventional/Unspecified,3,3,1.97,1.97,1.97,3,3,https://www.walmart.com/ip/Mountain-View-Colony-Grade-AA-Large-Eggs-12-Count/158938805?classType=REGULAR
Walmart,108559318,"Mountain View Colony Mountain View Brown Eggs, 1.50 Oz., 12 Count",Unknown,12,Unknown,Brown,Unknown,false,Conventional/Unspecified,3,3,3.97,3.97,3.97,3,3,https://www.walmart.com/ip/Mountain-View-Colony-Mountain-View-Brown-Eggs-1-50-Oz-12-Count/108559318?classType=REGULAR
Walmart,110264174,"Mountain View Extra Large White Grade AA Eggs, 18 Count",Unknown,18,Extra Large,White,AA,false,Conventional/Unspecified,3,3,3.22,3.22,3.22,3,3,https://www.walmart.com/ip/Mountain-View-Extra-Large-White-Grade-AA-Eggs-18-Count/110264174?classType=REGULAR
Walmart,10452741,"Ozark Farmers Market Large Grade AA Eggs, 60 ct",Unknown,60,Large,Unknown,AA,false,Conventional/Unspecified,3,3,7.13,7.13,7.13,3,3,https://www.walmart.com/ip/Ozark-Farmers-Market-Large-Grade-AA-Eggs-60-ct/10452741?classType=REGULAR
Walmart,132958715,"To Fresco Medium Eggs 12 Count, Farm Fresh, Allergen-Free",Unknown,12,Medium,Unknown,Unknown,false,Conventional/Unspecified,3,3,4.46,4.46,4.46,3,3,https://www.walmart.com/ip/To-Fresco-Medium-Eggs-12-Count/132958715?classType=REGULAR
Walmart,185333323,Willamette Large Aa 6pk Eggs,Unknown,6,Large,Unknown,Unknown,false,Conventional/Unspecified,3,3,0.86,0.86,0.86,3,3,https://www.walmart.com/ip/Willamette-Large-Aa-6pk-Eggs/185333323?classType=REGULAR
Walmart,175454483,"Farmers Market Cage Free Large Grande A Eggs, 12 Count",Unknown,12,Large,Unknown,Unknown,false,Cage-Free,2,2,1.47,1.47,1.47,2,2,https://www.walmart.com/ip/Farmers-Market-Cage-Free-Large-Grande-A-Eggs-12-Count/175454483?classType=REGULAR
Walmart,10811021,"Farmers Market Large A Eggs, 36 Count",Unknown,36,Large,Unknown,A,false,Conventional/Unspecified,2,2,6.96,6.96,6.96,2,2,https://www.walmart.com/ip/Farmers-Market-Large-A-Eggs-36-Count/10811021?classType=REGULAR
Walmart,103328035,Great Eggs 1.5 Dozen Extra Large Eggs,Unknown,18,Extra Large,Unknown,Unknown,false,Conventional/Unspecified,2,2,2.43,2.43,2.43,2,2,https://www.walmart.com/ip/Great-Eggs-1-5-Dozen-Extra-Large-Eggs/103328035?classType=REGULAR
Walmart,101650141,"Great Value Cage Free Extra Large White Eggs, 12 Count",Great Value,12,Extra Large,White,Unknown,false,Cage-Free,2,2,2.67,2.67,2.67,2,2,https://www.walmart.com/ip/Great-Value-Cage-Free-Extra-Large-White-Eggs-12-Count/101650141?classType=REGULAR
Walmart,109983047,"Great Value Twin Pack Extra Large White Eggs, 36 Count",Great Value,36,Extra Large,White,Unknown,false,Conventional/Unspecified,2,2,5.82,5.82,5.82,2,2,https://www.walmart.com/ip/Great-Value-Twin-Pack-Extra-Large-White-Eggs-36-Count/109983047?classType=REGULAR
Walmart,164479355,Hillandale Farms Eggs Large White Grade A Cage Free One Dozen,Unknown,12,Large,White,A,false,Cage-Free,2,2,2.98,2.98,2.98,2,2,https://www.walmart.com/ip/Hillandale-Farms-Eggs-Large-White-Grade-A-Cage-Free-One-Dozen/164479355?classType=REGULAR
Walmart,105498920,"Mountain View Colony Jumbo White A Eggs, 12 Count",Unknown,12,Jumbo,White,Unknown,false,Conventional/Unspecified,2,2,2.27,2.27,2.27,2,2,https://www.walmart.com/ip/Mountain-View-Colony-Jumbo-White-A-Eggs-12-Count/105498920?classType=REGULAR
Walmart,136452603,"Mountain View Colony Medium White Grade AA Dozen Eggs, 12 Count",Unknown,12,Medium,White,AA,false,Conventional/Unspecified,2,2,1.72,1.72,1.72,2,2,https://www.walmart.com/ip/Mountain-View-Colony-Medium-White-Grade-AA-Dozen-Eggs-12-Count/136452603?classType=REGULAR
Walmart,42350222,"Sunny Meadow Farm Fresh Large A Eggs, 36 Count",Unknown,36,Large,White,A,false,Conventional/Unspecified,2,2,4.32,4.32,4.32,2,2,https://www.walmart.com/ip/Sunny-Meadow-Large-White-Eggs-36-Count/42350222?classType=REGULAR
Walmart,15149290,"Sunny Meadow Rpc Twin 18 Large White Eggs, 36 Count",Unknown,36,Large,White,Unknown,false,Conventional/Unspecified,2,2,5.62,5.62,5.62,2,2,https://www.walmart.com/ip/Sunny-Meadow-Rpc-Twin-18-Large-White-Eggs-36-Count/15149290?classType=REGULAR
Walmart,140390529,Whitewater Valley Large 12pk Eggs,Unknown,12,Large,Unknown,Unknown,false,Conventional/Unspecified,2,2,1.47,1.47,1.47,2,2,https://www.walmart.com/ip/Whitewater-Valley-Large-12pk-Eggs/140390529?classType=REGULAR
Walmart,183663476,"Whitewater Valley Large Eggs, 6 Count",Unknown,6,Large,Unknown,Unknown,false,Conventional/Unspecified,2,2,0.96,0.96,0.96,2,2,https://www.walmart.com/ip/Whitewater-Valley-Large-Eggs-6-Count/183663476?classType=REGULAR
Walmart,142862696,"Eggland's Best Cage Free Large White Eggs, 12 Count",Eggland's Best,12,Large,White,Unknown,false,Cage-Free,1,1,3.96,3.96,3.96,1,1,https://www.walmart.com/ip/Eggland-s-Best-Cage-Free-Large-White-Eggs-12-Count/142862696?classType=REGULAR
Walmart,146059054,"Great Value Cage Free Large Brown Eggs, 18 Count",Great Value,18,Large,Brown,Unknown,false,Cage-Free,1,1,3.74,3.74,3.74,1,1,https://www.walmart.com/ip/Great-Value-Cage-Free-Large-Brown-Eggs-18-Count/146059054?classType=REGULAR
Walmart,535961089,Handsome Brook Farm Pasture-raised Eggs,Unknown,,Unknown,Unknown,Unknown,false,Pasture-Raised,1,1,5.98,5.98,5.98,1,1,https://www.walmart.com/ip/Handsome-Brook-Farm-Pasture-raised-Eggs/535961089?classType=REGULAR
Walmart,10532860,"Ozark Farmers Market Medium Grade A Eggs, 12 Count",Unknown,12,Medium,Unknown,A,false,Conventional/Unspecified,1,1,0.97,0.97,0.97,1,1,https://www.walmart.com/ip/Ozark-Farmers-Market-Medium-Grade-A-Eggs-12-Count/10532860?classType=REGULAR&athbdg=L1300
Walmart,391346672,"Vital Farms Pasture Raised Grade A Brown Eggs, Medium, 12 Ct",Vital Farms,12,Medium,Brown,A,false,Pasture-Raised,1,1,4.82,4.82,4.82,1,1,https://www.walmart.com/ip/Vital-Farms-Pasture-Raised-Grade-A-Brown-Eggs-Medium-12-Ct/391346672?classType=REGULAR
Wegmans,976715,"Eggland's Best Free Range Organic Large Brown Eggs, 12 count",Eggland'S Best,12,Large,Brown,Unknown,true,Free-Range,104,199,6.99,6.99,6.99,199,199,https://www.wegmans.com/shop/product/976715
Wegmans,52603,Wegmans Cage Free Large Eggs,Wegmans,,Large,Unknown,Unknown,false,Cage-Free,104,197,2.49,2.49,2.49,197,197,https://www.wegmans.com/shop/product/52603
Wegmans,22333,"Wegmans Organic Extra Large Brown Eggs, Cage Free",Wegmans,,Extra Large,Brown,Unknown,true,Cage-Free,104,199,5.29,5.29,5.29,199,199,https://www.wegmans.com/shop/product/22333
Wegmans,18515,"Wegmans Organic Large Brown Eggs, 12 Count, Cage Free",Wegmans,12,Large,Brown,Unknown,true,Cage-Free,104,199,4.99,4.99,4.99,199,199,https://www.wegmans.com/shop/product/18515
Wegmans,46374,"Wegmans Organic Pasture Raised Grade A Large Brown Eggs, 12 Count",Wegmans,12,Large,Brown,A,true,Pasture-Raised,104,199,6.79,6.79,6.79,199,199,https://www.wegmans.com/shop/product/46374
Wegmans,193885,"Eggland's Best Eggs, Organic, Cage Free, Brown, Extra Large, 6 Count",Eggland'S Best,6,Extra Large,Brown,Unknown,true,Cage-Free,103,190,2.99,2.99,2.99,190,190,https://www.wegmans.com/shop/product/193885
Wegmans,333609,"Eggland's Best Eggs, Extra Large, 12 Count",Eggland'S Best,12,Extra Large,Unknown,Unknown,false,Conventional/Unspecified,102,190,4.49,4.49,4.49,190,190,https://www.wegmans.com/shop/product/333609
Wegmans,179899,"Eggland's Best Eggs, Large, 18 Count",Eggland'S Best,18,Large,Unknown,Unknown,false,Conventional/Unspecified,102,190,5.99,5.990000000000001,5.99,190,190,https://www.wegmans.com/shop/product/179899
Wegmans,80133,"Wegmans Grade AA Large Eggs, 12 Count",Wegmans,12,Large,Unknown,AA,false,Conventional/Unspecified,102,190,1.49,1.4900000000000002,1.49,190,190,https://www.wegmans.com/shop/product/80133
Wegmans,46155,"Wegmans Grade AA Large Eggs, 18 Count",Wegmans,18,Large,Unknown,AA,false,Conventional/Unspecified,101,185,2.19,2.19,2.19,185,185,https://www.wegmans.com/shop/product/46155
Wegmans,48454,"Wegmans Organic Pasture Raised Grade A Extra Large Brown Eggs, 12 Count",Wegmans,12,Extra Large,Brown,A,true,Pasture-Raised,98,157,7.39,7.39,7.39,157,157,https://www.wegmans.com/shop/product/48454
Wegmans,28999,"Wegmans Jumbo Eggs, 12 Count",Wegmans,12,Jumbo,Unknown,Unknown,false,Conventional/Unspecified,91,174,1.99,1.99,1.99,174,174,https://www.wegmans.com/shop/product/28999
Wegmans,972029,Eggland's Best Large Eggs,Eggland'S Best,,Large,Unknown,Unknown,false,Conventional/Unspecified,58,87,7.69,7.690000000000001,7.69,87,87,https://www.wegmans.com/shop/product/972029
Wegmans,52606,"Wegmans Cage Free Large Eggs, 18 count",Wegmans,18,Large,Unknown,Unknown,false,Cage-Free,21,22,5.98,5.98,5.98,22,22,https://www.wegmans.com/shop/product/52606
Wegmans,983166,"Kreher Family Egg Farms Eggs, White, Large",Kreher Family Egg Farms,,Large,White,Unknown,false,Conventional/Unspecified,18,21,2.49,2.49,2.49,21,21,https://www.wegmans.com/shop/product/983166
