Date,Retailer,Keyword,Retailer Store Id,Retailer Store Name,Zipcode,Page Number,Result Position,Product Name,Brand,Is Sponsored,Badges,Price,Price Regular,Price Discounted,Price Discount Percentage,Price Is Discounted,Price Currency,Stock Availability,Stock Quantity,Rating,Rating Count,Reviews Count,Retailer Review Summary,Monthly Sales Volume,Weekly Sales Volume,Model Number,Image Url,Images,Url,Item Condition,Fulfilled By Retailer,Seller,Buy Box Seller,Returnable,Returnable In,Shipping Cost,Shipping Extras,Specification,Offers,Variant Configuration,Physical Properties,Product Identifiers,Reviews Summary,Retailer Ranks,Videos,Has 360 Images,Has Enhanced Content,Shipping Delivery Zipcode,Shipping Expected Delivery Date,Shipping Type,Description Short,Description Full,Product Aspects,Extras,Run Id,Keyword Id,Retailer Product Id,Latitude,Longitude,Time Created
2026-08-07T04:25:40.403917,aldi.us,strawberries,463-019,"Aldi, Chardon",44024,1,2,Season's Choice Frozen Strawberries,Season'S Choice,False,['Store choice'],4.75,,,,,,,,0.0,0,0,,,,,https://d2lnr5mha7bycj.cloudfront.net/product-image/file/large_dd5de610-2c33-4ccc-8006-2fa45862a390.jpg,,https://www.aldi.us/store/aldi/products/21001854-season-s-choice-frozen-strawberries-24-oz,,,,,,,,,,,,,{'product_id': '21001854'},,,,,,,,,,,,,49713,15441,21001854,41.584281,-81.213013,2026-08-07T04:25:40.403917
2026-08-07T04:25:40.403917,aldi.us,strawberries,463-019,"Aldi, Chardon",44024,1,6,Southern Grove Strawberry,Southern Grove,False,,3.85,,,,,,,,0.0,0,0,,,,,https://d2lnr5mha7bycj.cloudfront.net/product-image/file/large_dd06e1cd-7a1d-433c-9379-3f703199d9cb.jpg,,https://www.aldi.us/store/aldi/products/113102276-southern-grove-strawberry-6-oz,,,,,,,,,,,,,{'product_id': '113102276'},,,,,,,,,,,,,49713,15441,113102276,41.584281,-81.213013,2026-08-07T04:25:40.403917
2026-08-07T04:25:40.403917,aldi.us,strawberries,463-019,"Aldi, Chardon",44024,1,7,Always Fresh Jumbo Blueberries,Alpine Fresh,False,,5.05,,,,,,,,0.0,0,0,,,,,https://d2lnr5mha7bycj.cloudfront.net/product-image/file/large_26247d86-01ad-4977-9ea1-914258907783.jpg,,https://www.aldi.us/store/aldi/products/26291793-always-fresh-blueberries-jumbo-9-8-oz,,,,,,,,,,,,,{'product_id': '26291793'},,,,,,,,,,,,,49713,15441,26291793,41.584281,-81.213013,2026-08-07T04:25:40.403917
2026-08-07T04:25:40.403917,aldi.us,strawberries,463-019,"Aldi, Chardon",44024,1,11,"Organic Blackberries, Package",,False,,3.85,,,,,,,,0.0,0,0,,,,,https://d2lnr5mha7bycj.cloudfront.net/product-image/file/large_ab77e1e8-ac2b-4029-bbbc-de4407759198.jpg,,https://www.aldi.us/store/aldi/products/17327015-organic-blackberries-6-oz,,,,,,,,,,,,,{'product_id': '17327015'},,,,,,,,,,,,,49713,15441,17327015,41.584281,-81.213013,2026-08-07T04:25:40.403917
2026-08-07T04:25:40.403917,aldi.us,strawberries,463-019,"Aldi, Chardon",44024,1,1,Fresh Organic Strawberries,,False,['Best seller'],3.85,,,,,,,,0.0,0,0,,,,,https://d2lnr5mha7bycj.cloudfront.net/product-image/file/large_981c3775-3850-4345-a457-6267bedc44fe.jpg,,https://www.aldi.us/store/aldi/products/17330344-organic-strawberries-package-1-lb,,,,,,,,,,,,,{'product_id': '17330344'},,,,,,,,,,,,,49713,15441,17330344,41.584281,-81.213013,2026-08-07T04:25:40.403917
2026-08-07T04:25:40.403917,aldi.us,strawberries,463-019,"Aldi, Chardon",44024,1,3,"Simply Nature Freeze Dried Strawberry or M, Strawberry",Simply Nature,False,,6.39,,,,,,,,0.0,0,0,,,,,https://d1s8987jlndkbs.cloudfront.net/assets/missing-item-4bbe82b8555e4d1c12626fd482cb2409713e8e30835645ff3650ef66a725d03c.png,,https://www.aldi.us/store/aldi/products/128145927-simply-nature-freeze-dried-strawberry-or-m-strawberry-2-oz,,,,,,,,,,,,,{'product_id': '128145927'},,,,,,,,,,,,,49713,15441,128145927,41.584281,-81.213013,2026-08-07T04:25:40.403917
2026-08-07T04:25:40.403917,aldi.us,strawberries,463-019,"Aldi, Chardon",44024,1,4,"Raspberries, Package",,False,['Best seller'],2.99,,,,,,,,0.0,0,0,,,,,https://d2lnr5mha7bycj.cloudfront.net/product-image/file/large_1fc8c8b6-a4b4-49b8-a069-58f781b42176.jpg,,https://www.aldi.us/store/aldi/products/17327097-raspberries-package-6-oz,,,,,,,,,,,,,{'product_id': '17327097'},,,,,,,,,,,,,49713,15441,17327097,41.584281,-81.213013,2026-08-07T04:25:40.403917
2026-08-07T04:25:40.403917,aldi.us,strawberries,463-019,"Aldi, Chardon",44024,1,5,"Blackberries, Package",,False,,2.55,,,,,,,,0.0,0,0,,,,,https://d2lnr5mha7bycj.cloudfront.net/product-image/file/large_32cfc106-82ee-4848-afd6-327702583c22.jpg,,https://www.aldi.us/store/aldi/products/17327025-blackberries-6-oz,,,,,,,,,,,,,{'product_id': '17327025'},,,,,,,,,,,,,49713,15441,17327025,41.584281,-81.213013,2026-08-07T04:25:40.403917
2026-08-07T04:25:40.403917,aldi.us,strawberries,463-019,"Aldi, Chardon",44024,1,8,Blueberries,Always Fresh,False,,1.99,,,,,,,,0.0,0,0,,,,,https://d2lnr5mha7bycj.cloudfront.net/product-image/file/large_ace7b58c-afbe-4fd8-a796-f362ddae724e.png,,https://www.aldi.us/store/aldi/products/26312015-always-fresh-farms-blueberries-11-oz,,,,,,,,,,,,,{'product_id': '26312015'},,,,,,,,,,,,,49713,15441,26312015,41.584281,-81.213013,2026-08-07T04:25:40.403917
2026-08-07T04:25:40.403917,aldi.us,strawberries,463-019,"Aldi, Chardon",44024,1,9,"Organic Blueberries, Package",,False,,4.39,,,,,,,,0.0,0,0,,,,,https://d2lnr5mha7bycj.cloudfront.net/product-image/file/large_f139ffda-daca-445a-b6bf-1789ee7a30f9.jpg,,https://www.aldi.us/store/aldi/products/17327146-organic-blueberries-package-1-pt,,,,,,,,,,,,,{'product_id': '17327146'},,,,,,,,,,,,,49713,15441,17327146,41.584281,-81.213013,2026-08-07T04:25:40.403917
2026-08-07T04:25:40.403917,aldi.us,strawberries,463-019,"Aldi, Chardon",44024,1,12,Season's Choice Frozen Blueberries,Season'S Choice,False,,4.19,,,,,,,,0.0,0,0,,,,,https://d2lnr5mha7bycj.cloudfront.net/product-image/file/large_dbd15bb9-289a-469b-b6eb-15f75da67cfe.jpg,,https://www.aldi.us/store/aldi/products/20992234-season-s-choice-frozen-blueberries-24-oz,,,,,,,,,,,,,{'product_id': '20992234'},,,,,,,,,,,,,49713,15441,20992234,41.584281,-81.213013,2026-08-07T04:25:40.403917
2026-08-07T04:25:40.403917,aldi.us,strawberries,463-019,"Aldi, Chardon",44024,1,10,Organic Raspberries,,False,,3.75,,,,,,,,0.0,0,0,,,,,https://d2lnr5mha7bycj.cloudfront.net/product-image/file/large_b59a373a-b6e1-46f9-892a-74dbdf424453.jpg,,https://www.aldi.us/store/aldi/products/26402168-organic-raspberries-package-6-oz,,,,,,,,,,,,,{'product_id': '26402168'},,,,,,,,,,,,,49713,15441,26402168,41.584281,-81.213013,2026-08-07T04:25:40.403917
2026-08-07T04:25:40.403917,aldi.us,strawberries,463-019,"Aldi, Chardon",44024,1,13,Strawberries,,False,,2.55,,,,,,,,0.0,0,0,,,,,https://d2lnr5mha7bycj.cloudfront.net/product-image/file/large_6086628f-8982-49f1-a41c-1174cb4d8aa4.jpg,,https://www.aldi.us/store/aldi/products/16383764-whole-strawberries-1-lb,,,,,,,,,,,,,{'product_id': '16383764'},,,,,,,,,,,,,49713,15441,16383764,41.584281,-81.213013,2026-08-07T04:25:40.403917
2026-08-07T04:25:40.403917,aldi.us,strawberries,463-019,"Aldi, Chardon",44024,1,14,"Simply Nature Frz Org Fruit Assort 24oz, Strawberries",Simply Nature,False,,5.99,,,,,,,,0.0,0,0,,,,,https://d2lnr5mha7bycj.cloudfront.net/product-image/file/large_251dff27-ea20-4ac9-ac91-36c6c6670ea4.jpg,,https://www.aldi.us/store/aldi/products/28033188-simply-nature-organic-stawberries-24-oz,,,,,,,,,,,,,{'product_id': '28033188'},,,,,,,,,,,,,49713,15441,28033188,41.584281,-81.213013,2026-08-07T04:25:40.403917
2026-08-07T04:25:40.403917,aldi.us,strawberries,460-060,"Aldi, Hackensack",07601,1,1,Fresh Organic Strawberries,,False,['Best seller'],3.85,,,,,,,,0.0,0,0,,,,,https://d2lnr5mha7bycj.cloudfront.net/product-image/file/large_981c3775-3850-4345-a457-6267bedc44fe.jpg,,https://www.aldi.us/store/aldi/products/17330344-organic-strawberries-package-1-lb,,,,,,,,,,,,,{'product_id': '17330344'},,,,,,,,,,,,,49713,15441,17330344,40.894403,-74.038854,2026-08-07T04:25:40.403917
2026-08-07T04:25:40.403917,aldi.us,strawberries,460-060,"Aldi, Hackensack",07601,1,7,Always Fresh Jumbo Blueberries,Alpine Fresh,False,,5.05,,,,,,,,0.0,0,0,,,,,https://d2lnr5mha7bycj.cloudfront.net/product-image/file/large_26247d86-01ad-4977-9ea1-914258907783.jpg,,https://www.aldi.us/store/aldi/products/26291793-always-fresh-blueberries-jumbo-9-8-oz,,,,,,,,,,,,,{'product_id': '26291793'},,,,,,,,,,,,,49713,15441,26291793,40.894403,-74.038854,2026-08-07T04:25:40.403917
2026-08-07T04:25:40.403917,aldi.us,strawberries,468-044,"Aldi, Plainfield",60586,1,3,Season's Choice Frozen Strawberries,Season'S Choice,False,['Store choice'],4.75,,,,,,,,0.0,0,0,,,,,https://d2lnr5mha7bycj.cloudfront.net/product-image/file/large_dd5de610-2c33-4ccc-8006-2fa45862a390.jpg,,https://www.aldi.us/store/aldi/products/21001854-season-s-choice-frozen-strawberries-24-oz,,,,,,,,,,,,,{'product_id': '21001854'},,,,,,,,,,,,,49713,15441,21001854,41.56351,-88.20149,2026-08-07T04:25:40.403917
2026-08-07T04:25:40.403917,aldi.us,strawberries,468-044,"Aldi, Plainfield",60586,1,4,Simply Nature Freeze Dried Strawberries,Simply Nature,False,,3.29,,,,,,,,0.0,0,0,,,,,https://d2lnr5mha7bycj.cloudfront.net/product-image/file/large_ed967d0f-b874-4ea5-8fa1-5ae8dc90c17a.jpg,,https://www.aldi.us/store/aldi/products/18649280-simplynature-freeze-dried-strawberries-1-2-oz,,,,,,,,,,,,,{'product_id': '18649280'},,,,,,,,,,,,,49713,15441,18649280,41.56351,-88.20149,2026-08-07T04:25:40.403917
2026-08-07T04:25:40.403917,aldi.us,strawberries,468-044,"Aldi, Plainfield",60586,1,7,Southern Grove Strawberry,Southern Grove,False,,3.85,,,,,,,,0.0,0,0,,,,,https://d2lnr5mha7bycj.cloudfront.net/product-image/file/large_dd06e1cd-7a1d-433c-9379-3f703199d9cb.jpg,,https://www.aldi.us/store/aldi/products/113102276-southern-grove-strawberry-6-oz,,,,,,,,,,,,,{'product_id': '113102276'},,,,,,,,,,,,,49713,15441,113102276,41.56351,-88.20149,2026-08-07T04:25:40.403917
2026-08-07T04:25:40.403917,aldi.us,strawberries,468-044,"Aldi, Plainfield",60586,1,8,"Organic Blueberries, Package",,False,,4.39,,,,,,,,0.0,0,0,,,,,https://d2lnr5mha7bycj.cloudfront.net/product-image/file/large_f139ffda-daca-445a-b6bf-1789ee7a30f9.jpg,,https://www.aldi.us/store/aldi/products/17327146-organic-blueberries-package-1-pt,,,,,,,,,,,,,{'product_id': '17327146'},,,,,,,,,,,,,49713,15441,17327146,41.56351,-88.20149,2026-08-07T04:25:40.403917
2026-08-07T04:25:40.403917,aldi.us,strawberries,460-060,"Aldi, Hackensack",07601,1,2,Season's Choice Frozen Strawberries,Season'S Choice,False,['Store choice'],4.75,,,,,,,,0.0,0,0,,,,,https://d2lnr5mha7bycj.cloudfront.net/product-image/file/large_dd5de610-2c33-4ccc-8006-2fa45862a390.jpg,,https://www.aldi.us/store/aldi/products/21001854-season-s-choice-frozen-strawberries-24-oz,,,,,,,,,,,,,{'product_id': '21001854'},,,,,,,,,,,,,49713,15441,21001854,40.894403,-74.038854,2026-08-07T04:25:40.403917
2026-08-07T04:25:40.403917,aldi.us,strawberries,460-060,"Aldi, Hackensack",07601,1,3,"Raspberries, Package",,False,['Best seller'],2.99,,,,,,,,0.0,0,0,,,,,https://d2lnr5mha7bycj.cloudfront.net/product-image/file/large_1fc8c8b6-a4b4-49b8-a069-58f781b42176.jpg,,https://www.aldi.us/store/aldi/products/17327097-raspberries-package-6-oz,,,,,,,,,,,,,{'product_id': '17327097'},,,,,,,,,,,,,49713,15441,17327097,40.894403,-74.038854,2026-08-07T04:25:40.403917
2026-08-07T04:25:40.403917,aldi.us,strawberries,460-060,"Aldi, Hackensack",07601,1,6,Southern Grove Strawberry,Southern Grove,False,,3.85,,,,,,,,0.0,0,0,,,,,https://d2lnr5mha7bycj.cloudfront.net/product-image/file/large_dd06e1cd-7a1d-433c-9379-3f703199d9cb.jpg,,https://www.aldi.us/store/aldi/products/113102276-southern-grove-strawberry-6-oz,,,,,,,,,,,,,{'product_id': '113102276'},,,,,,,,,,,,,49713,15441,113102276,40.894403,-74.038854,2026-08-07T04:25:40.403917
2026-08-07T04:25:40.403917,aldi.us,strawberries,460-060,"Aldi, Hackensack",07601,1,8,Organic Raspberries,,False,,3.75,,,,,,,,0.0,0,0,,,,,https://d2lnr5mha7bycj.cloudfront.net/product-image/file/large_b59a373a-b6e1-46f9-892a-74dbdf424453.jpg,,https://www.aldi.us/store/aldi/products/26402168-organic-raspberries-package-6-oz,,,,,,,,,,,,,{'product_id': '26402168'},,,,,,,,,,,,,49713,15441,26402168,40.894403,-74.038854,2026-08-07T04:25:40.403917
2026-08-07T04:25:40.403917,aldi.us,strawberries,468-044,"Aldi, Plainfield",60586,1,2,Strawberries 2 lb,Driscoll'S,False,,5.99,,,,,,,,0.0,0,0,,,,,https://d2lnr5mha7bycj.cloudfront.net/product-image/file/large_527f0d65-5c64-4f0f-8f85-6ba77431c835.jpg,,https://www.aldi.us/store/aldi/products/16521342-driscoll-s-strawberries-2-0-lb,,,,,,,,,,,,,{'product_id': '16521342'},,,,,,,,,,,,,49713,15441,16521342,41.56351,-88.20149,2026-08-07T04:25:40.403917
2026-08-07T04:25:40.403917,aldi.us,strawberries,468-044,"Aldi, Plainfield",60586,1,6,"Blackberries, Package",,False,,2.55,,,,,,,,0.0,0,0,,,,,https://d2lnr5mha7bycj.cloudfront.net/product-image/file/large_32cfc106-82ee-4848-afd6-327702583c22.jpg,,https://www.aldi.us/store/aldi/products/17327025-blackberries-6-oz,,,,,,,,,,,,,{'product_id': '17327025'},,,,,,,,,,,,,49713,15441,17327025,41.56351,-88.20149,2026-08-07T04:25:40.403917
2026-08-07T04:25:40.403917,aldi.us,strawberries,468-044,"Aldi, Plainfield",60586,1,12,Season's Choice Frozen Blueberries,Season'S Choice,False,,4.19,,,,,,,,0.0,0,0,,,,,https://d2lnr5mha7bycj.cloudfront.net/product-image/file/large_dbd15bb9-289a-469b-b6eb-15f75da67cfe.jpg,,https://www.aldi.us/store/aldi/products/20992234-season-s-choice-frozen-blueberries-24-oz,,,,,,,,,,,,,{'product_id': '20992234'},,,,,,,,,,,,,49713,15441,20992234,41.56351,-88.20149,2026-08-07T04:25:40.403917
2026-08-07T04:25:40.403917,aldi.us,strawberries,460-060,"Aldi, Hackensack",07601,1,5,"Blackberries, Package",,False,,2.55,,,,,,,,0.0,0,0,,,,,https://d2lnr5mha7bycj.cloudfront.net/product-image/file/large_32cfc106-82ee-4848-afd6-327702583c22.jpg,,https://www.aldi.us/store/aldi/products/17327025-blackberries-6-oz,,,,,,,,,,,,,{'product_id': '17327025'},,,,,,,,,,,,,49713,15441,17327025,40.894403,-74.038854,2026-08-07T04:25:40.403917
2026-08-07T04:25:40.403917,aldi.us,strawberries,460-060,"Aldi, Hackensack",07601,1,9,"Organic Blackberries, Package",,False,,3.85,,,,,,,,0.0,0,0,,,,,https://d2lnr5mha7bycj.cloudfront.net/product-image/file/large_ab77e1e8-ac2b-4029-bbbc-de4407759198.jpg,,https://www.aldi.us/store/aldi/products/17327015-organic-blackberries-6-oz,,,,,,,,,,,,,{'product_id': '17327015'},,,,,,,,,,,,,49713,15441,17327015,40.894403,-74.038854,2026-08-07T04:25:40.403917
2026-08-07T04:25:40.403917,aldi.us,strawberries,460-060,"Aldi, Hackensack",07601,1,12,Strawberries,,False,,2.55,,,,,,,,0.0,0,0,,,,,https://d2lnr5mha7bycj.cloudfront.net/product-image/file/large_6086628f-8982-49f1-a41c-1174cb4d8aa4.jpg,,https://www.aldi.us/store/aldi/products/16383764-whole-strawberries-1-lb,,,,,,,,,,,,,{'product_id': '16383764'},,,,,,,,,,,,,49713,15441,16383764,40.894403,-74.038854,2026-08-07T04:25:40.403917
2026-08-07T04:25:40.403917,aldi.us,strawberries,468-044,"Aldi, Plainfield",60586,1,5,"Raspberries, Package",,False,['Best seller'],2.99,,,,,,,,0.0,0,0,,,,,https://d2lnr5mha7bycj.cloudfront.net/product-image/file/large_1fc8c8b6-a4b4-49b8-a069-58f781b42176.jpg,,https://www.aldi.us/store/aldi/products/17327097-raspberries-package-6-oz,,,,,,,,,,,,,{'product_id': '17327097'},,,,,,,,,,,,,49713,15441,17327097,41.56351,-88.20149,2026-08-07T04:25:40.403917
2026-08-07T04:25:40.403917,aldi.us,strawberries,468-044,"Aldi, Plainfield",60586,1,9,Always Fresh Jumbo Blueberries,Alpine Fresh,False,,5.05,,,,,,,,0.0,0,0,,,,,https://d2lnr5mha7bycj.cloudfront.net/product-image/file/large_26247d86-01ad-4977-9ea1-914258907783.jpg,,https://www.aldi.us/store/aldi/products/26291793-always-fresh-blueberries-jumbo-9-8-oz,,,,,,,,,,,,,{'product_id': '26291793'},,,,,,,,,,,,,49713,15441,26291793,41.56351,-88.20149,2026-08-07T04:25:40.403917
2026-08-07T04:25:40.403917,aldi.us,strawberries,468-044,"Aldi, Plainfield",60586,1,13,Strawberries,,False,,2.55,,,,,,,,0.0,0,0,,,,,https://d2lnr5mha7bycj.cloudfront.net/product-image/file/large_6086628f-8982-49f1-a41c-1174cb4d8aa4.jpg,,https://www.aldi.us/store/aldi/products/16383764-whole-strawberries-1-lb,,,,,,,,,,,,,{'product_id': '16383764'},,,,,,,,,,,,,49713,15441,16383764,41.56351,-88.20149,2026-08-07T04:25:40.403917
2026-08-07T04:25:40.403917,aldi.us,strawberries,468-044,"Aldi, Plainfield",60586,1,15,Blueberries,Always Fresh,False,,1.99,,,,,,,,0.0,0,0,,,,,https://d2lnr5mha7bycj.cloudfront.net/product-image/file/large_ace7b58c-afbe-4fd8-a796-f362ddae724e.png,,https://www.aldi.us/store/aldi/products/26312015-always-fresh-farms-blueberries-11-oz,,,,,,,,,,,,,{'product_id': '26312015'},,,,,,,,,,,,,49713,15441,26312015,41.56351,-88.20149,2026-08-07T04:25:40.403917
2026-08-07T04:25:40.403917,aldi.us,strawberries,460-060,"Aldi, Hackensack",07601,1,10,Season's Choice Frozen Blueberries,Season'S Choice,False,,4.19,,,,,,,,0.0,0,0,,,,,https://d2lnr5mha7bycj.cloudfront.net/product-image/file/large_dbd15bb9-289a-469b-b6eb-15f75da67cfe.jpg,,https://www.aldi.us/store/aldi/products/20992234-season-s-choice-frozen-blueberries-24-oz,,,,,,,,,,,,,{'product_id': '20992234'},,,,,,,,,,,,,49713,15441,20992234,40.894403,-74.038854,2026-08-07T04:25:40.403917
2026-08-07T04:25:40.403917,aldi.us,strawberries,460-060,"Aldi, Hackensack",07601,1,11,"Organic Blueberries, Package",,False,,4.39,,,,,,,,0.0,0,0,,,,,https://d2lnr5mha7bycj.cloudfront.net/product-image/file/large_f139ffda-daca-445a-b6bf-1789ee7a30f9.jpg,,https://www.aldi.us/store/aldi/products/17327146-organic-blueberries-package-1-pt,,,,,,,,,,,,,{'product_id': '17327146'},,,,,,,,,,,,,49713,15441,17327146,40.894403,-74.038854,2026-08-07T04:25:40.403917
2026-08-07T04:25:40.403917,aldi.us,strawberries,460-060,"Aldi, Hackensack",07601,1,13,"Simply Nature Frz Org Fruit Assort 24oz, Strawberries",Simply Nature,False,,5.99,,,,,,,,0.0,0,0,,,,,https://d2lnr5mha7bycj.cloudfront.net/product-image/file/large_251dff27-ea20-4ac9-ac91-36c6c6670ea4.jpg,,https://www.aldi.us/store/aldi/products/28033188-simply-nature-organic-stawberries-24-oz,,,,,,,,,,,,,{'product_id': '28033188'},,,,,,,,,,,,,49713,15441,28033188,40.894403,-74.038854,2026-08-07T04:25:40.403917
2026-08-07T04:25:40.403917,aldi.us,strawberries,468-044,"Aldi, Plainfield",60586,1,1,Fresh Organic Strawberries,,False,['Best seller'],3.85,,,,,,,,0.0,0,0,,,,,https://d2lnr5mha7bycj.cloudfront.net/product-image/file/large_981c3775-3850-4345-a457-6267bedc44fe.jpg,,https://www.aldi.us/store/aldi/products/17330344-organic-strawberries-package-1-lb,,,,,,,,,,,,,{'product_id': '17330344'},,,,,,,,,,,,,49713,15441,17330344,41.56351,-88.20149,2026-08-07T04:25:40.403917
2026-08-07T04:25:40.403917,aldi.us,strawberries,468-044,"Aldi, Plainfield",60586,1,10,Organic Raspberries,,False,,3.75,,,,,,,,0.0,0,0,,,,,https://d2lnr5mha7bycj.cloudfront.net/product-image/file/large_b59a373a-b6e1-46f9-892a-74dbdf424453.jpg,,https://www.aldi.us/store/aldi/products/26402168-organic-raspberries-package-6-oz,,,,,,,,,,,,,{'product_id': '26402168'},,,,,,,,,,,,,49713,15441,26402168,41.56351,-88.20149,2026-08-07T04:25:40.403917
2026-08-07T04:25:40.403917,aldi.us,strawberries,468-044,"Aldi, Plainfield",60586,1,14,"Simply Nature Frz Org Fruit Assort 24oz, Strawberries",Simply Nature,False,,5.99,,,,,,,,0.0,0,0,,,,,https://d2lnr5mha7bycj.cloudfront.net/product-image/file/large_251dff27-ea20-4ac9-ac91-36c6c6670ea4.jpg,,https://www.aldi.us/store/aldi/products/28033188-simply-nature-organic-stawberries-24-oz,,,,,,,,,,,,,{'product_id': '28033188'},,,,,,,,,,,,,49713,15441,28033188,41.56351,-88.20149,2026-08-07T04:25:40.403917
2026-08-07T04:25:40.403917,aldi.us,strawberries,460-060,"Aldi, Hackensack",07601,1,4,Simply Nature Freeze Dried Strawberries,Simply Nature,False,,3.29,,,,,,,,0.0,0,0,,,,,https://d2lnr5mha7bycj.cloudfront.net/product-image/file/large_ed967d0f-b874-4ea5-8fa1-5ae8dc90c17a.jpg,,https://www.aldi.us/store/aldi/products/18649280-simplynature-freeze-dried-strawberries-1-2-oz,,,,,,,,,,,,,{'product_id': '18649280'},,,,,,,,,,,,,49713,15441,18649280,40.894403,-74.038854,2026-08-07T04:25:40.403917
2026-08-07T04:25:40.403917,aldi.us,strawberries,460-060,"Aldi, Hackensack",07601,1,14,Blueberries,Always Fresh,False,,1.99,,,,,,,,0.0,0,0,,,,,https://d2lnr5mha7bycj.cloudfront.net/product-image/file/large_ace7b58c-afbe-4fd8-a796-f362ddae724e.png,,https://www.aldi.us/store/aldi/products/26312015-always-fresh-farms-blueberries-11-oz,,,,,,,,,,,,,{'product_id': '26312015'},,,,,,,,,,,,,49713,15441,26312015,40.894403,-74.038854,2026-08-07T04:25:40.403917
2026-08-07T04:25:40.403917,aldi.us,strawberries,468-044,"Aldi, Plainfield",60586,1,11,"Organic Blackberries, Package",,False,,3.85,,,,,,,,0.0,0,0,,,,,https://d2lnr5mha7bycj.cloudfront.net/product-image/file/large_ab77e1e8-ac2b-4029-bbbc-de4407759198.jpg,,https://www.aldi.us/store/aldi/products/17327015-organic-blackberries-6-oz,,,,,,,,,,,,,{'product_id': '17327015'},,,,,,,,,,,,,49713,15441,17327015,41.56351,-88.20149,2026-08-07T04:25:40.403917
2026-08-07T04:25:40.403917,aldi.us,strawberries,440-052,"Aldi, Aurora",60506,1,1,Fresh Organic Strawberries,,False,['Best seller'],3.85,,,,,,,,0.0,0,0,,,,,https://d2lnr5mha7bycj.cloudfront.net/product-image/file/large_981c3775-3850-4345-a457-6267bedc44fe.jpg,,https://www.aldi.us/store/aldi/products/17330344-organic-strawberries-package-1-lb,,,,,,,,,,,,,{'product_id': '17330344'},,,,,,,,,,,,,49713,15441,17330344,41.765583,-88.372279,2026-08-07T04:25:40.403917
2026-08-07T04:25:40.403917,aldi.us,strawberries,440-052,"Aldi, Aurora",60506,1,3,Season's Choice Frozen Strawberries,Season'S Choice,False,['Store choice'],4.75,,,,,,,,0.0,0,0,,,,,https://d2lnr5mha7bycj.cloudfront.net/product-image/file/large_dd5de610-2c33-4ccc-8006-2fa45862a390.jpg,,https://www.aldi.us/store/aldi/products/21001854-season-s-choice-frozen-strawberries-24-oz,,,,,,,,,,,,,{'product_id': '21001854'},,,,,,,,,,,,,49713,15441,21001854,41.765583,-88.372279,2026-08-07T04:25:40.403917
2026-08-07T04:25:40.403917,aldi.us,strawberries,440-052,"Aldi, Aurora",60506,1,4,"Raspberries, Package",,False,['Best seller'],2.99,,,,,,,,0.0,0,0,,,,,https://d2lnr5mha7bycj.cloudfront.net/product-image/file/large_1fc8c8b6-a4b4-49b8-a069-58f781b42176.jpg,,https://www.aldi.us/store/aldi/products/17327097-raspberries-package-6-oz,,,,,,,,,,,,,{'product_id': '17327097'},,,,,,,,,,,,,49713,15441,17327097,41.765583,-88.372279,2026-08-07T04:25:40.403917
2026-08-07T04:25:40.403917,aldi.us,strawberries,440-052,"Aldi, Aurora",60506,1,12,Strawberries,,False,,2.55,,,,,,,,0.0,0,0,,,,,https://d2lnr5mha7bycj.cloudfront.net/product-image/file/large_6086628f-8982-49f1-a41c-1174cb4d8aa4.jpg,,https://www.aldi.us/store/aldi/products/16383764-whole-strawberries-1-lb,,,,,,,,,,,,,{'product_id': '16383764'},,,,,,,,,,,,,49713,15441,16383764,41.765583,-88.372279,2026-08-07T04:25:40.403917
2026-08-07T04:25:40.403917,aldi.us,strawberries,440-052,"Aldi, Aurora",60506,1,2,Strawberries 2 lb,Driscoll'S,False,,5.99,,,,,,,,0.0,0,0,,,,,https://d2lnr5mha7bycj.cloudfront.net/product-image/file/large_527f0d65-5c64-4f0f-8f85-6ba77431c835.jpg,,https://www.aldi.us/store/aldi/products/16521342-driscoll-s-strawberries-2-0-lb,,,,,,,,,,,,,{'product_id': '16521342'},,,,,,,,,,,,,49713,15441,16521342,41.765583,-88.372279,2026-08-07T04:25:40.403917
2026-08-07T04:25:40.403917,aldi.us,strawberries,440-052,"Aldi, Aurora",60506,1,5,"Blackberries, Package",,False,,2.55,,,,,,,,0.0,0,0,,,,,https://d2lnr5mha7bycj.cloudfront.net/product-image/file/large_32cfc106-82ee-4848-afd6-327702583c22.jpg,,https://www.aldi.us/store/aldi/products/17327025-blackberries-6-oz,,,,,,,,,,,,,{'product_id': '17327025'},,,,,,,,,,,,,49713,15441,17327025,41.765583,-88.372279,2026-08-07T04:25:40.403917
2026-08-07T04:25:40.403917,aldi.us,strawberries,440-052,"Aldi, Aurora",60506,1,8,Always Fresh Jumbo Blueberries,Alpine Fresh,False,,5.05,,,,,,,,0.0,0,0,,,,,https://d2lnr5mha7bycj.cloudfront.net/product-image/file/large_26247d86-01ad-4977-9ea1-914258907783.jpg,,https://www.aldi.us/store/aldi/products/26291793-always-fresh-blueberries-jumbo-9-8-oz,,,,,,,,,,,,,{'product_id': '26291793'},,,,,,,,,,,,,49713,15441,26291793,41.765583,-88.372279,2026-08-07T04:25:40.403917
2026-08-07T04:25:40.403917,aldi.us,strawberries,440-052,"Aldi, Aurora",60506,1,10,"Organic Blackberries, Package",,False,,3.85,,,,,,,,0.0,0,0,,,,,https://d2lnr5mha7bycj.cloudfront.net/product-image/file/large_ab77e1e8-ac2b-4029-bbbc-de4407759198.jpg,,https://www.aldi.us/store/aldi/products/17327015-organic-blackberries-6-oz,,,,,,,,,,,,,{'product_id': '17327015'},,,,,,,,,,,,,49713,15441,17327015,41.765583,-88.372279,2026-08-07T04:25:40.403917
2026-08-07T04:25:40.403917,aldi.us,strawberries,440-052,"Aldi, Aurora",60506,1,6,Southern Grove Strawberry,Southern Grove,False,,3.85,,,,,,,,0.0,0,0,,,,,https://d2lnr5mha7bycj.cloudfront.net/product-image/file/large_dd06e1cd-7a1d-433c-9379-3f703199d9cb.jpg,,https://www.aldi.us/store/aldi/products/113102276-southern-grove-strawberry-6-oz,,,,,,,,,,,,,{'product_id': '113102276'},,,,,,,,,,,,,49713,15441,113102276,41.765583,-88.372279,2026-08-07T04:25:40.403917
2026-08-07T04:25:40.403917,aldi.us,strawberries,440-052,"Aldi, Aurora",60506,1,13,"Simply Nature Frz Org Fruit Assort 24oz, Strawberries",Simply Nature,False,,5.99,,,,,,,,0.0,0,0,,,,,https://d2lnr5mha7bycj.cloudfront.net/product-image/file/large_251dff27-ea20-4ac9-ac91-36c6c6670ea4.jpg,,https://www.aldi.us/store/aldi/products/28033188-simply-nature-organic-stawberries-24-oz,,,,,,,,,,,,,{'product_id': '28033188'},,,,,,,,,,,,,49713,15441,28033188,41.765583,-88.372279,2026-08-07T04:25:40.403917
2026-08-07T04:25:40.403917,aldi.us,strawberries,440-052,"Aldi, Aurora",60506,1,14,Blueberries,Always Fresh,False,,1.99,,,,,,,,0.0,0,0,,,,,https://d2lnr5mha7bycj.cloudfront.net/product-image/file/large_ace7b58c-afbe-4fd8-a796-f362ddae724e.png,,https://www.aldi.us/store/aldi/products/26312015-always-fresh-farms-blueberries-11-oz,,,,,,,,,,,,,{'product_id': '26312015'},,,,,,,,,,,,,49713,15441,26312015,41.765583,-88.372279,2026-08-07T04:25:40.403917
2026-08-07T04:25:40.403917,aldi.us,strawberries,440-052,"Aldi, Aurora",60506,1,7,"Organic Blueberries, Package",,False,,4.39,,,,,,,,0.0,0,0,,,,,https://d2lnr5mha7bycj.cloudfront.net/product-image/file/large_f139ffda-daca-445a-b6bf-1789ee7a30f9.jpg,,https://www.aldi.us/store/aldi/products/17327146-organic-blueberries-package-1-pt,,,,,,,,,,,,,{'product_id': '17327146'},,,,,,,,,,,,,49713,15441,17327146,41.765583,-88.372279,2026-08-07T04:25:40.403917
2026-08-07T04:25:40.403917,aldi.us,strawberries,440-052,"Aldi, Aurora",60506,1,9,Organic Raspberries,,False,,3.75,,,,,,,,0.0,0,0,,,,,https://d2lnr5mha7bycj.cloudfront.net/product-image/file/large_b59a373a-b6e1-46f9-892a-74dbdf424453.jpg,,https://www.aldi.us/store/aldi/products/26402168-organic-raspberries-package-6-oz,,,,,,,,,,,,,{'product_id': '26402168'},,,,,,,,,,,,,49713,15441,26402168,41.765583,-88.372279,2026-08-07T04:25:40.403917
2026-08-07T04:25:40.403917,aldi.us,strawberries,440-052,"Aldi, Aurora",60506,1,11,Season's Choice Frozen Blueberries,Season'S Choice,False,,4.19,,,,,,,,0.0,0,0,,,,,https://d2lnr5mha7bycj.cloudfront.net/product-image/file/large_dbd15bb9-289a-469b-b6eb-15f75da67cfe.jpg,,https://www.aldi.us/store/aldi/products/20992234-season-s-choice-frozen-blueberries-24-oz,,,,,,,,,,,,,{'product_id': '20992234'},,,,,,,,,,,,,49713,15441,20992234,41.765583,-88.372279,2026-08-07T04:25:40.403917
2026-08-07T04:25:40.403917,aldi.us,strawberries,480-004,"Aldi, Richmond",23230,1,1,Fresh Organic Strawberries,,False,['Best seller'],3.85,,,,,,,,0.0,0,0,,,,,https://d2lnr5mha7bycj.cloudfront.net/product-image/file/large_981c3775-3850-4345-a457-6267bedc44fe.jpg,,https://www.aldi.us/store/aldi/products/17330344-organic-strawberries-package-1-lb,,,,,,,,,,,,,{'product_id': '17330344'},,,,,,,,,,,,,49713,15441,17330344,37.5959,-77.511,2026-08-07T04:25:40.403917
2026-08-07T04:25:40.403917,aldi.us,strawberries,480-004,"Aldi, Richmond",23230,1,2,Season's Choice Frozen Strawberries,Season'S Choice,False,['Store choice'],4.75,,,,,,,,0.0,0,0,,,,,https://d2lnr5mha7bycj.cloudfront.net/product-image/file/large_dd5de610-2c33-4ccc-8006-2fa45862a390.jpg,,https://www.aldi.us/store/aldi/products/21001854-season-s-choice-frozen-strawberries-24-oz,,,,,,,,,,,,,{'product_id': '21001854'},,,,,,,,,,,,,49713,15441,21001854,37.5959,-77.511,2026-08-07T04:25:40.403917
2026-08-07T04:25:40.403917,aldi.us,strawberries,480-004,"Aldi, Richmond",23230,1,3,Simply Nature Freeze Dried Strawberries,Simply Nature,False,,3.29,,,,,,,,0.0,0,0,,,,,https://d2lnr5mha7bycj.cloudfront.net/product-image/file/large_ed967d0f-b874-4ea5-8fa1-5ae8dc90c17a.jpg,,https://www.aldi.us/store/aldi/products/18649280-simplynature-freeze-dried-strawberries-1-2-oz,,,,,,,,,,,,,{'product_id': '18649280'},,,,,,,,,,,,,49713,15441,18649280,37.5959,-77.511,2026-08-07T04:25:40.403917
2026-08-07T04:25:40.403917,aldi.us,strawberries,480-004,"Aldi, Richmond",23230,1,8,Always Fresh Jumbo Blueberries,Alpine Fresh,False,,5.05,,,,,,,,0.0,0,0,,,,,https://d2lnr5mha7bycj.cloudfront.net/product-image/file/large_26247d86-01ad-4977-9ea1-914258907783.jpg,,https://www.aldi.us/store/aldi/products/26291793-always-fresh-blueberries-jumbo-9-8-oz,,,,,,,,,,,,,{'product_id': '26291793'},,,,,,,,,,,,,49713,15441,26291793,37.5959,-77.511,2026-08-07T04:25:40.403917
2026-08-07T04:25:40.403917,aldi.us,strawberries,480-004,"Aldi, Richmond",23230,1,9,Season's Choice Frozen Blueberries,Season'S Choice,False,,4.19,,,,,,,,0.0,0,0,,,,,https://d2lnr5mha7bycj.cloudfront.net/product-image/file/large_dbd15bb9-289a-469b-b6eb-15f75da67cfe.jpg,,https://www.aldi.us/store/aldi/products/20992234-season-s-choice-frozen-blueberries-24-oz,,,,,,,,,,,,,{'product_id': '20992234'},,,,,,,,,,,,,49713,15441,20992234,37.5959,-77.511,2026-08-07T04:25:40.403917
2026-08-07T04:25:40.403917,aldi.us,strawberries,480-004,"Aldi, Richmond",23230,1,4,"Raspberries, Package",,False,['Best seller'],2.99,,,,,,,,0.0,0,0,,,,,https://d2lnr5mha7bycj.cloudfront.net/product-image/file/large_1fc8c8b6-a4b4-49b8-a069-58f781b42176.jpg,,https://www.aldi.us/store/aldi/products/17327097-raspberries-package-6-oz,,,,,,,,,,,,,{'product_id': '17327097'},,,,,,,,,,,,,49713,15441,17327097,37.5959,-77.511,2026-08-07T04:25:40.403917
2026-08-07T04:25:40.403917,aldi.us,strawberries,480-004,"Aldi, Richmond",23230,1,5,"Blackberries, Package",,False,,2.55,,,,,,,,0.0,0,0,,,,,https://d2lnr5mha7bycj.cloudfront.net/product-image/file/large_32cfc106-82ee-4848-afd6-327702583c22.jpg,,https://www.aldi.us/store/aldi/products/17327025-blackberries-6-oz,,,,,,,,,,,,,{'product_id': '17327025'},,,,,,,,,,,,,49713,15441,17327025,37.5959,-77.511,2026-08-07T04:25:40.403917
2026-08-07T04:25:40.403917,aldi.us,strawberries,480-004,"Aldi, Richmond",23230,1,11,"Simply Nature Frz Org Fruit Assort 24oz, Strawberries",Simply Nature,False,,5.99,,,,,,,,0.0,0,0,,,,,https://d2lnr5mha7bycj.cloudfront.net/product-image/file/large_251dff27-ea20-4ac9-ac91-36c6c6670ea4.jpg,,https://www.aldi.us/store/aldi/products/28033188-simply-nature-organic-stawberries-24-oz,,,,,,,,,,,,,{'product_id': '28033188'},,,,,,,,,,,,,49713,15441,28033188,37.5959,-77.511,2026-08-07T04:25:40.403917
2026-08-07T04:25:40.403917,aldi.us,strawberries,480-004,"Aldi, Richmond",23230,1,6,Southern Grove Strawberry,Southern Grove,False,,3.85,,,,,,,,0.0,0,0,,,,,https://d2lnr5mha7bycj.cloudfront.net/product-image/file/large_dd06e1cd-7a1d-433c-9379-3f703199d9cb.jpg,,https://www.aldi.us/store/aldi/products/113102276-southern-grove-strawberry-6-oz,,,,,,,,,,,,,{'product_id': '113102276'},,,,,,,,,,,,,49713,15441,113102276,37.5959,-77.511,2026-08-07T04:25:40.403917
2026-08-07T04:25:40.403917,aldi.us,strawberries,480-004,"Aldi, Richmond",23230,1,10,Strawberries,,False,,2.55,,,,,,,,0.0,0,0,,,,,https://d2lnr5mha7bycj.cloudfront.net/product-image/file/large_6086628f-8982-49f1-a41c-1174cb4d8aa4.jpg,,https://www.aldi.us/store/aldi/products/16383764-whole-strawberries-1-lb,,,,,,,,,,,,,{'product_id': '16383764'},,,,,,,,,,,,,49713,15441,16383764,37.5959,-77.511,2026-08-07T04:25:40.403917
2026-08-07T04:25:40.403917,aldi.us,strawberries,480-004,"Aldi, Richmond",23230,1,7,"Organic Blueberries, Package",,False,,4.39,,,,,,,,0.0,0,0,,,,,https://d2lnr5mha7bycj.cloudfront.net/product-image/file/large_f139ffda-daca-445a-b6bf-1789ee7a30f9.jpg,,https://www.aldi.us/store/aldi/products/17327146-organic-blueberries-package-1-pt,,,,,,,,,,,,,{'product_id': '17327146'},,,,,,,,,,,,,49713,15441,17327146,37.5959,-77.511,2026-08-07T04:25:40.403917
2026-08-07T04:25:40.403917,aldi.us,strawberries,480-004,"Aldi, Richmond",23230,1,12,Blueberries,Always Fresh,False,,1.99,,,,,,,,0.0,0,0,,,,,https://d2lnr5mha7bycj.cloudfront.net/product-image/file/large_ace7b58c-afbe-4fd8-a796-f362ddae724e.png,,https://www.aldi.us/store/aldi/products/26312015-always-fresh-farms-blueberries-11-oz,,,,,,,,,,,,,{'product_id': '26312015'},,,,,,,,,,,,,49713,15441,26312015,37.5959,-77.511,2026-08-07T04:25:40.403917
2026-08-07T04:25:40.403917,aldi.us,strawberries,466-059,"Aldi, Cary",27511,1,1,Fresh Organic Strawberries,,False,['Best seller'],3.85,,,,,,,,0.0,0,0,,,,,https://d2lnr5mha7bycj.cloudfront.net/product-image/file/large_981c3775-3850-4345-a457-6267bedc44fe.jpg,,https://www.aldi.us/store/aldi/products/17330344-organic-strawberries-package-1-lb,,,,,,,,,,,,,{'product_id': '17330344'},,,,,,,,,,,,,49713,15441,17330344,35.760624,-78.781875,2026-08-07T04:25:40.403917
2026-08-07T04:25:40.403917,aldi.us,strawberries,466-059,"Aldi, Cary",27511,1,6,"Organic Blueberries, Package",,False,,4.39,,,,,,,,0.0,0,0,,,,,https://d2lnr5mha7bycj.cloudfront.net/product-image/file/large_f139ffda-daca-445a-b6bf-1789ee7a30f9.jpg,,https://www.aldi.us/store/aldi/products/17327146-organic-blueberries-package-1-pt,,,,,,,,,,,,,{'product_id': '17327146'},,,,,,,,,,,,,49713,15441,17327146,35.760624,-78.781875,2026-08-07T04:25:40.403917
2026-08-07T04:25:40.403917,aldi.us,strawberries,466-059,"Aldi, Cary",27511,1,9,Strawberries,,False,,2.55,,,,,,,,0.0,0,0,,,,,https://d2lnr5mha7bycj.cloudfront.net/product-image/file/large_6086628f-8982-49f1-a41c-1174cb4d8aa4.jpg,,https://www.aldi.us/store/aldi/products/16383764-whole-strawberries-1-lb,,,,,,,,,,,,,{'product_id': '16383764'},,,,,,,,,,,,,49713,15441,16383764,35.760624,-78.781875,2026-08-07T04:25:40.403917
2026-08-07T04:25:40.403917,aldi.us,strawberries,466-059,"Aldi, Cary",27511,1,2,Season's Choice Frozen Strawberries,Season'S Choice,False,['Store choice'],4.75,,,,,,,,0.0,0,0,,,,,https://d2lnr5mha7bycj.cloudfront.net/product-image/file/large_dd5de610-2c33-4ccc-8006-2fa45862a390.jpg,,https://www.aldi.us/store/aldi/products/21001854-season-s-choice-frozen-strawberries-24-oz,,,,,,,,,,,,,{'product_id': '21001854'},,,,,,,,,,,,,49713,15441,21001854,35.760624,-78.781875,2026-08-07T04:25:40.403917
2026-08-07T04:25:40.403917,aldi.us,strawberries,466-059,"Aldi, Cary",27511,1,5,Southern Grove Strawberry,Southern Grove,False,,3.85,,,,,,,,0.0,0,0,,,,,https://d2lnr5mha7bycj.cloudfront.net/product-image/file/large_dd06e1cd-7a1d-433c-9379-3f703199d9cb.jpg,,https://www.aldi.us/store/aldi/products/113102276-southern-grove-strawberry-6-oz,,,,,,,,,,,,,{'product_id': '113102276'},,,,,,,,,,,,,49713,15441,113102276,35.760624,-78.781875,2026-08-07T04:25:40.403917
2026-08-07T04:25:40.403917,aldi.us,strawberries,466-059,"Aldi, Cary",27511,1,10,"Blackberries, Package",,False,,2.55,,,,,,,,0.0,0,0,,,,,https://d2lnr5mha7bycj.cloudfront.net/product-image/file/large_32cfc106-82ee-4848-afd6-327702583c22.jpg,,https://www.aldi.us/store/aldi/products/17327025-blackberries-6-oz,,,,,,,,,,,,,{'product_id': '17327025'},,,,,,,,,,,,,49713,15441,17327025,35.760624,-78.781875,2026-08-07T04:25:40.403917
2026-08-07T04:25:40.403917,aldi.us,strawberries,466-059,"Aldi, Cary",27511,1,3,Simply Nature Freeze Dried Strawberries,Simply Nature,False,,3.29,,,,,,,,0.0,0,0,,,,,https://d2lnr5mha7bycj.cloudfront.net/product-image/file/large_ed967d0f-b874-4ea5-8fa1-5ae8dc90c17a.jpg,,https://www.aldi.us/store/aldi/products/18649280-simplynature-freeze-dried-strawberries-1-2-oz,,,,,,,,,,,,,{'product_id': '18649280'},,,,,,,,,,,,,49713,15441,18649280,35.760624,-78.781875,2026-08-07T04:25:40.403917
2026-08-07T04:25:40.403917,aldi.us,strawberries,466-059,"Aldi, Cary",27511,1,7,Always Fresh Jumbo Blueberries,Alpine Fresh,False,,5.05,,,,,,,,0.0,0,0,,,,,https://d2lnr5mha7bycj.cloudfront.net/product-image/file/large_26247d86-01ad-4977-9ea1-914258907783.jpg,,https://www.aldi.us/store/aldi/products/26291793-always-fresh-blueberries-jumbo-9-8-oz,,,,,,,,,,,,,{'product_id': '26291793'},,,,,,,,,,,,,49713,15441,26291793,35.760624,-78.781875,2026-08-07T04:25:40.403917
2026-08-07T04:25:40.403917,aldi.us,strawberries,466-059,"Aldi, Cary",27511,1,4,"Raspberries, Package",,False,['Best seller'],2.99,,,,,,,,0.0,0,0,,,,,https://d2lnr5mha7bycj.cloudfront.net/product-image/file/large_1fc8c8b6-a4b4-49b8-a069-58f781b42176.jpg,,https://www.aldi.us/store/aldi/products/17327097-raspberries-package-6-oz,,,,,,,,,,,,,{'product_id': '17327097'},,,,,,,,,,,,,49713,15441,17327097,35.760624,-78.781875,2026-08-07T04:25:40.403917
2026-08-07T04:25:40.403917,aldi.us,strawberries,466-059,"Aldi, Cary",27511,1,12,Blueberries,Always Fresh,False,,1.99,,,,,,,,0.0,0,0,,,,,https://d2lnr5mha7bycj.cloudfront.net/product-image/file/large_ace7b58c-afbe-4fd8-a796-f362ddae724e.png,,https://www.aldi.us/store/aldi/products/26312015-always-fresh-farms-blueberries-11-oz,,,,,,,,,,,,,{'product_id': '26312015'},,,,,,,,,,,,,49713,15441,26312015,35.760624,-78.781875,2026-08-07T04:25:40.403917
2026-08-07T04:25:40.403917,aldi.us,strawberries,466-059,"Aldi, Cary",27511,1,8,Season's Choice Frozen Blueberries,Season'S Choice,False,,4.19,,,,,,,,0.0,0,0,,,,,https://d2lnr5mha7bycj.cloudfront.net/product-image/file/large_dbd15bb9-289a-469b-b6eb-15f75da67cfe.jpg,,https://www.aldi.us/store/aldi/products/20992234-season-s-choice-frozen-blueberries-24-oz,,,,,,,,,,,,,{'product_id': '20992234'},,,,,,,,,,,,,49713,15441,20992234,35.760624,-78.781875,2026-08-07T04:25:40.403917
2026-08-07T04:25:40.403917,aldi.us,strawberries,466-059,"Aldi, Cary",27511,1,11,"Simply Nature Frz Org Fruit Assort 24oz, Strawberries",Simply Nature,False,,5.99,,,,,,,,0.0,0,0,,,,,https://d2lnr5mha7bycj.cloudfront.net/product-image/file/large_251dff27-ea20-4ac9-ac91-36c6c6670ea4.jpg,,https://www.aldi.us/store/aldi/products/28033188-simply-nature-organic-stawberries-24-oz,,,,,,,,,,,,,{'product_id': '28033188'},,,,,,,,,,,,,49713,15441,28033188,35.760624,-78.781875,2026-08-07T04:25:40.403917
2026-08-07T04:25:40.403917,aldi.us,strawberries,462-022,"Aldi, Blue Island",60406,1,1,Fresh Organic Strawberries,,False,['Best seller'],3.85,,,,,,,,0.0,0,0,,,,,https://d2lnr5mha7bycj.cloudfront.net/product-image/file/large_981c3775-3850-4345-a457-6267bedc44fe.jpg,,https://www.aldi.us/store/aldi/products/17330344-organic-strawberries-package-1-lb,,,,,,,,,,,,,{'product_id': '17330344'},,,,,,,,,,,,,49713,15441,17330344,41.67118,-87.68049,2026-08-07T04:25:40.403917
2026-08-07T04:25:40.403917,aldi.us,strawberries,462-022,"Aldi, Blue Island",60406,1,2,Season's Choice Frozen Strawberries,Season'S Choice,False,['Store choice'],4.75,,,,,,,,0.0,0,0,,,,,https://d2lnr5mha7bycj.cloudfront.net/product-image/file/large_dd5de610-2c33-4ccc-8006-2fa45862a390.jpg,,https://www.aldi.us/store/aldi/products/21001854-season-s-choice-frozen-strawberries-24-oz,,,,,,,,,,,,,{'product_id': '21001854'},,,,,,,,,,,,,49713,15441,21001854,41.67118,-87.68049,2026-08-07T04:25:40.403917
2026-08-07T04:25:40.403917,aldi.us,strawberries,462-022,"Aldi, Blue Island",60406,1,4,"Raspberries, Package",,False,['Best seller'],2.99,,,,,,,,0.0,0,0,,,,,https://d2lnr5mha7bycj.cloudfront.net/product-image/file/large_1fc8c8b6-a4b4-49b8-a069-58f781b42176.jpg,,https://www.aldi.us/store/aldi/products/17327097-raspberries-package-6-oz,,,,,,,,,,,,,{'product_id': '17327097'},,,,,,,,,,,,,49713,15441,17327097,41.67118,-87.68049,2026-08-07T04:25:40.403917
2026-08-07T04:25:40.403917,aldi.us,strawberries,462-022,"Aldi, Blue Island",60406,1,7,"Organic Blueberries, Package",,False,,4.39,,,,,,,,0.0,0,0,,,,,https://d2lnr5mha7bycj.cloudfront.net/product-image/file/large_f139ffda-daca-445a-b6bf-1789ee7a30f9.jpg,,https://www.aldi.us/store/aldi/products/17327146-organic-blueberries-package-1-pt,,,,,,,,,,,,,{'product_id': '17327146'},,,,,,,,,,,,,49713,15441,17327146,41.67118,-87.68049,2026-08-07T04:25:40.403917
2026-08-07T04:25:40.403917,aldi.us,strawberries,462-022,"Aldi, Blue Island",60406,1,3,Simply Nature Freeze Dried Strawberries,Simply Nature,False,,3.29,,,,,,,,0.0,0,0,,,,,https://d2lnr5mha7bycj.cloudfront.net/product-image/file/large_ed967d0f-b874-4ea5-8fa1-5ae8dc90c17a.jpg,,https://www.aldi.us/store/aldi/products/18649280-simplynature-freeze-dried-strawberries-1-2-oz,,,,,,,,,,,,,{'product_id': '18649280'},,,,,,,,,,,,,49713,15441,18649280,41.67118,-87.68049,2026-08-07T04:25:40.403917
2026-08-07T04:25:40.403917,aldi.us,strawberries,462-022,"Aldi, Blue Island",60406,1,5,"Blackberries, Package",,False,,2.55,,,,,,,,0.0,0,0,,,,,https://d2lnr5mha7bycj.cloudfront.net/product-image/file/large_32cfc106-82ee-4848-afd6-327702583c22.jpg,,https://www.aldi.us/store/aldi/products/17327025-blackberries-6-oz,,,,,,,,,,,,,{'product_id': '17327025'},,,,,,,,,,,,,49713,15441,17327025,41.67118,-87.68049,2026-08-07T04:25:40.403917
2026-08-07T04:25:40.403917,aldi.us,strawberries,462-022,"Aldi, Blue Island",60406,1,6,Southern Grove Strawberry,Southern Grove,False,,3.85,,,,,,,,0.0,0,0,,,,,https://d2lnr5mha7bycj.cloudfront.net/product-image/file/large_dd06e1cd-7a1d-433c-9379-3f703199d9cb.jpg,,https://www.aldi.us/store/aldi/products/113102276-southern-grove-strawberry-6-oz,,,,,,,,,,,,,{'product_id': '113102276'},,,,,,,,,,,,,49713,15441,113102276,41.67118,-87.68049,2026-08-07T04:25:40.403917
2026-08-07T04:25:40.403917,aldi.us,strawberries,462-022,"Aldi, Blue Island",60406,1,12,Strawberries,,False,,2.55,,,,,,,,0.0,0,0,,,,,https://d2lnr5mha7bycj.cloudfront.net/product-image/file/large_6086628f-8982-49f1-a41c-1174cb4d8aa4.jpg,,https://www.aldi.us/store/aldi/products/16383764-whole-strawberries-1-lb,,,,,,,,,,,,,{'product_id': '16383764'},,,,,,,,,,,,,49713,15441,16383764,41.67118,-87.68049,2026-08-07T04:25:40.403917
2026-08-07T04:25:40.403917,aldi.us,strawberries,462-022,"Aldi, Blue Island",60406,1,8,Always Fresh Jumbo Blueberries,Alpine Fresh,False,,5.05,,,,,,,,0.0,0,0,,,,,https://d2lnr5mha7bycj.cloudfront.net/product-image/file/large_26247d86-01ad-4977-9ea1-914258907783.jpg,,https://www.aldi.us/store/aldi/products/26291793-always-fresh-blueberries-jumbo-9-8-oz,,,,,,,,,,,,,{'product_id': '26291793'},,,,,,,,,,,,,49713,15441,26291793,41.67118,-87.68049,2026-08-07T04:25:40.403917
2026-08-07T04:25:40.403917,aldi.us,strawberries,462-022,"Aldi, Blue Island",60406,1,10,"Organic Blackberries, Package",,False,,3.85,,,,,,,,0.0,0,0,,,,,https://d2lnr5mha7bycj.cloudfront.net/product-image/file/large_ab77e1e8-ac2b-4029-bbbc-de4407759198.jpg,,https://www.aldi.us/store/aldi/products/17327015-organic-blackberries-6-oz,,,,,,,,,,,,,{'product_id': '17327015'},,,,,,,,,,,,,49713,15441,17327015,41.67118,-87.68049,2026-08-07T04:25:40.403917
2026-08-07T04:25:40.403917,aldi.us,strawberries,462-022,"Aldi, Blue Island",60406,1,9,Organic Raspberries,,False,,3.75,,,,,,,,0.0,0,0,,,,,https://d2lnr5mha7bycj.cloudfront.net/product-image/file/large_b59a373a-b6e1-46f9-892a-74dbdf424453.jpg,,https://www.aldi.us/store/aldi/products/26402168-organic-raspberries-package-6-oz,,,,,,,,,,,,,{'product_id': '26402168'},,,,,,,,,,,,,49713,15441,26402168,41.67118,-87.68049,2026-08-07T04:25:40.403917
2026-08-07T04:25:40.403917,aldi.us,strawberries,462-022,"Aldi, Blue Island",60406,1,14,Blueberries,Always Fresh,False,,1.99,,,,,,,,0.0,0,0,,,,,https://d2lnr5mha7bycj.cloudfront.net/product-image/file/large_ace7b58c-afbe-4fd8-a796-f362ddae724e.png,,https://www.aldi.us/store/aldi/products/26312015-always-fresh-farms-blueberries-11-oz,,,,,,,,,,,,,{'product_id': '26312015'},,,,,,,,,,,,,49713,15441,26312015,41.67118,-87.68049,2026-08-07T04:25:40.403917
2026-08-07T04:25:40.403917,aldi.us,strawberries,462-022,"Aldi, Blue Island",60406,1,11,Season's Choice Frozen Blueberries,Season'S Choice,False,,4.19,,,,,,,,0.0,0,0,,,,,https://d2lnr5mha7bycj.cloudfront.net/product-image/file/large_dbd15bb9-289a-469b-b6eb-15f75da67cfe.jpg,,https://www.aldi.us/store/aldi/products/20992234-season-s-choice-frozen-blueberries-24-oz,,,,,,,,,,,,,{'product_id': '20992234'},,,,,,,,,,,,,49713,15441,20992234,41.67118,-87.68049,2026-08-07T04:25:40.403917
2026-08-07T04:25:40.403917,aldi.us,strawberries,462-022,"Aldi, Blue Island",60406,1,13,"Simply Nature Frz Org Fruit Assort 24oz, Strawberries",Simply Nature,False,,5.99,,,,,,,,0.0,0,0,,,,,https://d2lnr5mha7bycj.cloudfront.net/product-image/file/large_251dff27-ea20-4ac9-ac91-36c6c6670ea4.jpg,,https://www.aldi.us/store/aldi/products/28033188-simply-nature-organic-stawberries-24-oz,,,,,,,,,,,,,{'product_id': '28033188'},,,,,,,,,,,,,49713,15441,28033188,41.67118,-87.68049,2026-08-07T04:25:40.403917
2026-08-07T04:25:40.403917,aldi.us,strawberries,466-047,"Aldi, West Columbia",29170,1,1,Fresh Organic Strawberries,,False,['Best seller'],3.85,,,,,,,,0.0,0,0,,,,,https://d2lnr5mha7bycj.cloudfront.net/product-image/file/large_981c3775-3850-4345-a457-6267bedc44fe.jpg,,https://www.aldi.us/store/aldi/products/17330344-organic-strawberries-package-1-lb,,,,,,,,,,,,,{'product_id': '17330344'},,,,,,,,,,,,,49713,15441,17330344,33.979783,-81.116455,2026-08-07T04:25:40.403917
2026-08-07T04:25:40.403917,aldi.us,strawberries,466-047,"Aldi, West Columbia",29170,1,4,"Blackberries, Package",,False,,2.55,,,,,,,,0.0,0,0,,,,,https://d2lnr5mha7bycj.cloudfront.net/product-image/file/large_32cfc106-82ee-4848-afd6-327702583c22.jpg,,https://www.aldi.us/store/aldi/products/17327025-blackberries-6-oz,,,,,,,,,,,,,{'product_id': '17327025'},,,,,,,,,,,,,49713,15441,17327025,33.979783,-81.116455,2026-08-07T04:25:40.403917
2026-08-07T04:25:40.403917,aldi.us,strawberries,466-047,"Aldi, West Columbia",29170,1,8,Always Fresh Jumbo Blueberries,Alpine Fresh,False,,5.05,,,,,,,,0.0,0,0,,,,,https://d2lnr5mha7bycj.cloudfront.net/product-image/file/large_26247d86-01ad-4977-9ea1-914258907783.jpg,,https://www.aldi.us/store/aldi/products/26291793-always-fresh-blueberries-jumbo-9-8-oz,,,,,,,,,,,,,{'product_id': '26291793'},,,,,,,,,,,,,49713,15441,26291793,33.979783,-81.116455,2026-08-07T04:25:40.403917
2026-08-07T04:25:40.403917,aldi.us,strawberries,466-047,"Aldi, West Columbia",29170,1,13,"Simply Nature Frz Org Fruit Assort 24oz, Strawberries",Simply Nature,False,,5.99,,,,,,,,0.0,0,0,,,,,https://d2lnr5mha7bycj.cloudfront.net/product-image/file/large_251dff27-ea20-4ac9-ac91-36c6c6670ea4.jpg,,https://www.aldi.us/store/aldi/products/28033188-simply-nature-organic-stawberries-24-oz,,,,,,,,,,,,,{'product_id': '28033188'},,,,,,,,,,,,,49713,15441,28033188,33.979783,-81.116455,2026-08-07T04:25:40.403917
2026-08-07T04:25:40.403917,aldi.us,strawberries,466-047,"Aldi, West Columbia",29170,1,2,Season's Choice Frozen Strawberries,Season'S Choice,False,['Store choice'],4.75,,,,,,,,0.0,0,0,,,,,https://d2lnr5mha7bycj.cloudfront.net/product-image/file/large_dd5de610-2c33-4ccc-8006-2fa45862a390.jpg,,https://www.aldi.us/store/aldi/products/21001854-season-s-choice-frozen-strawberries-24-oz,,,,,,,,,,,,,{'product_id': '21001854'},,,,,,,,,,,,,49713,15441,21001854,33.979783,-81.116455,2026-08-07T04:25:40.403917
2026-08-07T04:25:40.403917,aldi.us,strawberries,466-047,"Aldi, West Columbia",29170,1,3,Simply Nature Freeze Dried Strawberries,Simply Nature,False,,3.29,,,,,,,,0.0,0,0,,,,,https://d2lnr5mha7bycj.cloudfront.net/product-image/file/large_ed967d0f-b874-4ea5-8fa1-5ae8dc90c17a.jpg,,https://www.aldi.us/store/aldi/products/18649280-simplynature-freeze-dried-strawberries-1-2-oz,,,,,,,,,,,,,{'product_id': '18649280'},,,,,,,,,,,,,49713,15441,18649280,33.979783,-81.116455,2026-08-07T04:25:40.403917
2026-08-07T04:25:40.403917,aldi.us,strawberries,466-047,"Aldi, West Columbia",29170,1,14,Blueberries,Always Fresh,False,,1.99,,,,,,,,0.0,0,0,,,,,https://d2lnr5mha7bycj.cloudfront.net/product-image/file/large_ace7b58c-afbe-4fd8-a796-f362ddae724e.png,,https://www.aldi.us/store/aldi/products/26312015-always-fresh-farms-blueberries-11-oz,,,,,,,,,,,,,{'product_id': '26312015'},,,,,,,,,,,,,49713,15441,26312015,33.979783,-81.116455,2026-08-07T04:25:40.403917
2026-08-07T04:25:40.403917,aldi.us,strawberries,466-047,"Aldi, West Columbia",29170,1,5,"Raspberries, Package",,False,['Best seller'],2.99,,,,,,,,0.0,0,0,,,,,https://d2lnr5mha7bycj.cloudfront.net/product-image/file/large_1fc8c8b6-a4b4-49b8-a069-58f781b42176.jpg,,https://www.aldi.us/store/aldi/products/17327097-raspberries-package-6-oz,,,,,,,,,,,,,{'product_id': '17327097'},,,,,,,,,,,,,49713,15441,17327097,33.979783,-81.116455,2026-08-07T04:25:40.403917
2026-08-07T04:25:40.403917,aldi.us,strawberries,466-047,"Aldi, West Columbia",29170,1,6,Southern Grove Strawberry,Southern Grove,False,,3.85,,,,,,,,0.0,0,0,,,,,https://d2lnr5mha7bycj.cloudfront.net/product-image/file/large_dd06e1cd-7a1d-433c-9379-3f703199d9cb.jpg,,https://www.aldi.us/store/aldi/products/113102276-southern-grove-strawberry-6-oz,,,,,,,,,,,,,{'product_id': '113102276'},,,,,,,,,,,,,49713,15441,113102276,33.979783,-81.116455,2026-08-07T04:25:40.403917
2026-08-07T04:25:40.403917,aldi.us,strawberries,466-047,"Aldi, West Columbia",29170,1,7,"Organic Blueberries, Package",,False,,4.39,,,,,,,,0.0,0,0,,,,,https://d2lnr5mha7bycj.cloudfront.net/product-image/file/large_f139ffda-daca-445a-b6bf-1789ee7a30f9.jpg,,https://www.aldi.us/store/aldi/products/17327146-organic-blueberries-package-1-pt,,,,,,,,,,,,,{'product_id': '17327146'},,,,,,,,,,,,,49713,15441,17327146,33.979783,-81.116455,2026-08-07T04:25:40.403917
2026-08-07T04:25:40.403917,aldi.us,strawberries,466-047,"Aldi, West Columbia",29170,1,9,Organic Raspberries,,False,,3.75,,,,,,,,0.0,0,0,,,,,https://d2lnr5mha7bycj.cloudfront.net/product-image/file/large_b59a373a-b6e1-46f9-892a-74dbdf424453.jpg,,https://www.aldi.us/store/aldi/products/26402168-organic-raspberries-package-6-oz,,,,,,,,,,,,,{'product_id': '26402168'},,,,,,,,,,,,,49713,15441,26402168,33.979783,-81.116455,2026-08-07T04:25:40.403917
2026-08-07T04:25:40.403917,aldi.us,strawberries,466-047,"Aldi, West Columbia",29170,1,12,Strawberries,,False,,2.55,,,,,,,,0.0,0,0,,,,,https://d2lnr5mha7bycj.cloudfront.net/product-image/file/large_6086628f-8982-49f1-a41c-1174cb4d8aa4.jpg,,https://www.aldi.us/store/aldi/products/16383764-whole-strawberries-1-lb,,,,,,,,,,,,,{'product_id': '16383764'},,,,,,,,,,,,,49713,15441,16383764,33.979783,-81.116455,2026-08-07T04:25:40.403917
2026-08-07T04:25:40.403917,aldi.us,strawberries,466-047,"Aldi, West Columbia",29170,1,10,"Organic Blackberries, Package",,False,,3.85,,,,,,,,0.0,0,0,,,,,https://d2lnr5mha7bycj.cloudfront.net/product-image/file/large_ab77e1e8-ac2b-4029-bbbc-de4407759198.jpg,,https://www.aldi.us/store/aldi/products/17327015-organic-blackberries-6-oz,,,,,,,,,,,,,{'product_id': '17327015'},,,,,,,,,,,,,49713,15441,17327015,33.979783,-81.116455,2026-08-07T04:25:40.403917
2026-08-07T04:25:40.403917,aldi.us,strawberries,466-047,"Aldi, West Columbia",29170,1,11,Season's Choice Frozen Blueberries,Season'S Choice,False,,4.19,,,,,,,,0.0,0,0,,,,,https://d2lnr5mha7bycj.cloudfront.net/product-image/file/large_dbd15bb9-289a-469b-b6eb-15f75da67cfe.jpg,,https://www.aldi.us/store/aldi/products/20992234-season-s-choice-frozen-blueberries-24-oz,,,,,,,,,,,,,{'product_id': '20992234'},,,,,,,,,,,,,49713,15441,20992234,33.979783,-81.116455,2026-08-07T04:25:40.403917
2026-08-07T04:25:40.403917,aldi.us,strawberries,465-024,"Aldi, Syracuse",13224,1,1,Fresh Organic Strawberries,,False,['Best seller'],3.85,,,,,,,,0.0,0,0,,,,,https://d2lnr5mha7bycj.cloudfront.net/product-image/file/large_981c3775-3850-4345-a457-6267bedc44fe.jpg,,https://www.aldi.us/store/aldi/products/17330344-organic-strawberries-package-1-lb,,,,,,,,,,,,,{'product_id': '17330344'},,,,,,,,,,,,,49713,15441,17330344,43.052457,-76.114511,2026-08-07T04:25:40.403917
2026-08-07T04:25:40.403917,aldi.us,strawberries,465-024,"Aldi, Syracuse",13224,1,6,Southern Grove Strawberry,Southern Grove,False,,3.85,,,,,,,,0.0,0,0,,,,,https://d2lnr5mha7bycj.cloudfront.net/product-image/file/large_dd06e1cd-7a1d-433c-9379-3f703199d9cb.jpg,,https://www.aldi.us/store/aldi/products/113102276-southern-grove-strawberry-6-oz,,,,,,,,,,,,,{'product_id': '113102276'},,,,,,,,,,,,,49713,15441,113102276,43.052457,-76.114511,2026-08-07T04:25:40.403917
2026-08-07T04:25:40.403917,aldi.us,strawberries,465-024,"Aldi, Syracuse",13224,1,8,Always Fresh Jumbo Blueberries,Alpine Fresh,False,,5.05,,,,,,,,0.0,0,0,,,,,https://d2lnr5mha7bycj.cloudfront.net/product-image/file/large_26247d86-01ad-4977-9ea1-914258907783.jpg,,https://www.aldi.us/store/aldi/products/26291793-always-fresh-blueberries-jumbo-9-8-oz,,,,,,,,,,,,,{'product_id': '26291793'},,,,,,,,,,,,,49713,15441,26291793,43.052457,-76.114511,2026-08-07T04:25:40.403917
2026-08-07T04:25:40.403917,aldi.us,strawberries,465-024,"Aldi, Syracuse",13224,1,11,Season's Choice Frozen Blueberries,Season'S Choice,False,,4.19,,,,,,,,0.0,0,0,,,,,https://d2lnr5mha7bycj.cloudfront.net/product-image/file/large_dbd15bb9-289a-469b-b6eb-15f75da67cfe.jpg,,https://www.aldi.us/store/aldi/products/20992234-season-s-choice-frozen-blueberries-24-oz,,,,,,,,,,,,,{'product_id': '20992234'},,,,,,,,,,,,,49713,15441,20992234,43.052457,-76.114511,2026-08-07T04:25:40.403917
2026-08-07T04:25:40.403917,aldi.us,strawberries,465-024,"Aldi, Syracuse",13224,1,15,Organic Raspberries,,False,,3.75,,,,,,,,0.0,0,0,,,,,https://d2lnr5mha7bycj.cloudfront.net/product-image/file/large_b59a373a-b6e1-46f9-892a-74dbdf424453.jpg,,https://www.aldi.us/store/aldi/products/26402168-organic-raspberries-package-6-oz,,,,,,,,,,,,,{'product_id': '26402168'},,,,,,,,,,,,,49713,15441,26402168,43.052457,-76.114511,2026-08-07T04:25:40.403917
2026-08-07T04:25:40.403917,aldi.us,strawberries,465-024,"Aldi, Syracuse",13224,1,2,Season's Choice Frozen Strawberries,Season'S Choice,False,['Store choice'],4.75,,,,,,,,0.0,0,0,,,,,https://d2lnr5mha7bycj.cloudfront.net/product-image/file/large_dd5de610-2c33-4ccc-8006-2fa45862a390.jpg,,https://www.aldi.us/store/aldi/products/21001854-season-s-choice-frozen-strawberries-24-oz,,,,,,,,,,,,,{'product_id': '21001854'},,,,,,,,,,,,,49713,15441,21001854,43.052457,-76.114511,2026-08-07T04:25:40.403917
2026-08-07T04:25:40.403917,aldi.us,strawberries,465-024,"Aldi, Syracuse",13224,1,9,"Organic Blueberries, Package",,False,,4.39,,,,,,,,0.0,0,0,,,,,https://d2lnr5mha7bycj.cloudfront.net/product-image/file/large_f139ffda-daca-445a-b6bf-1789ee7a30f9.jpg,,https://www.aldi.us/store/aldi/products/17327146-organic-blueberries-package-1-pt,,,,,,,,,,,,,{'product_id': '17327146'},,,,,,,,,,,,,49713,15441,17327146,43.052457,-76.114511,2026-08-07T04:25:40.403917
2026-08-07T04:25:40.403917,aldi.us,strawberries,465-024,"Aldi, Syracuse",13224,1,12,Strawberries,,False,,2.55,,,,,,,,0.0,0,0,,,,,https://d2lnr5mha7bycj.cloudfront.net/product-image/file/large_6086628f-8982-49f1-a41c-1174cb4d8aa4.jpg,,https://www.aldi.us/store/aldi/products/16383764-whole-strawberries-1-lb,,,,,,,,,,,,,{'product_id': '16383764'},,,,,,,,,,,,,49713,15441,16383764,43.052457,-76.114511,2026-08-07T04:25:40.403917
2026-08-07T04:25:40.403917,aldi.us,strawberries,465-024,"Aldi, Syracuse",13224,1,14,Blueberries,Always Fresh,False,,1.99,,,,,,,,0.0,0,0,,,,,https://d2lnr5mha7bycj.cloudfront.net/product-image/file/large_ace7b58c-afbe-4fd8-a796-f362ddae724e.png,,https://www.aldi.us/store/aldi/products/26312015-always-fresh-farms-blueberries-11-oz,,,,,,,,,,,,,{'product_id': '26312015'},,,,,,,,,,,,,49713,15441,26312015,43.052457,-76.114511,2026-08-07T04:25:40.403917
2026-08-07T04:25:40.403917,aldi.us,strawberries,465-024,"Aldi, Syracuse",13224,1,3,Simply Nature Freeze Dried Strawberries,Simply Nature,False,,3.29,,,,,,,,0.0,0,0,,,,,https://d2lnr5mha7bycj.cloudfront.net/product-image/file/large_ed967d0f-b874-4ea5-8fa1-5ae8dc90c17a.jpg,,https://www.aldi.us/store/aldi/products/18649280-simplynature-freeze-dried-strawberries-1-2-oz,,,,,,,,,,,,,{'product_id': '18649280'},,,,,,,,,,,,,49713,15441,18649280,43.052457,-76.114511,2026-08-07T04:25:40.403917
2026-08-07T04:25:40.403917,aldi.us,strawberries,465-024,"Aldi, Syracuse",13224,1,7,Aldi White & Milk Chocolate Frozen Strawberries,Aldi,False,,5.49,,,,,,,,0.0,0,0,,,,,https://d1s8987jlndkbs.cloudfront.net/assets/missing-item-4bbe82b8555e4d1c12626fd482cb2409713e8e30835645ff3650ef66a725d03c.png,,https://www.aldi.us/store/aldi/products/128146086-aldi-white-milk-chocolate-frozen-strawberries-8-oz,,,,,,,,,,,,,{'product_id': '128146086'},,,,,,,,,,,,,49713,15441,128146086,43.052457,-76.114511,2026-08-07T04:25:40.403917
2026-08-07T04:25:40.403917,aldi.us,strawberries,465-024,"Aldi, Syracuse",13224,1,10,"Organic Blackberries, Package",,False,,3.85,,,,,,,,0.0,0,0,,,,,https://d2lnr5mha7bycj.cloudfront.net/product-image/file/large_ab77e1e8-ac2b-4029-bbbc-de4407759198.jpg,,https://www.aldi.us/store/aldi/products/17327015-organic-blackberries-6-oz,,,,,,,,,,,,,{'product_id': '17327015'},,,,,,,,,,,,,49713,15441,17327015,43.052457,-76.114511,2026-08-07T04:25:40.403917
2026-08-07T04:25:40.403917,aldi.us,strawberries,465-024,"Aldi, Syracuse",13224,1,13,"Simply Nature Frz Org Fruit Assort 24oz, Strawberries",Simply Nature,False,,5.99,,,,,,,,0.0,0,0,,,,,https://d2lnr5mha7bycj.cloudfront.net/product-image/file/large_251dff27-ea20-4ac9-ac91-36c6c6670ea4.jpg,,https://www.aldi.us/store/aldi/products/28033188-simply-nature-organic-stawberries-24-oz,,,,,,,,,,,,,{'product_id': '28033188'},,,,,,,,,,,,,49713,15441,28033188,43.052457,-76.114511,2026-08-07T04:25:40.403917
2026-08-07T04:25:40.403917,aldi.us,strawberries,465-024,"Aldi, Syracuse",13224,1,5,"Blackberries, Package",,False,,2.55,,,,,,,,0.0,0,0,,,,,https://d2lnr5mha7bycj.cloudfront.net/product-image/file/large_32cfc106-82ee-4848-afd6-327702583c22.jpg,,https://www.aldi.us/store/aldi/products/17327025-blackberries-6-oz,,,,,,,,,,,,,{'product_id': '17327025'},,,,,,,,,,,,,49713,15441,17327025,43.052457,-76.114511,2026-08-07T04:25:40.403917
2026-08-07T04:25:40.403917,aldi.us,strawberries,465-024,"Aldi, Syracuse",13224,1,4,"Raspberries, Package",,False,['Best seller'],2.99,,,,,,,,0.0,0,0,,,,,https://d2lnr5mha7bycj.cloudfront.net/product-image/file/large_1fc8c8b6-a4b4-49b8-a069-58f781b42176.jpg,,https://www.aldi.us/store/aldi/products/17327097-raspberries-package-6-oz,,,,,,,,,,,,,{'product_id': '17327097'},,,,,,,,,,,,,49713,15441,17327097,43.052457,-76.114511,2026-08-07T04:25:40.403917
2026-08-07T04:25:40.403917,aldi.us,strawberries,440-050,"Aldi, Elgin",60120,1,1,Fresh Organic Strawberries,,False,['Best seller'],3.85,,,,,,,,0.0,0,0,,,,,https://d2lnr5mha7bycj.cloudfront.net/product-image/file/large_981c3775-3850-4345-a457-6267bedc44fe.jpg,,https://www.aldi.us/store/aldi/products/17330344-organic-strawberries-package-1-lb,,,,,,,,,,,,,{'product_id': '17330344'},,,,,,,,,,,,,49713,15441,17330344,42.045053,-88.260462,2026-08-07T04:25:40.403917
2026-08-07T04:25:40.403917,aldi.us,strawberries,440-050,"Aldi, Elgin",60120,1,5,Southern Grove Strawberry,Southern Grove,False,,3.85,,,,,,,,0.0,0,0,,,,,https://d2lnr5mha7bycj.cloudfront.net/product-image/file/large_dd06e1cd-7a1d-433c-9379-3f703199d9cb.jpg,,https://www.aldi.us/store/aldi/products/113102276-southern-grove-strawberry-6-oz,,,,,,,,,,,,,{'product_id': '113102276'},,,,,,,,,,,,,49713,15441,113102276,42.045053,-88.260462,2026-08-07T04:25:40.403917
2026-08-07T04:25:40.403917,aldi.us,strawberries,440-050,"Aldi, Elgin",60120,1,10,Season's Choice Frozen Blueberries,Season'S Choice,False,,4.19,,,,,,,,0.0,0,0,,,,,https://d2lnr5mha7bycj.cloudfront.net/product-image/file/large_dbd15bb9-289a-469b-b6eb-15f75da67cfe.jpg,,https://www.aldi.us/store/aldi/products/20992234-season-s-choice-frozen-blueberries-24-oz,,,,,,,,,,,,,{'product_id': '20992234'},,,,,,,,,,,,,49713,15441,20992234,42.045053,-88.260462,2026-08-07T04:25:40.403917
2026-08-07T04:25:40.403917,aldi.us,strawberries,440-050,"Aldi, Elgin",60120,1,14,Blueberries,Always Fresh,False,,1.99,,,,,,,,0.0,0,0,,,,,https://d2lnr5mha7bycj.cloudfront.net/product-image/file/large_ace7b58c-afbe-4fd8-a796-f362ddae724e.png,,https://www.aldi.us/store/aldi/products/26312015-always-fresh-farms-blueberries-11-oz,,,,,,,,,,,,,{'product_id': '26312015'},,,,,,,,,,,,,49713,15441,26312015,42.045053,-88.260462,2026-08-07T04:25:40.403917
2026-08-07T04:25:40.403917,aldi.us,strawberries,440-050,"Aldi, Elgin",60120,1,2,Season's Choice Frozen Strawberries,Season'S Choice,False,['Store choice'],4.75,,,,,,,,0.0,0,0,,,,,https://d2lnr5mha7bycj.cloudfront.net/product-image/file/large_dd5de610-2c33-4ccc-8006-2fa45862a390.jpg,,https://www.aldi.us/store/aldi/products/21001854-season-s-choice-frozen-strawberries-24-oz,,,,,,,,,,,,,{'product_id': '21001854'},,,,,,,,,,,,,49713,15441,21001854,42.045053,-88.260462,2026-08-07T04:25:40.403917
2026-08-07T04:25:40.403917,aldi.us,strawberries,440-050,"Aldi, Elgin",60120,1,7,Always Fresh Jumbo Blueberries,Alpine Fresh,False,,5.05,,,,,,,,0.0,0,0,,,,,https://d2lnr5mha7bycj.cloudfront.net/product-image/file/large_26247d86-01ad-4977-9ea1-914258907783.jpg,,https://www.aldi.us/store/aldi/products/26291793-always-fresh-blueberries-jumbo-9-8-oz,,,,,,,,,,,,,{'product_id': '26291793'},,,,,,,,,,,,,49713,15441,26291793,42.045053,-88.260462,2026-08-07T04:25:40.403917
2026-08-07T04:25:40.403917,aldi.us,strawberries,440-050,"Aldi, Elgin",60120,1,3,"Raspberries, Package",,False,['Best seller'],2.99,,,,,,,,0.0,0,0,,,,,https://d2lnr5mha7bycj.cloudfront.net/product-image/file/large_1fc8c8b6-a4b4-49b8-a069-58f781b42176.jpg,,https://www.aldi.us/store/aldi/products/17327097-raspberries-package-6-oz,,,,,,,,,,,,,{'product_id': '17327097'},,,,,,,,,,,,,49713,15441,17327097,42.045053,-88.260462,2026-08-07T04:25:40.403917
2026-08-07T04:25:40.403917,aldi.us,strawberries,440-050,"Aldi, Elgin",60120,1,4,"Blackberries, Package",,False,,2.55,,,,,,,,0.0,0,0,,,,,https://d2lnr5mha7bycj.cloudfront.net/product-image/file/large_32cfc106-82ee-4848-afd6-327702583c22.jpg,,https://www.aldi.us/store/aldi/products/17327025-blackberries-6-oz,,,,,,,,,,,,,{'product_id': '17327025'},,,,,,,,,,,,,49713,15441,17327025,42.045053,-88.260462,2026-08-07T04:25:40.403917
2026-08-07T04:25:40.403917,aldi.us,strawberries,440-050,"Aldi, Elgin",60120,1,6,"Organic Blueberries, Package",,False,,4.39,,,,,,,,0.0,0,0,,,,,https://d2lnr5mha7bycj.cloudfront.net/product-image/file/large_f139ffda-daca-445a-b6bf-1789ee7a30f9.jpg,,https://www.aldi.us/store/aldi/products/17327146-organic-blueberries-package-1-pt,,,,,,,,,,,,,{'product_id': '17327146'},,,,,,,,,,,,,49713,15441,17327146,42.045053,-88.260462,2026-08-07T04:25:40.403917
2026-08-07T04:25:40.403917,aldi.us,strawberries,440-050,"Aldi, Elgin",60120,1,8,Organic Raspberries,,False,,3.75,,,,,,,,0.0,0,0,,,,,https://d2lnr5mha7bycj.cloudfront.net/product-image/file/large_b59a373a-b6e1-46f9-892a-74dbdf424453.jpg,,https://www.aldi.us/store/aldi/products/26402168-organic-raspberries-package-6-oz,,,,,,,,,,,,,{'product_id': '26402168'},,,,,,,,,,,,,49713,15441,26402168,42.045053,-88.260462,2026-08-07T04:25:40.403917
2026-08-07T04:25:40.403917,aldi.us,strawberries,440-050,"Aldi, Elgin",60120,1,9,"Organic Blackberries, Package",,False,,3.85,,,,,,,,0.0,0,0,,,,,https://d2lnr5mha7bycj.cloudfront.net/product-image/file/large_ab77e1e8-ac2b-4029-bbbc-de4407759198.jpg,,https://www.aldi.us/store/aldi/products/17327015-organic-blackberries-6-oz,,,,,,,,,,,,,{'product_id': '17327015'},,,,,,,,,,,,,49713,15441,17327015,42.045053,-88.260462,2026-08-07T04:25:40.403917
2026-08-07T04:25:40.403917,aldi.us,strawberries,440-050,"Aldi, Elgin",60120,1,12,Strawberries 2 lb,Driscoll'S,False,,5.99,,,,,,,,0.0,0,0,,,,,https://d2lnr5mha7bycj.cloudfront.net/product-image/file/large_527f0d65-5c64-4f0f-8f85-6ba77431c835.jpg,,https://www.aldi.us/store/aldi/products/16521342-driscoll-s-strawberries-2-0-lb,,,,,,,,,,,,,{'product_id': '16521342'},,,,,,,,,,,,,49713,15441,16521342,42.045053,-88.260462,2026-08-07T04:25:40.403917
2026-08-07T04:25:40.403917,aldi.us,strawberries,440-050,"Aldi, Elgin",60120,1,13,"Simply Nature Frz Org Fruit Assort 24oz, Strawberries",Simply Nature,False,,5.99,,,,,,,,0.0,0,0,,,,,https://d2lnr5mha7bycj.cloudfront.net/product-image/file/large_251dff27-ea20-4ac9-ac91-36c6c6670ea4.jpg,,https://www.aldi.us/store/aldi/products/28033188-simply-nature-organic-stawberries-24-oz,,,,,,,,,,,,,{'product_id': '28033188'},,,,,,,,,,,,,49713,15441,28033188,42.045053,-88.260462,2026-08-07T04:25:40.403917
2026-08-07T04:25:40.403917,aldi.us,strawberries,440-050,"Aldi, Elgin",60120,1,11,Strawberries,,False,,2.55,,,,,,,,0.0,0,0,,,,,https://d2lnr5mha7bycj.cloudfront.net/product-image/file/large_6086628f-8982-49f1-a41c-1174cb4d8aa4.jpg,,https://www.aldi.us/store/aldi/products/16383764-whole-strawberries-1-lb,,,,,,,,,,,,,{'product_id': '16383764'},,,,,,,,,,,,,49713,15441,16383764,42.045053,-88.260462,2026-08-07T04:25:40.403917
2026-08-07T04:25:40.403917,aldi.us,strawberries,480-029,"Aldi, Staunton",24401,1,1,Fresh Organic Strawberries,,False,['Best seller'],3.85,,,,,,,,0.0,0,0,,,,,https://d2lnr5mha7bycj.cloudfront.net/product-image/file/large_981c3775-3850-4345-a457-6267bedc44fe.jpg,,https://www.aldi.us/store/aldi/products/17330344-organic-strawberries-package-1-lb,,,,,,,,,,,,,{'product_id': '17330344'},,,,,,,,,,,,,49713,15441,17330344,38.130575,-79.04082,2026-08-07T04:25:40.403917
2026-08-07T04:25:40.403917,aldi.us,strawberries,480-029,"Aldi, Staunton",24401,1,2,Season's Choice Frozen Strawberries,Season'S Choice,False,['Store choice'],4.75,,,,,,,,0.0,0,0,,,,,https://d2lnr5mha7bycj.cloudfront.net/product-image/file/large_dd5de610-2c33-4ccc-8006-2fa45862a390.jpg,,https://www.aldi.us/store/aldi/products/21001854-season-s-choice-frozen-strawberries-24-oz,,,,,,,,,,,,,{'product_id': '21001854'},,,,,,,,,,,,,49713,15441,21001854,38.130575,-79.04082,2026-08-07T04:25:40.403917
2026-08-07T04:25:40.403917,aldi.us,strawberries,480-029,"Aldi, Staunton",24401,1,3,Simply Nature Freeze Dried Strawberries,Simply Nature,False,,3.29,,,,,,,,0.0,0,0,,,,,https://d2lnr5mha7bycj.cloudfront.net/product-image/file/large_ed967d0f-b874-4ea5-8fa1-5ae8dc90c17a.jpg,,https://www.aldi.us/store/aldi/products/18649280-simplynature-freeze-dried-strawberries-1-2-oz,,,,,,,,,,,,,{'product_id': '18649280'},,,,,,,,,,,,,49713,15441,18649280,38.130575,-79.04082,2026-08-07T04:25:40.403917
2026-08-07T04:25:40.403917,aldi.us,strawberries,480-029,"Aldi, Staunton",24401,1,4,"Raspberries, Package",,False,['Best seller'],2.99,,,,,,,,0.0,0,0,,,,,https://d2lnr5mha7bycj.cloudfront.net/product-image/file/large_1fc8c8b6-a4b4-49b8-a069-58f781b42176.jpg,,https://www.aldi.us/store/aldi/products/17327097-raspberries-package-6-oz,,,,,,,,,,,,,{'product_id': '17327097'},,,,,,,,,,,,,49713,15441,17327097,38.130575,-79.04082,2026-08-07T04:25:40.403917
2026-08-07T04:25:40.403917,aldi.us,strawberries,480-029,"Aldi, Staunton",24401,1,5,Southern Grove Strawberry,Southern Grove,False,,3.85,,,,,,,,0.0,0,0,,,,,https://d2lnr5mha7bycj.cloudfront.net/product-image/file/large_dd06e1cd-7a1d-433c-9379-3f703199d9cb.jpg,,https://www.aldi.us/store/aldi/products/113102276-southern-grove-strawberry-6-oz,,,,,,,,,,,,,{'product_id': '113102276'},,,,,,,,,,,,,49713,15441,113102276,38.130575,-79.04082,2026-08-07T04:25:40.403917
2026-08-07T04:25:40.403917,aldi.us,strawberries,480-029,"Aldi, Staunton",24401,1,10,"Blackberries, Package",,False,,2.55,,,,,,,,0.0,0,0,,,,,https://d2lnr5mha7bycj.cloudfront.net/product-image/file/large_32cfc106-82ee-4848-afd6-327702583c22.jpg,,https://www.aldi.us/store/aldi/products/17327025-blackberries-6-oz,,,,,,,,,,,,,{'product_id': '17327025'},,,,,,,,,,,,,49713,15441,17327025,38.130575,-79.04082,2026-08-07T04:25:40.403917
2026-08-07T04:25:40.403917,aldi.us,strawberries,480-029,"Aldi, Staunton",24401,1,11,"Simply Nature Frz Org Fruit Assort 24oz, Strawberries",Simply Nature,False,,5.99,,,,,,,,0.0,0,0,,,,,https://d2lnr5mha7bycj.cloudfront.net/product-image/file/large_251dff27-ea20-4ac9-ac91-36c6c6670ea4.jpg,,https://www.aldi.us/store/aldi/products/28033188-simply-nature-organic-stawberries-24-oz,,,,,,,,,,,,,{'product_id': '28033188'},,,,,,,,,,,,,49713,15441,28033188,38.130575,-79.04082,2026-08-07T04:25:40.403917
2026-08-07T04:25:40.403917,aldi.us,strawberries,480-029,"Aldi, Staunton",24401,1,6,"Organic Blueberries, Package",,False,,4.39,,,,,,,,0.0,0,0,,,,,https://d2lnr5mha7bycj.cloudfront.net/product-image/file/large_f139ffda-daca-445a-b6bf-1789ee7a30f9.jpg,,https://www.aldi.us/store/aldi/products/17327146-organic-blueberries-package-1-pt,,,,,,,,,,,,,{'product_id': '17327146'},,,,,,,,,,,,,49713,15441,17327146,38.130575,-79.04082,2026-08-07T04:25:40.403917
2026-08-07T04:25:40.403917,aldi.us,strawberries,480-029,"Aldi, Staunton",24401,1,12,Blueberries,Always Fresh,False,,1.99,,,,,,,,0.0,0,0,,,,,https://d2lnr5mha7bycj.cloudfront.net/product-image/file/large_ace7b58c-afbe-4fd8-a796-f362ddae724e.png,,https://www.aldi.us/store/aldi/products/26312015-always-fresh-farms-blueberries-11-oz,,,,,,,,,,,,,{'product_id': '26312015'},,,,,,,,,,,,,49713,15441,26312015,38.130575,-79.04082,2026-08-07T04:25:40.403917
2026-08-07T04:25:40.403917,aldi.us,strawberries,480-029,"Aldi, Staunton",24401,1,7,Always Fresh Jumbo Blueberries,Alpine Fresh,False,,5.05,,,,,,,,0.0,0,0,,,,,https://d2lnr5mha7bycj.cloudfront.net/product-image/file/large_26247d86-01ad-4977-9ea1-914258907783.jpg,,https://www.aldi.us/store/aldi/products/26291793-always-fresh-blueberries-jumbo-9-8-oz,,,,,,,,,,,,,{'product_id': '26291793'},,,,,,,,,,,,,49713,15441,26291793,38.130575,-79.04082,2026-08-07T04:25:40.403917
2026-08-07T04:25:40.403917,aldi.us,strawberries,480-029,"Aldi, Staunton",24401,1,9,Strawberries,,False,,2.55,,,,,,,,0.0,0,0,,,,,https://d2lnr5mha7bycj.cloudfront.net/product-image/file/large_6086628f-8982-49f1-a41c-1174cb4d8aa4.jpg,,https://www.aldi.us/store/aldi/products/16383764-whole-strawberries-1-lb,,,,,,,,,,,,,{'product_id': '16383764'},,,,,,,,,,,,,49713,15441,16383764,38.130575,-79.04082,2026-08-07T04:25:40.403917
2026-08-07T04:25:40.403917,aldi.us,strawberries,480-029,"Aldi, Staunton",24401,1,8,Season's Choice Frozen Blueberries,Season'S Choice,False,,4.19,,,,,,,,0.0,0,0,,,,,https://d2lnr5mha7bycj.cloudfront.net/product-image/file/large_dbd15bb9-289a-469b-b6eb-15f75da67cfe.jpg,,https://www.aldi.us/store/aldi/products/20992234-season-s-choice-frozen-blueberries-24-oz,,,,,,,,,,,,,{'product_id': '20992234'},,,,,,,,,,,,,49713,15441,20992234,38.130575,-79.04082,2026-08-07T04:25:40.403917
2026-08-07T04:25:40.403917,aldi.us,strawberries,468-092,"Aldi, Savoy",61874,1,1,Fresh Organic Strawberries,,False,['Best seller'],3.85,,,,,,,,0.0,0,0,,,,,https://d2lnr5mha7bycj.cloudfront.net/product-image/file/large_981c3775-3850-4345-a457-6267bedc44fe.jpg,,https://www.aldi.us/store/aldi/products/17330344-organic-strawberries-package-1-lb,,,,,,,,,,,,,{'product_id': '17330344'},,,,,,,,,,,,,49713,15441,17330344,40.060896,-88.251098,2026-08-07T04:25:40.403917
2026-08-07T04:25:40.403917,aldi.us,strawberries,468-092,"Aldi, Savoy",61874,1,2,Strawberries 2 lb,Driscoll'S,False,,5.99,,,,,,,,0.0,0,0,,,,,https://d2lnr5mha7bycj.cloudfront.net/product-image/file/large_527f0d65-5c64-4f0f-8f85-6ba77431c835.jpg,,https://www.aldi.us/store/aldi/products/16521342-driscoll-s-strawberries-2-0-lb,,,,,,,,,,,,,{'product_id': '16521342'},,,,,,,,,,,,,49713,15441,16521342,40.060896,-88.251098,2026-08-07T04:25:40.403917
2026-08-07T04:25:40.403917,aldi.us,strawberries,468-092,"Aldi, Savoy",61874,1,12,Season's Choice Frozen Blueberries,Season'S Choice,False,,4.19,,,,,,,,0.0,0,0,,,,,https://d2lnr5mha7bycj.cloudfront.net/product-image/file/large_dbd15bb9-289a-469b-b6eb-15f75da67cfe.jpg,,https://www.aldi.us/store/aldi/products/20992234-season-s-choice-frozen-blueberries-24-oz,,,,,,,,,,,,,{'product_id': '20992234'},,,,,,,,,,,,,49713,15441,20992234,40.060896,-88.251098,2026-08-07T04:25:40.403917
2026-08-07T04:25:40.403917,aldi.us,strawberries,468-092,"Aldi, Savoy",61874,1,3,Season's Choice Frozen Strawberries,Season'S Choice,False,['Store choice'],4.75,,,,,,,,0.0,0,0,,,,,https://d2lnr5mha7bycj.cloudfront.net/product-image/file/large_dd5de610-2c33-4ccc-8006-2fa45862a390.jpg,,https://www.aldi.us/store/aldi/products/21001854-season-s-choice-frozen-strawberries-24-oz,,,,,,,,,,,,,{'product_id': '21001854'},,,,,,,,,,,,,49713,15441,21001854,40.060896,-88.251098,2026-08-07T04:25:40.403917
2026-08-07T04:25:40.403917,aldi.us,strawberries,468-092,"Aldi, Savoy",61874,1,4,Simply Nature Freeze Dried Strawberries,Simply Nature,False,,3.29,,,,,,,,0.0,0,0,,,,,https://d2lnr5mha7bycj.cloudfront.net/product-image/file/large_ed967d0f-b874-4ea5-8fa1-5ae8dc90c17a.jpg,,https://www.aldi.us/store/aldi/products/18649280-simplynature-freeze-dried-strawberries-1-2-oz,,,,,,,,,,,,,{'product_id': '18649280'},,,,,,,,,,,,,49713,15441,18649280,40.060896,-88.251098,2026-08-07T04:25:40.403917
2026-08-07T04:25:40.403917,aldi.us,strawberries,468-092,"Aldi, Savoy",61874,1,13,Strawberries,,False,,2.55,,,,,,,,0.0,0,0,,,,,https://d2lnr5mha7bycj.cloudfront.net/product-image/file/large_6086628f-8982-49f1-a41c-1174cb4d8aa4.jpg,,https://www.aldi.us/store/aldi/products/16383764-whole-strawberries-1-lb,,,,,,,,,,,,,{'product_id': '16383764'},,,,,,,,,,,,,49713,15441,16383764,40.060896,-88.251098,2026-08-07T04:25:40.403917
2026-08-07T04:25:40.403917,aldi.us,strawberries,468-092,"Aldi, Savoy",61874,1,15,Blueberries,Always Fresh,False,,1.99,,,,,,,,0.0,0,0,,,,,https://d2lnr5mha7bycj.cloudfront.net/product-image/file/large_ace7b58c-afbe-4fd8-a796-f362ddae724e.png,,https://www.aldi.us/store/aldi/products/26312015-always-fresh-farms-blueberries-11-oz,,,,,,,,,,,,,{'product_id': '26312015'},,,,,,,,,,,,,49713,15441,26312015,40.060896,-88.251098,2026-08-07T04:25:40.403917
2026-08-07T04:25:40.403917,aldi.us,strawberries,468-092,"Aldi, Savoy",61874,1,5,"Raspberries, Package",,False,['Best seller'],2.99,,,,,,,,0.0,0,0,,,,,https://d2lnr5mha7bycj.cloudfront.net/product-image/file/large_1fc8c8b6-a4b4-49b8-a069-58f781b42176.jpg,,https://www.aldi.us/store/aldi/products/17327097-raspberries-package-6-oz,,,,,,,,,,,,,{'product_id': '17327097'},,,,,,,,,,,,,49713,15441,17327097,40.060896,-88.251098,2026-08-07T04:25:40.403917
2026-08-07T04:25:40.403917,aldi.us,strawberries,468-092,"Aldi, Savoy",61874,1,7,Southern Grove Strawberry,Southern Grove,False,,3.85,,,,,,,,0.0,0,0,,,,,https://d2lnr5mha7bycj.cloudfront.net/product-image/file/large_dd06e1cd-7a1d-433c-9379-3f703199d9cb.jpg,,https://www.aldi.us/store/aldi/products/113102276-southern-grove-strawberry-6-oz,,,,,,,,,,,,,{'product_id': '113102276'},,,,,,,,,,,,,49713,15441,113102276,40.060896,-88.251098,2026-08-07T04:25:40.403917
2026-08-07T04:25:40.403917,aldi.us,strawberries,468-092,"Aldi, Savoy",61874,1,14,"Simply Nature Frz Org Fruit Assort 24oz, Strawberries",Simply Nature,False,,5.99,,,,,,,,0.0,0,0,,,,,https://d2lnr5mha7bycj.cloudfront.net/product-image/file/large_251dff27-ea20-4ac9-ac91-36c6c6670ea4.jpg,,https://www.aldi.us/store/aldi/products/28033188-simply-nature-organic-stawberries-24-oz,,,,,,,,,,,,,{'product_id': '28033188'},,,,,,,,,,,,,49713,15441,28033188,40.060896,-88.251098,2026-08-07T04:25:40.403917
2026-08-07T04:25:40.403917,aldi.us,strawberries,468-092,"Aldi, Savoy",61874,1,6,"Blackberries, Package",,False,,2.55,,,,,,,,0.0,0,0,,,,,https://d2lnr5mha7bycj.cloudfront.net/product-image/file/large_32cfc106-82ee-4848-afd6-327702583c22.jpg,,https://www.aldi.us/store/aldi/products/17327025-blackberries-6-oz,,,,,,,,,,,,,{'product_id': '17327025'},,,,,,,,,,,,,49713,15441,17327025,40.060896,-88.251098,2026-08-07T04:25:40.403917
2026-08-07T04:25:40.403917,aldi.us,strawberries,468-092,"Aldi, Savoy",61874,1,8,"Organic Blueberries, Package",,False,,4.39,,,,,,,,0.0,0,0,,,,,https://d2lnr5mha7bycj.cloudfront.net/product-image/file/large_f139ffda-daca-445a-b6bf-1789ee7a30f9.jpg,,https://www.aldi.us/store/aldi/products/17327146-organic-blueberries-package-1-pt,,,,,,,,,,,,,{'product_id': '17327146'},,,,,,,,,,,,,49713,15441,17327146,40.060896,-88.251098,2026-08-07T04:25:40.403917
2026-08-07T04:25:40.403917,aldi.us,strawberries,468-092,"Aldi, Savoy",61874,1,9,Always Fresh Jumbo Blueberries,Alpine Fresh,False,,5.05,,,,,,,,0.0,0,0,,,,,https://d2lnr5mha7bycj.cloudfront.net/product-image/file/large_26247d86-01ad-4977-9ea1-914258907783.jpg,,https://www.aldi.us/store/aldi/products/26291793-always-fresh-blueberries-jumbo-9-8-oz,,,,,,,,,,,,,{'product_id': '26291793'},,,,,,,,,,,,,49713,15441,26291793,40.060896,-88.251098,2026-08-07T04:25:40.403917
2026-08-07T04:25:40.403917,aldi.us,strawberries,468-092,"Aldi, Savoy",61874,1,10,Organic Raspberries,,False,,3.75,,,,,,,,0.0,0,0,,,,,https://d2lnr5mha7bycj.cloudfront.net/product-image/file/large_b59a373a-b6e1-46f9-892a-74dbdf424453.jpg,,https://www.aldi.us/store/aldi/products/26402168-organic-raspberries-package-6-oz,,,,,,,,,,,,,{'product_id': '26402168'},,,,,,,,,,,,,49713,15441,26402168,40.060896,-88.251098,2026-08-07T04:25:40.403917
2026-08-07T04:25:40.403917,aldi.us,strawberries,468-092,"Aldi, Savoy",61874,1,11,"Organic Blackberries, Package",,False,,3.85,,,,,,,,0.0,0,0,,,,,https://d2lnr5mha7bycj.cloudfront.net/product-image/file/large_ab77e1e8-ac2b-4029-bbbc-de4407759198.jpg,,https://www.aldi.us/store/aldi/products/17327015-organic-blackberries-6-oz,,,,,,,,,,,,,{'product_id': '17327015'},,,,,,,,,,,,,49713,15441,17327015,40.060896,-88.251098,2026-08-07T04:25:40.403917
2026-08-07T04:25:40.403917,aldi.us,strawberries,466-082,"Aldi, Lexington",27292,1,1,Fresh Organic Strawberries,,False,['Best seller'],3.85,,,,,,,,0.0,0,0,,,,,https://d2lnr5mha7bycj.cloudfront.net/product-image/file/large_981c3775-3850-4345-a457-6267bedc44fe.jpg,,https://www.aldi.us/store/aldi/products/17330344-organic-strawberries-package-1-lb,,,,,,,,,,,,,{'product_id': '17330344'},,,,,,,,,,,,,49713,15441,17330344,35.815358,-80.245091,2026-08-07T04:25:40.403917
2026-08-07T04:25:40.403917,aldi.us,strawberries,466-082,"Aldi, Lexington",27292,1,2,Season's Choice Frozen Strawberries,Season'S Choice,False,['Store choice'],4.75,,,,,,,,0.0,0,0,,,,,https://d2lnr5mha7bycj.cloudfront.net/product-image/file/large_dd5de610-2c33-4ccc-8006-2fa45862a390.jpg,,https://www.aldi.us/store/aldi/products/21001854-season-s-choice-frozen-strawberries-24-oz,,,,,,,,,,,,,{'product_id': '21001854'},,,,,,,,,,,,,49713,15441,21001854,35.815358,-80.245091,2026-08-07T04:25:40.403917
2026-08-07T04:25:40.403917,aldi.us,strawberries,466-082,"Aldi, Lexington",27292,1,6,Southern Grove Strawberry,Southern Grove,False,,3.85,,,,,,,,0.0,0,0,,,,,https://d2lnr5mha7bycj.cloudfront.net/product-image/file/large_dd06e1cd-7a1d-433c-9379-3f703199d9cb.jpg,,https://www.aldi.us/store/aldi/products/113102276-southern-grove-strawberry-6-oz,,,,,,,,,,,,,{'product_id': '113102276'},,,,,,,,,,,,,49713,15441,113102276,35.815358,-80.245091,2026-08-07T04:25:40.403917
2026-08-07T04:25:40.403917,aldi.us,strawberries,466-082,"Aldi, Lexington",27292,1,8,Always Fresh Jumbo Blueberries,Alpine Fresh,False,,5.05,,,,,,,,0.0,0,0,,,,,https://d2lnr5mha7bycj.cloudfront.net/product-image/file/large_26247d86-01ad-4977-9ea1-914258907783.jpg,,https://www.aldi.us/store/aldi/products/26291793-always-fresh-blueberries-jumbo-9-8-oz,,,,,,,,,,,,,{'product_id': '26291793'},,,,,,,,,,,,,49713,15441,26291793,35.815358,-80.245091,2026-08-07T04:25:40.403917
2026-08-07T04:25:40.403917,aldi.us,strawberries,466-082,"Aldi, Lexington",27292,1,10,"Organic Blackberries, Package",,False,,3.85,,,,,,,,0.0,0,0,,,,,https://d2lnr5mha7bycj.cloudfront.net/product-image/file/large_ab77e1e8-ac2b-4029-bbbc-de4407759198.jpg,,https://www.aldi.us/store/aldi/products/17327015-organic-blackberries-6-oz,,,,,,,,,,,,,{'product_id': '17327015'},,,,,,,,,,,,,49713,15441,17327015,35.815358,-80.245091,2026-08-07T04:25:40.403917
2026-08-07T04:25:40.403917,aldi.us,strawberries,466-082,"Aldi, Lexington",27292,1,11,Season's Choice Frozen Blueberries,Season'S Choice,False,,4.19,,,,,,,,0.0,0,0,,,,,https://d2lnr5mha7bycj.cloudfront.net/product-image/file/large_dbd15bb9-289a-469b-b6eb-15f75da67cfe.jpg,,https://www.aldi.us/store/aldi/products/20992234-season-s-choice-frozen-blueberries-24-oz,,,,,,,,,,,,,{'product_id': '20992234'},,,,,,,,,,,,,49713,15441,20992234,35.815358,-80.245091,2026-08-07T04:25:40.403917
2026-08-07T04:25:40.403917,aldi.us,strawberries,466-082,"Aldi, Lexington",27292,1,12,Strawberries,,False,,2.55,,,,,,,,0.0,0,0,,,,,https://d2lnr5mha7bycj.cloudfront.net/product-image/file/large_6086628f-8982-49f1-a41c-1174cb4d8aa4.jpg,,https://www.aldi.us/store/aldi/products/16383764-whole-strawberries-1-lb,,,,,,,,,,,,,{'product_id': '16383764'},,,,,,,,,,,,,49713,15441,16383764,35.815358,-80.245091,2026-08-07T04:25:40.403917
2026-08-07T04:25:40.403917,aldi.us,strawberries,466-082,"Aldi, Lexington",27292,1,3,Simply Nature Freeze Dried Strawberries,Simply Nature,False,,3.29,,,,,,,,0.0,0,0,,,,,https://d2lnr5mha7bycj.cloudfront.net/product-image/file/large_ed967d0f-b874-4ea5-8fa1-5ae8dc90c17a.jpg,,https://www.aldi.us/store/aldi/products/18649280-simplynature-freeze-dried-strawberries-1-2-oz,,,,,,,,,,,,,{'product_id': '18649280'},,,,,,,,,,,,,49713,15441,18649280,35.815358,-80.245091,2026-08-07T04:25:40.403917
2026-08-07T04:25:40.403917,aldi.us,strawberries,466-082,"Aldi, Lexington",27292,1,9,Organic Raspberries,,False,,3.75,,,,,,,,0.0,0,0,,,,,https://d2lnr5mha7bycj.cloudfront.net/product-image/file/large_b59a373a-b6e1-46f9-892a-74dbdf424453.jpg,,https://www.aldi.us/store/aldi/products/26402168-organic-raspberries-package-6-oz,,,,,,,,,,,,,{'product_id': '26402168'},,,,,,,,,,,,,49713,15441,26402168,35.815358,-80.245091,2026-08-07T04:25:40.403917
2026-08-07T04:25:40.403917,aldi.us,strawberries,466-082,"Aldi, Lexington",27292,1,14,Blueberries,Always Fresh,False,,1.99,,,,,,,,0.0,0,0,,,,,https://d2lnr5mha7bycj.cloudfront.net/product-image/file/large_ace7b58c-afbe-4fd8-a796-f362ddae724e.png,,https://www.aldi.us/store/aldi/products/26312015-always-fresh-farms-blueberries-11-oz,,,,,,,,,,,,,{'product_id': '26312015'},,,,,,,,,,,,,49713,15441,26312015,35.815358,-80.245091,2026-08-07T04:25:40.403917
2026-08-07T04:25:40.403917,aldi.us,strawberries,466-082,"Aldi, Lexington",27292,1,4,"Raspberries, Package",,False,['Best seller'],2.99,,,,,,,,0.0,0,0,,,,,https://d2lnr5mha7bycj.cloudfront.net/product-image/file/large_1fc8c8b6-a4b4-49b8-a069-58f781b42176.jpg,,https://www.aldi.us/store/aldi/products/17327097-raspberries-package-6-oz,,,,,,,,,,,,,{'product_id': '17327097'},,,,,,,,,,,,,49713,15441,17327097,35.815358,-80.245091,2026-08-07T04:25:40.403917
2026-08-07T04:25:40.403917,aldi.us,strawberries,466-082,"Aldi, Lexington",27292,1,7,"Organic Blueberries, Package",,False,,4.39,,,,,,,,0.0,0,0,,,,,https://d2lnr5mha7bycj.cloudfront.net/product-image/file/large_f139ffda-daca-445a-b6bf-1789ee7a30f9.jpg,,https://www.aldi.us/store/aldi/products/17327146-organic-blueberries-package-1-pt,,,,,,,,,,,,,{'product_id': '17327146'},,,,,,,,,,,,,49713,15441,17327146,35.815358,-80.245091,2026-08-07T04:25:40.403917
2026-08-07T04:25:40.403917,aldi.us,strawberries,466-082,"Aldi, Lexington",27292,1,13,"Simply Nature Frz Org Fruit Assort 24oz, Strawberries",Simply Nature,False,,5.99,,,,,,,,0.0,0,0,,,,,https://d2lnr5mha7bycj.cloudfront.net/product-image/file/large_251dff27-ea20-4ac9-ac91-36c6c6670ea4.jpg,,https://www.aldi.us/store/aldi/products/28033188-simply-nature-organic-stawberries-24-oz,,,,,,,,,,,,,{'product_id': '28033188'},,,,,,,,,,,,,49713,15441,28033188,35.815358,-80.245091,2026-08-07T04:25:40.403917
2026-08-07T04:25:40.403917,aldi.us,strawberries,466-082,"Aldi, Lexington",27292,1,5,"Blackberries, Package",,False,,2.55,,,,,,,,0.0,0,0,,,,,https://d2lnr5mha7bycj.cloudfront.net/product-image/file/large_32cfc106-82ee-4848-afd6-327702583c22.jpg,,https://www.aldi.us/store/aldi/products/17327025-blackberries-6-oz,,,,,,,,,,,,,{'product_id': '17327025'},,,,,,,,,,,,,49713,15441,17327025,35.815358,-80.245091,2026-08-07T04:25:40.403917
2026-08-07T04:25:40.403917,aldi.us,strawberries,440-024,"Aldi, Wheaton",60189,1,1,Fresh Organic Strawberries,,False,['Best seller'],3.85,,,,,,,,0.0,0,0,,,,,https://d2lnr5mha7bycj.cloudfront.net/product-image/file/large_981c3775-3850-4345-a457-6267bedc44fe.jpg,,https://www.aldi.us/store/aldi/products/17330344-organic-strawberries-package-1-lb,,,,,,,,,,,,,{'product_id': '17330344'},,,,,,,,,,,,,49713,15441,17330344,41.833141,-88.104663,2026-08-07T04:25:40.403917
2026-08-07T04:25:40.403917,aldi.us,strawberries,440-024,"Aldi, Wheaton",60189,1,11,Strawberries,,False,,2.55,,,,,,,,0.0,0,0,,,,,https://d2lnr5mha7bycj.cloudfront.net/product-image/file/large_6086628f-8982-49f1-a41c-1174cb4d8aa4.jpg,,https://www.aldi.us/store/aldi/products/16383764-whole-strawberries-1-lb,,,,,,,,,,,,,{'product_id': '16383764'},,,,,,,,,,,,,49713,15441,16383764,41.833141,-88.104663,2026-08-07T04:25:40.403917
2026-08-07T04:25:40.403917,aldi.us,strawberries,440-024,"Aldi, Wheaton",60189,1,13,Blueberries,Always Fresh,False,,1.99,,,,,,,,0.0,0,0,,,,,https://d2lnr5mha7bycj.cloudfront.net/product-image/file/large_ace7b58c-afbe-4fd8-a796-f362ddae724e.png,,https://www.aldi.us/store/aldi/products/26312015-always-fresh-farms-blueberries-11-oz,,,,,,,,,,,,,{'product_id': '26312015'},,,,,,,,,,,,,49713,15441,26312015,41.833141,-88.104663,2026-08-07T04:25:40.403917
2026-08-07T04:25:40.403917,aldi.us,strawberries,440-024,"Aldi, Wheaton",60189,1,2,Strawberries 2 lb,Driscoll'S,False,,5.99,,,,,,,,0.0,0,0,,,,,https://d2lnr5mha7bycj.cloudfront.net/product-image/file/large_527f0d65-5c64-4f0f-8f85-6ba77431c835.jpg,,https://www.aldi.us/store/aldi/products/16521342-driscoll-s-strawberries-2-0-lb,,,,,,,,,,,,,{'product_id': '16521342'},,,,,,,,,,,,,49713,15441,16521342,41.833141,-88.104663,2026-08-07T04:25:40.403917
2026-08-07T04:25:40.403917,aldi.us,strawberries,440-024,"Aldi, Wheaton",60189,1,3,Season's Choice Frozen Strawberries,Season'S Choice,False,['Store choice'],4.75,,,,,,,,0.0,0,0,,,,,https://d2lnr5mha7bycj.cloudfront.net/product-image/file/large_dd5de610-2c33-4ccc-8006-2fa45862a390.jpg,,https://www.aldi.us/store/aldi/products/21001854-season-s-choice-frozen-strawberries-24-oz,,,,,,,,,,,,,{'product_id': '21001854'},,,,,,,,,,,,,49713,15441,21001854,41.833141,-88.104663,2026-08-07T04:25:40.403917
2026-08-07T04:25:40.403917,aldi.us,strawberries,440-024,"Aldi, Wheaton",60189,1,7,"Organic Blueberries, Package",,False,,4.39,,,,,,,,0.0,0,0,,,,,https://d2lnr5mha7bycj.cloudfront.net/product-image/file/large_f139ffda-daca-445a-b6bf-1789ee7a30f9.jpg,,https://www.aldi.us/store/aldi/products/17327146-organic-blueberries-package-1-pt,,,,,,,,,,,,,{'product_id': '17327146'},,,,,,,,,,,,,49713,15441,17327146,41.833141,-88.104663,2026-08-07T04:25:40.403917
2026-08-07T04:25:40.403917,aldi.us,strawberries,440-024,"Aldi, Wheaton",60189,1,9,"Organic Blackberries, Package",,False,,3.85,,,,,,,,0.0,0,0,,,,,https://d2lnr5mha7bycj.cloudfront.net/product-image/file/large_ab77e1e8-ac2b-4029-bbbc-de4407759198.jpg,,https://www.aldi.us/store/aldi/products/17327015-organic-blackberries-6-oz,,,,,,,,,,,,,{'product_id': '17327015'},,,,,,,,,,,,,49713,15441,17327015,41.833141,-88.104663,2026-08-07T04:25:40.403917
2026-08-07T04:25:40.403917,aldi.us,strawberries,440-024,"Aldi, Wheaton",60189,1,4,"Raspberries, Package",,False,['Best seller'],2.99,,,,,,,,0.0,0,0,,,,,https://d2lnr5mha7bycj.cloudfront.net/product-image/file/large_1fc8c8b6-a4b4-49b8-a069-58f781b42176.jpg,,https://www.aldi.us/store/aldi/products/17327097-raspberries-package-6-oz,,,,,,,,,,,,,{'product_id': '17327097'},,,,,,,,,,,,,49713,15441,17327097,41.833141,-88.104663,2026-08-07T04:25:40.403917
2026-08-07T04:25:40.403917,aldi.us,strawberries,440-024,"Aldi, Wheaton",60189,1,6,Southern Grove Strawberry,Southern Grove,False,,3.85,,,,,,,,0.0,0,0,,,,,https://d2lnr5mha7bycj.cloudfront.net/product-image/file/large_dd06e1cd-7a1d-433c-9379-3f703199d9cb.jpg,,https://www.aldi.us/store/aldi/products/113102276-southern-grove-strawberry-6-oz,,,,,,,,,,,,,{'product_id': '113102276'},,,,,,,,,,,,,49713,15441,113102276,41.833141,-88.104663,2026-08-07T04:25:40.403917
2026-08-07T04:25:40.403917,aldi.us,strawberries,440-024,"Aldi, Wheaton",60189,1,12,"Simply Nature Frz Org Fruit Assort 24oz, Strawberries",Simply Nature,False,,5.99,,,,,,,,0.0,0,0,,,,,https://d2lnr5mha7bycj.cloudfront.net/product-image/file/large_251dff27-ea20-4ac9-ac91-36c6c6670ea4.jpg,,https://www.aldi.us/store/aldi/products/28033188-simply-nature-organic-stawberries-24-oz,,,,,,,,,,,,,{'product_id': '28033188'},,,,,,,,,,,,,49713,15441,28033188,41.833141,-88.104663,2026-08-07T04:25:40.403917
2026-08-07T04:25:40.403917,aldi.us,strawberries,440-024,"Aldi, Wheaton",60189,1,14,Organic Raspberries,,False,,3.75,,,,,,,,0.0,0,0,,,,,https://d2lnr5mha7bycj.cloudfront.net/product-image/file/large_b59a373a-b6e1-46f9-892a-74dbdf424453.jpg,,https://www.aldi.us/store/aldi/products/26402168-organic-raspberries-package-6-oz,,,,,,,,,,,,,{'product_id': '26402168'},,,,,,,,,,,,,49713,15441,26402168,41.833141,-88.104663,2026-08-07T04:25:40.403917
2026-08-07T04:25:40.403917,aldi.us,strawberries,440-024,"Aldi, Wheaton",60189,1,5,"Blackberries, Package",,False,,2.55,,,,,,,,0.0,0,0,,,,,https://d2lnr5mha7bycj.cloudfront.net/product-image/file/large_32cfc106-82ee-4848-afd6-327702583c22.jpg,,https://www.aldi.us/store/aldi/products/17327025-blackberries-6-oz,,,,,,,,,,,,,{'product_id': '17327025'},,,,,,,,,,,,,49713,15441,17327025,41.833141,-88.104663,2026-08-07T04:25:40.403917
2026-08-07T04:25:40.403917,aldi.us,strawberries,440-024,"Aldi, Wheaton",60189,1,8,Always Fresh Jumbo Blueberries,Alpine Fresh,False,,5.05,,,,,,,,0.0,0,0,,,,,https://d2lnr5mha7bycj.cloudfront.net/product-image/file/large_26247d86-01ad-4977-9ea1-914258907783.jpg,,https://www.aldi.us/store/aldi/products/26291793-always-fresh-blueberries-jumbo-9-8-oz,,,,,,,,,,,,,{'product_id': '26291793'},,,,,,,,,,,,,49713,15441,26291793,41.833141,-88.104663,2026-08-07T04:25:40.403917
2026-08-07T04:25:40.403917,aldi.us,strawberries,440-024,"Aldi, Wheaton",60189,1,10,Season's Choice Frozen Blueberries,Season'S Choice,False,,4.19,,,,,,,,0.0,0,0,,,,,https://d2lnr5mha7bycj.cloudfront.net/product-image/file/large_dbd15bb9-289a-469b-b6eb-15f75da67cfe.jpg,,https://www.aldi.us/store/aldi/products/20992234-season-s-choice-frozen-blueberries-24-oz,,,,,,,,,,,,,{'product_id': '20992234'},,,,,,,,,,,,,49713,15441,20992234,41.833141,-88.104663,2026-08-07T04:25:40.403917
2026-08-07T04:25:40.403917,aldi.us,strawberries,471-118,"Aldi, Lancaster",17601,1,1,Fresh Organic Strawberries,,False,['Best seller'],3.85,,,,,,,,0.0,0,0,,,,,https://d2lnr5mha7bycj.cloudfront.net/product-image/file/large_981c3775-3850-4345-a457-6267bedc44fe.jpg,,https://www.aldi.us/store/aldi/products/17330344-organic-strawberries-package-1-lb,,,,,,,,,,,,,{'product_id': '17330344'},,,,,,,,,,,,,49713,15441,17330344,40.07241,-76.321345,2026-08-07T04:25:40.403917
2026-08-07T04:25:40.403917,aldi.us,strawberries,471-118,"Aldi, Lancaster",17601,1,8,Organic Raspberries,,False,,3.75,,,,,,,,0.0,0,0,,,,,https://d2lnr5mha7bycj.cloudfront.net/product-image/file/large_b59a373a-b6e1-46f9-892a-74dbdf424453.jpg,,https://www.aldi.us/store/aldi/products/26402168-organic-raspberries-package-6-oz,,,,,,,,,,,,,{'product_id': '26402168'},,,,,,,,,,,,,49713,15441,26402168,40.07241,-76.321345,2026-08-07T04:25:40.403917
2026-08-07T04:25:40.403917,aldi.us,strawberries,471-118,"Aldi, Lancaster",17601,1,2,Season's Choice Frozen Strawberries,Season'S Choice,False,['Store choice'],4.75,,,,,,,,0.0,0,0,,,,,https://d2lnr5mha7bycj.cloudfront.net/product-image/file/large_dd5de610-2c33-4ccc-8006-2fa45862a390.jpg,,https://www.aldi.us/store/aldi/products/21001854-season-s-choice-frozen-strawberries-24-oz,,,,,,,,,,,,,{'product_id': '21001854'},,,,,,,,,,,,,49713,15441,21001854,40.07241,-76.321345,2026-08-07T04:25:40.403917
2026-08-07T04:25:40.403917,aldi.us,strawberries,471-118,"Aldi, Lancaster",17601,1,3,"Raspberries, Package",,False,['Best seller'],2.99,,,,,,,,0.0,0,0,,,,,https://d2lnr5mha7bycj.cloudfront.net/product-image/file/large_1fc8c8b6-a4b4-49b8-a069-58f781b42176.jpg,,https://www.aldi.us/store/aldi/products/17327097-raspberries-package-6-oz,,,,,,,,,,,,,{'product_id': '17327097'},,,,,,,,,,,,,49713,15441,17327097,40.07241,-76.321345,2026-08-07T04:25:40.403917
2026-08-07T04:25:40.403917,aldi.us,strawberries,471-118,"Aldi, Lancaster",17601,1,9,"Organic Blackberries, Package",,False,,3.85,,,,,,,,0.0,0,0,,,,,https://d2lnr5mha7bycj.cloudfront.net/product-image/file/large_ab77e1e8-ac2b-4029-bbbc-de4407759198.jpg,,https://www.aldi.us/store/aldi/products/17327015-organic-blackberries-6-oz,,,,,,,,,,,,,{'product_id': '17327015'},,,,,,,,,,,,,49713,15441,17327015,40.07241,-76.321345,2026-08-07T04:25:40.403917
2026-08-07T04:25:40.403917,aldi.us,strawberries,471-118,"Aldi, Lancaster",17601,1,12,Strawberries,,False,,2.55,,,,,,,,0.0,0,0,,,,,https://d2lnr5mha7bycj.cloudfront.net/product-image/file/large_6086628f-8982-49f1-a41c-1174cb4d8aa4.jpg,,https://www.aldi.us/store/aldi/products/16383764-whole-strawberries-1-lb,,,,,,,,,,,,,{'product_id': '16383764'},,,,,,,,,,,,,49713,15441,16383764,40.07241,-76.321345,2026-08-07T04:25:40.403917
2026-08-07T04:25:40.403917,aldi.us,strawberries,471-118,"Aldi, Lancaster",17601,1,14,Blueberries,Always Fresh,False,,1.99,,,,,,,,0.0,0,0,,,,,https://d2lnr5mha7bycj.cloudfront.net/product-image/file/large_ace7b58c-afbe-4fd8-a796-f362ddae724e.png,,https://www.aldi.us/store/aldi/products/26312015-always-fresh-farms-blueberries-11-oz,,,,,,,,,,,,,{'product_id': '26312015'},,,,,,,,,,,,,49713,15441,26312015,40.07241,-76.321345,2026-08-07T04:25:40.403917
2026-08-07T04:25:40.403917,aldi.us,strawberries,471-118,"Aldi, Lancaster",17601,1,4,"Blackberries, Package",,False,,2.55,,,,,,,,0.0,0,0,,,,,https://d2lnr5mha7bycj.cloudfront.net/product-image/file/large_32cfc106-82ee-4848-afd6-327702583c22.jpg,,https://www.aldi.us/store/aldi/products/17327025-blackberries-6-oz,,,,,,,,,,,,,{'product_id': '17327025'},,,,,,,,,,,,,49713,15441,17327025,40.07241,-76.321345,2026-08-07T04:25:40.403917
2026-08-07T04:25:40.403917,aldi.us,strawberries,471-118,"Aldi, Lancaster",17601,1,5,Simply Nature Freeze Dried Strawberries,Simply Nature,False,,3.29,,,,,,,,0.0,0,0,,,,,https://d2lnr5mha7bycj.cloudfront.net/product-image/file/large_ed967d0f-b874-4ea5-8fa1-5ae8dc90c17a.jpg,,https://www.aldi.us/store/aldi/products/18649280-simplynature-freeze-dried-strawberries-1-2-oz,,,,,,,,,,,,,{'product_id': '18649280'},,,,,,,,,,,,,49713,15441,18649280,40.07241,-76.321345,2026-08-07T04:25:40.403917
2026-08-07T04:25:40.403917,aldi.us,strawberries,471-118,"Aldi, Lancaster",17601,1,6,"Organic Blueberries, Package",,False,,4.39,,,,,,,,0.0,0,0,,,,,https://d2lnr5mha7bycj.cloudfront.net/product-image/file/large_f139ffda-daca-445a-b6bf-1789ee7a30f9.jpg,,https://www.aldi.us/store/aldi/products/17327146-organic-blueberries-package-1-pt,,,,,,,,,,,,,{'product_id': '17327146'},,,,,,,,,,,,,49713,15441,17327146,40.07241,-76.321345,2026-08-07T04:25:40.403917
2026-08-07T04:25:40.403917,aldi.us,strawberries,471-118,"Aldi, Lancaster",17601,1,7,Always Fresh Jumbo Blueberries,Alpine Fresh,False,,5.05,,,,,,,,0.0,0,0,,,,,https://d2lnr5mha7bycj.cloudfront.net/product-image/file/large_26247d86-01ad-4977-9ea1-914258907783.jpg,,https://www.aldi.us/store/aldi/products/26291793-always-fresh-blueberries-jumbo-9-8-oz,,,,,,,,,,,,,{'product_id': '26291793'},,,,,,,,,,,,,49713,15441,26291793,40.07241,-76.321345,2026-08-07T04:25:40.403917
2026-08-07T04:25:40.403917,aldi.us,strawberries,471-118,"Aldi, Lancaster",17601,1,10,Season's Choice Frozen Blueberries,Season'S Choice,False,,4.19,,,,,,,,0.0,0,0,,,,,https://d2lnr5mha7bycj.cloudfront.net/product-image/file/large_dbd15bb9-289a-469b-b6eb-15f75da67cfe.jpg,,https://www.aldi.us/store/aldi/products/20992234-season-s-choice-frozen-blueberries-24-oz,,,,,,,,,,,,,{'product_id': '20992234'},,,,,,,,,,,,,49713,15441,20992234,40.07241,-76.321345,2026-08-07T04:25:40.403917
2026-08-07T04:25:40.403917,aldi.us,strawberries,471-118,"Aldi, Lancaster",17601,1,11,Southern Grove Strawberry,Southern Grove,False,,3.85,,,,,,,,0.0,0,0,,,,,https://d2lnr5mha7bycj.cloudfront.net/product-image/file/large_dd06e1cd-7a1d-433c-9379-3f703199d9cb.jpg,,https://www.aldi.us/store/aldi/products/113102276-southern-grove-strawberry-6-oz,,,,,,,,,,,,,{'product_id': '113102276'},,,,,,,,,,,,,49713,15441,113102276,40.07241,-76.321345,2026-08-07T04:25:40.403917
2026-08-07T04:25:40.403917,aldi.us,strawberries,471-118,"Aldi, Lancaster",17601,1,13,"Simply Nature Frz Org Fruit Assort 24oz, Strawberries",Simply Nature,False,,5.99,,,,,,,,0.0,0,0,,,,,https://d2lnr5mha7bycj.cloudfront.net/product-image/file/large_251dff27-ea20-4ac9-ac91-36c6c6670ea4.jpg,,https://www.aldi.us/store/aldi/products/28033188-simply-nature-organic-stawberries-24-oz,,,,,,,,,,,,,{'product_id': '28033188'},,,,,,,,,,,,,49713,15441,28033188,40.07241,-76.321345,2026-08-07T04:25:40.403917
2026-08-07T04:25:40.403917,aldi.us,strawberries,462-056,"Aldi, Hammond",46324,1,1,Fresh Organic Strawberries,,False,['Best seller'],3.85,,,,,,,,0.0,0,0,,,,,https://d2lnr5mha7bycj.cloudfront.net/product-image/file/large_981c3775-3850-4345-a457-6267bedc44fe.jpg,,https://www.aldi.us/store/aldi/products/17330344-organic-strawberries-package-1-lb,,,,,,,,,,,,,{'product_id': '17330344'},,,,,,,,,,,,,49713,15441,17330344,41.57019,-87.47592,2026-08-07T04:25:40.403917
2026-08-07T04:25:40.403917,aldi.us,strawberries,462-056,"Aldi, Hammond",46324,1,2,Season's Choice Frozen Strawberries,Season'S Choice,False,['Store choice'],4.75,,,,,,,,0.0,0,0,,,,,https://d2lnr5mha7bycj.cloudfront.net/product-image/file/large_dd5de610-2c33-4ccc-8006-2fa45862a390.jpg,,https://www.aldi.us/store/aldi/products/21001854-season-s-choice-frozen-strawberries-24-oz,,,,,,,,,,,,,{'product_id': '21001854'},,,,,,,,,,,,,49713,15441,21001854,41.57019,-87.47592,2026-08-07T04:25:40.403917
2026-08-07T04:25:40.403917,aldi.us,strawberries,462-056,"Aldi, Hammond",46324,1,10,Season's Choice Frozen Blueberries,Season'S Choice,False,,4.19,,,,,,,,0.0,0,0,,,,,https://d2lnr5mha7bycj.cloudfront.net/product-image/file/large_dbd15bb9-289a-469b-b6eb-15f75da67cfe.jpg,,https://www.aldi.us/store/aldi/products/20992234-season-s-choice-frozen-blueberries-24-oz,,,,,,,,,,,,,{'product_id': '20992234'},,,,,,,,,,,,,49713,15441,20992234,41.57019,-87.47592,2026-08-07T04:25:40.403917
2026-08-07T04:25:40.403917,aldi.us,strawberries,462-056,"Aldi, Hammond",46324,1,3,Simply Nature Freeze Dried Strawberries,Simply Nature,False,,3.29,,,,,,,,0.0,0,0,,,,,https://d2lnr5mha7bycj.cloudfront.net/product-image/file/large_ed967d0f-b874-4ea5-8fa1-5ae8dc90c17a.jpg,,https://www.aldi.us/store/aldi/products/18649280-simplynature-freeze-dried-strawberries-1-2-oz,,,,,,,,,,,,,{'product_id': '18649280'},,,,,,,,,,,,,49713,15441,18649280,41.57019,-87.47592,2026-08-07T04:25:40.403917
2026-08-07T04:25:40.403917,aldi.us,strawberries,462-056,"Aldi, Hammond",46324,1,8,Organic Raspberries,,False,,3.75,,,,,,,,0.0,0,0,,,,,https://d2lnr5mha7bycj.cloudfront.net/product-image/file/large_b59a373a-b6e1-46f9-892a-74dbdf424453.jpg,,https://www.aldi.us/store/aldi/products/26402168-organic-raspberries-package-6-oz,,,,,,,,,,,,,{'product_id': '26402168'},,,,,,,,,,,,,49713,15441,26402168,41.57019,-87.47592,2026-08-07T04:25:40.403917
2026-08-07T04:25:40.403917,aldi.us,strawberries,462-056,"Aldi, Hammond",46324,1,9,"Organic Blackberries, Package",,False,,3.85,,,,,,,,0.0,0,0,,,,,https://d2lnr5mha7bycj.cloudfront.net/product-image/file/large_ab77e1e8-ac2b-4029-bbbc-de4407759198.jpg,,https://www.aldi.us/store/aldi/products/17327015-organic-blackberries-6-oz,,,,,,,,,,,,,{'product_id': '17327015'},,,,,,,,,,,,,49713,15441,17327015,41.57019,-87.47592,2026-08-07T04:25:40.403917
2026-08-07T04:25:40.403917,aldi.us,strawberries,462-056,"Aldi, Hammond",46324,1,4,"Raspberries, Package",,False,['Best seller'],2.99,,,,,,,,0.0,0,0,,,,,https://d2lnr5mha7bycj.cloudfront.net/product-image/file/large_1fc8c8b6-a4b4-49b8-a069-58f781b42176.jpg,,https://www.aldi.us/store/aldi/products/17327097-raspberries-package-6-oz,,,,,,,,,,,,,{'product_id': '17327097'},,,,,,,,,,,,,49713,15441,17327097,41.57019,-87.47592,2026-08-07T04:25:40.403917
2026-08-07T04:25:40.403917,aldi.us,strawberries,462-056,"Aldi, Hammond",46324,1,5,Southern Grove Strawberry,Southern Grove,False,,3.85,,,,,,,,0.0,0,0,,,,,https://d2lnr5mha7bycj.cloudfront.net/product-image/file/large_dd06e1cd-7a1d-433c-9379-3f703199d9cb.jpg,,https://www.aldi.us/store/aldi/products/113102276-southern-grove-strawberry-6-oz,,,,,,,,,,,,,{'product_id': '113102276'},,,,,,,,,,,,,49713,15441,113102276,41.57019,-87.47592,2026-08-07T04:25:40.403917
2026-08-07T04:25:40.403917,aldi.us,strawberries,462-056,"Aldi, Hammond",46324,1,7,Always Fresh Jumbo Blueberries,Alpine Fresh,False,,5.05,,,,,,,,0.0,0,0,,,,,https://d2lnr5mha7bycj.cloudfront.net/product-image/file/large_26247d86-01ad-4977-9ea1-914258907783.jpg,,https://www.aldi.us/store/aldi/products/26291793-always-fresh-blueberries-jumbo-9-8-oz,,,,,,,,,,,,,{'product_id': '26291793'},,,,,,,,,,,,,49713,15441,26291793,41.57019,-87.47592,2026-08-07T04:25:40.403917
2026-08-07T04:25:40.403917,aldi.us,strawberries,462-056,"Aldi, Hammond",46324,1,12,"Blackberries, Package",,False,,2.55,,,,,,,,0.0,0,0,,,,,https://d2lnr5mha7bycj.cloudfront.net/product-image/file/large_32cfc106-82ee-4848-afd6-327702583c22.jpg,,https://www.aldi.us/store/aldi/products/17327025-blackberries-6-oz,,,,,,,,,,,,,{'product_id': '17327025'},,,,,,,,,,,,,49713,15441,17327025,41.57019,-87.47592,2026-08-07T04:25:40.403917
2026-08-07T04:25:40.403917,aldi.us,strawberries,462-056,"Aldi, Hammond",46324,1,13,"Simply Nature Frz Org Fruit Assort 24oz, Strawberries",Simply Nature,False,,5.99,,,,,,,,0.0,0,0,,,,,https://d2lnr5mha7bycj.cloudfront.net/product-image/file/large_251dff27-ea20-4ac9-ac91-36c6c6670ea4.jpg,,https://www.aldi.us/store/aldi/products/28033188-simply-nature-organic-stawberries-24-oz,,,,,,,,,,,,,{'product_id': '28033188'},,,,,,,,,,,,,49713,15441,28033188,41.57019,-87.47592,2026-08-07T04:25:40.403917
2026-08-07T04:25:40.403917,aldi.us,strawberries,462-056,"Aldi, Hammond",46324,1,6,"Organic Blueberries, Package",,False,,4.39,,,,,,,,0.0,0,0,,,,,https://d2lnr5mha7bycj.cloudfront.net/product-image/file/large_f139ffda-daca-445a-b6bf-1789ee7a30f9.jpg,,https://www.aldi.us/store/aldi/products/17327146-organic-blueberries-package-1-pt,,,,,,,,,,,,,{'product_id': '17327146'},,,,,,,,,,,,,49713,15441,17327146,41.57019,-87.47592,2026-08-07T04:25:40.403917
2026-08-07T04:25:40.403917,aldi.us,strawberries,462-056,"Aldi, Hammond",46324,1,11,Strawberries,,False,,2.55,,,,,,,,0.0,0,0,,,,,https://d2lnr5mha7bycj.cloudfront.net/product-image/file/large_6086628f-8982-49f1-a41c-1174cb4d8aa4.jpg,,https://www.aldi.us/store/aldi/products/16383764-whole-strawberries-1-lb,,,,,,,,,,,,,{'product_id': '16383764'},,,,,,,,,,,,,49713,15441,16383764,41.57019,-87.47592,2026-08-07T04:25:40.403917
2026-08-07T04:25:40.403917,aldi.us,strawberries,462-056,"Aldi, Hammond",46324,1,14,Blueberries,Always Fresh,False,,1.99,,,,,,,,0.0,0,0,,,,,https://d2lnr5mha7bycj.cloudfront.net/product-image/file/large_ace7b58c-afbe-4fd8-a796-f362ddae724e.png,,https://www.aldi.us/store/aldi/products/26312015-always-fresh-farms-blueberries-11-oz,,,,,,,,,,,,,{'product_id': '26312015'},,,,,,,,,,,,,49713,15441,26312015,41.57019,-87.47592,2026-08-07T04:25:40.403917
2026-08-07T04:25:40.403917,aldi.us,strawberries,469-040,"Aldi, Morgantown",26505,1,1,Fresh Organic Strawberries,,False,['Best seller'],3.85,,,,,,,,0.0,0,0,,,,,https://d2lnr5mha7bycj.cloudfront.net/product-image/file/large_981c3775-3850-4345-a457-6267bedc44fe.jpg,,https://www.aldi.us/store/aldi/products/17330344-organic-strawberries-package-1-lb,,,,,,,,,,,,,{'product_id': '17330344'},,,,,,,,,,,,,49713,15441,17330344,39.628918,-79.93195,2026-08-07T04:25:40.403917
2026-08-07T04:25:40.403917,aldi.us,strawberries,469-040,"Aldi, Morgantown",26505,1,7,Aldi White & Milk Chocolate Frozen Strawberries,Aldi,False,,5.49,,,,,,,,0.0,0,0,,,,,https://d1s8987jlndkbs.cloudfront.net/assets/missing-item-4bbe82b8555e4d1c12626fd482cb2409713e8e30835645ff3650ef66a725d03c.png,,https://www.aldi.us/store/aldi/products/128146086-aldi-white-milk-chocolate-frozen-strawberries-8-oz,,,,,,,,,,,,,{'product_id': '128146086'},,,,,,,,,,,,,49713,15441,128146086,39.628918,-79.93195,2026-08-07T04:25:40.403917
2026-08-07T04:25:40.403917,aldi.us,strawberries,469-040,"Aldi, Morgantown",26505,1,12,Season's Choice Frozen Blueberries,Season'S Choice,False,,4.19,,,,,,,,0.0,0,0,,,,,https://d2lnr5mha7bycj.cloudfront.net/product-image/file/large_dbd15bb9-289a-469b-b6eb-15f75da67cfe.jpg,,https://www.aldi.us/store/aldi/products/20992234-season-s-choice-frozen-blueberries-24-oz,,,,,,,,,,,,,{'product_id': '20992234'},,,,,,,,,,,,,49713,15441,20992234,39.628918,-79.93195,2026-08-07T04:25:40.403917
2026-08-07T04:25:40.403917,aldi.us,strawberries,469-040,"Aldi, Morgantown",26505,1,13,Strawberries,,False,,2.55,,,,,,,,0.0,0,0,,,,,https://d2lnr5mha7bycj.cloudfront.net/product-image/file/large_6086628f-8982-49f1-a41c-1174cb4d8aa4.jpg,,https://www.aldi.us/store/aldi/products/16383764-whole-strawberries-1-lb,,,,,,,,,,,,,{'product_id': '16383764'},,,,,,,,,,,,,49713,15441,16383764,39.628918,-79.93195,2026-08-07T04:25:40.403917
2026-08-07T04:25:40.403917,aldi.us,strawberries,469-040,"Aldi, Morgantown",26505,1,2,Season's Choice Frozen Strawberries,Season'S Choice,False,['Store choice'],4.75,,,,,,,,0.0,0,0,,,,,https://d2lnr5mha7bycj.cloudfront.net/product-image/file/large_dd5de610-2c33-4ccc-8006-2fa45862a390.jpg,,https://www.aldi.us/store/aldi/products/21001854-season-s-choice-frozen-strawberries-24-oz,,,,,,,,,,,,,{'product_id': '21001854'},,,,,,,,,,,,,49713,15441,21001854,39.628918,-79.93195,2026-08-07T04:25:40.403917
2026-08-07T04:25:40.403917,aldi.us,strawberries,469-040,"Aldi, Morgantown",26505,1,3,"Raspberries, Package",,False,['Best seller'],2.99,,,,,,,,0.0,0,0,,,,,https://d2lnr5mha7bycj.cloudfront.net/product-image/file/large_1fc8c8b6-a4b4-49b8-a069-58f781b42176.jpg,,https://www.aldi.us/store/aldi/products/17327097-raspberries-package-6-oz,,,,,,,,,,,,,{'product_id': '17327097'},,,,,,,,,,,,,49713,15441,17327097,39.628918,-79.93195,2026-08-07T04:25:40.403917
2026-08-07T04:25:40.403917,aldi.us,strawberries,469-040,"Aldi, Morgantown",26505,1,6,Southern Grove Strawberry,Southern Grove,False,,3.85,,,,,,,,0.0,0,0,,,,,https://d2lnr5mha7bycj.cloudfront.net/product-image/file/large_dd06e1cd-7a1d-433c-9379-3f703199d9cb.jpg,,https://www.aldi.us/store/aldi/products/113102276-southern-grove-strawberry-6-oz,,,,,,,,,,,,,{'product_id': '113102276'},,,,,,,,,,,,,49713,15441,113102276,39.628918,-79.93195,2026-08-07T04:25:40.403917
2026-08-07T04:25:40.403917,aldi.us,strawberries,469-040,"Aldi, Morgantown",26505,1,10,Organic Raspberries,,False,,3.75,,,,,,,,0.0,0,0,,,,,https://d2lnr5mha7bycj.cloudfront.net/product-image/file/large_b59a373a-b6e1-46f9-892a-74dbdf424453.jpg,,https://www.aldi.us/store/aldi/products/26402168-organic-raspberries-package-6-oz,,,,,,,,,,,,,{'product_id': '26402168'},,,,,,,,,,,,,49713,15441,26402168,39.628918,-79.93195,2026-08-07T04:25:40.403917
2026-08-07T04:25:40.403917,aldi.us,strawberries,469-040,"Aldi, Morgantown",26505,1,4,"Blackberries, Package",,False,,2.55,,,,,,,,0.0,0,0,,,,,https://d2lnr5mha7bycj.cloudfront.net/product-image/file/large_32cfc106-82ee-4848-afd6-327702583c22.jpg,,https://www.aldi.us/store/aldi/products/17327025-blackberries-6-oz,,,,,,,,,,,,,{'product_id': '17327025'},,,,,,,,,,,,,49713,15441,17327025,39.628918,-79.93195,2026-08-07T04:25:40.403917
2026-08-07T04:25:40.403917,aldi.us,strawberries,469-040,"Aldi, Morgantown",26505,1,5,Simply Nature Freeze Dried Strawberries,Simply Nature,False,,3.29,,,,,,,,0.0,0,0,,,,,https://d2lnr5mha7bycj.cloudfront.net/product-image/file/large_ed967d0f-b874-4ea5-8fa1-5ae8dc90c17a.jpg,,https://www.aldi.us/store/aldi/products/18649280-simplynature-freeze-dried-strawberries-1-2-oz,,,,,,,,,,,,,{'product_id': '18649280'},,,,,,,,,,,,,49713,15441,18649280,39.628918,-79.93195,2026-08-07T04:25:40.403917
2026-08-07T04:25:40.403917,aldi.us,strawberries,469-040,"Aldi, Morgantown",26505,1,9,Always Fresh Jumbo Blueberries,Alpine Fresh,False,,5.05,,,,,,,,0.0,0,0,,,,,https://d2lnr5mha7bycj.cloudfront.net/product-image/file/large_26247d86-01ad-4977-9ea1-914258907783.jpg,,https://www.aldi.us/store/aldi/products/26291793-always-fresh-blueberries-jumbo-9-8-oz,,,,,,,,,,,,,{'product_id': '26291793'},,,,,,,,,,,,,49713,15441,26291793,39.628918,-79.93195,2026-08-07T04:25:40.403917
2026-08-07T04:25:40.403917,aldi.us,strawberries,469-040,"Aldi, Morgantown",26505,1,14,"Simply Nature Frz Org Fruit Assort 24oz, Strawberries",Simply Nature,False,,5.99,,,,,,,,0.0,0,0,,,,,https://d2lnr5mha7bycj.cloudfront.net/product-image/file/large_251dff27-ea20-4ac9-ac91-36c6c6670ea4.jpg,,https://www.aldi.us/store/aldi/products/28033188-simply-nature-organic-stawberries-24-oz,,,,,,,,,,,,,{'product_id': '28033188'},,,,,,,,,,,,,49713,15441,28033188,39.628918,-79.93195,2026-08-07T04:25:40.403917
2026-08-07T04:25:40.403917,aldi.us,strawberries,469-040,"Aldi, Morgantown",26505,1,15,Blueberries,Always Fresh,False,,1.99,,,,,,,,0.0,0,0,,,,,https://d2lnr5mha7bycj.cloudfront.net/product-image/file/large_ace7b58c-afbe-4fd8-a796-f362ddae724e.png,,https://www.aldi.us/store/aldi/products/26312015-always-fresh-farms-blueberries-11-oz,,,,,,,,,,,,,{'product_id': '26312015'},,,,,,,,,,,,,49713,15441,26312015,39.628918,-79.93195,2026-08-07T04:25:40.403917
2026-08-07T04:25:40.403917,aldi.us,strawberries,469-040,"Aldi, Morgantown",26505,1,8,"Organic Blueberries, Package",,False,,4.39,,,,,,,,0.0,0,0,,,,,https://d2lnr5mha7bycj.cloudfront.net/product-image/file/large_f139ffda-daca-445a-b6bf-1789ee7a30f9.jpg,,https://www.aldi.us/store/aldi/products/17327146-organic-blueberries-package-1-pt,,,,,,,,,,,,,{'product_id': '17327146'},,,,,,,,,,,,,49713,15441,17327146,39.628918,-79.93195,2026-08-07T04:25:40.403917
2026-08-07T04:25:40.403917,aldi.us,strawberries,469-040,"Aldi, Morgantown",26505,1,11,"Organic Blackberries, Package",,False,,3.85,,,,,,,,0.0,0,0,,,,,https://d2lnr5mha7bycj.cloudfront.net/product-image/file/large_ab77e1e8-ac2b-4029-bbbc-de4407759198.jpg,,https://www.aldi.us/store/aldi/products/17327015-organic-blackberries-6-oz,,,,,,,,,,,,,{'product_id': '17327015'},,,,,,,,,,,,,49713,15441,17327015,39.628918,-79.93195,2026-08-07T04:25:40.403917
2026-08-07T04:25:40.403917,aldi.us,strawberries,479-085,"Aldi, Palmdale",93551,1,1,Fresh Organic Strawberries,,False,['Best seller'],3.85,,,,,,,,0.0,0,0,,,,,https://d2lnr5mha7bycj.cloudfront.net/product-image/file/large_981c3775-3850-4345-a457-6267bedc44fe.jpg,,https://www.aldi.us/store/aldi/products/17330344-organic-strawberries-package-1-lb,,,,,,,,,,,,,{'product_id': '17330344'},,,,,,,,,,,,,49713,15441,17330344,34.600732,-118.145193,2026-08-07T04:25:40.403917
2026-08-07T04:25:40.403917,aldi.us,strawberries,479-085,"Aldi, Palmdale",93551,1,3,Simply Nature Freeze Dried Strawberries,Simply Nature,False,,3.29,,,,,,,,0.0,0,0,,,,,https://d2lnr5mha7bycj.cloudfront.net/product-image/file/large_ed967d0f-b874-4ea5-8fa1-5ae8dc90c17a.jpg,,https://www.aldi.us/store/aldi/products/18649280-simplynature-freeze-dried-strawberries-1-2-oz,,,,,,,,,,,,,{'product_id': '18649280'},,,,,,,,,,,,,49713,15441,18649280,34.600732,-118.145193,2026-08-07T04:25:40.403917
2026-08-07T04:25:40.403917,aldi.us,strawberries,479-085,"Aldi, Palmdale",93551,1,6,"Organic Blueberries, Package",,False,,4.39,,,,,,,,0.0,0,0,,,,,https://d2lnr5mha7bycj.cloudfront.net/product-image/file/large_f139ffda-daca-445a-b6bf-1789ee7a30f9.jpg,,https://www.aldi.us/store/aldi/products/17327146-organic-blueberries-package-1-pt,,,,,,,,,,,,,{'product_id': '17327146'},,,,,,,,,,,,,49713,15441,17327146,34.600732,-118.145193,2026-08-07T04:25:40.403917
2026-08-07T04:25:40.403917,aldi.us,strawberries,479-085,"Aldi, Palmdale",93551,1,2,Season's Choice Frozen Strawberries,Season'S Choice,False,['Store choice'],4.75,,,,,,,,0.0,0,0,,,,,https://d2lnr5mha7bycj.cloudfront.net/product-image/file/large_dd5de610-2c33-4ccc-8006-2fa45862a390.jpg,,https://www.aldi.us/store/aldi/products/21001854-season-s-choice-frozen-strawberries-24-oz,,,,,,,,,,,,,{'product_id': '21001854'},,,,,,,,,,,,,49713,15441,21001854,34.600732,-118.145193,2026-08-07T04:25:40.403917
2026-08-07T04:25:40.403917,aldi.us,strawberries,479-085,"Aldi, Palmdale",93551,1,4,"Blackberries, Package",,False,['Best seller'],2.55,,,,,,,,0.0,0,0,,,,,https://d2lnr5mha7bycj.cloudfront.net/product-image/file/large_32cfc106-82ee-4848-afd6-327702583c22.jpg,,https://www.aldi.us/store/aldi/products/17327025-blackberries-6-oz,,,,,,,,,,,,,{'product_id': '17327025'},,,,,,,,,,,,,49713,15441,17327025,34.600732,-118.145193,2026-08-07T04:25:40.403917
2026-08-07T04:25:40.403917,aldi.us,strawberries,479-085,"Aldi, Palmdale",93551,1,11,"Simply Nature Frz Org Fruit Assort 24oz, Strawberries",Simply Nature,False,,5.99,,,,,,,,0.0,0,0,,,,,https://d2lnr5mha7bycj.cloudfront.net/product-image/file/large_251dff27-ea20-4ac9-ac91-36c6c6670ea4.jpg,,https://www.aldi.us/store/aldi/products/28033188-simply-nature-organic-stawberries-24-oz,,,,,,,,,,,,,{'product_id': '28033188'},,,,,,,,,,,,,49713,15441,28033188,34.600732,-118.145193,2026-08-07T04:25:40.403917
2026-08-07T04:25:40.403917,aldi.us,strawberries,479-085,"Aldi, Palmdale",93551,1,5,Southern Grove Strawberry,Southern Grove,False,,3.85,,,,,,,,0.0,0,0,,,,,https://d2lnr5mha7bycj.cloudfront.net/product-image/file/large_dd06e1cd-7a1d-433c-9379-3f703199d9cb.jpg,,https://www.aldi.us/store/aldi/products/113102276-southern-grove-strawberry-6-oz,,,,,,,,,,,,,{'product_id': '113102276'},,,,,,,,,,,,,49713,15441,113102276,34.600732,-118.145193,2026-08-07T04:25:40.403917
2026-08-07T04:25:40.403917,aldi.us,strawberries,479-085,"Aldi, Palmdale",93551,1,13,Organic Raspberries,,False,,3.75,,,,,,,,0.0,0,0,,,,,https://d2lnr5mha7bycj.cloudfront.net/product-image/file/large_b59a373a-b6e1-46f9-892a-74dbdf424453.jpg,,https://www.aldi.us/store/aldi/products/26402168-organic-raspberries-package-6-oz,,,,,,,,,,,,,{'product_id': '26402168'},,,,,,,,,,,,,49713,15441,26402168,34.600732,-118.145193,2026-08-07T04:25:40.403917
2026-08-07T04:25:40.403917,aldi.us,strawberries,479-085,"Aldi, Palmdale",93551,1,7,"Organic Blackberries, Package",,False,,3.85,,,,,,,,0.0,0,0,,,,,https://d2lnr5mha7bycj.cloudfront.net/product-image/file/large_ab77e1e8-ac2b-4029-bbbc-de4407759198.jpg,,https://www.aldi.us/store/aldi/products/17327015-organic-blackberries-6-oz,,,,,,,,,,,,,{'product_id': '17327015'},,,,,,,,,,,,,49713,15441,17327015,34.600732,-118.145193,2026-08-07T04:25:40.403917
2026-08-07T04:25:40.403917,aldi.us,strawberries,479-085,"Aldi, Palmdale",93551,1,8,Season's Choice Frozen Blueberries,Season'S Choice,False,,4.19,,,,,,,,0.0,0,0,,,,,https://d2lnr5mha7bycj.cloudfront.net/product-image/file/large_dbd15bb9-289a-469b-b6eb-15f75da67cfe.jpg,,https://www.aldi.us/store/aldi/products/20992234-season-s-choice-frozen-blueberries-24-oz,,,,,,,,,,,,,{'product_id': '20992234'},,,,,,,,,,,,,49713,15441,20992234,34.600732,-118.145193,2026-08-07T04:25:40.403917
2026-08-07T04:25:40.403917,aldi.us,strawberries,479-085,"Aldi, Palmdale",93551,1,10,"Raspberries, Package",,False,,2.99,,,,,,,,0.0,0,0,,,,,https://d2lnr5mha7bycj.cloudfront.net/product-image/file/large_1fc8c8b6-a4b4-49b8-a069-58f781b42176.jpg,,https://www.aldi.us/store/aldi/products/17327097-raspberries-package-6-oz,,,,,,,,,,,,,{'product_id': '17327097'},,,,,,,,,,,,,49713,15441,17327097,34.600732,-118.145193,2026-08-07T04:25:40.403917
2026-08-07T04:25:40.403917,aldi.us,strawberries,479-085,"Aldi, Palmdale",93551,1,12,Blueberries,Always Fresh,False,,1.99,,,,,,,,0.0,0,0,,,,,https://d2lnr5mha7bycj.cloudfront.net/product-image/file/large_ace7b58c-afbe-4fd8-a796-f362ddae724e.png,,https://www.aldi.us/store/aldi/products/26312015-always-fresh-farms-blueberries-11-oz,,,,,,,,,,,,,{'product_id': '26312015'},,,,,,,,,,,,,49713,15441,26312015,34.600732,-118.145193,2026-08-07T04:25:40.403917
2026-08-07T04:25:40.403917,aldi.us,strawberries,479-085,"Aldi, Palmdale",93551,1,9,Strawberries,,False,,2.55,,,,,,,,0.0,0,0,,,,,https://d2lnr5mha7bycj.cloudfront.net/product-image/file/large_6086628f-8982-49f1-a41c-1174cb4d8aa4.jpg,,https://www.aldi.us/store/aldi/products/16383764-whole-strawberries-1-lb,,,,,,,,,,,,,{'product_id': '16383764'},,,,,,,,,,,,,49713,15441,16383764,34.600732,-118.145193,2026-08-07T04:25:40.403917
2026-08-07T04:25:40.403917,aldi.us,strawberries,473-008,"Aldi, Bronx",10455,1,1,Fresh Organic Strawberries,,False,['Best seller'],3.85,,,,,,,,0.0,0,0,,,,,https://d2lnr5mha7bycj.cloudfront.net/product-image/file/large_981c3775-3850-4345-a457-6267bedc44fe.jpg,,https://www.aldi.us/store/aldi/products/17330344-organic-strawberries-package-1-lb,,,,,,,,,,,,,{'product_id': '17330344'},,,,,,,,,,,,,49713,15441,17330344,40.8194,-73.91296,2026-08-07T04:25:40.403917
2026-08-07T04:25:40.403917,aldi.us,strawberries,473-008,"Aldi, Bronx",10455,1,3,"Blackberries, Package",,False,,2.55,,,,,,,,0.0,0,0,,,,,https://d2lnr5mha7bycj.cloudfront.net/product-image/file/large_32cfc106-82ee-4848-afd6-327702583c22.jpg,,https://www.aldi.us/store/aldi/products/17327025-blackberries-6-oz,,,,,,,,,,,,,{'product_id': '17327025'},,,,,,,,,,,,,49713,15441,17327025,40.8194,-73.91296,2026-08-07T04:25:40.403917
2026-08-07T04:25:40.403917,aldi.us,strawberries,473-008,"Aldi, Bronx",10455,1,8,"Organic Blackberries, Package",,False,,3.85,,,,,,,,0.0,0,0,,,,,https://d2lnr5mha7bycj.cloudfront.net/product-image/file/large_ab77e1e8-ac2b-4029-bbbc-de4407759198.jpg,,https://www.aldi.us/store/aldi/products/17327015-organic-blackberries-6-oz,,,,,,,,,,,,,{'product_id': '17327015'},,,,,,,,,,,,,49713,15441,17327015,40.8194,-73.91296,2026-08-07T04:25:40.403917
2026-08-07T04:25:40.403917,aldi.us,strawberries,473-008,"Aldi, Bronx",10455,1,9,Season's Choice Frozen Blueberries,Season'S Choice,False,,4.19,,,,,,,,0.0,0,0,,,,,https://d2lnr5mha7bycj.cloudfront.net/product-image/file/large_dbd15bb9-289a-469b-b6eb-15f75da67cfe.jpg,,https://www.aldi.us/store/aldi/products/20992234-season-s-choice-frozen-blueberries-24-oz,,,,,,,,,,,,,{'product_id': '20992234'},,,,,,,,,,,,,49713,15441,20992234,40.8194,-73.91296,2026-08-07T04:25:40.403917
2026-08-07T04:25:40.403917,aldi.us,strawberries,473-008,"Aldi, Bronx",10455,1,10,Strawberries,,False,,2.55,,,,,,,,0.0,0,0,,,,,https://d2lnr5mha7bycj.cloudfront.net/product-image/file/large_6086628f-8982-49f1-a41c-1174cb4d8aa4.jpg,,https://www.aldi.us/store/aldi/products/16383764-whole-strawberries-1-lb,,,,,,,,,,,,,{'product_id': '16383764'},,,,,,,,,,,,,49713,15441,16383764,40.8194,-73.91296,2026-08-07T04:25:40.403917
2026-08-07T04:25:40.403917,aldi.us,strawberries,473-008,"Aldi, Bronx",10455,1,2,Season's Choice Frozen Strawberries,Season'S Choice,False,['Store choice'],4.75,,,,,,,,0.0,0,0,,,,,https://d2lnr5mha7bycj.cloudfront.net/product-image/file/large_dd5de610-2c33-4ccc-8006-2fa45862a390.jpg,,https://www.aldi.us/store/aldi/products/21001854-season-s-choice-frozen-strawberries-24-oz,,,,,,,,,,,,,{'product_id': '21001854'},,,,,,,,,,,,,49713,15441,21001854,40.8194,-73.91296,2026-08-07T04:25:40.403917
2026-08-07T04:25:40.403917,aldi.us,strawberries,473-008,"Aldi, Bronx",10455,1,4,Simply Nature Freeze Dried Strawberries,Simply Nature,False,,3.29,,,,,,,,0.0,0,0,,,,,https://d2lnr5mha7bycj.cloudfront.net/product-image/file/large_ed967d0f-b874-4ea5-8fa1-5ae8dc90c17a.jpg,,https://www.aldi.us/store/aldi/products/18649280-simplynature-freeze-dried-strawberries-1-2-oz,,,,,,,,,,,,,{'product_id': '18649280'},,,,,,,,,,,,,49713,15441,18649280,40.8194,-73.91296,2026-08-07T04:25:40.403917
2026-08-07T04:25:40.403917,aldi.us,strawberries,473-008,"Aldi, Bronx",10455,1,7,Always Fresh Jumbo Blueberries,Alpine Fresh,False,,5.05,,,,,,,,0.0,0,0,,,,,https://d2lnr5mha7bycj.cloudfront.net/product-image/file/large_26247d86-01ad-4977-9ea1-914258907783.jpg,,https://www.aldi.us/store/aldi/products/26291793-always-fresh-blueberries-jumbo-9-8-oz,,,,,,,,,,,,,{'product_id': '26291793'},,,,,,,,,,,,,49713,15441,26291793,40.8194,-73.91296,2026-08-07T04:25:40.403917
2026-08-07T04:25:40.403917,aldi.us,strawberries,473-008,"Aldi, Bronx",10455,1,11,"Simply Nature Frz Org Fruit Assort 24oz, Strawberries",Simply Nature,False,,5.99,,,,,,,,0.0,0,0,,,,,https://d2lnr5mha7bycj.cloudfront.net/product-image/file/large_251dff27-ea20-4ac9-ac91-36c6c6670ea4.jpg,,https://www.aldi.us/store/aldi/products/28033188-simply-nature-organic-stawberries-24-oz,,,,,,,,,,,,,{'product_id': '28033188'},,,,,,,,,,,,,49713,15441,28033188,40.8194,-73.91296,2026-08-07T04:25:40.403917
2026-08-07T04:25:40.403917,aldi.us,strawberries,473-008,"Aldi, Bronx",10455,1,5,"Raspberries, Package",,False,['Best seller'],2.99,,,,,,,,0.0,0,0,,,,,https://d2lnr5mha7bycj.cloudfront.net/product-image/file/large_1fc8c8b6-a4b4-49b8-a069-58f781b42176.jpg,,https://www.aldi.us/store/aldi/products/17327097-raspberries-package-6-oz,,,,,,,,,,,,,{'product_id': '17327097'},,,,,,,,,,,,,49713,15441,17327097,40.8194,-73.91296,2026-08-07T04:25:40.403917
2026-08-07T04:25:40.403917,aldi.us,strawberries,473-008,"Aldi, Bronx",10455,1,6,"Organic Blueberries, Package",,False,,4.39,,,,,,,,0.0,0,0,,,,,https://d2lnr5mha7bycj.cloudfront.net/product-image/file/large_f139ffda-daca-445a-b6bf-1789ee7a30f9.jpg,,https://www.aldi.us/store/aldi/products/17327146-organic-blueberries-package-1-pt,,,,,,,,,,,,,{'product_id': '17327146'},,,,,,,,,,,,,49713,15441,17327146,40.8194,-73.91296,2026-08-07T04:25:40.403917
2026-08-07T04:25:40.403917,aldi.us,strawberries,473-008,"Aldi, Bronx",10455,1,12,Blueberries,Always Fresh,False,,1.99,,,,,,,,0.0,0,0,,,,,https://d2lnr5mha7bycj.cloudfront.net/product-image/file/large_ace7b58c-afbe-4fd8-a796-f362ddae724e.png,,https://www.aldi.us/store/aldi/products/26312015-always-fresh-farms-blueberries-11-oz,,,,,,,,,,,,,{'product_id': '26312015'},,,,,,,,,,,,,49713,15441,26312015,40.8194,-73.91296,2026-08-07T04:25:40.403917
2026-08-07T04:25:40.403917,aldi.us,strawberries,473-008,"Aldi, Bronx",10455,1,13,Organic Raspberries,,False,,3.75,,,,,,,,0.0,0,0,,,,,https://d2lnr5mha7bycj.cloudfront.net/product-image/file/large_b59a373a-b6e1-46f9-892a-74dbdf424453.jpg,,https://www.aldi.us/store/aldi/products/26402168-organic-raspberries-package-6-oz,,,,,,,,,,,,,{'product_id': '26402168'},,,,,,,,,,,,,49713,15441,26402168,40.8194,-73.91296,2026-08-07T04:25:40.403917
2026-08-07T04:25:40.403917,aldi.us,strawberries,472-148,"Aldi, Pine City",55063,1,1,Fresh Organic Strawberries,,False,['Best seller'],3.85,,,,,,,,0.0,0,0,,,,,https://d2lnr5mha7bycj.cloudfront.net/product-image/file/large_981c3775-3850-4345-a457-6267bedc44fe.jpg,,https://www.aldi.us/store/aldi/products/17330344-organic-strawberries-package-1-lb,,,,,,,,,,,,,{'product_id': '17330344'},,,,,,,,,,,,,49713,15441,17330344,45.818819,-92.980081,2026-08-07T04:25:40.403917
2026-08-07T04:25:40.403917,aldi.us,strawberries,472-148,"Aldi, Pine City",55063,1,6,"Blackberries, Package",,False,,2.55,,,,,,,,0.0,0,0,,,,,https://d2lnr5mha7bycj.cloudfront.net/product-image/file/large_32cfc106-82ee-4848-afd6-327702583c22.jpg,,https://www.aldi.us/store/aldi/products/17327025-blackberries-6-oz,,,,,,,,,,,,,{'product_id': '17327025'},,,,,,,,,,,,,49713,15441,17327025,45.818819,-92.980081,2026-08-07T04:25:40.403917
2026-08-07T04:25:40.403917,aldi.us,strawberries,472-148,"Aldi, Pine City",55063,1,2,Strawberries 2 lb,Driscoll'S,False,,5.99,,,,,,,,0.0,0,0,,,,,https://d2lnr5mha7bycj.cloudfront.net/product-image/file/large_527f0d65-5c64-4f0f-8f85-6ba77431c835.jpg,,https://www.aldi.us/store/aldi/products/16521342-driscoll-s-strawberries-2-0-lb,,,,,,,,,,,,,{'product_id': '16521342'},,,,,,,,,,,,,49713,15441,16521342,45.818819,-92.980081,2026-08-07T04:25:40.403917
2026-08-07T04:25:40.403917,aldi.us,strawberries,472-148,"Aldi, Pine City",55063,1,3,Season's Choice Frozen Strawberries,Season'S Choice,False,['Store choice'],4.75,,,,,,,,0.0,0,0,,,,,https://d2lnr5mha7bycj.cloudfront.net/product-image/file/large_dd5de610-2c33-4ccc-8006-2fa45862a390.jpg,,https://www.aldi.us/store/aldi/products/21001854-season-s-choice-frozen-strawberries-24-oz,,,,,,,,,,,,,{'product_id': '21001854'},,,,,,,,,,,,,49713,15441,21001854,45.818819,-92.980081,2026-08-07T04:25:40.403917
2026-08-07T04:25:40.403917,aldi.us,strawberries,472-148,"Aldi, Pine City",55063,1,5,"Raspberries, Package",,False,['Best seller'],2.99,,,,,,,,0.0,0,0,,,,,https://d2lnr5mha7bycj.cloudfront.net/product-image/file/large_1fc8c8b6-a4b4-49b8-a069-58f781b42176.jpg,,https://www.aldi.us/store/aldi/products/17327097-raspberries-package-6-oz,,,,,,,,,,,,,{'product_id': '17327097'},,,,,,,,,,,,,49713,15441,17327097,45.818819,-92.980081,2026-08-07T04:25:40.403917
2026-08-07T04:25:40.403917,aldi.us,strawberries,472-148,"Aldi, Pine City",55063,1,9,Always Fresh Jumbo Blueberries,Alpine Fresh,False,,5.05,,,,,,,,0.0,0,0,,,,,https://d2lnr5mha7bycj.cloudfront.net/product-image/file/large_26247d86-01ad-4977-9ea1-914258907783.jpg,,https://www.aldi.us/store/aldi/products/26291793-always-fresh-blueberries-jumbo-9-8-oz,,,,,,,,,,,,,{'product_id': '26291793'},,,,,,,,,,,,,49713,15441,26291793,45.818819,-92.980081,2026-08-07T04:25:40.403917
2026-08-07T04:25:40.403917,aldi.us,strawberries,472-148,"Aldi, Pine City",55063,1,14,"Simply Nature Frz Org Fruit Assort 24oz, Strawberries",Simply Nature,False,,5.99,,,,,,,,0.0,0,0,,,,,https://d2lnr5mha7bycj.cloudfront.net/product-image/file/large_251dff27-ea20-4ac9-ac91-36c6c6670ea4.jpg,,https://www.aldi.us/store/aldi/products/28033188-simply-nature-organic-stawberries-24-oz,,,,,,,,,,,,,{'product_id': '28033188'},,,,,,,,,,,,,49713,15441,28033188,45.818819,-92.980081,2026-08-07T04:25:40.403917
2026-08-07T04:25:40.403917,aldi.us,strawberries,472-148,"Aldi, Pine City",55063,1,15,Blueberries,Always Fresh,False,,1.99,,,,,,,,0.0,0,0,,,,,https://d2lnr5mha7bycj.cloudfront.net/product-image/file/large_ace7b58c-afbe-4fd8-a796-f362ddae724e.png,,https://www.aldi.us/store/aldi/products/26312015-always-fresh-farms-blueberries-11-oz,,,,,,,,,,,,,{'product_id': '26312015'},,,,,,,,,,,,,49713,15441,26312015,45.818819,-92.980081,2026-08-07T04:25:40.403917
2026-08-07T04:25:40.403917,aldi.us,strawberries,472-148,"Aldi, Pine City",55063,1,4,"Simply Nature Freeze Dried Strawberry or M, Strawberry",Simply Nature,False,,6.39,,,,,,,,0.0,0,0,,,,,https://d1s8987jlndkbs.cloudfront.net/assets/missing-item-4bbe82b8555e4d1c12626fd482cb2409713e8e30835645ff3650ef66a725d03c.png,,https://www.aldi.us/store/aldi/products/128145927-simply-nature-freeze-dried-strawberry-or-m-strawberry-2-oz,,,,,,,,,,,,,{'product_id': '128145927'},,,,,,,,,,,,,49713,15441,128145927,45.818819,-92.980081,2026-08-07T04:25:40.403917
2026-08-07T04:25:40.403917,aldi.us,strawberries,472-148,"Aldi, Pine City",55063,1,7,Southern Grove Strawberry,Southern Grove,False,,3.85,,,,,,,,0.0,0,0,,,,,https://d2lnr5mha7bycj.cloudfront.net/product-image/file/large_dd06e1cd-7a1d-433c-9379-3f703199d9cb.jpg,,https://www.aldi.us/store/aldi/products/113102276-southern-grove-strawberry-6-oz,,,,,,,,,,,,,{'product_id': '113102276'},,,,,,,,,,,,,49713,15441,113102276,45.818819,-92.980081,2026-08-07T04:25:40.403917
2026-08-07T04:25:40.403917,aldi.us,strawberries,472-148,"Aldi, Pine City",55063,1,8,"Organic Blueberries, Package",,False,,4.39,,,,,,,,0.0,0,0,,,,,https://d2lnr5mha7bycj.cloudfront.net/product-image/file/large_f139ffda-daca-445a-b6bf-1789ee7a30f9.jpg,,https://www.aldi.us/store/aldi/products/17327146-organic-blueberries-package-1-pt,,,,,,,,,,,,,{'product_id': '17327146'},,,,,,,,,,,,,49713,15441,17327146,45.818819,-92.980081,2026-08-07T04:25:40.403917
2026-08-07T04:25:40.403917,aldi.us,strawberries,472-148,"Aldi, Pine City",55063,1,11,"Organic Blackberries, Package",,False,,3.85,,,,,,,,0.0,0,0,,,,,https://d2lnr5mha7bycj.cloudfront.net/product-image/file/large_ab77e1e8-ac2b-4029-bbbc-de4407759198.jpg,,https://www.aldi.us/store/aldi/products/17327015-organic-blackberries-6-oz,,,,,,,,,,,,,{'product_id': '17327015'},,,,,,,,,,,,,49713,15441,17327015,45.818819,-92.980081,2026-08-07T04:25:40.403917
2026-08-07T04:25:40.403917,aldi.us,strawberries,472-148,"Aldi, Pine City",55063,1,10,Organic Raspberries,,False,,3.75,,,,,,,,0.0,0,0,,,,,https://d2lnr5mha7bycj.cloudfront.net/product-image/file/large_b59a373a-b6e1-46f9-892a-74dbdf424453.jpg,,https://www.aldi.us/store/aldi/products/26402168-organic-raspberries-package-6-oz,,,,,,,,,,,,,{'product_id': '26402168'},,,,,,,,,,,,,49713,15441,26402168,45.818819,-92.980081,2026-08-07T04:25:40.403917
2026-08-07T04:25:40.403917,aldi.us,strawberries,472-148,"Aldi, Pine City",55063,1,12,Season's Choice Frozen Blueberries,Season'S Choice,False,,4.19,,,,,,,,0.0,0,0,,,,,https://d2lnr5mha7bycj.cloudfront.net/product-image/file/large_dbd15bb9-289a-469b-b6eb-15f75da67cfe.jpg,,https://www.aldi.us/store/aldi/products/20992234-season-s-choice-frozen-blueberries-24-oz,,,,,,,,,,,,,{'product_id': '20992234'},,,,,,,,,,,,,49713,15441,20992234,45.818819,-92.980081,2026-08-07T04:25:40.403917
2026-08-07T04:25:40.403917,aldi.us,strawberries,472-148,"Aldi, Pine City",55063,1,13,Strawberries,,False,,2.55,,,,,,,,0.0,0,0,,,,,https://d2lnr5mha7bycj.cloudfront.net/product-image/file/large_6086628f-8982-49f1-a41c-1174cb4d8aa4.jpg,,https://www.aldi.us/store/aldi/products/16383764-whole-strawberries-1-lb,,,,,,,,,,,,,{'product_id': '16383764'},,,,,,,,,,,,,49713,15441,16383764,45.818819,-92.980081,2026-08-07T04:25:40.403917
2026-08-07T04:25:40.403917,aldi.us,strawberries,461-016,"Aldi, Huber Heights",45424,1,1,Fresh Organic Strawberries,,False,['Best seller'],3.85,,,,,,,,0.0,0,0,,,,,https://d2lnr5mha7bycj.cloudfront.net/product-image/file/large_981c3775-3850-4345-a457-6267bedc44fe.jpg,,https://www.aldi.us/store/aldi/products/17330344-organic-strawberries-package-1-lb,,,,,,,,,,,,,{'product_id': '17330344'},,,,,,,,,,,,,49713,15441,17330344,39.84385,-84.11501,2026-08-07T04:25:40.403917
2026-08-07T04:25:40.403917,aldi.us,strawberries,461-016,"Aldi, Huber Heights",45424,1,3,Simply Nature Freeze Dried Strawberries,Simply Nature,False,,3.29,,,,,,,,0.0,0,0,,,,,https://d2lnr5mha7bycj.cloudfront.net/product-image/file/large_ed967d0f-b874-4ea5-8fa1-5ae8dc90c17a.jpg,,https://www.aldi.us/store/aldi/products/18649280-simplynature-freeze-dried-strawberries-1-2-oz,,,,,,,,,,,,,{'product_id': '18649280'},,,,,,,,,,,,,49713,15441,18649280,39.84385,-84.11501,2026-08-07T04:25:40.403917
2026-08-07T04:25:40.403917,aldi.us,strawberries,461-016,"Aldi, Huber Heights",45424,1,7,Aldi White & Milk Chocolate Frozen Strawberries,Aldi,False,,5.49,,,,,,,,0.0,0,0,,,,,https://d1s8987jlndkbs.cloudfront.net/assets/missing-item-4bbe82b8555e4d1c12626fd482cb2409713e8e30835645ff3650ef66a725d03c.png,,https://www.aldi.us/store/aldi/products/128146086-aldi-white-milk-chocolate-frozen-strawberries-8-oz,,,,,,,,,,,,,{'product_id': '128146086'},,,,,,,,,,,,,49713,15441,128146086,39.84385,-84.11501,2026-08-07T04:25:40.403917
2026-08-07T04:25:40.403917,aldi.us,strawberries,461-016,"Aldi, Huber Heights",45424,1,11,"Organic Blackberries, Package",,False,,3.85,,,,,,,,0.0,0,0,,,,,https://d2lnr5mha7bycj.cloudfront.net/product-image/file/large_ab77e1e8-ac2b-4029-bbbc-de4407759198.jpg,,https://www.aldi.us/store/aldi/products/17327015-organic-blackberries-6-oz,,,,,,,,,,,,,{'product_id': '17327015'},,,,,,,,,,,,,49713,15441,17327015,39.84385,-84.11501,2026-08-07T04:25:40.403917
2026-08-07T04:25:40.403917,aldi.us,strawberries,461-016,"Aldi, Huber Heights",45424,1,2,Season's Choice Frozen Strawberries,Season'S Choice,False,['Store choice'],4.75,,,,,,,,0.0,0,0,,,,,https://d2lnr5mha7bycj.cloudfront.net/product-image/file/large_dd5de610-2c33-4ccc-8006-2fa45862a390.jpg,,https://www.aldi.us/store/aldi/products/21001854-season-s-choice-frozen-strawberries-24-oz,,,,,,,,,,,,,{'product_id': '21001854'},,,,,,,,,,,,,49713,15441,21001854,39.84385,-84.11501,2026-08-07T04:25:40.403917
2026-08-07T04:25:40.403917,aldi.us,strawberries,461-016,"Aldi, Huber Heights",45424,1,4,"Raspberries, Package",,False,['Best seller'],2.99,,,,,,,,0.0,0,0,,,,,https://d2lnr5mha7bycj.cloudfront.net/product-image/file/large_1fc8c8b6-a4b4-49b8-a069-58f781b42176.jpg,,https://www.aldi.us/store/aldi/products/17327097-raspberries-package-6-oz,,,,,,,,,,,,,{'product_id': '17327097'},,,,,,,,,,,,,49713,15441,17327097,39.84385,-84.11501,2026-08-07T04:25:40.403917
2026-08-07T04:25:40.403917,aldi.us,strawberries,461-016,"Aldi, Huber Heights",45424,1,6,Southern Grove Strawberry,Southern Grove,False,,3.85,,,,,,,,0.0,0,0,,,,,https://d2lnr5mha7bycj.cloudfront.net/product-image/file/large_dd06e1cd-7a1d-433c-9379-3f703199d9cb.jpg,,https://www.aldi.us/store/aldi/products/113102276-southern-grove-strawberry-6-oz,,,,,,,,,,,,,{'product_id': '113102276'},,,,,,,,,,,,,49713,15441,113102276,39.84385,-84.11501,2026-08-07T04:25:40.403917
2026-08-07T04:25:40.403917,aldi.us,strawberries,461-016,"Aldi, Huber Heights",45424,1,8,"Organic Blueberries, Package",,False,,4.39,,,,,,,,0.0,0,0,,,,,https://d2lnr5mha7bycj.cloudfront.net/product-image/file/large_f139ffda-daca-445a-b6bf-1789ee7a30f9.jpg,,https://www.aldi.us/store/aldi/products/17327146-organic-blueberries-package-1-pt,,,,,,,,,,,,,{'product_id': '17327146'},,,,,,,,,,,,,49713,15441,17327146,39.84385,-84.11501,2026-08-07T04:25:40.403917
2026-08-07T04:25:40.403917,aldi.us,strawberries,461-016,"Aldi, Huber Heights",45424,1,13,Strawberries,,False,,2.55,,,,,,,,0.0,0,0,,,,,https://d2lnr5mha7bycj.cloudfront.net/product-image/file/large_6086628f-8982-49f1-a41c-1174cb4d8aa4.jpg,,https://www.aldi.us/store/aldi/products/16383764-whole-strawberries-1-lb,,,,,,,,,,,,,{'product_id': '16383764'},,,,,,,,,,,,,49713,15441,16383764,39.84385,-84.11501,2026-08-07T04:25:40.403917
2026-08-07T04:25:40.403917,aldi.us,strawberries,461-016,"Aldi, Huber Heights",45424,1,14,"Simply Nature Frz Org Fruit Assort 24oz, Strawberries",Simply Nature,False,,5.99,,,,,,,,0.0,0,0,,,,,https://d2lnr5mha7bycj.cloudfront.net/product-image/file/large_251dff27-ea20-4ac9-ac91-36c6c6670ea4.jpg,,https://www.aldi.us/store/aldi/products/28033188-simply-nature-organic-stawberries-24-oz,,,,,,,,,,,,,{'product_id': '28033188'},,,,,,,,,,,,,49713,15441,28033188,39.84385,-84.11501,2026-08-07T04:25:40.403917
2026-08-07T04:25:40.403917,aldi.us,strawberries,461-016,"Aldi, Huber Heights",45424,1,5,"Blackberries, Package",,False,,2.55,,,,,,,,0.0,0,0,,,,,https://d2lnr5mha7bycj.cloudfront.net/product-image/file/large_32cfc106-82ee-4848-afd6-327702583c22.jpg,,https://www.aldi.us/store/aldi/products/17327025-blackberries-6-oz,,,,,,,,,,,,,{'product_id': '17327025'},,,,,,,,,,,,,49713,15441,17327025,39.84385,-84.11501,2026-08-07T04:25:40.403917
2026-08-07T04:25:40.403917,aldi.us,strawberries,461-016,"Aldi, Huber Heights",45424,1,9,Always Fresh Jumbo Blueberries,Alpine Fresh,False,,5.05,,,,,,,,0.0,0,0,,,,,https://d2lnr5mha7bycj.cloudfront.net/product-image/file/large_26247d86-01ad-4977-9ea1-914258907783.jpg,,https://www.aldi.us/store/aldi/products/26291793-always-fresh-blueberries-jumbo-9-8-oz,,,,,,,,,,,,,{'product_id': '26291793'},,,,,,,,,,,,,49713,15441,26291793,39.84385,-84.11501,2026-08-07T04:25:40.403917
2026-08-07T04:25:40.403917,aldi.us,strawberries,461-016,"Aldi, Huber Heights",45424,1,10,Organic Raspberries,,False,,3.75,,,,,,,,0.0,0,0,,,,,https://d2lnr5mha7bycj.cloudfront.net/product-image/file/large_b59a373a-b6e1-46f9-892a-74dbdf424453.jpg,,https://www.aldi.us/store/aldi/products/26402168-organic-raspberries-package-6-oz,,,,,,,,,,,,,{'product_id': '26402168'},,,,,,,,,,,,,49713,15441,26402168,39.84385,-84.11501,2026-08-07T04:25:40.403917
2026-08-07T04:25:40.403917,aldi.us,strawberries,461-016,"Aldi, Huber Heights",45424,1,12,Season's Choice Frozen Blueberries,Season'S Choice,False,,4.19,,,,,,,,0.0,0,0,,,,,https://d2lnr5mha7bycj.cloudfront.net/product-image/file/large_dbd15bb9-289a-469b-b6eb-15f75da67cfe.jpg,,https://www.aldi.us/store/aldi/products/20992234-season-s-choice-frozen-blueberries-24-oz,,,,,,,,,,,,,{'product_id': '20992234'},,,,,,,,,,,,,49713,15441,20992234,39.84385,-84.11501,2026-08-07T04:25:40.403917
2026-08-07T04:25:40.403917,aldi.us,strawberries,461-016,"Aldi, Huber Heights",45424,1,15,Blueberries,Always Fresh,False,,1.99,,,,,,,,0.0,0,0,,,,,https://d2lnr5mha7bycj.cloudfront.net/product-image/file/large_ace7b58c-afbe-4fd8-a796-f362ddae724e.png,,https://www.aldi.us/store/aldi/products/26312015-always-fresh-farms-blueberries-11-oz,,,,,,,,,,,,,{'product_id': '26312015'},,,,,,,,,,,,,49713,15441,26312015,39.84385,-84.11501,2026-08-07T04:25:40.403917
2026-08-07T04:25:40.403917,aldi.us,strawberries,472-110,"Aldi, Altoona",50009,1,1,Fresh Organic Strawberries,,False,['Best seller'],3.85,,,,,,,,0.0,0,0,,,,,https://d2lnr5mha7bycj.cloudfront.net/product-image/file/large_981c3775-3850-4345-a457-6267bedc44fe.jpg,,https://www.aldi.us/store/aldi/products/17330344-organic-strawberries-package-1-lb,,,,,,,,,,,,,{'product_id': '17330344'},,,,,,,,,,,,,49713,15441,17330344,41.64645,-93.50272,2026-08-07T04:25:40.403917
2026-08-07T04:25:40.403917,aldi.us,strawberries,472-110,"Aldi, Altoona",50009,1,3,Season's Choice Frozen Strawberries,Season'S Choice,False,['Store choice'],4.75,,,,,,,,0.0,0,0,,,,,https://d2lnr5mha7bycj.cloudfront.net/product-image/file/large_dd5de610-2c33-4ccc-8006-2fa45862a390.jpg,,https://www.aldi.us/store/aldi/products/21001854-season-s-choice-frozen-strawberries-24-oz,,,,,,,,,,,,,{'product_id': '21001854'},,,,,,,,,,,,,49713,15441,21001854,41.64645,-93.50272,2026-08-07T04:25:40.403917
2026-08-07T04:25:40.403917,aldi.us,strawberries,472-110,"Aldi, Altoona",50009,1,11,Strawberries,,False,,2.55,,,,,,,,0.0,0,0,,,,,https://d2lnr5mha7bycj.cloudfront.net/product-image/file/large_6086628f-8982-49f1-a41c-1174cb4d8aa4.jpg,,https://www.aldi.us/store/aldi/products/16383764-whole-strawberries-1-lb,,,,,,,,,,,,,{'product_id': '16383764'},,,,,,,,,,,,,49713,15441,16383764,41.64645,-93.50272,2026-08-07T04:25:40.403917
2026-08-07T04:25:40.403917,aldi.us,strawberries,472-110,"Aldi, Altoona",50009,1,12,"Raspberries, Package",,False,,2.99,,,,,,,,0.0,0,0,,,,,https://d2lnr5mha7bycj.cloudfront.net/product-image/file/large_1fc8c8b6-a4b4-49b8-a069-58f781b42176.jpg,,https://www.aldi.us/store/aldi/products/17327097-raspberries-package-6-oz,,,,,,,,,,,,,{'product_id': '17327097'},,,,,,,,,,,,,49713,15441,17327097,41.64645,-93.50272,2026-08-07T04:25:40.403917
2026-08-07T04:25:40.403917,aldi.us,strawberries,472-110,"Aldi, Altoona",50009,1,2,Strawberries 2 lb,Driscoll'S,False,,5.99,,,,,,,,0.0,0,0,,,,,https://d2lnr5mha7bycj.cloudfront.net/product-image/file/large_527f0d65-5c64-4f0f-8f85-6ba77431c835.jpg,,https://www.aldi.us/store/aldi/products/16521342-driscoll-s-strawberries-2-0-lb,,,,,,,,,,,,,{'product_id': '16521342'},,,,,,,,,,,,,49713,15441,16521342,41.64645,-93.50272,2026-08-07T04:25:40.403917
2026-08-07T04:25:40.403917,aldi.us,strawberries,472-110,"Aldi, Altoona",50009,1,6,"Organic Blueberries, Package",,False,,4.39,,,,,,,,0.0,0,0,,,,,https://d2lnr5mha7bycj.cloudfront.net/product-image/file/large_f139ffda-daca-445a-b6bf-1789ee7a30f9.jpg,,https://www.aldi.us/store/aldi/products/17327146-organic-blueberries-package-1-pt,,,,,,,,,,,,,{'product_id': '17327146'},,,,,,,,,,,,,49713,15441,17327146,41.64645,-93.50272,2026-08-07T04:25:40.403917
2026-08-07T04:25:40.403917,aldi.us,strawberries,472-110,"Aldi, Altoona",50009,1,4,"Simply Nature Freeze Dried Strawberry or M, Strawberry",Simply Nature,False,,6.39,,,,,,,,0.0,0,0,,,,,https://d1s8987jlndkbs.cloudfront.net/assets/missing-item-4bbe82b8555e4d1c12626fd482cb2409713e8e30835645ff3650ef66a725d03c.png,,https://www.aldi.us/store/aldi/products/128145927-simply-nature-freeze-dried-strawberry-or-m-strawberry-2-oz,,,,,,,,,,,,,{'product_id': '128145927'},,,,,,,,,,,,,49713,15441,128145927,41.64645,-93.50272,2026-08-07T04:25:40.403917
2026-08-07T04:25:40.403917,aldi.us,strawberries,472-110,"Aldi, Altoona",50009,1,5,"Blackberries, Package",,False,['Best seller'],2.55,,,,,,,,0.0,0,0,,,,,https://d2lnr5mha7bycj.cloudfront.net/product-image/file/large_32cfc106-82ee-4848-afd6-327702583c22.jpg,,https://www.aldi.us/store/aldi/products/17327025-blackberries-6-oz,,,,,,,,,,,,,{'product_id': '17327025'},,,,,,,,,,,,,49713,15441,17327025,41.64645,-93.50272,2026-08-07T04:25:40.403917
2026-08-07T04:25:40.403917,aldi.us,strawberries,472-110,"Aldi, Altoona",50009,1,7,Always Fresh Jumbo Blueberries,Alpine Fresh,False,,5.05,,,,,,,,0.0,0,0,,,,,https://d2lnr5mha7bycj.cloudfront.net/product-image/file/large_26247d86-01ad-4977-9ea1-914258907783.jpg,,https://www.aldi.us/store/aldi/products/26291793-always-fresh-blueberries-jumbo-9-8-oz,,,,,,,,,,,,,{'product_id': '26291793'},,,,,,,,,,,,,49713,15441,26291793,41.64645,-93.50272,2026-08-07T04:25:40.403917
2026-08-07T04:25:40.403917,aldi.us,strawberries,472-110,"Aldi, Altoona",50009,1,10,Season's Choice Frozen Blueberries,Season'S Choice,False,,4.19,,,,,,,,0.0,0,0,,,,,https://d2lnr5mha7bycj.cloudfront.net/product-image/file/large_dbd15bb9-289a-469b-b6eb-15f75da67cfe.jpg,,https://www.aldi.us/store/aldi/products/20992234-season-s-choice-frozen-blueberries-24-oz,,,,,,,,,,,,,{'product_id': '20992234'},,,,,,,,,,,,,49713,15441,20992234,41.64645,-93.50272,2026-08-07T04:25:40.403917
2026-08-07T04:25:40.403917,aldi.us,strawberries,472-110,"Aldi, Altoona",50009,1,8,Organic Raspberries,,False,,3.75,,,,,,,,0.0,0,0,,,,,https://d2lnr5mha7bycj.cloudfront.net/product-image/file/large_b59a373a-b6e1-46f9-892a-74dbdf424453.jpg,,https://www.aldi.us/store/aldi/products/26402168-organic-raspberries-package-6-oz,,,,,,,,,,,,,{'product_id': '26402168'},,,,,,,,,,,,,49713,15441,26402168,41.64645,-93.50272,2026-08-07T04:25:40.403917
2026-08-07T04:25:40.403917,aldi.us,strawberries,472-110,"Aldi, Altoona",50009,1,9,"Organic Blackberries, Package",,False,,3.85,,,,,,,,0.0,0,0,,,,,https://d2lnr5mha7bycj.cloudfront.net/product-image/file/large_ab77e1e8-ac2b-4029-bbbc-de4407759198.jpg,,https://www.aldi.us/store/aldi/products/17327015-organic-blackberries-6-oz,,,,,,,,,,,,,{'product_id': '17327015'},,,,,,,,,,,,,49713,15441,17327015,41.64645,-93.50272,2026-08-07T04:25:40.403917
2026-08-07T04:25:40.403917,aldi.us,strawberries,472-110,"Aldi, Altoona",50009,1,13,"Simply Nature Frz Org Fruit Assort 24oz, Strawberries",Simply Nature,False,,5.99,,,,,,,,0.0,0,0,,,,,https://d2lnr5mha7bycj.cloudfront.net/product-image/file/large_251dff27-ea20-4ac9-ac91-36c6c6670ea4.jpg,,https://www.aldi.us/store/aldi/products/28033188-simply-nature-organic-stawberries-24-oz,,,,,,,,,,,,,{'product_id': '28033188'},,,,,,,,,,,,,49713,15441,28033188,41.64645,-93.50272,2026-08-07T04:25:40.403917
2026-08-07T04:25:40.403917,aldi.us,strawberries,472-110,"Aldi, Altoona",50009,1,14,Blueberries,Always Fresh,False,,1.99,,,,,,,,0.0,0,0,,,,,https://d2lnr5mha7bycj.cloudfront.net/product-image/file/large_ace7b58c-afbe-4fd8-a796-f362ddae724e.png,,https://www.aldi.us/store/aldi/products/26312015-always-fresh-farms-blueberries-11-oz,,,,,,,,,,,,,{'product_id': '26312015'},,,,,,,,,,,,,49713,15441,26312015,41.64645,-93.50272,2026-08-07T04:25:40.403917
2026-08-07T04:25:40.403917,aldi.us,strawberries,440-040,"Aldi, N. Aurora",60542,1,1,Fresh Organic Strawberries,,False,['Best seller'],3.85,,,,,,,,0.0,0,0,,,,,https://d2lnr5mha7bycj.cloudfront.net/product-image/file/large_981c3775-3850-4345-a457-6267bedc44fe.jpg,,https://www.aldi.us/store/aldi/products/17330344-organic-strawberries-package-1-lb,,,,,,,,,,,,,{'product_id': '17330344'},,,,,,,,,,,,,49713,15441,17330344,41.808895,-88.351792,2026-08-07T04:25:40.403917
2026-08-07T04:25:40.403917,aldi.us,strawberries,440-040,"Aldi, N. Aurora",60542,1,2,Strawberries 2 lb,Driscoll'S,False,,5.99,,,,,,,,0.0,0,0,,,,,https://d2lnr5mha7bycj.cloudfront.net/product-image/file/large_527f0d65-5c64-4f0f-8f85-6ba77431c835.jpg,,https://www.aldi.us/store/aldi/products/16521342-driscoll-s-strawberries-2-0-lb,,,,,,,,,,,,,{'product_id': '16521342'},,,,,,,,,,,,,49713,15441,16521342,41.808895,-88.351792,2026-08-07T04:25:40.403917
2026-08-07T04:25:40.403917,aldi.us,strawberries,440-040,"Aldi, N. Aurora",60542,1,10,"Organic Blackberries, Package",,False,,3.85,,,,,,,,0.0,0,0,,,,,https://d2lnr5mha7bycj.cloudfront.net/product-image/file/large_ab77e1e8-ac2b-4029-bbbc-de4407759198.jpg,,https://www.aldi.us/store/aldi/products/17327015-organic-blackberries-6-oz,,,,,,,,,,,,,{'product_id': '17327015'},,,,,,,,,,,,,49713,15441,17327015,41.808895,-88.351792,2026-08-07T04:25:40.403917
2026-08-07T04:25:40.403917,aldi.us,strawberries,440-040,"Aldi, N. Aurora",60542,1,14,Blueberries,Always Fresh,False,,1.99,,,,,,,,0.0,0,0,,,,,https://d2lnr5mha7bycj.cloudfront.net/product-image/file/large_ace7b58c-afbe-4fd8-a796-f362ddae724e.png,,https://www.aldi.us/store/aldi/products/26312015-always-fresh-farms-blueberries-11-oz,,,,,,,,,,,,,{'product_id': '26312015'},,,,,,,,,,,,,49713,15441,26312015,41.808895,-88.351792,2026-08-07T04:25:40.403917
2026-08-07T04:25:40.403917,aldi.us,strawberries,440-040,"Aldi, N. Aurora",60542,1,3,Season's Choice Frozen Strawberries,Season'S Choice,False,['Store choice'],4.75,,,,,,,,0.0,0,0,,,,,https://d2lnr5mha7bycj.cloudfront.net/product-image/file/large_dd5de610-2c33-4ccc-8006-2fa45862a390.jpg,,https://www.aldi.us/store/aldi/products/21001854-season-s-choice-frozen-strawberries-24-oz,,,,,,,,,,,,,{'product_id': '21001854'},,,,,,,,,,,,,49713,15441,21001854,41.808895,-88.351792,2026-08-07T04:25:40.403917
2026-08-07T04:25:40.403917,aldi.us,strawberries,440-040,"Aldi, N. Aurora",60542,1,4,"Raspberries, Package",,False,['Best seller'],2.99,,,,,,,,0.0,0,0,,,,,https://d2lnr5mha7bycj.cloudfront.net/product-image/file/large_1fc8c8b6-a4b4-49b8-a069-58f781b42176.jpg,,https://www.aldi.us/store/aldi/products/17327097-raspberries-package-6-oz,,,,,,,,,,,,,{'product_id': '17327097'},,,,,,,,,,,,,49713,15441,17327097,41.808895,-88.351792,2026-08-07T04:25:40.403917
2026-08-07T04:25:40.403917,aldi.us,strawberries,440-040,"Aldi, N. Aurora",60542,1,7,"Organic Blueberries, Package",,False,,4.39,,,,,,,,0.0,0,0,,,,,https://d2lnr5mha7bycj.cloudfront.net/product-image/file/large_f139ffda-daca-445a-b6bf-1789ee7a30f9.jpg,,https://www.aldi.us/store/aldi/products/17327146-organic-blueberries-package-1-pt,,,,,,,,,,,,,{'product_id': '17327146'},,,,,,,,,,,,,49713,15441,17327146,41.808895,-88.351792,2026-08-07T04:25:40.403917
2026-08-07T04:25:40.403917,aldi.us,strawberries,440-040,"Aldi, N. Aurora",60542,1,8,Always Fresh Jumbo Blueberries,Alpine Fresh,False,,5.05,,,,,,,,0.0,0,0,,,,,https://d2lnr5mha7bycj.cloudfront.net/product-image/file/large_26247d86-01ad-4977-9ea1-914258907783.jpg,,https://www.aldi.us/store/aldi/products/26291793-always-fresh-blueberries-jumbo-9-8-oz,,,,,,,,,,,,,{'product_id': '26291793'},,,,,,,,,,,,,49713,15441,26291793,41.808895,-88.351792,2026-08-07T04:25:40.403917
2026-08-07T04:25:40.403917,aldi.us,strawberries,440-040,"Aldi, N. Aurora",60542,1,9,Organic Raspberries,,False,,3.75,,,,,,,,0.0,0,0,,,,,https://d2lnr5mha7bycj.cloudfront.net/product-image/file/large_b59a373a-b6e1-46f9-892a-74dbdf424453.jpg,,https://www.aldi.us/store/aldi/products/26402168-organic-raspberries-package-6-oz,,,,,,,,,,,,,{'product_id': '26402168'},,,,,,,,,,,,,49713,15441,26402168,41.808895,-88.351792,2026-08-07T04:25:40.403917
2026-08-07T04:25:40.403917,aldi.us,strawberries,440-040,"Aldi, N. Aurora",60542,1,12,Strawberries,,False,,2.55,,,,,,,,0.0,0,0,,,,,https://d2lnr5mha7bycj.cloudfront.net/product-image/file/large_6086628f-8982-49f1-a41c-1174cb4d8aa4.jpg,,https://www.aldi.us/store/aldi/products/16383764-whole-strawberries-1-lb,,,,,,,,,,,,,{'product_id': '16383764'},,,,,,,,,,,,,49713,15441,16383764,41.808895,-88.351792,2026-08-07T04:25:40.403917
2026-08-07T04:25:40.403917,aldi.us,strawberries,440-040,"Aldi, N. Aurora",60542,1,13,"Simply Nature Frz Org Fruit Assort 24oz, Strawberries",Simply Nature,False,,5.99,,,,,,,,0.0,0,0,,,,,https://d2lnr5mha7bycj.cloudfront.net/product-image/file/large_251dff27-ea20-4ac9-ac91-36c6c6670ea4.jpg,,https://www.aldi.us/store/aldi/products/28033188-simply-nature-organic-stawberries-24-oz,,,,,,,,,,,,,{'product_id': '28033188'},,,,,,,,,,,,,49713,15441,28033188,41.808895,-88.351792,2026-08-07T04:25:40.403917
2026-08-07T04:25:40.403917,aldi.us,strawberries,440-040,"Aldi, N. Aurora",60542,1,5,"Blackberries, Package",,False,,2.55,,,,,,,,0.0,0,0,,,,,https://d2lnr5mha7bycj.cloudfront.net/product-image/file/large_32cfc106-82ee-4848-afd6-327702583c22.jpg,,https://www.aldi.us/store/aldi/products/17327025-blackberries-6-oz,,,,,,,,,,,,,{'product_id': '17327025'},,,,,,,,,,,,,49713,15441,17327025,41.808895,-88.351792,2026-08-07T04:25:40.403917
2026-08-07T04:25:40.403917,aldi.us,strawberries,440-040,"Aldi, N. Aurora",60542,1,6,Southern Grove Strawberry,Southern Grove,False,,3.85,,,,,,,,0.0,0,0,,,,,https://d2lnr5mha7bycj.cloudfront.net/product-image/file/large_dd06e1cd-7a1d-433c-9379-3f703199d9cb.jpg,,https://www.aldi.us/store/aldi/products/113102276-southern-grove-strawberry-6-oz,,,,,,,,,,,,,{'product_id': '113102276'},,,,,,,,,,,,,49713,15441,113102276,41.808895,-88.351792,2026-08-07T04:25:40.403917
2026-08-07T04:25:40.403917,aldi.us,strawberries,440-040,"Aldi, N. Aurora",60542,1,11,Season's Choice Frozen Blueberries,Season'S Choice,False,,4.19,,,,,,,,0.0,0,0,,,,,https://d2lnr5mha7bycj.cloudfront.net/product-image/file/large_dbd15bb9-289a-469b-b6eb-15f75da67cfe.jpg,,https://www.aldi.us/store/aldi/products/20992234-season-s-choice-frozen-blueberries-24-oz,,,,,,,,,,,,,{'product_id': '20992234'},,,,,,,,,,,,,49713,15441,20992234,41.808895,-88.351792,2026-08-07T04:25:40.403917
2026-08-07T04:25:40.403917,aldi.us,strawberries,462-044,"Aldi, South Holland",60473,1,1,Fresh Organic Strawberries,,False,['Best seller'],3.85,,,,,,,,0.0,0,0,,,,,https://d2lnr5mha7bycj.cloudfront.net/product-image/file/large_981c3775-3850-4345-a457-6267bedc44fe.jpg,,https://www.aldi.us/store/aldi/products/17330344-organic-strawberries-package-1-lb,,,,,,,,,,,,,{'product_id': '17330344'},,,,,,,,,,,,,49713,15441,17330344,41.600328,-87.591021,2026-08-07T04:25:40.403917
2026-08-07T04:25:40.403917,aldi.us,strawberries,462-044,"Aldi, South Holland",60473,1,2,Simply Nature Freeze Dried Strawberries,Simply Nature,False,,3.29,,,,,,,,0.0,0,0,,,,,https://d2lnr5mha7bycj.cloudfront.net/product-image/file/large_ed967d0f-b874-4ea5-8fa1-5ae8dc90c17a.jpg,,https://www.aldi.us/store/aldi/products/18649280-simplynature-freeze-dried-strawberries-1-2-oz,,,,,,,,,,,,,{'product_id': '18649280'},,,,,,,,,,,,,49713,15441,18649280,41.600328,-87.591021,2026-08-07T04:25:40.403917
2026-08-07T04:25:40.403917,aldi.us,strawberries,462-044,"Aldi, South Holland",60473,1,6,"Organic Blueberries, Package",,False,,4.39,,,,,,,,0.0,0,0,,,,,https://d2lnr5mha7bycj.cloudfront.net/product-image/file/large_f139ffda-daca-445a-b6bf-1789ee7a30f9.jpg,,https://www.aldi.us/store/aldi/products/17327146-organic-blueberries-package-1-pt,,,,,,,,,,,,,{'product_id': '17327146'},,,,,,,,,,,,,49713,15441,17327146,41.600328,-87.591021,2026-08-07T04:25:40.403917
2026-08-07T04:25:40.403917,aldi.us,strawberries,462-044,"Aldi, South Holland",60473,1,9,"Organic Blackberries, Package",,False,,3.85,,,,,,,,0.0,0,0,,,,,https://d2lnr5mha7bycj.cloudfront.net/product-image/file/large_ab77e1e8-ac2b-4029-bbbc-de4407759198.jpg,,https://www.aldi.us/store/aldi/products/17327015-organic-blackberries-6-oz,,,,,,,,,,,,,{'product_id': '17327015'},,,,,,,,,,,,,49713,15441,17327015,41.600328,-87.591021,2026-08-07T04:25:40.403917
2026-08-07T04:25:40.403917,aldi.us,strawberries,462-044,"Aldi, South Holland",60473,1,13,"Simply Nature Frz Org Fruit Assort 24oz, Strawberries",Simply Nature,False,,5.99,,,,,,,,0.0,0,0,,,,,https://d2lnr5mha7bycj.cloudfront.net/product-image/file/large_251dff27-ea20-4ac9-ac91-36c6c6670ea4.jpg,,https://www.aldi.us/store/aldi/products/28033188-simply-nature-organic-stawberries-24-oz,,,,,,,,,,,,,{'product_id': '28033188'},,,,,,,,,,,,,49713,15441,28033188,41.600328,-87.591021,2026-08-07T04:25:40.403917
2026-08-07T04:25:40.403917,aldi.us,strawberries,462-044,"Aldi, South Holland",60473,1,14,Blueberries,Always Fresh,False,,1.99,,,,,,,,0.0,0,0,,,,,https://d2lnr5mha7bycj.cloudfront.net/product-image/file/large_ace7b58c-afbe-4fd8-a796-f362ddae724e.png,,https://www.aldi.us/store/aldi/products/26312015-always-fresh-farms-blueberries-11-oz,,,,,,,,,,,,,{'product_id': '26312015'},,,,,,,,,,,,,49713,15441,26312015,41.600328,-87.591021,2026-08-07T04:25:40.403917
2026-08-07T04:25:40.403917,aldi.us,strawberries,462-044,"Aldi, South Holland",60473,1,3,"Raspberries, Package",,False,['Best seller'],2.99,,,,,,,,0.0,0,0,,,,,https://d2lnr5mha7bycj.cloudfront.net/product-image/file/large_1fc8c8b6-a4b4-49b8-a069-58f781b42176.jpg,,https://www.aldi.us/store/aldi/products/17327097-raspberries-package-6-oz,,,,,,,,,,,,,{'product_id': '17327097'},,,,,,,,,,,,,49713,15441,17327097,41.600328,-87.591021,2026-08-07T04:25:40.403917
2026-08-07T04:25:40.403917,aldi.us,strawberries,462-044,"Aldi, South Holland",60473,1,4,"Blackberries, Package",,False,,2.55,,,,,,,,0.0,0,0,,,,,https://d2lnr5mha7bycj.cloudfront.net/product-image/file/large_32cfc106-82ee-4848-afd6-327702583c22.jpg,,https://www.aldi.us/store/aldi/products/17327025-blackberries-6-oz,,,,,,,,,,,,,{'product_id': '17327025'},,,,,,,,,,,,,49713,15441,17327025,41.600328,-87.591021,2026-08-07T04:25:40.403917
2026-08-07T04:25:40.403917,aldi.us,strawberries,462-044,"Aldi, South Holland",60473,1,10,Season's Choice Frozen Blueberries,Season'S Choice,False,,4.19,,,,,,,,0.0,0,0,,,,,https://d2lnr5mha7bycj.cloudfront.net/product-image/file/large_dbd15bb9-289a-469b-b6eb-15f75da67cfe.jpg,,https://www.aldi.us/store/aldi/products/20992234-season-s-choice-frozen-blueberries-24-oz,,,,,,,,,,,,,{'product_id': '20992234'},,,,,,,,,,,,,49713,15441,20992234,41.600328,-87.591021,2026-08-07T04:25:40.403917
2026-08-07T04:25:40.403917,aldi.us,strawberries,462-044,"Aldi, South Holland",60473,1,11,Strawberries,,False,,2.55,,,,,,,,0.0,0,0,,,,,https://d2lnr5mha7bycj.cloudfront.net/product-image/file/large_6086628f-8982-49f1-a41c-1174cb4d8aa4.jpg,,https://www.aldi.us/store/aldi/products/16383764-whole-strawberries-1-lb,,,,,,,,,,,,,{'product_id': '16383764'},,,,,,,,,,,,,49713,15441,16383764,41.600328,-87.591021,2026-08-07T04:25:40.403917
2026-08-07T04:25:40.403917,aldi.us,strawberries,462-044,"Aldi, South Holland",60473,1,5,Southern Grove Strawberry,Southern Grove,False,,3.85,,,,,,,,0.0,0,0,,,,,https://d2lnr5mha7bycj.cloudfront.net/product-image/file/large_dd06e1cd-7a1d-433c-9379-3f703199d9cb.jpg,,https://www.aldi.us/store/aldi/products/113102276-southern-grove-strawberry-6-oz,,,,,,,,,,,,,{'product_id': '113102276'},,,,,,,,,,,,,49713,15441,113102276,41.600328,-87.591021,2026-08-07T04:25:40.403917
2026-08-07T04:25:40.403917,aldi.us,strawberries,462-044,"Aldi, South Holland",60473,1,12,Season's Choice Frozen Strawberries,Season'S Choice,False,,4.75,,,,,,,,0.0,0,0,,,,,https://d2lnr5mha7bycj.cloudfront.net/product-image/file/large_dd5de610-2c33-4ccc-8006-2fa45862a390.jpg,,https://www.aldi.us/store/aldi/products/21001854-season-s-choice-frozen-strawberries-24-oz,,,,,,,,,,,,,{'product_id': '21001854'},,,,,,,,,,,,,49713,15441,21001854,41.600328,-87.591021,2026-08-07T04:25:40.403917
2026-08-07T04:25:40.403917,aldi.us,strawberries,462-044,"Aldi, South Holland",60473,1,7,Always Fresh Jumbo Blueberries,Alpine Fresh,False,,5.05,,,,,,,,0.0,0,0,,,,,https://d2lnr5mha7bycj.cloudfront.net/product-image/file/large_26247d86-01ad-4977-9ea1-914258907783.jpg,,https://www.aldi.us/store/aldi/products/26291793-always-fresh-blueberries-jumbo-9-8-oz,,,,,,,,,,,,,{'product_id': '26291793'},,,,,,,,,,,,,49713,15441,26291793,41.600328,-87.591021,2026-08-07T04:25:40.403917
2026-08-07T04:25:40.403917,aldi.us,strawberries,462-044,"Aldi, South Holland",60473,1,8,Organic Raspberries,,False,,3.75,,,,,,,,0.0,0,0,,,,,https://d2lnr5mha7bycj.cloudfront.net/product-image/file/large_b59a373a-b6e1-46f9-892a-74dbdf424453.jpg,,https://www.aldi.us/store/aldi/products/26402168-organic-raspberries-package-6-oz,,,,,,,,,,,,,{'product_id': '26402168'},,,,,,,,,,,,,49713,15441,26402168,41.600328,-87.591021,2026-08-07T04:25:40.403917
2026-08-07T04:25:40.403917,aldi.us,strawberries,474-070,"Aldi, Saint. Petersburg",33711,1,1,Fresh Organic Strawberries,,False,['Best seller'],3.85,,,,,,,,0.0,0,0,,,,,https://d2lnr5mha7bycj.cloudfront.net/product-image/file/large_981c3775-3850-4345-a457-6267bedc44fe.jpg,,https://www.aldi.us/store/aldi/products/17330344-organic-strawberries-package-1-lb,,,,,,,,,,,,,{'product_id': '17330344'},,,,,,,,,,,,,49713,15441,17330344,27.741936,-82.678362,2026-08-07T04:25:40.403917
2026-08-07T04:25:40.403917,aldi.us,strawberries,474-070,"Aldi, Saint. Petersburg",33711,1,4,"Blackberries, Package",,False,,2.55,,,,,,,,0.0,0,0,,,,,https://d2lnr5mha7bycj.cloudfront.net/product-image/file/large_32cfc106-82ee-4848-afd6-327702583c22.jpg,,https://www.aldi.us/store/aldi/products/17327025-blackberries-6-oz,,,,,,,,,,,,,{'product_id': '17327025'},,,,,,,,,,,,,49713,15441,17327025,27.741936,-82.678362,2026-08-07T04:25:40.403917
2026-08-07T04:25:40.403917,aldi.us,strawberries,474-070,"Aldi, Saint. Petersburg",33711,1,7,"Organic Blueberries, Package",,False,,4.39,,,,,,,,0.0,0,0,,,,,https://d2lnr5mha7bycj.cloudfront.net/product-image/file/large_f139ffda-daca-445a-b6bf-1789ee7a30f9.jpg,,https://www.aldi.us/store/aldi/products/17327146-organic-blueberries-package-1-pt,,,,,,,,,,,,,{'product_id': '17327146'},,,,,,,,,,,,,49713,15441,17327146,27.741936,-82.678362,2026-08-07T04:25:40.403917
2026-08-07T04:25:40.403917,aldi.us,strawberries,474-070,"Aldi, Saint. Petersburg",33711,1,8,Always Fresh Jumbo Blueberries,Alpine Fresh,False,,5.05,,,,,,,,0.0,0,0,,,,,https://d2lnr5mha7bycj.cloudfront.net/product-image/file/large_26247d86-01ad-4977-9ea1-914258907783.jpg,,https://www.aldi.us/store/aldi/products/26291793-always-fresh-blueberries-jumbo-9-8-oz,,,,,,,,,,,,,{'product_id': '26291793'},,,,,,,,,,,,,49713,15441,26291793,27.741936,-82.678362,2026-08-07T04:25:40.403917
2026-08-07T04:25:40.403917,aldi.us,strawberries,474-070,"Aldi, Saint. Petersburg",33711,1,2,Season's Choice Frozen Strawberries,Season'S Choice,False,['Store choice'],4.75,,,,,,,,0.0,0,0,,,,,https://d2lnr5mha7bycj.cloudfront.net/product-image/file/large_dd5de610-2c33-4ccc-8006-2fa45862a390.jpg,,https://www.aldi.us/store/aldi/products/21001854-season-s-choice-frozen-strawberries-24-oz,,,,,,,,,,,,,{'product_id': '21001854'},,,,,,,,,,,,,49713,15441,21001854,27.741936,-82.678362,2026-08-07T04:25:40.403917
2026-08-07T04:25:40.403917,aldi.us,strawberries,474-070,"Aldi, Saint. Petersburg",33711,1,9,Organic Raspberries,,False,,3.75,,,,,,,,0.0,0,0,,,,,https://d2lnr5mha7bycj.cloudfront.net/product-image/file/large_b59a373a-b6e1-46f9-892a-74dbdf424453.jpg,,https://www.aldi.us/store/aldi/products/26402168-organic-raspberries-package-6-oz,,,,,,,,,,,,,{'product_id': '26402168'},,,,,,,,,,,,,49713,15441,26402168,27.741936,-82.678362,2026-08-07T04:25:40.403917
2026-08-07T04:25:40.403917,aldi.us,strawberries,474-070,"Aldi, Saint. Petersburg",33711,1,10,"Organic Blackberries, Package",,False,,3.85,,,,,,,,0.0,0,0,,,,,https://d2lnr5mha7bycj.cloudfront.net/product-image/file/large_ab77e1e8-ac2b-4029-bbbc-de4407759198.jpg,,https://www.aldi.us/store/aldi/products/17327015-organic-blackberries-6-oz,,,,,,,,,,,,,{'product_id': '17327015'},,,,,,,,,,,,,49713,15441,17327015,27.741936,-82.678362,2026-08-07T04:25:40.403917
2026-08-07T04:25:40.403917,aldi.us,strawberries,474-070,"Aldi, Saint. Petersburg",33711,1,3,Simply Nature Freeze Dried Strawberries,Simply Nature,False,,3.29,,,,,,,,0.0,0,0,,,,,https://d2lnr5mha7bycj.cloudfront.net/product-image/file/large_ed967d0f-b874-4ea5-8fa1-5ae8dc90c17a.jpg,,https://www.aldi.us/store/aldi/products/18649280-simplynature-freeze-dried-strawberries-1-2-oz,,,,,,,,,,,,,{'product_id': '18649280'},,,,,,,,,,,,,49713,15441,18649280,27.741936,-82.678362,2026-08-07T04:25:40.403917
2026-08-07T04:25:40.403917,aldi.us,strawberries,474-070,"Aldi, Saint. Petersburg",33711,1,5,"Raspberries, Package",,False,['Best seller'],2.99,,,,,,,,0.0,0,0,,,,,https://d2lnr5mha7bycj.cloudfront.net/product-image/file/large_1fc8c8b6-a4b4-49b8-a069-58f781b42176.jpg,,https://www.aldi.us/store/aldi/products/17327097-raspberries-package-6-oz,,,,,,,,,,,,,{'product_id': '17327097'},,,,,,,,,,,,,49713,15441,17327097,27.741936,-82.678362,2026-08-07T04:25:40.403917
2026-08-07T04:25:40.403917,aldi.us,strawberries,474-070,"Aldi, Saint. Petersburg",33711,1,6,Southern Grove Strawberry,Southern Grove,False,,3.85,,,,,,,,0.0,0,0,,,,,https://d2lnr5mha7bycj.cloudfront.net/product-image/file/large_dd06e1cd-7a1d-433c-9379-3f703199d9cb.jpg,,https://www.aldi.us/store/aldi/products/113102276-southern-grove-strawberry-6-oz,,,,,,,,,,,,,{'product_id': '113102276'},,,,,,,,,,,,,49713,15441,113102276,27.741936,-82.678362,2026-08-07T04:25:40.403917
2026-08-07T04:25:40.403917,aldi.us,strawberries,474-070,"Aldi, Saint. Petersburg",33711,1,11,Season's Choice Frozen Blueberries,Season'S Choice,False,,4.19,,,,,,,,0.0,0,0,,,,,https://d2lnr5mha7bycj.cloudfront.net/product-image/file/large_dbd15bb9-289a-469b-b6eb-15f75da67cfe.jpg,,https://www.aldi.us/store/aldi/products/20992234-season-s-choice-frozen-blueberries-24-oz,,,,,,,,,,,,,{'product_id': '20992234'},,,,,,,,,,,,,49713,15441,20992234,27.741936,-82.678362,2026-08-07T04:25:40.403917
2026-08-07T04:25:40.403917,aldi.us,strawberries,474-070,"Aldi, Saint. Petersburg",33711,1,12,Strawberries,,False,,2.55,,,,,,,,0.0,0,0,,,,,https://d2lnr5mha7bycj.cloudfront.net/product-image/file/large_6086628f-8982-49f1-a41c-1174cb4d8aa4.jpg,,https://www.aldi.us/store/aldi/products/16383764-whole-strawberries-1-lb,,,,,,,,,,,,,{'product_id': '16383764'},,,,,,,,,,,,,49713,15441,16383764,27.741936,-82.678362,2026-08-07T04:25:40.403917
2026-08-07T04:25:40.403917,aldi.us,strawberries,474-070,"Aldi, Saint. Petersburg",33711,1,14,Blueberries,Always Fresh,False,,1.99,,,,,,,,0.0,0,0,,,,,https://d2lnr5mha7bycj.cloudfront.net/product-image/file/large_ace7b58c-afbe-4fd8-a796-f362ddae724e.png,,https://www.aldi.us/store/aldi/products/26312015-always-fresh-farms-blueberries-11-oz,,,,,,,,,,,,,{'product_id': '26312015'},,,,,,,,,,,,,49713,15441,26312015,27.741936,-82.678362,2026-08-07T04:25:40.403917
2026-08-07T04:25:40.403917,aldi.us,strawberries,474-070,"Aldi, Saint. Petersburg",33711,1,13,"Simply Nature Frz Org Fruit Assort 24oz, Strawberries",Simply Nature,False,,5.99,,,,,,,,0.0,0,0,,,,,https://d2lnr5mha7bycj.cloudfront.net/product-image/file/large_251dff27-ea20-4ac9-ac91-36c6c6670ea4.jpg,,https://www.aldi.us/store/aldi/products/28033188-simply-nature-organic-stawberries-24-oz,,,,,,,,,,,,,{'product_id': '28033188'},,,,,,,,,,,,,49713,15441,28033188,27.741936,-82.678362,2026-08-07T04:25:40.403917
2026-08-07T04:25:40.403917,aldi.us,strawberries,441-090,"Aldi, Batesville",72501,1,1,Fresh Organic Strawberries,,False,['Best seller'],3.85,,,,,,,,0.0,0,0,,,,,https://d2lnr5mha7bycj.cloudfront.net/product-image/file/large_981c3775-3850-4345-a457-6267bedc44fe.jpg,,https://www.aldi.us/store/aldi/products/17330344-organic-strawberries-package-1-lb,,,,,,,,,,,,,{'product_id': '17330344'},,,,,,,,,,,,,49713,15441,17330344,35.76532,-91.61295,2026-08-07T04:25:40.403917
2026-08-07T04:25:40.403917,aldi.us,strawberries,441-090,"Aldi, Batesville",72501,1,2,Season's Choice Frozen Strawberries,Season'S Choice,False,['Store choice'],4.75,,,,,,,,0.0,0,0,,,,,https://d2lnr5mha7bycj.cloudfront.net/product-image/file/large_dd5de610-2c33-4ccc-8006-2fa45862a390.jpg,,https://www.aldi.us/store/aldi/products/21001854-season-s-choice-frozen-strawberries-24-oz,,,,,,,,,,,,,{'product_id': '21001854'},,,,,,,,,,,,,49713,15441,21001854,35.76532,-91.61295,2026-08-07T04:25:40.403917
2026-08-07T04:25:40.403917,aldi.us,strawberries,441-090,"Aldi, Batesville",72501,1,3,"Blackberries, Package",,False,,2.55,,,,,,,,0.0,0,0,,,,,https://d2lnr5mha7bycj.cloudfront.net/product-image/file/large_32cfc106-82ee-4848-afd6-327702583c22.jpg,,https://www.aldi.us/store/aldi/products/17327025-blackberries-6-oz,,,,,,,,,,,,,{'product_id': '17327025'},,,,,,,,,,,,,49713,15441,17327025,35.76532,-91.61295,2026-08-07T04:25:40.403917
2026-08-07T04:25:55.925363,aldi.us,strawberries,441-090,"Aldi, Batesville",72501,1,6,"Organic Blueberries, Package",,False,,4.39,,,,,,,,0.0,0,0,,,,,https://d2lnr5mha7bycj.cloudfront.net/product-image/file/large_f139ffda-daca-445a-b6bf-1789ee7a30f9.jpg,,https://www.aldi.us/store/aldi/products/17327146-organic-blueberries-package-1-pt,,,,,,,,,,,,,{'product_id': '17327146'},,,,,,,,,,,,,49713,15441,17327146,35.76532,-91.61295,2026-08-07T04:25:55.925363
2026-08-07T04:25:55.925363,aldi.us,strawberries,441-090,"Aldi, Batesville",72501,1,9,Season's Choice Frozen Blueberries,Season'S Choice,False,,4.19,,,,,,,,0.0,0,0,,,,,https://d2lnr5mha7bycj.cloudfront.net/product-image/file/large_dbd15bb9-289a-469b-b6eb-15f75da67cfe.jpg,,https://www.aldi.us/store/aldi/products/20992234-season-s-choice-frozen-blueberries-24-oz,,,,,,,,,,,,,{'product_id': '20992234'},,,,,,,,,,,,,49713,15441,20992234,35.76532,-91.61295,2026-08-07T04:25:55.925363
2026-08-07T04:25:55.925363,aldi.us,strawberries,441-090,"Aldi, Batesville",72501,1,10,Organic Raspberries,,False,,3.75,,,,,,,,0.0,0,0,,,,,https://d2lnr5mha7bycj.cloudfront.net/product-image/file/large_b59a373a-b6e1-46f9-892a-74dbdf424453.jpg,,https://www.aldi.us/store/aldi/products/26402168-organic-raspberries-package-6-oz,,,,,,,,,,,,,{'product_id': '26402168'},,,,,,,,,,,,,49713,15441,26402168,35.76532,-91.61295,2026-08-07T04:25:55.925363
2026-08-07T04:25:55.925363,aldi.us,strawberries,441-090,"Aldi, Batesville",72501,1,4,"Raspberries, Package",,False,['Best seller'],2.99,,,,,,,,0.0,0,0,,,,,https://d2lnr5mha7bycj.cloudfront.net/product-image/file/large_1fc8c8b6-a4b4-49b8-a069-58f781b42176.jpg,,https://www.aldi.us/store/aldi/products/17327097-raspberries-package-6-oz,,,,,,,,,,,,,{'product_id': '17327097'},,,,,,,,,,,,,49713,15441,17327097,35.76532,-91.61295,2026-08-07T04:25:55.925363
2026-08-07T04:25:55.925363,aldi.us,strawberries,441-090,"Aldi, Batesville",72501,1,11,Strawberries,,False,,2.55,,,,,,,,0.0,0,0,,,,,https://d2lnr5mha7bycj.cloudfront.net/product-image/file/large_6086628f-8982-49f1-a41c-1174cb4d8aa4.jpg,,https://www.aldi.us/store/aldi/products/16383764-whole-strawberries-1-lb,,,,,,,,,,,,,{'product_id': '16383764'},,,,,,,,,,,,,49713,15441,16383764,35.76532,-91.61295,2026-08-07T04:25:55.925363
2026-08-07T04:25:55.925363,aldi.us,strawberries,441-090,"Aldi, Batesville",72501,1,13,Blueberries,Always Fresh,False,,1.99,,,,,,,,0.0,0,0,,,,,https://d2lnr5mha7bycj.cloudfront.net/product-image/file/large_ace7b58c-afbe-4fd8-a796-f362ddae724e.png,,https://www.aldi.us/store/aldi/products/26312015-always-fresh-farms-blueberries-11-oz,,,,,,,,,,,,,{'product_id': '26312015'},,,,,,,,,,,,,49713,15441,26312015,35.76532,-91.61295,2026-08-07T04:25:55.925363
2026-08-07T04:25:55.925363,aldi.us,strawberries,441-090,"Aldi, Batesville",72501,1,5,Southern Grove Strawberry,Southern Grove,False,,3.85,,,,,,,,0.0,0,0,,,,,https://d2lnr5mha7bycj.cloudfront.net/product-image/file/large_dd06e1cd-7a1d-433c-9379-3f703199d9cb.jpg,,https://www.aldi.us/store/aldi/products/113102276-southern-grove-strawberry-6-oz,,,,,,,,,,,,,{'product_id': '113102276'},,,,,,,,,,,,,49713,15441,113102276,35.76532,-91.61295,2026-08-07T04:25:55.925363
2026-08-07T04:25:55.925363,aldi.us,strawberries,441-090,"Aldi, Batesville",72501,1,12,"Simply Nature Frz Org Fruit Assort 24oz, Strawberries",Simply Nature,False,,5.99,,,,,,,,0.0,0,0,,,,,https://d2lnr5mha7bycj.cloudfront.net/product-image/file/large_251dff27-ea20-4ac9-ac91-36c6c6670ea4.jpg,,https://www.aldi.us/store/aldi/products/28033188-simply-nature-organic-stawberries-24-oz,,,,,,,,,,,,,{'product_id': '28033188'},,,,,,,,,,,,,49713,15441,28033188,35.76532,-91.61295,2026-08-07T04:25:55.925363
2026-08-07T04:25:55.925363,aldi.us,strawberries,441-090,"Aldi, Batesville",72501,1,7,Always Fresh Jumbo Blueberries,Alpine Fresh,False,,5.05,,,,,,,,0.0,0,0,,,,,https://d2lnr5mha7bycj.cloudfront.net/product-image/file/large_26247d86-01ad-4977-9ea1-914258907783.jpg,,https://www.aldi.us/store/aldi/products/26291793-always-fresh-blueberries-jumbo-9-8-oz,,,,,,,,,,,,,{'product_id': '26291793'},,,,,,,,,,,,,49713,15441,26291793,35.76532,-91.61295,2026-08-07T04:25:55.925363
2026-08-07T04:25:55.925363,aldi.us,strawberries,441-090,"Aldi, Batesville",72501,1,8,"Organic Blackberries, Package",,False,,3.85,,,,,,,,0.0,0,0,,,,,https://d2lnr5mha7bycj.cloudfront.net/product-image/file/large_ab77e1e8-ac2b-4029-bbbc-de4407759198.jpg,,https://www.aldi.us/store/aldi/products/17327015-organic-blackberries-6-oz,,,,,,,,,,,,,{'product_id': '17327015'},,,,,,,,,,,,,49713,15441,17327015,35.76532,-91.61295,2026-08-07T04:25:55.925363
2026-08-07T04:25:55.925363,aldi.us,strawberries,477-014,"Aldi, Kendall",33196,1,1,Fresh Organic Strawberries,,False,['Best seller'],3.85,,,,,,,,0.0,0,0,,,,,https://d2lnr5mha7bycj.cloudfront.net/product-image/file/large_981c3775-3850-4345-a457-6267bedc44fe.jpg,,https://www.aldi.us/store/aldi/products/17330344-organic-strawberries-package-1-lb,,,,,,,,,,,,,{'product_id': '17330344'},,,,,,,,,,,,,49713,15441,17330344,25.68273,-80.459684,2026-08-07T04:25:55.925363
2026-08-07T04:25:55.925363,aldi.us,strawberries,477-014,"Aldi, Kendall",33196,1,9,Organic Raspberries,,False,,3.75,,,,,,,,0.0,0,0,,,,,https://d2lnr5mha7bycj.cloudfront.net/product-image/file/large_b59a373a-b6e1-46f9-892a-74dbdf424453.jpg,,https://www.aldi.us/store/aldi/products/26402168-organic-raspberries-package-6-oz,,,,,,,,,,,,,{'product_id': '26402168'},,,,,,,,,,,,,49713,15441,26402168,25.68273,-80.459684,2026-08-07T04:25:55.925363
2026-08-07T04:25:55.925363,aldi.us,strawberries,477-014,"Aldi, Kendall",33196,1,10,"Organic Blackberries, Package",,False,,3.85,,,,,,,,0.0,0,0,,,,,https://d2lnr5mha7bycj.cloudfront.net/product-image/file/large_ab77e1e8-ac2b-4029-bbbc-de4407759198.jpg,,https://www.aldi.us/store/aldi/products/17327015-organic-blackberries-6-oz,,,,,,,,,,,,,{'product_id': '17327015'},,,,,,,,,,,,,49713,15441,17327015,25.68273,-80.459684,2026-08-07T04:25:55.925363
2026-08-07T04:25:55.925363,aldi.us,strawberries,477-014,"Aldi, Kendall",33196,1,2,Season's Choice Frozen Strawberries,Season'S Choice,False,['Store choice'],4.75,,,,,,,,0.0,0,0,,,,,https://d2lnr5mha7bycj.cloudfront.net/product-image/file/large_dd5de610-2c33-4ccc-8006-2fa45862a390.jpg,,https://www.aldi.us/store/aldi/products/21001854-season-s-choice-frozen-strawberries-24-oz,,,,,,,,,,,,,{'product_id': '21001854'},,,,,,,,,,,,,49713,15441,21001854,25.68273,-80.459684,2026-08-07T04:25:55.925363
2026-08-07T04:25:55.925363,aldi.us,strawberries,477-014,"Aldi, Kendall",33196,1,3,Simply Nature Freeze Dried Strawberries,Simply Nature,False,,3.29,,,,,,,,0.0,0,0,,,,,https://d2lnr5mha7bycj.cloudfront.net/product-image/file/large_ed967d0f-b874-4ea5-8fa1-5ae8dc90c17a.jpg,,https://www.aldi.us/store/aldi/products/18649280-simplynature-freeze-dried-strawberries-1-2-oz,,,,,,,,,,,,,{'product_id': '18649280'},,,,,,,,,,,,,49713,15441,18649280,25.68273,-80.459684,2026-08-07T04:25:55.925363
2026-08-07T04:25:55.925363,aldi.us,strawberries,477-014,"Aldi, Kendall",33196,1,4,"Raspberries, Package",,False,['Best seller'],2.99,,,,,,,,0.0,0,0,,,,,https://d2lnr5mha7bycj.cloudfront.net/product-image/file/large_1fc8c8b6-a4b4-49b8-a069-58f781b42176.jpg,,https://www.aldi.us/store/aldi/products/17327097-raspberries-package-6-oz,,,,,,,,,,,,,{'product_id': '17327097'},,,,,,,,,,,,,49713,15441,17327097,25.68273,-80.459684,2026-08-07T04:25:55.925363
2026-08-07T04:25:55.925363,aldi.us,strawberries,477-014,"Aldi, Kendall",33196,1,5,"Blackberries, Package",,False,,2.55,,,,,,,,0.0,0,0,,,,,https://d2lnr5mha7bycj.cloudfront.net/product-image/file/large_32cfc106-82ee-4848-afd6-327702583c22.jpg,,https://www.aldi.us/store/aldi/products/17327025-blackberries-6-oz,,,,,,,,,,,,,{'product_id': '17327025'},,,,,,,,,,,,,49713,15441,17327025,25.68273,-80.459684,2026-08-07T04:25:55.925363
2026-08-07T04:25:55.925363,aldi.us,strawberries,477-014,"Aldi, Kendall",33196,1,6,Southern Grove Strawberry,Southern Grove,False,,3.85,,,,,,,,0.0,0,0,,,,,https://d2lnr5mha7bycj.cloudfront.net/product-image/file/large_dd06e1cd-7a1d-433c-9379-3f703199d9cb.jpg,,https://www.aldi.us/store/aldi/products/113102276-southern-grove-strawberry-6-oz,,,,,,,,,,,,,{'product_id': '113102276'},,,,,,,,,,,,,49713,15441,113102276,25.68273,-80.459684,2026-08-07T04:25:55.925363
2026-08-07T04:25:55.925363,aldi.us,strawberries,477-014,"Aldi, Kendall",33196,1,7,"Organic Blueberries, Package",,False,,4.39,,,,,,,,0.0,0,0,,,,,https://d2lnr5mha7bycj.cloudfront.net/product-image/file/large_f139ffda-daca-445a-b6bf-1789ee7a30f9.jpg,,https://www.aldi.us/store/aldi/products/17327146-organic-blueberries-package-1-pt,,,,,,,,,,,,,{'product_id': '17327146'},,,,,,,,,,,,,49713,15441,17327146,25.68273,-80.459684,2026-08-07T04:25:55.925363
2026-08-07T04:25:55.925363,aldi.us,strawberries,477-014,"Aldi, Kendall",33196,1,8,Always Fresh Jumbo Blueberries,Alpine Fresh,False,,5.05,,,,,,,,0.0,0,0,,,,,https://d2lnr5mha7bycj.cloudfront.net/product-image/file/large_26247d86-01ad-4977-9ea1-914258907783.jpg,,https://www.aldi.us/store/aldi/products/26291793-always-fresh-blueberries-jumbo-9-8-oz,,,,,,,,,,,,,{'product_id': '26291793'},,,,,,,,,,,,,49713,15441,26291793,25.68273,-80.459684,2026-08-07T04:25:55.925363
2026-08-07T04:25:55.925363,aldi.us,strawberries,477-014,"Aldi, Kendall",33196,1,11,Season's Choice Frozen Blueberries,Season'S Choice,False,,4.19,,,,,,,,0.0,0,0,,,,,https://d2lnr5mha7bycj.cloudfront.net/product-image/file/large_dbd15bb9-289a-469b-b6eb-15f75da67cfe.jpg,,https://www.aldi.us/store/aldi/products/20992234-season-s-choice-frozen-blueberries-24-oz,,,,,,,,,,,,,{'product_id': '20992234'},,,,,,,,,,,,,49713,15441,20992234,25.68273,-80.459684,2026-08-07T04:25:55.925363
2026-08-07T04:25:55.925363,aldi.us,strawberries,477-014,"Aldi, Kendall",33196,1,13,"Simply Nature Frz Org Fruit Assort 24oz, Strawberries",Simply Nature,False,,5.99,,,,,,,,0.0,0,0,,,,,https://d2lnr5mha7bycj.cloudfront.net/product-image/file/large_251dff27-ea20-4ac9-ac91-36c6c6670ea4.jpg,,https://www.aldi.us/store/aldi/products/28033188-simply-nature-organic-stawberries-24-oz,,,,,,,,,,,,,{'product_id': '28033188'},,,,,,,,,,,,,49713,15441,28033188,25.68273,-80.459684,2026-08-07T04:25:55.925363
2026-08-07T04:25:55.925363,aldi.us,strawberries,477-014,"Aldi, Kendall",33196,1,12,Strawberries,,False,,2.55,,,,,,,,0.0,0,0,,,,,https://d2lnr5mha7bycj.cloudfront.net/product-image/file/large_6086628f-8982-49f1-a41c-1174cb4d8aa4.jpg,,https://www.aldi.us/store/aldi/products/16383764-whole-strawberries-1-lb,,,,,,,,,,,,,{'product_id': '16383764'},,,,,,,,,,,,,49713,15441,16383764,25.68273,-80.459684,2026-08-07T04:25:55.925363
2026-08-07T04:25:55.925363,aldi.us,strawberries,477-014,"Aldi, Kendall",33196,1,14,Blueberries,Always Fresh,False,,1.99,,,,,,,,0.0,0,0,,,,,https://d2lnr5mha7bycj.cloudfront.net/product-image/file/large_ace7b58c-afbe-4fd8-a796-f362ddae724e.png,,https://www.aldi.us/store/aldi/products/26312015-always-fresh-farms-blueberries-11-oz,,,,,,,,,,,,,{'product_id': '26312015'},,,,,,,,,,,,,49713,15441,26312015,25.68273,-80.459684,2026-08-07T04:25:55.925363
2026-08-07T04:25:55.925363,aldi.us,strawberries,477-022,"Aldi, Cape Coral",33990,1,1,Fresh Organic Strawberries,,False,['Best seller'],3.85,,,,,,,,0.0,0,0,,,,,https://d2lnr5mha7bycj.cloudfront.net/product-image/file/large_981c3775-3850-4345-a457-6267bedc44fe.jpg,,https://www.aldi.us/store/aldi/products/17330344-organic-strawberries-package-1-lb,,,,,,,,,,,,,{'product_id': '17330344'},,,,,,,,,,,,,49713,15441,17330344,26.611386,-81.938757,2026-08-07T04:25:55.925363
2026-08-07T04:25:55.925363,aldi.us,strawberries,477-022,"Aldi, Cape Coral",33990,1,6,Southern Grove Strawberry,Southern Grove,False,,3.85,,,,,,,,0.0,0,0,,,,,https://d2lnr5mha7bycj.cloudfront.net/product-image/file/large_dd06e1cd-7a1d-433c-9379-3f703199d9cb.jpg,,https://www.aldi.us/store/aldi/products/113102276-southern-grove-strawberry-6-oz,,,,,,,,,,,,,{'product_id': '113102276'},,,,,,,,,,,,,49713,15441,113102276,26.611386,-81.938757,2026-08-07T04:25:55.925363
2026-08-07T04:25:55.925363,aldi.us,strawberries,477-022,"Aldi, Cape Coral",33990,1,11,Season's Choice Frozen Blueberries,Season'S Choice,False,,4.19,,,,,,,,0.0,0,0,,,,,https://d2lnr5mha7bycj.cloudfront.net/product-image/file/large_dbd15bb9-289a-469b-b6eb-15f75da67cfe.jpg,,https://www.aldi.us/store/aldi/products/20992234-season-s-choice-frozen-blueberries-24-oz,,,,,,,,,,,,,{'product_id': '20992234'},,,,,,,,,,,,,49713,15441,20992234,26.611386,-81.938757,2026-08-07T04:25:55.925363
2026-08-07T04:25:55.925363,aldi.us,strawberries,477-022,"Aldi, Cape Coral",33990,1,2,Season's Choice Frozen Strawberries,Season'S Choice,False,['Store choice'],4.75,,,,,,,,0.0,0,0,,,,,https://d2lnr5mha7bycj.cloudfront.net/product-image/file/large_dd5de610-2c33-4ccc-8006-2fa45862a390.jpg,,https://www.aldi.us/store/aldi/products/21001854-season-s-choice-frozen-strawberries-24-oz,,,,,,,,,,,,,{'product_id': '21001854'},,,,,,,,,,,,,49713,15441,21001854,26.611386,-81.938757,2026-08-07T04:25:55.925363
2026-08-07T04:25:55.925363,aldi.us,strawberries,477-022,"Aldi, Cape Coral",33990,1,3,Simply Nature Freeze Dried Strawberries,Simply Nature,False,,3.29,,,,,,,,0.0,0,0,,,,,https://d2lnr5mha7bycj.cloudfront.net/product-image/file/large_ed967d0f-b874-4ea5-8fa1-5ae8dc90c17a.jpg,,https://www.aldi.us/store/aldi/products/18649280-simplynature-freeze-dried-strawberries-1-2-oz,,,,,,,,,,,,,{'product_id': '18649280'},,,,,,,,,,,,,49713,15441,18649280,26.611386,-81.938757,2026-08-07T04:25:55.925363
2026-08-07T04:25:55.925363,aldi.us,strawberries,477-022,"Aldi, Cape Coral",33990,1,8,"Organic Blueberries, Package",,False,,4.39,,,,,,,,0.0,0,0,,,,,https://d2lnr5mha7bycj.cloudfront.net/product-image/file/large_f139ffda-daca-445a-b6bf-1789ee7a30f9.jpg,,https://www.aldi.us/store/aldi/products/17327146-organic-blueberries-package-1-pt,,,,,,,,,,,,,{'product_id': '17327146'},,,,,,,,,,,,,49713,15441,17327146,26.611386,-81.938757,2026-08-07T04:25:55.925363
2026-08-07T04:25:55.925363,aldi.us,strawberries,477-022,"Aldi, Cape Coral",33990,1,9,Organic Raspberries,,False,,3.75,,,,,,,,0.0,0,0,,,,,https://d2lnr5mha7bycj.cloudfront.net/product-image/file/large_b59a373a-b6e1-46f9-892a-74dbdf424453.jpg,,https://www.aldi.us/store/aldi/products/26402168-organic-raspberries-package-6-oz,,,,,,,,,,,,,{'product_id': '26402168'},,,,,,,,,,,,,49713,15441,26402168,26.611386,-81.938757,2026-08-07T04:25:55.925363
2026-08-07T04:25:55.925363,aldi.us,strawberries,477-022,"Aldi, Cape Coral",33990,1,10,"Organic Blackberries, Package",,False,,3.85,,,,,,,,0.0,0,0,,,,,https://d2lnr5mha7bycj.cloudfront.net/product-image/file/large_ab77e1e8-ac2b-4029-bbbc-de4407759198.jpg,,https://www.aldi.us/store/aldi/products/17327015-organic-blackberries-6-oz,,,,,,,,,,,,,{'product_id': '17327015'},,,,,,,,,,,,,49713,15441,17327015,26.611386,-81.938757,2026-08-07T04:25:55.925363
2026-08-07T04:25:55.925363,aldi.us,strawberries,477-022,"Aldi, Cape Coral",33990,1,12,Strawberries,,False,,2.55,,,,,,,,0.0,0,0,,,,,https://d2lnr5mha7bycj.cloudfront.net/product-image/file/large_6086628f-8982-49f1-a41c-1174cb4d8aa4.jpg,,https://www.aldi.us/store/aldi/products/16383764-whole-strawberries-1-lb,,,,,,,,,,,,,{'product_id': '16383764'},,,,,,,,,,,,,49713,15441,16383764,26.611386,-81.938757,2026-08-07T04:25:55.925363
2026-08-07T04:25:55.925363,aldi.us,strawberries,477-022,"Aldi, Cape Coral",33990,1,13,"Simply Nature Frz Org Fruit Assort 24oz, Strawberries",Simply Nature,False,,5.99,,,,,,,,0.0,0,0,,,,,https://d2lnr5mha7bycj.cloudfront.net/product-image/file/large_251dff27-ea20-4ac9-ac91-36c6c6670ea4.jpg,,https://www.aldi.us/store/aldi/products/28033188-simply-nature-organic-stawberries-24-oz,,,,,,,,,,,,,{'product_id': '28033188'},,,,,,,,,,,,,49713,15441,28033188,26.611386,-81.938757,2026-08-07T04:25:55.925363
2026-08-07T04:25:55.925363,aldi.us,strawberries,477-022,"Aldi, Cape Coral",33990,1,14,Blueberries,Always Fresh,False,,1.99,,,,,,,,0.0,0,0,,,,,https://d2lnr5mha7bycj.cloudfront.net/product-image/file/large_ace7b58c-afbe-4fd8-a796-f362ddae724e.png,,https://www.aldi.us/store/aldi/products/26312015-always-fresh-farms-blueberries-11-oz,,,,,,,,,,,,,{'product_id': '26312015'},,,,,,,,,,,,,49713,15441,26312015,26.611386,-81.938757,2026-08-07T04:25:55.925363
2026-08-07T04:25:55.925363,aldi.us,strawberries,477-022,"Aldi, Cape Coral",33990,1,4,"Raspberries, Package",,False,['Best seller'],2.99,,,,,,,,0.0,0,0,,,,,https://d2lnr5mha7bycj.cloudfront.net/product-image/file/large_1fc8c8b6-a4b4-49b8-a069-58f781b42176.jpg,,https://www.aldi.us/store/aldi/products/17327097-raspberries-package-6-oz,,,,,,,,,,,,,{'product_id': '17327097'},,,,,,,,,,,,,49713,15441,17327097,26.611386,-81.938757,2026-08-07T04:25:55.925363
2026-08-07T04:25:55.925363,aldi.us,strawberries,477-022,"Aldi, Cape Coral",33990,1,5,"Blackberries, Package",,False,,2.55,,,,,,,,0.0,0,0,,,,,https://d2lnr5mha7bycj.cloudfront.net/product-image/file/large_32cfc106-82ee-4848-afd6-327702583c22.jpg,,https://www.aldi.us/store/aldi/products/17327025-blackberries-6-oz,,,,,,,,,,,,,{'product_id': '17327025'},,,,,,,,,,,,,49713,15441,17327025,26.611386,-81.938757,2026-08-07T04:25:55.925363
2026-08-07T04:25:55.925363,aldi.us,strawberries,477-022,"Aldi, Cape Coral",33990,1,7,Always Fresh Jumbo Blueberries,Alpine Fresh,False,,5.05,,,,,,,,0.0,0,0,,,,,https://d2lnr5mha7bycj.cloudfront.net/product-image/file/large_26247d86-01ad-4977-9ea1-914258907783.jpg,,https://www.aldi.us/store/aldi/products/26291793-always-fresh-blueberries-jumbo-9-8-oz,,,,,,,,,,,,,{'product_id': '26291793'},,,,,,,,,,,,,49713,15441,26291793,26.611386,-81.938757,2026-08-07T04:25:55.925363
2026-08-07T04:25:55.925363,aldi.us,strawberries,473-094,"Aldi, Seabrook",03874,1,1,Fresh Organic Strawberries,,False,['Best seller'],3.85,,,,,,,,0.0,0,0,,,,,https://d2lnr5mha7bycj.cloudfront.net/product-image/file/large_981c3775-3850-4345-a457-6267bedc44fe.jpg,,https://www.aldi.us/store/aldi/products/17330344-organic-strawberries-package-1-lb,,,,,,,,,,,,,{'product_id': '17330344'},,,,,,,,,,,,,49713,15441,17330344,42.891914,-70.868752,2026-08-07T04:25:55.925363
2026-08-07T04:25:55.925363,aldi.us,strawberries,473-094,"Aldi, Seabrook",03874,1,4,Simply Nature Freeze Dried Strawberries,Simply Nature,False,,3.29,,,,,,,,0.0,0,0,,,,,https://d2lnr5mha7bycj.cloudfront.net/product-image/file/large_ed967d0f-b874-4ea5-8fa1-5ae8dc90c17a.jpg,,https://www.aldi.us/store/aldi/products/18649280-simplynature-freeze-dried-strawberries-1-2-oz,,,,,,,,,,,,,{'product_id': '18649280'},,,,,,,,,,,,,49713,15441,18649280,42.891914,-70.868752,2026-08-07T04:25:55.925363
2026-08-07T04:25:55.925363,aldi.us,strawberries,473-094,"Aldi, Seabrook",03874,1,11,"Organic Blackberries, Package",,False,,3.85,,,,,,,,0.0,0,0,,,,,https://d2lnr5mha7bycj.cloudfront.net/product-image/file/large_ab77e1e8-ac2b-4029-bbbc-de4407759198.jpg,,https://www.aldi.us/store/aldi/products/17327015-organic-blackberries-6-oz,,,,,,,,,,,,,{'product_id': '17327015'},,,,,,,,,,,,,49713,15441,17327015,42.891914,-70.868752,2026-08-07T04:25:55.925363
2026-08-07T04:25:55.925363,aldi.us,strawberries,473-094,"Aldi, Seabrook",03874,1,2,Strawberries,,False,,2.55,,,,,,,,0.0,0,0,,,,,https://d2lnr5mha7bycj.cloudfront.net/product-image/file/large_6086628f-8982-49f1-a41c-1174cb4d8aa4.jpg,,https://www.aldi.us/store/aldi/products/16383764-whole-strawberries-1-lb,,,,,,,,,,,,,{'product_id': '16383764'},,,,,,,,,,,,,49713,15441,16383764,42.891914,-70.868752,2026-08-07T04:25:55.925363
2026-08-07T04:25:55.925363,aldi.us,strawberries,473-094,"Aldi, Seabrook",03874,1,3,Season's Choice Frozen Strawberries,Season'S Choice,False,['Store choice'],4.75,,,,,,,,0.0,0,0,,,,,https://d2lnr5mha7bycj.cloudfront.net/product-image/file/large_dd5de610-2c33-4ccc-8006-2fa45862a390.jpg,,https://www.aldi.us/store/aldi/products/21001854-season-s-choice-frozen-strawberries-24-oz,,,,,,,,,,,,,{'product_id': '21001854'},,,,,,,,,,,,,49713,15441,21001854,42.891914,-70.868752,2026-08-07T04:25:55.925363
2026-08-07T04:25:55.925363,aldi.us,strawberries,473-094,"Aldi, Seabrook",03874,1,5,"Raspberries, Package",,False,['Best seller'],2.99,,,,,,,,0.0,0,0,,,,,https://d2lnr5mha7bycj.cloudfront.net/product-image/file/large_1fc8c8b6-a4b4-49b8-a069-58f781b42176.jpg,,https://www.aldi.us/store/aldi/products/17327097-raspberries-package-6-oz,,,,,,,,,,,,,{'product_id': '17327097'},,,,,,,,,,,,,49713,15441,17327097,42.891914,-70.868752,2026-08-07T04:25:55.925363
2026-08-07T04:25:55.925363,aldi.us,strawberries,473-094,"Aldi, Seabrook",03874,1,8,Always Fresh Jumbo Blueberries,Alpine Fresh,False,,5.05,,,,,,,,0.0,0,0,,,,,https://d2lnr5mha7bycj.cloudfront.net/product-image/file/large_26247d86-01ad-4977-9ea1-914258907783.jpg,,https://www.aldi.us/store/aldi/products/26291793-always-fresh-blueberries-jumbo-9-8-oz,,,,,,,,,,,,,{'product_id': '26291793'},,,,,,,,,,,,,49713,15441,26291793,42.891914,-70.868752,2026-08-07T04:25:55.925363
2026-08-07T04:25:55.925363,aldi.us,strawberries,473-094,"Aldi, Seabrook",03874,1,9,Blueberries,Always Fresh,False,,1.99,,,,,,,,0.0,0,0,,,,,https://d2lnr5mha7bycj.cloudfront.net/product-image/file/large_ace7b58c-afbe-4fd8-a796-f362ddae724e.png,,https://www.aldi.us/store/aldi/products/26312015-always-fresh-farms-blueberries-11-oz,,,,,,,,,,,,,{'product_id': '26312015'},,,,,,,,,,,,,49713,15441,26312015,42.891914,-70.868752,2026-08-07T04:25:55.925363
2026-08-07T04:25:55.925363,aldi.us,strawberries,473-094,"Aldi, Seabrook",03874,1,6,"Blackberries, Package",,False,,2.55,,,,,,,,0.0,0,0,,,,,https://d2lnr5mha7bycj.cloudfront.net/product-image/file/large_32cfc106-82ee-4848-afd6-327702583c22.jpg,,https://www.aldi.us/store/aldi/products/17327025-blackberries-6-oz,,,,,,,,,,,,,{'product_id': '17327025'},,,,,,,,,,,,,49713,15441,17327025,42.891914,-70.868752,2026-08-07T04:25:55.925363
2026-08-07T04:25:55.925363,aldi.us,strawberries,473-094,"Aldi, Seabrook",03874,1,7,"Organic Blueberries, Package",,False,,4.39,,,,,,,,0.0,0,0,,,,,https://d2lnr5mha7bycj.cloudfront.net/product-image/file/large_f139ffda-daca-445a-b6bf-1789ee7a30f9.jpg,,https://www.aldi.us/store/aldi/products/17327146-organic-blueberries-package-1-pt,,,,,,,,,,,,,{'product_id': '17327146'},,,,,,,,,,,,,49713,15441,17327146,42.891914,-70.868752,2026-08-07T04:25:55.925363
2026-08-07T04:25:55.925363,aldi.us,strawberries,473-094,"Aldi, Seabrook",03874,1,12,Season's Choice Frozen Blueberries,Season'S Choice,False,,4.19,,,,,,,,0.0,0,0,,,,,https://d2lnr5mha7bycj.cloudfront.net/product-image/file/large_dbd15bb9-289a-469b-b6eb-15f75da67cfe.jpg,,https://www.aldi.us/store/aldi/products/20992234-season-s-choice-frozen-blueberries-24-oz,,,,,,,,,,,,,{'product_id': '20992234'},,,,,,,,,,,,,49713,15441,20992234,42.891914,-70.868752,2026-08-07T04:25:55.925363
2026-08-07T04:25:55.925363,aldi.us,strawberries,473-094,"Aldi, Seabrook",03874,1,13,"Simply Nature Frz Org Fruit Assort 24oz, Strawberries",Simply Nature,False,,5.99,,,,,,,,0.0,0,0,,,,,https://d2lnr5mha7bycj.cloudfront.net/product-image/file/large_251dff27-ea20-4ac9-ac91-36c6c6670ea4.jpg,,https://www.aldi.us/store/aldi/products/28033188-simply-nature-organic-stawberries-24-oz,,,,,,,,,,,,,{'product_id': '28033188'},,,,,,,,,,,,,49713,15441,28033188,42.891914,-70.868752,2026-08-07T04:25:55.925363
2026-08-07T04:25:55.925363,aldi.us,strawberries,473-094,"Aldi, Seabrook",03874,1,10,Organic Raspberries,,False,,3.75,,,,,,,,0.0,0,0,,,,,https://d2lnr5mha7bycj.cloudfront.net/product-image/file/large_b59a373a-b6e1-46f9-892a-74dbdf424453.jpg,,https://www.aldi.us/store/aldi/products/26402168-organic-raspberries-package-6-oz,,,,,,,,,,,,,{'product_id': '26402168'},,,,,,,,,,,,,49713,15441,26402168,42.891914,-70.868752,2026-08-07T04:25:55.925363
2026-08-07T04:25:55.925363,aldi.us,strawberries,466-144,"Aldi, Irmo",29063,1,1,Fresh Organic Strawberries,,False,['Best seller'],3.85,,,,,,,,0.0,0,0,,,,,https://d2lnr5mha7bycj.cloudfront.net/product-image/file/large_981c3775-3850-4345-a457-6267bedc44fe.jpg,,https://www.aldi.us/store/aldi/products/17330344-organic-strawberries-package-1-lb,,,,,,,,,,,,,{'product_id': '17330344'},,,,,,,,,,,,,49713,15441,17330344,34.125597,-81.224105,2026-08-07T04:25:55.925363
2026-08-07T04:25:55.925363,aldi.us,strawberries,466-144,"Aldi, Irmo",29063,1,2,Season's Choice Frozen Strawberries,Season'S Choice,False,['Store choice'],4.75,,,,,,,,0.0,0,0,,,,,https://d2lnr5mha7bycj.cloudfront.net/product-image/file/large_dd5de610-2c33-4ccc-8006-2fa45862a390.jpg,,https://www.aldi.us/store/aldi/products/21001854-season-s-choice-frozen-strawberries-24-oz,,,,,,,,,,,,,{'product_id': '21001854'},,,,,,,,,,,,,49713,15441,21001854,34.125597,-81.224105,2026-08-07T04:25:55.925363
2026-08-07T04:25:55.925363,aldi.us,strawberries,466-144,"Aldi, Irmo",29063,1,10,Season's Choice Frozen Blueberries,Season'S Choice,False,,4.19,,,,,,,,0.0,0,0,,,,,https://d2lnr5mha7bycj.cloudfront.net/product-image/file/large_dbd15bb9-289a-469b-b6eb-15f75da67cfe.jpg,,https://www.aldi.us/store/aldi/products/20992234-season-s-choice-frozen-blueberries-24-oz,,,,,,,,,,,,,{'product_id': '20992234'},,,,,,,,,,,,,49713,15441,20992234,34.125597,-81.224105,2026-08-07T04:25:55.925363
2026-08-07T04:25:55.925363,aldi.us,strawberries,466-144,"Aldi, Irmo",29063,1,3,Simply Nature Freeze Dried Strawberries,Simply Nature,False,,3.29,,,,,,,,0.0,0,0,,,,,https://d2lnr5mha7bycj.cloudfront.net/product-image/file/large_ed967d0f-b874-4ea5-8fa1-5ae8dc90c17a.jpg,,https://www.aldi.us/store/aldi/products/18649280-simplynature-freeze-dried-strawberries-1-2-oz,,,,,,,,,,,,,{'product_id': '18649280'},,,,,,,,,,,,,49713,15441,18649280,34.125597,-81.224105,2026-08-07T04:25:55.925363
2026-08-07T04:25:55.925363,aldi.us,strawberries,466-144,"Aldi, Irmo",29063,1,6,Southern Grove Strawberry,Southern Grove,False,,3.85,,,,,,,,0.0,0,0,,,,,https://d2lnr5mha7bycj.cloudfront.net/product-image/file/large_dd06e1cd-7a1d-433c-9379-3f703199d9cb.jpg,,https://www.aldi.us/store/aldi/products/113102276-southern-grove-strawberry-6-oz,,,,,,,,,,,,,{'product_id': '113102276'},,,,,,,,,,,,,49713,15441,113102276,34.125597,-81.224105,2026-08-07T04:25:55.925363
2026-08-07T04:25:55.925363,aldi.us,strawberries,466-144,"Aldi, Irmo",29063,1,8,Always Fresh Jumbo Blueberries,Alpine Fresh,False,,5.05,,,,,,,,0.0,0,0,,,,,https://d2lnr5mha7bycj.cloudfront.net/product-image/file/large_26247d86-01ad-4977-9ea1-914258907783.jpg,,https://www.aldi.us/store/aldi/products/26291793-always-fresh-blueberries-jumbo-9-8-oz,,,,,,,,,,,,,{'product_id': '26291793'},,,,,,,,,,,,,49713,15441,26291793,34.125597,-81.224105,2026-08-07T04:25:55.925363
2026-08-07T04:25:55.925363,aldi.us,strawberries,466-144,"Aldi, Irmo",29063,1,9,"Organic Blackberries, Package",,False,,3.85,,,,,,,,0.0,0,0,,,,,https://d2lnr5mha7bycj.cloudfront.net/product-image/file/large_ab77e1e8-ac2b-4029-bbbc-de4407759198.jpg,,https://www.aldi.us/store/aldi/products/17327015-organic-blackberries-6-oz,,,,,,,,,,,,,{'product_id': '17327015'},,,,,,,,,,,,,49713,15441,17327015,34.125597,-81.224105,2026-08-07T04:25:55.925363
2026-08-07T04:25:55.925363,aldi.us,strawberries,466-144,"Aldi, Irmo",29063,1,12,"Simply Nature Frz Org Fruit Assort 24oz, Strawberries",Simply Nature,False,,5.99,,,,,,,,0.0,0,0,,,,,https://d2lnr5mha7bycj.cloudfront.net/product-image/file/large_251dff27-ea20-4ac9-ac91-36c6c6670ea4.jpg,,https://www.aldi.us/store/aldi/products/28033188-simply-nature-organic-stawberries-24-oz,,,,,,,,,,,,,{'product_id': '28033188'},,,,,,,,,,,,,49713,15441,28033188,34.125597,-81.224105,2026-08-07T04:25:55.925363
2026-08-07T04:25:55.925363,aldi.us,strawberries,466-144,"Aldi, Irmo",29063,1,5,"Raspberries, Package",,False,['Best seller'],2.99,,,,,,,,0.0,0,0,,,,,https://d2lnr5mha7bycj.cloudfront.net/product-image/file/large_1fc8c8b6-a4b4-49b8-a069-58f781b42176.jpg,,https://www.aldi.us/store/aldi/products/17327097-raspberries-package-6-oz,,,,,,,,,,,,,{'product_id': '17327097'},,,,,,,,,,,,,49713,15441,17327097,34.125597,-81.224105,2026-08-07T04:25:55.925363
2026-08-07T04:25:55.925363,aldi.us,strawberries,466-144,"Aldi, Irmo",29063,1,4,"Blackberries, Package",,False,,2.55,,,,,,,,0.0,0,0,,,,,https://d2lnr5mha7bycj.cloudfront.net/product-image/file/large_32cfc106-82ee-4848-afd6-327702583c22.jpg,,https://www.aldi.us/store/aldi/products/17327025-blackberries-6-oz,,,,,,,,,,,,,{'product_id': '17327025'},,,,,,,,,,,,,49713,15441,17327025,34.125597,-81.224105,2026-08-07T04:25:55.925363
2026-08-07T04:25:55.925363,aldi.us,strawberries,466-144,"Aldi, Irmo",29063,1,7,"Organic Blueberries, Package",,False,,4.39,,,,,,,,0.0,0,0,,,,,https://d2lnr5mha7bycj.cloudfront.net/product-image/file/large_f139ffda-daca-445a-b6bf-1789ee7a30f9.jpg,,https://www.aldi.us/store/aldi/products/17327146-organic-blueberries-package-1-pt,,,,,,,,,,,,,{'product_id': '17327146'},,,,,,,,,,,,,49713,15441,17327146,34.125597,-81.224105,2026-08-07T04:25:55.925363
2026-08-07T04:25:55.925363,aldi.us,strawberries,466-144,"Aldi, Irmo",29063,1,11,Strawberries,,False,,2.55,,,,,,,,0.0,0,0,,,,,https://d2lnr5mha7bycj.cloudfront.net/product-image/file/large_6086628f-8982-49f1-a41c-1174cb4d8aa4.jpg,,https://www.aldi.us/store/aldi/products/16383764-whole-strawberries-1-lb,,,,,,,,,,,,,{'product_id': '16383764'},,,,,,,,,,,,,49713,15441,16383764,34.125597,-81.224105,2026-08-07T04:25:55.925363
2026-08-07T04:25:55.925363,aldi.us,strawberries,466-144,"Aldi, Irmo",29063,1,14,Organic Raspberries,,False,,3.75,,,,,,,,0.0,0,0,,,,,https://d2lnr5mha7bycj.cloudfront.net/product-image/file/large_b59a373a-b6e1-46f9-892a-74dbdf424453.jpg,,https://www.aldi.us/store/aldi/products/26402168-organic-raspberries-package-6-oz,,,,,,,,,,,,,{'product_id': '26402168'},,,,,,,,,,,,,49713,15441,26402168,34.125597,-81.224105,2026-08-07T04:25:55.925363
2026-08-07T04:25:55.925363,aldi.us,strawberries,466-144,"Aldi, Irmo",29063,1,13,Blueberries,Always Fresh,False,,1.99,,,,,,,,0.0,0,0,,,,,https://d2lnr5mha7bycj.cloudfront.net/product-image/file/large_ace7b58c-afbe-4fd8-a796-f362ddae724e.png,,https://www.aldi.us/store/aldi/products/26312015-always-fresh-farms-blueberries-11-oz,,,,,,,,,,,,,{'product_id': '26312015'},,,,,,,,,,,,,49713,15441,26312015,34.125597,-81.224105,2026-08-07T04:25:55.925363
2026-08-07T04:25:55.925363,aldi.us,strawberries,465-090,"Aldi, North Tonawanda",14120,1,1,Fresh Organic Strawberries,,False,['Best seller'],3.85,,,,,,,,0.0,0,0,,,,,https://d2lnr5mha7bycj.cloudfront.net/product-image/file/large_981c3775-3850-4345-a457-6267bedc44fe.jpg,,https://www.aldi.us/store/aldi/products/17330344-organic-strawberries-package-1-lb,,,,,,,,,,,,,{'product_id': '17330344'},,,,,,,,,,,,,49713,15441,17330344,43.055406,-78.826757,2026-08-07T04:25:55.925363
2026-08-07T04:25:55.925363,aldi.us,strawberries,465-090,"Aldi, North Tonawanda",14120,1,4,"Raspberries, Package",,False,['Best seller'],2.99,,,,,,,,0.0,0,0,,,,,https://d2lnr5mha7bycj.cloudfront.net/product-image/file/large_1fc8c8b6-a4b4-49b8-a069-58f781b42176.jpg,,https://www.aldi.us/store/aldi/products/17327097-raspberries-package-6-oz,,,,,,,,,,,,,{'product_id': '17327097'},,,,,,,,,,,,,49713,15441,17327097,43.055406,-78.826757,2026-08-07T04:25:55.925363
2026-08-07T04:25:55.925363,aldi.us,strawberries,465-090,"Aldi, North Tonawanda",14120,1,2,Season's Choice Frozen Strawberries,Season'S Choice,False,['Store choice'],4.75,,,,,,,,0.0,0,0,,,,,https://d2lnr5mha7bycj.cloudfront.net/product-image/file/large_dd5de610-2c33-4ccc-8006-2fa45862a390.jpg,,https://www.aldi.us/store/aldi/products/21001854-season-s-choice-frozen-strawberries-24-oz,,,,,,,,,,,,,{'product_id': '21001854'},,,,,,,,,,,,,49713,15441,21001854,43.055406,-78.826757,2026-08-07T04:25:55.925363
2026-08-07T04:25:55.925363,aldi.us,strawberries,465-090,"Aldi, North Tonawanda",14120,1,5,"Blackberries, Package",,False,,2.55,,,,,,,,0.0,0,0,,,,,https://d2lnr5mha7bycj.cloudfront.net/product-image/file/large_32cfc106-82ee-4848-afd6-327702583c22.jpg,,https://www.aldi.us/store/aldi/products/17327025-blackberries-6-oz,,,,,,,,,,,,,{'product_id': '17327025'},,,,,,,,,,,,,49713,15441,17327025,43.055406,-78.826757,2026-08-07T04:25:55.925363
2026-08-07T04:25:55.925363,aldi.us,strawberries,465-090,"Aldi, North Tonawanda",14120,1,8,"Organic Blueberries, Package",,False,,4.39,,,,,,,,0.0,0,0,,,,,https://d2lnr5mha7bycj.cloudfront.net/product-image/file/large_f139ffda-daca-445a-b6bf-1789ee7a30f9.jpg,,https://www.aldi.us/store/aldi/products/17327146-organic-blueberries-package-1-pt,,,,,,,,,,,,,{'product_id': '17327146'},,,,,,,,,,,,,49713,15441,17327146,43.055406,-78.826757,2026-08-07T04:25:55.925363
2026-08-07T04:25:55.925363,aldi.us,strawberries,465-090,"Aldi, North Tonawanda",14120,1,12,Strawberries,,False,,2.55,,,,,,,,0.0,0,0,,,,,https://d2lnr5mha7bycj.cloudfront.net/product-image/file/large_6086628f-8982-49f1-a41c-1174cb4d8aa4.jpg,,https://www.aldi.us/store/aldi/products/16383764-whole-strawberries-1-lb,,,,,,,,,,,,,{'product_id': '16383764'},,,,,,,,,,,,,49713,15441,16383764,43.055406,-78.826757,2026-08-07T04:25:55.925363
2026-08-07T04:25:55.925363,aldi.us,strawberries,465-090,"Aldi, North Tonawanda",14120,1,13,"Simply Nature Frz Org Fruit Assort 24oz, Strawberries",Simply Nature,False,,5.99,,,,,,,,0.0,0,0,,,,,https://d2lnr5mha7bycj.cloudfront.net/product-image/file/large_251dff27-ea20-4ac9-ac91-36c6c6670ea4.jpg,,https://www.aldi.us/store/aldi/products/28033188-simply-nature-organic-stawberries-24-oz,,,,,,,,,,,,,{'product_id': '28033188'},,,,,,,,,,,,,49713,15441,28033188,43.055406,-78.826757,2026-08-07T04:25:55.925363
2026-08-07T04:25:55.925363,aldi.us,strawberries,465-090,"Aldi, North Tonawanda",14120,1,15,Blueberries,Always Fresh,False,,1.99,,,,,,,,0.0,0,0,,,,,https://d2lnr5mha7bycj.cloudfront.net/product-image/file/large_ace7b58c-afbe-4fd8-a796-f362ddae724e.png,,https://www.aldi.us/store/aldi/products/26312015-always-fresh-farms-blueberries-11-oz,,,,,,,,,,,,,{'product_id': '26312015'},,,,,,,,,,,,,49713,15441,26312015,43.055406,-78.826757,2026-08-07T04:25:55.925363
2026-08-07T04:25:55.925363,aldi.us,strawberries,465-090,"Aldi, North Tonawanda",14120,1,3,Simply Nature Freeze Dried Strawberries,Simply Nature,False,,3.29,,,,,,,,0.0,0,0,,,,,https://d2lnr5mha7bycj.cloudfront.net/product-image/file/large_ed967d0f-b874-4ea5-8fa1-5ae8dc90c17a.jpg,,https://www.aldi.us/store/aldi/products/18649280-simplynature-freeze-dried-strawberries-1-2-oz,,,,,,,,,,,,,{'product_id': '18649280'},,,,,,,,,,,,,49713,15441,18649280,43.055406,-78.826757,2026-08-07T04:25:55.925363
2026-08-07T04:25:55.925363,aldi.us,strawberries,465-090,"Aldi, North Tonawanda",14120,1,6,Southern Grove Strawberry,Southern Grove,False,,3.85,,,,,,,,0.0,0,0,,,,,https://d2lnr5mha7bycj.cloudfront.net/product-image/file/large_dd06e1cd-7a1d-433c-9379-3f703199d9cb.jpg,,https://www.aldi.us/store/aldi/products/113102276-southern-grove-strawberry-6-oz,,,,,,,,,,,,,{'product_id': '113102276'},,,,,,,,,,,,,49713,15441,113102276,43.055406,-78.826757,2026-08-07T04:25:55.925363
2026-08-07T04:25:55.925363,aldi.us,strawberries,465-090,"Aldi, North Tonawanda",14120,1,11,Season's Choice Frozen Blueberries,Season'S Choice,False,,4.19,,,,,,,,0.0,0,0,,,,,https://d2lnr5mha7bycj.cloudfront.net/product-image/file/large_dbd15bb9-289a-469b-b6eb-15f75da67cfe.jpg,,https://www.aldi.us/store/aldi/products/20992234-season-s-choice-frozen-blueberries-24-oz,,,,,,,,,,,,,{'product_id': '20992234'},,,,,,,,,,,,,49713,15441,20992234,43.055406,-78.826757,2026-08-07T04:25:55.925363
2026-08-07T04:25:55.925363,aldi.us,strawberries,465-090,"Aldi, North Tonawanda",14120,1,7,Aldi White & Milk Chocolate Frozen Strawberries,Aldi,False,,5.49,,,,,,,,0.0,0,0,,,,,https://d1s8987jlndkbs.cloudfront.net/assets/missing-item-4bbe82b8555e4d1c12626fd482cb2409713e8e30835645ff3650ef66a725d03c.png,,https://www.aldi.us/store/aldi/products/128146086-aldi-white-milk-chocolate-frozen-strawberries-8-oz,,,,,,,,,,,,,{'product_id': '128146086'},,,,,,,,,,,,,49713,15441,128146086,43.055406,-78.826757,2026-08-07T04:25:55.925363
2026-08-07T04:25:55.925363,aldi.us,strawberries,465-090,"Aldi, North Tonawanda",14120,1,9,Organic Raspberries,,False,,3.75,,,,,,,,0.0,0,0,,,,,https://d2lnr5mha7bycj.cloudfront.net/product-image/file/large_b59a373a-b6e1-46f9-892a-74dbdf424453.jpg,,https://www.aldi.us/store/aldi/products/26402168-organic-raspberries-package-6-oz,,,,,,,,,,,,,{'product_id': '26402168'},,,,,,,,,,,,,49713,15441,26402168,43.055406,-78.826757,2026-08-07T04:25:55.925363
2026-08-07T04:25:55.925363,aldi.us,strawberries,465-090,"Aldi, North Tonawanda",14120,1,10,"Organic Blackberries, Package",,False,,3.85,,,,,,,,0.0,0,0,,,,,https://d2lnr5mha7bycj.cloudfront.net/product-image/file/large_ab77e1e8-ac2b-4029-bbbc-de4407759198.jpg,,https://www.aldi.us/store/aldi/products/17327015-organic-blackberries-6-oz,,,,,,,,,,,,,{'product_id': '17327015'},,,,,,,,,,,,,49713,15441,17327015,43.055406,-78.826757,2026-08-07T04:25:55.925363
2026-08-07T04:25:55.925363,aldi.us,strawberries,465-090,"Aldi, North Tonawanda",14120,1,14,Always Fresh Jumbo Blueberries,Alpine Fresh,False,,5.05,,,,,,,,0.0,0,0,,,,,https://d2lnr5mha7bycj.cloudfront.net/product-image/file/large_26247d86-01ad-4977-9ea1-914258907783.jpg,,https://www.aldi.us/store/aldi/products/26291793-always-fresh-blueberries-jumbo-9-8-oz,,,,,,,,,,,,,{'product_id': '26291793'},,,,,,,,,,,,,49713,15441,26291793,43.055406,-78.826757,2026-08-07T04:25:55.925363
2026-08-07T04:25:55.925363,aldi.us,strawberries,466-104,"Aldi, Fayetteville",28304,1,1,Fresh Organic Strawberries,,False,['Best seller'],3.85,,,,,,,,0.0,0,0,,,,,https://d2lnr5mha7bycj.cloudfront.net/product-image/file/large_981c3775-3850-4345-a457-6267bedc44fe.jpg,,https://www.aldi.us/store/aldi/products/17330344-organic-strawberries-package-1-lb,,,,,,,,,,,,,{'product_id': '17330344'},,,,,,,,,,,,,49713,15441,17330344,35.027603,-79.050437,2026-08-07T04:25:55.925363
2026-08-07T04:25:55.925363,aldi.us,strawberries,466-104,"Aldi, Fayetteville",28304,1,10,"Organic Blackberries, Package",,False,,3.85,,,,,,,,0.0,0,0,,,,,https://d2lnr5mha7bycj.cloudfront.net/product-image/file/large_ab77e1e8-ac2b-4029-bbbc-de4407759198.jpg,,https://www.aldi.us/store/aldi/products/17327015-organic-blackberries-6-oz,,,,,,,,,,,,,{'product_id': '17327015'},,,,,,,,,,,,,49713,15441,17327015,35.027603,-79.050437,2026-08-07T04:25:55.925363
2026-08-07T04:25:55.925363,aldi.us,strawberries,466-104,"Aldi, Fayetteville",28304,1,2,Season's Choice Frozen Strawberries,Season'S Choice,False,['Store choice'],4.75,,,,,,,,0.0,0,0,,,,,https://d2lnr5mha7bycj.cloudfront.net/product-image/file/large_dd5de610-2c33-4ccc-8006-2fa45862a390.jpg,,https://www.aldi.us/store/aldi/products/21001854-season-s-choice-frozen-strawberries-24-oz,,,,,,,,,,,,,{'product_id': '21001854'},,,,,,,,,,,,,49713,15441,21001854,35.027603,-79.050437,2026-08-07T04:25:55.925363
2026-08-07T04:25:55.925363,aldi.us,strawberries,466-104,"Aldi, Fayetteville",28304,1,3,Simply Nature Freeze Dried Strawberries,Simply Nature,False,,3.29,,,,,,,,0.0,0,0,,,,,https://d2lnr5mha7bycj.cloudfront.net/product-image/file/large_ed967d0f-b874-4ea5-8fa1-5ae8dc90c17a.jpg,,https://www.aldi.us/store/aldi/products/18649280-simplynature-freeze-dried-strawberries-1-2-oz,,,,,,,,,,,,,{'product_id': '18649280'},,,,,,,,,,,,,49713,15441,18649280,35.027603,-79.050437,2026-08-07T04:25:55.925363
2026-08-07T04:25:55.925363,aldi.us,strawberries,466-104,"Aldi, Fayetteville",28304,1,4,"Raspberries, Package",,False,['Best seller'],2.99,,,,,,,,0.0,0,0,,,,,https://d2lnr5mha7bycj.cloudfront.net/product-image/file/large_1fc8c8b6-a4b4-49b8-a069-58f781b42176.jpg,,https://www.aldi.us/store/aldi/products/17327097-raspberries-package-6-oz,,,,,,,,,,,,,{'product_id': '17327097'},,,,,,,,,,,,,49713,15441,17327097,35.027603,-79.050437,2026-08-07T04:25:55.925363
2026-08-07T04:25:55.925363,aldi.us,strawberries,466-104,"Aldi, Fayetteville",28304,1,5,"Blackberries, Package",,False,,2.55,,,,,,,,0.0,0,0,,,,,https://d2lnr5mha7bycj.cloudfront.net/product-image/file/large_32cfc106-82ee-4848-afd6-327702583c22.jpg,,https://www.aldi.us/store/aldi/products/17327025-blackberries-6-oz,,,,,,,,,,,,,{'product_id': '17327025'},,,,,,,,,,,,,49713,15441,17327025,35.027603,-79.050437,2026-08-07T04:25:55.925363
2026-08-07T04:25:55.925363,aldi.us,strawberries,466-104,"Aldi, Fayetteville",28304,1,6,Southern Grove Strawberry,Southern Grove,False,,3.85,,,,,,,,0.0,0,0,,,,,https://d2lnr5mha7bycj.cloudfront.net/product-image/file/large_dd06e1cd-7a1d-433c-9379-3f703199d9cb.jpg,,https://www.aldi.us/store/aldi/products/113102276-southern-grove-strawberry-6-oz,,,,,,,,,,,,,{'product_id': '113102276'},,,,,,,,,,,,,49713,15441,113102276,35.027603,-79.050437,2026-08-07T04:25:55.925363
2026-08-07T04:25:55.925363,aldi.us,strawberries,466-104,"Aldi, Fayetteville",28304,1,9,Organic Raspberries,,False,,3.75,,,,,,,,0.0,0,0,,,,,https://d2lnr5mha7bycj.cloudfront.net/product-image/file/large_b59a373a-b6e1-46f9-892a-74dbdf424453.jpg,,https://www.aldi.us/store/aldi/products/26402168-organic-raspberries-package-6-oz,,,,,,,,,,,,,{'product_id': '26402168'},,,,,,,,,,,,,49713,15441,26402168,35.027603,-79.050437,2026-08-07T04:25:55.925363
2026-08-07T04:25:55.925363,aldi.us,strawberries,466-104,"Aldi, Fayetteville",28304,1,11,Season's Choice Frozen Blueberries,Season'S Choice,False,,4.19,,,,,,,,0.0,0,0,,,,,https://d2lnr5mha7bycj.cloudfront.net/product-image/file/large_dbd15bb9-289a-469b-b6eb-15f75da67cfe.jpg,,https://www.aldi.us/store/aldi/products/20992234-season-s-choice-frozen-blueberries-24-oz,,,,,,,,,,,,,{'product_id': '20992234'},,,,,,,,,,,,,49713,15441,20992234,35.027603,-79.050437,2026-08-07T04:25:55.925363
2026-08-07T04:25:55.925363,aldi.us,strawberries,466-104,"Aldi, Fayetteville",28304,1,12,Strawberries,,False,,2.55,,,,,,,,0.0,0,0,,,,,https://d2lnr5mha7bycj.cloudfront.net/product-image/file/large_6086628f-8982-49f1-a41c-1174cb4d8aa4.jpg,,https://www.aldi.us/store/aldi/products/16383764-whole-strawberries-1-lb,,,,,,,,,,,,,{'product_id': '16383764'},,,,,,,,,,,,,49713,15441,16383764,35.027603,-79.050437,2026-08-07T04:25:55.925363
2026-08-07T04:25:55.925363,aldi.us,strawberries,466-104,"Aldi, Fayetteville",28304,1,7,"Organic Blueberries, Package",,False,,4.39,,,,,,,,0.0,0,0,,,,,https://d2lnr5mha7bycj.cloudfront.net/product-image/file/large_f139ffda-daca-445a-b6bf-1789ee7a30f9.jpg,,https://www.aldi.us/store/aldi/products/17327146-organic-blueberries-package-1-pt,,,,,,,,,,,,,{'product_id': '17327146'},,,,,,,,,,,,,49713,15441,17327146,35.027603,-79.050437,2026-08-07T04:25:55.925363
2026-08-07T04:25:55.925363,aldi.us,strawberries,466-104,"Aldi, Fayetteville",28304,1,13,"Simply Nature Frz Org Fruit Assort 24oz, Strawberries",Simply Nature,False,,5.99,,,,,,,,0.0,0,0,,,,,https://d2lnr5mha7bycj.cloudfront.net/product-image/file/large_251dff27-ea20-4ac9-ac91-36c6c6670ea4.jpg,,https://www.aldi.us/store/aldi/products/28033188-simply-nature-organic-stawberries-24-oz,,,,,,,,,,,,,{'product_id': '28033188'},,,,,,,,,,,,,49713,15441,28033188,35.027603,-79.050437,2026-08-07T04:25:55.925363
2026-08-07T04:25:55.925363,aldi.us,strawberries,466-104,"Aldi, Fayetteville",28304,1,8,Always Fresh Jumbo Blueberries,Alpine Fresh,False,,5.05,,,,,,,,0.0,0,0,,,,,https://d2lnr5mha7bycj.cloudfront.net/product-image/file/large_26247d86-01ad-4977-9ea1-914258907783.jpg,,https://www.aldi.us/store/aldi/products/26291793-always-fresh-blueberries-jumbo-9-8-oz,,,,,,,,,,,,,{'product_id': '26291793'},,,,,,,,,,,,,49713,15441,26291793,35.027603,-79.050437,2026-08-07T04:25:55.925363
2026-08-07T04:25:55.925363,aldi.us,strawberries,466-104,"Aldi, Fayetteville",28304,1,14,Blueberries,Always Fresh,False,,1.99,,,,,,,,0.0,0,0,,,,,https://d2lnr5mha7bycj.cloudfront.net/product-image/file/large_ace7b58c-afbe-4fd8-a796-f362ddae724e.png,,https://www.aldi.us/store/aldi/products/26312015-always-fresh-farms-blueberries-11-oz,,,,,,,,,,,,,{'product_id': '26312015'},,,,,,,,,,,,,49713,15441,26312015,35.027603,-79.050437,2026-08-07T04:25:55.925363
2026-08-07T04:25:55.925363,aldi.us,strawberries,472-034,"Aldi, Urbandale",50322,1,1,Strawberries 2 lb,Driscoll'S,False,,5.99,,,,,,,,0.0,0,0,,,,,https://d2lnr5mha7bycj.cloudfront.net/product-image/file/large_527f0d65-5c64-4f0f-8f85-6ba77431c835.jpg,,https://www.aldi.us/store/aldi/products/16521342-driscoll-s-strawberries-2-0-lb,,,,,,,,,,,,,{'product_id': '16521342'},,,,,,,,,,,,,49713,15441,16521342,41.628406,-93.733094,2026-08-07T04:25:55.925363
2026-08-07T04:25:55.925363,aldi.us,strawberries,472-034,"Aldi, Urbandale",50322,1,2,Season's Choice Frozen Strawberries,Season'S Choice,False,['Store choice'],4.75,,,,,,,,0.0,0,0,,,,,https://d2lnr5mha7bycj.cloudfront.net/product-image/file/large_dd5de610-2c33-4ccc-8006-2fa45862a390.jpg,,https://www.aldi.us/store/aldi/products/21001854-season-s-choice-frozen-strawberries-24-oz,,,,,,,,,,,,,{'product_id': '21001854'},,,,,,,,,,,,,49713,15441,21001854,41.628406,-93.733094,2026-08-07T04:25:55.925363
2026-08-07T04:25:55.925363,aldi.us,strawberries,472-034,"Aldi, Urbandale",50322,1,11,Season's Choice Frozen Blueberries,Season'S Choice,False,,4.19,,,,,,,,0.0,0,0,,,,,https://d2lnr5mha7bycj.cloudfront.net/product-image/file/large_dbd15bb9-289a-469b-b6eb-15f75da67cfe.jpg,,https://www.aldi.us/store/aldi/products/20992234-season-s-choice-frozen-blueberries-24-oz,,,,,,,,,,,,,{'product_id': '20992234'},,,,,,,,,,,,,49713,15441,20992234,41.628406,-93.733094,2026-08-07T04:25:55.925363
2026-08-07T04:25:55.925363,aldi.us,strawberries,472-034,"Aldi, Urbandale",50322,1,14,"Simply Nature Frz Org Fruit Assort 24oz, Strawberries",Simply Nature,False,,5.99,,,,,,,,0.0,0,0,,,,,https://d2lnr5mha7bycj.cloudfront.net/product-image/file/large_251dff27-ea20-4ac9-ac91-36c6c6670ea4.jpg,,https://www.aldi.us/store/aldi/products/28033188-simply-nature-organic-stawberries-24-oz,,,,,,,,,,,,,{'product_id': '28033188'},,,,,,,,,,,,,49713,15441,28033188,41.628406,-93.733094,2026-08-07T04:25:55.925363
2026-08-07T04:25:55.925363,aldi.us,strawberries,472-034,"Aldi, Urbandale",50322,1,15,Blueberries,Always Fresh,False,,1.99,,,,,,,,0.0,0,0,,,,,https://d2lnr5mha7bycj.cloudfront.net/product-image/file/large_ace7b58c-afbe-4fd8-a796-f362ddae724e.png,,https://www.aldi.us/store/aldi/products/26312015-always-fresh-farms-blueberries-11-oz,,,,,,,,,,,,,{'product_id': '26312015'},,,,,,,,,,,,,49713,15441,26312015,41.628406,-93.733094,2026-08-07T04:25:55.925363
2026-08-07T04:25:55.925363,aldi.us,strawberries,472-034,"Aldi, Urbandale",50322,1,3,"Simply Nature Freeze Dried Strawberry or M, Strawberry",Simply Nature,False,,6.39,,,,,,,,0.0,0,0,,,,,https://d1s8987jlndkbs.cloudfront.net/assets/missing-item-4bbe82b8555e4d1c12626fd482cb2409713e8e30835645ff3650ef66a725d03c.png,,https://www.aldi.us/store/aldi/products/128145927-simply-nature-freeze-dried-strawberry-or-m-strawberry-2-oz,,,,,,,,,,,,,{'product_id': '128145927'},,,,,,,,,,,,,49713,15441,128145927,41.628406,-93.733094,2026-08-07T04:25:55.925363
2026-08-07T04:25:55.925363,aldi.us,strawberries,472-034,"Aldi, Urbandale",50322,1,12,Strawberries,,False,,2.55,,,,,,,,0.0,0,0,,,,,https://d2lnr5mha7bycj.cloudfront.net/product-image/file/large_6086628f-8982-49f1-a41c-1174cb4d8aa4.jpg,,https://www.aldi.us/store/aldi/products/16383764-whole-strawberries-1-lb,,,,,,,,,,,,,{'product_id': '16383764'},,,,,,,,,,,,,49713,15441,16383764,41.628406,-93.733094,2026-08-07T04:25:55.925363
2026-08-07T04:25:55.925363,aldi.us,strawberries,472-034,"Aldi, Urbandale",50322,1,4,"Blackberries, Package",,False,['Best seller'],2.55,,,,,,,,0.0,0,0,,,,,https://d2lnr5mha7bycj.cloudfront.net/product-image/file/large_32cfc106-82ee-4848-afd6-327702583c22.jpg,,https://www.aldi.us/store/aldi/products/17327025-blackberries-6-oz,,,,,,,,,,,,,{'product_id': '17327025'},,,,,,,,,,,,,49713,15441,17327025,41.628406,-93.733094,2026-08-07T04:25:55.925363
2026-08-07T04:25:55.925363,aldi.us,strawberries,472-034,"Aldi, Urbandale",50322,1,6,"Raspberries, Package",,False,['Best seller'],2.99,,,,,,,,0.0,0,0,,,,,https://d2lnr5mha7bycj.cloudfront.net/product-image/file/large_1fc8c8b6-a4b4-49b8-a069-58f781b42176.jpg,,https://www.aldi.us/store/aldi/products/17327097-raspberries-package-6-oz,,,,,,,,,,,,,{'product_id': '17327097'},,,,,,,,,,,,,49713,15441,17327097,41.628406,-93.733094,2026-08-07T04:25:55.925363
2026-08-07T04:25:55.925363,aldi.us,strawberries,472-034,"Aldi, Urbandale",50322,1,10,"Organic Blackberries, Package",,False,,3.85,,,,,,,,0.0,0,0,,,,,https://d2lnr5mha7bycj.cloudfront.net/product-image/file/large_ab77e1e8-ac2b-4029-bbbc-de4407759198.jpg,,https://www.aldi.us/store/aldi/products/17327015-organic-blackberries-6-oz,,,,,,,,,,,,,{'product_id': '17327015'},,,,,,,,,,,,,49713,15441,17327015,41.628406,-93.733094,2026-08-07T04:25:55.925363
2026-08-07T04:25:55.925363,aldi.us,strawberries,472-034,"Aldi, Urbandale",50322,1,8,Always Fresh Jumbo Blueberries,Alpine Fresh,False,,5.05,,,,,,,,0.0,0,0,,,,,https://d2lnr5mha7bycj.cloudfront.net/product-image/file/large_26247d86-01ad-4977-9ea1-914258907783.jpg,,https://www.aldi.us/store/aldi/products/26291793-always-fresh-blueberries-jumbo-9-8-oz,,,,,,,,,,,,,{'product_id': '26291793'},,,,,,,,,,,,,49713,15441,26291793,41.628406,-93.733094,2026-08-07T04:25:55.925363
2026-08-07T04:25:55.925363,aldi.us,strawberries,472-034,"Aldi, Urbandale",50322,1,13,Fresh Organic Strawberries,,False,,3.85,,,,,,,,0.0,0,0,,,,,https://d2lnr5mha7bycj.cloudfront.net/product-image/file/large_981c3775-3850-4345-a457-6267bedc44fe.jpg,,https://www.aldi.us/store/aldi/products/17330344-organic-strawberries-package-1-lb,,,,,,,,,,,,,{'product_id': '17330344'},,,,,,,,,,,,,49713,15441,17330344,41.628406,-93.733094,2026-08-07T04:25:55.925363
2026-08-07T04:25:55.925363,aldi.us,strawberries,472-034,"Aldi, Urbandale",50322,1,5,Southern Grove Strawberry,Southern Grove,False,,3.85,,,,,,,,0.0,0,0,,,,,https://d2lnr5mha7bycj.cloudfront.net/product-image/file/large_dd06e1cd-7a1d-433c-9379-3f703199d9cb.jpg,,https://www.aldi.us/store/aldi/products/113102276-southern-grove-strawberry-6-oz,,,,,,,,,,,,,{'product_id': '113102276'},,,,,,,,,,,,,49713,15441,113102276,41.628406,-93.733094,2026-08-07T04:25:55.925363
2026-08-07T04:25:55.925363,aldi.us,strawberries,472-034,"Aldi, Urbandale",50322,1,7,"Organic Blueberries, Package",,False,,4.39,,,,,,,,0.0,0,0,,,,,https://d2lnr5mha7bycj.cloudfront.net/product-image/file/large_f139ffda-daca-445a-b6bf-1789ee7a30f9.jpg,,https://www.aldi.us/store/aldi/products/17327146-organic-blueberries-package-1-pt,,,,,,,,,,,,,{'product_id': '17327146'},,,,,,,,,,,,,49713,15441,17327146,41.628406,-93.733094,2026-08-07T04:25:55.925363
2026-08-07T04:25:55.925363,aldi.us,strawberries,472-034,"Aldi, Urbandale",50322,1,9,Organic Raspberries,,False,,3.75,,,,,,,,0.0,0,0,,,,,https://d2lnr5mha7bycj.cloudfront.net/product-image/file/large_b59a373a-b6e1-46f9-892a-74dbdf424453.jpg,,https://www.aldi.us/store/aldi/products/26402168-organic-raspberries-package-6-oz,,,,,,,,,,,,,{'product_id': '26402168'},,,,,,,,,,,,,49713,15441,26402168,41.628406,-93.733094,2026-08-07T04:25:55.925363
2026-08-07T04:25:55.925363,aldi.us,strawberries,446-065,"Aldi, Carthage",64836,1,1,Fresh Organic Strawberries,,False,['Best seller'],3.85,,,,,,,,0.0,0,0,,,,,https://d2lnr5mha7bycj.cloudfront.net/product-image/file/large_981c3775-3850-4345-a457-6267bedc44fe.jpg,,https://www.aldi.us/store/aldi/products/17330344-organic-strawberries-package-1-lb,,,,,,,,,,,,,{'product_id': '17330344'},,,,,,,,,,,,,49713,15441,17330344,37.145994,-94.309106,2026-08-07T04:25:55.925363
2026-08-07T04:25:55.925363,aldi.us,strawberries,446-065,"Aldi, Carthage",64836,1,3,"Blackberries, Package",,False,,2.55,,,,,,,,0.0,0,0,,,,,https://d2lnr5mha7bycj.cloudfront.net/product-image/file/large_32cfc106-82ee-4848-afd6-327702583c22.jpg,,https://www.aldi.us/store/aldi/products/17327025-blackberries-6-oz,,,,,,,,,,,,,{'product_id': '17327025'},,,,,,,,,,,,,49713,15441,17327025,37.145994,-94.309106,2026-08-07T04:25:55.925363
2026-08-07T04:25:55.925363,aldi.us,strawberries,446-065,"Aldi, Carthage",64836,1,2,Season's Choice Frozen Strawberries,Season'S Choice,False,['Store choice'],4.75,,,,,,,,0.0,0,0,,,,,https://d2lnr5mha7bycj.cloudfront.net/product-image/file/large_dd5de610-2c33-4ccc-8006-2fa45862a390.jpg,,https://www.aldi.us/store/aldi/products/21001854-season-s-choice-frozen-strawberries-24-oz,,,,,,,,,,,,,{'product_id': '21001854'},,,,,,,,,,,,,49713,15441,21001854,37.145994,-94.309106,2026-08-07T04:25:55.925363
2026-08-07T04:25:55.925363,aldi.us,strawberries,446-065,"Aldi, Carthage",64836,1,4,"Raspberries, Package",,False,['Best seller'],2.99,,,,,,,,0.0,0,0,,,,,https://d2lnr5mha7bycj.cloudfront.net/product-image/file/large_1fc8c8b6-a4b4-49b8-a069-58f781b42176.jpg,,https://www.aldi.us/store/aldi/products/17327097-raspberries-package-6-oz,,,,,,,,,,,,,{'product_id': '17327097'},,,,,,,,,,,,,49713,15441,17327097,37.145994,-94.309106,2026-08-07T04:25:55.925363
2026-08-07T04:25:55.925363,aldi.us,strawberries,446-065,"Aldi, Carthage",64836,1,5,Southern Grove Strawberry,Southern Grove,False,,3.85,,,,,,,,0.0,0,0,,,,,https://d2lnr5mha7bycj.cloudfront.net/product-image/file/large_dd06e1cd-7a1d-433c-9379-3f703199d9cb.jpg,,https://www.aldi.us/store/aldi/products/113102276-southern-grove-strawberry-6-oz,,,,,,,,,,,,,{'product_id': '113102276'},,,,,,,,,,,,,49713,15441,113102276,37.145994,-94.309106,2026-08-07T04:25:55.925363
2026-08-07T04:25:55.925363,aldi.us,strawberries,446-065,"Aldi, Carthage",64836,1,9,Season's Choice Frozen Blueberries,Season'S Choice,False,,4.19,,,,,,,,0.0,0,0,,,,,https://d2lnr5mha7bycj.cloudfront.net/product-image/file/large_dbd15bb9-289a-469b-b6eb-15f75da67cfe.jpg,,https://www.aldi.us/store/aldi/products/20992234-season-s-choice-frozen-blueberries-24-oz,,,,,,,,,,,,,{'product_id': '20992234'},,,,,,,,,,,,,49713,15441,20992234,37.145994,-94.309106,2026-08-07T04:25:55.925363
2026-08-07T04:25:55.925363,aldi.us,strawberries,446-065,"Aldi, Carthage",64836,1,12,Blueberries,Always Fresh,False,,1.99,,,,,,,,0.0,0,0,,,,,https://d2lnr5mha7bycj.cloudfront.net/product-image/file/large_ace7b58c-afbe-4fd8-a796-f362ddae724e.png,,https://www.aldi.us/store/aldi/products/26312015-always-fresh-farms-blueberries-11-oz,,,,,,,,,,,,,{'product_id': '26312015'},,,,,,,,,,,,,49713,15441,26312015,37.145994,-94.309106,2026-08-07T04:25:55.925363
2026-08-07T04:25:55.925363,aldi.us,strawberries,446-065,"Aldi, Carthage",64836,1,6,"Organic Blueberries, Package",,False,,4.39,,,,,,,,0.0,0,0,,,,,https://d2lnr5mha7bycj.cloudfront.net/product-image/file/large_f139ffda-daca-445a-b6bf-1789ee7a30f9.jpg,,https://www.aldi.us/store/aldi/products/17327146-organic-blueberries-package-1-pt,,,,,,,,,,,,,{'product_id': '17327146'},,,,,,,,,,,,,49713,15441,17327146,37.145994,-94.309106,2026-08-07T04:25:55.925363
2026-08-07T04:25:55.925363,aldi.us,strawberries,446-065,"Aldi, Carthage",64836,1,11,"Simply Nature Frz Org Fruit Assort 24oz, Strawberries",Simply Nature,False,,5.99,,,,,,,,0.0,0,0,,,,,https://d2lnr5mha7bycj.cloudfront.net/product-image/file/large_251dff27-ea20-4ac9-ac91-36c6c6670ea4.jpg,,https://www.aldi.us/store/aldi/products/28033188-simply-nature-organic-stawberries-24-oz,,,,,,,,,,,,,{'product_id': '28033188'},,,,,,,,,,,,,49713,15441,28033188,37.145994,-94.309106,2026-08-07T04:25:55.925363
2026-08-07T04:25:55.925363,aldi.us,strawberries,446-065,"Aldi, Carthage",64836,1,7,Always Fresh Jumbo Blueberries,Alpine Fresh,False,,5.05,,,,,,,,0.0,0,0,,,,,https://d2lnr5mha7bycj.cloudfront.net/product-image/file/large_26247d86-01ad-4977-9ea1-914258907783.jpg,,https://www.aldi.us/store/aldi/products/26291793-always-fresh-blueberries-jumbo-9-8-oz,,,,,,,,,,,,,{'product_id': '26291793'},,,,,,,,,,,,,49713,15441,26291793,37.145994,-94.309106,2026-08-07T04:25:55.925363
2026-08-07T04:25:55.925363,aldi.us,strawberries,446-065,"Aldi, Carthage",64836,1,8,Organic Raspberries,,False,,3.75,,,,,,,,0.0,0,0,,,,,https://d2lnr5mha7bycj.cloudfront.net/product-image/file/large_b59a373a-b6e1-46f9-892a-74dbdf424453.jpg,,https://www.aldi.us/store/aldi/products/26402168-organic-raspberries-package-6-oz,,,,,,,,,,,,,{'product_id': '26402168'},,,,,,,,,,,,,49713,15441,26402168,37.145994,-94.309106,2026-08-07T04:25:55.925363
2026-08-07T04:25:55.925363,aldi.us,strawberries,446-065,"Aldi, Carthage",64836,1,10,Strawberries,,False,,2.55,,,,,,,,0.0,0,0,,,,,https://d2lnr5mha7bycj.cloudfront.net/product-image/file/large_6086628f-8982-49f1-a41c-1174cb4d8aa4.jpg,,https://www.aldi.us/store/aldi/products/16383764-whole-strawberries-1-lb,,,,,,,,,,,,,{'product_id': '16383764'},,,,,,,,,,,,,49713,15441,16383764,37.145994,-94.309106,2026-08-07T04:25:55.925363
2026-08-07T04:25:55.925363,aldi.us,strawberries,470-037,"Aldi, Fultondale",35068,1,1,Fresh Organic Strawberries,,False,['Best seller'],3.85,,,,,,,,0.0,0,0,,,,,https://d2lnr5mha7bycj.cloudfront.net/product-image/file/large_981c3775-3850-4345-a457-6267bedc44fe.jpg,,https://www.aldi.us/store/aldi/products/17330344-organic-strawberries-package-1-lb,,,,,,,,,,,,,{'product_id': '17330344'},,,,,,,,,,,,,49713,15441,17330344,33.608232,-86.80169,2026-08-07T04:25:55.925363
2026-08-07T04:25:55.925363,aldi.us,strawberries,470-037,"Aldi, Fultondale",35068,1,3,Simply Nature Freeze Dried Sliced Strawberries,Simply Nature,False,,5.79,,,,,,,,0.0,0,0,,,,,https://d1s8987jlndkbs.cloudfront.net/assets/missing-item-4bbe82b8555e4d1c12626fd482cb2409713e8e30835645ff3650ef66a725d03c.png,,https://www.aldi.us/store/aldi/products/128146336-simply-nature-freeze-dried-sliced-strawberries-2-oz,,,,,,,,,,,,,{'product_id': '128146336'},,,,,,,,,,,,,49713,15441,128146336,33.608232,-86.80169,2026-08-07T04:25:55.925363
2026-08-07T04:25:55.925363,aldi.us,strawberries,470-037,"Aldi, Fultondale",35068,1,6,"Organic Blueberries, Package",,False,,4.39,,,,,,,,0.0,0,0,,,,,https://d2lnr5mha7bycj.cloudfront.net/product-image/file/large_f139ffda-daca-445a-b6bf-1789ee7a30f9.jpg,,https://www.aldi.us/store/aldi/products/17327146-organic-blueberries-package-1-pt,,,,,,,,,,,,,{'product_id': '17327146'},,,,,,,,,,,,,49713,15441,17327146,33.608232,-86.80169,2026-08-07T04:25:55.925363
2026-08-07T04:25:55.925363,aldi.us,strawberries,470-037,"Aldi, Fultondale",35068,1,8,"Organic Blackberries, Package",,False,,3.85,,,,,,,,0.0,0,0,,,,,https://d2lnr5mha7bycj.cloudfront.net/product-image/file/large_ab77e1e8-ac2b-4029-bbbc-de4407759198.jpg,,https://www.aldi.us/store/aldi/products/17327015-organic-blackberries-6-oz,,,,,,,,,,,,,{'product_id': '17327015'},,,,,,,,,,,,,49713,15441,17327015,33.608232,-86.80169,2026-08-07T04:25:55.925363
2026-08-07T04:25:55.925363,aldi.us,strawberries,470-037,"Aldi, Fultondale",35068,1,9,Season's Choice Frozen Blueberries,Season'S Choice,False,,4.19,,,,,,,,0.0,0,0,,,,,https://d2lnr5mha7bycj.cloudfront.net/product-image/file/large_dbd15bb9-289a-469b-b6eb-15f75da67cfe.jpg,,https://www.aldi.us/store/aldi/products/20992234-season-s-choice-frozen-blueberries-24-oz,,,,,,,,,,,,,{'product_id': '20992234'},,,,,,,,,,,,,49713,15441,20992234,33.608232,-86.80169,2026-08-07T04:25:55.925363
2026-08-07T04:25:55.925363,aldi.us,strawberries,470-037,"Aldi, Fultondale",35068,1,2,Season's Choice Frozen Strawberries,Season'S Choice,False,['Store choice'],4.75,,,,,,,,0.0,0,0,,,,,https://d2lnr5mha7bycj.cloudfront.net/product-image/file/large_dd5de610-2c33-4ccc-8006-2fa45862a390.jpg,,https://www.aldi.us/store/aldi/products/21001854-season-s-choice-frozen-strawberries-24-oz,,,,,,,,,,,,,{'product_id': '21001854'},,,,,,,,,,,,,49713,15441,21001854,33.608232,-86.80169,2026-08-07T04:25:55.925363
2026-08-07T04:25:55.925363,aldi.us,strawberries,470-037,"Aldi, Fultondale",35068,1,10,Strawberries,,False,,2.55,,,,,,,,0.0,0,0,,,,,https://d2lnr5mha7bycj.cloudfront.net/product-image/file/large_6086628f-8982-49f1-a41c-1174cb4d8aa4.jpg,,https://www.aldi.us/store/aldi/products/16383764-whole-strawberries-1-lb,,,,,,,,,,,,,{'product_id': '16383764'},,,,,,,,,,,,,49713,15441,16383764,33.608232,-86.80169,2026-08-07T04:25:55.925363
2026-08-07T04:25:55.925363,aldi.us,strawberries,470-037,"Aldi, Fultondale",35068,1,13,Organic Raspberries,,False,,3.75,,,,,,,,0.0,0,0,,,,,https://d2lnr5mha7bycj.cloudfront.net/product-image/file/large_b59a373a-b6e1-46f9-892a-74dbdf424453.jpg,,https://www.aldi.us/store/aldi/products/26402168-organic-raspberries-package-6-oz,,,,,,,,,,,,,{'product_id': '26402168'},,,,,,,,,,,,,49713,15441,26402168,33.608232,-86.80169,2026-08-07T04:25:55.925363
2026-08-07T04:25:55.925363,aldi.us,strawberries,470-037,"Aldi, Fultondale",35068,1,4,"Blackberries, Package",,False,,2.55,,,,,,,,0.0,0,0,,,,,https://d2lnr5mha7bycj.cloudfront.net/product-image/file/large_32cfc106-82ee-4848-afd6-327702583c22.jpg,,https://www.aldi.us/store/aldi/products/17327025-blackberries-6-oz,,,,,,,,,,,,,{'product_id': '17327025'},,,,,,,,,,,,,49713,15441,17327025,33.608232,-86.80169,2026-08-07T04:25:55.925363
2026-08-07T04:25:55.925363,aldi.us,strawberries,470-037,"Aldi, Fultondale",35068,1,5,"Raspberries, Package",,False,['Best seller'],2.99,,,,,,,,0.0,0,0,,,,,https://d2lnr5mha7bycj.cloudfront.net/product-image/file/large_1fc8c8b6-a4b4-49b8-a069-58f781b42176.jpg,,https://www.aldi.us/store/aldi/products/17327097-raspberries-package-6-oz,,,,,,,,,,,,,{'product_id': '17327097'},,,,,,,,,,,,,49713,15441,17327097,33.608232,-86.80169,2026-08-07T04:25:55.925363
2026-08-07T04:25:55.925363,aldi.us,strawberries,470-037,"Aldi, Fultondale",35068,1,12,Blueberries,Always Fresh,False,,1.99,,,,,,,,0.0,0,0,,,,,https://d2lnr5mha7bycj.cloudfront.net/product-image/file/large_ace7b58c-afbe-4fd8-a796-f362ddae724e.png,,https://www.aldi.us/store/aldi/products/26312015-always-fresh-farms-blueberries-11-oz,,,,,,,,,,,,,{'product_id': '26312015'},,,,,,,,,,,,,49713,15441,26312015,33.608232,-86.80169,2026-08-07T04:25:55.925363
2026-08-07T04:25:55.925363,aldi.us,strawberries,470-037,"Aldi, Fultondale",35068,1,7,Always Fresh Jumbo Blueberries,Alpine Fresh,False,,5.05,,,,,,,,0.0,0,0,,,,,https://d2lnr5mha7bycj.cloudfront.net/product-image/file/large_26247d86-01ad-4977-9ea1-914258907783.jpg,,https://www.aldi.us/store/aldi/products/26291793-always-fresh-blueberries-jumbo-9-8-oz,,,,,,,,,,,,,{'product_id': '26291793'},,,,,,,,,,,,,49713,15441,26291793,33.608232,-86.80169,2026-08-07T04:25:55.925363
2026-08-07T04:25:55.925363,aldi.us,strawberries,470-037,"Aldi, Fultondale",35068,1,11,"Simply Nature Frz Org Fruit Assort 24oz, Strawberries",Simply Nature,False,,5.99,,,,,,,,0.0,0,0,,,,,https://d2lnr5mha7bycj.cloudfront.net/product-image/file/large_251dff27-ea20-4ac9-ac91-36c6c6670ea4.jpg,,https://www.aldi.us/store/aldi/products/28033188-simply-nature-organic-stawberries-24-oz,,,,,,,,,,,,,{'product_id': '28033188'},,,,,,,,,,,,,49713,15441,28033188,33.608232,-86.80169,2026-08-07T04:25:55.925363
2026-08-07T04:25:55.925363,aldi.us,strawberries,482-003,"Aldi, Prattville",36066,1,1,Season's Choice Frozen Strawberries,Season'S Choice,False,['Store choice'],4.75,,,,,,,,0.0,0,0,,,,,https://d2lnr5mha7bycj.cloudfront.net/product-image/file/large_dd5de610-2c33-4ccc-8006-2fa45862a390.jpg,,https://www.aldi.us/store/aldi/products/21001854-season-s-choice-frozen-strawberries-24-oz,,,,,,,,,,,,,{'product_id': '21001854'},,,,,,,,,,,,,49713,15441,21001854,32.461834,-86.42036,2026-08-07T04:25:55.925363
2026-08-07T04:25:55.925363,aldi.us,strawberries,482-003,"Aldi, Prattville",36066,1,2,Simply Nature Freeze Dried Strawberries,Simply Nature,False,,3.29,,,,,,,,0.0,0,0,,,,,https://d2lnr5mha7bycj.cloudfront.net/product-image/file/large_ed967d0f-b874-4ea5-8fa1-5ae8dc90c17a.jpg,,https://www.aldi.us/store/aldi/products/18649280-simplynature-freeze-dried-strawberries-1-2-oz,,,,,,,,,,,,,{'product_id': '18649280'},,,,,,,,,,,,,49713,15441,18649280,32.461834,-86.42036,2026-08-07T04:25:55.925363
2026-08-07T04:25:55.925363,aldi.us,strawberries,482-003,"Aldi, Prattville",36066,1,14,"Simply Nature Frz Org Fruit Assort 24oz, Strawberries",Simply Nature,False,,5.99,,,,,,,,0.0,0,0,,,,,https://d2lnr5mha7bycj.cloudfront.net/product-image/file/large_251dff27-ea20-4ac9-ac91-36c6c6670ea4.jpg,,https://www.aldi.us/store/aldi/products/28033188-simply-nature-organic-stawberries-24-oz,,,,,,,,,,,,,{'product_id': '28033188'},,,,,,,,,,,,,49713,15441,28033188,32.461834,-86.42036,2026-08-07T04:25:55.925363
2026-08-07T04:25:55.925363,aldi.us,strawberries,482-003,"Aldi, Prattville",36066,1,3,Southern Grove Strawberry,Southern Grove,False,,3.85,,,,,,,,0.0,0,0,,,,,https://d2lnr5mha7bycj.cloudfront.net/product-image/file/large_dd06e1cd-7a1d-433c-9379-3f703199d9cb.jpg,,https://www.aldi.us/store/aldi/products/113102276-southern-grove-strawberry-6-oz,,,,,,,,,,,,,{'product_id': '113102276'},,,,,,,,,,,,,49713,15441,113102276,32.461834,-86.42036,2026-08-07T04:25:55.925363
2026-08-07T04:25:55.925363,aldi.us,strawberries,482-003,"Aldi, Prattville",36066,1,8,"Organic Blackberries, Package",,False,,3.85,,,,,,,,0.0,0,0,,,,,https://d2lnr5mha7bycj.cloudfront.net/product-image/file/large_ab77e1e8-ac2b-4029-bbbc-de4407759198.jpg,,https://www.aldi.us/store/aldi/products/17327015-organic-blackberries-6-oz,,,,,,,,,,,,,{'product_id': '17327015'},,,,,,,,,,,,,49713,15441,17327015,32.461834,-86.42036,2026-08-07T04:25:55.925363
2026-08-07T04:25:55.925363,aldi.us,strawberries,482-003,"Aldi, Prattville",36066,1,11,Strawberries,,False,,2.55,,,,,,,,0.0,0,0,,,,,https://d2lnr5mha7bycj.cloudfront.net/product-image/file/large_6086628f-8982-49f1-a41c-1174cb4d8aa4.jpg,,https://www.aldi.us/store/aldi/products/16383764-whole-strawberries-1-lb,,,,,,,,,,,,,{'product_id': '16383764'},,,,,,,,,,,,,49713,15441,16383764,32.461834,-86.42036,2026-08-07T04:25:55.925363
2026-08-07T04:25:55.925363,aldi.us,strawberries,482-003,"Aldi, Prattville",36066,1,4,"Blackberries, Package",,False,['Best seller'],2.55,,,,,,,,0.0,0,0,,,,,https://d2lnr5mha7bycj.cloudfront.net/product-image/file/large_32cfc106-82ee-4848-afd6-327702583c22.jpg,,https://www.aldi.us/store/aldi/products/17327025-blackberries-6-oz,,,,,,,,,,,,,{'product_id': '17327025'},,,,,,,,,,,,,49713,15441,17327025,32.461834,-86.42036,2026-08-07T04:25:55.925363
2026-08-07T04:25:55.925363,aldi.us,strawberries,482-003,"Aldi, Prattville",36066,1,5,"Raspberries, Package",,False,['Best seller'],2.99,,,,,,,,0.0,0,0,,,,,https://d2lnr5mha7bycj.cloudfront.net/product-image/file/large_1fc8c8b6-a4b4-49b8-a069-58f781b42176.jpg,,https://www.aldi.us/store/aldi/products/17327097-raspberries-package-6-oz,,,,,,,,,,,,,{'product_id': '17327097'},,,,,,,,,,,,,49713,15441,17327097,32.461834,-86.42036,2026-08-07T04:25:55.925363
2026-08-07T04:25:55.925363,aldi.us,strawberries,482-003,"Aldi, Prattville",36066,1,10,Organic Raspberries,,False,,3.75,,,,,,,,0.0,0,0,,,,,https://d2lnr5mha7bycj.cloudfront.net/product-image/file/large_b59a373a-b6e1-46f9-892a-74dbdf424453.jpg,,https://www.aldi.us/store/aldi/products/26402168-organic-raspberries-package-6-oz,,,,,,,,,,,,,{'product_id': '26402168'},,,,,,,,,,,,,49713,15441,26402168,32.461834,-86.42036,2026-08-07T04:25:55.925363
2026-08-07T04:25:55.925363,aldi.us,strawberries,482-003,"Aldi, Prattville",36066,1,12,Fresh Organic Strawberries,,False,,3.85,,,,,,,,0.0,0,0,,,,,https://d2lnr5mha7bycj.cloudfront.net/product-image/file/large_981c3775-3850-4345-a457-6267bedc44fe.jpg,,https://www.aldi.us/store/aldi/products/17330344-organic-strawberries-package-1-lb,,,,,,,,,,,,,{'product_id': '17330344'},,,,,,,,,,,,,49713,15441,17330344,32.461834,-86.42036,2026-08-07T04:25:55.925363
2026-08-07T04:25:55.925363,aldi.us,strawberries,482-003,"Aldi, Prattville",36066,1,13,Strawberries 2 lb,Driscoll'S,False,,5.99,,,,,,,,0.0,0,0,,,,,https://d2lnr5mha7bycj.cloudfront.net/product-image/file/large_527f0d65-5c64-4f0f-8f85-6ba77431c835.jpg,,https://www.aldi.us/store/aldi/products/16521342-driscoll-s-strawberries-2-0-lb,,,,,,,,,,,,,{'product_id': '16521342'},,,,,,,,,,,,,49713,15441,16521342,32.461834,-86.42036,2026-08-07T04:25:55.925363
2026-08-07T04:25:55.925363,aldi.us,strawberries,482-003,"Aldi, Prattville",36066,1,15,Blueberries,Always Fresh,False,,1.99,,,,,,,,0.0,0,0,,,,,https://d2lnr5mha7bycj.cloudfront.net/product-image/file/large_ace7b58c-afbe-4fd8-a796-f362ddae724e.png,,https://www.aldi.us/store/aldi/products/26312015-always-fresh-farms-blueberries-11-oz,,,,,,,,,,,,,{'product_id': '26312015'},,,,,,,,,,,,,49713,15441,26312015,32.461834,-86.42036,2026-08-07T04:25:55.925363
2026-08-07T04:25:55.925363,aldi.us,strawberries,482-003,"Aldi, Prattville",36066,1,6,Always Fresh Jumbo Blueberries,Alpine Fresh,False,,5.05,,,,,,,,0.0,0,0,,,,,https://d2lnr5mha7bycj.cloudfront.net/product-image/file/large_26247d86-01ad-4977-9ea1-914258907783.jpg,,https://www.aldi.us/store/aldi/products/26291793-always-fresh-blueberries-jumbo-9-8-oz,,,,,,,,,,,,,{'product_id': '26291793'},,,,,,,,,,,,,49713,15441,26291793,32.461834,-86.42036,2026-08-07T04:25:55.925363
2026-08-07T04:25:55.925363,aldi.us,strawberries,482-003,"Aldi, Prattville",36066,1,7,"Organic Blueberries, Package",,False,,4.39,,,,,,,,0.0,0,0,,,,,https://d2lnr5mha7bycj.cloudfront.net/product-image/file/large_f139ffda-daca-445a-b6bf-1789ee7a30f9.jpg,,https://www.aldi.us/store/aldi/products/17327146-organic-blueberries-package-1-pt,,,,,,,,,,,,,{'product_id': '17327146'},,,,,,,,,,,,,49713,15441,17327146,32.461834,-86.42036,2026-08-07T04:25:55.925363
2026-08-07T04:25:55.925363,aldi.us,strawberries,482-003,"Aldi, Prattville",36066,1,9,Season's Choice Frozen Blueberries,Season'S Choice,False,,4.19,,,,,,,,0.0,0,0,,,,,https://d2lnr5mha7bycj.cloudfront.net/product-image/file/large_dbd15bb9-289a-469b-b6eb-15f75da67cfe.jpg,,https://www.aldi.us/store/aldi/products/20992234-season-s-choice-frozen-blueberries-24-oz,,,,,,,,,,,,,{'product_id': '20992234'},,,,,,,,,,,,,49713,15441,20992234,32.461834,-86.42036,2026-08-07T04:25:55.925363
