id,job_id,zipcode,page,rank,query_keyword,query_retailer,query_retailer_store_id,query_search_url,query_sort,asin,title,brand,badges,price,price_regular,price_discounted,rating,rating_count,reviews_count,sponsored,retailer,source,stock_availability,monthly_sales_volume,weekly_sales_volume,retailer_product_id,product_url,image_primary,pickup_available,pickup_store_id,pickup_zipcode,pickup_address,pickup_extras,shipping_cost,shipping_type,shipping_delivery_address,shipping_delivery_zipcode,shipping_expected_delivery_date,shipping_extras,collected_at
577934,20,00617,1,1,,amazon.com,,"https://www.amazon.com/s?k=strawberries&i=samedaystore&crid=1E2QJW9TUIM1M&sprefix=mil,samedaystore,348&ref=nb_sb_noss_2",Featured,B000P6J0SM,"Strawberries, 1 Lb",,[],0,0,0,4.6,90826,,false,amazon.com,serp,false,100000,,B000P6J0SM,https://www.amazon.com/Fresh-Produce-Brands-May-Vary/dp/B000P6J0SM/ref=sr_1_1?crid=1E2QJW9TUIM1M&dib=eyJ2IjoiMSJ9.daI5AgOqfWVZKrIg_nqXBXhIjU5fNw8iguBr3j6ZQS1mS3E0-TfV6qV416B8sspMTn086DgWgTeQ84TVmrhujYnGoQp2Xnyx7dy_famfukqf0-Zm7UQ1NX6qmHJldUtw55IWrPs_XSjsaQxTdT9xtPgdpbVlfZ-pyl7WVtj_paixro0EvhZxE5iLgda502CEoC0vAvzjtEpM14KcL58AZ0-ivfN5gsjdztpunNqA-hI.jH-uGov88ALKVhXaWSXxJp0ka-xdMGWyP2QWaGwZLsg&dib_tag=se&keywords=strawberries&qid=1786103841&s=samedaystore&sprefix=mil%2Csamedaystore%2C348&sr=1-1,https://m.media-amazon.com/images/I/719HRHktywL._FMwebp__.jpg,false,,,,{},0,,,,,{},1786103845257
577935,20,00617,1,2,,amazon.com,,"https://www.amazon.com/s?k=strawberries&i=samedaystore&crid=1E2QJW9TUIM1M&sprefix=mil,samedaystore,348&ref=nb_sb_noss_2",Featured,B002B8Z98W,"Organic Strawberries, 1 Lb",,[],0,0,0,4.6,40783,,false,amazon.com,serp,false,100000,,B002B8Z98W,https://www.amazon.com/Fresh-Produce-Brands-Vary-040/dp/B002B8Z98W/ref=sr_1_2?crid=1E2QJW9TUIM1M&dib=eyJ2IjoiMSJ9.daI5AgOqfWVZKrIg_nqXBXhIjU5fNw8iguBr3j6ZQS1mS3E0-TfV6qV416B8sspMTn086DgWgTeQ84TVmrhujYnGoQp2Xnyx7dy_famfukqf0-Zm7UQ1NX6qmHJldUtw55IWrPs_XSjsaQxTdT9xtPgdpbVlfZ-pyl7WVtj_paixro0EvhZxE5iLgda502CEoC0vAvzjtEpM14KcL58AZ0-ivfN5gsjdztpunNqA-hI.jH-uGov88ALKVhXaWSXxJp0ka-xdMGWyP2QWaGwZLsg&dib_tag=se&keywords=strawberries&qid=1786103841&s=samedaystore&sprefix=mil%2Csamedaystore%2C348&sr=1-2,https://m.media-amazon.com/images/I/71oKpKMVqTL._FMwebp__.jpg,false,,,,{},0,,,,,{},1786103845257
577936,20,00617,1,3,,amazon.com,,"https://www.amazon.com/s?k=strawberries&i=samedaystore&crid=1E2QJW9TUIM1M&sprefix=mil,samedaystore,348&ref=nb_sb_noss_2",Featured,B0FT35CP55,"Premium Freeze Dried Strawberry Slices | 7.05oz | No Sugar Added | in Resealable Jar Non-GMO, Vegan Snacks | Crunchy Wellsome Topping for Yogurt, Smoothie Bowls, Baking & On-the-Go Fruit Snack",,[],17.99,17.99,0,4.7,54,,false,amazon.com,serp,true,300,,B0FT35CP55,https://www.amazon.com/Premium-Strawberry-Resealable-Wellsome-Smoothie/dp/B0FT35CP55/ref=sr_1_3?crid=1E2QJW9TUIM1M&dib=eyJ2IjoiMSJ9.daI5AgOqfWVZKrIg_nqXBXhIjU5fNw8iguBr3j6ZQS1mS3E0-TfV6qV416B8sspMTn086DgWgTeQ84TVmrhujYnGoQp2Xnyx7dy_famfukqf0-Zm7UQ1NX6qmHJldUtw55IWrPs_XSjsaQxTdT9xtPgdpbVlfZ-pyl7WVtj_paixro0EvhZxE5iLgda502CEoC0vAvzjtEpM14KcL58AZ0-ivfN5gsjdztpunNqA-hI.jH-uGov88ALKVhXaWSXxJp0ka-xdMGWyP2QWaGwZLsg&dib_tag=se&keywords=strawberries&qid=1786103841&s=samedaystore&sprefix=mil%2Csamedaystore%2C348&sr=1-3,https://m.media-amazon.com/images/I/911yY8wECIL._FMwebp__.jpg,false,,,,{},0,,,,"FREE delivery Thu, Aug 13 on $35 of items shipped by Amazon","{""delivery"":""FREE delivery Thu, Aug 13 on $35 of items shipped by Amazon""}",1786103845257
577937,20,00617,1,4,,amazon.com,,"https://www.amazon.com/s?k=strawberries&i=samedaystore&crid=1E2QJW9TUIM1M&sprefix=mil,samedaystore,348&ref=nb_sb_noss_2",Featured,B000P6G12U,"Red Raspberries, 6 oz",,[],0,0,0,4.6,37207,,false,amazon.com,serp,false,100000,,B000P6G12U,https://www.amazon.com/Fresh-Produce-Brands-May-Vary/dp/B000P6G12U/ref=sr_1_4?crid=1E2QJW9TUIM1M&dib=eyJ2IjoiMSJ9.daI5AgOqfWVZKrIg_nqXBXhIjU5fNw8iguBr3j6ZQS1mS3E0-TfV6qV416B8sspMTn086DgWgTeQ84TVmrhujYnGoQp2Xnyx7dy_famfukqf0-Zm7UQ1NX6qmHJldUtw55IWrPs_XSjsaQxTdT9xtPgdpbVlfZ-pyl7WVtj_paixro0EvhZxE5iLgda502CEoC0vAvzjtEpM14KcL58AZ0-ivfN5gsjdztpunNqA-hI.jH-uGov88ALKVhXaWSXxJp0ka-xdMGWyP2QWaGwZLsg&dib_tag=se&keywords=strawberries&qid=1786103841&s=samedaystore&sprefix=mil%2Csamedaystore%2C348&sr=1-4,https://m.media-amazon.com/images/I/61lsVNuBxkL._FMwebp__.jpg,false,,,,{},0,,,,,{},1786103845257
577938,20,00617,1,5,,amazon.com,,"https://www.amazon.com/s?k=strawberries&i=samedaystore&crid=1E2QJW9TUIM1M&sprefix=mil,samedaystore,348&ref=nb_sb_noss_2",Featured,B0BZ9TBY48,"Bonnie Plants Strawberry, Live Plant, 19.3 oz. (4-Pack)",,[],18.72,22.89,18.72,4.3,1069,,false,amazon.com,serp,true,900,,B0BZ9TBY48,https://www.amazon.com/Bonnie-Plants-Strawberry-Plant-4-Pack/dp/B0BZ9TBY48/ref=sr_1_5?crid=1E2QJW9TUIM1M&dib=eyJ2IjoiMSJ9.daI5AgOqfWVZKrIg_nqXBXhIjU5fNw8iguBr3j6ZQS1mS3E0-TfV6qV416B8sspMTn086DgWgTeQ84TVmrhujYnGoQp2Xnyx7dy_famfukqf0-Zm7UQ1NX6qmHJldUtw55IWrPs_XSjsaQxTdT9xtPgdpbVlfZ-pyl7WVtj_paixro0EvhZxE5iLgda502CEoC0vAvzjtEpM14KcL58AZ0-ivfN5gsjdztpunNqA-hI.jH-uGov88ALKVhXaWSXxJp0ka-xdMGWyP2QWaGwZLsg&dib_tag=se&keywords=strawberries&qid=1786103841&s=samedaystore&sprefix=mil%2Csamedaystore%2C348&sr=1-5,https://m.media-amazon.com/images/I/71jTWZBe4UL._FMwebp__.jpg,false,,,,{},0,,,,FREE delivery on $35 of items shipped by Amazon,"{""delivery"":""FREE delivery on $35 of items shipped by Amazon""}",1786103845257
577939,20,00617,1,6,,amazon.com,,"https://www.amazon.com/s?k=strawberries&i=samedaystore&crid=1E2QJW9TUIM1M&sprefix=mil,samedaystore,348&ref=nb_sb_noss_2",Featured,B0H3WF82FB,"Rich Sweetness Strawberry Live Plants (10 Pack) – Everbearing Strawberry Starts for Outdoor Gardens & Containers – Sweet, Large Red Berries – Non-GMO Fruit Plants",,[],16.99,16.99,0,3.9,31,,false,amazon.com,serp,true,400,,B0H3WF82FB,https://www.amazon.com/Rich-Sweetness-Strawberry-Live-Plants/dp/B0H3WF82FB/ref=sr_1_6?crid=1E2QJW9TUIM1M&dib=eyJ2IjoiMSJ9.daI5AgOqfWVZKrIg_nqXBXhIjU5fNw8iguBr3j6ZQS1mS3E0-TfV6qV416B8sspMTn086DgWgTeQ84TVmrhujYnGoQp2Xnyx7dy_famfukqf0-Zm7UQ1NX6qmHJldUtw55IWrPs_XSjsaQxTdT9xtPgdpbVlfZ-pyl7WVtj_paixro0EvhZxE5iLgda502CEoC0vAvzjtEpM14KcL58AZ0-ivfN5gsjdztpunNqA-hI.jH-uGov88ALKVhXaWSXxJp0ka-xdMGWyP2QWaGwZLsg&dib_tag=se&keywords=strawberries&qid=1786103841&s=samedaystore&sprefix=mil%2Csamedaystore%2C348&sr=1-6,https://m.media-amazon.com/images/I/71ioFeujtzL._FMwebp__.jpg,false,,,,{},0,,,,FREE delivery Aug 17 - 20,"{""delivery"":""FREE delivery Aug 17 - 20""}",1786103845257
577940,20,00617,1,7,,amazon.com,,"https://www.amazon.com/s?k=strawberries&i=samedaystore&crid=1E2QJW9TUIM1M&sprefix=mil,samedaystore,348&ref=nb_sb_noss_2",Featured,B0FFMBS8Y1,"Amilutuo Freeze Dried Strawberries Pieces, 3.17OZ/90g Frozen Strawberries | Freeze Dried Fruit, Dehydrated Strawberries, Freeze Dried Snacks",,[],8.99,9.49,8.99,4.5,376,,false,amazon.com,serp,true,700,,B0FFMBS8Y1,https://www.amazon.com/Freeze-Strawberries-Pieces-Dehydrated-Preservatives/dp/B0FFMBS8Y1/ref=sr_1_7?crid=1E2QJW9TUIM1M&dib=eyJ2IjoiMSJ9.daI5AgOqfWVZKrIg_nqXBXhIjU5fNw8iguBr3j6ZQS1mS3E0-TfV6qV416B8sspMTn086DgWgTeQ84TVmrhujYnGoQp2Xnyx7dy_famfukqf0-Zm7UQ1NX6qmHJldUtw55IWrPs_XSjsaQxTdT9xtPgdpbVlfZ-pyl7WVtj_paixro0EvhZxE5iLgda502CEoC0vAvzjtEpM14KcL58AZ0-ivfN5gsjdztpunNqA-hI.jH-uGov88ALKVhXaWSXxJp0ka-xdMGWyP2QWaGwZLsg&dib_tag=se&keywords=strawberries&qid=1786103841&s=samedaystore&sprefix=mil%2Csamedaystore%2C348&sr=1-7,https://m.media-amazon.com/images/I/81RkuXeP7BL._FMwebp__.jpg,false,,,,{},0,,,,"FREE delivery Thu, Aug 13 on $35 of items shipped by Amazon","{""delivery"":""FREE delivery Thu, Aug 13 on $35 of items shipped by Amazon""}",1786103845257
577941,20,00617,1,8,,amazon.com,,"https://www.amazon.com/s?k=strawberries&i=samedaystore&crid=1E2QJW9TUIM1M&sprefix=mil,samedaystore,348&ref=nb_sb_noss_2",Featured,B008945XB0,"Augason Farms Freeze Dried Sliced Strawberries Can 6.5 oz | 18 Servings, Gluten Free Snack for Baking, Smoothies, and Emergency Storage, Healthy Individual Fruit Snacks, 6.5 Ounces",,[],18,18,0,4.6,10834,,false,amazon.com,serp,true,500,,B008945XB0,https://www.amazon.com/Augason-Farms-Freeze-Sliced-Strawberries/dp/B008945XB0/ref=sr_1_8?crid=1E2QJW9TUIM1M&dib=eyJ2IjoiMSJ9.daI5AgOqfWVZKrIg_nqXBXhIjU5fNw8iguBr3j6ZQS1mS3E0-TfV6qV416B8sspMTn086DgWgTeQ84TVmrhujYnGoQp2Xnyx7dy_famfukqf0-Zm7UQ1NX6qmHJldUtw55IWrPs_XSjsaQxTdT9xtPgdpbVlfZ-pyl7WVtj_paixro0EvhZxE5iLgda502CEoC0vAvzjtEpM14KcL58AZ0-ivfN5gsjdztpunNqA-hI.jH-uGov88ALKVhXaWSXxJp0ka-xdMGWyP2QWaGwZLsg&dib_tag=se&keywords=strawberries&qid=1786103841&s=samedaystore&sprefix=mil%2Csamedaystore%2C348&sr=1-8,https://m.media-amazon.com/images/I/71Y5VPm9QzL._FMwebp__.jpg,false,,,,{},0,,,,FREE delivery Aug 24 - Sep 8 on $35 of items shipped by Amazon,"{""delivery"":""FREE delivery Aug 24 - Sep 8 on $35 of items shipped by Amazon""}",1786103845257
577942,20,00617,1,9,,amazon.com,,"https://www.amazon.com/s?k=strawberries&i=samedaystore&crid=1E2QJW9TUIM1M&sprefix=mil,samedaystore,348&ref=nb_sb_noss_2",Featured,B077N7TR5G,Organic Blueberries Pint,,[],0,0,0,4.7,27829,,false,amazon.com,serp,false,100000,,B077N7TR5G,https://www.amazon.com/produce-aisle-112042-Organic-Blueberries/dp/B077N7TR5G/ref=sr_1_9?crid=1E2QJW9TUIM1M&dib=eyJ2IjoiMSJ9.daI5AgOqfWVZKrIg_nqXBXhIjU5fNw8iguBr3j6ZQS1mS3E0-TfV6qV416B8sspMTn086DgWgTeQ84TVmrhujYnGoQp2Xnyx7dy_famfukqf0-Zm7UQ1NX6qmHJldUtw55IWrPs_XSjsaQxTdT9xtPgdpbVlfZ-pyl7WVtj_paixro0EvhZxE5iLgda502CEoC0vAvzjtEpM14KcL58AZ0-ivfN5gsjdztpunNqA-hI.jH-uGov88ALKVhXaWSXxJp0ka-xdMGWyP2QWaGwZLsg&dib_tag=se&keywords=strawberries&qid=1786103841&s=samedaystore&sprefix=mil%2Csamedaystore%2C348&sr=1-9,https://m.media-amazon.com/images/I/61RTWtYAGRL._FMwebp__.jpg,false,,,,{},0,,,,,{},1786103845257
577943,20,00617,1,10,,amazon.com,,"https://www.amazon.com/s?k=strawberries&i=samedaystore&crid=1E2QJW9TUIM1M&sprefix=mil,samedaystore,348&ref=nb_sb_noss_2",Featured,B0DD94HBMV,"Strawberry Bon Bons Hard Candy, 1 Pound (Approx. 75 pcs.), Strawberry Candy Individually Wrapped, Strawberry Candy, The Hampton Popcorn & Candy Company",,[],8.99,8.99,0,4.7,867,,false,amazon.com,serp,true,500,,B0DD94HBMV,https://www.amazon.com/Strawberry-Candy-Individually-Hampton-Company/dp/B0DD94HBMV/ref=sr_1_10?crid=1E2QJW9TUIM1M&dib=eyJ2IjoiMSJ9.daI5AgOqfWVZKrIg_nqXBXhIjU5fNw8iguBr3j6ZQS1mS3E0-TfV6qV416B8sspMTn086DgWgTeQ84TVmrhujYnGoQp2Xnyx7dy_famfukqf0-Zm7UQ1NX6qmHJldUtw55IWrPs_XSjsaQxTdT9xtPgdpbVlfZ-pyl7WVtj_paixro0EvhZxE5iLgda502CEoC0vAvzjtEpM14KcL58AZ0-ivfN5gsjdztpunNqA-hI.jH-uGov88ALKVhXaWSXxJp0ka-xdMGWyP2QWaGwZLsg&dib_tag=se&keywords=strawberries&qid=1786103841&s=samedaystore&sprefix=mil%2Csamedaystore%2C348&sr=1-10,https://m.media-amazon.com/images/I/81cc7G69D9L._FMwebp__.jpg,false,,,,{},0,,,,"FREE delivery Wed, Aug 12 on $35 of items shipped by Amazon","{""delivery"":""FREE delivery Wed, Aug 12 on $35 of items shipped by Amazon""}",1786103845257
577944,20,00617,1,11,,amazon.com,,"https://www.amazon.com/s?k=strawberries&i=samedaystore&crid=1E2QJW9TUIM1M&sprefix=mil,samedaystore,348&ref=nb_sb_noss_2",Featured,B09CGC6GM5,"Happy Village Organic Whole Dried Strawberries, 18 OZ Resealable Pack- Soft & Juicy, Kosher, Non-GMO, No Refined Sugar, Apple Juice Infused Dried Strawberry",,[],28.99,28.99,0,4.2,1872,,false,amazon.com,serp,true,800,,B09CGC6GM5,https://www.amazon.com/Organic-Strawberries-Happy-Village-Strawberry/dp/B09CGC6GM5/ref=sr_1_11?crid=1E2QJW9TUIM1M&dib=eyJ2IjoiMSJ9.daI5AgOqfWVZKrIg_nqXBXhIjU5fNw8iguBr3j6ZQS1mS3E0-TfV6qV416B8sspMTn086DgWgTeQ84TVmrhujYnGoQp2Xnyx7dy_famfukqf0-Zm7UQ1NX6qmHJldUtw55IWrPs_XSjsaQxTdT9xtPgdpbVlfZ-pyl7WVtj_paixro0EvhZxE5iLgda502CEoC0vAvzjtEpM14KcL58AZ0-ivfN5gsjdztpunNqA-hI.jH-uGov88ALKVhXaWSXxJp0ka-xdMGWyP2QWaGwZLsg&dib_tag=se&keywords=strawberries&qid=1786103841&s=samedaystore&sprefix=mil%2Csamedaystore%2C348&sr=1-11,https://m.media-amazon.com/images/I/815C40gH9OL._FMwebp__.jpg,false,,,,{},0,,,,"FREE delivery Wed, Aug 12 on $35 of items shipped by Amazon","{""delivery"":""FREE delivery Wed, Aug 12 on $35 of items shipped by Amazon""}",1786103845257
577945,20,00617,1,12,,amazon.com,,"https://www.amazon.com/s?k=strawberries&i=samedaystore&crid=1E2QJW9TUIM1M&sprefix=mil,samedaystore,348&ref=nb_sb_noss_2",Featured,B0BT8QKTG7,"Augason Farms Freeze Dried Sliced Strawberries Pouch 1.4 oz | Gluten Free Snack for Baking, Smoothies, and Emergency Storage, Healthy Individual Fruit Snacks 1.4 Ounces (4 Servings)",,[],6.38,6.38,0,4.6,10834,,false,amazon.com,serp,true,200,,B0BT8QKTG7,https://www.amazon.com/Freeze-Dried-Sliced-Strawberries-Resealable-Pouch/dp/B0BT8QKTG7/ref=sr_1_12?crid=1E2QJW9TUIM1M&dib=eyJ2IjoiMSJ9.daI5AgOqfWVZKrIg_nqXBXhIjU5fNw8iguBr3j6ZQS1mS3E0-TfV6qV416B8sspMTn086DgWgTeQ84TVmrhujYnGoQp2Xnyx7dy_famfukqf0-Zm7UQ1NX6qmHJldUtw55IWrPs_XSjsaQxTdT9xtPgdpbVlfZ-pyl7WVtj_paixro0EvhZxE5iLgda502CEoC0vAvzjtEpM14KcL58AZ0-ivfN5gsjdztpunNqA-hI.jH-uGov88ALKVhXaWSXxJp0ka-xdMGWyP2QWaGwZLsg&dib_tag=se&keywords=strawberries&qid=1786103841&s=samedaystore&sprefix=mil%2Csamedaystore%2C348&sr=1-12,https://m.media-amazon.com/images/I/81RSryU5z3L._FMwebp__.jpg,false,,,,{},0,,,,"FREE delivery Wed, Aug 12 on $35 of items shipped by Amazon","{""delivery"":""FREE delivery Wed, Aug 12 on $35 of items shipped by Amazon""}",1786103845257
577946,20,00617,1,13,,amazon.com,,"https://www.amazon.com/s?k=strawberries&i=samedaystore&crid=1E2QJW9TUIM1M&sprefix=mil,samedaystore,348&ref=nb_sb_noss_2",Featured,B00E3JM7UU,"Organic Blackberries, 6 oz",,[],0,0,0,4.7,17801,,false,amazon.com,serp,false,100000,,B00E3JM7UU,https://www.amazon.com/produce-aisle-040-01021-Organic-Blackberries/dp/B00E3JM7UU/ref=sr_1_13?crid=1E2QJW9TUIM1M&dib=eyJ2IjoiMSJ9.daI5AgOqfWVZKrIg_nqXBXhIjU5fNw8iguBr3j6ZQS1mS3E0-TfV6qV416B8sspMTn086DgWgTeQ84TVmrhujYnGoQp2Xnyx7dy_famfukqf0-Zm7UQ1NX6qmHJldUtw55IWrPs_XSjsaQxTdT9xtPgdpbVlfZ-pyl7WVtj_paixro0EvhZxE5iLgda502CEoC0vAvzjtEpM14KcL58AZ0-ivfN5gsjdztpunNqA-hI.jH-uGov88ALKVhXaWSXxJp0ka-xdMGWyP2QWaGwZLsg&dib_tag=se&keywords=strawberries&qid=1786103841&s=samedaystore&sprefix=mil%2Csamedaystore%2C348&sr=1-13,https://m.media-amazon.com/images/I/7125y7kPhfL._FMwebp__.jpg,false,,,,{},0,,,,,{},1786103845257
577947,20,00617,1,14,,amazon.com,,"https://www.amazon.com/s?k=strawberries&i=samedaystore&crid=1E2QJW9TUIM1M&sprefix=mil,samedaystore,348&ref=nb_sb_noss_2",Featured,B0004N0IBO,"Bonne Maman Preserve, Strawberry, 13-Ounce | 13 Ounces",,[],4.99,6.28,4.99,4.7,3336,,false,amazon.com,serp,true,10000,,B0004N0IBO,https://www.amazon.com/Bonne-Maman-Preserve-Strawberry-13-Ounce/dp/B0004N0IBO/ref=sr_1_14?crid=1E2QJW9TUIM1M&dib=eyJ2IjoiMSJ9.daI5AgOqfWVZKrIg_nqXBXhIjU5fNw8iguBr3j6ZQS1mS3E0-TfV6qV416B8sspMTn086DgWgTeQ84TVmrhujYnGoQp2Xnyx7dy_famfukqf0-Zm7UQ1NX6qmHJldUtw55IWrPs_XSjsaQxTdT9xtPgdpbVlfZ-pyl7WVtj_paixro0EvhZxE5iLgda502CEoC0vAvzjtEpM14KcL58AZ0-ivfN5gsjdztpunNqA-hI.jH-uGov88ALKVhXaWSXxJp0ka-xdMGWyP2QWaGwZLsg&dib_tag=se&keywords=strawberries&qid=1786103841&s=samedaystore&sprefix=mil%2Csamedaystore%2C348&sr=1-14,https://m.media-amazon.com/images/I/81-JowEZnIL._FMwebp__.jpg,false,,,,{},0,,,,FREE delivery Aug 17 - 24 on $35 of items shipped by Amazon,"{""delivery"":""FREE delivery Aug 17 - 24 on $35 of items shipped by Amazon""}",1786103845257
577948,20,00617,1,15,,amazon.com,,"https://www.amazon.com/s?k=strawberries&i=samedaystore&crid=1E2QJW9TUIM1M&sprefix=mil,samedaystore,348&ref=nb_sb_noss_2",Featured,B0F1XWBJDC,"Freeze Dried Strawberries Pieces 17.6 Oz/500g, Crispy Dried Strawberries",,[],19.99,23.99,19.99,4,398,,false,amazon.com,serp,true,200,,B0F1XWBJDC,https://www.amazon.com/Premium-Freeze-Strawberries-Natural-Additives/dp/B0F1XWBJDC/ref=sr_1_15?crid=1E2QJW9TUIM1M&dib=eyJ2IjoiMSJ9.daI5AgOqfWVZKrIg_nqXBXhIjU5fNw8iguBr3j6ZQS1mS3E0-TfV6qV416B8sspMTn086DgWgTeQ84TVmrhujYnGoQp2Xnyx7dy_famfukqf0-Zm7UQ1NX6qmHJldUtw55IWrPs_XSjsaQxTdT9xtPgdpbVlfZ-pyl7WVtj_paixro0EvhZxE5iLgda502CEoC0vAvzjtEpM14KcL58AZ0-ivfN5gsjdztpunNqA-hI.jH-uGov88ALKVhXaWSXxJp0ka-xdMGWyP2QWaGwZLsg&dib_tag=se&keywords=strawberries&qid=1786103841&s=samedaystore&sprefix=mil%2Csamedaystore%2C348&sr=1-15,https://m.media-amazon.com/images/I/71RlNm4ryfL._FMwebp__.jpg,false,,,,{},0,,,,"FREE delivery Wed, Aug 12 on $35 of items shipped by Amazon","{""delivery"":""FREE delivery Wed, Aug 12 on $35 of items shipped by Amazon""}",1786103845257
577949,20,00617,1,16,,amazon.com,,"https://www.amazon.com/s?k=strawberries&i=samedaystore&crid=1E2QJW9TUIM1M&sprefix=mil,samedaystore,348&ref=nb_sb_noss_2",Featured,B0F2HW7M1T,Lyrow 100 Pcs 100 Pieces Fake Artificial Strawberries 2.2inch/2.76inch/3.35inch Faux Realistic Strawberry Decor Plastic Simulation Fake Lifelike Fruit for Photography Prop Cabinet Party (2.76 Inch),,[],22.99,24.99,22.99,4.6,100,,false,amazon.com,serp,true,50,,B0F2HW7M1T,https://www.amazon.com/Lyrow-Artificial-Strawberries-Strawberry-Photography/dp/B0F2HW7M1T/ref=sr_1_16?crid=1E2QJW9TUIM1M&dib=eyJ2IjoiMSJ9.daI5AgOqfWVZKrIg_nqXBXhIjU5fNw8iguBr3j6ZQS1mS3E0-TfV6qV416B8sspMTn086DgWgTeQ84TVmrhujYnGoQp2Xnyx7dy_famfukqf0-Zm7UQ1NX6qmHJldUtw55IWrPs_XSjsaQxTdT9xtPgdpbVlfZ-pyl7WVtj_paixro0EvhZxE5iLgda502CEoC0vAvzjtEpM14KcL58AZ0-ivfN5gsjdztpunNqA-hI.jH-uGov88ALKVhXaWSXxJp0ka-xdMGWyP2QWaGwZLsg&dib_tag=se&keywords=strawberries&qid=1786103841&s=samedaystore&sprefix=mil%2Csamedaystore%2C348&sr=1-16,https://m.media-amazon.com/images/I/91lbWSgAVwL._FMwebp__.jpg,false,,,,{},0,,,,"FREE delivery Thu, Aug 20 on $35 of items shipped by Amazon","{""delivery"":""FREE delivery Thu, Aug 20 on $35 of items shipped by Amazon""}",1786103845257
577998,20,00646,1,1,,amazon.com,,"https://www.amazon.com/s?k=strawberries&i=samedaystore&crid=1E2QJW9TUIM1M&sprefix=mil,samedaystore,348&ref=nb_sb_noss_2",Featured,B000P6J0SM,"Strawberries, 1 Lb",,[],0,0,0,4.6,90826,,false,amazon.com,serp,false,100000,,B000P6J0SM,https://www.amazon.com/Fresh-Produce-Brands-May-Vary/dp/B000P6J0SM/ref=sr_1_1?crid=1E2QJW9TUIM1M&dib=eyJ2IjoiMSJ9.daI5AgOqfWVZKrIg_nqXBXhIjU5fNw8iguBr3j6ZQS1mS3E0-TfV6qV416B8sspMCMUIdvm1t0YrFF8tLPKaZqJj71nPnaUuJZP-T4Tla2mMmVu_bOxg99n-mAlJoGxM46JGxqw-QK7EaJwkneNvd88JlQWWRjm3CX2gIuQ6py4khaRRCWFly2WMYaPodGaZ2qpQHDAy63niMw0Usoh3iq9X-22prifAIL3NvTWpDwY.dLa4L-vOjAypdQyY5qZG97F0KB3MkIvR73gQeNGnICA&dib_tag=se&keywords=strawberries&qid=1786103840&s=samedaystore&sprefix=mil%2Csamedaystore%2C348&sr=1-1,https://m.media-amazon.com/images/I/719HRHktywL._FMwebp__.jpg,false,,,,{},0,,,,,{},1786103852053
577999,20,00646,1,2,,amazon.com,,"https://www.amazon.com/s?k=strawberries&i=samedaystore&crid=1E2QJW9TUIM1M&sprefix=mil,samedaystore,348&ref=nb_sb_noss_2",Featured,B002B8Z98W,"Organic Strawberries, 1 Lb",,[],0,0,0,4.6,40783,,false,amazon.com,serp,false,100000,,B002B8Z98W,https://www.amazon.com/Fresh-Produce-Brands-Vary-040/dp/B002B8Z98W/ref=sr_1_2?crid=1E2QJW9TUIM1M&dib=eyJ2IjoiMSJ9.daI5AgOqfWVZKrIg_nqXBXhIjU5fNw8iguBr3j6ZQS1mS3E0-TfV6qV416B8sspMCMUIdvm1t0YrFF8tLPKaZqJj71nPnaUuJZP-T4Tla2mMmVu_bOxg99n-mAlJoGxM46JGxqw-QK7EaJwkneNvd88JlQWWRjm3CX2gIuQ6py4khaRRCWFly2WMYaPodGaZ2qpQHDAy63niMw0Usoh3iq9X-22prifAIL3NvTWpDwY.dLa4L-vOjAypdQyY5qZG97F0KB3MkIvR73gQeNGnICA&dib_tag=se&keywords=strawberries&qid=1786103840&s=samedaystore&sprefix=mil%2Csamedaystore%2C348&sr=1-2,https://m.media-amazon.com/images/I/71oKpKMVqTL._FMwebp__.jpg,false,,,,{},0,,,,,{},1786103852053
578000,20,00646,1,3,,amazon.com,,"https://www.amazon.com/s?k=strawberries&i=samedaystore&crid=1E2QJW9TUIM1M&sprefix=mil,samedaystore,348&ref=nb_sb_noss_2",Featured,B0FT35CP55,"Premium Freeze Dried Strawberry Slices | 7.05oz | No Sugar Added | in Resealable Jar Non-GMO, Vegan Snacks | Crunchy Wellsome Topping for Yogurt, Smoothie Bowls, Baking & On-the-Go Fruit Snack",,[],17.99,17.99,0,4.7,54,,false,amazon.com,serp,true,300,,B0FT35CP55,https://www.amazon.com/Premium-Strawberry-Resealable-Wellsome-Smoothie/dp/B0FT35CP55/ref=sr_1_3?crid=1E2QJW9TUIM1M&dib=eyJ2IjoiMSJ9.daI5AgOqfWVZKrIg_nqXBXhIjU5fNw8iguBr3j6ZQS1mS3E0-TfV6qV416B8sspMCMUIdvm1t0YrFF8tLPKaZqJj71nPnaUuJZP-T4Tla2mMmVu_bOxg99n-mAlJoGxM46JGxqw-QK7EaJwkneNvd88JlQWWRjm3CX2gIuQ6py4khaRRCWFly2WMYaPodGaZ2qpQHDAy63niMw0Usoh3iq9X-22prifAIL3NvTWpDwY.dLa4L-vOjAypdQyY5qZG97F0KB3MkIvR73gQeNGnICA&dib_tag=se&keywords=strawberries&qid=1786103840&s=samedaystore&sprefix=mil%2Csamedaystore%2C348&sr=1-3,https://m.media-amazon.com/images/I/911yY8wECIL._FMwebp__.jpg,false,,,,{},0,,,,"FREE delivery Wed, Aug 12 on $35 of items shipped by Amazon","{""delivery"":""FREE delivery Wed, Aug 12 on $35 of items shipped by Amazon""}",1786103852053
578001,20,00646,1,4,,amazon.com,,"https://www.amazon.com/s?k=strawberries&i=samedaystore&crid=1E2QJW9TUIM1M&sprefix=mil,samedaystore,348&ref=nb_sb_noss_2",Featured,B000P6G12U,"Red Raspberries, 6 oz",,[],0,0,0,4.6,37207,,false,amazon.com,serp,false,100000,,B000P6G12U,https://www.amazon.com/Fresh-Produce-Brands-May-Vary/dp/B000P6G12U/ref=sr_1_4?crid=1E2QJW9TUIM1M&dib=eyJ2IjoiMSJ9.daI5AgOqfWVZKrIg_nqXBXhIjU5fNw8iguBr3j6ZQS1mS3E0-TfV6qV416B8sspMCMUIdvm1t0YrFF8tLPKaZqJj71nPnaUuJZP-T4Tla2mMmVu_bOxg99n-mAlJoGxM46JGxqw-QK7EaJwkneNvd88JlQWWRjm3CX2gIuQ6py4khaRRCWFly2WMYaPodGaZ2qpQHDAy63niMw0Usoh3iq9X-22prifAIL3NvTWpDwY.dLa4L-vOjAypdQyY5qZG97F0KB3MkIvR73gQeNGnICA&dib_tag=se&keywords=strawberries&qid=1786103840&s=samedaystore&sprefix=mil%2Csamedaystore%2C348&sr=1-4,https://m.media-amazon.com/images/I/61lsVNuBxkL._FMwebp__.jpg,false,,,,{},0,,,,,{},1786103852053
578002,20,00646,1,5,,amazon.com,,"https://www.amazon.com/s?k=strawberries&i=samedaystore&crid=1E2QJW9TUIM1M&sprefix=mil,samedaystore,348&ref=nb_sb_noss_2",Featured,B0BZ9TBY48,"Bonnie Plants Strawberry, Live Plant, 19.3 oz. (4-Pack)",,[],18.72,22.89,18.72,4.3,1069,,false,amazon.com,serp,true,900,,B0BZ9TBY48,https://www.amazon.com/Bonnie-Plants-Strawberry-Plant-4-Pack/dp/B0BZ9TBY48/ref=sr_1_5?crid=1E2QJW9TUIM1M&dib=eyJ2IjoiMSJ9.daI5AgOqfWVZKrIg_nqXBXhIjU5fNw8iguBr3j6ZQS1mS3E0-TfV6qV416B8sspMCMUIdvm1t0YrFF8tLPKaZqJj71nPnaUuJZP-T4Tla2mMmVu_bOxg99n-mAlJoGxM46JGxqw-QK7EaJwkneNvd88JlQWWRjm3CX2gIuQ6py4khaRRCWFly2WMYaPodGaZ2qpQHDAy63niMw0Usoh3iq9X-22prifAIL3NvTWpDwY.dLa4L-vOjAypdQyY5qZG97F0KB3MkIvR73gQeNGnICA&dib_tag=se&keywords=strawberries&qid=1786103840&s=samedaystore&sprefix=mil%2Csamedaystore%2C348&sr=1-5,https://m.media-amazon.com/images/I/71jTWZBe4UL._FMwebp__.jpg,false,,,,{},0,,,,FREE delivery on $35 of items shipped by Amazon,"{""delivery"":""FREE delivery on $35 of items shipped by Amazon""}",1786103852053
578003,20,00646,1,6,,amazon.com,,"https://www.amazon.com/s?k=strawberries&i=samedaystore&crid=1E2QJW9TUIM1M&sprefix=mil,samedaystore,348&ref=nb_sb_noss_2",Featured,B008945XB0,"Augason Farms Freeze Dried Sliced Strawberries Can 6.5 oz | 18 Servings, Gluten Free Snack for Baking, Smoothies, and Emergency Storage, Healthy Individual Fruit Snacks, 6.5 Ounces",,[],18,18,0,4.6,10834,,false,amazon.com,serp,true,500,,B008945XB0,https://www.amazon.com/Augason-Farms-Freeze-Sliced-Strawberries/dp/B008945XB0/ref=sr_1_6?crid=1E2QJW9TUIM1M&dib=eyJ2IjoiMSJ9.daI5AgOqfWVZKrIg_nqXBXhIjU5fNw8iguBr3j6ZQS1mS3E0-TfV6qV416B8sspMCMUIdvm1t0YrFF8tLPKaZqJj71nPnaUuJZP-T4Tla2mMmVu_bOxg99n-mAlJoGxM46JGxqw-QK7EaJwkneNvd88JlQWWRjm3CX2gIuQ6py4khaRRCWFly2WMYaPodGaZ2qpQHDAy63niMw0Usoh3iq9X-22prifAIL3NvTWpDwY.dLa4L-vOjAypdQyY5qZG97F0KB3MkIvR73gQeNGnICA&dib_tag=se&keywords=strawberries&qid=1786103840&s=samedaystore&sprefix=mil%2Csamedaystore%2C348&sr=1-6,https://m.media-amazon.com/images/I/71Y5VPm9QzL._FMwebp__.jpg,false,,,,{},0,,,,FREE delivery Aug 24 - Sep 5 on $35 of items shipped by Amazon,"{""delivery"":""FREE delivery Aug 24 - Sep 5 on $35 of items shipped by Amazon""}",1786103852053
578004,20,00646,1,7,,amazon.com,,"https://www.amazon.com/s?k=strawberries&i=samedaystore&crid=1E2QJW9TUIM1M&sprefix=mil,samedaystore,348&ref=nb_sb_noss_2",Featured,B0FFMBS8Y1,"Amilutuo Freeze Dried Strawberries Pieces, 3.17OZ/90g Frozen Strawberries | Freeze Dried Fruit, Dehydrated Strawberries, Freeze Dried Snacks",,[],8.99,9.49,8.99,4.5,376,,false,amazon.com,serp,true,700,,B0FFMBS8Y1,https://www.amazon.com/Freeze-Strawberries-Pieces-Dehydrated-Preservatives/dp/B0FFMBS8Y1/ref=sr_1_7?crid=1E2QJW9TUIM1M&dib=eyJ2IjoiMSJ9.daI5AgOqfWVZKrIg_nqXBXhIjU5fNw8iguBr3j6ZQS1mS3E0-TfV6qV416B8sspMCMUIdvm1t0YrFF8tLPKaZqJj71nPnaUuJZP-T4Tla2mMmVu_bOxg99n-mAlJoGxM46JGxqw-QK7EaJwkneNvd88JlQWWRjm3CX2gIuQ6py4khaRRCWFly2WMYaPodGaZ2qpQHDAy63niMw0Usoh3iq9X-22prifAIL3NvTWpDwY.dLa4L-vOjAypdQyY5qZG97F0KB3MkIvR73gQeNGnICA&dib_tag=se&keywords=strawberries&qid=1786103840&s=samedaystore&sprefix=mil%2Csamedaystore%2C348&sr=1-7,https://m.media-amazon.com/images/I/81RkuXeP7BL._FMwebp__.jpg,false,,,,{},0,,,,"FREE delivery Wed, Aug 12 on $35 of items shipped by Amazon","{""delivery"":""FREE delivery Wed, Aug 12 on $35 of items shipped by Amazon""}",1786103852053
578005,20,00646,1,8,,amazon.com,,"https://www.amazon.com/s?k=strawberries&i=samedaystore&crid=1E2QJW9TUIM1M&sprefix=mil,samedaystore,348&ref=nb_sb_noss_2",Featured,B09CGC6GM5,"Happy Village Organic Whole Dried Strawberries, 18 OZ Resealable Pack- Soft & Juicy, Kosher, Non-GMO, No Refined Sugar, Apple Juice Infused Dried Strawberry",,[],28.99,28.99,0,4.2,1872,,false,amazon.com,serp,true,800,,B09CGC6GM5,https://www.amazon.com/Organic-Strawberries-Happy-Village-Strawberry/dp/B09CGC6GM5/ref=sr_1_8?crid=1E2QJW9TUIM1M&dib=eyJ2IjoiMSJ9.daI5AgOqfWVZKrIg_nqXBXhIjU5fNw8iguBr3j6ZQS1mS3E0-TfV6qV416B8sspMCMUIdvm1t0YrFF8tLPKaZqJj71nPnaUuJZP-T4Tla2mMmVu_bOxg99n-mAlJoGxM46JGxqw-QK7EaJwkneNvd88JlQWWRjm3CX2gIuQ6py4khaRRCWFly2WMYaPodGaZ2qpQHDAy63niMw0Usoh3iq9X-22prifAIL3NvTWpDwY.dLa4L-vOjAypdQyY5qZG97F0KB3MkIvR73gQeNGnICA&dib_tag=se&keywords=strawberries&qid=1786103840&s=samedaystore&sprefix=mil%2Csamedaystore%2C348&sr=1-8,https://m.media-amazon.com/images/I/815C40gH9OL._FMwebp__.jpg,false,,,,{},0,,,,"Join Prime to get FREE delivery Mon, Aug 10Or Non-members get FREE delivery Wed, Aug 12 on $35 of items shipped by Amazon","{""delivery"":""Join Prime to get FREE delivery Mon, Aug 10Or Non-members get FREE delivery Wed, Aug 12 on $35 of items shipped by Amazon""}",1786103852053
578006,20,00646,1,9,,amazon.com,,"https://www.amazon.com/s?k=strawberries&i=samedaystore&crid=1E2QJW9TUIM1M&sprefix=mil,samedaystore,348&ref=nb_sb_noss_2",Featured,B077N7TR5G,Organic Blueberries Pint,,[],0,0,0,4.7,27829,,false,amazon.com,serp,false,100000,,B077N7TR5G,https://www.amazon.com/produce-aisle-112042-Organic-Blueberries/dp/B077N7TR5G/ref=sr_1_9?crid=1E2QJW9TUIM1M&dib=eyJ2IjoiMSJ9.daI5AgOqfWVZKrIg_nqXBXhIjU5fNw8iguBr3j6ZQS1mS3E0-TfV6qV416B8sspMCMUIdvm1t0YrFF8tLPKaZqJj71nPnaUuJZP-T4Tla2mMmVu_bOxg99n-mAlJoGxM46JGxqw-QK7EaJwkneNvd88JlQWWRjm3CX2gIuQ6py4khaRRCWFly2WMYaPodGaZ2qpQHDAy63niMw0Usoh3iq9X-22prifAIL3NvTWpDwY.dLa4L-vOjAypdQyY5qZG97F0KB3MkIvR73gQeNGnICA&dib_tag=se&keywords=strawberries&qid=1786103840&s=samedaystore&sprefix=mil%2Csamedaystore%2C348&sr=1-9,https://m.media-amazon.com/images/I/61RTWtYAGRL._FMwebp__.jpg,false,,,,{},0,,,,,{},1786103852053
578007,20,00646,1,10,,amazon.com,,"https://www.amazon.com/s?k=strawberries&i=samedaystore&crid=1E2QJW9TUIM1M&sprefix=mil,samedaystore,348&ref=nb_sb_noss_2",Featured,B0GSTGDDPR,"All Season Strawberry Seeds for Home Garden Planting, Perennial Herbaceous Plant - 2500 Seeds/Pack",,[],9.98,9.98,0,3.5,18,,false,amazon.com,serp,true,100,,B0GSTGDDPR,https://www.amazon.com/Season-Strawberry-Planting-Perennial-Herbaceous/dp/B0GSTGDDPR/ref=sr_1_10?crid=1E2QJW9TUIM1M&dib=eyJ2IjoiMSJ9.daI5AgOqfWVZKrIg_nqXBXhIjU5fNw8iguBr3j6ZQS1mS3E0-TfV6qV416B8sspMCMUIdvm1t0YrFF8tLPKaZqJj71nPnaUuJZP-T4Tla2mMmVu_bOxg99n-mAlJoGxM46JGxqw-QK7EaJwkneNvd88JlQWWRjm3CX2gIuQ6py4khaRRCWFly2WMYaPodGaZ2qpQHDAy63niMw0Usoh3iq9X-22prifAIL3NvTWpDwY.dLa4L-vOjAypdQyY5qZG97F0KB3MkIvR73gQeNGnICA&dib_tag=se&keywords=strawberries&qid=1786103840&s=samedaystore&sprefix=mil%2Csamedaystore%2C348&sr=1-10,https://m.media-amazon.com/images/I/81xLcMDHjbL._FMwebp__.jpg,false,,,,{},0,,,,"Join Prime to get FREE delivery Mon, Aug 10Or Non-members get FREE delivery Wed, Aug 12 on $35 of items shipped by Amazon","{""delivery"":""Join Prime to get FREE delivery Mon, Aug 10Or Non-members get FREE delivery Wed, Aug 12 on $35 of items shipped by Amazon""}",1786103852053
578008,20,00646,1,11,,amazon.com,,"https://www.amazon.com/s?k=strawberries&i=samedaystore&crid=1E2QJW9TUIM1M&sprefix=mil,samedaystore,348&ref=nb_sb_noss_2",Featured,B002XOHZWC,"Chef'n Original Stem Gem Strawberry Huller, Red/Green - 102-138-005",,[],8,8,0,4.6,15027,,false,amazon.com,serp,true,3000,,B002XOHZWC,https://www.amazon.com/Chefn-27466-StemGem-Strawberry-Huller/dp/B002XOHZWC/ref=sr_1_11?crid=1E2QJW9TUIM1M&dib=eyJ2IjoiMSJ9.daI5AgOqfWVZKrIg_nqXBXhIjU5fNw8iguBr3j6ZQS1mS3E0-TfV6qV416B8sspMCMUIdvm1t0YrFF8tLPKaZqJj71nPnaUuJZP-T4Tla2mMmVu_bOxg99n-mAlJoGxM46JGxqw-QK7EaJwkneNvd88JlQWWRjm3CX2gIuQ6py4khaRRCWFly2WMYaPodGaZ2qpQHDAy63niMw0Usoh3iq9X-22prifAIL3NvTWpDwY.dLa4L-vOjAypdQyY5qZG97F0KB3MkIvR73gQeNGnICA&dib_tag=se&keywords=strawberries&qid=1786103840&s=samedaystore&sprefix=mil%2Csamedaystore%2C348&sr=1-11,https://m.media-amazon.com/images/I/61rt3VOPtZL._FMwebp__.jpg,false,,,,{},0,,,,"Join Prime to get FREE delivery Mon, Aug 10Or Non-members get FREE delivery Wed, Aug 12 on $35 of items shipped by Amazon","{""delivery"":""Join Prime to get FREE delivery Mon, Aug 10Or Non-members get FREE delivery Wed, Aug 12 on $35 of items shipped by Amazon""}",1786103852053
578009,20,00646,1,12,,amazon.com,,"https://www.amazon.com/s?k=strawberries&i=samedaystore&crid=1E2QJW9TUIM1M&sprefix=mil,samedaystore,348&ref=nb_sb_noss_2",Featured,B0DD94HBMV,"Strawberry Bon Bons Hard Candy, 1 Pound (Approx. 75 pcs.), Strawberry Candy Individually Wrapped, Strawberry Candy, The Hampton Popcorn & Candy Company",,[],8.99,8.99,0,4.7,867,,false,amazon.com,serp,true,500,,B0DD94HBMV,https://www.amazon.com/Strawberry-Candy-Individually-Hampton-Company/dp/B0DD94HBMV/ref=sr_1_12?crid=1E2QJW9TUIM1M&dib=eyJ2IjoiMSJ9.daI5AgOqfWVZKrIg_nqXBXhIjU5fNw8iguBr3j6ZQS1mS3E0-TfV6qV416B8sspMCMUIdvm1t0YrFF8tLPKaZqJj71nPnaUuJZP-T4Tla2mMmVu_bOxg99n-mAlJoGxM46JGxqw-QK7EaJwkneNvd88JlQWWRjm3CX2gIuQ6py4khaRRCWFly2WMYaPodGaZ2qpQHDAy63niMw0Usoh3iq9X-22prifAIL3NvTWpDwY.dLa4L-vOjAypdQyY5qZG97F0KB3MkIvR73gQeNGnICA&dib_tag=se&keywords=strawberries&qid=1786103840&s=samedaystore&sprefix=mil%2Csamedaystore%2C348&sr=1-12,https://m.media-amazon.com/images/I/81cc7G69D9L._FMwebp__.jpg,false,,,,{},0,,,,"Join Prime to get FREE delivery Mon, Aug 10Or Non-members get FREE delivery Wed, Aug 12 on $35 of items shipped by Amazon","{""delivery"":""Join Prime to get FREE delivery Mon, Aug 10Or Non-members get FREE delivery Wed, Aug 12 on $35 of items shipped by Amazon""}",1786103852053
578010,20,00646,1,13,,amazon.com,,"https://www.amazon.com/s?k=strawberries&i=samedaystore&crid=1E2QJW9TUIM1M&sprefix=mil,samedaystore,348&ref=nb_sb_noss_2",Featured,B000VA2W0U,"HERSHEY'S Strawberry Flavored Syrup Bottle, 22 oz",,"[""Best Seller""]",4.79,4.79,0,4.6,2942,,false,amazon.com,serp,true,,,B000VA2W0U,https://www.amazon.com/HERSHEYS-Strawberry-Dessert-Topping-Beverage/dp/B000VA2W0U/ref=sr_1_13?crid=1E2QJW9TUIM1M&dib=eyJ2IjoiMSJ9.daI5AgOqfWVZKrIg_nqXBXhIjU5fNw8iguBr3j6ZQS1mS3E0-TfV6qV416B8sspMCMUIdvm1t0YrFF8tLPKaZqJj71nPnaUuJZP-T4Tla2mMmVu_bOxg99n-mAlJoGxM46JGxqw-QK7EaJwkneNvd88JlQWWRjm3CX2gIuQ6py4khaRRCWFly2WMYaPodGaZ2qpQHDAy63niMw0Usoh3iq9X-22prifAIL3NvTWpDwY.dLa4L-vOjAypdQyY5qZG97F0KB3MkIvR73gQeNGnICA&dib_tag=se&keywords=strawberries&qid=1786103840&s=samedaystore&sprefix=mil%2Csamedaystore%2C348&sr=1-13,https://m.media-amazon.com/images/I/71PmaZMjoNL._FMwebp__.jpg,false,,,,{},0,,,,"Join Prime to get FREE delivery Mon, Aug 10Or Non-members get FREE delivery Wed, Aug 12 on $35 of items shipped by Amazon","{""delivery"":""Join Prime to get FREE delivery Mon, Aug 10Or Non-members get FREE delivery Wed, Aug 12 on $35 of items shipped by Amazon""}",1786103852053
578011,20,00646,1,14,,amazon.com,,"https://www.amazon.com/s?k=strawberries&i=samedaystore&crid=1E2QJW9TUIM1M&sprefix=mil,samedaystore,348&ref=nb_sb_noss_2",Featured,B0BT8QKTG7,"Augason Farms Freeze Dried Sliced Strawberries Pouch 1.4 oz | Gluten Free Snack for Baking, Smoothies, and Emergency Storage, Healthy Individual Fruit Snacks 1.4 Ounces (4 Servings)",,[],6.38,6.38,0,4.6,10834,,false,amazon.com,serp,true,200,,B0BT8QKTG7,https://www.amazon.com/Freeze-Dried-Sliced-Strawberries-Resealable-Pouch/dp/B0BT8QKTG7/ref=sr_1_14?crid=1E2QJW9TUIM1M&dib=eyJ2IjoiMSJ9.daI5AgOqfWVZKrIg_nqXBXhIjU5fNw8iguBr3j6ZQS1mS3E0-TfV6qV416B8sspMCMUIdvm1t0YrFF8tLPKaZqJj71nPnaUuJZP-T4Tla2mMmVu_bOxg99n-mAlJoGxM46JGxqw-QK7EaJwkneNvd88JlQWWRjm3CX2gIuQ6py4khaRRCWFly2WMYaPodGaZ2qpQHDAy63niMw0Usoh3iq9X-22prifAIL3NvTWpDwY.dLa4L-vOjAypdQyY5qZG97F0KB3MkIvR73gQeNGnICA&dib_tag=se&keywords=strawberries&qid=1786103840&s=samedaystore&sprefix=mil%2Csamedaystore%2C348&sr=1-14,https://m.media-amazon.com/images/I/81RSryU5z3L._FMwebp__.jpg,false,,,,{},0,,,,"Join Prime to get FREE delivery Mon, Aug 10Or Non-members get FREE delivery Wed, Aug 12 on $35 of items shipped by Amazon","{""delivery"":""Join Prime to get FREE delivery Mon, Aug 10Or Non-members get FREE delivery Wed, Aug 12 on $35 of items shipped by Amazon""}",1786103852053
578012,20,00646,1,15,,amazon.com,,"https://www.amazon.com/s?k=strawberries&i=samedaystore&crid=1E2QJW9TUIM1M&sprefix=mil,samedaystore,348&ref=nb_sb_noss_2",Featured,B005IAXZOK,"McCormick Strawberry Extract With Other Natural Flavors, 1 fl oz",,[],0,0,0,4.6,3804,,false,amazon.com,serp,true,2000,,B005IAXZOK,https://www.amazon.com/Mccormick-Strawberry-Extract-Natural-Flavors/dp/B005IAXZOK/ref=sr_1_15?crid=1E2QJW9TUIM1M&dib=eyJ2IjoiMSJ9.daI5AgOqfWVZKrIg_nqXBXhIjU5fNw8iguBr3j6ZQS1mS3E0-TfV6qV416B8sspMCMUIdvm1t0YrFF8tLPKaZqJj71nPnaUuJZP-T4Tla2mMmVu_bOxg99n-mAlJoGxM46JGxqw-QK7EaJwkneNvd88JlQWWRjm3CX2gIuQ6py4khaRRCWFly2WMYaPodGaZ2qpQHDAy63niMw0Usoh3iq9X-22prifAIL3NvTWpDwY.dLa4L-vOjAypdQyY5qZG97F0KB3MkIvR73gQeNGnICA&dib_tag=se&keywords=strawberries&qid=1786103840&s=samedaystore&sprefix=mil%2Csamedaystore%2C348&sr=1-15,https://m.media-amazon.com/images/I/81G8Bm5ImQL._FMwebp__.jpg,false,,,,{},0,,,,,{},1786103852053
578013,20,00646,1,16,,amazon.com,,"https://www.amazon.com/s?k=strawberries&i=samedaystore&crid=1E2QJW9TUIM1M&sprefix=mil,samedaystore,348&ref=nb_sb_noss_2",Featured,B0FQDCP3MN,"Starbucks Refreshers Concentrate Strawberry Acai, Refreshing Drink, Cold Drinks 32 fl oz",,[],8.97,8.97,0,4.8,797,,false,amazon.com,serp,true,20000,,B0FQDCP3MN,https://www.amazon.com/Starbucks-Refreshers-Concentrate-Strawberry-Refreshing/dp/B0FQDCP3MN/ref=sr_1_16?crid=1E2QJW9TUIM1M&dib=eyJ2IjoiMSJ9.daI5AgOqfWVZKrIg_nqXBXhIjU5fNw8iguBr3j6ZQS1mS3E0-TfV6qV416B8sspMCMUIdvm1t0YrFF8tLPKaZqJj71nPnaUuJZP-T4Tla2mMmVu_bOxg99n-mAlJoGxM46JGxqw-QK7EaJwkneNvd88JlQWWRjm3CX2gIuQ6py4khaRRCWFly2WMYaPodGaZ2qpQHDAy63niMw0Usoh3iq9X-22prifAIL3NvTWpDwY.dLa4L-vOjAypdQyY5qZG97F0KB3MkIvR73gQeNGnICA&dib_tag=se&keywords=strawberries&qid=1786103840&s=samedaystore&sprefix=mil%2Csamedaystore%2C348&sr=1-16,https://m.media-amazon.com/images/I/51vGg9F37ML._FMwebp__.jpg,false,,,,{},0,,,,"Join Prime to get FREE delivery Mon, Aug 10Or Non-members get FREE delivery Wed, Aug 12 on $35 of items shipped by Amazon","{""delivery"":""Join Prime to get FREE delivery Mon, Aug 10Or Non-members get FREE delivery Wed, Aug 12 on $35 of items shipped by Amazon""}",1786103852053
578030,20,00659,1,1,,amazon.com,,"https://www.amazon.com/s?k=strawberries&i=samedaystore&crid=1E2QJW9TUIM1M&sprefix=mil,samedaystore,348&ref=nb_sb_noss_2",Featured,B000P6J0SM,"Strawberries, 1 Lb",,[],0,0,0,4.6,90826,,false,amazon.com,serp,false,100000,,B000P6J0SM,https://www.amazon.com/Fresh-Produce-Brands-May-Vary/dp/B000P6J0SM/ref=sr_1_1?crid=1E2QJW9TUIM1M&dib=eyJ2IjoiMSJ9.KPHXPro0VtrKa2wIE0vhL56_6oxR3p3yGapgLhQr5_tCeivicOIopkFpBB75gPSWSuQMJbq5_-W8j28yd1xJJPCi9-3T_sNX0ElJL0UnZdueW5jK8IzAhzvR49Wj9XKGgr0Ozt7Di0rx-XfTIDMJIEfhyV6JXVPmwvuUXQzP0IEj8y4mtTy75rhMf2FTAD5Qx-PDtGnW3oV0NOUstW60b9TXsWdM86JTnOi3cr2Wj00.d4oGOkPUUdpt3fKZVaijhF3La3Zi56cqKcgB07bn17s&dib_tag=se&keywords=strawberries&qid=1786103840&s=samedaystore&sprefix=mil%2Csamedaystore%2C348&sr=1-1,https://m.media-amazon.com/images/I/719HRHktywL._FMwebp__.jpg,false,,,,{},0,,,,,{},1786103854138
578031,20,00659,1,2,,amazon.com,,"https://www.amazon.com/s?k=strawberries&i=samedaystore&crid=1E2QJW9TUIM1M&sprefix=mil,samedaystore,348&ref=nb_sb_noss_2",Featured,B0FT35CP55,"Premium Freeze Dried Strawberry Slices | 7.05oz | No Sugar Added | in Resealable Jar Non-GMO, Vegan Snacks | Crunchy Wellsome Topping for Yogurt, Smoothie Bowls, Baking & On-the-Go Fruit Snack",,[],17.99,17.99,0,4.7,54,,false,amazon.com,serp,true,300,,B0FT35CP55,https://www.amazon.com/Premium-Strawberry-Resealable-Wellsome-Smoothie/dp/B0FT35CP55/ref=sr_1_2?crid=1E2QJW9TUIM1M&dib=eyJ2IjoiMSJ9.KPHXPro0VtrKa2wIE0vhL56_6oxR3p3yGapgLhQr5_tCeivicOIopkFpBB75gPSWSuQMJbq5_-W8j28yd1xJJPCi9-3T_sNX0ElJL0UnZdueW5jK8IzAhzvR49Wj9XKGgr0Ozt7Di0rx-XfTIDMJIEfhyV6JXVPmwvuUXQzP0IEj8y4mtTy75rhMf2FTAD5Qx-PDtGnW3oV0NOUstW60b9TXsWdM86JTnOi3cr2Wj00.d4oGOkPUUdpt3fKZVaijhF3La3Zi56cqKcgB07bn17s&dib_tag=se&keywords=strawberries&qid=1786103840&s=samedaystore&sprefix=mil%2Csamedaystore%2C348&sr=1-2,https://m.media-amazon.com/images/I/911yY8wECIL._FMwebp__.jpg,false,,,,{},0,,,,"FREE delivery Wed, Aug 12 on $35 of items shipped by Amazon","{""delivery"":""FREE delivery Wed, Aug 12 on $35 of items shipped by Amazon""}",1786103854138
578032,20,00659,1,3,,amazon.com,,"https://www.amazon.com/s?k=strawberries&i=samedaystore&crid=1E2QJW9TUIM1M&sprefix=mil,samedaystore,348&ref=nb_sb_noss_2",Featured,B002B8Z98W,"Organic Strawberries, 1 Lb",,[],0,0,0,4.6,40783,,false,amazon.com,serp,false,100000,,B002B8Z98W,https://www.amazon.com/Fresh-Produce-Brands-Vary-040/dp/B002B8Z98W/ref=sr_1_3?crid=1E2QJW9TUIM1M&dib=eyJ2IjoiMSJ9.KPHXPro0VtrKa2wIE0vhL56_6oxR3p3yGapgLhQr5_tCeivicOIopkFpBB75gPSWSuQMJbq5_-W8j28yd1xJJPCi9-3T_sNX0ElJL0UnZdueW5jK8IzAhzvR49Wj9XKGgr0Ozt7Di0rx-XfTIDMJIEfhyV6JXVPmwvuUXQzP0IEj8y4mtTy75rhMf2FTAD5Qx-PDtGnW3oV0NOUstW60b9TXsWdM86JTnOi3cr2Wj00.d4oGOkPUUdpt3fKZVaijhF3La3Zi56cqKcgB07bn17s&dib_tag=se&keywords=strawberries&qid=1786103840&s=samedaystore&sprefix=mil%2Csamedaystore%2C348&sr=1-3,https://m.media-amazon.com/images/I/71oKpKMVqTL._FMwebp__.jpg,false,,,,{},0,,,,,{},1786103854138
578033,20,00659,1,4,,amazon.com,,"https://www.amazon.com/s?k=strawberries&i=samedaystore&crid=1E2QJW9TUIM1M&sprefix=mil,samedaystore,348&ref=nb_sb_noss_2",Featured,B0BZ9TBY48,"Bonnie Plants Strawberry, Live Plant, 19.3 oz. (4-Pack)",,[],18.72,22.89,18.72,4.3,1069,,false,amazon.com,serp,true,900,,B0BZ9TBY48,https://www.amazon.com/Bonnie-Plants-Strawberry-Plant-4-Pack/dp/B0BZ9TBY48/ref=sr_1_4?crid=1E2QJW9TUIM1M&dib=eyJ2IjoiMSJ9.KPHXPro0VtrKa2wIE0vhL56_6oxR3p3yGapgLhQr5_tCeivicOIopkFpBB75gPSWSuQMJbq5_-W8j28yd1xJJPCi9-3T_sNX0ElJL0UnZdueW5jK8IzAhzvR49Wj9XKGgr0Ozt7Di0rx-XfTIDMJIEfhyV6JXVPmwvuUXQzP0IEj8y4mtTy75rhMf2FTAD5Qx-PDtGnW3oV0NOUstW60b9TXsWdM86JTnOi3cr2Wj00.d4oGOkPUUdpt3fKZVaijhF3La3Zi56cqKcgB07bn17s&dib_tag=se&keywords=strawberries&qid=1786103840&s=samedaystore&sprefix=mil%2Csamedaystore%2C348&sr=1-4,https://m.media-amazon.com/images/I/71jTWZBe4UL._FMwebp__.jpg,false,,,,{},0,,,,FREE delivery on $35 of items shipped by Amazon,"{""delivery"":""FREE delivery on $35 of items shipped by Amazon""}",1786103854138
578034,20,00659,1,5,,amazon.com,,"https://www.amazon.com/s?k=strawberries&i=samedaystore&crid=1E2QJW9TUIM1M&sprefix=mil,samedaystore,348&ref=nb_sb_noss_2",Featured,B000P6G12U,"Red Raspberries, 6 oz",,[],0,0,0,4.6,37207,,false,amazon.com,serp,false,100000,,B000P6G12U,https://www.amazon.com/Fresh-Produce-Brands-May-Vary/dp/B000P6G12U/ref=sr_1_5?crid=1E2QJW9TUIM1M&dib=eyJ2IjoiMSJ9.KPHXPro0VtrKa2wIE0vhL56_6oxR3p3yGapgLhQr5_tCeivicOIopkFpBB75gPSWSuQMJbq5_-W8j28yd1xJJPCi9-3T_sNX0ElJL0UnZdueW5jK8IzAhzvR49Wj9XKGgr0Ozt7Di0rx-XfTIDMJIEfhyV6JXVPmwvuUXQzP0IEj8y4mtTy75rhMf2FTAD5Qx-PDtGnW3oV0NOUstW60b9TXsWdM86JTnOi3cr2Wj00.d4oGOkPUUdpt3fKZVaijhF3La3Zi56cqKcgB07bn17s&dib_tag=se&keywords=strawberries&qid=1786103840&s=samedaystore&sprefix=mil%2Csamedaystore%2C348&sr=1-5,https://m.media-amazon.com/images/I/61lsVNuBxkL._FMwebp__.jpg,false,,,,{},0,,,,,{},1786103854138
578035,20,00659,1,6,,amazon.com,,"https://www.amazon.com/s?k=strawberries&i=samedaystore&crid=1E2QJW9TUIM1M&sprefix=mil,samedaystore,348&ref=nb_sb_noss_2",Featured,B0GSTGDDPR,"All Season Strawberry Seeds for Home Garden Planting, Perennial Herbaceous Plant - 2500 Seeds/Pack",,[],9.98,9.98,0,3.5,18,,false,amazon.com,serp,true,100,,B0GSTGDDPR,https://www.amazon.com/Season-Strawberry-Planting-Perennial-Herbaceous/dp/B0GSTGDDPR/ref=sr_1_6?crid=1E2QJW9TUIM1M&dib=eyJ2IjoiMSJ9.KPHXPro0VtrKa2wIE0vhL56_6oxR3p3yGapgLhQr5_tCeivicOIopkFpBB75gPSWSuQMJbq5_-W8j28yd1xJJPCi9-3T_sNX0ElJL0UnZdueW5jK8IzAhzvR49Wj9XKGgr0Ozt7Di0rx-XfTIDMJIEfhyV6JXVPmwvuUXQzP0IEj8y4mtTy75rhMf2FTAD5Qx-PDtGnW3oV0NOUstW60b9TXsWdM86JTnOi3cr2Wj00.d4oGOkPUUdpt3fKZVaijhF3La3Zi56cqKcgB07bn17s&dib_tag=se&keywords=strawberries&qid=1786103840&s=samedaystore&sprefix=mil%2Csamedaystore%2C348&sr=1-6,https://m.media-amazon.com/images/I/81xLcMDHjbL._FMwebp__.jpg,false,,,,{},0,,,,"Join Prime to get FREE delivery Mon, Aug 10Or Non-members get FREE delivery Wed, Aug 12 on $35 of items shipped by Amazon","{""delivery"":""Join Prime to get FREE delivery Mon, Aug 10Or Non-members get FREE delivery Wed, Aug 12 on $35 of items shipped by Amazon""}",1786103854138
578036,20,00659,1,7,,amazon.com,,"https://www.amazon.com/s?k=strawberries&i=samedaystore&crid=1E2QJW9TUIM1M&sprefix=mil,samedaystore,348&ref=nb_sb_noss_2",Featured,B008945XB0,"Augason Farms Freeze Dried Sliced Strawberries Can 6.5 oz | 18 Servings, Gluten Free Snack for Baking, Smoothies, and Emergency Storage, Healthy Individual Fruit Snacks, 6.5 Ounces",,[],18,18,0,4.6,10834,,false,amazon.com,serp,true,500,,B008945XB0,https://www.amazon.com/Augason-Farms-Freeze-Sliced-Strawberries/dp/B008945XB0/ref=sr_1_7?crid=1E2QJW9TUIM1M&dib=eyJ2IjoiMSJ9.KPHXPro0VtrKa2wIE0vhL56_6oxR3p3yGapgLhQr5_tCeivicOIopkFpBB75gPSWSuQMJbq5_-W8j28yd1xJJPCi9-3T_sNX0ElJL0UnZdueW5jK8IzAhzvR49Wj9XKGgr0Ozt7Di0rx-XfTIDMJIEfhyV6JXVPmwvuUXQzP0IEj8y4mtTy75rhMf2FTAD5Qx-PDtGnW3oV0NOUstW60b9TXsWdM86JTnOi3cr2Wj00.d4oGOkPUUdpt3fKZVaijhF3La3Zi56cqKcgB07bn17s&dib_tag=se&keywords=strawberries&qid=1786103840&s=samedaystore&sprefix=mil%2Csamedaystore%2C348&sr=1-7,https://m.media-amazon.com/images/I/71Y5VPm9QzL._FMwebp__.jpg,false,,,,{},0,,,,FREE delivery Aug 24 - Sep 5 on $35 of items shipped by Amazon,"{""delivery"":""FREE delivery Aug 24 - Sep 5 on $35 of items shipped by Amazon""}",1786103854138
578037,20,00659,1,8,,amazon.com,,"https://www.amazon.com/s?k=strawberries&i=samedaystore&crid=1E2QJW9TUIM1M&sprefix=mil,samedaystore,348&ref=nb_sb_noss_2",Featured,B09CGC6GM5,"Happy Village Organic Whole Dried Strawberries, 18 OZ Resealable Pack- Soft & Juicy, Kosher, Non-GMO, No Refined Sugar, Apple Juice Infused Dried Strawberry",,[],28.99,28.99,0,4.2,1872,,false,amazon.com,serp,true,800,,B09CGC6GM5,https://www.amazon.com/Organic-Strawberries-Happy-Village-Strawberry/dp/B09CGC6GM5/ref=sr_1_8?crid=1E2QJW9TUIM1M&dib=eyJ2IjoiMSJ9.KPHXPro0VtrKa2wIE0vhL56_6oxR3p3yGapgLhQr5_tCeivicOIopkFpBB75gPSWSuQMJbq5_-W8j28yd1xJJPCi9-3T_sNX0ElJL0UnZdueW5jK8IzAhzvR49Wj9XKGgr0Ozt7Di0rx-XfTIDMJIEfhyV6JXVPmwvuUXQzP0IEj8y4mtTy75rhMf2FTAD5Qx-PDtGnW3oV0NOUstW60b9TXsWdM86JTnOi3cr2Wj00.d4oGOkPUUdpt3fKZVaijhF3La3Zi56cqKcgB07bn17s&dib_tag=se&keywords=strawberries&qid=1786103840&s=samedaystore&sprefix=mil%2Csamedaystore%2C348&sr=1-8,https://m.media-amazon.com/images/I/815C40gH9OL._FMwebp__.jpg,false,,,,{},0,,,,"Join Prime to get FREE delivery Mon, Aug 10Or Non-members get FREE delivery Wed, Aug 12 on $35 of items shipped by Amazon","{""delivery"":""Join Prime to get FREE delivery Mon, Aug 10Or Non-members get FREE delivery Wed, Aug 12 on $35 of items shipped by Amazon""}",1786103854138
578038,20,00659,1,9,,amazon.com,,"https://www.amazon.com/s?k=strawberries&i=samedaystore&crid=1E2QJW9TUIM1M&sprefix=mil,samedaystore,348&ref=nb_sb_noss_2",Featured,B0FFMBS8Y1,"Amilutuo Freeze Dried Strawberries Pieces, 3.17OZ/90g Frozen Strawberries | Freeze Dried Fruit, Dehydrated Strawberries, Freeze Dried Snacks",,[],8.99,9.49,8.99,4.5,376,,false,amazon.com,serp,true,700,,B0FFMBS8Y1,https://www.amazon.com/Freeze-Strawberries-Pieces-Dehydrated-Preservatives/dp/B0FFMBS8Y1/ref=sr_1_9?crid=1E2QJW9TUIM1M&dib=eyJ2IjoiMSJ9.KPHXPro0VtrKa2wIE0vhL56_6oxR3p3yGapgLhQr5_tCeivicOIopkFpBB75gPSWSuQMJbq5_-W8j28yd1xJJPCi9-3T_sNX0ElJL0UnZdueW5jK8IzAhzvR49Wj9XKGgr0Ozt7Di0rx-XfTIDMJIEfhyV6JXVPmwvuUXQzP0IEj8y4mtTy75rhMf2FTAD5Qx-PDtGnW3oV0NOUstW60b9TXsWdM86JTnOi3cr2Wj00.d4oGOkPUUdpt3fKZVaijhF3La3Zi56cqKcgB07bn17s&dib_tag=se&keywords=strawberries&qid=1786103840&s=samedaystore&sprefix=mil%2Csamedaystore%2C348&sr=1-9,https://m.media-amazon.com/images/I/81RkuXeP7BL._FMwebp__.jpg,false,,,,{},0,,,,"FREE delivery Wed, Aug 12 on $35 of items shipped by Amazon","{""delivery"":""FREE delivery Wed, Aug 12 on $35 of items shipped by Amazon""}",1786103854138
578039,20,00659,1,10,,amazon.com,,"https://www.amazon.com/s?k=strawberries&i=samedaystore&crid=1E2QJW9TUIM1M&sprefix=mil,samedaystore,348&ref=nb_sb_noss_2",Featured,B077N7TR5G,Organic Blueberries Pint,,[],0,0,0,4.7,27829,,false,amazon.com,serp,false,100000,,B077N7TR5G,https://www.amazon.com/produce-aisle-112042-Organic-Blueberries/dp/B077N7TR5G/ref=sr_1_10?crid=1E2QJW9TUIM1M&dib=eyJ2IjoiMSJ9.KPHXPro0VtrKa2wIE0vhL56_6oxR3p3yGapgLhQr5_tCeivicOIopkFpBB75gPSWSuQMJbq5_-W8j28yd1xJJPCi9-3T_sNX0ElJL0UnZdueW5jK8IzAhzvR49Wj9XKGgr0Ozt7Di0rx-XfTIDMJIEfhyV6JXVPmwvuUXQzP0IEj8y4mtTy75rhMf2FTAD5Qx-PDtGnW3oV0NOUstW60b9TXsWdM86JTnOi3cr2Wj00.d4oGOkPUUdpt3fKZVaijhF3La3Zi56cqKcgB07bn17s&dib_tag=se&keywords=strawberries&qid=1786103840&s=samedaystore&sprefix=mil%2Csamedaystore%2C348&sr=1-10,https://m.media-amazon.com/images/I/61RTWtYAGRL._FMwebp__.jpg,false,,,,{},0,,,,,{},1786103854138
578040,20,00659,1,11,,amazon.com,,"https://www.amazon.com/s?k=strawberries&i=samedaystore&crid=1E2QJW9TUIM1M&sprefix=mil,samedaystore,348&ref=nb_sb_noss_2",Featured,B0F2HW7M1T,Lyrow 100 Pcs 100 Pieces Fake Artificial Strawberries 2.2inch/2.76inch/3.35inch Faux Realistic Strawberry Decor Plastic Simulation Fake Lifelike Fruit for Photography Prop Cabinet Party (2.76 Inch),,[],22.99,24.99,22.99,4.6,100,,false,amazon.com,serp,true,50,,B0F2HW7M1T,https://www.amazon.com/Lyrow-Artificial-Strawberries-Strawberry-Photography/dp/B0F2HW7M1T/ref=sr_1_11?crid=1E2QJW9TUIM1M&dib=eyJ2IjoiMSJ9.KPHXPro0VtrKa2wIE0vhL56_6oxR3p3yGapgLhQr5_tCeivicOIopkFpBB75gPSWSuQMJbq5_-W8j28yd1xJJPCi9-3T_sNX0ElJL0UnZdueW5jK8IzAhzvR49Wj9XKGgr0Ozt7Di0rx-XfTIDMJIEfhyV6JXVPmwvuUXQzP0IEj8y4mtTy75rhMf2FTAD5Qx-PDtGnW3oV0NOUstW60b9TXsWdM86JTnOi3cr2Wj00.d4oGOkPUUdpt3fKZVaijhF3La3Zi56cqKcgB07bn17s&dib_tag=se&keywords=strawberries&qid=1786103840&s=samedaystore&sprefix=mil%2Csamedaystore%2C348&sr=1-11,https://m.media-amazon.com/images/I/91lbWSgAVwL._FMwebp__.jpg,false,,,,{},0,,,,"FREE delivery Thu, Aug 20 on $35 of items shipped by Amazon","{""delivery"":""FREE delivery Thu, Aug 20 on $35 of items shipped by Amazon""}",1786103854138
578041,20,00659,1,12,,amazon.com,,"https://www.amazon.com/s?k=strawberries&i=samedaystore&crid=1E2QJW9TUIM1M&sprefix=mil,samedaystore,348&ref=nb_sb_noss_2",Featured,B0DD94HBMV,"Strawberry Bon Bons Hard Candy, 1 Pound (Approx. 75 pcs.), Strawberry Candy Individually Wrapped, Strawberry Candy, The Hampton Popcorn & Candy Company",,[],8.99,8.99,0,4.7,867,,false,amazon.com,serp,true,500,,B0DD94HBMV,https://www.amazon.com/Strawberry-Candy-Individually-Hampton-Company/dp/B0DD94HBMV/ref=sr_1_12?crid=1E2QJW9TUIM1M&dib=eyJ2IjoiMSJ9.KPHXPro0VtrKa2wIE0vhL56_6oxR3p3yGapgLhQr5_tCeivicOIopkFpBB75gPSWSuQMJbq5_-W8j28yd1xJJPCi9-3T_sNX0ElJL0UnZdueW5jK8IzAhzvR49Wj9XKGgr0Ozt7Di0rx-XfTIDMJIEfhyV6JXVPmwvuUXQzP0IEj8y4mtTy75rhMf2FTAD5Qx-PDtGnW3oV0NOUstW60b9TXsWdM86JTnOi3cr2Wj00.d4oGOkPUUdpt3fKZVaijhF3La3Zi56cqKcgB07bn17s&dib_tag=se&keywords=strawberries&qid=1786103840&s=samedaystore&sprefix=mil%2Csamedaystore%2C348&sr=1-12,https://m.media-amazon.com/images/I/81cc7G69D9L._FMwebp__.jpg,false,,,,{},0,,,,"Join Prime to get FREE delivery Mon, Aug 10Or Non-members get FREE delivery Wed, Aug 12 on $35 of items shipped by Amazon","{""delivery"":""Join Prime to get FREE delivery Mon, Aug 10Or Non-members get FREE delivery Wed, Aug 12 on $35 of items shipped by Amazon""}",1786103854138
578042,20,00659,1,13,,amazon.com,,"https://www.amazon.com/s?k=strawberries&i=samedaystore&crid=1E2QJW9TUIM1M&sprefix=mil,samedaystore,348&ref=nb_sb_noss_2",Featured,B002XOHZWC,"Chef'n Original Stem Gem Strawberry Huller, Red/Green - 102-138-005",,[],8,8,0,4.6,15027,,false,amazon.com,serp,true,3000,,B002XOHZWC,https://www.amazon.com/Chefn-27466-StemGem-Strawberry-Huller/dp/B002XOHZWC/ref=sr_1_13?crid=1E2QJW9TUIM1M&dib=eyJ2IjoiMSJ9.KPHXPro0VtrKa2wIE0vhL56_6oxR3p3yGapgLhQr5_tCeivicOIopkFpBB75gPSWSuQMJbq5_-W8j28yd1xJJPCi9-3T_sNX0ElJL0UnZdueW5jK8IzAhzvR49Wj9XKGgr0Ozt7Di0rx-XfTIDMJIEfhyV6JXVPmwvuUXQzP0IEj8y4mtTy75rhMf2FTAD5Qx-PDtGnW3oV0NOUstW60b9TXsWdM86JTnOi3cr2Wj00.d4oGOkPUUdpt3fKZVaijhF3La3Zi56cqKcgB07bn17s&dib_tag=se&keywords=strawberries&qid=1786103840&s=samedaystore&sprefix=mil%2Csamedaystore%2C348&sr=1-13,https://m.media-amazon.com/images/I/61rt3VOPtZL._FMwebp__.jpg,false,,,,{},0,,,,"Join Prime to get FREE delivery Mon, Aug 10Or Non-members get FREE delivery Wed, Aug 12 on $35 of items shipped by Amazon","{""delivery"":""Join Prime to get FREE delivery Mon, Aug 10Or Non-members get FREE delivery Wed, Aug 12 on $35 of items shipped by Amazon""}",1786103854138
578043,20,00659,1,14,,amazon.com,,"https://www.amazon.com/s?k=strawberries&i=samedaystore&crid=1E2QJW9TUIM1M&sprefix=mil,samedaystore,348&ref=nb_sb_noss_2",Featured,B000VA2W0U,"HERSHEY'S Strawberry Flavored Syrup Bottle, 22 oz",,"[""Best Seller""]",4.79,4.79,0,4.6,2942,,false,amazon.com,serp,true,,,B000VA2W0U,https://www.amazon.com/HERSHEYS-Strawberry-Dessert-Topping-Beverage/dp/B000VA2W0U/ref=sr_1_14?crid=1E2QJW9TUIM1M&dib=eyJ2IjoiMSJ9.KPHXPro0VtrKa2wIE0vhL56_6oxR3p3yGapgLhQr5_tCeivicOIopkFpBB75gPSWSuQMJbq5_-W8j28yd1xJJPCi9-3T_sNX0ElJL0UnZdueW5jK8IzAhzvR49Wj9XKGgr0Ozt7Di0rx-XfTIDMJIEfhyV6JXVPmwvuUXQzP0IEj8y4mtTy75rhMf2FTAD5Qx-PDtGnW3oV0NOUstW60b9TXsWdM86JTnOi3cr2Wj00.d4oGOkPUUdpt3fKZVaijhF3La3Zi56cqKcgB07bn17s&dib_tag=se&keywords=strawberries&qid=1786103840&s=samedaystore&sprefix=mil%2Csamedaystore%2C348&sr=1-14,https://m.media-amazon.com/images/I/71PmaZMjoNL._FMwebp__.jpg,false,,,,{},0,,,,"Join Prime to get FREE delivery Mon, Aug 10Or Non-members get FREE delivery Wed, Aug 12 on $35 of items shipped by Amazon","{""delivery"":""Join Prime to get FREE delivery Mon, Aug 10Or Non-members get FREE delivery Wed, Aug 12 on $35 of items shipped by Amazon""}",1786103854138
578044,20,00659,1,15,,amazon.com,,"https://www.amazon.com/s?k=strawberries&i=samedaystore&crid=1E2QJW9TUIM1M&sprefix=mil,samedaystore,348&ref=nb_sb_noss_2",Featured,B0BT8QKTG7,"Augason Farms Freeze Dried Sliced Strawberries Pouch 1.4 oz | Gluten Free Snack for Baking, Smoothies, and Emergency Storage, Healthy Individual Fruit Snacks 1.4 Ounces (4 Servings)",,[],6.38,6.38,0,4.6,10834,,false,amazon.com,serp,true,200,,B0BT8QKTG7,https://www.amazon.com/Freeze-Dried-Sliced-Strawberries-Resealable-Pouch/dp/B0BT8QKTG7/ref=sr_1_15?crid=1E2QJW9TUIM1M&dib=eyJ2IjoiMSJ9.KPHXPro0VtrKa2wIE0vhL56_6oxR3p3yGapgLhQr5_tCeivicOIopkFpBB75gPSWSuQMJbq5_-W8j28yd1xJJPCi9-3T_sNX0ElJL0UnZdueW5jK8IzAhzvR49Wj9XKGgr0Ozt7Di0rx-XfTIDMJIEfhyV6JXVPmwvuUXQzP0IEj8y4mtTy75rhMf2FTAD5Qx-PDtGnW3oV0NOUstW60b9TXsWdM86JTnOi3cr2Wj00.d4oGOkPUUdpt3fKZVaijhF3La3Zi56cqKcgB07bn17s&dib_tag=se&keywords=strawberries&qid=1786103840&s=samedaystore&sprefix=mil%2Csamedaystore%2C348&sr=1-15,https://m.media-amazon.com/images/I/81RSryU5z3L._FMwebp__.jpg,false,,,,{},0,,,,"Join Prime to get FREE delivery Mon, Aug 10Or Non-members get FREE delivery Wed, Aug 12 on $35 of items shipped by Amazon","{""delivery"":""Join Prime to get FREE delivery Mon, Aug 10Or Non-members get FREE delivery Wed, Aug 12 on $35 of items shipped by Amazon""}",1786103854138
578045,20,00659,1,16,,amazon.com,,"https://www.amazon.com/s?k=strawberries&i=samedaystore&crid=1E2QJW9TUIM1M&sprefix=mil,samedaystore,348&ref=nb_sb_noss_2",Featured,B0FQDCP3MN,"Starbucks Refreshers Concentrate Strawberry Acai, Refreshing Drink, Cold Drinks 32 fl oz",,[],8.97,8.97,0,4.8,797,,false,amazon.com,serp,true,20000,,B0FQDCP3MN,https://www.amazon.com/Starbucks-Refreshers-Concentrate-Strawberry-Refreshing/dp/B0FQDCP3MN/ref=sr_1_16?crid=1E2QJW9TUIM1M&dib=eyJ2IjoiMSJ9.KPHXPro0VtrKa2wIE0vhL56_6oxR3p3yGapgLhQr5_tCeivicOIopkFpBB75gPSWSuQMJbq5_-W8j28yd1xJJPCi9-3T_sNX0ElJL0UnZdueW5jK8IzAhzvR49Wj9XKGgr0Ozt7Di0rx-XfTIDMJIEfhyV6JXVPmwvuUXQzP0IEj8y4mtTy75rhMf2FTAD5Qx-PDtGnW3oV0NOUstW60b9TXsWdM86JTnOi3cr2Wj00.d4oGOkPUUdpt3fKZVaijhF3La3Zi56cqKcgB07bn17s&dib_tag=se&keywords=strawberries&qid=1786103840&s=samedaystore&sprefix=mil%2Csamedaystore%2C348&sr=1-16,https://m.media-amazon.com/images/I/51vGg9F37ML._FMwebp__.jpg,false,,,,{},0,,,,"Join Prime to get FREE delivery Mon, Aug 10Or Non-members get FREE delivery Wed, Aug 12 on $35 of items shipped by Amazon","{""delivery"":""Join Prime to get FREE delivery Mon, Aug 10Or Non-members get FREE delivery Wed, Aug 12 on $35 of items shipped by Amazon""}",1786103854138
577966,20,00662,1,1,,amazon.com,,"https://www.amazon.com/s?k=strawberries&i=samedaystore&crid=1E2QJW9TUIM1M&sprefix=mil,samedaystore,348&ref=nb_sb_noss_2",Featured,B000P6J0SM,"Strawberries, 1 Lb",,[],0,0,0,4.6,90826,,false,amazon.com,serp,false,100000,,B000P6J0SM,https://www.amazon.com/Fresh-Produce-Brands-May-Vary/dp/B000P6J0SM/ref=sr_1_1?crid=1E2QJW9TUIM1M&dib=eyJ2IjoiMSJ9.KPHXPro0VtrKa2wIE0vhL56_6oxR3p3yGapgLhQr5_u8Ifk53eZ-vm_5fq2IsO0hfAesdrLCp9QUwU7bRNtcqrn9cLvSR5z7KAIjBiEguF9OkiR8u1gzZeh850qLhWW0WlDxG2_BjYQc0caLA-4ysTMdwUpu4WNQXy5mQ5r4n3Uj8y4mtTy75rhMf2FTAD5Qx-PDtGnW3oV0NOUstW60b8Qb7R1MtuqD3KCvfcNpyQs.t0t4HYYQdcu0CZWM0g4LXfWjQLWA__jgS8lbQLQn1b0&dib_tag=se&keywords=strawberries&qid=1786103842&s=samedaystore&sprefix=mil%2Csamedaystore%2C348&sr=1-1,https://m.media-amazon.com/images/I/719HRHktywL._FMwebp__.jpg,false,,,,{},0,,,,,{},1786103846804
577967,20,00662,1,2,,amazon.com,,"https://www.amazon.com/s?k=strawberries&i=samedaystore&crid=1E2QJW9TUIM1M&sprefix=mil,samedaystore,348&ref=nb_sb_noss_2",Featured,B0FT35CP55,"Premium Freeze Dried Strawberry Slices | 7.05oz | No Sugar Added | in Resealable Jar Non-GMO, Vegan Snacks | Crunchy Wellsome Topping for Yogurt, Smoothie Bowls, Baking & On-the-Go Fruit Snack",,[],17.99,17.99,0,4.7,54,,false,amazon.com,serp,true,300,,B0FT35CP55,https://www.amazon.com/Premium-Strawberry-Resealable-Wellsome-Smoothie/dp/B0FT35CP55/ref=sr_1_2?crid=1E2QJW9TUIM1M&dib=eyJ2IjoiMSJ9.KPHXPro0VtrKa2wIE0vhL56_6oxR3p3yGapgLhQr5_u8Ifk53eZ-vm_5fq2IsO0hfAesdrLCp9QUwU7bRNtcqrn9cLvSR5z7KAIjBiEguF9OkiR8u1gzZeh850qLhWW0WlDxG2_BjYQc0caLA-4ysTMdwUpu4WNQXy5mQ5r4n3Uj8y4mtTy75rhMf2FTAD5Qx-PDtGnW3oV0NOUstW60b8Qb7R1MtuqD3KCvfcNpyQs.t0t4HYYQdcu0CZWM0g4LXfWjQLWA__jgS8lbQLQn1b0&dib_tag=se&keywords=strawberries&qid=1786103842&s=samedaystore&sprefix=mil%2Csamedaystore%2C348&sr=1-2,https://m.media-amazon.com/images/I/911yY8wECIL._FMwebp__.jpg,false,,,,{},0,,,,"FREE delivery Wed, Aug 12 on $35 of items shipped by Amazon","{""delivery"":""FREE delivery Wed, Aug 12 on $35 of items shipped by Amazon""}",1786103846804
577968,20,00662,1,3,,amazon.com,,"https://www.amazon.com/s?k=strawberries&i=samedaystore&crid=1E2QJW9TUIM1M&sprefix=mil,samedaystore,348&ref=nb_sb_noss_2",Featured,B002B8Z98W,"Organic Strawberries, 1 Lb",,[],0,0,0,4.6,40783,,false,amazon.com,serp,false,100000,,B002B8Z98W,https://www.amazon.com/Fresh-Produce-Brands-Vary-040/dp/B002B8Z98W/ref=sr_1_3?crid=1E2QJW9TUIM1M&dib=eyJ2IjoiMSJ9.KPHXPro0VtrKa2wIE0vhL56_6oxR3p3yGapgLhQr5_u8Ifk53eZ-vm_5fq2IsO0hfAesdrLCp9QUwU7bRNtcqrn9cLvSR5z7KAIjBiEguF9OkiR8u1gzZeh850qLhWW0WlDxG2_BjYQc0caLA-4ysTMdwUpu4WNQXy5mQ5r4n3Uj8y4mtTy75rhMf2FTAD5Qx-PDtGnW3oV0NOUstW60b8Qb7R1MtuqD3KCvfcNpyQs.t0t4HYYQdcu0CZWM0g4LXfWjQLWA__jgS8lbQLQn1b0&dib_tag=se&keywords=strawberries&qid=1786103842&s=samedaystore&sprefix=mil%2Csamedaystore%2C348&sr=1-3,https://m.media-amazon.com/images/I/71oKpKMVqTL._FMwebp__.jpg,false,,,,{},0,,,,,{},1786103846804
577969,20,00662,1,4,,amazon.com,,"https://www.amazon.com/s?k=strawberries&i=samedaystore&crid=1E2QJW9TUIM1M&sprefix=mil,samedaystore,348&ref=nb_sb_noss_2",Featured,B0H3WF82FB,"Rich Sweetness Strawberry Live Plants (10 Pack) – Everbearing Strawberry Starts for Outdoor Gardens & Containers – Sweet, Large Red Berries – Non-GMO Fruit Plants",,[],16.99,16.99,0,3.9,31,,false,amazon.com,serp,true,400,,B0H3WF82FB,https://www.amazon.com/Rich-Sweetness-Strawberry-Live-Plants/dp/B0H3WF82FB/ref=sr_1_4?crid=1E2QJW9TUIM1M&dib=eyJ2IjoiMSJ9.KPHXPro0VtrKa2wIE0vhL56_6oxR3p3yGapgLhQr5_u8Ifk53eZ-vm_5fq2IsO0hfAesdrLCp9QUwU7bRNtcqrn9cLvSR5z7KAIjBiEguF9OkiR8u1gzZeh850qLhWW0WlDxG2_BjYQc0caLA-4ysTMdwUpu4WNQXy5mQ5r4n3Uj8y4mtTy75rhMf2FTAD5Qx-PDtGnW3oV0NOUstW60b8Qb7R1MtuqD3KCvfcNpyQs.t0t4HYYQdcu0CZWM0g4LXfWjQLWA__jgS8lbQLQn1b0&dib_tag=se&keywords=strawberries&qid=1786103842&s=samedaystore&sprefix=mil%2Csamedaystore%2C348&sr=1-4,https://m.media-amazon.com/images/I/71ioFeujtzL._FMwebp__.jpg,false,,,,{},0,,,,FREE delivery Aug 17 - 20,"{""delivery"":""FREE delivery Aug 17 - 20""}",1786103846804
577970,20,00662,1,5,,amazon.com,,"https://www.amazon.com/s?k=strawberries&i=samedaystore&crid=1E2QJW9TUIM1M&sprefix=mil,samedaystore,348&ref=nb_sb_noss_2",Featured,B0BZ9TBY48,"Bonnie Plants Strawberry, Live Plant, 19.3 oz. (4-Pack)",,[],18.72,22.89,18.72,4.3,1069,,false,amazon.com,serp,true,900,,B0BZ9TBY48,https://www.amazon.com/Bonnie-Plants-Strawberry-Plant-4-Pack/dp/B0BZ9TBY48/ref=sr_1_5?crid=1E2QJW9TUIM1M&dib=eyJ2IjoiMSJ9.KPHXPro0VtrKa2wIE0vhL56_6oxR3p3yGapgLhQr5_u8Ifk53eZ-vm_5fq2IsO0hfAesdrLCp9QUwU7bRNtcqrn9cLvSR5z7KAIjBiEguF9OkiR8u1gzZeh850qLhWW0WlDxG2_BjYQc0caLA-4ysTMdwUpu4WNQXy5mQ5r4n3Uj8y4mtTy75rhMf2FTAD5Qx-PDtGnW3oV0NOUstW60b8Qb7R1MtuqD3KCvfcNpyQs.t0t4HYYQdcu0CZWM0g4LXfWjQLWA__jgS8lbQLQn1b0&dib_tag=se&keywords=strawberries&qid=1786103842&s=samedaystore&sprefix=mil%2Csamedaystore%2C348&sr=1-5,https://m.media-amazon.com/images/I/71jTWZBe4UL._FMwebp__.jpg,false,,,,{},0,,,,FREE delivery on $35 of items shipped by Amazon,"{""delivery"":""FREE delivery on $35 of items shipped by Amazon""}",1786103846804
577971,20,00662,1,6,,amazon.com,,"https://www.amazon.com/s?k=strawberries&i=samedaystore&crid=1E2QJW9TUIM1M&sprefix=mil,samedaystore,348&ref=nb_sb_noss_2",Featured,B000P6G12U,"Red Raspberries, 6 oz",,[],0,0,0,4.6,37207,,false,amazon.com,serp,false,100000,,B000P6G12U,https://www.amazon.com/Fresh-Produce-Brands-May-Vary/dp/B000P6G12U/ref=sr_1_6?crid=1E2QJW9TUIM1M&dib=eyJ2IjoiMSJ9.KPHXPro0VtrKa2wIE0vhL56_6oxR3p3yGapgLhQr5_u8Ifk53eZ-vm_5fq2IsO0hfAesdrLCp9QUwU7bRNtcqrn9cLvSR5z7KAIjBiEguF9OkiR8u1gzZeh850qLhWW0WlDxG2_BjYQc0caLA-4ysTMdwUpu4WNQXy5mQ5r4n3Uj8y4mtTy75rhMf2FTAD5Qx-PDtGnW3oV0NOUstW60b8Qb7R1MtuqD3KCvfcNpyQs.t0t4HYYQdcu0CZWM0g4LXfWjQLWA__jgS8lbQLQn1b0&dib_tag=se&keywords=strawberries&qid=1786103842&s=samedaystore&sprefix=mil%2Csamedaystore%2C348&sr=1-6,https://m.media-amazon.com/images/I/61lsVNuBxkL._FMwebp__.jpg,false,,,,{},0,,,,,{},1786103846804
577972,20,00662,1,7,,amazon.com,,"https://www.amazon.com/s?k=strawberries&i=samedaystore&crid=1E2QJW9TUIM1M&sprefix=mil,samedaystore,348&ref=nb_sb_noss_2",Featured,B008945XB0,"Augason Farms Freeze Dried Sliced Strawberries Can 6.5 oz | 18 Servings, Gluten Free Snack for Baking, Smoothies, and Emergency Storage, Healthy Individual Fruit Snacks, 6.5 Ounces",,[],18,18,0,4.6,10834,,false,amazon.com,serp,true,500,,B008945XB0,https://www.amazon.com/Augason-Farms-Freeze-Sliced-Strawberries/dp/B008945XB0/ref=sr_1_7?crid=1E2QJW9TUIM1M&dib=eyJ2IjoiMSJ9.KPHXPro0VtrKa2wIE0vhL56_6oxR3p3yGapgLhQr5_u8Ifk53eZ-vm_5fq2IsO0hfAesdrLCp9QUwU7bRNtcqrn9cLvSR5z7KAIjBiEguF9OkiR8u1gzZeh850qLhWW0WlDxG2_BjYQc0caLA-4ysTMdwUpu4WNQXy5mQ5r4n3Uj8y4mtTy75rhMf2FTAD5Qx-PDtGnW3oV0NOUstW60b8Qb7R1MtuqD3KCvfcNpyQs.t0t4HYYQdcu0CZWM0g4LXfWjQLWA__jgS8lbQLQn1b0&dib_tag=se&keywords=strawberries&qid=1786103842&s=samedaystore&sprefix=mil%2Csamedaystore%2C348&sr=1-7,https://m.media-amazon.com/images/I/71Y5VPm9QzL._FMwebp__.jpg,false,,,,{},0,,,,FREE delivery Aug 24 - Sep 5 on $35 of items shipped by Amazon,"{""delivery"":""FREE delivery Aug 24 - Sep 5 on $35 of items shipped by Amazon""}",1786103846804
577973,20,00662,1,8,,amazon.com,,"https://www.amazon.com/s?k=strawberries&i=samedaystore&crid=1E2QJW9TUIM1M&sprefix=mil,samedaystore,348&ref=nb_sb_noss_2",Featured,B09CGC6GM5,"Happy Village Organic Whole Dried Strawberries, 18 OZ Resealable Pack- Soft & Juicy, Kosher, Non-GMO, No Refined Sugar, Apple Juice Infused Dried Strawberry",,[],28.99,28.99,0,4.2,1872,,false,amazon.com,serp,true,800,,B09CGC6GM5,https://www.amazon.com/Organic-Strawberries-Happy-Village-Strawberry/dp/B09CGC6GM5/ref=sr_1_8?crid=1E2QJW9TUIM1M&dib=eyJ2IjoiMSJ9.KPHXPro0VtrKa2wIE0vhL56_6oxR3p3yGapgLhQr5_u8Ifk53eZ-vm_5fq2IsO0hfAesdrLCp9QUwU7bRNtcqrn9cLvSR5z7KAIjBiEguF9OkiR8u1gzZeh850qLhWW0WlDxG2_BjYQc0caLA-4ysTMdwUpu4WNQXy5mQ5r4n3Uj8y4mtTy75rhMf2FTAD5Qx-PDtGnW3oV0NOUstW60b8Qb7R1MtuqD3KCvfcNpyQs.t0t4HYYQdcu0CZWM0g4LXfWjQLWA__jgS8lbQLQn1b0&dib_tag=se&keywords=strawberries&qid=1786103842&s=samedaystore&sprefix=mil%2Csamedaystore%2C348&sr=1-8,https://m.media-amazon.com/images/I/815C40gH9OL._FMwebp__.jpg,false,,,,{},0,,,,"FREE delivery Wed, Aug 12 on $35 of items shipped by Amazon","{""delivery"":""FREE delivery Wed, Aug 12 on $35 of items shipped by Amazon""}",1786103846804
577974,20,00662,1,9,,amazon.com,,"https://www.amazon.com/s?k=strawberries&i=samedaystore&crid=1E2QJW9TUIM1M&sprefix=mil,samedaystore,348&ref=nb_sb_noss_2",Featured,B0GSTGDDPR,"All Season Strawberry Seeds for Home Garden Planting, Perennial Herbaceous Plant - 2500 Seeds/Pack",,[],9.98,9.98,0,3.5,18,,false,amazon.com,serp,true,100,,B0GSTGDDPR,https://www.amazon.com/Season-Strawberry-Planting-Perennial-Herbaceous/dp/B0GSTGDDPR/ref=sr_1_9?crid=1E2QJW9TUIM1M&dib=eyJ2IjoiMSJ9.KPHXPro0VtrKa2wIE0vhL56_6oxR3p3yGapgLhQr5_u8Ifk53eZ-vm_5fq2IsO0hfAesdrLCp9QUwU7bRNtcqrn9cLvSR5z7KAIjBiEguF9OkiR8u1gzZeh850qLhWW0WlDxG2_BjYQc0caLA-4ysTMdwUpu4WNQXy5mQ5r4n3Uj8y4mtTy75rhMf2FTAD5Qx-PDtGnW3oV0NOUstW60b8Qb7R1MtuqD3KCvfcNpyQs.t0t4HYYQdcu0CZWM0g4LXfWjQLWA__jgS8lbQLQn1b0&dib_tag=se&keywords=strawberries&qid=1786103842&s=samedaystore&sprefix=mil%2Csamedaystore%2C348&sr=1-9,https://m.media-amazon.com/images/I/81xLcMDHjbL._FMwebp__.jpg,false,,,,{},0,,,,"FREE delivery Wed, Aug 12 on $35 of items shipped by Amazon","{""delivery"":""FREE delivery Wed, Aug 12 on $35 of items shipped by Amazon""}",1786103846804
577975,20,00662,1,10,,amazon.com,,"https://www.amazon.com/s?k=strawberries&i=samedaystore&crid=1E2QJW9TUIM1M&sprefix=mil,samedaystore,348&ref=nb_sb_noss_2",Featured,B077N7TR5G,Organic Blueberries Pint,,[],0,0,0,4.7,27829,,false,amazon.com,serp,false,100000,,B077N7TR5G,https://www.amazon.com/produce-aisle-112042-Organic-Blueberries/dp/B077N7TR5G/ref=sr_1_10?crid=1E2QJW9TUIM1M&dib=eyJ2IjoiMSJ9.KPHXPro0VtrKa2wIE0vhL56_6oxR3p3yGapgLhQr5_u8Ifk53eZ-vm_5fq2IsO0hfAesdrLCp9QUwU7bRNtcqrn9cLvSR5z7KAIjBiEguF9OkiR8u1gzZeh850qLhWW0WlDxG2_BjYQc0caLA-4ysTMdwUpu4WNQXy5mQ5r4n3Uj8y4mtTy75rhMf2FTAD5Qx-PDtGnW3oV0NOUstW60b8Qb7R1MtuqD3KCvfcNpyQs.t0t4HYYQdcu0CZWM0g4LXfWjQLWA__jgS8lbQLQn1b0&dib_tag=se&keywords=strawberries&qid=1786103842&s=samedaystore&sprefix=mil%2Csamedaystore%2C348&sr=1-10,https://m.media-amazon.com/images/I/61RTWtYAGRL._FMwebp__.jpg,false,,,,{},0,,,,,{},1786103846804
577976,20,00662,1,11,,amazon.com,,"https://www.amazon.com/s?k=strawberries&i=samedaystore&crid=1E2QJW9TUIM1M&sprefix=mil,samedaystore,348&ref=nb_sb_noss_2",Featured,B0FFMBS8Y1,"Amilutuo Freeze Dried Strawberries Pieces, 3.17OZ/90g Frozen Strawberries | Freeze Dried Fruit, Dehydrated Strawberries, Freeze Dried Snacks",,[],8.99,9.49,8.99,4.5,376,,false,amazon.com,serp,true,700,,B0FFMBS8Y1,https://www.amazon.com/Freeze-Strawberries-Pieces-Dehydrated-Preservatives/dp/B0FFMBS8Y1/ref=sr_1_11?crid=1E2QJW9TUIM1M&dib=eyJ2IjoiMSJ9.KPHXPro0VtrKa2wIE0vhL56_6oxR3p3yGapgLhQr5_u8Ifk53eZ-vm_5fq2IsO0hfAesdrLCp9QUwU7bRNtcqrn9cLvSR5z7KAIjBiEguF9OkiR8u1gzZeh850qLhWW0WlDxG2_BjYQc0caLA-4ysTMdwUpu4WNQXy5mQ5r4n3Uj8y4mtTy75rhMf2FTAD5Qx-PDtGnW3oV0NOUstW60b8Qb7R1MtuqD3KCvfcNpyQs.t0t4HYYQdcu0CZWM0g4LXfWjQLWA__jgS8lbQLQn1b0&dib_tag=se&keywords=strawberries&qid=1786103842&s=samedaystore&sprefix=mil%2Csamedaystore%2C348&sr=1-11,https://m.media-amazon.com/images/I/81RkuXeP7BL._FMwebp__.jpg,false,,,,{},0,,,,"FREE delivery Wed, Aug 12 on $35 of items shipped by Amazon","{""delivery"":""FREE delivery Wed, Aug 12 on $35 of items shipped by Amazon""}",1786103846804
577977,20,00662,1,12,,amazon.com,,"https://www.amazon.com/s?k=strawberries&i=samedaystore&crid=1E2QJW9TUIM1M&sprefix=mil,samedaystore,348&ref=nb_sb_noss_2",Featured,B0DD94HBMV,"Strawberry Bon Bons Hard Candy, 1 Pound (Approx. 75 pcs.), Strawberry Candy Individually Wrapped, Strawberry Candy, The Hampton Popcorn & Candy Company",,[],8.99,8.99,0,4.7,867,,false,amazon.com,serp,true,500,,B0DD94HBMV,https://www.amazon.com/Strawberry-Candy-Individually-Hampton-Company/dp/B0DD94HBMV/ref=sr_1_12?crid=1E2QJW9TUIM1M&dib=eyJ2IjoiMSJ9.KPHXPro0VtrKa2wIE0vhL56_6oxR3p3yGapgLhQr5_u8Ifk53eZ-vm_5fq2IsO0hfAesdrLCp9QUwU7bRNtcqrn9cLvSR5z7KAIjBiEguF9OkiR8u1gzZeh850qLhWW0WlDxG2_BjYQc0caLA-4ysTMdwUpu4WNQXy5mQ5r4n3Uj8y4mtTy75rhMf2FTAD5Qx-PDtGnW3oV0NOUstW60b8Qb7R1MtuqD3KCvfcNpyQs.t0t4HYYQdcu0CZWM0g4LXfWjQLWA__jgS8lbQLQn1b0&dib_tag=se&keywords=strawberries&qid=1786103842&s=samedaystore&sprefix=mil%2Csamedaystore%2C348&sr=1-12,https://m.media-amazon.com/images/I/81cc7G69D9L._FMwebp__.jpg,false,,,,{},0,,,,"FREE delivery Wed, Aug 12 on $35 of items shipped by Amazon","{""delivery"":""FREE delivery Wed, Aug 12 on $35 of items shipped by Amazon""}",1786103846804
577978,20,00662,1,13,,amazon.com,,"https://www.amazon.com/s?k=strawberries&i=samedaystore&crid=1E2QJW9TUIM1M&sprefix=mil,samedaystore,348&ref=nb_sb_noss_2",Featured,B002XOHZWC,"Chef'n Original Stem Gem Strawberry Huller, Red/Green - 102-138-005",,[],8,8,0,4.6,15027,,false,amazon.com,serp,true,3000,,B002XOHZWC,https://www.amazon.com/Chefn-27466-StemGem-Strawberry-Huller/dp/B002XOHZWC/ref=sr_1_13?crid=1E2QJW9TUIM1M&dib=eyJ2IjoiMSJ9.KPHXPro0VtrKa2wIE0vhL56_6oxR3p3yGapgLhQr5_u8Ifk53eZ-vm_5fq2IsO0hfAesdrLCp9QUwU7bRNtcqrn9cLvSR5z7KAIjBiEguF9OkiR8u1gzZeh850qLhWW0WlDxG2_BjYQc0caLA-4ysTMdwUpu4WNQXy5mQ5r4n3Uj8y4mtTy75rhMf2FTAD5Qx-PDtGnW3oV0NOUstW60b8Qb7R1MtuqD3KCvfcNpyQs.t0t4HYYQdcu0CZWM0g4LXfWjQLWA__jgS8lbQLQn1b0&dib_tag=se&keywords=strawberries&qid=1786103842&s=samedaystore&sprefix=mil%2Csamedaystore%2C348&sr=1-13,https://m.media-amazon.com/images/I/61rt3VOPtZL._FMwebp__.jpg,false,,,,{},0,,,,"FREE delivery Wed, Aug 12 on $35 of items shipped by Amazon","{""delivery"":""FREE delivery Wed, Aug 12 on $35 of items shipped by Amazon""}",1786103846804
577979,20,00662,1,14,,amazon.com,,"https://www.amazon.com/s?k=strawberries&i=samedaystore&crid=1E2QJW9TUIM1M&sprefix=mil,samedaystore,348&ref=nb_sb_noss_2",Featured,B000VA2W0U,"HERSHEY'S Strawberry Flavored Syrup Bottle, 22 oz",,"[""Best Seller""]",4.79,4.79,0,4.6,2942,,false,amazon.com,serp,true,,,B000VA2W0U,https://www.amazon.com/HERSHEYS-Strawberry-Dessert-Topping-Beverage/dp/B000VA2W0U/ref=sr_1_14?crid=1E2QJW9TUIM1M&dib=eyJ2IjoiMSJ9.KPHXPro0VtrKa2wIE0vhL56_6oxR3p3yGapgLhQr5_u8Ifk53eZ-vm_5fq2IsO0hfAesdrLCp9QUwU7bRNtcqrn9cLvSR5z7KAIjBiEguF9OkiR8u1gzZeh850qLhWW0WlDxG2_BjYQc0caLA-4ysTMdwUpu4WNQXy5mQ5r4n3Uj8y4mtTy75rhMf2FTAD5Qx-PDtGnW3oV0NOUstW60b8Qb7R1MtuqD3KCvfcNpyQs.t0t4HYYQdcu0CZWM0g4LXfWjQLWA__jgS8lbQLQn1b0&dib_tag=se&keywords=strawberries&qid=1786103842&s=samedaystore&sprefix=mil%2Csamedaystore%2C348&sr=1-14,https://m.media-amazon.com/images/I/71PmaZMjoNL._FMwebp__.jpg,false,,,,{},0,,,,"FREE delivery Wed, Aug 12 on $35 of items shipped by Amazon","{""delivery"":""FREE delivery Wed, Aug 12 on $35 of items shipped by Amazon""}",1786103846804
577980,20,00662,1,15,,amazon.com,,"https://www.amazon.com/s?k=strawberries&i=samedaystore&crid=1E2QJW9TUIM1M&sprefix=mil,samedaystore,348&ref=nb_sb_noss_2",Featured,B0BT8QKTG7,"Augason Farms Freeze Dried Sliced Strawberries Pouch 1.4 oz | Gluten Free Snack for Baking, Smoothies, and Emergency Storage, Healthy Individual Fruit Snacks 1.4 Ounces (4 Servings)",,[],6.38,6.38,0,4.6,10834,,false,amazon.com,serp,true,200,,B0BT8QKTG7,https://www.amazon.com/Freeze-Dried-Sliced-Strawberries-Resealable-Pouch/dp/B0BT8QKTG7/ref=sr_1_15?crid=1E2QJW9TUIM1M&dib=eyJ2IjoiMSJ9.KPHXPro0VtrKa2wIE0vhL56_6oxR3p3yGapgLhQr5_u8Ifk53eZ-vm_5fq2IsO0hfAesdrLCp9QUwU7bRNtcqrn9cLvSR5z7KAIjBiEguF9OkiR8u1gzZeh850qLhWW0WlDxG2_BjYQc0caLA-4ysTMdwUpu4WNQXy5mQ5r4n3Uj8y4mtTy75rhMf2FTAD5Qx-PDtGnW3oV0NOUstW60b8Qb7R1MtuqD3KCvfcNpyQs.t0t4HYYQdcu0CZWM0g4LXfWjQLWA__jgS8lbQLQn1b0&dib_tag=se&keywords=strawberries&qid=1786103842&s=samedaystore&sprefix=mil%2Csamedaystore%2C348&sr=1-15,https://m.media-amazon.com/images/I/81RSryU5z3L._FMwebp__.jpg,false,,,,{},0,,,,"FREE delivery Wed, Aug 12 on $35 of items shipped by Amazon","{""delivery"":""FREE delivery Wed, Aug 12 on $35 of items shipped by Amazon""}",1786103846804
577981,20,00662,1,16,,amazon.com,,"https://www.amazon.com/s?k=strawberries&i=samedaystore&crid=1E2QJW9TUIM1M&sprefix=mil,samedaystore,348&ref=nb_sb_noss_2",Featured,B0F2HW7M1T,Lyrow 100 Pcs 100 Pieces Fake Artificial Strawberries 2.2inch/2.76inch/3.35inch Faux Realistic Strawberry Decor Plastic Simulation Fake Lifelike Fruit for Photography Prop Cabinet Party (2.76 Inch),,[],22.99,24.99,22.99,4.6,100,,false,amazon.com,serp,true,50,,B0F2HW7M1T,https://www.amazon.com/Lyrow-Artificial-Strawberries-Strawberry-Photography/dp/B0F2HW7M1T/ref=sr_1_16?crid=1E2QJW9TUIM1M&dib=eyJ2IjoiMSJ9.KPHXPro0VtrKa2wIE0vhL56_6oxR3p3yGapgLhQr5_u8Ifk53eZ-vm_5fq2IsO0hfAesdrLCp9QUwU7bRNtcqrn9cLvSR5z7KAIjBiEguF9OkiR8u1gzZeh850qLhWW0WlDxG2_BjYQc0caLA-4ysTMdwUpu4WNQXy5mQ5r4n3Uj8y4mtTy75rhMf2FTAD5Qx-PDtGnW3oV0NOUstW60b8Qb7R1MtuqD3KCvfcNpyQs.t0t4HYYQdcu0CZWM0g4LXfWjQLWA__jgS8lbQLQn1b0&dib_tag=se&keywords=strawberries&qid=1786103842&s=samedaystore&sprefix=mil%2Csamedaystore%2C348&sr=1-16,https://m.media-amazon.com/images/I/91lbWSgAVwL._FMwebp__.jpg,false,,,,{},0,,,,"FREE delivery Thu, Aug 20 on $35 of items shipped by Amazon","{""delivery"":""FREE delivery Thu, Aug 20 on $35 of items shipped by Amazon""}",1786103846804
578094,20,00674,1,1,,amazon.com,,"https://www.amazon.com/s?k=strawberries&i=samedaystore&crid=1E2QJW9TUIM1M&sprefix=mil,samedaystore,348&ref=nb_sb_noss_2",Featured,B0FFT929QL,"40Pcs Fake Strawberries Artificial Plastic Faux Fruit for Home Market | for Kitchen, Display, Party Decoration, Photography Props",,[],9.49,9.99,9.49,4.2,8,,false,amazon.com,serp,true,,,B0FFT929QL,https://www.amazon.com/jiebor-Strawberries-Artificial-Decoration-Photography/dp/B0FFT929QL/ref=sr_1_1?crid=1E2QJW9TUIM1M&dib=eyJ2IjoiMSJ9.xfG-TlsEGGWYo5WkVuBwnzjlInpyVb9uQ9MC5OHGHgJm4XMDajiU1pG6IGNImg5yswgpGaliyjnlLVEsvPXWLg95V65moswen8FZVh85o9ed8yBHW2tFqQbXnRuUs9XMZrRbyWzH5O7c0bSfRlph9RezcGKhTMuwcwzE9WMcCQCU-Pk5nJryATi4sXz6l70Fo_IAg7NYkzLkjFAyrD9R8oz58AYi0aZQgPfTD0g06wY.T9QWiKy5mAqVohUQhLGcxHDUuIFC-fxQ07_87aLES3s&dib_tag=se&keywords=strawberries&qid=1786103846&s=samedaystore&sprefix=mil%2Csamedaystore%2C348&sr=1-1,https://m.media-amazon.com/images/I/91Dv-Mei7-L._FMwebp__.jpg,false,,,,{},0,,,,"Join Prime to get FREE delivery Tomorrow, Aug 8Or Non-members get FREE delivery Wed, Aug 12 on $35 of items shipped by Amazon","{""delivery"":""Join Prime to get FREE delivery Tomorrow, Aug 8Or Non-members get FREE delivery Wed, Aug 12 on $35 of items shipped by Amazon""}",1786103859018
578095,20,00674,1,2,,amazon.com,,"https://www.amazon.com/s?k=strawberries&i=samedaystore&crid=1E2QJW9TUIM1M&sprefix=mil,samedaystore,348&ref=nb_sb_noss_2",Featured,B0DDC6STC6,"8.82oz Freeze Dried Strawberry Pieces, 100% Natural for Snacks & Baking | Premium Frozen Dried Strawberrys, No,Gluten, No Allergen, Sweet Fruit Flakes for Cooking, Baking and Flavorful Recipes",,[],14.99,14.99,0,4.2,551,,false,amazon.com,serp,true,2000,,B0DDC6STC6,https://www.amazon.com/Premium-Freeze-Dried-Strawberries-Pieces/dp/B0DDC6STC6/ref=sr_1_2?crid=1E2QJW9TUIM1M&dib=eyJ2IjoiMSJ9.xfG-TlsEGGWYo5WkVuBwnzjlInpyVb9uQ9MC5OHGHgJm4XMDajiU1pG6IGNImg5yswgpGaliyjnlLVEsvPXWLg95V65moswen8FZVh85o9ed8yBHW2tFqQbXnRuUs9XMZrRbyWzH5O7c0bSfRlph9RezcGKhTMuwcwzE9WMcCQCU-Pk5nJryATi4sXz6l70Fo_IAg7NYkzLkjFAyrD9R8oz58AYi0aZQgPfTD0g06wY.T9QWiKy5mAqVohUQhLGcxHDUuIFC-fxQ07_87aLES3s&dib_tag=se&keywords=strawberries&qid=1786103846&s=samedaystore&sprefix=mil%2Csamedaystore%2C348&sr=1-2,https://m.media-amazon.com/images/I/81xiHZ9luhL._FMwebp__.jpg,false,,,,{},0,,,,"Join Prime to get FREE delivery Tomorrow, Aug 8Or Non-members get FREE delivery Wed, Aug 12 on $35 of items shipped by Amazon","{""delivery"":""Join Prime to get FREE delivery Tomorrow, Aug 8Or Non-members get FREE delivery Wed, Aug 12 on $35 of items shipped by Amazon""}",1786103859018
578096,20,00674,1,3,,amazon.com,,"https://www.amazon.com/s?k=strawberries&i=samedaystore&crid=1E2QJW9TUIM1M&sprefix=mil,samedaystore,348&ref=nb_sb_noss_2",Featured,B0D8VVDH5K,"16 oz Freeze Dried Strawberries Whole – Bulk Dehydrated Fruit, Dry Berries | No Sugar or Additives Snacks – Premium Natural Dried Fruit, Perfect for Oatmeal, Cereal, Smoothies, Yogurt & Baking",,[],34.99,34.99,0,4.4,312,,false,amazon.com,serp,true,700,,B0D8VVDH5K,https://www.amazon.com/Whole-Freeze-Dried-Strawberries-Gluten-Free-Allergen-Free/dp/B0D8VVDH5K/ref=sr_1_3?crid=1E2QJW9TUIM1M&dib=eyJ2IjoiMSJ9.xfG-TlsEGGWYo5WkVuBwnzjlInpyVb9uQ9MC5OHGHgJm4XMDajiU1pG6IGNImg5yswgpGaliyjnlLVEsvPXWLg95V65moswen8FZVh85o9ed8yBHW2tFqQbXnRuUs9XMZrRbyWzH5O7c0bSfRlph9RezcGKhTMuwcwzE9WMcCQCU-Pk5nJryATi4sXz6l70Fo_IAg7NYkzLkjFAyrD9R8oz58AYi0aZQgPfTD0g06wY.T9QWiKy5mAqVohUQhLGcxHDUuIFC-fxQ07_87aLES3s&dib_tag=se&keywords=strawberries&qid=1786103846&rdc=1&s=samedaystore&sprefix=mil%2Csamedaystore%2C348&sr=1-3,https://m.media-amazon.com/images/I/81IvHkK6FcL._FMwebp__.jpg,false,,,,{},0,,,,"Join Prime to get FREE delivery Tomorrow, Aug 8Or Non-members get FREE delivery Wed, Aug 12 on $35 of items shipped by Amazon","{""delivery"":""Join Prime to get FREE delivery Tomorrow, Aug 8Or Non-members get FREE delivery Wed, Aug 12 on $35 of items shipped by Amazon""}",1786103859018
578097,20,00674,1,4,,amazon.com,,"https://www.amazon.com/s?k=strawberries&i=samedaystore&crid=1E2QJW9TUIM1M&sprefix=mil,samedaystore,348&ref=nb_sb_noss_2",Featured,B08TYCZ9K8,"Sunny Fruit Organic Soft-Dried Whole Strawberries (18 Ounce Bulk Bag) | Healthy & Convenient Snack Packs, Great for Baking, Snacking, Smoothies, Charcuterie, Non-GMO, Gluten-Free, Nut-Free, Kosher",,[],18,19.49,18,3.3,872,,false,amazon.com,serp,true,100,,B08TYCZ9K8,https://www.amazon.com/Dried-Strawberries-Healthy-NON-GMO-GLUTEN-FREE/dp/B08TYCZ9K8/ref=sr_1_4?crid=1E2QJW9TUIM1M&dib=eyJ2IjoiMSJ9.xfG-TlsEGGWYo5WkVuBwnzjlInpyVb9uQ9MC5OHGHgJm4XMDajiU1pG6IGNImg5yswgpGaliyjnlLVEsvPXWLg95V65moswen8FZVh85o9ed8yBHW2tFqQbXnRuUs9XMZrRbyWzH5O7c0bSfRlph9RezcGKhTMuwcwzE9WMcCQCU-Pk5nJryATi4sXz6l70Fo_IAg7NYkzLkjFAyrD9R8oz58AYi0aZQgPfTD0g06wY.T9QWiKy5mAqVohUQhLGcxHDUuIFC-fxQ07_87aLES3s&dib_tag=se&keywords=strawberries&qid=1786103846&s=samedaystore&sprefix=mil%2Csamedaystore%2C348&sr=1-4,https://m.media-amazon.com/images/I/71JGwd0lBxL._FMwebp__.jpg,false,,,,{},0,,,,"FREE delivery Thu, Aug 13","{""delivery"":""FREE delivery Thu, Aug 13""}",1786103859018
578098,20,00674,1,5,,amazon.com,,"https://www.amazon.com/s?k=strawberries&i=samedaystore&crid=1E2QJW9TUIM1M&sprefix=mil,samedaystore,348&ref=nb_sb_noss_2",Featured,B0F2TDGP52,300PCS Giant Strawberry Seeds Everbearing Fragaria Fruit Seeds,,[],7.59,7.59,0,3.4,161,,false,amazon.com,serp,true,100,,B0F2TDGP52,https://www.amazon.com/300PCS-Giant-Strawberry-Everbearing-Fragaria/dp/B0F2TDGP52/ref=sr_1_5?crid=1E2QJW9TUIM1M&dib=eyJ2IjoiMSJ9.xfG-TlsEGGWYo5WkVuBwnzjlInpyVb9uQ9MC5OHGHgJm4XMDajiU1pG6IGNImg5yswgpGaliyjnlLVEsvPXWLg95V65moswen8FZVh85o9ed8yBHW2tFqQbXnRuUs9XMZrRbyWzH5O7c0bSfRlph9RezcGKhTMuwcwzE9WMcCQCU-Pk5nJryATi4sXz6l70Fo_IAg7NYkzLkjFAyrD9R8oz58AYi0aZQgPfTD0g06wY.T9QWiKy5mAqVohUQhLGcxHDUuIFC-fxQ07_87aLES3s&dib_tag=se&keywords=strawberries&qid=1786103846&s=samedaystore&sprefix=mil%2Csamedaystore%2C348&sr=1-5,https://m.media-amazon.com/images/I/71u4uXgsNTL._FMwebp__.jpg,false,,,,{},0,,,,"Join Prime to get FREE delivery Tomorrow, Aug 8Or Non-members get FREE delivery Wed, Aug 12 on $35 of items shipped by Amazon","{""delivery"":""Join Prime to get FREE delivery Tomorrow, Aug 8Or Non-members get FREE delivery Wed, Aug 12 on $35 of items shipped by Amazon""}",1786103859018
578099,20,00674,1,6,,amazon.com,,"https://www.amazon.com/s?k=strawberries&i=samedaystore&crid=1E2QJW9TUIM1M&sprefix=mil,samedaystore,348&ref=nb_sb_noss_2",Featured,B0FFMBS8Y1,"Amilutuo Freeze Dried Strawberries Pieces, 3.17OZ/90g Frozen Strawberries | Freeze Dried Fruit, Dehydrated Strawberries, Freeze Dried Snacks",,[],8.99,9.49,8.99,4.5,376,,false,amazon.com,serp,true,700,,B0FFMBS8Y1,https://www.amazon.com/Freeze-Strawberries-Pieces-Dehydrated-Preservatives/dp/B0FFMBS8Y1/ref=sr_1_6?crid=1E2QJW9TUIM1M&dib=eyJ2IjoiMSJ9.xfG-TlsEGGWYo5WkVuBwnzjlInpyVb9uQ9MC5OHGHgJm4XMDajiU1pG6IGNImg5yswgpGaliyjnlLVEsvPXWLg95V65moswen8FZVh85o9ed8yBHW2tFqQbXnRuUs9XMZrRbyWzH5O7c0bSfRlph9RezcGKhTMuwcwzE9WMcCQCU-Pk5nJryATi4sXz6l70Fo_IAg7NYkzLkjFAyrD9R8oz58AYi0aZQgPfTD0g06wY.T9QWiKy5mAqVohUQhLGcxHDUuIFC-fxQ07_87aLES3s&dib_tag=se&keywords=strawberries&qid=1786103846&s=samedaystore&sprefix=mil%2Csamedaystore%2C348&sr=1-6,https://m.media-amazon.com/images/I/81RkuXeP7BL._FMwebp__.jpg,false,,,,{},0,,,,"Join Prime to get FREE delivery Tomorrow, Aug 8Or Non-members get FREE delivery Wed, Aug 12 on $35 of items shipped by Amazon","{""delivery"":""Join Prime to get FREE delivery Tomorrow, Aug 8Or Non-members get FREE delivery Wed, Aug 12 on $35 of items shipped by Amazon""}",1786103859018
578100,20,00674,1,7,,amazon.com,,"https://www.amazon.com/s?k=strawberries&i=samedaystore&crid=1E2QJW9TUIM1M&sprefix=mil,samedaystore,348&ref=nb_sb_noss_2",Featured,B01HTNAVGI,"Annie's Organic Fruit Tape, Strawberry & Berry Variety Pack (Pack of 12) | Fruit-Flavored Snacks (6 of Each Flavor), Great for Lunchboxes, Gluten-Free, No High Fructose Corn Syrup, 9 oz",,"[""Best Seller""]",7.49,7.49,0,4.7,7053,,false,amazon.com,serp,true,20000,,B01HTNAVGI,https://www.amazon.com/Annies-Strawberry-Organic-Really-Variety/dp/B01HTNAVGI/ref=sr_1_7?crid=1E2QJW9TUIM1M&dib=eyJ2IjoiMSJ9.xfG-TlsEGGWYo5WkVuBwnzjlInpyVb9uQ9MC5OHGHgJm4XMDajiU1pG6IGNImg5yswgpGaliyjnlLVEsvPXWLg95V65moswen8FZVh85o9ed8yBHW2tFqQbXnRuUs9XMZrRbyWzH5O7c0bSfRlph9RezcGKhTMuwcwzE9WMcCQCU-Pk5nJryATi4sXz6l70Fo_IAg7NYkzLkjFAyrD9R8oz58AYi0aZQgPfTD0g06wY.T9QWiKy5mAqVohUQhLGcxHDUuIFC-fxQ07_87aLES3s&dib_tag=se&keywords=strawberries&qid=1786103846&s=samedaystore&sprefix=mil%2Csamedaystore%2C348&sr=1-7,https://m.media-amazon.com/images/I/71kE72k7seL._FMwebp__.jpg,false,,,,{},0,,,,"Join Prime to get FREE delivery Tomorrow, Aug 8Or Non-members get FREE delivery Wed, Aug 12 on $35 of items shipped by Amazon","{""delivery"":""Join Prime to get FREE delivery Tomorrow, Aug 8Or Non-members get FREE delivery Wed, Aug 12 on $35 of items shipped by Amazon""}",1786103859018
578101,20,00674,1,8,,amazon.com,,"https://www.amazon.com/s?k=strawberries&i=samedaystore&crid=1E2QJW9TUIM1M&sprefix=mil,samedaystore,348&ref=nb_sb_noss_2",Featured,B0C7TMNBRB,"Premium Freeze Dried Strawberries Pieces 6.5 Oz/185g,Frozen Dried Strawberry,100% Natural & No Additives.",,[],13.95,13.95,0,4.3,1611,,false,amazon.com,serp,true,1000,,B0C7TMNBRB,https://www.amazon.com/Premium-Strawberries-Strawberry-Natural-Additives/dp/B0C7TMNBRB/ref=sr_1_8?crid=1E2QJW9TUIM1M&dib=eyJ2IjoiMSJ9.xfG-TlsEGGWYo5WkVuBwnzjlInpyVb9uQ9MC5OHGHgJm4XMDajiU1pG6IGNImg5yswgpGaliyjnlLVEsvPXWLg95V65moswen8FZVh85o9ed8yBHW2tFqQbXnRuUs9XMZrRbyWzH5O7c0bSfRlph9RezcGKhTMuwcwzE9WMcCQCU-Pk5nJryATi4sXz6l70Fo_IAg7NYkzLkjFAyrD9R8oz58AYi0aZQgPfTD0g06wY.T9QWiKy5mAqVohUQhLGcxHDUuIFC-fxQ07_87aLES3s&dib_tag=se&keywords=strawberries&qid=1786103846&s=samedaystore&sprefix=mil%2Csamedaystore%2C348&sr=1-8,https://m.media-amazon.com/images/I/71Z-H36NWtL._FMwebp__.jpg,false,,,,{},0,,,,"Join Prime to get FREE delivery Tomorrow, Aug 8Or Non-members get FREE delivery Wed, Aug 12 on $35 of items shipped by Amazon","{""delivery"":""Join Prime to get FREE delivery Tomorrow, Aug 8Or Non-members get FREE delivery Wed, Aug 12 on $35 of items shipped by Amazon""}",1786103859018
578102,20,00674,1,9,,amazon.com,,"https://www.amazon.com/s?k=strawberries&i=samedaystore&crid=1E2QJW9TUIM1M&sprefix=mil,samedaystore,348&ref=nb_sb_noss_2",Featured,B09CGC6GM5,"Happy Village Organic Whole Dried Strawberries, 18 OZ Resealable Pack- Soft & Juicy, Kosher, Non-GMO, No Refined Sugar, Apple Juice Infused Dried Strawberry",,[],28.99,28.99,0,4.2,1872,,false,amazon.com,serp,true,800,,B09CGC6GM5,https://www.amazon.com/Organic-Strawberries-Happy-Village-Strawberry/dp/B09CGC6GM5/ref=sr_1_9?crid=1E2QJW9TUIM1M&dib=eyJ2IjoiMSJ9.xfG-TlsEGGWYo5WkVuBwnzjlInpyVb9uQ9MC5OHGHgJm4XMDajiU1pG6IGNImg5yswgpGaliyjnlLVEsvPXWLg95V65moswen8FZVh85o9ed8yBHW2tFqQbXnRuUs9XMZrRbyWzH5O7c0bSfRlph9RezcGKhTMuwcwzE9WMcCQCU-Pk5nJryATi4sXz6l70Fo_IAg7NYkzLkjFAyrD9R8oz58AYi0aZQgPfTD0g06wY.T9QWiKy5mAqVohUQhLGcxHDUuIFC-fxQ07_87aLES3s&dib_tag=se&keywords=strawberries&qid=1786103846&s=samedaystore&sprefix=mil%2Csamedaystore%2C348&sr=1-9,https://m.media-amazon.com/images/I/815C40gH9OL._FMwebp__.jpg,false,,,,{},0,,,,"Join Prime to get FREE delivery Tomorrow, Aug 8Or Non-members get FREE delivery Wed, Aug 12 on $35 of items shipped by Amazon","{""delivery"":""Join Prime to get FREE delivery Tomorrow, Aug 8Or Non-members get FREE delivery Wed, Aug 12 on $35 of items shipped by Amazon""}",1786103859018
578103,20,00674,1,10,,amazon.com,,"https://www.amazon.com/s?k=strawberries&i=samedaystore&crid=1E2QJW9TUIM1M&sprefix=mil,samedaystore,348&ref=nb_sb_noss_2",Featured,B074J5KFHG,"365 by Whole Foods Market, Organic Strawberry Fruit Spread, 17 Ounce, Red",,[],4.99,4.99,0,4.7,8545,,false,amazon.com,serp,true,10000,,B074J5KFHG,https://www.amazon.com/365-Everyday-Value-Strawberry-Conserve/dp/B074J5KFHG/ref=sr_1_10?crid=1E2QJW9TUIM1M&dib=eyJ2IjoiMSJ9.xfG-TlsEGGWYo5WkVuBwnzjlInpyVb9uQ9MC5OHGHgJm4XMDajiU1pG6IGNImg5yswgpGaliyjnlLVEsvPXWLg95V65moswen8FZVh85o9ed8yBHW2tFqQbXnRuUs9XMZrRbyWzH5O7c0bSfRlph9RezcGKhTMuwcwzE9WMcCQCU-Pk5nJryATi4sXz6l70Fo_IAg7NYkzLkjFAyrD9R8oz58AYi0aZQgPfTD0g06wY.T9QWiKy5mAqVohUQhLGcxHDUuIFC-fxQ07_87aLES3s&dib_tag=se&keywords=strawberries&qid=1786103846&rdc=1&s=samedaystore&sprefix=mil%2Csamedaystore%2C348&sr=1-10,https://m.media-amazon.com/images/I/51BHarMerML._FMwebp__.jpg,false,,,,{},0,,,,"Join Prime to get FREE delivery Tomorrow, Aug 8Or Non-members get FREE delivery Wed, Aug 12 on $35 of items shipped by Amazon","{""delivery"":""Join Prime to get FREE delivery Tomorrow, Aug 8Or Non-members get FREE delivery Wed, Aug 12 on $35 of items shipped by Amazon""}",1786103859018
578104,20,00674,1,11,,amazon.com,,"https://www.amazon.com/s?k=strawberries&i=samedaystore&crid=1E2QJW9TUIM1M&sprefix=mil,samedaystore,348&ref=nb_sb_noss_2",Featured,B0C9PLML31,"Micro Ingredients Organic Strawberries Sliced, 6.4oz | 100% Natural Fruit | Freeze Dried Strawberry Source | No Sugar & Additives | Healthy Snack & Topping for Beverages or Recipes | Non-GMO, Vegan",,[],29.99,29.99,0,4.6,527,,false,amazon.com,serp,true,1000,,B0C9PLML31,https://www.amazon.com/Organic-Strawberries-Chocolate-Shortcake-Smoothies/dp/B0C9PLML31/ref=sr_1_11?crid=1E2QJW9TUIM1M&dib=eyJ2IjoiMSJ9.xfG-TlsEGGWYo5WkVuBwnzjlInpyVb9uQ9MC5OHGHgJm4XMDajiU1pG6IGNImg5yswgpGaliyjnlLVEsvPXWLg95V65moswen8FZVh85o9ed8yBHW2tFqQbXnRuUs9XMZrRbyWzH5O7c0bSfRlph9RezcGKhTMuwcwzE9WMcCQCU-Pk5nJryATi4sXz6l70Fo_IAg7NYkzLkjFAyrD9R8oz58AYi0aZQgPfTD0g06wY.T9QWiKy5mAqVohUQhLGcxHDUuIFC-fxQ07_87aLES3s&dib_tag=se&keywords=strawberries&qid=1786103846&rdc=1&s=samedaystore&sprefix=mil%2Csamedaystore%2C348&sr=1-11,https://m.media-amazon.com/images/I/71U6BYTvHdL._FMwebp__.jpg,false,,,,{},0,,,,"Join Prime to get FREE delivery Tomorrow, Aug 8Or Non-members get FREE delivery Wed, Aug 12 on $35 of items shipped by Amazon","{""delivery"":""Join Prime to get FREE delivery Tomorrow, Aug 8Or Non-members get FREE delivery Wed, Aug 12 on $35 of items shipped by Amazon""}",1786103859018
578105,20,00674,1,12,,amazon.com,,"https://www.amazon.com/s?k=strawberries&i=samedaystore&crid=1E2QJW9TUIM1M&sprefix=mil,samedaystore,348&ref=nb_sb_noss_2",Featured,B0B7KCJY32,"Crispy Green Freeze-Dried Strawberry Fruit Snacks, 0.42 Oz (Pack of 12) | 100% Pure Fruit, All-Natural, No Added Sugar, No Preservatives, Single-Serve Bags for Healthy Snacks & School Lunches",,[],29.99,29.99,0,4.4,1253,,false,amazon.com,serp,true,1000,,B0B7KCJY32,https://www.amazon.com/Crispy-Green-Freeze-Dried-Single-Serve-Strawberry/dp/B0B7KCJY32/ref=sr_1_12?crid=1E2QJW9TUIM1M&dib=eyJ2IjoiMSJ9.xfG-TlsEGGWYo5WkVuBwnzjlInpyVb9uQ9MC5OHGHgJm4XMDajiU1pG6IGNImg5yswgpGaliyjnlLVEsvPXWLg95V65moswen8FZVh85o9ed8yBHW2tFqQbXnRuUs9XMZrRbyWzH5O7c0bSfRlph9RezcGKhTMuwcwzE9WMcCQCU-Pk5nJryATi4sXz6l70Fo_IAg7NYkzLkjFAyrD9R8oz58AYi0aZQgPfTD0g06wY.T9QWiKy5mAqVohUQhLGcxHDUuIFC-fxQ07_87aLES3s&dib_tag=se&keywords=strawberries&qid=1786103846&rdc=1&s=samedaystore&sprefix=mil%2Csamedaystore%2C348&sr=1-12,https://m.media-amazon.com/images/I/611+X6LFytL._FMwebp__.jpg,false,,,,{},0,,,,"Join Prime to get FREE delivery Tomorrow, Aug 8Or Non-members get FREE delivery Wed, Aug 12 on $35 of items shipped by Amazon","{""delivery"":""Join Prime to get FREE delivery Tomorrow, Aug 8Or Non-members get FREE delivery Wed, Aug 12 on $35 of items shipped by Amazon""}",1786103859018
578106,20,00674,1,13,,amazon.com,,"https://www.amazon.com/s?k=strawberries&i=samedaystore&crid=1E2QJW9TUIM1M&sprefix=mil,samedaystore,348&ref=nb_sb_noss_2",Featured,B09Q3GGQ7Q,"Oh! Nuts Dried Strawberries - 1 LB - Sweetened Dried Fruit - Dehydrated Fruit Bites - Packed in New York Zip-Seal Bag for Exceptional Freshness | Dried strawberries sweetened - Dehydrated strawberries, dried strawberry slices, 1lb bulk pack",,[],18,18,0,4.2,489,,false,amazon.com,serp,true,50,,B09Q3GGQ7Q,https://www.amazon.com/Oh-Nuts-Strawberries-Confectionery-Antioxidants/dp/B09Q3GGQ7Q/ref=sr_1_13?crid=1E2QJW9TUIM1M&dib=eyJ2IjoiMSJ9.xfG-TlsEGGWYo5WkVuBwnzjlInpyVb9uQ9MC5OHGHgJm4XMDajiU1pG6IGNImg5yswgpGaliyjnlLVEsvPXWLg95V65moswen8FZVh85o9ed8yBHW2tFqQbXnRuUs9XMZrRbyWzH5O7c0bSfRlph9RezcGKhTMuwcwzE9WMcCQCU-Pk5nJryATi4sXz6l70Fo_IAg7NYkzLkjFAyrD9R8oz58AYi0aZQgPfTD0g06wY.T9QWiKy5mAqVohUQhLGcxHDUuIFC-fxQ07_87aLES3s&dib_tag=se&keywords=strawberries&qid=1786103846&s=samedaystore&sprefix=mil%2Csamedaystore%2C348&sr=1-13,https://m.media-amazon.com/images/I/814ZaZY+oFL._FMwebp__.jpg,false,,,,{},0,,,,"Join Prime to get FREE delivery Tomorrow, Aug 8Or Non-members get FREE delivery Wed, Aug 12 on $35 of items shipped by Amazon","{""delivery"":""Join Prime to get FREE delivery Tomorrow, Aug 8Or Non-members get FREE delivery Wed, Aug 12 on $35 of items shipped by Amazon""}",1786103859018
578107,20,00674,1,14,,amazon.com,,"https://www.amazon.com/s?k=strawberries&i=samedaystore&crid=1E2QJW9TUIM1M&sprefix=mil,samedaystore,348&ref=nb_sb_noss_2",Featured,B0FFK8X9V4,Freeze-Dried Strawberries – Premium Sliced | #10 Can | 25-Year Shelf Life | Emergency Food & Clean Snacking,,[],24.99,24.99,0,4.2,150,,false,amazon.com,serp,true,500,,B0FFK8X9V4,https://www.amazon.com/Freeze-Dried-Strawberries-Premium-Emergency-Snacking/dp/B0FFK8X9V4/ref=sr_1_14?crid=1E2QJW9TUIM1M&dib=eyJ2IjoiMSJ9.xfG-TlsEGGWYo5WkVuBwnzjlInpyVb9uQ9MC5OHGHgJm4XMDajiU1pG6IGNImg5yswgpGaliyjnlLVEsvPXWLg95V65moswen8FZVh85o9ed8yBHW2tFqQbXnRuUs9XMZrRbyWzH5O7c0bSfRlph9RezcGKhTMuwcwzE9WMcCQCU-Pk5nJryATi4sXz6l70Fo_IAg7NYkzLkjFAyrD9R8oz58AYi0aZQgPfTD0g06wY.T9QWiKy5mAqVohUQhLGcxHDUuIFC-fxQ07_87aLES3s&dib_tag=se&keywords=strawberries&qid=1786103846&s=samedaystore&sprefix=mil%2Csamedaystore%2C348&sr=1-14,https://m.media-amazon.com/images/I/71sWZbxsizL._FMwebp__.jpg,false,,,,{},0,,,,"Join Prime to get FREE delivery Tomorrow, Aug 8Or Non-members get FREE delivery Wed, Aug 12 on $35 of items shipped by Amazon","{""delivery"":""Join Prime to get FREE delivery Tomorrow, Aug 8Or Non-members get FREE delivery Wed, Aug 12 on $35 of items shipped by Amazon""}",1786103859018
578108,20,00674,1,15,,amazon.com,,"https://www.amazon.com/s?k=strawberries&i=samedaystore&crid=1E2QJW9TUIM1M&sprefix=mil,samedaystore,348&ref=nb_sb_noss_2",Featured,B001944BH4,"Brothers All Natural Freeze Dried Fruit Crisps, Strawberry | 0.26 Oz (Pack of 24), Made with 100% Fruit, Gluten Free, Soy Free, No Sugar Added, Vegan, Healthy Snack, Lunch Box Ready",,[],36.99,36.99,0,4.6,10446,,false,amazon.com,serp,true,700,,B001944BH4,https://www.amazon.com/Brothers-ALL-Natural-Fruit-Crisps-Strawberry-Ounce/dp/B001944BH4/ref=sr_1_15?crid=1E2QJW9TUIM1M&dib=eyJ2IjoiMSJ9.xfG-TlsEGGWYo5WkVuBwnzjlInpyVb9uQ9MC5OHGHgJm4XMDajiU1pG6IGNImg5yswgpGaliyjnlLVEsvPXWLg95V65moswen8FZVh85o9ed8yBHW2tFqQbXnRuUs9XMZrRbyWzH5O7c0bSfRlph9RezcGKhTMuwcwzE9WMcCQCU-Pk5nJryATi4sXz6l70Fo_IAg7NYkzLkjFAyrD9R8oz58AYi0aZQgPfTD0g06wY.T9QWiKy5mAqVohUQhLGcxHDUuIFC-fxQ07_87aLES3s&dib_tag=se&keywords=strawberries&qid=1786103846&s=samedaystore&sprefix=mil%2Csamedaystore%2C348&sr=1-15,https://m.media-amazon.com/images/I/614V0kFbBrL._FMwebp__.jpg,false,,,,{},0,,,,"Join Prime to get FREE delivery Tomorrow, Aug 8Or Non-members get FREE delivery Wed, Aug 12","{""delivery"":""Join Prime to get FREE delivery Tomorrow, Aug 8Or Non-members get FREE delivery Wed, Aug 12""}",1786103859018
578109,20,00674,1,16,,amazon.com,,"https://www.amazon.com/s?k=strawberries&i=samedaystore&crid=1E2QJW9TUIM1M&sprefix=mil,samedaystore,348&ref=nb_sb_noss_2",Featured,B0CKKHWGLM,"Anthony's Organic Strawberry Powder, 12 oz, Freeze Dried, Gluten Free, No Sugar Added, Non GMO",,[],22.19,22.19,0,4.4,710,,false,amazon.com,serp,true,1000,,B0CKKHWGLM,https://www.amazon.com/Anthonys-Organic-Strawberry-Powder-Freeze/dp/B0CKKHWGLM/ref=sr_1_16?crid=1E2QJW9TUIM1M&dib=eyJ2IjoiMSJ9.xfG-TlsEGGWYo5WkVuBwnzjlInpyVb9uQ9MC5OHGHgJm4XMDajiU1pG6IGNImg5yswgpGaliyjnlLVEsvPXWLg95V65moswen8FZVh85o9ed8yBHW2tFqQbXnRuUs9XMZrRbyWzH5O7c0bSfRlph9RezcGKhTMuwcwzE9WMcCQCU-Pk5nJryATi4sXz6l70Fo_IAg7NYkzLkjFAyrD9R8oz58AYi0aZQgPfTD0g06wY.T9QWiKy5mAqVohUQhLGcxHDUuIFC-fxQ07_87aLES3s&dib_tag=se&keywords=strawberries&qid=1786103846&s=samedaystore&sprefix=mil%2Csamedaystore%2C348&sr=1-16,https://m.media-amazon.com/images/I/81-veaR5EKL._FMwebp__.jpg,false,,,,{},0,,,,"Join Prime to get FREE delivery Tomorrow, Aug 8Or Non-members get FREE delivery Wed, Aug 12 on $35 of items shipped by Amazon","{""delivery"":""Join Prime to get FREE delivery Tomorrow, Aug 8Or Non-members get FREE delivery Wed, Aug 12 on $35 of items shipped by Amazon""}",1786103859018
578062,20,00680,1,1,,amazon.com,,"https://www.amazon.com/s?k=strawberries&i=samedaystore&crid=1E2QJW9TUIM1M&sprefix=mil,samedaystore,348&ref=nb_sb_noss_2",Featured,B000P6J0SM,"Strawberries, 1 Lb",,[],0,0,0,4.6,90826,,false,amazon.com,serp,false,100000,,B000P6J0SM,https://www.amazon.com/Fresh-Produce-Brands-May-Vary/dp/B000P6J0SM/ref=sr_1_1?crid=1E2QJW9TUIM1M&dib=eyJ2IjoiMSJ9.KPHXPro0VtrKa2wIE0vhL56_6oxR3p3yGapgLhQr5_tCeivicOIopkFpBB75gPSWSuQMJbq5_-W8j28yd1xJJPCi9-3T_sNX0ElJL0UnZdueW5jK8IzAhzvR49Wj9XKGgr0Ozt7Di0rx-XfTIDMJIEfhyV6JXVPmwvuUXQzP0IEj8y4mtTy75rhMf2FTAD5Qx-PDtGnW3oV0NOUstW60b9TXsWdM86JTnOi3cr2Wj00.fSdZVarh-yBCOqGbk4ZAkpQ7_siTvYTh9Dn_Y_Sfm3c&dib_tag=se&keywords=strawberries&qid=1786103846&s=samedaystore&sprefix=mil%2Csamedaystore%2C348&sr=1-1,https://m.media-amazon.com/images/I/719HRHktywL._FMwebp__.jpg,false,,,,{},0,,,,,{},1786103858344
578063,20,00680,1,2,,amazon.com,,"https://www.amazon.com/s?k=strawberries&i=samedaystore&crid=1E2QJW9TUIM1M&sprefix=mil,samedaystore,348&ref=nb_sb_noss_2",Featured,B0FT35CP55,"Premium Freeze Dried Strawberry Slices | 7.05oz | No Sugar Added | in Resealable Jar Non-GMO, Vegan Snacks | Crunchy Wellsome Topping for Yogurt, Smoothie Bowls, Baking & On-the-Go Fruit Snack",,[],17.99,17.99,0,4.7,54,,false,amazon.com,serp,true,300,,B0FT35CP55,https://www.amazon.com/Premium-Strawberry-Resealable-Wellsome-Smoothie/dp/B0FT35CP55/ref=sr_1_2?crid=1E2QJW9TUIM1M&dib=eyJ2IjoiMSJ9.KPHXPro0VtrKa2wIE0vhL56_6oxR3p3yGapgLhQr5_tCeivicOIopkFpBB75gPSWSuQMJbq5_-W8j28yd1xJJPCi9-3T_sNX0ElJL0UnZdueW5jK8IzAhzvR49Wj9XKGgr0Ozt7Di0rx-XfTIDMJIEfhyV6JXVPmwvuUXQzP0IEj8y4mtTy75rhMf2FTAD5Qx-PDtGnW3oV0NOUstW60b9TXsWdM86JTnOi3cr2Wj00.fSdZVarh-yBCOqGbk4ZAkpQ7_siTvYTh9Dn_Y_Sfm3c&dib_tag=se&keywords=strawberries&qid=1786103846&s=samedaystore&sprefix=mil%2Csamedaystore%2C348&sr=1-2,https://m.media-amazon.com/images/I/911yY8wECIL._FMwebp__.jpg,false,,,,{},0,,,,"FREE delivery Wed, Aug 12 on $35 of items shipped by Amazon","{""delivery"":""FREE delivery Wed, Aug 12 on $35 of items shipped by Amazon""}",1786103858344
578064,20,00680,1,3,,amazon.com,,"https://www.amazon.com/s?k=strawberries&i=samedaystore&crid=1E2QJW9TUIM1M&sprefix=mil,samedaystore,348&ref=nb_sb_noss_2",Featured,B002B8Z98W,"Organic Strawberries, 1 Lb",,[],0,0,0,4.6,40783,,false,amazon.com,serp,false,100000,,B002B8Z98W,https://www.amazon.com/Fresh-Produce-Brands-Vary-040/dp/B002B8Z98W/ref=sr_1_3?crid=1E2QJW9TUIM1M&dib=eyJ2IjoiMSJ9.KPHXPro0VtrKa2wIE0vhL56_6oxR3p3yGapgLhQr5_tCeivicOIopkFpBB75gPSWSuQMJbq5_-W8j28yd1xJJPCi9-3T_sNX0ElJL0UnZdueW5jK8IzAhzvR49Wj9XKGgr0Ozt7Di0rx-XfTIDMJIEfhyV6JXVPmwvuUXQzP0IEj8y4mtTy75rhMf2FTAD5Qx-PDtGnW3oV0NOUstW60b9TXsWdM86JTnOi3cr2Wj00.fSdZVarh-yBCOqGbk4ZAkpQ7_siTvYTh9Dn_Y_Sfm3c&dib_tag=se&keywords=strawberries&qid=1786103846&s=samedaystore&sprefix=mil%2Csamedaystore%2C348&sr=1-3,https://m.media-amazon.com/images/I/71oKpKMVqTL._FMwebp__.jpg,false,,,,{},0,,,,,{},1786103858344
578065,20,00680,1,4,,amazon.com,,"https://www.amazon.com/s?k=strawberries&i=samedaystore&crid=1E2QJW9TUIM1M&sprefix=mil,samedaystore,348&ref=nb_sb_noss_2",Featured,B0BZ9TBY48,"Bonnie Plants Strawberry, Live Plant, 19.3 oz. (4-Pack)",,[],18.72,22.89,18.72,4.3,1069,,false,amazon.com,serp,true,900,,B0BZ9TBY48,https://www.amazon.com/Bonnie-Plants-Strawberry-Plant-4-Pack/dp/B0BZ9TBY48/ref=sr_1_4?crid=1E2QJW9TUIM1M&dib=eyJ2IjoiMSJ9.KPHXPro0VtrKa2wIE0vhL56_6oxR3p3yGapgLhQr5_tCeivicOIopkFpBB75gPSWSuQMJbq5_-W8j28yd1xJJPCi9-3T_sNX0ElJL0UnZdueW5jK8IzAhzvR49Wj9XKGgr0Ozt7Di0rx-XfTIDMJIEfhyV6JXVPmwvuUXQzP0IEj8y4mtTy75rhMf2FTAD5Qx-PDtGnW3oV0NOUstW60b9TXsWdM86JTnOi3cr2Wj00.fSdZVarh-yBCOqGbk4ZAkpQ7_siTvYTh9Dn_Y_Sfm3c&dib_tag=se&keywords=strawberries&qid=1786103846&s=samedaystore&sprefix=mil%2Csamedaystore%2C348&sr=1-4,https://m.media-amazon.com/images/I/71jTWZBe4UL._FMwebp__.jpg,false,,,,{},0,,,,FREE delivery on $35 of items shipped by Amazon,"{""delivery"":""FREE delivery on $35 of items shipped by Amazon""}",1786103858344
578066,20,00680,1,5,,amazon.com,,"https://www.amazon.com/s?k=strawberries&i=samedaystore&crid=1E2QJW9TUIM1M&sprefix=mil,samedaystore,348&ref=nb_sb_noss_2",Featured,B000P6G12U,"Red Raspberries, 6 oz",,[],0,0,0,4.6,37207,,false,amazon.com,serp,false,100000,,B000P6G12U,https://www.amazon.com/Fresh-Produce-Brands-May-Vary/dp/B000P6G12U/ref=sr_1_5?crid=1E2QJW9TUIM1M&dib=eyJ2IjoiMSJ9.KPHXPro0VtrKa2wIE0vhL56_6oxR3p3yGapgLhQr5_tCeivicOIopkFpBB75gPSWSuQMJbq5_-W8j28yd1xJJPCi9-3T_sNX0ElJL0UnZdueW5jK8IzAhzvR49Wj9XKGgr0Ozt7Di0rx-XfTIDMJIEfhyV6JXVPmwvuUXQzP0IEj8y4mtTy75rhMf2FTAD5Qx-PDtGnW3oV0NOUstW60b9TXsWdM86JTnOi3cr2Wj00.fSdZVarh-yBCOqGbk4ZAkpQ7_siTvYTh9Dn_Y_Sfm3c&dib_tag=se&keywords=strawberries&qid=1786103846&s=samedaystore&sprefix=mil%2Csamedaystore%2C348&sr=1-5,https://m.media-amazon.com/images/I/61lsVNuBxkL._FMwebp__.jpg,false,,,,{},0,,,,,{},1786103858344
578067,20,00680,1,6,,amazon.com,,"https://www.amazon.com/s?k=strawberries&i=samedaystore&crid=1E2QJW9TUIM1M&sprefix=mil,samedaystore,348&ref=nb_sb_noss_2",Featured,B0GSTGDDPR,"All Season Strawberry Seeds for Home Garden Planting, Perennial Herbaceous Plant - 2500 Seeds/Pack",,[],9.98,9.98,0,3.5,18,,false,amazon.com,serp,true,100,,B0GSTGDDPR,https://www.amazon.com/Season-Strawberry-Planting-Perennial-Herbaceous/dp/B0GSTGDDPR/ref=sr_1_6?crid=1E2QJW9TUIM1M&dib=eyJ2IjoiMSJ9.KPHXPro0VtrKa2wIE0vhL56_6oxR3p3yGapgLhQr5_tCeivicOIopkFpBB75gPSWSuQMJbq5_-W8j28yd1xJJPCi9-3T_sNX0ElJL0UnZdueW5jK8IzAhzvR49Wj9XKGgr0Ozt7Di0rx-XfTIDMJIEfhyV6JXVPmwvuUXQzP0IEj8y4mtTy75rhMf2FTAD5Qx-PDtGnW3oV0NOUstW60b9TXsWdM86JTnOi3cr2Wj00.fSdZVarh-yBCOqGbk4ZAkpQ7_siTvYTh9Dn_Y_Sfm3c&dib_tag=se&keywords=strawberries&qid=1786103846&s=samedaystore&sprefix=mil%2Csamedaystore%2C348&sr=1-6,https://m.media-amazon.com/images/I/81xLcMDHjbL._FMwebp__.jpg,false,,,,{},0,,,,"FREE delivery Wed, Aug 12 on $35 of items shipped by Amazon","{""delivery"":""FREE delivery Wed, Aug 12 on $35 of items shipped by Amazon""}",1786103858344
578068,20,00680,1,7,,amazon.com,,"https://www.amazon.com/s?k=strawberries&i=samedaystore&crid=1E2QJW9TUIM1M&sprefix=mil,samedaystore,348&ref=nb_sb_noss_2",Featured,B008945XB0,"Augason Farms Freeze Dried Sliced Strawberries Can 6.5 oz | 18 Servings, Gluten Free Snack for Baking, Smoothies, and Emergency Storage, Healthy Individual Fruit Snacks, 6.5 Ounces",,[],18,18,0,4.6,10834,,false,amazon.com,serp,true,500,,B008945XB0,https://www.amazon.com/Augason-Farms-Freeze-Sliced-Strawberries/dp/B008945XB0/ref=sr_1_7?crid=1E2QJW9TUIM1M&dib=eyJ2IjoiMSJ9.KPHXPro0VtrKa2wIE0vhL56_6oxR3p3yGapgLhQr5_tCeivicOIopkFpBB75gPSWSuQMJbq5_-W8j28yd1xJJPCi9-3T_sNX0ElJL0UnZdueW5jK8IzAhzvR49Wj9XKGgr0Ozt7Di0rx-XfTIDMJIEfhyV6JXVPmwvuUXQzP0IEj8y4mtTy75rhMf2FTAD5Qx-PDtGnW3oV0NOUstW60b9TXsWdM86JTnOi3cr2Wj00.fSdZVarh-yBCOqGbk4ZAkpQ7_siTvYTh9Dn_Y_Sfm3c&dib_tag=se&keywords=strawberries&qid=1786103846&s=samedaystore&sprefix=mil%2Csamedaystore%2C348&sr=1-7,https://m.media-amazon.com/images/I/71Y5VPm9QzL._FMwebp__.jpg,false,,,,{},0,,,,FREE delivery Aug 24 - Sep 5 on $35 of items shipped by Amazon,"{""delivery"":""FREE delivery Aug 24 - Sep 5 on $35 of items shipped by Amazon""}",1786103858344
578069,20,00680,1,8,,amazon.com,,"https://www.amazon.com/s?k=strawberries&i=samedaystore&crid=1E2QJW9TUIM1M&sprefix=mil,samedaystore,348&ref=nb_sb_noss_2",Featured,B09CGC6GM5,"Happy Village Organic Whole Dried Strawberries, 18 OZ Resealable Pack- Soft & Juicy, Kosher, Non-GMO, No Refined Sugar, Apple Juice Infused Dried Strawberry",,[],28.99,28.99,0,4.2,1872,,false,amazon.com,serp,true,800,,B09CGC6GM5,https://www.amazon.com/Organic-Strawberries-Happy-Village-Strawberry/dp/B09CGC6GM5/ref=sr_1_8?crid=1E2QJW9TUIM1M&dib=eyJ2IjoiMSJ9.KPHXPro0VtrKa2wIE0vhL56_6oxR3p3yGapgLhQr5_tCeivicOIopkFpBB75gPSWSuQMJbq5_-W8j28yd1xJJPCi9-3T_sNX0ElJL0UnZdueW5jK8IzAhzvR49Wj9XKGgr0Ozt7Di0rx-XfTIDMJIEfhyV6JXVPmwvuUXQzP0IEj8y4mtTy75rhMf2FTAD5Qx-PDtGnW3oV0NOUstW60b9TXsWdM86JTnOi3cr2Wj00.fSdZVarh-yBCOqGbk4ZAkpQ7_siTvYTh9Dn_Y_Sfm3c&dib_tag=se&keywords=strawberries&qid=1786103846&s=samedaystore&sprefix=mil%2Csamedaystore%2C348&sr=1-8,https://m.media-amazon.com/images/I/815C40gH9OL._FMwebp__.jpg,false,,,,{},0,,,,"FREE delivery Wed, Aug 12 on $35 of items shipped by Amazon","{""delivery"":""FREE delivery Wed, Aug 12 on $35 of items shipped by Amazon""}",1786103858344
578070,20,00680,1,9,,amazon.com,,"https://www.amazon.com/s?k=strawberries&i=samedaystore&crid=1E2QJW9TUIM1M&sprefix=mil,samedaystore,348&ref=nb_sb_noss_2",Featured,B0FFMBS8Y1,"Amilutuo Freeze Dried Strawberries Pieces, 3.17OZ/90g Frozen Strawberries | Freeze Dried Fruit, Dehydrated Strawberries, Freeze Dried Snacks",,[],8.99,9.49,8.99,4.5,376,,false,amazon.com,serp,true,700,,B0FFMBS8Y1,https://www.amazon.com/Freeze-Strawberries-Pieces-Dehydrated-Preservatives/dp/B0FFMBS8Y1/ref=sr_1_9?crid=1E2QJW9TUIM1M&dib=eyJ2IjoiMSJ9.KPHXPro0VtrKa2wIE0vhL56_6oxR3p3yGapgLhQr5_tCeivicOIopkFpBB75gPSWSuQMJbq5_-W8j28yd1xJJPCi9-3T_sNX0ElJL0UnZdueW5jK8IzAhzvR49Wj9XKGgr0Ozt7Di0rx-XfTIDMJIEfhyV6JXVPmwvuUXQzP0IEj8y4mtTy75rhMf2FTAD5Qx-PDtGnW3oV0NOUstW60b9TXsWdM86JTnOi3cr2Wj00.fSdZVarh-yBCOqGbk4ZAkpQ7_siTvYTh9Dn_Y_Sfm3c&dib_tag=se&keywords=strawberries&qid=1786103846&s=samedaystore&sprefix=mil%2Csamedaystore%2C348&sr=1-9,https://m.media-amazon.com/images/I/81RkuXeP7BL._FMwebp__.jpg,false,,,,{},0,,,,"FREE delivery Wed, Aug 12 on $35 of items shipped by Amazon","{""delivery"":""FREE delivery Wed, Aug 12 on $35 of items shipped by Amazon""}",1786103858344
578071,20,00680,1,10,,amazon.com,,"https://www.amazon.com/s?k=strawberries&i=samedaystore&crid=1E2QJW9TUIM1M&sprefix=mil,samedaystore,348&ref=nb_sb_noss_2",Featured,B077N7TR5G,Organic Blueberries Pint,,[],0,0,0,4.7,27829,,false,amazon.com,serp,false,100000,,B077N7TR5G,https://www.amazon.com/produce-aisle-112042-Organic-Blueberries/dp/B077N7TR5G/ref=sr_1_10?crid=1E2QJW9TUIM1M&dib=eyJ2IjoiMSJ9.KPHXPro0VtrKa2wIE0vhL56_6oxR3p3yGapgLhQr5_tCeivicOIopkFpBB75gPSWSuQMJbq5_-W8j28yd1xJJPCi9-3T_sNX0ElJL0UnZdueW5jK8IzAhzvR49Wj9XKGgr0Ozt7Di0rx-XfTIDMJIEfhyV6JXVPmwvuUXQzP0IEj8y4mtTy75rhMf2FTAD5Qx-PDtGnW3oV0NOUstW60b9TXsWdM86JTnOi3cr2Wj00.fSdZVarh-yBCOqGbk4ZAkpQ7_siTvYTh9Dn_Y_Sfm3c&dib_tag=se&keywords=strawberries&qid=1786103846&s=samedaystore&sprefix=mil%2Csamedaystore%2C348&sr=1-10,https://m.media-amazon.com/images/I/61RTWtYAGRL._FMwebp__.jpg,false,,,,{},0,,,,,{},1786103858344
578072,20,00680,1,11,,amazon.com,,"https://www.amazon.com/s?k=strawberries&i=samedaystore&crid=1E2QJW9TUIM1M&sprefix=mil,samedaystore,348&ref=nb_sb_noss_2",Featured,B0F2HW7M1T,Lyrow 100 Pcs 100 Pieces Fake Artificial Strawberries 2.2inch/2.76inch/3.35inch Faux Realistic Strawberry Decor Plastic Simulation Fake Lifelike Fruit for Photography Prop Cabinet Party (2.76 Inch),,[],22.99,24.99,22.99,4.6,100,,false,amazon.com,serp,true,50,,B0F2HW7M1T,https://www.amazon.com/Lyrow-Artificial-Strawberries-Strawberry-Photography/dp/B0F2HW7M1T/ref=sr_1_11?crid=1E2QJW9TUIM1M&dib=eyJ2IjoiMSJ9.KPHXPro0VtrKa2wIE0vhL56_6oxR3p3yGapgLhQr5_tCeivicOIopkFpBB75gPSWSuQMJbq5_-W8j28yd1xJJPCi9-3T_sNX0ElJL0UnZdueW5jK8IzAhzvR49Wj9XKGgr0Ozt7Di0rx-XfTIDMJIEfhyV6JXVPmwvuUXQzP0IEj8y4mtTy75rhMf2FTAD5Qx-PDtGnW3oV0NOUstW60b9TXsWdM86JTnOi3cr2Wj00.fSdZVarh-yBCOqGbk4ZAkpQ7_siTvYTh9Dn_Y_Sfm3c&dib_tag=se&keywords=strawberries&qid=1786103846&s=samedaystore&sprefix=mil%2Csamedaystore%2C348&sr=1-11,https://m.media-amazon.com/images/I/91lbWSgAVwL._FMwebp__.jpg,false,,,,{},0,,,,"FREE delivery Thu, Aug 20 on $35 of items shipped by Amazon","{""delivery"":""FREE delivery Thu, Aug 20 on $35 of items shipped by Amazon""}",1786103858344
578073,20,00680,1,12,,amazon.com,,"https://www.amazon.com/s?k=strawberries&i=samedaystore&crid=1E2QJW9TUIM1M&sprefix=mil,samedaystore,348&ref=nb_sb_noss_2",Featured,B0DD94HBMV,"Strawberry Bon Bons Hard Candy, 1 Pound (Approx. 75 pcs.), Strawberry Candy Individually Wrapped, Strawberry Candy, The Hampton Popcorn & Candy Company",,[],8.99,8.99,0,4.7,867,,false,amazon.com,serp,true,500,,B0DD94HBMV,https://www.amazon.com/Strawberry-Candy-Individually-Hampton-Company/dp/B0DD94HBMV/ref=sr_1_12?crid=1E2QJW9TUIM1M&dib=eyJ2IjoiMSJ9.KPHXPro0VtrKa2wIE0vhL56_6oxR3p3yGapgLhQr5_tCeivicOIopkFpBB75gPSWSuQMJbq5_-W8j28yd1xJJPCi9-3T_sNX0ElJL0UnZdueW5jK8IzAhzvR49Wj9XKGgr0Ozt7Di0rx-XfTIDMJIEfhyV6JXVPmwvuUXQzP0IEj8y4mtTy75rhMf2FTAD5Qx-PDtGnW3oV0NOUstW60b9TXsWdM86JTnOi3cr2Wj00.fSdZVarh-yBCOqGbk4ZAkpQ7_siTvYTh9Dn_Y_Sfm3c&dib_tag=se&keywords=strawberries&qid=1786103846&s=samedaystore&sprefix=mil%2Csamedaystore%2C348&sr=1-12,https://m.media-amazon.com/images/I/81cc7G69D9L._FMwebp__.jpg,false,,,,{},0,,,,"FREE delivery Wed, Aug 12 on $35 of items shipped by Amazon","{""delivery"":""FREE delivery Wed, Aug 12 on $35 of items shipped by Amazon""}",1786103858344
578074,20,00680,1,13,,amazon.com,,"https://www.amazon.com/s?k=strawberries&i=samedaystore&crid=1E2QJW9TUIM1M&sprefix=mil,samedaystore,348&ref=nb_sb_noss_2",Featured,B002XOHZWC,"Chef'n Original Stem Gem Strawberry Huller, Red/Green - 102-138-005",,[],8,8,0,4.6,15027,,false,amazon.com,serp,true,3000,,B002XOHZWC,https://www.amazon.com/Chefn-27466-StemGem-Strawberry-Huller/dp/B002XOHZWC/ref=sr_1_13?crid=1E2QJW9TUIM1M&dib=eyJ2IjoiMSJ9.KPHXPro0VtrKa2wIE0vhL56_6oxR3p3yGapgLhQr5_tCeivicOIopkFpBB75gPSWSuQMJbq5_-W8j28yd1xJJPCi9-3T_sNX0ElJL0UnZdueW5jK8IzAhzvR49Wj9XKGgr0Ozt7Di0rx-XfTIDMJIEfhyV6JXVPmwvuUXQzP0IEj8y4mtTy75rhMf2FTAD5Qx-PDtGnW3oV0NOUstW60b9TXsWdM86JTnOi3cr2Wj00.fSdZVarh-yBCOqGbk4ZAkpQ7_siTvYTh9Dn_Y_Sfm3c&dib_tag=se&keywords=strawberries&qid=1786103846&s=samedaystore&sprefix=mil%2Csamedaystore%2C348&sr=1-13,https://m.media-amazon.com/images/I/61rt3VOPtZL._FMwebp__.jpg,false,,,,{},0,,,,"FREE delivery Wed, Aug 12 on $35 of items shipped by Amazon","{""delivery"":""FREE delivery Wed, Aug 12 on $35 of items shipped by Amazon""}",1786103858344
578075,20,00680,1,14,,amazon.com,,"https://www.amazon.com/s?k=strawberries&i=samedaystore&crid=1E2QJW9TUIM1M&sprefix=mil,samedaystore,348&ref=nb_sb_noss_2",Featured,B000VA2W0U,"HERSHEY'S Strawberry Flavored Syrup Bottle, 22 oz",,"[""Best Seller""]",4.79,4.79,0,4.6,2942,,false,amazon.com,serp,true,,,B000VA2W0U,https://www.amazon.com/HERSHEYS-Strawberry-Dessert-Topping-Beverage/dp/B000VA2W0U/ref=sr_1_14?crid=1E2QJW9TUIM1M&dib=eyJ2IjoiMSJ9.KPHXPro0VtrKa2wIE0vhL56_6oxR3p3yGapgLhQr5_tCeivicOIopkFpBB75gPSWSuQMJbq5_-W8j28yd1xJJPCi9-3T_sNX0ElJL0UnZdueW5jK8IzAhzvR49Wj9XKGgr0Ozt7Di0rx-XfTIDMJIEfhyV6JXVPmwvuUXQzP0IEj8y4mtTy75rhMf2FTAD5Qx-PDtGnW3oV0NOUstW60b9TXsWdM86JTnOi3cr2Wj00.fSdZVarh-yBCOqGbk4ZAkpQ7_siTvYTh9Dn_Y_Sfm3c&dib_tag=se&keywords=strawberries&qid=1786103846&s=samedaystore&sprefix=mil%2Csamedaystore%2C348&sr=1-14,https://m.media-amazon.com/images/I/71PmaZMjoNL._FMwebp__.jpg,false,,,,{},0,,,,"FREE delivery Wed, Aug 12 on $35 of items shipped by Amazon","{""delivery"":""FREE delivery Wed, Aug 12 on $35 of items shipped by Amazon""}",1786103858344
578076,20,00680,1,15,,amazon.com,,"https://www.amazon.com/s?k=strawberries&i=samedaystore&crid=1E2QJW9TUIM1M&sprefix=mil,samedaystore,348&ref=nb_sb_noss_2",Featured,B0BT8QKTG7,"Augason Farms Freeze Dried Sliced Strawberries Pouch 1.4 oz | Gluten Free Snack for Baking, Smoothies, and Emergency Storage, Healthy Individual Fruit Snacks 1.4 Ounces (4 Servings)",,[],6.38,6.38,0,4.6,10834,,false,amazon.com,serp,true,200,,B0BT8QKTG7,https://www.amazon.com/Freeze-Dried-Sliced-Strawberries-Resealable-Pouch/dp/B0BT8QKTG7/ref=sr_1_15?crid=1E2QJW9TUIM1M&dib=eyJ2IjoiMSJ9.KPHXPro0VtrKa2wIE0vhL56_6oxR3p3yGapgLhQr5_tCeivicOIopkFpBB75gPSWSuQMJbq5_-W8j28yd1xJJPCi9-3T_sNX0ElJL0UnZdueW5jK8IzAhzvR49Wj9XKGgr0Ozt7Di0rx-XfTIDMJIEfhyV6JXVPmwvuUXQzP0IEj8y4mtTy75rhMf2FTAD5Qx-PDtGnW3oV0NOUstW60b9TXsWdM86JTnOi3cr2Wj00.fSdZVarh-yBCOqGbk4ZAkpQ7_siTvYTh9Dn_Y_Sfm3c&dib_tag=se&keywords=strawberries&qid=1786103846&s=samedaystore&sprefix=mil%2Csamedaystore%2C348&sr=1-15,https://m.media-amazon.com/images/I/81RSryU5z3L._FMwebp__.jpg,false,,,,{},0,,,,"FREE delivery Wed, Aug 12 on $35 of items shipped by Amazon","{""delivery"":""FREE delivery Wed, Aug 12 on $35 of items shipped by Amazon""}",1786103858344
578077,20,00680,1,16,,amazon.com,,"https://www.amazon.com/s?k=strawberries&i=samedaystore&crid=1E2QJW9TUIM1M&sprefix=mil,samedaystore,348&ref=nb_sb_noss_2",Featured,B0FQDCP3MN,"Starbucks Refreshers Concentrate Strawberry Acai, Refreshing Drink, Cold Drinks 32 fl oz",,[],8.97,8.97,0,4.8,797,,false,amazon.com,serp,true,20000,,B0FQDCP3MN,https://www.amazon.com/Starbucks-Refreshers-Concentrate-Strawberry-Refreshing/dp/B0FQDCP3MN/ref=sr_1_16?crid=1E2QJW9TUIM1M&dib=eyJ2IjoiMSJ9.KPHXPro0VtrKa2wIE0vhL56_6oxR3p3yGapgLhQr5_tCeivicOIopkFpBB75gPSWSuQMJbq5_-W8j28yd1xJJPCi9-3T_sNX0ElJL0UnZdueW5jK8IzAhzvR49Wj9XKGgr0Ozt7Di0rx-XfTIDMJIEfhyV6JXVPmwvuUXQzP0IEj8y4mtTy75rhMf2FTAD5Qx-PDtGnW3oV0NOUstW60b9TXsWdM86JTnOi3cr2Wj00.fSdZVarh-yBCOqGbk4ZAkpQ7_siTvYTh9Dn_Y_Sfm3c&dib_tag=se&keywords=strawberries&qid=1786103846&s=samedaystore&sprefix=mil%2Csamedaystore%2C348&sr=1-16,https://m.media-amazon.com/images/I/51vGg9F37ML._FMwebp__.jpg,false,,,,{},0,,,,"FREE delivery Wed, Aug 12 on $35 of items shipped by Amazon","{""delivery"":""FREE delivery Wed, Aug 12 on $35 of items shipped by Amazon""}",1786103858344
577950,20,00725,1,1,,amazon.com,,"https://www.amazon.com/s?k=strawberries&i=samedaystore&crid=1E2QJW9TUIM1M&sprefix=mil,samedaystore,348&ref=nb_sb_noss_2",Featured,B000P6J0SM,"Strawberries, 1 Lb",,[],0,0,0,4.6,90826,,false,amazon.com,serp,false,100000,,B000P6J0SM,https://www.amazon.com/Fresh-Produce-Brands-May-Vary/dp/B000P6J0SM/ref=sr_1_1?crid=1E2QJW9TUIM1M&dib=eyJ2IjoiMSJ9.daI5AgOqfWVZKrIg_nqXBXhIjU5fNw8iguBr3j6ZQS1mS3E0-TfV6qV416B8sspMTn086DgWgTeQ84TVmrhujYnGoQp2Xnyx7dy_famfukqf0-Zm7UQ1NX6qmHJldUtw55IWrPs_XSjsaQxTdT9xtPgdpbVlfZ-pyl7WVtj_paixro0EvhZxE5iLgda502CEoC0vAvzjtEpM14KcL58AZ0-ivfN5gsjdztpunNqA-hI.XFBFi7dFX-xbycdVQjdnasP-QTk6j3OPmqwFrI16NFk&dib_tag=se&keywords=strawberries&qid=1786103842&s=samedaystore&sprefix=mil%2Csamedaystore%2C348&sr=1-1,https://m.media-amazon.com/images/I/719HRHktywL._FMwebp__.jpg,false,,,,{},0,,,,,{},1786103846747
577951,20,00725,1,2,,amazon.com,,"https://www.amazon.com/s?k=strawberries&i=samedaystore&crid=1E2QJW9TUIM1M&sprefix=mil,samedaystore,348&ref=nb_sb_noss_2",Featured,B002B8Z98W,"Organic Strawberries, 1 Lb",,[],0,0,0,4.6,40783,,false,amazon.com,serp,false,100000,,B002B8Z98W,https://www.amazon.com/Fresh-Produce-Brands-Vary-040/dp/B002B8Z98W/ref=sr_1_2?crid=1E2QJW9TUIM1M&dib=eyJ2IjoiMSJ9.daI5AgOqfWVZKrIg_nqXBXhIjU5fNw8iguBr3j6ZQS1mS3E0-TfV6qV416B8sspMTn086DgWgTeQ84TVmrhujYnGoQp2Xnyx7dy_famfukqf0-Zm7UQ1NX6qmHJldUtw55IWrPs_XSjsaQxTdT9xtPgdpbVlfZ-pyl7WVtj_paixro0EvhZxE5iLgda502CEoC0vAvzjtEpM14KcL58AZ0-ivfN5gsjdztpunNqA-hI.XFBFi7dFX-xbycdVQjdnasP-QTk6j3OPmqwFrI16NFk&dib_tag=se&keywords=strawberries&qid=1786103842&s=samedaystore&sprefix=mil%2Csamedaystore%2C348&sr=1-2,https://m.media-amazon.com/images/I/71oKpKMVqTL._FMwebp__.jpg,false,,,,{},0,,,,,{},1786103846747
577952,20,00725,1,3,,amazon.com,,"https://www.amazon.com/s?k=strawberries&i=samedaystore&crid=1E2QJW9TUIM1M&sprefix=mil,samedaystore,348&ref=nb_sb_noss_2",Featured,B0FT35CP55,"Premium Freeze Dried Strawberry Slices | 7.05oz | No Sugar Added | in Resealable Jar Non-GMO, Vegan Snacks | Crunchy Wellsome Topping for Yogurt, Smoothie Bowls, Baking & On-the-Go Fruit Snack",,[],17.99,17.99,0,4.7,54,,false,amazon.com,serp,true,300,,B0FT35CP55,https://www.amazon.com/Premium-Strawberry-Resealable-Wellsome-Smoothie/dp/B0FT35CP55/ref=sr_1_3?crid=1E2QJW9TUIM1M&dib=eyJ2IjoiMSJ9.daI5AgOqfWVZKrIg_nqXBXhIjU5fNw8iguBr3j6ZQS1mS3E0-TfV6qV416B8sspMTn086DgWgTeQ84TVmrhujYnGoQp2Xnyx7dy_famfukqf0-Zm7UQ1NX6qmHJldUtw55IWrPs_XSjsaQxTdT9xtPgdpbVlfZ-pyl7WVtj_paixro0EvhZxE5iLgda502CEoC0vAvzjtEpM14KcL58AZ0-ivfN5gsjdztpunNqA-hI.XFBFi7dFX-xbycdVQjdnasP-QTk6j3OPmqwFrI16NFk&dib_tag=se&keywords=strawberries&qid=1786103842&s=samedaystore&sprefix=mil%2Csamedaystore%2C348&sr=1-3,https://m.media-amazon.com/images/I/911yY8wECIL._FMwebp__.jpg,false,,,,{},0,,,,"FREE delivery Wed, Aug 12 on $35 of items shipped by Amazon","{""delivery"":""FREE delivery Wed, Aug 12 on $35 of items shipped by Amazon""}",1786103846747
577953,20,00725,1,4,,amazon.com,,"https://www.amazon.com/s?k=strawberries&i=samedaystore&crid=1E2QJW9TUIM1M&sprefix=mil,samedaystore,348&ref=nb_sb_noss_2",Featured,B000P6G12U,"Red Raspberries, 6 oz",,[],0,0,0,4.6,37207,,false,amazon.com,serp,false,100000,,B000P6G12U,https://www.amazon.com/Fresh-Produce-Brands-May-Vary/dp/B000P6G12U/ref=sr_1_4?crid=1E2QJW9TUIM1M&dib=eyJ2IjoiMSJ9.daI5AgOqfWVZKrIg_nqXBXhIjU5fNw8iguBr3j6ZQS1mS3E0-TfV6qV416B8sspMTn086DgWgTeQ84TVmrhujYnGoQp2Xnyx7dy_famfukqf0-Zm7UQ1NX6qmHJldUtw55IWrPs_XSjsaQxTdT9xtPgdpbVlfZ-pyl7WVtj_paixro0EvhZxE5iLgda502CEoC0vAvzjtEpM14KcL58AZ0-ivfN5gsjdztpunNqA-hI.XFBFi7dFX-xbycdVQjdnasP-QTk6j3OPmqwFrI16NFk&dib_tag=se&keywords=strawberries&qid=1786103842&s=samedaystore&sprefix=mil%2Csamedaystore%2C348&sr=1-4,https://m.media-amazon.com/images/I/61lsVNuBxkL._FMwebp__.jpg,false,,,,{},0,,,,,{},1786103846747
577954,20,00725,1,5,,amazon.com,,"https://www.amazon.com/s?k=strawberries&i=samedaystore&crid=1E2QJW9TUIM1M&sprefix=mil,samedaystore,348&ref=nb_sb_noss_2",Featured,B0BZ9TBY48,"Bonnie Plants Strawberry, Live Plant, 19.3 oz. (4-Pack)",,[],18.72,22.89,18.72,4.3,1069,,false,amazon.com,serp,true,900,,B0BZ9TBY48,https://www.amazon.com/Bonnie-Plants-Strawberry-Plant-4-Pack/dp/B0BZ9TBY48/ref=sr_1_5?crid=1E2QJW9TUIM1M&dib=eyJ2IjoiMSJ9.daI5AgOqfWVZKrIg_nqXBXhIjU5fNw8iguBr3j6ZQS1mS3E0-TfV6qV416B8sspMTn086DgWgTeQ84TVmrhujYnGoQp2Xnyx7dy_famfukqf0-Zm7UQ1NX6qmHJldUtw55IWrPs_XSjsaQxTdT9xtPgdpbVlfZ-pyl7WVtj_paixro0EvhZxE5iLgda502CEoC0vAvzjtEpM14KcL58AZ0-ivfN5gsjdztpunNqA-hI.XFBFi7dFX-xbycdVQjdnasP-QTk6j3OPmqwFrI16NFk&dib_tag=se&keywords=strawberries&qid=1786103842&s=samedaystore&sprefix=mil%2Csamedaystore%2C348&sr=1-5,https://m.media-amazon.com/images/I/71jTWZBe4UL._FMwebp__.jpg,false,,,,{},0,,,,FREE delivery on $35 of items shipped by Amazon,"{""delivery"":""FREE delivery on $35 of items shipped by Amazon""}",1786103846747
577955,20,00725,1,6,,amazon.com,,"https://www.amazon.com/s?k=strawberries&i=samedaystore&crid=1E2QJW9TUIM1M&sprefix=mil,samedaystore,348&ref=nb_sb_noss_2",Featured,B0H3WF82FB,"Rich Sweetness Strawberry Live Plants (10 Pack) – Everbearing Strawberry Starts for Outdoor Gardens & Containers – Sweet, Large Red Berries – Non-GMO Fruit Plants",,[],16.99,16.99,0,3.9,31,,false,amazon.com,serp,true,400,,B0H3WF82FB,https://www.amazon.com/Rich-Sweetness-Strawberry-Live-Plants/dp/B0H3WF82FB/ref=sr_1_6?crid=1E2QJW9TUIM1M&dib=eyJ2IjoiMSJ9.daI5AgOqfWVZKrIg_nqXBXhIjU5fNw8iguBr3j6ZQS1mS3E0-TfV6qV416B8sspMTn086DgWgTeQ84TVmrhujYnGoQp2Xnyx7dy_famfukqf0-Zm7UQ1NX6qmHJldUtw55IWrPs_XSjsaQxTdT9xtPgdpbVlfZ-pyl7WVtj_paixro0EvhZxE5iLgda502CEoC0vAvzjtEpM14KcL58AZ0-ivfN5gsjdztpunNqA-hI.XFBFi7dFX-xbycdVQjdnasP-QTk6j3OPmqwFrI16NFk&dib_tag=se&keywords=strawberries&qid=1786103842&s=samedaystore&sprefix=mil%2Csamedaystore%2C348&sr=1-6,https://m.media-amazon.com/images/I/71ioFeujtzL._FMwebp__.jpg,false,,,,{},0,,,,FREE delivery Aug 17 - 20,"{""delivery"":""FREE delivery Aug 17 - 20""}",1786103846747
577956,20,00725,1,7,,amazon.com,,"https://www.amazon.com/s?k=strawberries&i=samedaystore&crid=1E2QJW9TUIM1M&sprefix=mil,samedaystore,348&ref=nb_sb_noss_2",Featured,B0FFMBS8Y1,"Amilutuo Freeze Dried Strawberries Pieces, 3.17OZ/90g Frozen Strawberries | Freeze Dried Fruit, Dehydrated Strawberries, Freeze Dried Snacks",,[],8.99,9.49,8.99,4.5,376,,false,amazon.com,serp,true,700,,B0FFMBS8Y1,https://www.amazon.com/Freeze-Strawberries-Pieces-Dehydrated-Preservatives/dp/B0FFMBS8Y1/ref=sr_1_7?crid=1E2QJW9TUIM1M&dib=eyJ2IjoiMSJ9.daI5AgOqfWVZKrIg_nqXBXhIjU5fNw8iguBr3j6ZQS1mS3E0-TfV6qV416B8sspMTn086DgWgTeQ84TVmrhujYnGoQp2Xnyx7dy_famfukqf0-Zm7UQ1NX6qmHJldUtw55IWrPs_XSjsaQxTdT9xtPgdpbVlfZ-pyl7WVtj_paixro0EvhZxE5iLgda502CEoC0vAvzjtEpM14KcL58AZ0-ivfN5gsjdztpunNqA-hI.XFBFi7dFX-xbycdVQjdnasP-QTk6j3OPmqwFrI16NFk&dib_tag=se&keywords=strawberries&qid=1786103842&s=samedaystore&sprefix=mil%2Csamedaystore%2C348&sr=1-7,https://m.media-amazon.com/images/I/81RkuXeP7BL._FMwebp__.jpg,false,,,,{},0,,,,"FREE delivery Wed, Aug 12 on $35 of items shipped by Amazon","{""delivery"":""FREE delivery Wed, Aug 12 on $35 of items shipped by Amazon""}",1786103846747
577957,20,00725,1,8,,amazon.com,,"https://www.amazon.com/s?k=strawberries&i=samedaystore&crid=1E2QJW9TUIM1M&sprefix=mil,samedaystore,348&ref=nb_sb_noss_2",Featured,B008945XB0,"Augason Farms Freeze Dried Sliced Strawberries Can 6.5 oz | 18 Servings, Gluten Free Snack for Baking, Smoothies, and Emergency Storage, Healthy Individual Fruit Snacks, 6.5 Ounces",,[],18,18,0,4.6,10834,,false,amazon.com,serp,true,500,,B008945XB0,https://www.amazon.com/Augason-Farms-Freeze-Sliced-Strawberries/dp/B008945XB0/ref=sr_1_8?crid=1E2QJW9TUIM1M&dib=eyJ2IjoiMSJ9.daI5AgOqfWVZKrIg_nqXBXhIjU5fNw8iguBr3j6ZQS1mS3E0-TfV6qV416B8sspMTn086DgWgTeQ84TVmrhujYnGoQp2Xnyx7dy_famfukqf0-Zm7UQ1NX6qmHJldUtw55IWrPs_XSjsaQxTdT9xtPgdpbVlfZ-pyl7WVtj_paixro0EvhZxE5iLgda502CEoC0vAvzjtEpM14KcL58AZ0-ivfN5gsjdztpunNqA-hI.XFBFi7dFX-xbycdVQjdnasP-QTk6j3OPmqwFrI16NFk&dib_tag=se&keywords=strawberries&qid=1786103842&s=samedaystore&sprefix=mil%2Csamedaystore%2C348&sr=1-8,https://m.media-amazon.com/images/I/71Y5VPm9QzL._FMwebp__.jpg,false,,,,{},0,,,,FREE delivery Aug 24 - Sep 5 on $35 of items shipped by Amazon,"{""delivery"":""FREE delivery Aug 24 - Sep 5 on $35 of items shipped by Amazon""}",1786103846747
577958,20,00725,1,9,,amazon.com,,"https://www.amazon.com/s?k=strawberries&i=samedaystore&crid=1E2QJW9TUIM1M&sprefix=mil,samedaystore,348&ref=nb_sb_noss_2",Featured,B077N7TR5G,Organic Blueberries Pint,,[],0,0,0,4.7,27829,,false,amazon.com,serp,false,100000,,B077N7TR5G,https://www.amazon.com/produce-aisle-112042-Organic-Blueberries/dp/B077N7TR5G/ref=sr_1_9?crid=1E2QJW9TUIM1M&dib=eyJ2IjoiMSJ9.daI5AgOqfWVZKrIg_nqXBXhIjU5fNw8iguBr3j6ZQS1mS3E0-TfV6qV416B8sspMTn086DgWgTeQ84TVmrhujYnGoQp2Xnyx7dy_famfukqf0-Zm7UQ1NX6qmHJldUtw55IWrPs_XSjsaQxTdT9xtPgdpbVlfZ-pyl7WVtj_paixro0EvhZxE5iLgda502CEoC0vAvzjtEpM14KcL58AZ0-ivfN5gsjdztpunNqA-hI.XFBFi7dFX-xbycdVQjdnasP-QTk6j3OPmqwFrI16NFk&dib_tag=se&keywords=strawberries&qid=1786103842&s=samedaystore&sprefix=mil%2Csamedaystore%2C348&sr=1-9,https://m.media-amazon.com/images/I/61RTWtYAGRL._FMwebp__.jpg,false,,,,{},0,,,,,{},1786103846747
577959,20,00725,1,10,,amazon.com,,"https://www.amazon.com/s?k=strawberries&i=samedaystore&crid=1E2QJW9TUIM1M&sprefix=mil,samedaystore,348&ref=nb_sb_noss_2",Featured,B0DD94HBMV,"Strawberry Bon Bons Hard Candy, 1 Pound (Approx. 75 pcs.), Strawberry Candy Individually Wrapped, Strawberry Candy, The Hampton Popcorn & Candy Company",,[],8.99,8.99,0,4.7,867,,false,amazon.com,serp,true,500,,B0DD94HBMV,https://www.amazon.com/Strawberry-Candy-Individually-Hampton-Company/dp/B0DD94HBMV/ref=sr_1_10?crid=1E2QJW9TUIM1M&dib=eyJ2IjoiMSJ9.daI5AgOqfWVZKrIg_nqXBXhIjU5fNw8iguBr3j6ZQS1mS3E0-TfV6qV416B8sspMTn086DgWgTeQ84TVmrhujYnGoQp2Xnyx7dy_famfukqf0-Zm7UQ1NX6qmHJldUtw55IWrPs_XSjsaQxTdT9xtPgdpbVlfZ-pyl7WVtj_paixro0EvhZxE5iLgda502CEoC0vAvzjtEpM14KcL58AZ0-ivfN5gsjdztpunNqA-hI.XFBFi7dFX-xbycdVQjdnasP-QTk6j3OPmqwFrI16NFk&dib_tag=se&keywords=strawberries&qid=1786103842&s=samedaystore&sprefix=mil%2Csamedaystore%2C348&sr=1-10,https://m.media-amazon.com/images/I/81cc7G69D9L._FMwebp__.jpg,false,,,,{},0,,,,"FREE delivery Wed, Aug 12 on $35 of items shipped by Amazon","{""delivery"":""FREE delivery Wed, Aug 12 on $35 of items shipped by Amazon""}",1786103846747
577960,20,00725,1,11,,amazon.com,,"https://www.amazon.com/s?k=strawberries&i=samedaystore&crid=1E2QJW9TUIM1M&sprefix=mil,samedaystore,348&ref=nb_sb_noss_2",Featured,B09CGC6GM5,"Happy Village Organic Whole Dried Strawberries, 18 OZ Resealable Pack- Soft & Juicy, Kosher, Non-GMO, No Refined Sugar, Apple Juice Infused Dried Strawberry",,[],28.99,28.99,0,4.2,1872,,false,amazon.com,serp,true,800,,B09CGC6GM5,https://www.amazon.com/Organic-Strawberries-Happy-Village-Strawberry/dp/B09CGC6GM5/ref=sr_1_11?crid=1E2QJW9TUIM1M&dib=eyJ2IjoiMSJ9.daI5AgOqfWVZKrIg_nqXBXhIjU5fNw8iguBr3j6ZQS1mS3E0-TfV6qV416B8sspMTn086DgWgTeQ84TVmrhujYnGoQp2Xnyx7dy_famfukqf0-Zm7UQ1NX6qmHJldUtw55IWrPs_XSjsaQxTdT9xtPgdpbVlfZ-pyl7WVtj_paixro0EvhZxE5iLgda502CEoC0vAvzjtEpM14KcL58AZ0-ivfN5gsjdztpunNqA-hI.XFBFi7dFX-xbycdVQjdnasP-QTk6j3OPmqwFrI16NFk&dib_tag=se&keywords=strawberries&qid=1786103842&s=samedaystore&sprefix=mil%2Csamedaystore%2C348&sr=1-11,https://m.media-amazon.com/images/I/815C40gH9OL._FMwebp__.jpg,false,,,,{},0,,,,"FREE delivery Wed, Aug 12 on $35 of items shipped by Amazon","{""delivery"":""FREE delivery Wed, Aug 12 on $35 of items shipped by Amazon""}",1786103846747
577961,20,00725,1,12,,amazon.com,,"https://www.amazon.com/s?k=strawberries&i=samedaystore&crid=1E2QJW9TUIM1M&sprefix=mil,samedaystore,348&ref=nb_sb_noss_2",Featured,B0BT8QKTG7,"Augason Farms Freeze Dried Sliced Strawberries Pouch 1.4 oz | Gluten Free Snack for Baking, Smoothies, and Emergency Storage, Healthy Individual Fruit Snacks 1.4 Ounces (4 Servings)",,[],6.38,6.38,0,4.6,10834,,false,amazon.com,serp,true,200,,B0BT8QKTG7,https://www.amazon.com/Freeze-Dried-Sliced-Strawberries-Resealable-Pouch/dp/B0BT8QKTG7/ref=sr_1_12?crid=1E2QJW9TUIM1M&dib=eyJ2IjoiMSJ9.daI5AgOqfWVZKrIg_nqXBXhIjU5fNw8iguBr3j6ZQS1mS3E0-TfV6qV416B8sspMTn086DgWgTeQ84TVmrhujYnGoQp2Xnyx7dy_famfukqf0-Zm7UQ1NX6qmHJldUtw55IWrPs_XSjsaQxTdT9xtPgdpbVlfZ-pyl7WVtj_paixro0EvhZxE5iLgda502CEoC0vAvzjtEpM14KcL58AZ0-ivfN5gsjdztpunNqA-hI.XFBFi7dFX-xbycdVQjdnasP-QTk6j3OPmqwFrI16NFk&dib_tag=se&keywords=strawberries&qid=1786103842&s=samedaystore&sprefix=mil%2Csamedaystore%2C348&sr=1-12,https://m.media-amazon.com/images/I/81RSryU5z3L._FMwebp__.jpg,false,,,,{},0,,,,"FREE delivery Wed, Aug 12 on $35 of items shipped by Amazon","{""delivery"":""FREE delivery Wed, Aug 12 on $35 of items shipped by Amazon""}",1786103846747
577962,20,00725,1,13,,amazon.com,,"https://www.amazon.com/s?k=strawberries&i=samedaystore&crid=1E2QJW9TUIM1M&sprefix=mil,samedaystore,348&ref=nb_sb_noss_2",Featured,B00E3JM7UU,"Organic Blackberries, 6 oz",,[],0,0,0,4.7,17801,,false,amazon.com,serp,false,100000,,B00E3JM7UU,https://www.amazon.com/produce-aisle-040-01021-Organic-Blackberries/dp/B00E3JM7UU/ref=sr_1_13?crid=1E2QJW9TUIM1M&dib=eyJ2IjoiMSJ9.daI5AgOqfWVZKrIg_nqXBXhIjU5fNw8iguBr3j6ZQS1mS3E0-TfV6qV416B8sspMTn086DgWgTeQ84TVmrhujYnGoQp2Xnyx7dy_famfukqf0-Zm7UQ1NX6qmHJldUtw55IWrPs_XSjsaQxTdT9xtPgdpbVlfZ-pyl7WVtj_paixro0EvhZxE5iLgda502CEoC0vAvzjtEpM14KcL58AZ0-ivfN5gsjdztpunNqA-hI.XFBFi7dFX-xbycdVQjdnasP-QTk6j3OPmqwFrI16NFk&dib_tag=se&keywords=strawberries&qid=1786103842&s=samedaystore&sprefix=mil%2Csamedaystore%2C348&sr=1-13,https://m.media-amazon.com/images/I/7125y7kPhfL._FMwebp__.jpg,false,,,,{},0,,,,,{},1786103846747
577963,20,00725,1,14,,amazon.com,,"https://www.amazon.com/s?k=strawberries&i=samedaystore&crid=1E2QJW9TUIM1M&sprefix=mil,samedaystore,348&ref=nb_sb_noss_2",Featured,B0004N0IBO,"Bonne Maman Preserve, Strawberry, 13-Ounce | 13 Ounces",,[],4.99,6.28,4.99,4.7,3336,,false,amazon.com,serp,true,10000,,B0004N0IBO,https://www.amazon.com/Bonne-Maman-Preserve-Strawberry-13-Ounce/dp/B0004N0IBO/ref=sr_1_14?crid=1E2QJW9TUIM1M&dib=eyJ2IjoiMSJ9.daI5AgOqfWVZKrIg_nqXBXhIjU5fNw8iguBr3j6ZQS1mS3E0-TfV6qV416B8sspMTn086DgWgTeQ84TVmrhujYnGoQp2Xnyx7dy_famfukqf0-Zm7UQ1NX6qmHJldUtw55IWrPs_XSjsaQxTdT9xtPgdpbVlfZ-pyl7WVtj_paixro0EvhZxE5iLgda502CEoC0vAvzjtEpM14KcL58AZ0-ivfN5gsjdztpunNqA-hI.XFBFi7dFX-xbycdVQjdnasP-QTk6j3OPmqwFrI16NFk&dib_tag=se&keywords=strawberries&qid=1786103842&s=samedaystore&sprefix=mil%2Csamedaystore%2C348&sr=1-14,https://m.media-amazon.com/images/I/81-JowEZnIL._FMwebp__.jpg,false,,,,{},0,,,,FREE delivery Aug 17 - 20 on $35 of items shipped by Amazon,"{""delivery"":""FREE delivery Aug 17 - 20 on $35 of items shipped by Amazon""}",1786103846747
577964,20,00725,1,15,,amazon.com,,"https://www.amazon.com/s?k=strawberries&i=samedaystore&crid=1E2QJW9TUIM1M&sprefix=mil,samedaystore,348&ref=nb_sb_noss_2",Featured,B0F1XWBJDC,"Freeze Dried Strawberries Pieces 17.6 Oz/500g, Crispy Dried Strawberries",,[],19.99,23.99,19.99,4,398,,false,amazon.com,serp,true,200,,B0F1XWBJDC,https://www.amazon.com/Premium-Freeze-Strawberries-Natural-Additives/dp/B0F1XWBJDC/ref=sr_1_15?crid=1E2QJW9TUIM1M&dib=eyJ2IjoiMSJ9.daI5AgOqfWVZKrIg_nqXBXhIjU5fNw8iguBr3j6ZQS1mS3E0-TfV6qV416B8sspMTn086DgWgTeQ84TVmrhujYnGoQp2Xnyx7dy_famfukqf0-Zm7UQ1NX6qmHJldUtw55IWrPs_XSjsaQxTdT9xtPgdpbVlfZ-pyl7WVtj_paixro0EvhZxE5iLgda502CEoC0vAvzjtEpM14KcL58AZ0-ivfN5gsjdztpunNqA-hI.XFBFi7dFX-xbycdVQjdnasP-QTk6j3OPmqwFrI16NFk&dib_tag=se&keywords=strawberries&qid=1786103842&s=samedaystore&sprefix=mil%2Csamedaystore%2C348&sr=1-15,https://m.media-amazon.com/images/I/71RlNm4ryfL._FMwebp__.jpg,false,,,,{},0,,,,"FREE delivery Wed, Aug 12 on $35 of items shipped by Amazon","{""delivery"":""FREE delivery Wed, Aug 12 on $35 of items shipped by Amazon""}",1786103846747
577965,20,00725,1,16,,amazon.com,,"https://www.amazon.com/s?k=strawberries&i=samedaystore&crid=1E2QJW9TUIM1M&sprefix=mil,samedaystore,348&ref=nb_sb_noss_2",Featured,B0F2HW7M1T,Lyrow 100 Pcs 100 Pieces Fake Artificial Strawberries 2.2inch/2.76inch/3.35inch Faux Realistic Strawberry Decor Plastic Simulation Fake Lifelike Fruit for Photography Prop Cabinet Party (2.76 Inch),,[],22.99,24.99,22.99,4.6,100,,false,amazon.com,serp,true,50,,B0F2HW7M1T,https://www.amazon.com/Lyrow-Artificial-Strawberries-Strawberry-Photography/dp/B0F2HW7M1T/ref=sr_1_16?crid=1E2QJW9TUIM1M&dib=eyJ2IjoiMSJ9.daI5AgOqfWVZKrIg_nqXBXhIjU5fNw8iguBr3j6ZQS1mS3E0-TfV6qV416B8sspMTn086DgWgTeQ84TVmrhujYnGoQp2Xnyx7dy_famfukqf0-Zm7UQ1NX6qmHJldUtw55IWrPs_XSjsaQxTdT9xtPgdpbVlfZ-pyl7WVtj_paixro0EvhZxE5iLgda502CEoC0vAvzjtEpM14KcL58AZ0-ivfN5gsjdztpunNqA-hI.XFBFi7dFX-xbycdVQjdnasP-QTk6j3OPmqwFrI16NFk&dib_tag=se&keywords=strawberries&qid=1786103842&s=samedaystore&sprefix=mil%2Csamedaystore%2C348&sr=1-16,https://m.media-amazon.com/images/I/91lbWSgAVwL._FMwebp__.jpg,false,,,,{},0,,,,"FREE delivery Thu, Aug 20 on $35 of items shipped by Amazon","{""delivery"":""FREE delivery Thu, Aug 20 on $35 of items shipped by Amazon""}",1786103846747
577982,20,00728,1,1,,amazon.com,,"https://www.amazon.com/s?k=strawberries&i=samedaystore&crid=1E2QJW9TUIM1M&sprefix=mil,samedaystore,348&ref=nb_sb_noss_2",Featured,B000P6J0SM,"Strawberries, 1 Lb",,[],0,0,0,4.6,90826,,false,amazon.com,serp,false,100000,,B000P6J0SM,https://www.amazon.com/Fresh-Produce-Brands-May-Vary/dp/B000P6J0SM/ref=sr_1_1?crid=1E2QJW9TUIM1M&dib=eyJ2IjoiMSJ9.daI5AgOqfWVZKrIg_nqXBZ3KrBATXitxmiC6Lf15ExOQs6OI0YVdpwBoXQjkbHnd0m7MGI9p9TA7WDeWgIN-50HtUjIZa3dNMwm-9qE3Idt84tdsTyg0GkXnXTOxYBrr_IZ0F66uFalzW9JZU4g9cHi3eo0yu_gLF_uzRfZAWuVRdc8VxTE8WkzJSO-PLubt1Z2JUiB-hS0HJqtU0_4pXYrvHvFWdjdbztc96jpuzG0._7-v-RaMMeYZoW3e5M41iJ7y8s447Sn-YPNeJstgnhU&dib_tag=se&keywords=strawberries&qid=1786103844&s=samedaystore&sprefix=mil%2Csamedaystore%2C348&sr=1-1,https://m.media-amazon.com/images/I/719HRHktywL._FMwebp__.jpg,false,,,,{},0,,,,,{},1786103849879
577983,20,00728,1,2,,amazon.com,,"https://www.amazon.com/s?k=strawberries&i=samedaystore&crid=1E2QJW9TUIM1M&sprefix=mil,samedaystore,348&ref=nb_sb_noss_2",Featured,B002B8Z98W,"Organic Strawberries, 1 Lb",,[],0,0,0,4.6,40783,,false,amazon.com,serp,false,100000,,B002B8Z98W,https://www.amazon.com/Fresh-Produce-Brands-Vary-040/dp/B002B8Z98W/ref=sr_1_2?crid=1E2QJW9TUIM1M&dib=eyJ2IjoiMSJ9.daI5AgOqfWVZKrIg_nqXBZ3KrBATXitxmiC6Lf15ExOQs6OI0YVdpwBoXQjkbHnd0m7MGI9p9TA7WDeWgIN-50HtUjIZa3dNMwm-9qE3Idt84tdsTyg0GkXnXTOxYBrr_IZ0F66uFalzW9JZU4g9cHi3eo0yu_gLF_uzRfZAWuVRdc8VxTE8WkzJSO-PLubt1Z2JUiB-hS0HJqtU0_4pXYrvHvFWdjdbztc96jpuzG0._7-v-RaMMeYZoW3e5M41iJ7y8s447Sn-YPNeJstgnhU&dib_tag=se&keywords=strawberries&qid=1786103844&s=samedaystore&sprefix=mil%2Csamedaystore%2C348&sr=1-2,https://m.media-amazon.com/images/I/71oKpKMVqTL._FMwebp__.jpg,false,,,,{},0,,,,,{},1786103849879
577984,20,00728,1,3,,amazon.com,,"https://www.amazon.com/s?k=strawberries&i=samedaystore&crid=1E2QJW9TUIM1M&sprefix=mil,samedaystore,348&ref=nb_sb_noss_2",Featured,B000P6G12U,"Red Raspberries, 6 oz",,[],0,0,0,4.6,37207,,false,amazon.com,serp,false,100000,,B000P6G12U,https://www.amazon.com/Fresh-Produce-Brands-May-Vary/dp/B000P6G12U/ref=sr_1_3?crid=1E2QJW9TUIM1M&dib=eyJ2IjoiMSJ9.daI5AgOqfWVZKrIg_nqXBZ3KrBATXitxmiC6Lf15ExOQs6OI0YVdpwBoXQjkbHnd0m7MGI9p9TA7WDeWgIN-50HtUjIZa3dNMwm-9qE3Idt84tdsTyg0GkXnXTOxYBrr_IZ0F66uFalzW9JZU4g9cHi3eo0yu_gLF_uzRfZAWuVRdc8VxTE8WkzJSO-PLubt1Z2JUiB-hS0HJqtU0_4pXYrvHvFWdjdbztc96jpuzG0._7-v-RaMMeYZoW3e5M41iJ7y8s447Sn-YPNeJstgnhU&dib_tag=se&keywords=strawberries&qid=1786103844&s=samedaystore&sprefix=mil%2Csamedaystore%2C348&sr=1-3,https://m.media-amazon.com/images/I/61lsVNuBxkL._FMwebp__.jpg,false,,,,{},0,,,,,{},1786103849879
577985,20,00728,1,4,,amazon.com,,"https://www.amazon.com/s?k=strawberries&i=samedaystore&crid=1E2QJW9TUIM1M&sprefix=mil,samedaystore,348&ref=nb_sb_noss_2",Featured,B077N7TR5G,Organic Blueberries Pint,,[],0,0,0,4.7,27829,,false,amazon.com,serp,false,100000,,B077N7TR5G,https://www.amazon.com/produce-aisle-112042-Organic-Blueberries/dp/B077N7TR5G/ref=sr_1_4?crid=1E2QJW9TUIM1M&dib=eyJ2IjoiMSJ9.daI5AgOqfWVZKrIg_nqXBZ3KrBATXitxmiC6Lf15ExOQs6OI0YVdpwBoXQjkbHnd0m7MGI9p9TA7WDeWgIN-50HtUjIZa3dNMwm-9qE3Idt84tdsTyg0GkXnXTOxYBrr_IZ0F66uFalzW9JZU4g9cHi3eo0yu_gLF_uzRfZAWuVRdc8VxTE8WkzJSO-PLubt1Z2JUiB-hS0HJqtU0_4pXYrvHvFWdjdbztc96jpuzG0._7-v-RaMMeYZoW3e5M41iJ7y8s447Sn-YPNeJstgnhU&dib_tag=se&keywords=strawberries&qid=1786103844&s=samedaystore&sprefix=mil%2Csamedaystore%2C348&sr=1-4,https://m.media-amazon.com/images/I/61RTWtYAGRL._FMwebp__.jpg,false,,,,{},0,,,,,{},1786103849879
577986,20,00728,1,5,,amazon.com,,"https://www.amazon.com/s?k=strawberries&i=samedaystore&crid=1E2QJW9TUIM1M&sprefix=mil,samedaystore,348&ref=nb_sb_noss_2",Featured,B0FT35CP55,"Premium Freeze Dried Strawberry Slices | 7.05oz | No Sugar Added | in Resealable Jar Non-GMO, Vegan Snacks | Crunchy Wellsome Topping for Yogurt, Smoothie Bowls, Baking & On-the-Go Fruit Snack",,[],17.99,17.99,0,4.7,54,,false,amazon.com,serp,true,300,,B0FT35CP55,https://www.amazon.com/Premium-Strawberry-Resealable-Wellsome-Smoothie/dp/B0FT35CP55/ref=sr_1_5?crid=1E2QJW9TUIM1M&dib=eyJ2IjoiMSJ9.daI5AgOqfWVZKrIg_nqXBZ3KrBATXitxmiC6Lf15ExOQs6OI0YVdpwBoXQjkbHnd0m7MGI9p9TA7WDeWgIN-50HtUjIZa3dNMwm-9qE3Idt84tdsTyg0GkXnXTOxYBrr_IZ0F66uFalzW9JZU4g9cHi3eo0yu_gLF_uzRfZAWuVRdc8VxTE8WkzJSO-PLubt1Z2JUiB-hS0HJqtU0_4pXYrvHvFWdjdbztc96jpuzG0._7-v-RaMMeYZoW3e5M41iJ7y8s447Sn-YPNeJstgnhU&dib_tag=se&keywords=strawberries&qid=1786103844&s=samedaystore&sprefix=mil%2Csamedaystore%2C348&sr=1-5,https://m.media-amazon.com/images/I/911yY8wECIL._FMwebp__.jpg,false,,,,{},0,,,,"FREE delivery Wed, Aug 12 on $35 of items shipped by Amazon","{""delivery"":""FREE delivery Wed, Aug 12 on $35 of items shipped by Amazon""}",1786103849879
577987,20,00728,1,6,,amazon.com,,"https://www.amazon.com/s?k=strawberries&i=samedaystore&crid=1E2QJW9TUIM1M&sprefix=mil,samedaystore,348&ref=nb_sb_noss_2",Featured,B0BZ9TBY48,"Bonnie Plants Strawberry, Live Plant, 19.3 oz. (4-Pack)",,[],18.72,22.89,18.72,4.3,1069,,false,amazon.com,serp,true,900,,B0BZ9TBY48,https://www.amazon.com/Bonnie-Plants-Strawberry-Plant-4-Pack/dp/B0BZ9TBY48/ref=sr_1_6?crid=1E2QJW9TUIM1M&dib=eyJ2IjoiMSJ9.daI5AgOqfWVZKrIg_nqXBZ3KrBATXitxmiC6Lf15ExOQs6OI0YVdpwBoXQjkbHnd0m7MGI9p9TA7WDeWgIN-50HtUjIZa3dNMwm-9qE3Idt84tdsTyg0GkXnXTOxYBrr_IZ0F66uFalzW9JZU4g9cHi3eo0yu_gLF_uzRfZAWuVRdc8VxTE8WkzJSO-PLubt1Z2JUiB-hS0HJqtU0_4pXYrvHvFWdjdbztc96jpuzG0._7-v-RaMMeYZoW3e5M41iJ7y8s447Sn-YPNeJstgnhU&dib_tag=se&keywords=strawberries&qid=1786103844&s=samedaystore&sprefix=mil%2Csamedaystore%2C348&sr=1-6,https://m.media-amazon.com/images/I/71jTWZBe4UL._FMwebp__.jpg,false,,,,{},0,,,,FREE delivery on $35 of items shipped by Amazon,"{""delivery"":""FREE delivery on $35 of items shipped by Amazon""}",1786103849879
577988,20,00728,1,7,,amazon.com,,"https://www.amazon.com/s?k=strawberries&i=samedaystore&crid=1E2QJW9TUIM1M&sprefix=mil,samedaystore,348&ref=nb_sb_noss_2",Featured,B09CGC6GM5,"Happy Village Organic Whole Dried Strawberries, 18 OZ Resealable Pack- Soft & Juicy, Kosher, Non-GMO, No Refined Sugar, Apple Juice Infused Dried Strawberry",,[],28.99,28.99,0,4.2,1872,,false,amazon.com,serp,true,800,,B09CGC6GM5,https://www.amazon.com/Organic-Strawberries-Happy-Village-Strawberry/dp/B09CGC6GM5/ref=sr_1_7?crid=1E2QJW9TUIM1M&dib=eyJ2IjoiMSJ9.daI5AgOqfWVZKrIg_nqXBZ3KrBATXitxmiC6Lf15ExOQs6OI0YVdpwBoXQjkbHnd0m7MGI9p9TA7WDeWgIN-50HtUjIZa3dNMwm-9qE3Idt84tdsTyg0GkXnXTOxYBrr_IZ0F66uFalzW9JZU4g9cHi3eo0yu_gLF_uzRfZAWuVRdc8VxTE8WkzJSO-PLubt1Z2JUiB-hS0HJqtU0_4pXYrvHvFWdjdbztc96jpuzG0._7-v-RaMMeYZoW3e5M41iJ7y8s447Sn-YPNeJstgnhU&dib_tag=se&keywords=strawberries&qid=1786103844&s=samedaystore&sprefix=mil%2Csamedaystore%2C348&sr=1-7,https://m.media-amazon.com/images/I/815C40gH9OL._FMwebp__.jpg,false,,,,{},0,,,,"FREE delivery Wed, Aug 12 on $35 of items shipped by Amazon","{""delivery"":""FREE delivery Wed, Aug 12 on $35 of items shipped by Amazon""}",1786103849879
577989,20,00728,1,8,,amazon.com,,"https://www.amazon.com/s?k=strawberries&i=samedaystore&crid=1E2QJW9TUIM1M&sprefix=mil,samedaystore,348&ref=nb_sb_noss_2",Featured,B008945XB0,"Augason Farms Freeze Dried Sliced Strawberries Can 6.5 oz | 18 Servings, Gluten Free Snack for Baking, Smoothies, and Emergency Storage, Healthy Individual Fruit Snacks, 6.5 Ounces",,[],18,18,0,4.6,10834,,false,amazon.com,serp,true,500,,B008945XB0,https://www.amazon.com/Augason-Farms-Freeze-Sliced-Strawberries/dp/B008945XB0/ref=sr_1_8?crid=1E2QJW9TUIM1M&dib=eyJ2IjoiMSJ9.daI5AgOqfWVZKrIg_nqXBZ3KrBATXitxmiC6Lf15ExOQs6OI0YVdpwBoXQjkbHnd0m7MGI9p9TA7WDeWgIN-50HtUjIZa3dNMwm-9qE3Idt84tdsTyg0GkXnXTOxYBrr_IZ0F66uFalzW9JZU4g9cHi3eo0yu_gLF_uzRfZAWuVRdc8VxTE8WkzJSO-PLubt1Z2JUiB-hS0HJqtU0_4pXYrvHvFWdjdbztc96jpuzG0._7-v-RaMMeYZoW3e5M41iJ7y8s447Sn-YPNeJstgnhU&dib_tag=se&keywords=strawberries&qid=1786103844&s=samedaystore&sprefix=mil%2Csamedaystore%2C348&sr=1-8,https://m.media-amazon.com/images/I/71Y5VPm9QzL._FMwebp__.jpg,false,,,,{},0,,,,FREE delivery Aug 24 - Sep 5 on $35 of items shipped by Amazon,"{""delivery"":""FREE delivery Aug 24 - Sep 5 on $35 of items shipped by Amazon""}",1786103849879
577990,20,00728,1,9,,amazon.com,,"https://www.amazon.com/s?k=strawberries&i=samedaystore&crid=1E2QJW9TUIM1M&sprefix=mil,samedaystore,348&ref=nb_sb_noss_2",Featured,B0FFMBS8Y1,"Amilutuo Freeze Dried Strawberries Pieces, 3.17OZ/90g Frozen Strawberries | Freeze Dried Fruit, Dehydrated Strawberries, Freeze Dried Snacks",,[],8.99,9.49,8.99,4.5,376,,false,amazon.com,serp,true,700,,B0FFMBS8Y1,https://www.amazon.com/Freeze-Strawberries-Pieces-Dehydrated-Preservatives/dp/B0FFMBS8Y1/ref=sr_1_9?crid=1E2QJW9TUIM1M&dib=eyJ2IjoiMSJ9.daI5AgOqfWVZKrIg_nqXBZ3KrBATXitxmiC6Lf15ExOQs6OI0YVdpwBoXQjkbHnd0m7MGI9p9TA7WDeWgIN-50HtUjIZa3dNMwm-9qE3Idt84tdsTyg0GkXnXTOxYBrr_IZ0F66uFalzW9JZU4g9cHi3eo0yu_gLF_uzRfZAWuVRdc8VxTE8WkzJSO-PLubt1Z2JUiB-hS0HJqtU0_4pXYrvHvFWdjdbztc96jpuzG0._7-v-RaMMeYZoW3e5M41iJ7y8s447Sn-YPNeJstgnhU&dib_tag=se&keywords=strawberries&qid=1786103844&s=samedaystore&sprefix=mil%2Csamedaystore%2C348&sr=1-9,https://m.media-amazon.com/images/I/81RkuXeP7BL._FMwebp__.jpg,false,,,,{},0,,,,"FREE delivery Wed, Aug 12 on $35 of items shipped by Amazon","{""delivery"":""FREE delivery Wed, Aug 12 on $35 of items shipped by Amazon""}",1786103849879
577991,20,00728,1,10,,amazon.com,,"https://www.amazon.com/s?k=strawberries&i=samedaystore&crid=1E2QJW9TUIM1M&sprefix=mil,samedaystore,348&ref=nb_sb_noss_2",Featured,B0C47PX5PW,"Annie's Organic Strawberry Fruit Snacks, Value Pack, 22 ct, 15.4 oz | Summer Strawberry Bunny Shapes, Certified USDA Organic, Non-GMO, Gelatin Free, Excellent Source of Vitamin C",,[],12.74,12.74,0,4.7,7053,,false,amazon.com,serp,true,1000,,B0C47PX5PW,https://www.amazon.com/Annies-Organic-Flavored-Strawberry-Pouches/dp/B0C47PX5PW/ref=sr_1_10?crid=1E2QJW9TUIM1M&dib=eyJ2IjoiMSJ9.daI5AgOqfWVZKrIg_nqXBZ3KrBATXitxmiC6Lf15ExOQs6OI0YVdpwBoXQjkbHnd0m7MGI9p9TA7WDeWgIN-50HtUjIZa3dNMwm-9qE3Idt84tdsTyg0GkXnXTOxYBrr_IZ0F66uFalzW9JZU4g9cHi3eo0yu_gLF_uzRfZAWuVRdc8VxTE8WkzJSO-PLubt1Z2JUiB-hS0HJqtU0_4pXYrvHvFWdjdbztc96jpuzG0._7-v-RaMMeYZoW3e5M41iJ7y8s447Sn-YPNeJstgnhU&dib_tag=se&keywords=strawberries&qid=1786103844&s=samedaystore&sprefix=mil%2Csamedaystore%2C348&sr=1-10,https://m.media-amazon.com/images/I/81E4sTIKdWL._FMwebp__.jpg,false,,,,{},0,,,,"FREE delivery Wed, Aug 12 on $35 of items shipped by Amazon","{""delivery"":""FREE delivery Wed, Aug 12 on $35 of items shipped by Amazon""}",1786103849879
577992,20,00728,1,11,,amazon.com,,"https://www.amazon.com/s?k=strawberries&i=samedaystore&crid=1E2QJW9TUIM1M&sprefix=mil,samedaystore,348&ref=nb_sb_noss_2",Featured,B0BT8QKTG7,"Augason Farms Freeze Dried Sliced Strawberries Pouch 1.4 oz | Gluten Free Snack for Baking, Smoothies, and Emergency Storage, Healthy Individual Fruit Snacks 1.4 Ounces (4 Servings)",,[],6.38,6.38,0,4.6,10834,,false,amazon.com,serp,true,200,,B0BT8QKTG7,https://www.amazon.com/Freeze-Dried-Sliced-Strawberries-Resealable-Pouch/dp/B0BT8QKTG7/ref=sr_1_11?crid=1E2QJW9TUIM1M&dib=eyJ2IjoiMSJ9.daI5AgOqfWVZKrIg_nqXBZ3KrBATXitxmiC6Lf15ExOQs6OI0YVdpwBoXQjkbHnd0m7MGI9p9TA7WDeWgIN-50HtUjIZa3dNMwm-9qE3Idt84tdsTyg0GkXnXTOxYBrr_IZ0F66uFalzW9JZU4g9cHi3eo0yu_gLF_uzRfZAWuVRdc8VxTE8WkzJSO-PLubt1Z2JUiB-hS0HJqtU0_4pXYrvHvFWdjdbztc96jpuzG0._7-v-RaMMeYZoW3e5M41iJ7y8s447Sn-YPNeJstgnhU&dib_tag=se&keywords=strawberries&qid=1786103844&s=samedaystore&sprefix=mil%2Csamedaystore%2C348&sr=1-11,https://m.media-amazon.com/images/I/81RSryU5z3L._FMwebp__.jpg,false,,,,{},0,,,,"FREE delivery Wed, Aug 12 on $35 of items shipped by Amazon","{""delivery"":""FREE delivery Wed, Aug 12 on $35 of items shipped by Amazon""}",1786103849879
577993,20,00728,1,12,,amazon.com,,"https://www.amazon.com/s?k=strawberries&i=samedaystore&crid=1E2QJW9TUIM1M&sprefix=mil,samedaystore,348&ref=nb_sb_noss_2",Featured,B0DPLDXMJL,"Nature's Garden Probiotic Strawberry Yoggies 21oz (30 x 0.7oz) Pack of 2 | Yogurt Covered Real Fruit Bites, High Fiber, Gluten Free, No Artificial Flavors and Colors, On-the-Go Snack for Adults & Kids",,[],29.78,29.78,0,4.7,2166,,false,amazon.com,serp,true,1000,,B0DPLDXMJL,https://www.amazon.com/Natures-Garden-Strawberry-Yogurt-Covered-Ingredients/dp/B0DPLDXMJL/ref=sr_1_12?crid=1E2QJW9TUIM1M&dib=eyJ2IjoiMSJ9.daI5AgOqfWVZKrIg_nqXBZ3KrBATXitxmiC6Lf15ExOQs6OI0YVdpwBoXQjkbHnd0m7MGI9p9TA7WDeWgIN-50HtUjIZa3dNMwm-9qE3Idt84tdsTyg0GkXnXTOxYBrr_IZ0F66uFalzW9JZU4g9cHi3eo0yu_gLF_uzRfZAWuVRdc8VxTE8WkzJSO-PLubt1Z2JUiB-hS0HJqtU0_4pXYrvHvFWdjdbztc96jpuzG0._7-v-RaMMeYZoW3e5M41iJ7y8s447Sn-YPNeJstgnhU&dib_tag=se&keywords=strawberries&qid=1786103844&s=samedaystore&sprefix=mil%2Csamedaystore%2C348&sr=1-12,https://m.media-amazon.com/images/I/71sMPE0w8XL._FMwebp__.jpg,false,,,,{},0,,,,FREE delivery Aug 24 - Sep 10 on $35 of items shipped by Amazon,"{""delivery"":""FREE delivery Aug 24 - Sep 10 on $35 of items shipped by Amazon""}",1786103849879
577994,20,00728,1,13,,amazon.com,,"https://www.amazon.com/s?k=strawberries&i=samedaystore&crid=1E2QJW9TUIM1M&sprefix=mil,samedaystore,348&ref=nb_sb_noss_2",Featured,B00L3ZCFWC,"Strawberry Reàl, Strawberry Puree Infused Syrup, 16.9 FL OZ Squeezable Bottle (Pack of 1)",,[],11,12.83,11,4.5,2364,,false,amazon.com,serp,true,2000,,B00L3ZCFWC,https://www.amazon.com/Strawberry-Puree-Infused-Squeezable-Bottle/dp/B00L3ZCFWC/ref=sr_1_13?crid=1E2QJW9TUIM1M&dib=eyJ2IjoiMSJ9.daI5AgOqfWVZKrIg_nqXBZ3KrBATXitxmiC6Lf15ExOQs6OI0YVdpwBoXQjkbHnd0m7MGI9p9TA7WDeWgIN-50HtUjIZa3dNMwm-9qE3Idt84tdsTyg0GkXnXTOxYBrr_IZ0F66uFalzW9JZU4g9cHi3eo0yu_gLF_uzRfZAWuVRdc8VxTE8WkzJSO-PLubt1Z2JUiB-hS0HJqtU0_4pXYrvHvFWdjdbztc96jpuzG0._7-v-RaMMeYZoW3e5M41iJ7y8s447Sn-YPNeJstgnhU&dib_tag=se&keywords=strawberries&qid=1786103844&s=samedaystore&sprefix=mil%2Csamedaystore%2C348&sr=1-13,https://m.media-amazon.com/images/I/71-YY-VcjnL._FMwebp__.jpg,false,,,,{},0,,,,"FREE delivery Wed, Aug 12 on $35 of items shipped by Amazon","{""delivery"":""FREE delivery Wed, Aug 12 on $35 of items shipped by Amazon""}",1786103849879
577995,20,00728,1,14,,amazon.com,,"https://www.amazon.com/s?k=strawberries&i=samedaystore&crid=1E2QJW9TUIM1M&sprefix=mil,samedaystore,348&ref=nb_sb_noss_2",Featured,B0GTXHB7DQ,"Growing Strawberries for Beginners: The Complete Step-by-Step Guide to Planting, Growing, and Harvesting Sweet Strawberries at Home (The Ox n Rabbit Homestead Guide Series)",,[],0,0,0,0,0,,false,amazon.com,serp,true,,,B0GTXHB7DQ,https://www.amazon.com/Growing-Strawberries-Beginners-Step-Step-ebook/dp/B0GTXHB7DQ/ref=sr_1_14?crid=1E2QJW9TUIM1M&dib=eyJ2IjoiMSJ9.daI5AgOqfWVZKrIg_nqXBZ3KrBATXitxmiC6Lf15ExOQs6OI0YVdpwBoXQjkbHnd0m7MGI9p9TA7WDeWgIN-50HtUjIZa3dNMwm-9qE3Idt84tdsTyg0GkXnXTOxYBrr_IZ0F66uFalzW9JZU4g9cHi3eo0yu_gLF_uzRfZAWuVRdc8VxTE8WkzJSO-PLubt1Z2JUiB-hS0HJqtU0_4pXYrvHvFWdjdbztc96jpuzG0._7-v-RaMMeYZoW3e5M41iJ7y8s447Sn-YPNeJstgnhU&dib_tag=se&keywords=strawberries&qid=1786103844&s=samedaystore&sprefix=mil%2Csamedaystore%2C348&sr=1-14,https://m.media-amazon.com/images/I/91jM91+m2PL._FMwebp__.jpg,false,,,,{},0,,,,"FREE delivery Wed, Aug 12 on $35 of items shipped by Amazon","{""delivery"":""FREE delivery Wed, Aug 12 on $35 of items shipped by Amazon""}",1786103849879
577996,20,00728,1,15,,amazon.com,,"https://www.amazon.com/s?k=strawberries&i=samedaystore&crid=1E2QJW9TUIM1M&sprefix=mil,samedaystore,348&ref=nb_sb_noss_2",Featured,B01BAYWZH0,Dying for Strawberries (A Berry Basket Mystery Book 1),,[],1.99,7.59,1.99,4.3,316,,false,amazon.com,serp,true,,,B01BAYWZH0,https://www.amazon.com/Dying-Strawberries-Berry-Basket-Mystery-ebook/dp/B01BAYWZH0/ref=sr_1_15?crid=1E2QJW9TUIM1M&dib=eyJ2IjoiMSJ9.daI5AgOqfWVZKrIg_nqXBZ3KrBATXitxmiC6Lf15ExOQs6OI0YVdpwBoXQjkbHnd0m7MGI9p9TA7WDeWgIN-50HtUjIZa3dNMwm-9qE3Idt84tdsTyg0GkXnXTOxYBrr_IZ0F66uFalzW9JZU4g9cHi3eo0yu_gLF_uzRfZAWuVRdc8VxTE8WkzJSO-PLubt1Z2JUiB-hS0HJqtU0_4pXYrvHvFWdjdbztc96jpuzG0._7-v-RaMMeYZoW3e5M41iJ7y8s447Sn-YPNeJstgnhU&dib_tag=se&keywords=strawberries&qid=1786103844&s=samedaystore&sprefix=mil%2Csamedaystore%2C348&sr=1-15,https://m.media-amazon.com/images/I/81T8oP7Y33L._FMwebp__.jpg,false,,,,{},0,,,,,{},1786103849879
577997,20,00728,1,16,,amazon.com,,"https://www.amazon.com/s?k=strawberries&i=samedaystore&crid=1E2QJW9TUIM1M&sprefix=mil,samedaystore,348&ref=nb_sb_noss_2",Featured,B0DD94HBMV,"Strawberry Bon Bons Hard Candy, 1 Pound (Approx. 75 pcs.), Strawberry Candy Individually Wrapped, Strawberry Candy, The Hampton Popcorn & Candy Company",,[],8.99,8.99,0,4.7,867,,false,amazon.com,serp,true,500,,B0DD94HBMV,https://www.amazon.com/Strawberry-Candy-Individually-Hampton-Company/dp/B0DD94HBMV/ref=sr_1_16?crid=1E2QJW9TUIM1M&dib=eyJ2IjoiMSJ9.daI5AgOqfWVZKrIg_nqXBZ3KrBATXitxmiC6Lf15ExOQs6OI0YVdpwBoXQjkbHnd0m7MGI9p9TA7WDeWgIN-50HtUjIZa3dNMwm-9qE3Idt84tdsTyg0GkXnXTOxYBrr_IZ0F66uFalzW9JZU4g9cHi3eo0yu_gLF_uzRfZAWuVRdc8VxTE8WkzJSO-PLubt1Z2JUiB-hS0HJqtU0_4pXYrvHvFWdjdbztc96jpuzG0._7-v-RaMMeYZoW3e5M41iJ7y8s447Sn-YPNeJstgnhU&dib_tag=se&keywords=strawberries&qid=1786103844&s=samedaystore&sprefix=mil%2Csamedaystore%2C348&sr=1-16,https://m.media-amazon.com/images/I/81cc7G69D9L._FMwebp__.jpg,false,,,,{},0,,,,"FREE delivery Wed, Aug 12 on $35 of items shipped by Amazon","{""delivery"":""FREE delivery Wed, Aug 12 on $35 of items shipped by Amazon""}",1786103849879
578126,20,00729,1,1,,amazon.com,,"https://www.amazon.com/s?k=strawberries&i=samedaystore&crid=1E2QJW9TUIM1M&sprefix=mil,samedaystore,348&ref=nb_sb_noss_2",Featured,B000P6J0SM,"Strawberries, 1 Lb",,[],1.99,1.99,0,4.6,90826,,false,amazon.com,serp,true,100000,,B000P6J0SM,https://www.amazon.com/Fresh-Produce-Brands-May-Vary/dp/B000P6J0SM/ref=sr_1_1?crid=1E2QJW9TUIM1M&dib=eyJ2IjoiMSJ9.daI5AgOqfWVZKrIg_nqXBUemq6-zGCqmry5vfmNR8wqNPl8adZWE_eyhQwy2Bz5Erz23DGHvhUSi8-_ZQTmHjtHSYPyWUp62W7DtfzASPITx_HG_TwrEFqZgSvnZMOF3rlN3PzwGSEpW4JVMGPpHCdagBbO0lHPaWnokDkqwWWP1fVWRaIZzLV6R2TzeYKDQzl9crJ7BgTLUY_RxIhIkbpqM0LUnbK8-tIyMq8mvzlk.LHBP7eG3B1msYk4fEoflkdrlLE2zDbdTPTZcLlDta0o&dib_tag=se&keywords=strawberries&qid=1786103847&s=samedaystore&sprefix=mil%2Csamedaystore%2C348&sr=1-1,https://m.media-amazon.com/images/I/719HRHktywL._FMwebp__.jpg,false,,,,{},0,,,,,{},1786103862050
578127,20,00729,1,2,,amazon.com,,"https://www.amazon.com/s?k=strawberries&i=samedaystore&crid=1E2QJW9TUIM1M&sprefix=mil,samedaystore,348&ref=nb_sb_noss_2",Featured,B002B8Z98W,"Organic Strawberries, 1 Lb",,[],3.34,3.34,0,4.6,40783,,false,amazon.com,serp,true,100000,,B002B8Z98W,https://www.amazon.com/Fresh-Produce-Brands-Vary-040/dp/B002B8Z98W/ref=sr_1_2?crid=1E2QJW9TUIM1M&dib=eyJ2IjoiMSJ9.daI5AgOqfWVZKrIg_nqXBUemq6-zGCqmry5vfmNR8wqNPl8adZWE_eyhQwy2Bz5Erz23DGHvhUSi8-_ZQTmHjtHSYPyWUp62W7DtfzASPITx_HG_TwrEFqZgSvnZMOF3rlN3PzwGSEpW4JVMGPpHCdagBbO0lHPaWnokDkqwWWP1fVWRaIZzLV6R2TzeYKDQzl9crJ7BgTLUY_RxIhIkbpqM0LUnbK8-tIyMq8mvzlk.LHBP7eG3B1msYk4fEoflkdrlLE2zDbdTPTZcLlDta0o&dib_tag=se&keywords=strawberries&qid=1786103847&s=samedaystore&sprefix=mil%2Csamedaystore%2C348&sr=1-2,https://m.media-amazon.com/images/I/71oKpKMVqTL._FMwebp__.jpg,false,,,,{},0,,,,,{},1786103862050
578128,20,00729,1,3,,amazon.com,,"https://www.amazon.com/s?k=strawberries&i=samedaystore&crid=1E2QJW9TUIM1M&sprefix=mil,samedaystore,348&ref=nb_sb_noss_2",Featured,B08YHYHTNS,"Amazon Grocery, Sliced Strawberries,16 Oz, Frozen (Previously Happy Belly, Packaging May Vary)",,[],2.89,2.89,0,4.7,2850,,false,amazon.com,serp,true,10000,,B08YHYHTNS,https://www.amazon.com/Amazon-Brand-Frozen-Sliced-Strawberries/dp/B08YHYHTNS/ref=sr_1_3?crid=1E2QJW9TUIM1M&dib=eyJ2IjoiMSJ9.daI5AgOqfWVZKrIg_nqXBUemq6-zGCqmry5vfmNR8wqNPl8adZWE_eyhQwy2Bz5Erz23DGHvhUSi8-_ZQTmHjtHSYPyWUp62W7DtfzASPITx_HG_TwrEFqZgSvnZMOF3rlN3PzwGSEpW4JVMGPpHCdagBbO0lHPaWnokDkqwWWP1fVWRaIZzLV6R2TzeYKDQzl9crJ7BgTLUY_RxIhIkbpqM0LUnbK8-tIyMq8mvzlk.LHBP7eG3B1msYk4fEoflkdrlLE2zDbdTPTZcLlDta0o&dib_tag=se&keywords=strawberries&qid=1786103847&s=samedaystore&sprefix=mil%2Csamedaystore%2C348&sr=1-3,https://m.media-amazon.com/images/I/71So7Z9O2QL._FMwebp__.jpg,false,,,,{},0,,,,,{},1786103862050
578129,20,00729,1,4,,amazon.com,,"https://www.amazon.com/s?k=strawberries&i=samedaystore&crid=1E2QJW9TUIM1M&sprefix=mil,samedaystore,348&ref=nb_sb_noss_2",Featured,B0BZTQHYHW,"Amazon Grocery, Whole Strawberries, 48 Oz, Frozen (Previously Amazon Fresh, Packaging May Vary).",,[],7.07,7.07,0,4.7,283,,false,amazon.com,serp,true,2000,,B0BZTQHYHW,https://www.amazon.com/Amazon-Fresh-Frozen-Whole-Strawberries/dp/B0BZTQHYHW/ref=sr_1_4?crid=1E2QJW9TUIM1M&dib=eyJ2IjoiMSJ9.daI5AgOqfWVZKrIg_nqXBUemq6-zGCqmry5vfmNR8wqNPl8adZWE_eyhQwy2Bz5Erz23DGHvhUSi8-_ZQTmHjtHSYPyWUp62W7DtfzASPITx_HG_TwrEFqZgSvnZMOF3rlN3PzwGSEpW4JVMGPpHCdagBbO0lHPaWnokDkqwWWP1fVWRaIZzLV6R2TzeYKDQzl9crJ7BgTLUY_RxIhIkbpqM0LUnbK8-tIyMq8mvzlk.LHBP7eG3B1msYk4fEoflkdrlLE2zDbdTPTZcLlDta0o&dib_tag=se&keywords=strawberries&qid=1786103847&s=samedaystore&sprefix=mil%2Csamedaystore%2C348&sr=1-4,https://m.media-amazon.com/images/I/812JqLg+LoL._FMwebp__.jpg,false,,,,{},0,,,,,{},1786103862050
578130,20,00729,1,5,,amazon.com,,"https://www.amazon.com/s?k=strawberries&i=samedaystore&crid=1E2QJW9TUIM1M&sprefix=mil,samedaystore,348&ref=nb_sb_noss_2",Featured,B074H6G852,"365 by Whole Foods Market, Organic Whole Strawberries, 32 oz, (Frozen)",,[],9.99,9.99,0,4.7,11342,,false,amazon.com,serp,true,20000,,B074H6G852,https://www.amazon.com/365-Everyday-Value-Organic-Strawberries/dp/B074H6G852/ref=sr_1_5?crid=1E2QJW9TUIM1M&dib=eyJ2IjoiMSJ9.daI5AgOqfWVZKrIg_nqXBUemq6-zGCqmry5vfmNR8wqNPl8adZWE_eyhQwy2Bz5Erz23DGHvhUSi8-_ZQTmHjtHSYPyWUp62W7DtfzASPITx_HG_TwrEFqZgSvnZMOF3rlN3PzwGSEpW4JVMGPpHCdagBbO0lHPaWnokDkqwWWP1fVWRaIZzLV6R2TzeYKDQzl9crJ7BgTLUY_RxIhIkbpqM0LUnbK8-tIyMq8mvzlk.LHBP7eG3B1msYk4fEoflkdrlLE2zDbdTPTZcLlDta0o&dib_tag=se&keywords=strawberries&qid=1786103847&s=samedaystore&sprefix=mil%2Csamedaystore%2C348&sr=1-5,https://m.media-amazon.com/images/I/61RcS1saF-L._FMwebp__.jpg,false,,,,{},0,,,,,{},1786103862050
578131,20,00729,1,6,,amazon.com,,"https://www.amazon.com/s?k=strawberries&i=samedaystore&crid=1E2QJW9TUIM1M&sprefix=mil,samedaystore,348&ref=nb_sb_noss_2",Featured,B08YJ35DJZ,"Amazon Grocery, Whole Strawberries, 16 oz, Frozen (Previously Happy Belly, Packaging May Vary)",,[],2.86,2.86,0,4.6,1830,,false,amazon.com,serp,true,4000,,B08YJ35DJZ,https://www.amazon.com/Amazon-Brand-Happy-Frozen-Strawberries/dp/B08YJ35DJZ/ref=sr_1_6?crid=1E2QJW9TUIM1M&dib=eyJ2IjoiMSJ9.daI5AgOqfWVZKrIg_nqXBUemq6-zGCqmry5vfmNR8wqNPl8adZWE_eyhQwy2Bz5Erz23DGHvhUSi8-_ZQTmHjtHSYPyWUp62W7DtfzASPITx_HG_TwrEFqZgSvnZMOF3rlN3PzwGSEpW4JVMGPpHCdagBbO0lHPaWnokDkqwWWP1fVWRaIZzLV6R2TzeYKDQzl9crJ7BgTLUY_RxIhIkbpqM0LUnbK8-tIyMq8mvzlk.LHBP7eG3B1msYk4fEoflkdrlLE2zDbdTPTZcLlDta0o&dib_tag=se&keywords=strawberries&qid=1786103847&s=samedaystore&sprefix=mil%2Csamedaystore%2C348&sr=1-6,https://m.media-amazon.com/images/I/71s1XjCvviL._FMwebp__.jpg,false,,,,{},0,,,,,{},1786103862050
578132,20,00729,1,7,,amazon.com,,"https://www.amazon.com/s?k=strawberries&i=samedaystore&crid=1E2QJW9TUIM1M&sprefix=mil,samedaystore,348&ref=nb_sb_noss_2",Featured,B074J5L82K,"365 by Whole Foods Market, Whole Strawberries, 16 fl oz",,[],3.49,3.49,0,4.7,6569,,false,amazon.com,serp,true,5000,,B074J5L82K,https://www.amazon.com/365-Everyday-Value-Strawberries-Frozen/dp/B074J5L82K/ref=sr_1_7?crid=1E2QJW9TUIM1M&dib=eyJ2IjoiMSJ9.daI5AgOqfWVZKrIg_nqXBUemq6-zGCqmry5vfmNR8wqNPl8adZWE_eyhQwy2Bz5Erz23DGHvhUSi8-_ZQTmHjtHSYPyWUp62W7DtfzASPITx_HG_TwrEFqZgSvnZMOF3rlN3PzwGSEpW4JVMGPpHCdagBbO0lHPaWnokDkqwWWP1fVWRaIZzLV6R2TzeYKDQzl9crJ7BgTLUY_RxIhIkbpqM0LUnbK8-tIyMq8mvzlk.LHBP7eG3B1msYk4fEoflkdrlLE2zDbdTPTZcLlDta0o&dib_tag=se&keywords=strawberries&qid=1786103847&s=samedaystore&sprefix=mil%2Csamedaystore%2C348&sr=1-7,https://m.media-amazon.com/images/I/61eQRAR-LAL._FMwebp__.jpg,false,,,,{},0,,,,,{},1786103862050
578133,20,00729,1,8,,amazon.com,,"https://www.amazon.com/s?k=strawberries&i=samedaystore&crid=1E2QJW9TUIM1M&sprefix=mil,samedaystore,348&ref=nb_sb_noss_2",Featured,B003AYKYIG,"Blueberries, 1 Pint",,"[""Best Seller""]",2.99,2.99,0,4.7,60832,,false,amazon.com,serp,true,100000,,B003AYKYIG,https://www.amazon.com/Fresh-Produce-Brands-Vary-100174/dp/B003AYKYIG/ref=sr_1_8?crid=1E2QJW9TUIM1M&dib=eyJ2IjoiMSJ9.daI5AgOqfWVZKrIg_nqXBUemq6-zGCqmry5vfmNR8wqNPl8adZWE_eyhQwy2Bz5Erz23DGHvhUSi8-_ZQTmHjtHSYPyWUp62W7DtfzASPITx_HG_TwrEFqZgSvnZMOF3rlN3PzwGSEpW4JVMGPpHCdagBbO0lHPaWnokDkqwWWP1fVWRaIZzLV6R2TzeYKDQzl9crJ7BgTLUY_RxIhIkbpqM0LUnbK8-tIyMq8mvzlk.LHBP7eG3B1msYk4fEoflkdrlLE2zDbdTPTZcLlDta0o&dib_tag=se&keywords=strawberries&qid=1786103847&s=samedaystore&sprefix=mil%2Csamedaystore%2C348&sr=1-8,https://m.media-amazon.com/images/I/712qtHpm6aL._FMwebp__.jpg,false,,,,{},0,,,,,{},1786103862050
578134,20,00729,1,9,,amazon.com,,"https://www.amazon.com/s?k=strawberries&i=samedaystore&crid=1E2QJW9TUIM1M&sprefix=mil,samedaystore,348&ref=nb_sb_noss_2",Featured,B07ZLFPXHC,Banana Bunch (4-5 Count),,[],0.99,1.72,0.99,4.5,79245,,false,amazon.com,serp,true,100000,,B07ZLFPXHC,https://www.amazon.com/Dole-Banana-Bunch-4-5-Count/dp/B07ZLFPXHC/ref=sr_1_9?crid=1E2QJW9TUIM1M&dib=eyJ2IjoiMSJ9.daI5AgOqfWVZKrIg_nqXBUemq6-zGCqmry5vfmNR8wqNPl8adZWE_eyhQwy2Bz5Erz23DGHvhUSi8-_ZQTmHjtHSYPyWUp62W7DtfzASPITx_HG_TwrEFqZgSvnZMOF3rlN3PzwGSEpW4JVMGPpHCdagBbO0lHPaWnokDkqwWWP1fVWRaIZzLV6R2TzeYKDQzl9crJ7BgTLUY_RxIhIkbpqM0LUnbK8-tIyMq8mvzlk.LHBP7eG3B1msYk4fEoflkdrlLE2zDbdTPTZcLlDta0o&dib_tag=se&keywords=strawberries&qid=1786103847&s=samedaystore&sprefix=mil%2Csamedaystore%2C348&sr=1-9,https://m.media-amazon.com/images/I/516Z1bWROQL._FMwebp__.jpg,false,,,,{},0,,,,,{},1786103862050
578135,20,00729,1,10,,amazon.com,,"https://www.amazon.com/s?k=strawberries&i=samedaystore&crid=1E2QJW9TUIM1M&sprefix=mil,samedaystore,348&ref=nb_sb_noss_2",Featured,B00HT7U55W,"Wonderful Halos Mandarins, Sweet, Seedless, Easy Peel Mandarin Oranges - Healthy Food, Fresh Fruit, 3lb Bag",,[],4.99,7.16,4.99,4.5,58525,,false,amazon.com,serp,true,100000,,B00HT7U55W,https://www.amazon.com/Wonderful-Halos-California-Grown-Mandarins-3lb/dp/B00HT7U55W/ref=sr_1_10?crid=1E2QJW9TUIM1M&dib=eyJ2IjoiMSJ9.daI5AgOqfWVZKrIg_nqXBUemq6-zGCqmry5vfmNR8wqNPl8adZWE_eyhQwy2Bz5Erz23DGHvhUSi8-_ZQTmHjtHSYPyWUp62W7DtfzASPITx_HG_TwrEFqZgSvnZMOF3rlN3PzwGSEpW4JVMGPpHCdagBbO0lHPaWnokDkqwWWP1fVWRaIZzLV6R2TzeYKDQzl9crJ7BgTLUY_RxIhIkbpqM0LUnbK8-tIyMq8mvzlk.LHBP7eG3B1msYk4fEoflkdrlLE2zDbdTPTZcLlDta0o&dib_tag=se&keywords=strawberries&qid=1786103847&s=samedaystore&sprefix=mil%2Csamedaystore%2C348&sr=1-10,https://m.media-amazon.com/images/I/71mPw0ZzSLL._FMwebp__.jpg,false,,,,{},0,,,,,{},1786103862050
578136,20,00729,1,11,,amazon.com,,"https://www.amazon.com/s?k=strawberries&i=samedaystore&crid=1E2QJW9TUIM1M&sprefix=mil,samedaystore,348&ref=nb_sb_noss_2",Featured,B077N7TR5G,Organic Blueberries Pint,,[],4.46,4.46,0,4.7,27829,,false,amazon.com,serp,true,100000,,B077N7TR5G,https://www.amazon.com/produce-aisle-112042-Organic-Blueberries/dp/B077N7TR5G/ref=sr_1_11?crid=1E2QJW9TUIM1M&dib=eyJ2IjoiMSJ9.daI5AgOqfWVZKrIg_nqXBUemq6-zGCqmry5vfmNR8wqNPl8adZWE_eyhQwy2Bz5Erz23DGHvhUSi8-_ZQTmHjtHSYPyWUp62W7DtfzASPITx_HG_TwrEFqZgSvnZMOF3rlN3PzwGSEpW4JVMGPpHCdagBbO0lHPaWnokDkqwWWP1fVWRaIZzLV6R2TzeYKDQzl9crJ7BgTLUY_RxIhIkbpqM0LUnbK8-tIyMq8mvzlk.LHBP7eG3B1msYk4fEoflkdrlLE2zDbdTPTZcLlDta0o&dib_tag=se&keywords=strawberries&qid=1786103847&s=samedaystore&sprefix=mil%2Csamedaystore%2C348&sr=1-11,https://m.media-amazon.com/images/I/61RTWtYAGRL._FMwebp__.jpg,false,,,,{},0,,,,,{},1786103862050
578137,20,00729,1,12,,amazon.com,,"https://www.amazon.com/s?k=strawberries&i=samedaystore&crid=1E2QJW9TUIM1M&sprefix=mil,samedaystore,348&ref=nb_sb_noss_2",Featured,B083318PX6,"Amazon Grocery, Cut Watermelon, 32 Oz",,[],7.57,7.57,0,4.3,24905,,false,amazon.com,serp,true,20000,,B083318PX6,https://www.amazon.com/Fresh-Brand-Cut-Watermelon-32/dp/B083318PX6/ref=sr_1_12?crid=1E2QJW9TUIM1M&dib=eyJ2IjoiMSJ9.daI5AgOqfWVZKrIg_nqXBUemq6-zGCqmry5vfmNR8wqNPl8adZWE_eyhQwy2Bz5Erz23DGHvhUSi8-_ZQTmHjtHSYPyWUp62W7DtfzASPITx_HG_TwrEFqZgSvnZMOF3rlN3PzwGSEpW4JVMGPpHCdagBbO0lHPaWnokDkqwWWP1fVWRaIZzLV6R2TzeYKDQzl9crJ7BgTLUY_RxIhIkbpqM0LUnbK8-tIyMq8mvzlk.LHBP7eG3B1msYk4fEoflkdrlLE2zDbdTPTZcLlDta0o&dib_tag=se&keywords=strawberries&qid=1786103847&s=samedaystore&sprefix=mil%2Csamedaystore%2C348&sr=1-12,https://m.media-amazon.com/images/I/81CtbAKbEhL._FMwebp__.jpg,false,,,,{},0,,,,,{},1786103862050
578138,20,00729,1,13,,amazon.com,,"https://www.amazon.com/s?k=strawberries&i=samedaystore&crid=1E2QJW9TUIM1M&sprefix=mil,samedaystore,348&ref=nb_sb_noss_2",Featured,B000P6G12U,"Red Raspberries, 6 oz",,[],1.69,1.69,0,4.6,37207,,false,amazon.com,serp,true,100000,,B000P6G12U,https://www.amazon.com/Fresh-Produce-Brands-May-Vary/dp/B000P6G12U/ref=sr_1_13?crid=1E2QJW9TUIM1M&dib=eyJ2IjoiMSJ9.daI5AgOqfWVZKrIg_nqXBUemq6-zGCqmry5vfmNR8wqNPl8adZWE_eyhQwy2Bz5Erz23DGHvhUSi8-_ZQTmHjtHSYPyWUp62W7DtfzASPITx_HG_TwrEFqZgSvnZMOF3rlN3PzwGSEpW4JVMGPpHCdagBbO0lHPaWnokDkqwWWP1fVWRaIZzLV6R2TzeYKDQzl9crJ7BgTLUY_RxIhIkbpqM0LUnbK8-tIyMq8mvzlk.LHBP7eG3B1msYk4fEoflkdrlLE2zDbdTPTZcLlDta0o&dib_tag=se&keywords=strawberries&qid=1786103847&s=samedaystore&sprefix=mil%2Csamedaystore%2C348&sr=1-13,https://m.media-amazon.com/images/I/61lsVNuBxkL._FMwebp__.jpg,false,,,,{},0,,,,,{},1786103862050
578139,20,00729,1,14,,amazon.com,,"https://www.amazon.com/s?k=strawberries&i=samedaystore&crid=1E2QJW9TUIM1M&sprefix=mil,samedaystore,348&ref=nb_sb_noss_2",Featured,B07ZLF9G83,Organic Banana Bunch (4-5 Count),,[],1.49,2.42,1.49,4.5,43148,,false,amazon.com,serp,true,100000,,B07ZLF9G83,https://www.amazon.com/Dole-Organic-Banana-Bunch/dp/B07ZLF9G83/ref=sr_1_14?crid=1E2QJW9TUIM1M&dib=eyJ2IjoiMSJ9.daI5AgOqfWVZKrIg_nqXBUemq6-zGCqmry5vfmNR8wqNPl8adZWE_eyhQwy2Bz5Erz23DGHvhUSi8-_ZQTmHjtHSYPyWUp62W7DtfzASPITx_HG_TwrEFqZgSvnZMOF3rlN3PzwGSEpW4JVMGPpHCdagBbO0lHPaWnokDkqwWWP1fVWRaIZzLV6R2TzeYKDQzl9crJ7BgTLUY_RxIhIkbpqM0LUnbK8-tIyMq8mvzlk.LHBP7eG3B1msYk4fEoflkdrlLE2zDbdTPTZcLlDta0o&dib_tag=se&keywords=strawberries&qid=1786103847&s=samedaystore&sprefix=mil%2Csamedaystore%2C348&sr=1-14,https://m.media-amazon.com/images/I/61MwwJlLmcL._FMwebp__.jpg,false,,,,{},0,,,,,{},1786103862050
578140,20,00729,1,15,,amazon.com,,"https://www.amazon.com/s?k=strawberries&i=samedaystore&crid=1E2QJW9TUIM1M&sprefix=mil,samedaystore,348&ref=nb_sb_noss_2",Featured,B00E3JM7UU,"Organic Blackberries, 6 oz",,[],3.86,3.86,0,4.7,17801,,false,amazon.com,serp,true,100000,,B00E3JM7UU,https://www.amazon.com/produce-aisle-040-01021-Organic-Blackberries/dp/B00E3JM7UU/ref=sr_1_15?crid=1E2QJW9TUIM1M&dib=eyJ2IjoiMSJ9.daI5AgOqfWVZKrIg_nqXBUemq6-zGCqmry5vfmNR8wqNPl8adZWE_eyhQwy2Bz5Erz23DGHvhUSi8-_ZQTmHjtHSYPyWUp62W7DtfzASPITx_HG_TwrEFqZgSvnZMOF3rlN3PzwGSEpW4JVMGPpHCdagBbO0lHPaWnokDkqwWWP1fVWRaIZzLV6R2TzeYKDQzl9crJ7BgTLUY_RxIhIkbpqM0LUnbK8-tIyMq8mvzlk.LHBP7eG3B1msYk4fEoflkdrlLE2zDbdTPTZcLlDta0o&dib_tag=se&keywords=strawberries&qid=1786103847&s=samedaystore&sprefix=mil%2Csamedaystore%2C348&sr=1-15,https://m.media-amazon.com/images/I/7125y7kPhfL._FMwebp__.jpg,false,,,,{},0,,,,,{},1786103862050
578141,20,00729,1,16,,amazon.com,,"https://www.amazon.com/s?k=strawberries&i=samedaystore&crid=1E2QJW9TUIM1M&sprefix=mil,samedaystore,348&ref=nb_sb_noss_2",Featured,B01FW4A79M,"Dole Strawberries, Peaches and Bananas Frozen Fruit, All Natural Mixed Fruit for Smoothies, Snacks and Recipes, 14 Oz Resealable Bag (Frozen)",,[],4.49,4.49,0,4.6,4119,,false,amazon.com,serp,true,1000,,B01FW4A79M,https://www.amazon.com/Dole-Strawberry-Peach-Banana-Frozen/dp/B01FW4A79M/ref=sr_1_16?crid=1E2QJW9TUIM1M&dib=eyJ2IjoiMSJ9.daI5AgOqfWVZKrIg_nqXBUemq6-zGCqmry5vfmNR8wqNPl8adZWE_eyhQwy2Bz5Erz23DGHvhUSi8-_ZQTmHjtHSYPyWUp62W7DtfzASPITx_HG_TwrEFqZgSvnZMOF3rlN3PzwGSEpW4JVMGPpHCdagBbO0lHPaWnokDkqwWWP1fVWRaIZzLV6R2TzeYKDQzl9crJ7BgTLUY_RxIhIkbpqM0LUnbK8-tIyMq8mvzlk.LHBP7eG3B1msYk4fEoflkdrlLE2zDbdTPTZcLlDta0o&dib_tag=se&keywords=strawberries&qid=1786103847&s=samedaystore&sprefix=mil%2Csamedaystore%2C348&sr=1-16,https://m.media-amazon.com/images/I/71PlRHHp2pL._FMwebp__.jpg,false,,,,{},0,,,,,{},1786103862050
578046,20,00736,1,1,,amazon.com,,"https://www.amazon.com/s?k=strawberries&i=samedaystore&crid=1E2QJW9TUIM1M&sprefix=mil,samedaystore,348&ref=nb_sb_noss_2",Featured,B000P6J0SM,"Strawberries, 1 Lb",,[],1.99,1.99,0,4.6,90826,,false,amazon.com,serp,true,100000,,B000P6J0SM,https://www.amazon.com/Fresh-Produce-Brands-May-Vary/dp/B000P6J0SM/ref=sr_1_1?crid=1E2QJW9TUIM1M&dib=eyJ2IjoiMSJ9.QzlkOhW9yvd9LDnd0y6cH5gYuXOlDvm34ZoZ5u5Yal9UtEwzIC1o90YYDFCZLnIirz23DGHvhUSi8-_ZQTmHjmhjR9vK1l1DFS3jxxp_R5a7kId7_serthMft-kKJF2eer_XQO5j51dlJ2gX0JEDFqdDlJXRpjQxRLFMVsw-NvG3-Tdxbh6HAgNx2dWGpoFoXUefGwaX5u-9OR8b90k_I9EndA1lm9-qXy77C70yrA8.vHvcdCAPEAUeX8sSU9Gclrb80W5ep614RFEfk6D_J1E&dib_tag=se&keywords=strawberries&qid=1786103852&s=samedaystore&sprefix=mil%2Csamedaystore%2C348&sr=1-1,https://m.media-amazon.com/images/I/719HRHktywL._FMwebp__.jpg,false,,,,{},0,,,,,{},1786103857675
578047,20,00736,1,2,,amazon.com,,"https://www.amazon.com/s?k=strawberries&i=samedaystore&crid=1E2QJW9TUIM1M&sprefix=mil,samedaystore,348&ref=nb_sb_noss_2",Featured,B08911ZP3Y,"Strawberries, 2 Lb",,[],5.32,6.99,5.32,4.5,9027,,false,amazon.com,serp,true,50000,,B08911ZP3Y,https://www.amazon.com/Produce-ambient-room-temperature-Strawberries/dp/B08911ZP3Y/ref=sr_1_2?crid=1E2QJW9TUIM1M&dib=eyJ2IjoiMSJ9.QzlkOhW9yvd9LDnd0y6cH5gYuXOlDvm34ZoZ5u5Yal9UtEwzIC1o90YYDFCZLnIirz23DGHvhUSi8-_ZQTmHjmhjR9vK1l1DFS3jxxp_R5a7kId7_serthMft-kKJF2eer_XQO5j51dlJ2gX0JEDFqdDlJXRpjQxRLFMVsw-NvG3-Tdxbh6HAgNx2dWGpoFoXUefGwaX5u-9OR8b90k_I9EndA1lm9-qXy77C70yrA8.vHvcdCAPEAUeX8sSU9Gclrb80W5ep614RFEfk6D_J1E&dib_tag=se&keywords=strawberries&qid=1786103852&s=samedaystore&sprefix=mil%2Csamedaystore%2C348&sr=1-2,https://m.media-amazon.com/images/I/61ckHNwTXOL._FMwebp__.jpg,false,,,,{},0,,,,,{},1786103857675
578048,20,00736,1,3,,amazon.com,,"https://www.amazon.com/s?k=strawberries&i=samedaystore&crid=1E2QJW9TUIM1M&sprefix=mil,samedaystore,348&ref=nb_sb_noss_2",Featured,B002B8Z98W,"Organic Strawberries, 1 Lb",,[],3.34,3.34,0,4.6,40783,,false,amazon.com,serp,true,100000,,B002B8Z98W,https://www.amazon.com/Fresh-Produce-Brands-Vary-040/dp/B002B8Z98W/ref=sr_1_3?crid=1E2QJW9TUIM1M&dib=eyJ2IjoiMSJ9.QzlkOhW9yvd9LDnd0y6cH5gYuXOlDvm34ZoZ5u5Yal9UtEwzIC1o90YYDFCZLnIirz23DGHvhUSi8-_ZQTmHjmhjR9vK1l1DFS3jxxp_R5a7kId7_serthMft-kKJF2eer_XQO5j51dlJ2gX0JEDFqdDlJXRpjQxRLFMVsw-NvG3-Tdxbh6HAgNx2dWGpoFoXUefGwaX5u-9OR8b90k_I9EndA1lm9-qXy77C70yrA8.vHvcdCAPEAUeX8sSU9Gclrb80W5ep614RFEfk6D_J1E&dib_tag=se&keywords=strawberries&qid=1786103852&s=samedaystore&sprefix=mil%2Csamedaystore%2C348&sr=1-3,https://m.media-amazon.com/images/I/71oKpKMVqTL._FMwebp__.jpg,false,,,,{},0,,,,,{},1786103857675
578049,20,00736,1,4,,amazon.com,,"https://www.amazon.com/s?k=strawberries&i=samedaystore&crid=1E2QJW9TUIM1M&sprefix=mil,samedaystore,348&ref=nb_sb_noss_2",Featured,B08YHYHTNS,"Amazon Grocery, Sliced Strawberries,16 Oz, Frozen (Previously Happy Belly, Packaging May Vary)",,[],3.39,3.39,0,4.7,2850,,false,amazon.com,serp,true,10000,,B08YHYHTNS,https://www.amazon.com/Amazon-Brand-Frozen-Sliced-Strawberries/dp/B08YHYHTNS/ref=sr_1_4?crid=1E2QJW9TUIM1M&dib=eyJ2IjoiMSJ9.QzlkOhW9yvd9LDnd0y6cH5gYuXOlDvm34ZoZ5u5Yal9UtEwzIC1o90YYDFCZLnIirz23DGHvhUSi8-_ZQTmHjmhjR9vK1l1DFS3jxxp_R5a7kId7_serthMft-kKJF2eer_XQO5j51dlJ2gX0JEDFqdDlJXRpjQxRLFMVsw-NvG3-Tdxbh6HAgNx2dWGpoFoXUefGwaX5u-9OR8b90k_I9EndA1lm9-qXy77C70yrA8.vHvcdCAPEAUeX8sSU9Gclrb80W5ep614RFEfk6D_J1E&dib_tag=se&keywords=strawberries&qid=1786103852&s=samedaystore&sprefix=mil%2Csamedaystore%2C348&sr=1-4,https://m.media-amazon.com/images/I/71So7Z9O2QL._FMwebp__.jpg,false,,,,{},0,,,,,{},1786103857675
578050,20,00736,1,5,,amazon.com,,"https://www.amazon.com/s?k=strawberries&i=samedaystore&crid=1E2QJW9TUIM1M&sprefix=mil,samedaystore,348&ref=nb_sb_noss_2",Featured,B074H6G852,"365 by Whole Foods Market, Organic Whole Strawberries, 32 oz, (Frozen)",,[],10.99,10.99,0,4.7,11342,,false,amazon.com,serp,true,20000,,B074H6G852,https://www.amazon.com/365-Everyday-Value-Organic-Strawberries/dp/B074H6G852/ref=sr_1_5?crid=1E2QJW9TUIM1M&dib=eyJ2IjoiMSJ9.QzlkOhW9yvd9LDnd0y6cH5gYuXOlDvm34ZoZ5u5Yal9UtEwzIC1o90YYDFCZLnIirz23DGHvhUSi8-_ZQTmHjmhjR9vK1l1DFS3jxxp_R5a7kId7_serthMft-kKJF2eer_XQO5j51dlJ2gX0JEDFqdDlJXRpjQxRLFMVsw-NvG3-Tdxbh6HAgNx2dWGpoFoXUefGwaX5u-9OR8b90k_I9EndA1lm9-qXy77C70yrA8.vHvcdCAPEAUeX8sSU9Gclrb80W5ep614RFEfk6D_J1E&dib_tag=se&keywords=strawberries&qid=1786103852&s=samedaystore&sprefix=mil%2Csamedaystore%2C348&sr=1-5,https://m.media-amazon.com/images/I/61RcS1saF-L._FMwebp__.jpg,false,,,,{},0,,,,,{},1786103857675
578051,20,00736,1,6,,amazon.com,,"https://www.amazon.com/s?k=strawberries&i=samedaystore&crid=1E2QJW9TUIM1M&sprefix=mil,samedaystore,348&ref=nb_sb_noss_2",Featured,B08YJ35DJZ,"Amazon Grocery, Whole Strawberries, 16 oz, Frozen (Previously Happy Belly, Packaging May Vary)",,[],2.86,2.86,0,4.6,1830,,false,amazon.com,serp,true,4000,,B08YJ35DJZ,https://www.amazon.com/Amazon-Brand-Happy-Frozen-Strawberries/dp/B08YJ35DJZ/ref=sr_1_6?crid=1E2QJW9TUIM1M&dib=eyJ2IjoiMSJ9.QzlkOhW9yvd9LDnd0y6cH5gYuXOlDvm34ZoZ5u5Yal9UtEwzIC1o90YYDFCZLnIirz23DGHvhUSi8-_ZQTmHjmhjR9vK1l1DFS3jxxp_R5a7kId7_serthMft-kKJF2eer_XQO5j51dlJ2gX0JEDFqdDlJXRpjQxRLFMVsw-NvG3-Tdxbh6HAgNx2dWGpoFoXUefGwaX5u-9OR8b90k_I9EndA1lm9-qXy77C70yrA8.vHvcdCAPEAUeX8sSU9Gclrb80W5ep614RFEfk6D_J1E&dib_tag=se&keywords=strawberries&qid=1786103852&s=samedaystore&sprefix=mil%2Csamedaystore%2C348&sr=1-6,https://m.media-amazon.com/images/I/71s1XjCvviL._FMwebp__.jpg,false,,,,{},0,,,,,{},1786103857675
578052,20,00736,1,7,,amazon.com,,"https://www.amazon.com/s?k=strawberries&i=samedaystore&crid=1E2QJW9TUIM1M&sprefix=mil,samedaystore,348&ref=nb_sb_noss_2",Featured,B0BZTQHYHW,"Amazon Grocery, Whole Strawberries, 48 Oz, Frozen (Previously Amazon Fresh, Packaging May Vary).",,[],8.09,8.09,0,4.7,283,,false,amazon.com,serp,true,2000,,B0BZTQHYHW,https://www.amazon.com/Amazon-Fresh-Frozen-Whole-Strawberries/dp/B0BZTQHYHW/ref=sr_1_7?crid=1E2QJW9TUIM1M&dib=eyJ2IjoiMSJ9.QzlkOhW9yvd9LDnd0y6cH5gYuXOlDvm34ZoZ5u5Yal9UtEwzIC1o90YYDFCZLnIirz23DGHvhUSi8-_ZQTmHjmhjR9vK1l1DFS3jxxp_R5a7kId7_serthMft-kKJF2eer_XQO5j51dlJ2gX0JEDFqdDlJXRpjQxRLFMVsw-NvG3-Tdxbh6HAgNx2dWGpoFoXUefGwaX5u-9OR8b90k_I9EndA1lm9-qXy77C70yrA8.vHvcdCAPEAUeX8sSU9Gclrb80W5ep614RFEfk6D_J1E&dib_tag=se&keywords=strawberries&qid=1786103852&s=samedaystore&sprefix=mil%2Csamedaystore%2C348&sr=1-7,https://m.media-amazon.com/images/I/812JqLg+LoL._FMwebp__.jpg,false,,,,{},0,,,,,{},1786103857675
578053,20,00736,1,8,,amazon.com,,"https://www.amazon.com/s?k=strawberries&i=samedaystore&crid=1E2QJW9TUIM1M&sprefix=mil,samedaystore,348&ref=nb_sb_noss_2",Featured,B074J5L82K,"365 by Whole Foods Market, Whole Strawberries, 16 fl oz",,[],3.38,3.38,0,4.7,6569,,false,amazon.com,serp,true,5000,,B074J5L82K,https://www.amazon.com/365-Everyday-Value-Strawberries-Frozen/dp/B074J5L82K/ref=sr_1_8?crid=1E2QJW9TUIM1M&dib=eyJ2IjoiMSJ9.QzlkOhW9yvd9LDnd0y6cH5gYuXOlDvm34ZoZ5u5Yal9UtEwzIC1o90YYDFCZLnIirz23DGHvhUSi8-_ZQTmHjmhjR9vK1l1DFS3jxxp_R5a7kId7_serthMft-kKJF2eer_XQO5j51dlJ2gX0JEDFqdDlJXRpjQxRLFMVsw-NvG3-Tdxbh6HAgNx2dWGpoFoXUefGwaX5u-9OR8b90k_I9EndA1lm9-qXy77C70yrA8.vHvcdCAPEAUeX8sSU9Gclrb80W5ep614RFEfk6D_J1E&dib_tag=se&keywords=strawberries&qid=1786103852&s=samedaystore&sprefix=mil%2Csamedaystore%2C348&sr=1-8,https://m.media-amazon.com/images/I/61eQRAR-LAL._FMwebp__.jpg,false,,,,{},0,,,,,{},1786103857675
578054,20,00736,1,9,,amazon.com,,"https://www.amazon.com/s?k=strawberries&i=samedaystore&crid=1E2QJW9TUIM1M&sprefix=mil,samedaystore,348&ref=nb_sb_noss_2",Featured,B08331JZV9,"Amazon Fresh Brand, Mixed Berries, 10 Oz",,[],4.6,4.6,0,3.9,473,,false,amazon.com,serp,true,1000,,B08331JZV9,https://www.amazon.com/Fresh-Brand-Mixed-Berries-10/dp/B08331JZV9/ref=sr_1_9?crid=1E2QJW9TUIM1M&dib=eyJ2IjoiMSJ9.QzlkOhW9yvd9LDnd0y6cH5gYuXOlDvm34ZoZ5u5Yal9UtEwzIC1o90YYDFCZLnIirz23DGHvhUSi8-_ZQTmHjmhjR9vK1l1DFS3jxxp_R5a7kId7_serthMft-kKJF2eer_XQO5j51dlJ2gX0JEDFqdDlJXRpjQxRLFMVsw-NvG3-Tdxbh6HAgNx2dWGpoFoXUefGwaX5u-9OR8b90k_I9EndA1lm9-qXy77C70yrA8.vHvcdCAPEAUeX8sSU9Gclrb80W5ep614RFEfk6D_J1E&dib_tag=se&keywords=strawberries&qid=1786103852&s=samedaystore&sprefix=mil%2Csamedaystore%2C348&sr=1-9,https://m.media-amazon.com/images/I/71NOyc33tML._FMwebp__.jpg,false,,,,{},0,,,,,{},1786103857675
578055,20,00736,1,10,,amazon.com,,"https://www.amazon.com/s?k=strawberries&i=samedaystore&crid=1E2QJW9TUIM1M&sprefix=mil,samedaystore,348&ref=nb_sb_noss_2",Featured,B003AYKYIG,"Blueberries, 1 Pint",,"[""Best Seller""]",2.99,2.99,0,4.7,60832,,false,amazon.com,serp,true,100000,,B003AYKYIG,https://www.amazon.com/Fresh-Produce-Brands-Vary-100174/dp/B003AYKYIG/ref=sr_1_10?crid=1E2QJW9TUIM1M&dib=eyJ2IjoiMSJ9.QzlkOhW9yvd9LDnd0y6cH5gYuXOlDvm34ZoZ5u5Yal9UtEwzIC1o90YYDFCZLnIirz23DGHvhUSi8-_ZQTmHjmhjR9vK1l1DFS3jxxp_R5a7kId7_serthMft-kKJF2eer_XQO5j51dlJ2gX0JEDFqdDlJXRpjQxRLFMVsw-NvG3-Tdxbh6HAgNx2dWGpoFoXUefGwaX5u-9OR8b90k_I9EndA1lm9-qXy77C70yrA8.vHvcdCAPEAUeX8sSU9Gclrb80W5ep614RFEfk6D_J1E&dib_tag=se&keywords=strawberries&qid=1786103852&s=samedaystore&sprefix=mil%2Csamedaystore%2C348&sr=1-10,https://m.media-amazon.com/images/I/712qtHpm6aL._FMwebp__.jpg,false,,,,{},0,,,,,{},1786103857675
578056,20,00736,1,11,,amazon.com,,"https://www.amazon.com/s?k=strawberries&i=samedaystore&crid=1E2QJW9TUIM1M&sprefix=mil,samedaystore,348&ref=nb_sb_noss_2",Featured,B077N7TR5G,Organic Blueberries Pint,,[],4.96,4.96,0,4.7,27829,,false,amazon.com,serp,true,100000,,B077N7TR5G,https://www.amazon.com/produce-aisle-112042-Organic-Blueberries/dp/B077N7TR5G/ref=sr_1_11?crid=1E2QJW9TUIM1M&dib=eyJ2IjoiMSJ9.QzlkOhW9yvd9LDnd0y6cH5gYuXOlDvm34ZoZ5u5Yal9UtEwzIC1o90YYDFCZLnIirz23DGHvhUSi8-_ZQTmHjmhjR9vK1l1DFS3jxxp_R5a7kId7_serthMft-kKJF2eer_XQO5j51dlJ2gX0JEDFqdDlJXRpjQxRLFMVsw-NvG3-Tdxbh6HAgNx2dWGpoFoXUefGwaX5u-9OR8b90k_I9EndA1lm9-qXy77C70yrA8.vHvcdCAPEAUeX8sSU9Gclrb80W5ep614RFEfk6D_J1E&dib_tag=se&keywords=strawberries&qid=1786103852&s=samedaystore&sprefix=mil%2Csamedaystore%2C348&sr=1-11,https://m.media-amazon.com/images/I/61RTWtYAGRL._FMwebp__.jpg,false,,,,{},0,,,,,{},1786103857675
578057,20,00736,1,12,,amazon.com,,"https://www.amazon.com/s?k=strawberries&i=samedaystore&crid=1E2QJW9TUIM1M&sprefix=mil,samedaystore,348&ref=nb_sb_noss_2",Featured,B0031Q80UM,"Organic Red Raspberries, 6 Oz",,[],4.26,4.26,0,4.6,20434,,false,amazon.com,serp,true,50000,,B0031Q80UM,https://www.amazon.com/produce-aisle-040-01040-Organic-Raspberries/dp/B0031Q80UM/ref=sr_1_12?crid=1E2QJW9TUIM1M&dib=eyJ2IjoiMSJ9.QzlkOhW9yvd9LDnd0y6cH5gYuXOlDvm34ZoZ5u5Yal9UtEwzIC1o90YYDFCZLnIirz23DGHvhUSi8-_ZQTmHjmhjR9vK1l1DFS3jxxp_R5a7kId7_serthMft-kKJF2eer_XQO5j51dlJ2gX0JEDFqdDlJXRpjQxRLFMVsw-NvG3-Tdxbh6HAgNx2dWGpoFoXUefGwaX5u-9OR8b90k_I9EndA1lm9-qXy77C70yrA8.vHvcdCAPEAUeX8sSU9Gclrb80W5ep614RFEfk6D_J1E&dib_tag=se&keywords=strawberries&qid=1786103852&s=samedaystore&sprefix=mil%2Csamedaystore%2C348&sr=1-12,https://m.media-amazon.com/images/I/71S3T0amx8L._FMwebp__.jpg,false,,,,{},0,,,,,{},1786103857675
578058,20,00736,1,13,,amazon.com,,"https://www.amazon.com/s?k=strawberries&i=samedaystore&crid=1E2QJW9TUIM1M&sprefix=mil,samedaystore,348&ref=nb_sb_noss_2",Featured,B083318PX6,"Amazon Grocery, Cut Watermelon, 32 Oz",,[],7.57,7.57,0,4.3,24905,,false,amazon.com,serp,true,20000,,B083318PX6,https://www.amazon.com/Fresh-Brand-Cut-Watermelon-32/dp/B083318PX6/ref=sr_1_13?crid=1E2QJW9TUIM1M&dib=eyJ2IjoiMSJ9.QzlkOhW9yvd9LDnd0y6cH5gYuXOlDvm34ZoZ5u5Yal9UtEwzIC1o90YYDFCZLnIirz23DGHvhUSi8-_ZQTmHjmhjR9vK1l1DFS3jxxp_R5a7kId7_serthMft-kKJF2eer_XQO5j51dlJ2gX0JEDFqdDlJXRpjQxRLFMVsw-NvG3-Tdxbh6HAgNx2dWGpoFoXUefGwaX5u-9OR8b90k_I9EndA1lm9-qXy77C70yrA8.vHvcdCAPEAUeX8sSU9Gclrb80W5ep614RFEfk6D_J1E&dib_tag=se&keywords=strawberries&qid=1786103852&s=samedaystore&sprefix=mil%2Csamedaystore%2C348&sr=1-13,https://m.media-amazon.com/images/I/81CtbAKbEhL._FMwebp__.jpg,false,,,,{},0,,,,,{},1786103857675
578059,20,00736,1,14,,amazon.com,,"https://www.amazon.com/s?k=strawberries&i=samedaystore&crid=1E2QJW9TUIM1M&sprefix=mil,samedaystore,348&ref=nb_sb_noss_2",Featured,B000P6G12U,"Red Raspberries, 6 oz",,[],1.69,1.69,0,4.6,37207,,false,amazon.com,serp,true,100000,,B000P6G12U,https://www.amazon.com/Fresh-Produce-Brands-May-Vary/dp/B000P6G12U/ref=sr_1_14?crid=1E2QJW9TUIM1M&dib=eyJ2IjoiMSJ9.QzlkOhW9yvd9LDnd0y6cH5gYuXOlDvm34ZoZ5u5Yal9UtEwzIC1o90YYDFCZLnIirz23DGHvhUSi8-_ZQTmHjmhjR9vK1l1DFS3jxxp_R5a7kId7_serthMft-kKJF2eer_XQO5j51dlJ2gX0JEDFqdDlJXRpjQxRLFMVsw-NvG3-Tdxbh6HAgNx2dWGpoFoXUefGwaX5u-9OR8b90k_I9EndA1lm9-qXy77C70yrA8.vHvcdCAPEAUeX8sSU9Gclrb80W5ep614RFEfk6D_J1E&dib_tag=se&keywords=strawberries&qid=1786103852&s=samedaystore&sprefix=mil%2Csamedaystore%2C348&sr=1-14,https://m.media-amazon.com/images/I/61lsVNuBxkL._FMwebp__.jpg,false,,,,{},0,,,,,{},1786103857675
578060,20,00736,1,15,,amazon.com,,"https://www.amazon.com/s?k=strawberries&i=samedaystore&crid=1E2QJW9TUIM1M&sprefix=mil,samedaystore,348&ref=nb_sb_noss_2",Featured,B07ZLF9G83,Organic Banana Bunch (4-5 Count),,[],1.49,2.42,1.49,4.5,43148,,false,amazon.com,serp,true,100000,,B07ZLF9G83,https://www.amazon.com/Dole-Organic-Banana-Bunch/dp/B07ZLF9G83/ref=sr_1_15?crid=1E2QJW9TUIM1M&dib=eyJ2IjoiMSJ9.QzlkOhW9yvd9LDnd0y6cH5gYuXOlDvm34ZoZ5u5Yal9UtEwzIC1o90YYDFCZLnIirz23DGHvhUSi8-_ZQTmHjmhjR9vK1l1DFS3jxxp_R5a7kId7_serthMft-kKJF2eer_XQO5j51dlJ2gX0JEDFqdDlJXRpjQxRLFMVsw-NvG3-Tdxbh6HAgNx2dWGpoFoXUefGwaX5u-9OR8b90k_I9EndA1lm9-qXy77C70yrA8.vHvcdCAPEAUeX8sSU9Gclrb80W5ep614RFEfk6D_J1E&dib_tag=se&keywords=strawberries&qid=1786103852&s=samedaystore&sprefix=mil%2Csamedaystore%2C348&sr=1-15,https://m.media-amazon.com/images/I/61MwwJlLmcL._FMwebp__.jpg,false,,,,{},0,,,,,{},1786103857675
578061,20,00736,1,16,,amazon.com,,"https://www.amazon.com/s?k=strawberries&i=samedaystore&crid=1E2QJW9TUIM1M&sprefix=mil,samedaystore,348&ref=nb_sb_noss_2",Featured,B00E3JM7UU,"Organic Blackberries, 6 oz",,[],3.86,3.86,0,4.7,17801,,false,amazon.com,serp,true,100000,,B00E3JM7UU,https://www.amazon.com/produce-aisle-040-01021-Organic-Blackberries/dp/B00E3JM7UU/ref=sr_1_16?crid=1E2QJW9TUIM1M&dib=eyJ2IjoiMSJ9.QzlkOhW9yvd9LDnd0y6cH5gYuXOlDvm34ZoZ5u5Yal9UtEwzIC1o90YYDFCZLnIirz23DGHvhUSi8-_ZQTmHjmhjR9vK1l1DFS3jxxp_R5a7kId7_serthMft-kKJF2eer_XQO5j51dlJ2gX0JEDFqdDlJXRpjQxRLFMVsw-NvG3-Tdxbh6HAgNx2dWGpoFoXUefGwaX5u-9OR8b90k_I9EndA1lm9-qXy77C70yrA8.vHvcdCAPEAUeX8sSU9Gclrb80W5ep614RFEfk6D_J1E&dib_tag=se&keywords=strawberries&qid=1786103852&s=samedaystore&sprefix=mil%2Csamedaystore%2C348&sr=1-16,https://m.media-amazon.com/images/I/7125y7kPhfL._FMwebp__.jpg,false,,,,{},0,,,,,{},1786103857675
578014,20,00738,1,1,,amazon.com,,"https://www.amazon.com/s?k=strawberries&i=samedaystore&crid=1E2QJW9TUIM1M&sprefix=mil,samedaystore,348&ref=nb_sb_noss_2",Featured,B000P6J0SM,"Strawberries, 1 Lb",,[],0,0,0,4.6,90826,,false,amazon.com,serp,false,100000,,B000P6J0SM,https://www.amazon.com/Fresh-Produce-Brands-May-Vary/dp/B000P6J0SM/ref=sr_1_1?crid=1E2QJW9TUIM1M&dib=eyJ2IjoiMSJ9.daI5AgOqfWVZKrIg_nqXBXhIjU5fNw8iguBr3j6ZQS1mS3E0-TfV6qV416B8sspMCMUIdvm1t0YrFF8tLPKaZqJj71nPnaUuJZP-T4Tla2mMmVu_bOxg99n-mAlJoGxM46JGxqw-QK7EaJwkneNvd88JlQWWRjm3CX2gIuQ6py4khaRRCWFly2WMYaPodGaZ2qpQHDAy63niMw0Usoh3iq9X-22prifAIL3NvTWpDwY.1WEJUUpnASA3xy93lzM9bHcXWTObIBrALm0xnotNu04&dib_tag=se&keywords=strawberries&qid=1786103849&s=samedaystore&sprefix=mil%2Csamedaystore%2C348&sr=1-1,https://m.media-amazon.com/images/I/719HRHktywL._FMwebp__.jpg,false,,,,{},0,,,,,{},1786103852769
578015,20,00738,1,2,,amazon.com,,"https://www.amazon.com/s?k=strawberries&i=samedaystore&crid=1E2QJW9TUIM1M&sprefix=mil,samedaystore,348&ref=nb_sb_noss_2",Featured,B002B8Z98W,"Organic Strawberries, 1 Lb",,[],0,0,0,4.6,40783,,false,amazon.com,serp,false,100000,,B002B8Z98W,https://www.amazon.com/Fresh-Produce-Brands-Vary-040/dp/B002B8Z98W/ref=sr_1_2?crid=1E2QJW9TUIM1M&dib=eyJ2IjoiMSJ9.daI5AgOqfWVZKrIg_nqXBXhIjU5fNw8iguBr3j6ZQS1mS3E0-TfV6qV416B8sspMCMUIdvm1t0YrFF8tLPKaZqJj71nPnaUuJZP-T4Tla2mMmVu_bOxg99n-mAlJoGxM46JGxqw-QK7EaJwkneNvd88JlQWWRjm3CX2gIuQ6py4khaRRCWFly2WMYaPodGaZ2qpQHDAy63niMw0Usoh3iq9X-22prifAIL3NvTWpDwY.1WEJUUpnASA3xy93lzM9bHcXWTObIBrALm0xnotNu04&dib_tag=se&keywords=strawberries&qid=1786103849&s=samedaystore&sprefix=mil%2Csamedaystore%2C348&sr=1-2,https://m.media-amazon.com/images/I/71oKpKMVqTL._FMwebp__.jpg,false,,,,{},0,,,,,{},1786103852769
578016,20,00738,1,3,,amazon.com,,"https://www.amazon.com/s?k=strawberries&i=samedaystore&crid=1E2QJW9TUIM1M&sprefix=mil,samedaystore,348&ref=nb_sb_noss_2",Featured,B0FT35CP55,"Premium Freeze Dried Strawberry Slices | 7.05oz | No Sugar Added | in Resealable Jar Non-GMO, Vegan Snacks | Crunchy Wellsome Topping for Yogurt, Smoothie Bowls, Baking & On-the-Go Fruit Snack",,[],17.99,17.99,0,4.7,54,,false,amazon.com,serp,true,300,,B0FT35CP55,https://www.amazon.com/Premium-Strawberry-Resealable-Wellsome-Smoothie/dp/B0FT35CP55/ref=sr_1_3?crid=1E2QJW9TUIM1M&dib=eyJ2IjoiMSJ9.daI5AgOqfWVZKrIg_nqXBXhIjU5fNw8iguBr3j6ZQS1mS3E0-TfV6qV416B8sspMCMUIdvm1t0YrFF8tLPKaZqJj71nPnaUuJZP-T4Tla2mMmVu_bOxg99n-mAlJoGxM46JGxqw-QK7EaJwkneNvd88JlQWWRjm3CX2gIuQ6py4khaRRCWFly2WMYaPodGaZ2qpQHDAy63niMw0Usoh3iq9X-22prifAIL3NvTWpDwY.1WEJUUpnASA3xy93lzM9bHcXWTObIBrALm0xnotNu04&dib_tag=se&keywords=strawberries&qid=1786103849&s=samedaystore&sprefix=mil%2Csamedaystore%2C348&sr=1-3,https://m.media-amazon.com/images/I/911yY8wECIL._FMwebp__.jpg,false,,,,{},0,,,,"FREE delivery Fri, Aug 14 on $35 of items shipped by Amazon","{""delivery"":""FREE delivery Fri, Aug 14 on $35 of items shipped by Amazon""}",1786103852769
578017,20,00738,1,4,,amazon.com,,"https://www.amazon.com/s?k=strawberries&i=samedaystore&crid=1E2QJW9TUIM1M&sprefix=mil,samedaystore,348&ref=nb_sb_noss_2",Featured,B000P6G12U,"Red Raspberries, 6 oz",,[],0,0,0,4.6,37207,,false,amazon.com,serp,false,100000,,B000P6G12U,https://www.amazon.com/Fresh-Produce-Brands-May-Vary/dp/B000P6G12U/ref=sr_1_4?crid=1E2QJW9TUIM1M&dib=eyJ2IjoiMSJ9.daI5AgOqfWVZKrIg_nqXBXhIjU5fNw8iguBr3j6ZQS1mS3E0-TfV6qV416B8sspMCMUIdvm1t0YrFF8tLPKaZqJj71nPnaUuJZP-T4Tla2mMmVu_bOxg99n-mAlJoGxM46JGxqw-QK7EaJwkneNvd88JlQWWRjm3CX2gIuQ6py4khaRRCWFly2WMYaPodGaZ2qpQHDAy63niMw0Usoh3iq9X-22prifAIL3NvTWpDwY.1WEJUUpnASA3xy93lzM9bHcXWTObIBrALm0xnotNu04&dib_tag=se&keywords=strawberries&qid=1786103849&s=samedaystore&sprefix=mil%2Csamedaystore%2C348&sr=1-4,https://m.media-amazon.com/images/I/61lsVNuBxkL._FMwebp__.jpg,false,,,,{},0,,,,,{},1786103852769
578018,20,00738,1,5,,amazon.com,,"https://www.amazon.com/s?k=strawberries&i=samedaystore&crid=1E2QJW9TUIM1M&sprefix=mil,samedaystore,348&ref=nb_sb_noss_2",Featured,B0BZ9TBY48,"Bonnie Plants Strawberry, Live Plant, 19.3 oz. (4-Pack)",,[],18.72,22.89,18.72,4.3,1069,,false,amazon.com,serp,true,900,,B0BZ9TBY48,https://www.amazon.com/Bonnie-Plants-Strawberry-Plant-4-Pack/dp/B0BZ9TBY48/ref=sr_1_5?crid=1E2QJW9TUIM1M&dib=eyJ2IjoiMSJ9.daI5AgOqfWVZKrIg_nqXBXhIjU5fNw8iguBr3j6ZQS1mS3E0-TfV6qV416B8sspMCMUIdvm1t0YrFF8tLPKaZqJj71nPnaUuJZP-T4Tla2mMmVu_bOxg99n-mAlJoGxM46JGxqw-QK7EaJwkneNvd88JlQWWRjm3CX2gIuQ6py4khaRRCWFly2WMYaPodGaZ2qpQHDAy63niMw0Usoh3iq9X-22prifAIL3NvTWpDwY.1WEJUUpnASA3xy93lzM9bHcXWTObIBrALm0xnotNu04&dib_tag=se&keywords=strawberries&qid=1786103849&s=samedaystore&sprefix=mil%2Csamedaystore%2C348&sr=1-5,https://m.media-amazon.com/images/I/71jTWZBe4UL._FMwebp__.jpg,false,,,,{},0,,,,FREE delivery on $35 of items shipped by Amazon,"{""delivery"":""FREE delivery on $35 of items shipped by Amazon""}",1786103852769
578019,20,00738,1,6,,amazon.com,,"https://www.amazon.com/s?k=strawberries&i=samedaystore&crid=1E2QJW9TUIM1M&sprefix=mil,samedaystore,348&ref=nb_sb_noss_2",Featured,B008945XB0,"Augason Farms Freeze Dried Sliced Strawberries Can 6.5 oz | 18 Servings, Gluten Free Snack for Baking, Smoothies, and Emergency Storage, Healthy Individual Fruit Snacks, 6.5 Ounces",,[],18,18,0,4.6,10834,,false,amazon.com,serp,true,500,,B008945XB0,https://www.amazon.com/Augason-Farms-Freeze-Sliced-Strawberries/dp/B008945XB0/ref=sr_1_6?crid=1E2QJW9TUIM1M&dib=eyJ2IjoiMSJ9.daI5AgOqfWVZKrIg_nqXBXhIjU5fNw8iguBr3j6ZQS1mS3E0-TfV6qV416B8sspMCMUIdvm1t0YrFF8tLPKaZqJj71nPnaUuJZP-T4Tla2mMmVu_bOxg99n-mAlJoGxM46JGxqw-QK7EaJwkneNvd88JlQWWRjm3CX2gIuQ6py4khaRRCWFly2WMYaPodGaZ2qpQHDAy63niMw0Usoh3iq9X-22prifAIL3NvTWpDwY.1WEJUUpnASA3xy93lzM9bHcXWTObIBrALm0xnotNu04&dib_tag=se&keywords=strawberries&qid=1786103849&s=samedaystore&sprefix=mil%2Csamedaystore%2C348&sr=1-6,https://m.media-amazon.com/images/I/71Y5VPm9QzL._FMwebp__.jpg,false,,,,{},0,,,,FREE delivery Aug 24 - Sep 5 on $35 of items shipped by Amazon,"{""delivery"":""FREE delivery Aug 24 - Sep 5 on $35 of items shipped by Amazon""}",1786103852769
578020,20,00738,1,7,,amazon.com,,"https://www.amazon.com/s?k=strawberries&i=samedaystore&crid=1E2QJW9TUIM1M&sprefix=mil,samedaystore,348&ref=nb_sb_noss_2",Featured,B0FFMBS8Y1,"Amilutuo Freeze Dried Strawberries Pieces, 3.17OZ/90g Frozen Strawberries | Freeze Dried Fruit, Dehydrated Strawberries, Freeze Dried Snacks",,[],8.99,9.49,8.99,4.5,376,,false,amazon.com,serp,true,700,,B0FFMBS8Y1,https://www.amazon.com/Freeze-Strawberries-Pieces-Dehydrated-Preservatives/dp/B0FFMBS8Y1/ref=sr_1_7?crid=1E2QJW9TUIM1M&dib=eyJ2IjoiMSJ9.daI5AgOqfWVZKrIg_nqXBXhIjU5fNw8iguBr3j6ZQS1mS3E0-TfV6qV416B8sspMCMUIdvm1t0YrFF8tLPKaZqJj71nPnaUuJZP-T4Tla2mMmVu_bOxg99n-mAlJoGxM46JGxqw-QK7EaJwkneNvd88JlQWWRjm3CX2gIuQ6py4khaRRCWFly2WMYaPodGaZ2qpQHDAy63niMw0Usoh3iq9X-22prifAIL3NvTWpDwY.1WEJUUpnASA3xy93lzM9bHcXWTObIBrALm0xnotNu04&dib_tag=se&keywords=strawberries&qid=1786103849&s=samedaystore&sprefix=mil%2Csamedaystore%2C348&sr=1-7,https://m.media-amazon.com/images/I/81RkuXeP7BL._FMwebp__.jpg,false,,,,{},0,,,,"FREE delivery Fri, Aug 14 on $35 of items shipped by Amazon","{""delivery"":""FREE delivery Fri, Aug 14 on $35 of items shipped by Amazon""}",1786103852769
578021,20,00738,1,8,,amazon.com,,"https://www.amazon.com/s?k=strawberries&i=samedaystore&crid=1E2QJW9TUIM1M&sprefix=mil,samedaystore,348&ref=nb_sb_noss_2",Featured,B09CGC6GM5,"Happy Village Organic Whole Dried Strawberries, 18 OZ Resealable Pack- Soft & Juicy, Kosher, Non-GMO, No Refined Sugar, Apple Juice Infused Dried Strawberry",,[],28.99,28.99,0,4.2,1872,,false,amazon.com,serp,true,800,,B09CGC6GM5,https://www.amazon.com/Organic-Strawberries-Happy-Village-Strawberry/dp/B09CGC6GM5/ref=sr_1_8?crid=1E2QJW9TUIM1M&dib=eyJ2IjoiMSJ9.daI5AgOqfWVZKrIg_nqXBXhIjU5fNw8iguBr3j6ZQS1mS3E0-TfV6qV416B8sspMCMUIdvm1t0YrFF8tLPKaZqJj71nPnaUuJZP-T4Tla2mMmVu_bOxg99n-mAlJoGxM46JGxqw-QK7EaJwkneNvd88JlQWWRjm3CX2gIuQ6py4khaRRCWFly2WMYaPodGaZ2qpQHDAy63niMw0Usoh3iq9X-22prifAIL3NvTWpDwY.1WEJUUpnASA3xy93lzM9bHcXWTObIBrALm0xnotNu04&dib_tag=se&keywords=strawberries&qid=1786103849&s=samedaystore&sprefix=mil%2Csamedaystore%2C348&sr=1-8,https://m.media-amazon.com/images/I/815C40gH9OL._FMwebp__.jpg,false,,,,{},0,,,,"FREE delivery Fri, Aug 14 on $35 of items shipped by Amazon","{""delivery"":""FREE delivery Fri, Aug 14 on $35 of items shipped by Amazon""}",1786103852769
578022,20,00738,1,9,,amazon.com,,"https://www.amazon.com/s?k=strawberries&i=samedaystore&crid=1E2QJW9TUIM1M&sprefix=mil,samedaystore,348&ref=nb_sb_noss_2",Featured,B077N7TR5G,Organic Blueberries Pint,,[],0,0,0,4.7,27829,,false,amazon.com,serp,false,100000,,B077N7TR5G,https://www.amazon.com/produce-aisle-112042-Organic-Blueberries/dp/B077N7TR5G/ref=sr_1_9?crid=1E2QJW9TUIM1M&dib=eyJ2IjoiMSJ9.daI5AgOqfWVZKrIg_nqXBXhIjU5fNw8iguBr3j6ZQS1mS3E0-TfV6qV416B8sspMCMUIdvm1t0YrFF8tLPKaZqJj71nPnaUuJZP-T4Tla2mMmVu_bOxg99n-mAlJoGxM46JGxqw-QK7EaJwkneNvd88JlQWWRjm3CX2gIuQ6py4khaRRCWFly2WMYaPodGaZ2qpQHDAy63niMw0Usoh3iq9X-22prifAIL3NvTWpDwY.1WEJUUpnASA3xy93lzM9bHcXWTObIBrALm0xnotNu04&dib_tag=se&keywords=strawberries&qid=1786103849&s=samedaystore&sprefix=mil%2Csamedaystore%2C348&sr=1-9,https://m.media-amazon.com/images/I/61RTWtYAGRL._FMwebp__.jpg,false,,,,{},0,,,,,{},1786103852769
578023,20,00738,1,10,,amazon.com,,"https://www.amazon.com/s?k=strawberries&i=samedaystore&crid=1E2QJW9TUIM1M&sprefix=mil,samedaystore,348&ref=nb_sb_noss_2",Featured,B0GSTGDDPR,"All Season Strawberry Seeds for Home Garden Planting, Perennial Herbaceous Plant - 2500 Seeds/Pack",,[],9.98,9.98,0,3.5,18,,false,amazon.com,serp,true,100,,B0GSTGDDPR,https://www.amazon.com/Season-Strawberry-Planting-Perennial-Herbaceous/dp/B0GSTGDDPR/ref=sr_1_10?crid=1E2QJW9TUIM1M&dib=eyJ2IjoiMSJ9.daI5AgOqfWVZKrIg_nqXBXhIjU5fNw8iguBr3j6ZQS1mS3E0-TfV6qV416B8sspMCMUIdvm1t0YrFF8tLPKaZqJj71nPnaUuJZP-T4Tla2mMmVu_bOxg99n-mAlJoGxM46JGxqw-QK7EaJwkneNvd88JlQWWRjm3CX2gIuQ6py4khaRRCWFly2WMYaPodGaZ2qpQHDAy63niMw0Usoh3iq9X-22prifAIL3NvTWpDwY.1WEJUUpnASA3xy93lzM9bHcXWTObIBrALm0xnotNu04&dib_tag=se&keywords=strawberries&qid=1786103849&s=samedaystore&sprefix=mil%2Csamedaystore%2C348&sr=1-10,https://m.media-amazon.com/images/I/81xLcMDHjbL._FMwebp__.jpg,false,,,,{},0,,,,"FREE delivery Fri, Aug 14 on $35 of items shipped by Amazon","{""delivery"":""FREE delivery Fri, Aug 14 on $35 of items shipped by Amazon""}",1786103852769
578024,20,00738,1,11,,amazon.com,,"https://www.amazon.com/s?k=strawberries&i=samedaystore&crid=1E2QJW9TUIM1M&sprefix=mil,samedaystore,348&ref=nb_sb_noss_2",Featured,B002XOHZWC,"Chef'n Original Stem Gem Strawberry Huller, Red/Green - 102-138-005",,[],8,8,0,4.6,15027,,false,amazon.com,serp,true,3000,,B002XOHZWC,https://www.amazon.com/Chefn-27466-StemGem-Strawberry-Huller/dp/B002XOHZWC/ref=sr_1_11?crid=1E2QJW9TUIM1M&dib=eyJ2IjoiMSJ9.daI5AgOqfWVZKrIg_nqXBXhIjU5fNw8iguBr3j6ZQS1mS3E0-TfV6qV416B8sspMCMUIdvm1t0YrFF8tLPKaZqJj71nPnaUuJZP-T4Tla2mMmVu_bOxg99n-mAlJoGxM46JGxqw-QK7EaJwkneNvd88JlQWWRjm3CX2gIuQ6py4khaRRCWFly2WMYaPodGaZ2qpQHDAy63niMw0Usoh3iq9X-22prifAIL3NvTWpDwY.1WEJUUpnASA3xy93lzM9bHcXWTObIBrALm0xnotNu04&dib_tag=se&keywords=strawberries&qid=1786103849&s=samedaystore&sprefix=mil%2Csamedaystore%2C348&sr=1-11,https://m.media-amazon.com/images/I/61rt3VOPtZL._FMwebp__.jpg,false,,,,{},0,,,,"FREE delivery Fri, Aug 14 on $35 of items shipped by Amazon","{""delivery"":""FREE delivery Fri, Aug 14 on $35 of items shipped by Amazon""}",1786103852769
578025,20,00738,1,12,,amazon.com,,"https://www.amazon.com/s?k=strawberries&i=samedaystore&crid=1E2QJW9TUIM1M&sprefix=mil,samedaystore,348&ref=nb_sb_noss_2",Featured,B0DD94HBMV,"Strawberry Bon Bons Hard Candy, 1 Pound (Approx. 75 pcs.), Strawberry Candy Individually Wrapped, Strawberry Candy, The Hampton Popcorn & Candy Company",,[],8.99,8.99,0,4.7,867,,false,amazon.com,serp,true,500,,B0DD94HBMV,https://www.amazon.com/Strawberry-Candy-Individually-Hampton-Company/dp/B0DD94HBMV/ref=sr_1_12?crid=1E2QJW9TUIM1M&dib=eyJ2IjoiMSJ9.daI5AgOqfWVZKrIg_nqXBXhIjU5fNw8iguBr3j6ZQS1mS3E0-TfV6qV416B8sspMCMUIdvm1t0YrFF8tLPKaZqJj71nPnaUuJZP-T4Tla2mMmVu_bOxg99n-mAlJoGxM46JGxqw-QK7EaJwkneNvd88JlQWWRjm3CX2gIuQ6py4khaRRCWFly2WMYaPodGaZ2qpQHDAy63niMw0Usoh3iq9X-22prifAIL3NvTWpDwY.1WEJUUpnASA3xy93lzM9bHcXWTObIBrALm0xnotNu04&dib_tag=se&keywords=strawberries&qid=1786103849&s=samedaystore&sprefix=mil%2Csamedaystore%2C348&sr=1-12,https://m.media-amazon.com/images/I/81cc7G69D9L._FMwebp__.jpg,false,,,,{},0,,,,"FREE delivery Fri, Aug 14 on $35 of items shipped by Amazon","{""delivery"":""FREE delivery Fri, Aug 14 on $35 of items shipped by Amazon""}",1786103852769
578026,20,00738,1,13,,amazon.com,,"https://www.amazon.com/s?k=strawberries&i=samedaystore&crid=1E2QJW9TUIM1M&sprefix=mil,samedaystore,348&ref=nb_sb_noss_2",Featured,B000VA2W0U,"HERSHEY'S Strawberry Flavored Syrup Bottle, 22 oz",,"[""Best Seller""]",4.79,4.79,0,4.6,2942,,false,amazon.com,serp,true,,,B000VA2W0U,https://www.amazon.com/HERSHEYS-Strawberry-Dessert-Topping-Beverage/dp/B000VA2W0U/ref=sr_1_13?crid=1E2QJW9TUIM1M&dib=eyJ2IjoiMSJ9.daI5AgOqfWVZKrIg_nqXBXhIjU5fNw8iguBr3j6ZQS1mS3E0-TfV6qV416B8sspMCMUIdvm1t0YrFF8tLPKaZqJj71nPnaUuJZP-T4Tla2mMmVu_bOxg99n-mAlJoGxM46JGxqw-QK7EaJwkneNvd88JlQWWRjm3CX2gIuQ6py4khaRRCWFly2WMYaPodGaZ2qpQHDAy63niMw0Usoh3iq9X-22prifAIL3NvTWpDwY.1WEJUUpnASA3xy93lzM9bHcXWTObIBrALm0xnotNu04&dib_tag=se&keywords=strawberries&qid=1786103849&s=samedaystore&sprefix=mil%2Csamedaystore%2C348&sr=1-13,https://m.media-amazon.com/images/I/71PmaZMjoNL._FMwebp__.jpg,false,,,,{},0,,,,"FREE delivery Fri, Aug 14 on $35 of items shipped by Amazon","{""delivery"":""FREE delivery Fri, Aug 14 on $35 of items shipped by Amazon""}",1786103852769
578027,20,00738,1,14,,amazon.com,,"https://www.amazon.com/s?k=strawberries&i=samedaystore&crid=1E2QJW9TUIM1M&sprefix=mil,samedaystore,348&ref=nb_sb_noss_2",Featured,B0BT8QKTG7,"Augason Farms Freeze Dried Sliced Strawberries Pouch 1.4 oz | Gluten Free Snack for Baking, Smoothies, and Emergency Storage, Healthy Individual Fruit Snacks 1.4 Ounces (4 Servings)",,[],6.38,6.38,0,4.6,10834,,false,amazon.com,serp,true,200,,B0BT8QKTG7,https://www.amazon.com/Freeze-Dried-Sliced-Strawberries-Resealable-Pouch/dp/B0BT8QKTG7/ref=sr_1_14?crid=1E2QJW9TUIM1M&dib=eyJ2IjoiMSJ9.daI5AgOqfWVZKrIg_nqXBXhIjU5fNw8iguBr3j6ZQS1mS3E0-TfV6qV416B8sspMCMUIdvm1t0YrFF8tLPKaZqJj71nPnaUuJZP-T4Tla2mMmVu_bOxg99n-mAlJoGxM46JGxqw-QK7EaJwkneNvd88JlQWWRjm3CX2gIuQ6py4khaRRCWFly2WMYaPodGaZ2qpQHDAy63niMw0Usoh3iq9X-22prifAIL3NvTWpDwY.1WEJUUpnASA3xy93lzM9bHcXWTObIBrALm0xnotNu04&dib_tag=se&keywords=strawberries&qid=1786103849&s=samedaystore&sprefix=mil%2Csamedaystore%2C348&sr=1-14,https://m.media-amazon.com/images/I/81RSryU5z3L._FMwebp__.jpg,false,,,,{},0,,,,"FREE delivery Fri, Aug 14 on $35 of items shipped by Amazon","{""delivery"":""FREE delivery Fri, Aug 14 on $35 of items shipped by Amazon""}",1786103852769
578028,20,00738,1,15,,amazon.com,,"https://www.amazon.com/s?k=strawberries&i=samedaystore&crid=1E2QJW9TUIM1M&sprefix=mil,samedaystore,348&ref=nb_sb_noss_2",Featured,B005IAXZOK,"McCormick Strawberry Extract With Other Natural Flavors, 1 fl oz",,[],0,0,0,4.6,3804,,false,amazon.com,serp,true,2000,,B005IAXZOK,https://www.amazon.com/Mccormick-Strawberry-Extract-Natural-Flavors/dp/B005IAXZOK/ref=sr_1_15?crid=1E2QJW9TUIM1M&dib=eyJ2IjoiMSJ9.daI5AgOqfWVZKrIg_nqXBXhIjU5fNw8iguBr3j6ZQS1mS3E0-TfV6qV416B8sspMCMUIdvm1t0YrFF8tLPKaZqJj71nPnaUuJZP-T4Tla2mMmVu_bOxg99n-mAlJoGxM46JGxqw-QK7EaJwkneNvd88JlQWWRjm3CX2gIuQ6py4khaRRCWFly2WMYaPodGaZ2qpQHDAy63niMw0Usoh3iq9X-22prifAIL3NvTWpDwY.1WEJUUpnASA3xy93lzM9bHcXWTObIBrALm0xnotNu04&dib_tag=se&keywords=strawberries&qid=1786103849&s=samedaystore&sprefix=mil%2Csamedaystore%2C348&sr=1-15,https://m.media-amazon.com/images/I/81G8Bm5ImQL._FMwebp__.jpg,false,,,,{},0,,,,,{},1786103852769
578029,20,00738,1,16,,amazon.com,,"https://www.amazon.com/s?k=strawberries&i=samedaystore&crid=1E2QJW9TUIM1M&sprefix=mil,samedaystore,348&ref=nb_sb_noss_2",Featured,B0FQDCP3MN,"Starbucks Refreshers Concentrate Strawberry Acai, Refreshing Drink, Cold Drinks 32 fl oz",,[],8.97,8.97,0,4.8,797,,false,amazon.com,serp,true,20000,,B0FQDCP3MN,https://www.amazon.com/Starbucks-Refreshers-Concentrate-Strawberry-Refreshing/dp/B0FQDCP3MN/ref=sr_1_16?crid=1E2QJW9TUIM1M&dib=eyJ2IjoiMSJ9.daI5AgOqfWVZKrIg_nqXBXhIjU5fNw8iguBr3j6ZQS1mS3E0-TfV6qV416B8sspMCMUIdvm1t0YrFF8tLPKaZqJj71nPnaUuJZP-T4Tla2mMmVu_bOxg99n-mAlJoGxM46JGxqw-QK7EaJwkneNvd88JlQWWRjm3CX2gIuQ6py4khaRRCWFly2WMYaPodGaZ2qpQHDAy63niMw0Usoh3iq9X-22prifAIL3NvTWpDwY.1WEJUUpnASA3xy93lzM9bHcXWTObIBrALm0xnotNu04&dib_tag=se&keywords=strawberries&qid=1786103849&s=samedaystore&sprefix=mil%2Csamedaystore%2C348&sr=1-16,https://m.media-amazon.com/images/I/51vGg9F37ML._FMwebp__.jpg,false,,,,{},0,,,,"FREE delivery Fri, Aug 14 on $35 of items shipped by Amazon","{""delivery"":""FREE delivery Fri, Aug 14 on $35 of items shipped by Amazon""}",1786103852769
578174,20,00754,1,1,,amazon.com,,"https://www.amazon.com/s?k=strawberries&i=samedaystore&crid=1E2QJW9TUIM1M&sprefix=mil,samedaystore,348&ref=nb_sb_noss_2",Featured,B000P6J0SM,"Strawberries, 1 Lb",,[],0,0,0,4.6,90826,,false,amazon.com,serp,false,100000,,B000P6J0SM,https://www.amazon.com/Fresh-Produce-Brands-May-Vary/dp/B000P6J0SM/ref=sr_1_1?crid=1E2QJW9TUIM1M&dib=eyJ2IjoiMSJ9.daI5AgOqfWVZKrIg_nqXBXhIjU5fNw8iguBr3j6ZQS1mS3E0-TfV6qV416B8sspMTn086DgWgTeQ84TVmrhujYnGoQp2Xnyx7dy_famfukqf0-Zm7UQ1NX6qmHJldUtw55IWrPs_XSjsaQxTdT9xtPgdpbVlfZ-pyl7WVtj_paixro0EvhZxE5iLgda502CEoC0vAvzjtEpM14KcL58AZ0-ivfN5gsjdztpunNqA-hI.v9MnLfwf2nk2D04sHaYZTOyAnxYGqz6-xVZIPyuITW8&dib_tag=se&keywords=strawberries&qid=1786103856&s=samedaystore&sprefix=mil%2Csamedaystore%2C348&sr=1-1,https://m.media-amazon.com/images/I/719HRHktywL._FMwebp__.jpg,false,,,,{},0,,,,,{},1786103865262
578175,20,00754,1,2,,amazon.com,,"https://www.amazon.com/s?k=strawberries&i=samedaystore&crid=1E2QJW9TUIM1M&sprefix=mil,samedaystore,348&ref=nb_sb_noss_2",Featured,B002B8Z98W,"Organic Strawberries, 1 Lb",,[],0,0,0,4.6,40783,,false,amazon.com,serp,false,100000,,B002B8Z98W,https://www.amazon.com/Fresh-Produce-Brands-Vary-040/dp/B002B8Z98W/ref=sr_1_2?crid=1E2QJW9TUIM1M&dib=eyJ2IjoiMSJ9.daI5AgOqfWVZKrIg_nqXBXhIjU5fNw8iguBr3j6ZQS1mS3E0-TfV6qV416B8sspMTn086DgWgTeQ84TVmrhujYnGoQp2Xnyx7dy_famfukqf0-Zm7UQ1NX6qmHJldUtw55IWrPs_XSjsaQxTdT9xtPgdpbVlfZ-pyl7WVtj_paixro0EvhZxE5iLgda502CEoC0vAvzjtEpM14KcL58AZ0-ivfN5gsjdztpunNqA-hI.v9MnLfwf2nk2D04sHaYZTOyAnxYGqz6-xVZIPyuITW8&dib_tag=se&keywords=strawberries&qid=1786103856&s=samedaystore&sprefix=mil%2Csamedaystore%2C348&sr=1-2,https://m.media-amazon.com/images/I/71oKpKMVqTL._FMwebp__.jpg,false,,,,{},0,,,,,{},1786103865262
578176,20,00754,1,3,,amazon.com,,"https://www.amazon.com/s?k=strawberries&i=samedaystore&crid=1E2QJW9TUIM1M&sprefix=mil,samedaystore,348&ref=nb_sb_noss_2",Featured,B0FT35CP55,"Premium Freeze Dried Strawberry Slices | 7.05oz | No Sugar Added | in Resealable Jar Non-GMO, Vegan Snacks | Crunchy Wellsome Topping for Yogurt, Smoothie Bowls, Baking & On-the-Go Fruit Snack",,[],17.99,17.99,0,4.7,54,,false,amazon.com,serp,true,300,,B0FT35CP55,https://www.amazon.com/Premium-Strawberry-Resealable-Wellsome-Smoothie/dp/B0FT35CP55/ref=sr_1_3?crid=1E2QJW9TUIM1M&dib=eyJ2IjoiMSJ9.daI5AgOqfWVZKrIg_nqXBXhIjU5fNw8iguBr3j6ZQS1mS3E0-TfV6qV416B8sspMTn086DgWgTeQ84TVmrhujYnGoQp2Xnyx7dy_famfukqf0-Zm7UQ1NX6qmHJldUtw55IWrPs_XSjsaQxTdT9xtPgdpbVlfZ-pyl7WVtj_paixro0EvhZxE5iLgda502CEoC0vAvzjtEpM14KcL58AZ0-ivfN5gsjdztpunNqA-hI.v9MnLfwf2nk2D04sHaYZTOyAnxYGqz6-xVZIPyuITW8&dib_tag=se&keywords=strawberries&qid=1786103856&s=samedaystore&sprefix=mil%2Csamedaystore%2C348&sr=1-3,https://m.media-amazon.com/images/I/911yY8wECIL._FMwebp__.jpg,false,,,,{},0,,,,"FREE delivery Wed, Aug 12 on $35 of items shipped by Amazon","{""delivery"":""FREE delivery Wed, Aug 12 on $35 of items shipped by Amazon""}",1786103865262
578177,20,00754,1,4,,amazon.com,,"https://www.amazon.com/s?k=strawberries&i=samedaystore&crid=1E2QJW9TUIM1M&sprefix=mil,samedaystore,348&ref=nb_sb_noss_2",Featured,B000P6G12U,"Red Raspberries, 6 oz",,[],0,0,0,4.6,37207,,false,amazon.com,serp,false,100000,,B000P6G12U,https://www.amazon.com/Fresh-Produce-Brands-May-Vary/dp/B000P6G12U/ref=sr_1_4?crid=1E2QJW9TUIM1M&dib=eyJ2IjoiMSJ9.daI5AgOqfWVZKrIg_nqXBXhIjU5fNw8iguBr3j6ZQS1mS3E0-TfV6qV416B8sspMTn086DgWgTeQ84TVmrhujYnGoQp2Xnyx7dy_famfukqf0-Zm7UQ1NX6qmHJldUtw55IWrPs_XSjsaQxTdT9xtPgdpbVlfZ-pyl7WVtj_paixro0EvhZxE5iLgda502CEoC0vAvzjtEpM14KcL58AZ0-ivfN5gsjdztpunNqA-hI.v9MnLfwf2nk2D04sHaYZTOyAnxYGqz6-xVZIPyuITW8&dib_tag=se&keywords=strawberries&qid=1786103856&s=samedaystore&sprefix=mil%2Csamedaystore%2C348&sr=1-4,https://m.media-amazon.com/images/I/61lsVNuBxkL._FMwebp__.jpg,false,,,,{},0,,,,,{},1786103865262
578178,20,00754,1,5,,amazon.com,,"https://www.amazon.com/s?k=strawberries&i=samedaystore&crid=1E2QJW9TUIM1M&sprefix=mil,samedaystore,348&ref=nb_sb_noss_2",Featured,B0BZ9TBY48,"Bonnie Plants Strawberry, Live Plant, 19.3 oz. (4-Pack)",,[],18.72,22.89,18.72,4.3,1069,,false,amazon.com,serp,true,900,,B0BZ9TBY48,https://www.amazon.com/Bonnie-Plants-Strawberry-Plant-4-Pack/dp/B0BZ9TBY48/ref=sr_1_5?crid=1E2QJW9TUIM1M&dib=eyJ2IjoiMSJ9.daI5AgOqfWVZKrIg_nqXBXhIjU5fNw8iguBr3j6ZQS1mS3E0-TfV6qV416B8sspMTn086DgWgTeQ84TVmrhujYnGoQp2Xnyx7dy_famfukqf0-Zm7UQ1NX6qmHJldUtw55IWrPs_XSjsaQxTdT9xtPgdpbVlfZ-pyl7WVtj_paixro0EvhZxE5iLgda502CEoC0vAvzjtEpM14KcL58AZ0-ivfN5gsjdztpunNqA-hI.v9MnLfwf2nk2D04sHaYZTOyAnxYGqz6-xVZIPyuITW8&dib_tag=se&keywords=strawberries&qid=1786103856&s=samedaystore&sprefix=mil%2Csamedaystore%2C348&sr=1-5,https://m.media-amazon.com/images/I/71jTWZBe4UL._FMwebp__.jpg,false,,,,{},0,,,,FREE delivery on $35 of items shipped by Amazon,"{""delivery"":""FREE delivery on $35 of items shipped by Amazon""}",1786103865262
578179,20,00754,1,6,,amazon.com,,"https://www.amazon.com/s?k=strawberries&i=samedaystore&crid=1E2QJW9TUIM1M&sprefix=mil,samedaystore,348&ref=nb_sb_noss_2",Featured,B0H3WF82FB,"Rich Sweetness Strawberry Live Plants (10 Pack) – Everbearing Strawberry Starts for Outdoor Gardens & Containers – Sweet, Large Red Berries – Non-GMO Fruit Plants",,[],16.99,16.99,0,3.9,31,,false,amazon.com,serp,true,400,,B0H3WF82FB,https://www.amazon.com/Rich-Sweetness-Strawberry-Live-Plants/dp/B0H3WF82FB/ref=sr_1_6?crid=1E2QJW9TUIM1M&dib=eyJ2IjoiMSJ9.daI5AgOqfWVZKrIg_nqXBXhIjU5fNw8iguBr3j6ZQS1mS3E0-TfV6qV416B8sspMTn086DgWgTeQ84TVmrhujYnGoQp2Xnyx7dy_famfukqf0-Zm7UQ1NX6qmHJldUtw55IWrPs_XSjsaQxTdT9xtPgdpbVlfZ-pyl7WVtj_paixro0EvhZxE5iLgda502CEoC0vAvzjtEpM14KcL58AZ0-ivfN5gsjdztpunNqA-hI.v9MnLfwf2nk2D04sHaYZTOyAnxYGqz6-xVZIPyuITW8&dib_tag=se&keywords=strawberries&qid=1786103856&s=samedaystore&sprefix=mil%2Csamedaystore%2C348&sr=1-6,https://m.media-amazon.com/images/I/71ioFeujtzL._FMwebp__.jpg,false,,,,{},0,,,,FREE delivery Aug 17 - 20,"{""delivery"":""FREE delivery Aug 17 - 20""}",1786103865262
578180,20,00754,1,7,,amazon.com,,"https://www.amazon.com/s?k=strawberries&i=samedaystore&crid=1E2QJW9TUIM1M&sprefix=mil,samedaystore,348&ref=nb_sb_noss_2",Featured,B0FFMBS8Y1,"Amilutuo Freeze Dried Strawberries Pieces, 3.17OZ/90g Frozen Strawberries | Freeze Dried Fruit, Dehydrated Strawberries, Freeze Dried Snacks",,[],8.99,9.49,8.99,4.5,376,,false,amazon.com,serp,true,700,,B0FFMBS8Y1,https://www.amazon.com/Freeze-Strawberries-Pieces-Dehydrated-Preservatives/dp/B0FFMBS8Y1/ref=sr_1_7?crid=1E2QJW9TUIM1M&dib=eyJ2IjoiMSJ9.daI5AgOqfWVZKrIg_nqXBXhIjU5fNw8iguBr3j6ZQS1mS3E0-TfV6qV416B8sspMTn086DgWgTeQ84TVmrhujYnGoQp2Xnyx7dy_famfukqf0-Zm7UQ1NX6qmHJldUtw55IWrPs_XSjsaQxTdT9xtPgdpbVlfZ-pyl7WVtj_paixro0EvhZxE5iLgda502CEoC0vAvzjtEpM14KcL58AZ0-ivfN5gsjdztpunNqA-hI.v9MnLfwf2nk2D04sHaYZTOyAnxYGqz6-xVZIPyuITW8&dib_tag=se&keywords=strawberries&qid=1786103856&s=samedaystore&sprefix=mil%2Csamedaystore%2C348&sr=1-7,https://m.media-amazon.com/images/I/81RkuXeP7BL._FMwebp__.jpg,false,,,,{},0,,,,"FREE delivery Wed, Aug 12 on $35 of items shipped by Amazon","{""delivery"":""FREE delivery Wed, Aug 12 on $35 of items shipped by Amazon""}",1786103865262
578181,20,00754,1,8,,amazon.com,,"https://www.amazon.com/s?k=strawberries&i=samedaystore&crid=1E2QJW9TUIM1M&sprefix=mil,samedaystore,348&ref=nb_sb_noss_2",Featured,B008945XB0,"Augason Farms Freeze Dried Sliced Strawberries Can 6.5 oz | 18 Servings, Gluten Free Snack for Baking, Smoothies, and Emergency Storage, Healthy Individual Fruit Snacks, 6.5 Ounces",,[],18,18,0,4.6,10834,,false,amazon.com,serp,true,500,,B008945XB0,https://www.amazon.com/Augason-Farms-Freeze-Sliced-Strawberries/dp/B008945XB0/ref=sr_1_8?crid=1E2QJW9TUIM1M&dib=eyJ2IjoiMSJ9.daI5AgOqfWVZKrIg_nqXBXhIjU5fNw8iguBr3j6ZQS1mS3E0-TfV6qV416B8sspMTn086DgWgTeQ84TVmrhujYnGoQp2Xnyx7dy_famfukqf0-Zm7UQ1NX6qmHJldUtw55IWrPs_XSjsaQxTdT9xtPgdpbVlfZ-pyl7WVtj_paixro0EvhZxE5iLgda502CEoC0vAvzjtEpM14KcL58AZ0-ivfN5gsjdztpunNqA-hI.v9MnLfwf2nk2D04sHaYZTOyAnxYGqz6-xVZIPyuITW8&dib_tag=se&keywords=strawberries&qid=1786103856&s=samedaystore&sprefix=mil%2Csamedaystore%2C348&sr=1-8,https://m.media-amazon.com/images/I/71Y5VPm9QzL._FMwebp__.jpg,false,,,,{},0,,,,FREE delivery Aug 24 - Sep 8 on $35 of items shipped by Amazon,"{""delivery"":""FREE delivery Aug 24 - Sep 8 on $35 of items shipped by Amazon""}",1786103865262
578182,20,00754,1,9,,amazon.com,,"https://www.amazon.com/s?k=strawberries&i=samedaystore&crid=1E2QJW9TUIM1M&sprefix=mil,samedaystore,348&ref=nb_sb_noss_2",Featured,B077N7TR5G,Organic Blueberries Pint,,[],0,0,0,4.7,27829,,false,amazon.com,serp,false,100000,,B077N7TR5G,https://www.amazon.com/produce-aisle-112042-Organic-Blueberries/dp/B077N7TR5G/ref=sr_1_9?crid=1E2QJW9TUIM1M&dib=eyJ2IjoiMSJ9.daI5AgOqfWVZKrIg_nqXBXhIjU5fNw8iguBr3j6ZQS1mS3E0-TfV6qV416B8sspMTn086DgWgTeQ84TVmrhujYnGoQp2Xnyx7dy_famfukqf0-Zm7UQ1NX6qmHJldUtw55IWrPs_XSjsaQxTdT9xtPgdpbVlfZ-pyl7WVtj_paixro0EvhZxE5iLgda502CEoC0vAvzjtEpM14KcL58AZ0-ivfN5gsjdztpunNqA-hI.v9MnLfwf2nk2D04sHaYZTOyAnxYGqz6-xVZIPyuITW8&dib_tag=se&keywords=strawberries&qid=1786103856&s=samedaystore&sprefix=mil%2Csamedaystore%2C348&sr=1-9,https://m.media-amazon.com/images/I/61RTWtYAGRL._FMwebp__.jpg,false,,,,{},0,,,,,{},1786103865262
578183,20,00754,1,10,,amazon.com,,"https://www.amazon.com/s?k=strawberries&i=samedaystore&crid=1E2QJW9TUIM1M&sprefix=mil,samedaystore,348&ref=nb_sb_noss_2",Featured,B0DD94HBMV,"Strawberry Bon Bons Hard Candy, 1 Pound (Approx. 75 pcs.), Strawberry Candy Individually Wrapped, Strawberry Candy, The Hampton Popcorn & Candy Company",,[],8.99,8.99,0,4.7,867,,false,amazon.com,serp,true,500,,B0DD94HBMV,https://www.amazon.com/Strawberry-Candy-Individually-Hampton-Company/dp/B0DD94HBMV/ref=sr_1_10?crid=1E2QJW9TUIM1M&dib=eyJ2IjoiMSJ9.daI5AgOqfWVZKrIg_nqXBXhIjU5fNw8iguBr3j6ZQS1mS3E0-TfV6qV416B8sspMTn086DgWgTeQ84TVmrhujYnGoQp2Xnyx7dy_famfukqf0-Zm7UQ1NX6qmHJldUtw55IWrPs_XSjsaQxTdT9xtPgdpbVlfZ-pyl7WVtj_paixro0EvhZxE5iLgda502CEoC0vAvzjtEpM14KcL58AZ0-ivfN5gsjdztpunNqA-hI.v9MnLfwf2nk2D04sHaYZTOyAnxYGqz6-xVZIPyuITW8&dib_tag=se&keywords=strawberries&qid=1786103856&s=samedaystore&sprefix=mil%2Csamedaystore%2C348&sr=1-10,https://m.media-amazon.com/images/I/81cc7G69D9L._FMwebp__.jpg,false,,,,{},0,,,,"FREE delivery Wed, Aug 12 on $35 of items shipped by Amazon","{""delivery"":""FREE delivery Wed, Aug 12 on $35 of items shipped by Amazon""}",1786103865262
578184,20,00754,1,11,,amazon.com,,"https://www.amazon.com/s?k=strawberries&i=samedaystore&crid=1E2QJW9TUIM1M&sprefix=mil,samedaystore,348&ref=nb_sb_noss_2",Featured,B09CGC6GM5,"Happy Village Organic Whole Dried Strawberries, 18 OZ Resealable Pack- Soft & Juicy, Kosher, Non-GMO, No Refined Sugar, Apple Juice Infused Dried Strawberry",,[],28.99,28.99,0,4.2,1872,,false,amazon.com,serp,true,800,,B09CGC6GM5,https://www.amazon.com/Organic-Strawberries-Happy-Village-Strawberry/dp/B09CGC6GM5/ref=sr_1_11?crid=1E2QJW9TUIM1M&dib=eyJ2IjoiMSJ9.daI5AgOqfWVZKrIg_nqXBXhIjU5fNw8iguBr3j6ZQS1mS3E0-TfV6qV416B8sspMTn086DgWgTeQ84TVmrhujYnGoQp2Xnyx7dy_famfukqf0-Zm7UQ1NX6qmHJldUtw55IWrPs_XSjsaQxTdT9xtPgdpbVlfZ-pyl7WVtj_paixro0EvhZxE5iLgda502CEoC0vAvzjtEpM14KcL58AZ0-ivfN5gsjdztpunNqA-hI.v9MnLfwf2nk2D04sHaYZTOyAnxYGqz6-xVZIPyuITW8&dib_tag=se&keywords=strawberries&qid=1786103856&s=samedaystore&sprefix=mil%2Csamedaystore%2C348&sr=1-11,https://m.media-amazon.com/images/I/815C40gH9OL._FMwebp__.jpg,false,,,,{},0,,,,"FREE delivery Wed, Aug 12 on $35 of items shipped by Amazon","{""delivery"":""FREE delivery Wed, Aug 12 on $35 of items shipped by Amazon""}",1786103865262
578185,20,00754,1,12,,amazon.com,,"https://www.amazon.com/s?k=strawberries&i=samedaystore&crid=1E2QJW9TUIM1M&sprefix=mil,samedaystore,348&ref=nb_sb_noss_2",Featured,B0BT8QKTG7,"Augason Farms Freeze Dried Sliced Strawberries Pouch 1.4 oz | Gluten Free Snack for Baking, Smoothies, and Emergency Storage, Healthy Individual Fruit Snacks 1.4 Ounces (4 Servings)",,[],6.38,6.38,0,4.6,10834,,false,amazon.com,serp,true,200,,B0BT8QKTG7,https://www.amazon.com/Freeze-Dried-Sliced-Strawberries-Resealable-Pouch/dp/B0BT8QKTG7/ref=sr_1_12?crid=1E2QJW9TUIM1M&dib=eyJ2IjoiMSJ9.daI5AgOqfWVZKrIg_nqXBXhIjU5fNw8iguBr3j6ZQS1mS3E0-TfV6qV416B8sspMTn086DgWgTeQ84TVmrhujYnGoQp2Xnyx7dy_famfukqf0-Zm7UQ1NX6qmHJldUtw55IWrPs_XSjsaQxTdT9xtPgdpbVlfZ-pyl7WVtj_paixro0EvhZxE5iLgda502CEoC0vAvzjtEpM14KcL58AZ0-ivfN5gsjdztpunNqA-hI.v9MnLfwf2nk2D04sHaYZTOyAnxYGqz6-xVZIPyuITW8&dib_tag=se&keywords=strawberries&qid=1786103856&s=samedaystore&sprefix=mil%2Csamedaystore%2C348&sr=1-12,https://m.media-amazon.com/images/I/81RSryU5z3L._FMwebp__.jpg,false,,,,{},0,,,,"FREE delivery Wed, Aug 12 on $35 of items shipped by Amazon","{""delivery"":""FREE delivery Wed, Aug 12 on $35 of items shipped by Amazon""}",1786103865262
578186,20,00754,1,13,,amazon.com,,"https://www.amazon.com/s?k=strawberries&i=samedaystore&crid=1E2QJW9TUIM1M&sprefix=mil,samedaystore,348&ref=nb_sb_noss_2",Featured,B00E3JM7UU,"Organic Blackberries, 6 oz",,[],0,0,0,4.7,17801,,false,amazon.com,serp,false,100000,,B00E3JM7UU,https://www.amazon.com/produce-aisle-040-01021-Organic-Blackberries/dp/B00E3JM7UU/ref=sr_1_13?crid=1E2QJW9TUIM1M&dib=eyJ2IjoiMSJ9.daI5AgOqfWVZKrIg_nqXBXhIjU5fNw8iguBr3j6ZQS1mS3E0-TfV6qV416B8sspMTn086DgWgTeQ84TVmrhujYnGoQp2Xnyx7dy_famfukqf0-Zm7UQ1NX6qmHJldUtw55IWrPs_XSjsaQxTdT9xtPgdpbVlfZ-pyl7WVtj_paixro0EvhZxE5iLgda502CEoC0vAvzjtEpM14KcL58AZ0-ivfN5gsjdztpunNqA-hI.v9MnLfwf2nk2D04sHaYZTOyAnxYGqz6-xVZIPyuITW8&dib_tag=se&keywords=strawberries&qid=1786103856&s=samedaystore&sprefix=mil%2Csamedaystore%2C348&sr=1-13,https://m.media-amazon.com/images/I/7125y7kPhfL._FMwebp__.jpg,false,,,,{},0,,,,,{},1786103865262
578187,20,00754,1,14,,amazon.com,,"https://www.amazon.com/s?k=strawberries&i=samedaystore&crid=1E2QJW9TUIM1M&sprefix=mil,samedaystore,348&ref=nb_sb_noss_2",Featured,B0004N0IBO,"Bonne Maman Preserve, Strawberry, 13-Ounce | 13 Ounces",,[],4.99,6.28,4.99,4.7,3336,,false,amazon.com,serp,true,10000,,B0004N0IBO,https://www.amazon.com/Bonne-Maman-Preserve-Strawberry-13-Ounce/dp/B0004N0IBO/ref=sr_1_14?crid=1E2QJW9TUIM1M&dib=eyJ2IjoiMSJ9.daI5AgOqfWVZKrIg_nqXBXhIjU5fNw8iguBr3j6ZQS1mS3E0-TfV6qV416B8sspMTn086DgWgTeQ84TVmrhujYnGoQp2Xnyx7dy_famfukqf0-Zm7UQ1NX6qmHJldUtw55IWrPs_XSjsaQxTdT9xtPgdpbVlfZ-pyl7WVtj_paixro0EvhZxE5iLgda502CEoC0vAvzjtEpM14KcL58AZ0-ivfN5gsjdztpunNqA-hI.v9MnLfwf2nk2D04sHaYZTOyAnxYGqz6-xVZIPyuITW8&dib_tag=se&keywords=strawberries&qid=1786103856&s=samedaystore&sprefix=mil%2Csamedaystore%2C348&sr=1-14,https://m.media-amazon.com/images/I/81-JowEZnIL._FMwebp__.jpg,false,,,,{},0,,,,FREE delivery Aug 17 - 24 on $35 of items shipped by Amazon,"{""delivery"":""FREE delivery Aug 17 - 24 on $35 of items shipped by Amazon""}",1786103865262
578188,20,00754,1,15,,amazon.com,,"https://www.amazon.com/s?k=strawberries&i=samedaystore&crid=1E2QJW9TUIM1M&sprefix=mil,samedaystore,348&ref=nb_sb_noss_2",Featured,B0F1XWBJDC,"Freeze Dried Strawberries Pieces 17.6 Oz/500g, Crispy Dried Strawberries",,[],19.99,23.99,19.99,4,398,,false,amazon.com,serp,true,200,,B0F1XWBJDC,https://www.amazon.com/Premium-Freeze-Strawberries-Natural-Additives/dp/B0F1XWBJDC/ref=sr_1_15?crid=1E2QJW9TUIM1M&dib=eyJ2IjoiMSJ9.daI5AgOqfWVZKrIg_nqXBXhIjU5fNw8iguBr3j6ZQS1mS3E0-TfV6qV416B8sspMTn086DgWgTeQ84TVmrhujYnGoQp2Xnyx7dy_famfukqf0-Zm7UQ1NX6qmHJldUtw55IWrPs_XSjsaQxTdT9xtPgdpbVlfZ-pyl7WVtj_paixro0EvhZxE5iLgda502CEoC0vAvzjtEpM14KcL58AZ0-ivfN5gsjdztpunNqA-hI.v9MnLfwf2nk2D04sHaYZTOyAnxYGqz6-xVZIPyuITW8&dib_tag=se&keywords=strawberries&qid=1786103856&s=samedaystore&sprefix=mil%2Csamedaystore%2C348&sr=1-15,https://m.media-amazon.com/images/I/71RlNm4ryfL._FMwebp__.jpg,false,,,,{},0,,,,"FREE delivery Wed, Aug 12 on $35 of items shipped by Amazon","{""delivery"":""FREE delivery Wed, Aug 12 on $35 of items shipped by Amazon""}",1786103865262
578189,20,00754,1,16,,amazon.com,,"https://www.amazon.com/s?k=strawberries&i=samedaystore&crid=1E2QJW9TUIM1M&sprefix=mil,samedaystore,348&ref=nb_sb_noss_2",Featured,B0F2HW7M1T,Lyrow 100 Pcs 100 Pieces Fake Artificial Strawberries 2.2inch/2.76inch/3.35inch Faux Realistic Strawberry Decor Plastic Simulation Fake Lifelike Fruit for Photography Prop Cabinet Party (2.76 Inch),,[],22.99,24.99,22.99,4.6,100,,false,amazon.com,serp,true,50,,B0F2HW7M1T,https://www.amazon.com/Lyrow-Artificial-Strawberries-Strawberry-Photography/dp/B0F2HW7M1T/ref=sr_1_16?crid=1E2QJW9TUIM1M&dib=eyJ2IjoiMSJ9.daI5AgOqfWVZKrIg_nqXBXhIjU5fNw8iguBr3j6ZQS1mS3E0-TfV6qV416B8sspMTn086DgWgTeQ84TVmrhujYnGoQp2Xnyx7dy_famfukqf0-Zm7UQ1NX6qmHJldUtw55IWrPs_XSjsaQxTdT9xtPgdpbVlfZ-pyl7WVtj_paixro0EvhZxE5iLgda502CEoC0vAvzjtEpM14KcL58AZ0-ivfN5gsjdztpunNqA-hI.v9MnLfwf2nk2D04sHaYZTOyAnxYGqz6-xVZIPyuITW8&dib_tag=se&keywords=strawberries&qid=1786103856&s=samedaystore&sprefix=mil%2Csamedaystore%2C348&sr=1-16,https://m.media-amazon.com/images/I/91lbWSgAVwL._FMwebp__.jpg,false,,,,{},0,,,,"FREE delivery Thu, Aug 20 on $35 of items shipped by Amazon","{""delivery"":""FREE delivery Thu, Aug 20 on $35 of items shipped by Amazon""}",1786103865262
578078,20,00757,1,1,,amazon.com,,"https://www.amazon.com/s?k=strawberries&i=samedaystore&crid=1E2QJW9TUIM1M&sprefix=mil,samedaystore,348&ref=nb_sb_noss_2",Featured,B000P6J0SM,"Strawberries, 1 Lb",,[],0,0,0,4.6,90826,,false,amazon.com,serp,false,100000,,B000P6J0SM,https://www.amazon.com/Fresh-Produce-Brands-May-Vary/dp/B000P6J0SM/ref=sr_1_1?crid=1E2QJW9TUIM1M&dib=eyJ2IjoiMSJ9.daI5AgOqfWVZKrIg_nqXBXhIjU5fNw8iguBr3j6ZQS1mS3E0-TfV6qV416B8sspMTn086DgWgTeQ84TVmrhujYnGoQp2Xnyx7dy_famfukqf0-Zm7UQ1NX6qmHJldUtw55IWrPs_XSjsaQxTdT9xtPgdpbVlfZ-pyl7WVtj_paixro0EvhZxE5iLgda502CEoC0vAvzjtEpM14KcL58AZwS8chvv4KCG2iu6DrLWf_U.Jdk1C-LL6EHYsaZVUC7gRc7YHw7UhKLKEfDoD5qfhnI&dib_tag=se&keywords=strawberries&qid=1786103852&s=samedaystore&sprefix=mil%2Csamedaystore%2C348&sr=1-1,https://m.media-amazon.com/images/I/719HRHktywL._FMwebp__.jpg,false,,,,{},0,,,,,{},1786103858359
578079,20,00757,1,2,,amazon.com,,"https://www.amazon.com/s?k=strawberries&i=samedaystore&crid=1E2QJW9TUIM1M&sprefix=mil,samedaystore,348&ref=nb_sb_noss_2",Featured,B002B8Z98W,"Organic Strawberries, 1 Lb",,[],0,0,0,4.6,40783,,false,amazon.com,serp,false,100000,,B002B8Z98W,https://www.amazon.com/Fresh-Produce-Brands-Vary-040/dp/B002B8Z98W/ref=sr_1_2?crid=1E2QJW9TUIM1M&dib=eyJ2IjoiMSJ9.daI5AgOqfWVZKrIg_nqXBXhIjU5fNw8iguBr3j6ZQS1mS3E0-TfV6qV416B8sspMTn086DgWgTeQ84TVmrhujYnGoQp2Xnyx7dy_famfukqf0-Zm7UQ1NX6qmHJldUtw55IWrPs_XSjsaQxTdT9xtPgdpbVlfZ-pyl7WVtj_paixro0EvhZxE5iLgda502CEoC0vAvzjtEpM14KcL58AZwS8chvv4KCG2iu6DrLWf_U.Jdk1C-LL6EHYsaZVUC7gRc7YHw7UhKLKEfDoD5qfhnI&dib_tag=se&keywords=strawberries&qid=1786103852&s=samedaystore&sprefix=mil%2Csamedaystore%2C348&sr=1-2,https://m.media-amazon.com/images/I/71oKpKMVqTL._FMwebp__.jpg,false,,,,{},0,,,,,{},1786103858359
578080,20,00757,1,3,,amazon.com,,"https://www.amazon.com/s?k=strawberries&i=samedaystore&crid=1E2QJW9TUIM1M&sprefix=mil,samedaystore,348&ref=nb_sb_noss_2",Featured,B0FT35CP55,"Premium Freeze Dried Strawberry Slices | 7.05oz | No Sugar Added | in Resealable Jar Non-GMO, Vegan Snacks | Crunchy Wellsome Topping for Yogurt, Smoothie Bowls, Baking & On-the-Go Fruit Snack",,[],17.99,17.99,0,4.7,54,,false,amazon.com,serp,true,300,,B0FT35CP55,https://www.amazon.com/Premium-Strawberry-Resealable-Wellsome-Smoothie/dp/B0FT35CP55/ref=sr_1_3?crid=1E2QJW9TUIM1M&dib=eyJ2IjoiMSJ9.daI5AgOqfWVZKrIg_nqXBXhIjU5fNw8iguBr3j6ZQS1mS3E0-TfV6qV416B8sspMTn086DgWgTeQ84TVmrhujYnGoQp2Xnyx7dy_famfukqf0-Zm7UQ1NX6qmHJldUtw55IWrPs_XSjsaQxTdT9xtPgdpbVlfZ-pyl7WVtj_paixro0EvhZxE5iLgda502CEoC0vAvzjtEpM14KcL58AZwS8chvv4KCG2iu6DrLWf_U.Jdk1C-LL6EHYsaZVUC7gRc7YHw7UhKLKEfDoD5qfhnI&dib_tag=se&keywords=strawberries&qid=1786103852&s=samedaystore&sprefix=mil%2Csamedaystore%2C348&sr=1-3,https://m.media-amazon.com/images/I/911yY8wECIL._FMwebp__.jpg,false,,,,{},0,,,,"FREE delivery Wed, Aug 12 on $35 of items shipped by Amazon","{""delivery"":""FREE delivery Wed, Aug 12 on $35 of items shipped by Amazon""}",1786103858359
578081,20,00757,1,4,,amazon.com,,"https://www.amazon.com/s?k=strawberries&i=samedaystore&crid=1E2QJW9TUIM1M&sprefix=mil,samedaystore,348&ref=nb_sb_noss_2",Featured,B000P6G12U,"Red Raspberries, 6 oz",,[],0,0,0,4.6,37207,,false,amazon.com,serp,false,100000,,B000P6G12U,https://www.amazon.com/Fresh-Produce-Brands-May-Vary/dp/B000P6G12U/ref=sr_1_4?crid=1E2QJW9TUIM1M&dib=eyJ2IjoiMSJ9.daI5AgOqfWVZKrIg_nqXBXhIjU5fNw8iguBr3j6ZQS1mS3E0-TfV6qV416B8sspMTn086DgWgTeQ84TVmrhujYnGoQp2Xnyx7dy_famfukqf0-Zm7UQ1NX6qmHJldUtw55IWrPs_XSjsaQxTdT9xtPgdpbVlfZ-pyl7WVtj_paixro0EvhZxE5iLgda502CEoC0vAvzjtEpM14KcL58AZwS8chvv4KCG2iu6DrLWf_U.Jdk1C-LL6EHYsaZVUC7gRc7YHw7UhKLKEfDoD5qfhnI&dib_tag=se&keywords=strawberries&qid=1786103852&s=samedaystore&sprefix=mil%2Csamedaystore%2C348&sr=1-4,https://m.media-amazon.com/images/I/61lsVNuBxkL._FMwebp__.jpg,false,,,,{},0,,,,,{},1786103858359
578082,20,00757,1,5,,amazon.com,,"https://www.amazon.com/s?k=strawberries&i=samedaystore&crid=1E2QJW9TUIM1M&sprefix=mil,samedaystore,348&ref=nb_sb_noss_2",Featured,B0BZ9TBY48,"Bonnie Plants Strawberry, Live Plant, 19.3 oz. (4-Pack)",,[],18.72,22.89,18.72,4.3,1069,,false,amazon.com,serp,true,900,,B0BZ9TBY48,https://www.amazon.com/Bonnie-Plants-Strawberry-Plant-4-Pack/dp/B0BZ9TBY48/ref=sr_1_5?crid=1E2QJW9TUIM1M&dib=eyJ2IjoiMSJ9.daI5AgOqfWVZKrIg_nqXBXhIjU5fNw8iguBr3j6ZQS1mS3E0-TfV6qV416B8sspMTn086DgWgTeQ84TVmrhujYnGoQp2Xnyx7dy_famfukqf0-Zm7UQ1NX6qmHJldUtw55IWrPs_XSjsaQxTdT9xtPgdpbVlfZ-pyl7WVtj_paixro0EvhZxE5iLgda502CEoC0vAvzjtEpM14KcL58AZwS8chvv4KCG2iu6DrLWf_U.Jdk1C-LL6EHYsaZVUC7gRc7YHw7UhKLKEfDoD5qfhnI&dib_tag=se&keywords=strawberries&qid=1786103852&s=samedaystore&sprefix=mil%2Csamedaystore%2C348&sr=1-5,https://m.media-amazon.com/images/I/71jTWZBe4UL._FMwebp__.jpg,false,,,,{},0,,,,FREE delivery on $35 of items shipped by Amazon,"{""delivery"":""FREE delivery on $35 of items shipped by Amazon""}",1786103858359
578083,20,00757,1,6,,amazon.com,,"https://www.amazon.com/s?k=strawberries&i=samedaystore&crid=1E2QJW9TUIM1M&sprefix=mil,samedaystore,348&ref=nb_sb_noss_2",Featured,B0H3WF82FB,"Rich Sweetness Strawberry Live Plants (10 Pack) – Everbearing Strawberry Starts for Outdoor Gardens & Containers – Sweet, Large Red Berries – Non-GMO Fruit Plants",,[],16.99,16.99,0,3.9,31,,false,amazon.com,serp,true,400,,B0H3WF82FB,https://www.amazon.com/Rich-Sweetness-Strawberry-Live-Plants/dp/B0H3WF82FB/ref=sr_1_6?crid=1E2QJW9TUIM1M&dib=eyJ2IjoiMSJ9.daI5AgOqfWVZKrIg_nqXBXhIjU5fNw8iguBr3j6ZQS1mS3E0-TfV6qV416B8sspMTn086DgWgTeQ84TVmrhujYnGoQp2Xnyx7dy_famfukqf0-Zm7UQ1NX6qmHJldUtw55IWrPs_XSjsaQxTdT9xtPgdpbVlfZ-pyl7WVtj_paixro0EvhZxE5iLgda502CEoC0vAvzjtEpM14KcL58AZwS8chvv4KCG2iu6DrLWf_U.Jdk1C-LL6EHYsaZVUC7gRc7YHw7UhKLKEfDoD5qfhnI&dib_tag=se&keywords=strawberries&qid=1786103852&s=samedaystore&sprefix=mil%2Csamedaystore%2C348&sr=1-6,https://m.media-amazon.com/images/I/71ioFeujtzL._FMwebp__.jpg,false,,,,{},0,,,,FREE delivery Aug 17 - 20,"{""delivery"":""FREE delivery Aug 17 - 20""}",1786103858359
578084,20,00757,1,7,,amazon.com,,"https://www.amazon.com/s?k=strawberries&i=samedaystore&crid=1E2QJW9TUIM1M&sprefix=mil,samedaystore,348&ref=nb_sb_noss_2",Featured,B0FFMBS8Y1,"Amilutuo Freeze Dried Strawberries Pieces, 3.17OZ/90g Frozen Strawberries | Freeze Dried Fruit, Dehydrated Strawberries, Freeze Dried Snacks",,[],8.99,9.49,8.99,4.5,376,,false,amazon.com,serp,true,700,,B0FFMBS8Y1,https://www.amazon.com/Freeze-Strawberries-Pieces-Dehydrated-Preservatives/dp/B0FFMBS8Y1/ref=sr_1_7?crid=1E2QJW9TUIM1M&dib=eyJ2IjoiMSJ9.daI5AgOqfWVZKrIg_nqXBXhIjU5fNw8iguBr3j6ZQS1mS3E0-TfV6qV416B8sspMTn086DgWgTeQ84TVmrhujYnGoQp2Xnyx7dy_famfukqf0-Zm7UQ1NX6qmHJldUtw55IWrPs_XSjsaQxTdT9xtPgdpbVlfZ-pyl7WVtj_paixro0EvhZxE5iLgda502CEoC0vAvzjtEpM14KcL58AZwS8chvv4KCG2iu6DrLWf_U.Jdk1C-LL6EHYsaZVUC7gRc7YHw7UhKLKEfDoD5qfhnI&dib_tag=se&keywords=strawberries&qid=1786103852&s=samedaystore&sprefix=mil%2Csamedaystore%2C348&sr=1-7,https://m.media-amazon.com/images/I/81RkuXeP7BL._FMwebp__.jpg,false,,,,{},0,,,,"FREE delivery Wed, Aug 12 on $35 of items shipped by Amazon","{""delivery"":""FREE delivery Wed, Aug 12 on $35 of items shipped by Amazon""}",1786103858359
578085,20,00757,1,8,,amazon.com,,"https://www.amazon.com/s?k=strawberries&i=samedaystore&crid=1E2QJW9TUIM1M&sprefix=mil,samedaystore,348&ref=nb_sb_noss_2",Featured,B008945XB0,"Augason Farms Freeze Dried Sliced Strawberries Can 6.5 oz | 18 Servings, Gluten Free Snack for Baking, Smoothies, and Emergency Storage, Healthy Individual Fruit Snacks, 6.5 Ounces",,[],18,18,0,4.6,10834,,false,amazon.com,serp,true,500,,B008945XB0,https://www.amazon.com/Augason-Farms-Freeze-Sliced-Strawberries/dp/B008945XB0/ref=sr_1_8?crid=1E2QJW9TUIM1M&dib=eyJ2IjoiMSJ9.daI5AgOqfWVZKrIg_nqXBXhIjU5fNw8iguBr3j6ZQS1mS3E0-TfV6qV416B8sspMTn086DgWgTeQ84TVmrhujYnGoQp2Xnyx7dy_famfukqf0-Zm7UQ1NX6qmHJldUtw55IWrPs_XSjsaQxTdT9xtPgdpbVlfZ-pyl7WVtj_paixro0EvhZxE5iLgda502CEoC0vAvzjtEpM14KcL58AZwS8chvv4KCG2iu6DrLWf_U.Jdk1C-LL6EHYsaZVUC7gRc7YHw7UhKLKEfDoD5qfhnI&dib_tag=se&keywords=strawberries&qid=1786103852&s=samedaystore&sprefix=mil%2Csamedaystore%2C348&sr=1-8,https://m.media-amazon.com/images/I/71Y5VPm9QzL._FMwebp__.jpg,false,,,,{},0,,,,FREE delivery Aug 24 - Sep 8 on $35 of items shipped by Amazon,"{""delivery"":""FREE delivery Aug 24 - Sep 8 on $35 of items shipped by Amazon""}",1786103858359
578086,20,00757,1,9,,amazon.com,,"https://www.amazon.com/s?k=strawberries&i=samedaystore&crid=1E2QJW9TUIM1M&sprefix=mil,samedaystore,348&ref=nb_sb_noss_2",Featured,B077N7TR5G,Organic Blueberries Pint,,[],0,0,0,4.7,27829,,false,amazon.com,serp,false,100000,,B077N7TR5G,https://www.amazon.com/produce-aisle-112042-Organic-Blueberries/dp/B077N7TR5G/ref=sr_1_9?crid=1E2QJW9TUIM1M&dib=eyJ2IjoiMSJ9.daI5AgOqfWVZKrIg_nqXBXhIjU5fNw8iguBr3j6ZQS1mS3E0-TfV6qV416B8sspMTn086DgWgTeQ84TVmrhujYnGoQp2Xnyx7dy_famfukqf0-Zm7UQ1NX6qmHJldUtw55IWrPs_XSjsaQxTdT9xtPgdpbVlfZ-pyl7WVtj_paixro0EvhZxE5iLgda502CEoC0vAvzjtEpM14KcL58AZwS8chvv4KCG2iu6DrLWf_U.Jdk1C-LL6EHYsaZVUC7gRc7YHw7UhKLKEfDoD5qfhnI&dib_tag=se&keywords=strawberries&qid=1786103852&s=samedaystore&sprefix=mil%2Csamedaystore%2C348&sr=1-9,https://m.media-amazon.com/images/I/61RTWtYAGRL._FMwebp__.jpg,false,,,,{},0,,,,,{},1786103858359
578087,20,00757,1,10,,amazon.com,,"https://www.amazon.com/s?k=strawberries&i=samedaystore&crid=1E2QJW9TUIM1M&sprefix=mil,samedaystore,348&ref=nb_sb_noss_2",Featured,B0DD94HBMV,"Strawberry Bon Bons Hard Candy, 1 Pound (Approx. 75 pcs.), Strawberry Candy Individually Wrapped, Strawberry Candy, The Hampton Popcorn & Candy Company",,[],8.99,8.99,0,4.7,867,,false,amazon.com,serp,true,500,,B0DD94HBMV,https://www.amazon.com/Strawberry-Candy-Individually-Hampton-Company/dp/B0DD94HBMV/ref=sr_1_10?crid=1E2QJW9TUIM1M&dib=eyJ2IjoiMSJ9.daI5AgOqfWVZKrIg_nqXBXhIjU5fNw8iguBr3j6ZQS1mS3E0-TfV6qV416B8sspMTn086DgWgTeQ84TVmrhujYnGoQp2Xnyx7dy_famfukqf0-Zm7UQ1NX6qmHJldUtw55IWrPs_XSjsaQxTdT9xtPgdpbVlfZ-pyl7WVtj_paixro0EvhZxE5iLgda502CEoC0vAvzjtEpM14KcL58AZwS8chvv4KCG2iu6DrLWf_U.Jdk1C-LL6EHYsaZVUC7gRc7YHw7UhKLKEfDoD5qfhnI&dib_tag=se&keywords=strawberries&qid=1786103852&s=samedaystore&sprefix=mil%2Csamedaystore%2C348&sr=1-10,https://m.media-amazon.com/images/I/81cc7G69D9L._FMwebp__.jpg,false,,,,{},0,,,,"FREE delivery Wed, Aug 12 on $35 of items shipped by Amazon","{""delivery"":""FREE delivery Wed, Aug 12 on $35 of items shipped by Amazon""}",1786103858359
578088,20,00757,1,11,,amazon.com,,"https://www.amazon.com/s?k=strawberries&i=samedaystore&crid=1E2QJW9TUIM1M&sprefix=mil,samedaystore,348&ref=nb_sb_noss_2",Featured,B09CGC6GM5,"Happy Village Organic Whole Dried Strawberries, 18 OZ Resealable Pack- Soft & Juicy, Kosher, Non-GMO, No Refined Sugar, Apple Juice Infused Dried Strawberry",,[],28.99,28.99,0,4.2,1872,,false,amazon.com,serp,true,800,,B09CGC6GM5,https://www.amazon.com/Organic-Strawberries-Happy-Village-Strawberry/dp/B09CGC6GM5/ref=sr_1_11?crid=1E2QJW9TUIM1M&dib=eyJ2IjoiMSJ9.daI5AgOqfWVZKrIg_nqXBXhIjU5fNw8iguBr3j6ZQS1mS3E0-TfV6qV416B8sspMTn086DgWgTeQ84TVmrhujYnGoQp2Xnyx7dy_famfukqf0-Zm7UQ1NX6qmHJldUtw55IWrPs_XSjsaQxTdT9xtPgdpbVlfZ-pyl7WVtj_paixro0EvhZxE5iLgda502CEoC0vAvzjtEpM14KcL58AZwS8chvv4KCG2iu6DrLWf_U.Jdk1C-LL6EHYsaZVUC7gRc7YHw7UhKLKEfDoD5qfhnI&dib_tag=se&keywords=strawberries&qid=1786103852&s=samedaystore&sprefix=mil%2Csamedaystore%2C348&sr=1-11,https://m.media-amazon.com/images/I/815C40gH9OL._FMwebp__.jpg,false,,,,{},0,,,,"FREE delivery Wed, Aug 12 on $35 of items shipped by Amazon","{""delivery"":""FREE delivery Wed, Aug 12 on $35 of items shipped by Amazon""}",1786103858359
578089,20,00757,1,12,,amazon.com,,"https://www.amazon.com/s?k=strawberries&i=samedaystore&crid=1E2QJW9TUIM1M&sprefix=mil,samedaystore,348&ref=nb_sb_noss_2",Featured,B0BT8QKTG7,"Augason Farms Freeze Dried Sliced Strawberries Pouch 1.4 oz | Gluten Free Snack for Baking, Smoothies, and Emergency Storage, Healthy Individual Fruit Snacks 1.4 Ounces (4 Servings)",,[],6.38,6.38,0,4.6,10834,,false,amazon.com,serp,true,200,,B0BT8QKTG7,https://www.amazon.com/Freeze-Dried-Sliced-Strawberries-Resealable-Pouch/dp/B0BT8QKTG7/ref=sr_1_12?crid=1E2QJW9TUIM1M&dib=eyJ2IjoiMSJ9.daI5AgOqfWVZKrIg_nqXBXhIjU5fNw8iguBr3j6ZQS1mS3E0-TfV6qV416B8sspMTn086DgWgTeQ84TVmrhujYnGoQp2Xnyx7dy_famfukqf0-Zm7UQ1NX6qmHJldUtw55IWrPs_XSjsaQxTdT9xtPgdpbVlfZ-pyl7WVtj_paixro0EvhZxE5iLgda502CEoC0vAvzjtEpM14KcL58AZwS8chvv4KCG2iu6DrLWf_U.Jdk1C-LL6EHYsaZVUC7gRc7YHw7UhKLKEfDoD5qfhnI&dib_tag=se&keywords=strawberries&qid=1786103852&s=samedaystore&sprefix=mil%2Csamedaystore%2C348&sr=1-12,https://m.media-amazon.com/images/I/81RSryU5z3L._FMwebp__.jpg,false,,,,{},0,,,,"FREE delivery Wed, Aug 12 on $35 of items shipped by Amazon","{""delivery"":""FREE delivery Wed, Aug 12 on $35 of items shipped by Amazon""}",1786103858359
578090,20,00757,1,13,,amazon.com,,"https://www.amazon.com/s?k=strawberries&i=samedaystore&crid=1E2QJW9TUIM1M&sprefix=mil,samedaystore,348&ref=nb_sb_noss_2",Featured,B00E3JM7UU,"Organic Blackberries, 6 oz",,[],0,0,0,4.7,17801,,false,amazon.com,serp,false,100000,,B00E3JM7UU,https://www.amazon.com/produce-aisle-040-01021-Organic-Blackberries/dp/B00E3JM7UU/ref=sr_1_13?crid=1E2QJW9TUIM1M&dib=eyJ2IjoiMSJ9.daI5AgOqfWVZKrIg_nqXBXhIjU5fNw8iguBr3j6ZQS1mS3E0-TfV6qV416B8sspMTn086DgWgTeQ84TVmrhujYnGoQp2Xnyx7dy_famfukqf0-Zm7UQ1NX6qmHJldUtw55IWrPs_XSjsaQxTdT9xtPgdpbVlfZ-pyl7WVtj_paixro0EvhZxE5iLgda502CEoC0vAvzjtEpM14KcL58AZwS8chvv4KCG2iu6DrLWf_U.Jdk1C-LL6EHYsaZVUC7gRc7YHw7UhKLKEfDoD5qfhnI&dib_tag=se&keywords=strawberries&qid=1786103852&s=samedaystore&sprefix=mil%2Csamedaystore%2C348&sr=1-13,https://m.media-amazon.com/images/I/7125y7kPhfL._FMwebp__.jpg,false,,,,{},0,,,,,{},1786103858359
578091,20,00757,1,14,,amazon.com,,"https://www.amazon.com/s?k=strawberries&i=samedaystore&crid=1E2QJW9TUIM1M&sprefix=mil,samedaystore,348&ref=nb_sb_noss_2",Featured,B0004N0IBO,"Bonne Maman Preserve, Strawberry, 13-Ounce | 13 Ounces",,[],4.99,6.28,4.99,4.7,3336,,false,amazon.com,serp,true,10000,,B0004N0IBO,https://www.amazon.com/Bonne-Maman-Preserve-Strawberry-13-Ounce/dp/B0004N0IBO/ref=sr_1_14?crid=1E2QJW9TUIM1M&dib=eyJ2IjoiMSJ9.daI5AgOqfWVZKrIg_nqXBXhIjU5fNw8iguBr3j6ZQS1mS3E0-TfV6qV416B8sspMTn086DgWgTeQ84TVmrhujYnGoQp2Xnyx7dy_famfukqf0-Zm7UQ1NX6qmHJldUtw55IWrPs_XSjsaQxTdT9xtPgdpbVlfZ-pyl7WVtj_paixro0EvhZxE5iLgda502CEoC0vAvzjtEpM14KcL58AZwS8chvv4KCG2iu6DrLWf_U.Jdk1C-LL6EHYsaZVUC7gRc7YHw7UhKLKEfDoD5qfhnI&dib_tag=se&keywords=strawberries&qid=1786103852&s=samedaystore&sprefix=mil%2Csamedaystore%2C348&sr=1-14,https://m.media-amazon.com/images/I/81-JowEZnIL._FMwebp__.jpg,false,,,,{},0,,,,FREE delivery Aug 17 - 24 on $35 of items shipped by Amazon,"{""delivery"":""FREE delivery Aug 17 - 24 on $35 of items shipped by Amazon""}",1786103858359
578092,20,00757,1,15,,amazon.com,,"https://www.amazon.com/s?k=strawberries&i=samedaystore&crid=1E2QJW9TUIM1M&sprefix=mil,samedaystore,348&ref=nb_sb_noss_2",Featured,B0F1XWBJDC,"Freeze Dried Strawberries Pieces 17.6 Oz/500g, Crispy Dried Strawberries",,[],19.99,23.99,19.99,4,398,,false,amazon.com,serp,true,200,,B0F1XWBJDC,https://www.amazon.com/Premium-Freeze-Strawberries-Natural-Additives/dp/B0F1XWBJDC/ref=sr_1_15?crid=1E2QJW9TUIM1M&dib=eyJ2IjoiMSJ9.daI5AgOqfWVZKrIg_nqXBXhIjU5fNw8iguBr3j6ZQS1mS3E0-TfV6qV416B8sspMTn086DgWgTeQ84TVmrhujYnGoQp2Xnyx7dy_famfukqf0-Zm7UQ1NX6qmHJldUtw55IWrPs_XSjsaQxTdT9xtPgdpbVlfZ-pyl7WVtj_paixro0EvhZxE5iLgda502CEoC0vAvzjtEpM14KcL58AZwS8chvv4KCG2iu6DrLWf_U.Jdk1C-LL6EHYsaZVUC7gRc7YHw7UhKLKEfDoD5qfhnI&dib_tag=se&keywords=strawberries&qid=1786103852&s=samedaystore&sprefix=mil%2Csamedaystore%2C348&sr=1-15,https://m.media-amazon.com/images/I/71RlNm4ryfL._FMwebp__.jpg,false,,,,{},0,,,,"FREE delivery Wed, Aug 12 on $35 of items shipped by Amazon","{""delivery"":""FREE delivery Wed, Aug 12 on $35 of items shipped by Amazon""}",1786103858359
578093,20,00757,1,16,,amazon.com,,"https://www.amazon.com/s?k=strawberries&i=samedaystore&crid=1E2QJW9TUIM1M&sprefix=mil,samedaystore,348&ref=nb_sb_noss_2",Featured,B0C47FC7Z7,"Betty Crocker Delights Super Moist Strawberry Cake Mix, 13.25 oz | Pudding In The Mix For Moist Texture, Doubles As Cupcake Mix, America's #1 Cake Mix Brand",,[],1.99,1.99,0,4.7,4372,,false,amazon.com,serp,true,7000,,B0C47FC7Z7,https://www.amazon.com/Betty-Crocker-Delights-Supermoist-Strawberry/dp/B0C47FC7Z7/ref=sr_1_16?crid=1E2QJW9TUIM1M&dib=eyJ2IjoiMSJ9.daI5AgOqfWVZKrIg_nqXBXhIjU5fNw8iguBr3j6ZQS1mS3E0-TfV6qV416B8sspMTn086DgWgTeQ84TVmrhujYnGoQp2Xnyx7dy_famfukqf0-Zm7UQ1NX6qmHJldUtw55IWrPs_XSjsaQxTdT9xtPgdpbVlfZ-pyl7WVtj_paixro0EvhZxE5iLgda502CEoC0vAvzjtEpM14KcL58AZwS8chvv4KCG2iu6DrLWf_U.Jdk1C-LL6EHYsaZVUC7gRc7YHw7UhKLKEfDoD5qfhnI&dib_tag=se&keywords=strawberries&qid=1786103852&s=samedaystore&sprefix=mil%2Csamedaystore%2C348&sr=1-16,https://m.media-amazon.com/images/I/81tItetxVWL._FMwebp__.jpg,false,,,,{},0,,,,"FREE delivery Wed, Aug 12 on $35 of items shipped by Amazon","{""delivery"":""FREE delivery Wed, Aug 12 on $35 of items shipped by Amazon""}",1786103858359
578158,20,00773,1,1,,amazon.com,,"https://www.amazon.com/s?k=strawberries&i=samedaystore&crid=1E2QJW9TUIM1M&sprefix=mil,samedaystore,348&ref=nb_sb_noss_2",Featured,B0CG5T3BRH,"80 Pieces Artificial Strawberries, Lifelike Decorative Fake Strawberries, Red Realistic Fake Fruit Strawberries for Home Kitchen Festival Party Photography Christmas Decoration",,[],14.99,15.99,14.99,4.5,57,,false,amazon.com,serp,true,,,B0CG5T3BRH,https://www.amazon.com/ZEAYEA-Artificial-Strawberries-Decorative-Photography/dp/B0CG5T3BRH/ref=sr_1_1?crid=1E2QJW9TUIM1M&dib=eyJ2IjoiMSJ9.aVsEj8jS-YsdYnz5VNvKepejbhHtJh87pEynSm_so9sutAgWo-s814UosSkdWThJB2cgZW7rN8om2F1Ku2TpNK9krjBAVVHU-H75tToQ5P6lB0Jloo-D_wauGxjei33WHyB5Ray7QZm0Ak8G8vBNolNPlu_xTi_8rx1n88rsv95QA8MXObByi_kuiOTII4REgRICa5ow6i5f-b2NTwa2vsgeDYdlDdYa08OyTM5SOLk.LDYovACp6iedOp3aDjg8DjXCXoksbPp_SpzBAmIYKLE&dib_tag=se&keywords=strawberries&qid=1786103854&s=samedaystore&sprefix=mil%2Csamedaystore%2C348&sr=1-1,https://m.media-amazon.com/images/I/81iK1b7gFlL._FMwebp__.jpg,false,,,,{},0,,,,"Join Prime to get FREE delivery Tomorrow, Aug 8Or Non-members get FREE delivery Wed, Aug 12 on $35 of items shipped by Amazon","{""delivery"":""Join Prime to get FREE delivery Tomorrow, Aug 8Or Non-members get FREE delivery Wed, Aug 12 on $35 of items shipped by Amazon""}",1786103864236
578159,20,00773,1,2,,amazon.com,,"https://www.amazon.com/s?k=strawberries&i=samedaystore&crid=1E2QJW9TUIM1M&sprefix=mil,samedaystore,348&ref=nb_sb_noss_2",Featured,B0FFT929QL,"40Pcs Fake Strawberries Artificial Plastic Faux Fruit for Home Market | for Kitchen, Display, Party Decoration, Photography Props",,[],9.49,9.99,9.49,4.2,8,,false,amazon.com,serp,true,,,B0FFT929QL,https://www.amazon.com/jiebor-Strawberries-Artificial-Decoration-Photography/dp/B0FFT929QL/ref=sr_1_2?crid=1E2QJW9TUIM1M&dib=eyJ2IjoiMSJ9.aVsEj8jS-YsdYnz5VNvKepejbhHtJh87pEynSm_so9sutAgWo-s814UosSkdWThJB2cgZW7rN8om2F1Ku2TpNK9krjBAVVHU-H75tToQ5P6lB0Jloo-D_wauGxjei33WHyB5Ray7QZm0Ak8G8vBNolNPlu_xTi_8rx1n88rsv95QA8MXObByi_kuiOTII4REgRICa5ow6i5f-b2NTwa2vsgeDYdlDdYa08OyTM5SOLk.LDYovACp6iedOp3aDjg8DjXCXoksbPp_SpzBAmIYKLE&dib_tag=se&keywords=strawberries&qid=1786103854&s=samedaystore&sprefix=mil%2Csamedaystore%2C348&sr=1-2,https://m.media-amazon.com/images/I/91Dv-Mei7-L._FMwebp__.jpg,false,,,,{},0,,,,"Join Prime to get FREE delivery Tomorrow, Aug 8Or Non-members get FREE delivery Wed, Aug 12 on $35 of items shipped by Amazon","{""delivery"":""Join Prime to get FREE delivery Tomorrow, Aug 8Or Non-members get FREE delivery Wed, Aug 12 on $35 of items shipped by Amazon""}",1786103864236
578160,20,00773,1,3,,amazon.com,,"https://www.amazon.com/s?k=strawberries&i=samedaystore&crid=1E2QJW9TUIM1M&sprefix=mil,samedaystore,348&ref=nb_sb_noss_2",Featured,B0DDC6STC6,"8.82oz Freeze Dried Strawberry Pieces, 100% Natural for Snacks & Baking | Premium Frozen Dried Strawberrys, No,Gluten, No Allergen, Sweet Fruit Flakes for Cooking, Baking and Flavorful Recipes",,[],14.99,14.99,0,4.2,551,,false,amazon.com,serp,true,2000,,B0DDC6STC6,https://www.amazon.com/Premium-Freeze-Dried-Strawberries-Pieces/dp/B0DDC6STC6/ref=sr_1_3?crid=1E2QJW9TUIM1M&dib=eyJ2IjoiMSJ9.aVsEj8jS-YsdYnz5VNvKepejbhHtJh87pEynSm_so9sutAgWo-s814UosSkdWThJB2cgZW7rN8om2F1Ku2TpNK9krjBAVVHU-H75tToQ5P6lB0Jloo-D_wauGxjei33WHyB5Ray7QZm0Ak8G8vBNolNPlu_xTi_8rx1n88rsv95QA8MXObByi_kuiOTII4REgRICa5ow6i5f-b2NTwa2vsgeDYdlDdYa08OyTM5SOLk.LDYovACp6iedOp3aDjg8DjXCXoksbPp_SpzBAmIYKLE&dib_tag=se&keywords=strawberries&qid=1786103854&s=samedaystore&sprefix=mil%2Csamedaystore%2C348&sr=1-3,https://m.media-amazon.com/images/I/81xiHZ9luhL._FMwebp__.jpg,false,,,,{},0,,,,"Join Prime to get FREE delivery Tomorrow, Aug 8Or Non-members get FREE delivery Wed, Aug 12 on $35 of items shipped by Amazon","{""delivery"":""Join Prime to get FREE delivery Tomorrow, Aug 8Or Non-members get FREE delivery Wed, Aug 12 on $35 of items shipped by Amazon""}",1786103864236
578161,20,00773,1,4,,amazon.com,,"https://www.amazon.com/s?k=strawberries&i=samedaystore&crid=1E2QJW9TUIM1M&sprefix=mil,samedaystore,348&ref=nb_sb_noss_2",Featured,B0C7TMNBRB,"Premium Freeze Dried Strawberries Pieces 6.5 Oz/185g,Frozen Dried Strawberry,100% Natural & No Additives.",,[],13.95,13.95,0,4.3,1611,,false,amazon.com,serp,true,1000,,B0C7TMNBRB,https://www.amazon.com/Premium-Strawberries-Strawberry-Natural-Additives/dp/B0C7TMNBRB/ref=sr_1_4?crid=1E2QJW9TUIM1M&dib=eyJ2IjoiMSJ9.aVsEj8jS-YsdYnz5VNvKepejbhHtJh87pEynSm_so9sutAgWo-s814UosSkdWThJB2cgZW7rN8om2F1Ku2TpNK9krjBAVVHU-H75tToQ5P6lB0Jloo-D_wauGxjei33WHyB5Ray7QZm0Ak8G8vBNolNPlu_xTi_8rx1n88rsv95QA8MXObByi_kuiOTII4REgRICa5ow6i5f-b2NTwa2vsgeDYdlDdYa08OyTM5SOLk.LDYovACp6iedOp3aDjg8DjXCXoksbPp_SpzBAmIYKLE&dib_tag=se&keywords=strawberries&qid=1786103854&s=samedaystore&sprefix=mil%2Csamedaystore%2C348&sr=1-4,https://m.media-amazon.com/images/I/71Z-H36NWtL._FMwebp__.jpg,false,,,,{},0,,,,"Join Prime to get FREE delivery Tomorrow, Aug 8Or Non-members get FREE delivery Wed, Aug 12 on $35 of items shipped by Amazon","{""delivery"":""Join Prime to get FREE delivery Tomorrow, Aug 8Or Non-members get FREE delivery Wed, Aug 12 on $35 of items shipped by Amazon""}",1786103864236
578162,20,00773,1,5,,amazon.com,,"https://www.amazon.com/s?k=strawberries&i=samedaystore&crid=1E2QJW9TUIM1M&sprefix=mil,samedaystore,348&ref=nb_sb_noss_2",Featured,B08TYCZ9K8,"Sunny Fruit Organic Soft-Dried Whole Strawberries (18 Ounce Bulk Bag) | Healthy & Convenient Snack Packs, Great for Baking, Snacking, Smoothies, Charcuterie, Non-GMO, Gluten-Free, Nut-Free, Kosher",,[],18,19.49,18,3.3,872,,false,amazon.com,serp,true,100,,B08TYCZ9K8,https://www.amazon.com/Dried-Strawberries-Healthy-NON-GMO-GLUTEN-FREE/dp/B08TYCZ9K8/ref=sr_1_5?crid=1E2QJW9TUIM1M&dib=eyJ2IjoiMSJ9.aVsEj8jS-YsdYnz5VNvKepejbhHtJh87pEynSm_so9sutAgWo-s814UosSkdWThJB2cgZW7rN8om2F1Ku2TpNK9krjBAVVHU-H75tToQ5P6lB0Jloo-D_wauGxjei33WHyB5Ray7QZm0Ak8G8vBNolNPlu_xTi_8rx1n88rsv95QA8MXObByi_kuiOTII4REgRICa5ow6i5f-b2NTwa2vsgeDYdlDdYa08OyTM5SOLk.LDYovACp6iedOp3aDjg8DjXCXoksbPp_SpzBAmIYKLE&dib_tag=se&keywords=strawberries&qid=1786103854&s=samedaystore&sprefix=mil%2Csamedaystore%2C348&sr=1-5,https://m.media-amazon.com/images/I/71JGwd0lBxL._FMwebp__.jpg,false,,,,{},0,,,,"FREE delivery Thu, Aug 13","{""delivery"":""FREE delivery Thu, Aug 13""}",1786103864236
578163,20,00773,1,6,,amazon.com,,"https://www.amazon.com/s?k=strawberries&i=samedaystore&crid=1E2QJW9TUIM1M&sprefix=mil,samedaystore,348&ref=nb_sb_noss_2",Featured,B0FFMBS8Y1,"Amilutuo Freeze Dried Strawberries Pieces, 3.17OZ/90g Frozen Strawberries | Freeze Dried Fruit, Dehydrated Strawberries, Freeze Dried Snacks",,[],8.99,9.49,8.99,4.5,376,,false,amazon.com,serp,true,700,,B0FFMBS8Y1,https://www.amazon.com/Freeze-Strawberries-Pieces-Dehydrated-Preservatives/dp/B0FFMBS8Y1/ref=sr_1_6?crid=1E2QJW9TUIM1M&dib=eyJ2IjoiMSJ9.aVsEj8jS-YsdYnz5VNvKepejbhHtJh87pEynSm_so9sutAgWo-s814UosSkdWThJB2cgZW7rN8om2F1Ku2TpNK9krjBAVVHU-H75tToQ5P6lB0Jloo-D_wauGxjei33WHyB5Ray7QZm0Ak8G8vBNolNPlu_xTi_8rx1n88rsv95QA8MXObByi_kuiOTII4REgRICa5ow6i5f-b2NTwa2vsgeDYdlDdYa08OyTM5SOLk.LDYovACp6iedOp3aDjg8DjXCXoksbPp_SpzBAmIYKLE&dib_tag=se&keywords=strawberries&qid=1786103854&s=samedaystore&sprefix=mil%2Csamedaystore%2C348&sr=1-6,https://m.media-amazon.com/images/I/81RkuXeP7BL._FMwebp__.jpg,false,,,,{},0,,,,"Join Prime to get FREE delivery Sun, Aug 9Or Non-members get FREE delivery Wed, Aug 12 on $35 of items shipped by Amazon","{""delivery"":""Join Prime to get FREE delivery Sun, Aug 9Or Non-members get FREE delivery Wed, Aug 12 on $35 of items shipped by Amazon""}",1786103864236
578164,20,00773,1,7,,amazon.com,,"https://www.amazon.com/s?k=strawberries&i=samedaystore&crid=1E2QJW9TUIM1M&sprefix=mil,samedaystore,348&ref=nb_sb_noss_2",Featured,B01HTNAVGI,"Annie's Organic Fruit Tape, Strawberry & Berry Variety Pack (Pack of 12) | Fruit-Flavored Snacks (6 of Each Flavor), Great for Lunchboxes, Gluten-Free, No High Fructose Corn Syrup, 9 oz",,"[""Best Seller""]",7.49,7.49,0,4.7,7053,,false,amazon.com,serp,true,20000,,B01HTNAVGI,https://www.amazon.com/Annies-Strawberry-Organic-Really-Variety/dp/B01HTNAVGI/ref=sr_1_7?crid=1E2QJW9TUIM1M&dib=eyJ2IjoiMSJ9.aVsEj8jS-YsdYnz5VNvKepejbhHtJh87pEynSm_so9sutAgWo-s814UosSkdWThJB2cgZW7rN8om2F1Ku2TpNK9krjBAVVHU-H75tToQ5P6lB0Jloo-D_wauGxjei33WHyB5Ray7QZm0Ak8G8vBNolNPlu_xTi_8rx1n88rsv95QA8MXObByi_kuiOTII4REgRICa5ow6i5f-b2NTwa2vsgeDYdlDdYa08OyTM5SOLk.LDYovACp6iedOp3aDjg8DjXCXoksbPp_SpzBAmIYKLE&dib_tag=se&keywords=strawberries&qid=1786103854&s=samedaystore&sprefix=mil%2Csamedaystore%2C348&sr=1-7,https://m.media-amazon.com/images/I/71kE72k7seL._FMwebp__.jpg,false,,,,{},0,,,,"Join Prime to get FREE delivery Tomorrow, Aug 8Or Non-members get FREE delivery Wed, Aug 12 on $35 of items shipped by Amazon","{""delivery"":""Join Prime to get FREE delivery Tomorrow, Aug 8Or Non-members get FREE delivery Wed, Aug 12 on $35 of items shipped by Amazon""}",1786103864236
578165,20,00773,1,8,,amazon.com,,"https://www.amazon.com/s?k=strawberries&i=samedaystore&crid=1E2QJW9TUIM1M&sprefix=mil,samedaystore,348&ref=nb_sb_noss_2",Featured,B0F2TDGP52,300PCS Giant Strawberry Seeds Everbearing Fragaria Fruit Seeds,,[],7.59,7.59,0,3.4,161,,false,amazon.com,serp,true,100,,B0F2TDGP52,https://www.amazon.com/300PCS-Giant-Strawberry-Everbearing-Fragaria/dp/B0F2TDGP52/ref=sr_1_8?crid=1E2QJW9TUIM1M&dib=eyJ2IjoiMSJ9.aVsEj8jS-YsdYnz5VNvKepejbhHtJh87pEynSm_so9sutAgWo-s814UosSkdWThJB2cgZW7rN8om2F1Ku2TpNK9krjBAVVHU-H75tToQ5P6lB0Jloo-D_wauGxjei33WHyB5Ray7QZm0Ak8G8vBNolNPlu_xTi_8rx1n88rsv95QA8MXObByi_kuiOTII4REgRICa5ow6i5f-b2NTwa2vsgeDYdlDdYa08OyTM5SOLk.LDYovACp6iedOp3aDjg8DjXCXoksbPp_SpzBAmIYKLE&dib_tag=se&keywords=strawberries&qid=1786103854&s=samedaystore&sprefix=mil%2Csamedaystore%2C348&sr=1-8,https://m.media-amazon.com/images/I/71u4uXgsNTL._FMwebp__.jpg,false,,,,{},0,,,,"Join Prime to get FREE delivery Tomorrow, Aug 8Or Non-members get FREE delivery Wed, Aug 12 on $35 of items shipped by Amazon","{""delivery"":""Join Prime to get FREE delivery Tomorrow, Aug 8Or Non-members get FREE delivery Wed, Aug 12 on $35 of items shipped by Amazon""}",1786103864236
578166,20,00773,1,9,,amazon.com,,"https://www.amazon.com/s?k=strawberries&i=samedaystore&crid=1E2QJW9TUIM1M&sprefix=mil,samedaystore,348&ref=nb_sb_noss_2",Featured,B0GR5CWBGC,"Freeze Dried Whole Strawberries 7.06oz, Swentness Crunchy Snack | Whole strawberries with sugar, ideal for drink garnishes & dessert decorating, sweet crunch in every bite",,[],16.99,16.99,0,4.2,551,,false,amazon.com,serp,true,,,B0GR5CWBGC,https://www.amazon.com/Freeze-Strawberries-7-06oz-Swentness-Crunchy/dp/B0GR5CWBGC/ref=sr_1_9?crid=1E2QJW9TUIM1M&dib=eyJ2IjoiMSJ9.aVsEj8jS-YsdYnz5VNvKepejbhHtJh87pEynSm_so9sutAgWo-s814UosSkdWThJB2cgZW7rN8om2F1Ku2TpNK9krjBAVVHU-H75tToQ5P6lB0Jloo-D_wauGxjei33WHyB5Ray7QZm0Ak8G8vBNolNPlu_xTi_8rx1n88rsv95QA8MXObByi_kuiOTII4REgRICa5ow6i5f-b2NTwa2vsgeDYdlDdYa08OyTM5SOLk.LDYovACp6iedOp3aDjg8DjXCXoksbPp_SpzBAmIYKLE&dib_tag=se&keywords=strawberries&qid=1786103854&s=samedaystore&sprefix=mil%2Csamedaystore%2C348&sr=1-9,https://m.media-amazon.com/images/I/81q2SVO9WzL._FMwebp__.jpg,false,,,,{},0,,,,"Join Prime to get FREE delivery Tomorrow, Aug 8Or Non-members get FREE delivery Wed, Aug 12 on $35 of items shipped by Amazon","{""delivery"":""Join Prime to get FREE delivery Tomorrow, Aug 8Or Non-members get FREE delivery Wed, Aug 12 on $35 of items shipped by Amazon""}",1786103864236
578167,20,00773,1,10,,amazon.com,,"https://www.amazon.com/s?k=strawberries&i=samedaystore&crid=1E2QJW9TUIM1M&sprefix=mil,samedaystore,348&ref=nb_sb_noss_2",Featured,B09ZJC1V5G,"Nature's Turn Freeze-Dried Fruit Crisps; Strawberry, 12 Bags (0.53oz Each) | Healthy, Gluten-Free, Crispy & Delicious Snack Rich in Nutrients – Ideal for Cereal, School Lunches, & On-the-Go Snacks",,[],27.99,27.99,0,4.4,1171,,false,amazon.com,serp,true,1000,,B09ZJC1V5G,https://www.amazon.com/Natures-Turn-Freeze-Dried-Fruit/dp/B09ZJC1V5G/ref=sr_1_10?crid=1E2QJW9TUIM1M&dib=eyJ2IjoiMSJ9.aVsEj8jS-YsdYnz5VNvKepejbhHtJh87pEynSm_so9sutAgWo-s814UosSkdWThJB2cgZW7rN8om2F1Ku2TpNK9krjBAVVHU-H75tToQ5P6lB0Jloo-D_wauGxjei33WHyB5Ray7QZm0Ak8G8vBNolNPlu_xTi_8rx1n88rsv95QA8MXObByi_kuiOTII4REgRICa5ow6i5f-b2NTwa2vsgeDYdlDdYa08OyTM5SOLk.LDYovACp6iedOp3aDjg8DjXCXoksbPp_SpzBAmIYKLE&dib_tag=se&keywords=strawberries&qid=1786103854&s=samedaystore&sprefix=mil%2Csamedaystore%2C348&sr=1-10,https://m.media-amazon.com/images/I/71cypX2QXoL._FMwebp__.jpg,false,,,,{},0,,,,"Join Prime to get FREE delivery Tomorrow, Aug 8Or Non-members get FREE delivery Wed, Aug 12 on $35 of items shipped by Amazon","{""delivery"":""Join Prime to get FREE delivery Tomorrow, Aug 8Or Non-members get FREE delivery Wed, Aug 12 on $35 of items shipped by Amazon""}",1786103864236
578168,20,00773,1,11,,amazon.com,,"https://www.amazon.com/s?k=strawberries&i=samedaystore&crid=1E2QJW9TUIM1M&sprefix=mil,samedaystore,348&ref=nb_sb_noss_2",Featured,B0B7KCJY32,"Crispy Green Freeze-Dried Strawberry Fruit Snacks, 0.42 Oz (Pack of 12) | 100% Pure Fruit, All-Natural, No Added Sugar, No Preservatives, Single-Serve Bags for Healthy Snacks & School Lunches",,[],29.99,29.99,0,4.4,1253,,false,amazon.com,serp,true,1000,,B0B7KCJY32,https://www.amazon.com/Crispy-Green-Freeze-Dried-Single-Serve-Strawberry/dp/B0B7KCJY32/ref=sr_1_11?crid=1E2QJW9TUIM1M&dib=eyJ2IjoiMSJ9.aVsEj8jS-YsdYnz5VNvKepejbhHtJh87pEynSm_so9sutAgWo-s814UosSkdWThJB2cgZW7rN8om2F1Ku2TpNK9krjBAVVHU-H75tToQ5P6lB0Jloo-D_wauGxjei33WHyB5Ray7QZm0Ak8G8vBNolNPlu_xTi_8rx1n88rsv95QA8MXObByi_kuiOTII4REgRICa5ow6i5f-b2NTwa2vsgeDYdlDdYa08OyTM5SOLk.LDYovACp6iedOp3aDjg8DjXCXoksbPp_SpzBAmIYKLE&dib_tag=se&keywords=strawberries&qid=1786103854&rdc=1&s=samedaystore&sprefix=mil%2Csamedaystore%2C348&sr=1-11,https://m.media-amazon.com/images/I/611+X6LFytL._FMwebp__.jpg,false,,,,{},0,,,,"Join Prime to get FREE delivery Tomorrow, Aug 8Or Non-members get FREE delivery Wed, Aug 12 on $35 of items shipped by Amazon","{""delivery"":""Join Prime to get FREE delivery Tomorrow, Aug 8Or Non-members get FREE delivery Wed, Aug 12 on $35 of items shipped by Amazon""}",1786103864236
578169,20,00773,1,12,,amazon.com,,"https://www.amazon.com/s?k=strawberries&i=samedaystore&crid=1E2QJW9TUIM1M&sprefix=mil,samedaystore,348&ref=nb_sb_noss_2",Featured,B0798JBXBT,"Torani Real Fruit Strawberry Smoothie Mix, 64 fl oz",,[],21.49,30.99,21.49,4.5,855,,false,amazon.com,serp,true,600,,B0798JBXBT,https://www.amazon.com/Torani-Strawberry-Smoothie-Mixes-Ounce/dp/B0798JBXBT/ref=sr_1_12?crid=1E2QJW9TUIM1M&dib=eyJ2IjoiMSJ9.aVsEj8jS-YsdYnz5VNvKepejbhHtJh87pEynSm_so9sutAgWo-s814UosSkdWThJB2cgZW7rN8om2F1Ku2TpNK9krjBAVVHU-H75tToQ5P6lB0Jloo-D_wauGxjei33WHyB5Ray7QZm0Ak8G8vBNolNPlu_xTi_8rx1n88rsv95QA8MXObByi_kuiOTII4REgRICa5ow6i5f-b2NTwa2vsgeDYdlDdYa08OyTM5SOLk.LDYovACp6iedOp3aDjg8DjXCXoksbPp_SpzBAmIYKLE&dib_tag=se&keywords=strawberries&qid=1786103854&s=samedaystore&sprefix=mil%2Csamedaystore%2C348&sr=1-12,https://m.media-amazon.com/images/I/71iDW9JZN3L._FMwebp__.jpg,false,,,,{},0,,,,"Join Prime to get FREE delivery Tomorrow, Aug 8Or Non-members get FREE delivery Wed, Aug 12 on $35 of items shipped by Amazon","{""delivery"":""Join Prime to get FREE delivery Tomorrow, Aug 8Or Non-members get FREE delivery Wed, Aug 12 on $35 of items shipped by Amazon""}",1786103864236
578170,20,00773,1,13,,amazon.com,,"https://www.amazon.com/s?k=strawberries&i=samedaystore&crid=1E2QJW9TUIM1M&sprefix=mil,samedaystore,348&ref=nb_sb_noss_2",Featured,B09Q3HCGTB,"Oh! Nuts Dried Strawberries Fancy - 1 lb - Sweetened Dried Fruit - Dehydrated Fruit Bites - Packed in New York Zip-Seal Bag for Exceptional Freshness | Dried Strawberries, Dehydrated Strawberry Slices, Sweetened Dried Fruit, Kosher, Keto & Paleo Friendly, 1 lb",,[],22.99,22.99,0,4.2,489,,false,amazon.com,serp,true,100,,B09Q3HCGTB,https://www.amazon.com/Oh-Nuts-Strawberries-Confectionery-Antioxidants/dp/B09Q3HCGTB/ref=sr_1_13?crid=1E2QJW9TUIM1M&dib=eyJ2IjoiMSJ9.aVsEj8jS-YsdYnz5VNvKepejbhHtJh87pEynSm_so9sutAgWo-s814UosSkdWThJB2cgZW7rN8om2F1Ku2TpNK9krjBAVVHU-H75tToQ5P6lB0Jloo-D_wauGxjei33WHyB5Ray7QZm0Ak8G8vBNolNPlu_xTi_8rx1n88rsv95QA8MXObByi_kuiOTII4REgRICa5ow6i5f-b2NTwa2vsgeDYdlDdYa08OyTM5SOLk.LDYovACp6iedOp3aDjg8DjXCXoksbPp_SpzBAmIYKLE&dib_tag=se&keywords=strawberries&qid=1786103854&s=samedaystore&sprefix=mil%2Csamedaystore%2C348&sr=1-13,https://m.media-amazon.com/images/I/81UOYpSFeeL._FMwebp__.jpg,false,,,,{},0,,,,"Join Prime to get FREE delivery Tomorrow, Aug 8Or Non-members get FREE delivery Wed, Aug 12 on $35 of items shipped by Amazon","{""delivery"":""Join Prime to get FREE delivery Tomorrow, Aug 8Or Non-members get FREE delivery Wed, Aug 12 on $35 of items shipped by Amazon""}",1786103864236
578171,20,00773,1,14,,amazon.com,,"https://www.amazon.com/s?k=strawberries&i=samedaystore&crid=1E2QJW9TUIM1M&sprefix=mil,samedaystore,348&ref=nb_sb_noss_2",Featured,B001944BH4,"Brothers All Natural Freeze Dried Fruit Crisps, Strawberry | 0.26 Oz (Pack of 24), Made with 100% Fruit, Gluten Free, Soy Free, No Sugar Added, Vegan, Healthy Snack, Lunch Box Ready",,[],36.99,36.99,0,4.6,10446,,false,amazon.com,serp,true,700,,B001944BH4,https://www.amazon.com/Brothers-ALL-Natural-Fruit-Crisps-Strawberry-Ounce/dp/B001944BH4/ref=sr_1_14?crid=1E2QJW9TUIM1M&dib=eyJ2IjoiMSJ9.aVsEj8jS-YsdYnz5VNvKepejbhHtJh87pEynSm_so9sutAgWo-s814UosSkdWThJB2cgZW7rN8om2F1Ku2TpNK9krjBAVVHU-H75tToQ5P6lB0Jloo-D_wauGxjei33WHyB5Ray7QZm0Ak8G8vBNolNPlu_xTi_8rx1n88rsv95QA8MXObByi_kuiOTII4REgRICa5ow6i5f-b2NTwa2vsgeDYdlDdYa08OyTM5SOLk.LDYovACp6iedOp3aDjg8DjXCXoksbPp_SpzBAmIYKLE&dib_tag=se&keywords=strawberries&qid=1786103854&s=samedaystore&sprefix=mil%2Csamedaystore%2C348&sr=1-14,https://m.media-amazon.com/images/I/614V0kFbBrL._FMwebp__.jpg,false,,,,{},0,,,,"Join Prime to get FREE delivery Tomorrow, Aug 8Or Non-members get FREE delivery Wed, Aug 12","{""delivery"":""Join Prime to get FREE delivery Tomorrow, Aug 8Or Non-members get FREE delivery Wed, Aug 12""}",1786103864236
578172,20,00773,1,15,,amazon.com,,"https://www.amazon.com/s?k=strawberries&i=samedaystore&crid=1E2QJW9TUIM1M&sprefix=mil,samedaystore,348&ref=nb_sb_noss_2",Featured,B07R1L6S3M,"Yupik Dried Strawberries, 2.2 lb (35.2 oz), Vegan, Kosher, Sweetened Dried Fruits, Candied Whole Strawberries, Chewy & Tender, Sweet Snacks, Fruity Topping & Inclusion, Ideal for Baking",,[],25.16,26.81,25.16,4,375,,false,amazon.com,serp,true,100,,B07R1L6S3M,https://www.amazon.com/yupik-dried-strawberries-snacks-fruits/dp/B07R1L6S3M/ref=sr_1_15?crid=1E2QJW9TUIM1M&dib=eyJ2IjoiMSJ9.aVsEj8jS-YsdYnz5VNvKepejbhHtJh87pEynSm_so9sutAgWo-s814UosSkdWThJB2cgZW7rN8om2F1Ku2TpNK9krjBAVVHU-H75tToQ5P6lB0Jloo-D_wauGxjei33WHyB5Ray7QZm0Ak8G8vBNolNPlu_xTi_8rx1n88rsv95QA8MXObByi_kuiOTII4REgRICa5ow6i5f-b2NTwa2vsgeDYdlDdYa08OyTM5SOLk.LDYovACp6iedOp3aDjg8DjXCXoksbPp_SpzBAmIYKLE&dib_tag=se&keywords=strawberries&qid=1786103854&rdc=1&s=samedaystore&sprefix=mil%2Csamedaystore%2C348&sr=1-15,https://m.media-amazon.com/images/I/71k06DpPjJL._FMwebp__.jpg,false,,,,{},0,,,,"Join Prime to get FREE delivery Tomorrow, Aug 8Or Non-members get FREE delivery Wed, Aug 12 on $35 of items shipped by Amazon","{""delivery"":""Join Prime to get FREE delivery Tomorrow, Aug 8Or Non-members get FREE delivery Wed, Aug 12 on $35 of items shipped by Amazon""}",1786103864236
578173,20,00773,1,16,,amazon.com,,"https://www.amazon.com/s?k=strawberries&i=samedaystore&crid=1E2QJW9TUIM1M&sprefix=mil,samedaystore,348&ref=nb_sb_noss_2",Featured,B000RYD1VO,"Ocean Spray® White Cran-Strawberry Juice Drink, 64 Fl Oz Bottle (Pack of 1)",,[],3.67,3.67,0,4.8,3861,,false,amazon.com,serp,true,10000,,B000RYD1VO,https://www.amazon.com/Ocean-Spray-Juice-White-Strawberry/dp/B000RYD1VO/ref=sr_1_16?crid=1E2QJW9TUIM1M&dib=eyJ2IjoiMSJ9.aVsEj8jS-YsdYnz5VNvKepejbhHtJh87pEynSm_so9sutAgWo-s814UosSkdWThJB2cgZW7rN8om2F1Ku2TpNK9krjBAVVHU-H75tToQ5P6lB0Jloo-D_wauGxjei33WHyB5Ray7QZm0Ak8G8vBNolNPlu_xTi_8rx1n88rsv95QA8MXObByi_kuiOTII4REgRICa5ow6i5f-b2NTwa2vsgeDYdlDdYa08OyTM5SOLk.LDYovACp6iedOp3aDjg8DjXCXoksbPp_SpzBAmIYKLE&dib_tag=se&keywords=strawberries&qid=1786103854&s=samedaystore&sprefix=mil%2Csamedaystore%2C348&sr=1-16,https://m.media-amazon.com/images/I/71Q8g5rCHaL._FMwebp__.jpg,false,,,,{},0,,,,"Join Prime to get FREE delivery Tomorrow, Aug 8Or Non-members get FREE delivery Wed, Aug 12 on $35 of items shipped by Amazon","{""delivery"":""Join Prime to get FREE delivery Tomorrow, Aug 8Or Non-members get FREE delivery Wed, Aug 12 on $35 of items shipped by Amazon""}",1786103864236
578110,20,00777,1,1,,amazon.com,,"https://www.amazon.com/s?k=strawberries&i=samedaystore&crid=1E2QJW9TUIM1M&sprefix=mil,samedaystore,348&ref=nb_sb_noss_2",Featured,B000P6J0SM,"Strawberries, 1 Lb",,[],0,0,0,4.6,90826,,false,amazon.com,serp,false,100000,,B000P6J0SM,https://www.amazon.com/Fresh-Produce-Brands-May-Vary/dp/B000P6J0SM/ref=sr_1_1?crid=1E2QJW9TUIM1M&dib=eyJ2IjoiMSJ9.daI5AgOqfWVZKrIg_nqXBZ3KrBATXitxmiC6Lf15ExOQs6OI0YVdpwBoXQjkbHndvgIZq_GnNxOaiNoFa2-GII0ulYotktvSaA9FwLy0RPwG4MAWtBHaDn1eyjO8c-rQZdL03q4yUOaXvFX5ql_ROTgPOEAAxFsc_r6X44YeFjiYiP9EGH2nBjSZGwCbJ2uus5D_P6aR4_voTBiYrvjJTLav2YVmXHte6Xk_fwwfSDw.wJgI26WfWDhMMAVfoT85dNjsWlgC-ex6vCKe4TN1Op0&dib_tag=se&keywords=strawberries&qid=1786103854&s=samedaystore&sprefix=mil%2Csamedaystore%2C348&sr=1-1,https://m.media-amazon.com/images/I/719HRHktywL._FMwebp__.jpg,false,,,,{},0,,,,,{},1786103859176
578111,20,00777,1,2,,amazon.com,,"https://www.amazon.com/s?k=strawberries&i=samedaystore&crid=1E2QJW9TUIM1M&sprefix=mil,samedaystore,348&ref=nb_sb_noss_2",Featured,B002B8Z98W,"Organic Strawberries, 1 Lb",,[],0,0,0,4.6,40783,,false,amazon.com,serp,false,100000,,B002B8Z98W,https://www.amazon.com/Fresh-Produce-Brands-Vary-040/dp/B002B8Z98W/ref=sr_1_2?crid=1E2QJW9TUIM1M&dib=eyJ2IjoiMSJ9.daI5AgOqfWVZKrIg_nqXBZ3KrBATXitxmiC6Lf15ExOQs6OI0YVdpwBoXQjkbHndvgIZq_GnNxOaiNoFa2-GII0ulYotktvSaA9FwLy0RPwG4MAWtBHaDn1eyjO8c-rQZdL03q4yUOaXvFX5ql_ROTgPOEAAxFsc_r6X44YeFjiYiP9EGH2nBjSZGwCbJ2uus5D_P6aR4_voTBiYrvjJTLav2YVmXHte6Xk_fwwfSDw.wJgI26WfWDhMMAVfoT85dNjsWlgC-ex6vCKe4TN1Op0&dib_tag=se&keywords=strawberries&qid=1786103854&s=samedaystore&sprefix=mil%2Csamedaystore%2C348&sr=1-2,https://m.media-amazon.com/images/I/71oKpKMVqTL._FMwebp__.jpg,false,,,,{},0,,,,,{},1786103859176
578112,20,00777,1,3,,amazon.com,,"https://www.amazon.com/s?k=strawberries&i=samedaystore&crid=1E2QJW9TUIM1M&sprefix=mil,samedaystore,348&ref=nb_sb_noss_2",Featured,B000P6G12U,"Red Raspberries, 6 oz",,[],0,0,0,4.6,37207,,false,amazon.com,serp,false,100000,,B000P6G12U,https://www.amazon.com/Fresh-Produce-Brands-May-Vary/dp/B000P6G12U/ref=sr_1_3?crid=1E2QJW9TUIM1M&dib=eyJ2IjoiMSJ9.daI5AgOqfWVZKrIg_nqXBZ3KrBATXitxmiC6Lf15ExOQs6OI0YVdpwBoXQjkbHndvgIZq_GnNxOaiNoFa2-GII0ulYotktvSaA9FwLy0RPwG4MAWtBHaDn1eyjO8c-rQZdL03q4yUOaXvFX5ql_ROTgPOEAAxFsc_r6X44YeFjiYiP9EGH2nBjSZGwCbJ2uus5D_P6aR4_voTBiYrvjJTLav2YVmXHte6Xk_fwwfSDw.wJgI26WfWDhMMAVfoT85dNjsWlgC-ex6vCKe4TN1Op0&dib_tag=se&keywords=strawberries&qid=1786103854&s=samedaystore&sprefix=mil%2Csamedaystore%2C348&sr=1-3,https://m.media-amazon.com/images/I/61lsVNuBxkL._FMwebp__.jpg,false,,,,{},0,,,,,{},1786103859176
578113,20,00777,1,4,,amazon.com,,"https://www.amazon.com/s?k=strawberries&i=samedaystore&crid=1E2QJW9TUIM1M&sprefix=mil,samedaystore,348&ref=nb_sb_noss_2",Featured,B077N7TR5G,Organic Blueberries Pint,,[],0,0,0,4.7,27829,,false,amazon.com,serp,false,100000,,B077N7TR5G,https://www.amazon.com/produce-aisle-112042-Organic-Blueberries/dp/B077N7TR5G/ref=sr_1_4?crid=1E2QJW9TUIM1M&dib=eyJ2IjoiMSJ9.daI5AgOqfWVZKrIg_nqXBZ3KrBATXitxmiC6Lf15ExOQs6OI0YVdpwBoXQjkbHndvgIZq_GnNxOaiNoFa2-GII0ulYotktvSaA9FwLy0RPwG4MAWtBHaDn1eyjO8c-rQZdL03q4yUOaXvFX5ql_ROTgPOEAAxFsc_r6X44YeFjiYiP9EGH2nBjSZGwCbJ2uus5D_P6aR4_voTBiYrvjJTLav2YVmXHte6Xk_fwwfSDw.wJgI26WfWDhMMAVfoT85dNjsWlgC-ex6vCKe4TN1Op0&dib_tag=se&keywords=strawberries&qid=1786103854&s=samedaystore&sprefix=mil%2Csamedaystore%2C348&sr=1-4,https://m.media-amazon.com/images/I/61RTWtYAGRL._FMwebp__.jpg,false,,,,{},0,,,,,{},1786103859176
578114,20,00777,1,5,,amazon.com,,"https://www.amazon.com/s?k=strawberries&i=samedaystore&crid=1E2QJW9TUIM1M&sprefix=mil,samedaystore,348&ref=nb_sb_noss_2",Featured,B0FT35CP55,"Premium Freeze Dried Strawberry Slices | 7.05oz | No Sugar Added | in Resealable Jar Non-GMO, Vegan Snacks | Crunchy Wellsome Topping for Yogurt, Smoothie Bowls, Baking & On-the-Go Fruit Snack",,[],17.99,17.99,0,4.7,54,,false,amazon.com,serp,true,300,,B0FT35CP55,https://www.amazon.com/Premium-Strawberry-Resealable-Wellsome-Smoothie/dp/B0FT35CP55/ref=sr_1_5?crid=1E2QJW9TUIM1M&dib=eyJ2IjoiMSJ9.daI5AgOqfWVZKrIg_nqXBZ3KrBATXitxmiC6Lf15ExOQs6OI0YVdpwBoXQjkbHndvgIZq_GnNxOaiNoFa2-GII0ulYotktvSaA9FwLy0RPwG4MAWtBHaDn1eyjO8c-rQZdL03q4yUOaXvFX5ql_ROTgPOEAAxFsc_r6X44YeFjiYiP9EGH2nBjSZGwCbJ2uus5D_P6aR4_voTBiYrvjJTLav2YVmXHte6Xk_fwwfSDw.wJgI26WfWDhMMAVfoT85dNjsWlgC-ex6vCKe4TN1Op0&dib_tag=se&keywords=strawberries&qid=1786103854&s=samedaystore&sprefix=mil%2Csamedaystore%2C348&sr=1-5,https://m.media-amazon.com/images/I/911yY8wECIL._FMwebp__.jpg,false,,,,{},0,,,,"FREE delivery Thu, Aug 13 on $35 of items shipped by Amazon","{""delivery"":""FREE delivery Thu, Aug 13 on $35 of items shipped by Amazon""}",1786103859176
578115,20,00777,1,6,,amazon.com,,"https://www.amazon.com/s?k=strawberries&i=samedaystore&crid=1E2QJW9TUIM1M&sprefix=mil,samedaystore,348&ref=nb_sb_noss_2",Featured,B008945XB0,"Augason Farms Freeze Dried Sliced Strawberries Can 6.5 oz | 18 Servings, Gluten Free Snack for Baking, Smoothies, and Emergency Storage, Healthy Individual Fruit Snacks, 6.5 Ounces",,[],18,18,0,4.6,10834,,false,amazon.com,serp,true,500,,B008945XB0,https://www.amazon.com/Augason-Farms-Freeze-Sliced-Strawberries/dp/B008945XB0/ref=sr_1_6?crid=1E2QJW9TUIM1M&dib=eyJ2IjoiMSJ9.daI5AgOqfWVZKrIg_nqXBZ3KrBATXitxmiC6Lf15ExOQs6OI0YVdpwBoXQjkbHndvgIZq_GnNxOaiNoFa2-GII0ulYotktvSaA9FwLy0RPwG4MAWtBHaDn1eyjO8c-rQZdL03q4yUOaXvFX5ql_ROTgPOEAAxFsc_r6X44YeFjiYiP9EGH2nBjSZGwCbJ2uus5D_P6aR4_voTBiYrvjJTLav2YVmXHte6Xk_fwwfSDw.wJgI26WfWDhMMAVfoT85dNjsWlgC-ex6vCKe4TN1Op0&dib_tag=se&keywords=strawberries&qid=1786103854&s=samedaystore&sprefix=mil%2Csamedaystore%2C348&sr=1-6,https://m.media-amazon.com/images/I/71Y5VPm9QzL._FMwebp__.jpg,false,,,,{},0,,,,FREE delivery Aug 24 - Sep 8 on $35 of items shipped by Amazon,"{""delivery"":""FREE delivery Aug 24 - Sep 8 on $35 of items shipped by Amazon""}",1786103859176
578116,20,00777,1,7,,amazon.com,,"https://www.amazon.com/s?k=strawberries&i=samedaystore&crid=1E2QJW9TUIM1M&sprefix=mil,samedaystore,348&ref=nb_sb_noss_2",Featured,B09CGC6GM5,"Happy Village Organic Whole Dried Strawberries, 18 OZ Resealable Pack- Soft & Juicy, Kosher, Non-GMO, No Refined Sugar, Apple Juice Infused Dried Strawberry",,[],28.99,28.99,0,4.2,1872,,false,amazon.com,serp,true,800,,B09CGC6GM5,https://www.amazon.com/Organic-Strawberries-Happy-Village-Strawberry/dp/B09CGC6GM5/ref=sr_1_7?crid=1E2QJW9TUIM1M&dib=eyJ2IjoiMSJ9.daI5AgOqfWVZKrIg_nqXBZ3KrBATXitxmiC6Lf15ExOQs6OI0YVdpwBoXQjkbHndvgIZq_GnNxOaiNoFa2-GII0ulYotktvSaA9FwLy0RPwG4MAWtBHaDn1eyjO8c-rQZdL03q4yUOaXvFX5ql_ROTgPOEAAxFsc_r6X44YeFjiYiP9EGH2nBjSZGwCbJ2uus5D_P6aR4_voTBiYrvjJTLav2YVmXHte6Xk_fwwfSDw.wJgI26WfWDhMMAVfoT85dNjsWlgC-ex6vCKe4TN1Op0&dib_tag=se&keywords=strawberries&qid=1786103854&s=samedaystore&sprefix=mil%2Csamedaystore%2C348&sr=1-7,https://m.media-amazon.com/images/I/815C40gH9OL._FMwebp__.jpg,false,,,,{},0,,,,"FREE delivery Thu, Aug 13 on $35 of items shipped by Amazon","{""delivery"":""FREE delivery Thu, Aug 13 on $35 of items shipped by Amazon""}",1786103859176
578117,20,00777,1,8,,amazon.com,,"https://www.amazon.com/s?k=strawberries&i=samedaystore&crid=1E2QJW9TUIM1M&sprefix=mil,samedaystore,348&ref=nb_sb_noss_2",Featured,B0FFMBS8Y1,"Amilutuo Freeze Dried Strawberries Pieces, 3.17OZ/90g Frozen Strawberries | Freeze Dried Fruit, Dehydrated Strawberries, Freeze Dried Snacks",,[],8.99,9.49,8.99,4.5,376,,false,amazon.com,serp,true,700,,B0FFMBS8Y1,https://www.amazon.com/Freeze-Strawberries-Pieces-Dehydrated-Preservatives/dp/B0FFMBS8Y1/ref=sr_1_8?crid=1E2QJW9TUIM1M&dib=eyJ2IjoiMSJ9.daI5AgOqfWVZKrIg_nqXBZ3KrBATXitxmiC6Lf15ExOQs6OI0YVdpwBoXQjkbHndvgIZq_GnNxOaiNoFa2-GII0ulYotktvSaA9FwLy0RPwG4MAWtBHaDn1eyjO8c-rQZdL03q4yUOaXvFX5ql_ROTgPOEAAxFsc_r6X44YeFjiYiP9EGH2nBjSZGwCbJ2uus5D_P6aR4_voTBiYrvjJTLav2YVmXHte6Xk_fwwfSDw.wJgI26WfWDhMMAVfoT85dNjsWlgC-ex6vCKe4TN1Op0&dib_tag=se&keywords=strawberries&qid=1786103854&s=samedaystore&sprefix=mil%2Csamedaystore%2C348&sr=1-8,https://m.media-amazon.com/images/I/81RkuXeP7BL._FMwebp__.jpg,false,,,,{},0,,,,"FREE delivery Thu, Aug 13 on $35 of items shipped by Amazon","{""delivery"":""FREE delivery Thu, Aug 13 on $35 of items shipped by Amazon""}",1786103859176
578118,20,00777,1,9,,amazon.com,,"https://www.amazon.com/s?k=strawberries&i=samedaystore&crid=1E2QJW9TUIM1M&sprefix=mil,samedaystore,348&ref=nb_sb_noss_2",Featured,B0C47PX5PW,"Annie's Organic Strawberry Fruit Snacks, Value Pack, 22 ct, 15.4 oz | Summer Strawberry Bunny Shapes, Certified USDA Organic, Non-GMO, Gelatin Free, Excellent Source of Vitamin C",,[],12.74,12.74,0,4.7,7053,,false,amazon.com,serp,true,1000,,B0C47PX5PW,https://www.amazon.com/Annies-Organic-Flavored-Strawberry-Pouches/dp/B0C47PX5PW/ref=sr_1_9?crid=1E2QJW9TUIM1M&dib=eyJ2IjoiMSJ9.daI5AgOqfWVZKrIg_nqXBZ3KrBATXitxmiC6Lf15ExOQs6OI0YVdpwBoXQjkbHndvgIZq_GnNxOaiNoFa2-GII0ulYotktvSaA9FwLy0RPwG4MAWtBHaDn1eyjO8c-rQZdL03q4yUOaXvFX5ql_ROTgPOEAAxFsc_r6X44YeFjiYiP9EGH2nBjSZGwCbJ2uus5D_P6aR4_voTBiYrvjJTLav2YVmXHte6Xk_fwwfSDw.wJgI26WfWDhMMAVfoT85dNjsWlgC-ex6vCKe4TN1Op0&dib_tag=se&keywords=strawberries&qid=1786103854&s=samedaystore&sprefix=mil%2Csamedaystore%2C348&sr=1-9,https://m.media-amazon.com/images/I/81E4sTIKdWL._FMwebp__.jpg,false,,,,{},0,,,,"FREE delivery Thu, Aug 13 on $35 of items shipped by Amazon","{""delivery"":""FREE delivery Thu, Aug 13 on $35 of items shipped by Amazon""}",1786103859176
578119,20,00777,1,10,,amazon.com,,"https://www.amazon.com/s?k=strawberries&i=samedaystore&crid=1E2QJW9TUIM1M&sprefix=mil,samedaystore,348&ref=nb_sb_noss_2",Featured,B0BT8QKTG7,"Augason Farms Freeze Dried Sliced Strawberries Pouch 1.4 oz | Gluten Free Snack for Baking, Smoothies, and Emergency Storage, Healthy Individual Fruit Snacks 1.4 Ounces (4 Servings)",,[],6.38,6.38,0,4.6,10834,,false,amazon.com,serp,true,200,,B0BT8QKTG7,https://www.amazon.com/Freeze-Dried-Sliced-Strawberries-Resealable-Pouch/dp/B0BT8QKTG7/ref=sr_1_10?crid=1E2QJW9TUIM1M&dib=eyJ2IjoiMSJ9.daI5AgOqfWVZKrIg_nqXBZ3KrBATXitxmiC6Lf15ExOQs6OI0YVdpwBoXQjkbHndvgIZq_GnNxOaiNoFa2-GII0ulYotktvSaA9FwLy0RPwG4MAWtBHaDn1eyjO8c-rQZdL03q4yUOaXvFX5ql_ROTgPOEAAxFsc_r6X44YeFjiYiP9EGH2nBjSZGwCbJ2uus5D_P6aR4_voTBiYrvjJTLav2YVmXHte6Xk_fwwfSDw.wJgI26WfWDhMMAVfoT85dNjsWlgC-ex6vCKe4TN1Op0&dib_tag=se&keywords=strawberries&qid=1786103854&s=samedaystore&sprefix=mil%2Csamedaystore%2C348&sr=1-10,https://m.media-amazon.com/images/I/81RSryU5z3L._FMwebp__.jpg,false,,,,{},0,,,,"FREE delivery Wed, Aug 12 on $35 of items shipped by Amazon","{""delivery"":""FREE delivery Wed, Aug 12 on $35 of items shipped by Amazon""}",1786103859176
578120,20,00777,1,11,,amazon.com,,"https://www.amazon.com/s?k=strawberries&i=samedaystore&crid=1E2QJW9TUIM1M&sprefix=mil,samedaystore,348&ref=nb_sb_noss_2",Featured,B0DPLDXMJL,"Nature's Garden Probiotic Strawberry Yoggies 21oz (30 x 0.7oz) Pack of 2 | Yogurt Covered Real Fruit Bites, High Fiber, Gluten Free, No Artificial Flavors and Colors, On-the-Go Snack for Adults & Kids",,[],29.78,29.78,0,4.7,2166,,false,amazon.com,serp,true,1000,,B0DPLDXMJL,https://www.amazon.com/Natures-Garden-Strawberry-Yogurt-Covered-Ingredients/dp/B0DPLDXMJL/ref=sr_1_11?crid=1E2QJW9TUIM1M&dib=eyJ2IjoiMSJ9.daI5AgOqfWVZKrIg_nqXBZ3KrBATXitxmiC6Lf15ExOQs6OI0YVdpwBoXQjkbHndvgIZq_GnNxOaiNoFa2-GII0ulYotktvSaA9FwLy0RPwG4MAWtBHaDn1eyjO8c-rQZdL03q4yUOaXvFX5ql_ROTgPOEAAxFsc_r6X44YeFjiYiP9EGH2nBjSZGwCbJ2uus5D_P6aR4_voTBiYrvjJTLav2YVmXHte6Xk_fwwfSDw.wJgI26WfWDhMMAVfoT85dNjsWlgC-ex6vCKe4TN1Op0&dib_tag=se&keywords=strawberries&qid=1786103854&s=samedaystore&sprefix=mil%2Csamedaystore%2C348&sr=1-11,https://m.media-amazon.com/images/I/71sMPE0w8XL._FMwebp__.jpg,false,,,,{},0,,,,FREE delivery Aug 24 - Sep 10 on $35 of items shipped by Amazon,"{""delivery"":""FREE delivery Aug 24 - Sep 10 on $35 of items shipped by Amazon""}",1786103859176
578121,20,00777,1,12,,amazon.com,,"https://www.amazon.com/s?k=strawberries&i=samedaystore&crid=1E2QJW9TUIM1M&sprefix=mil,samedaystore,348&ref=nb_sb_noss_2",Featured,B00L3ZCFWC,"Strawberry Reàl, Strawberry Puree Infused Syrup, 16.9 FL OZ Squeezable Bottle (Pack of 1)",,[],11,12.83,11,4.5,2364,,false,amazon.com,serp,true,2000,,B00L3ZCFWC,https://www.amazon.com/Strawberry-Puree-Infused-Squeezable-Bottle/dp/B00L3ZCFWC/ref=sr_1_12?crid=1E2QJW9TUIM1M&dib=eyJ2IjoiMSJ9.daI5AgOqfWVZKrIg_nqXBZ3KrBATXitxmiC6Lf15ExOQs6OI0YVdpwBoXQjkbHndvgIZq_GnNxOaiNoFa2-GII0ulYotktvSaA9FwLy0RPwG4MAWtBHaDn1eyjO8c-rQZdL03q4yUOaXvFX5ql_ROTgPOEAAxFsc_r6X44YeFjiYiP9EGH2nBjSZGwCbJ2uus5D_P6aR4_voTBiYrvjJTLav2YVmXHte6Xk_fwwfSDw.wJgI26WfWDhMMAVfoT85dNjsWlgC-ex6vCKe4TN1Op0&dib_tag=se&keywords=strawberries&qid=1786103854&s=samedaystore&sprefix=mil%2Csamedaystore%2C348&sr=1-12,https://m.media-amazon.com/images/I/71-YY-VcjnL._FMwebp__.jpg,false,,,,{},0,,,,"FREE delivery Thu, Aug 13 on $35 of items shipped by Amazon","{""delivery"":""FREE delivery Thu, Aug 13 on $35 of items shipped by Amazon""}",1786103859176
578122,20,00777,1,13,,amazon.com,,"https://www.amazon.com/s?k=strawberries&i=samedaystore&crid=1E2QJW9TUIM1M&sprefix=mil,samedaystore,348&ref=nb_sb_noss_2",Featured,B0GTXHB7DQ,"Growing Strawberries for Beginners: The Complete Step-by-Step Guide to Planting, Growing, and Harvesting Sweet Strawberries at Home (The Ox n Rabbit Homestead Guide Series)",,[],0,0,0,0,0,,false,amazon.com,serp,true,,,B0GTXHB7DQ,https://www.amazon.com/Growing-Strawberries-Beginners-Step-Step-ebook/dp/B0GTXHB7DQ/ref=sr_1_13?crid=1E2QJW9TUIM1M&dib=eyJ2IjoiMSJ9.daI5AgOqfWVZKrIg_nqXBZ3KrBATXitxmiC6Lf15ExOQs6OI0YVdpwBoXQjkbHndvgIZq_GnNxOaiNoFa2-GII0ulYotktvSaA9FwLy0RPwG4MAWtBHaDn1eyjO8c-rQZdL03q4yUOaXvFX5ql_ROTgPOEAAxFsc_r6X44YeFjiYiP9EGH2nBjSZGwCbJ2uus5D_P6aR4_voTBiYrvjJTLav2YVmXHte6Xk_fwwfSDw.wJgI26WfWDhMMAVfoT85dNjsWlgC-ex6vCKe4TN1Op0&dib_tag=se&keywords=strawberries&qid=1786103854&s=samedaystore&sprefix=mil%2Csamedaystore%2C348&sr=1-13,https://m.media-amazon.com/images/I/91jM91+m2PL._FMwebp__.jpg,false,,,,{},0,,,,"FREE delivery Thu, Aug 13 on $35 of items shipped by Amazon","{""delivery"":""FREE delivery Thu, Aug 13 on $35 of items shipped by Amazon""}",1786103859176
578123,20,00777,1,14,,amazon.com,,"https://www.amazon.com/s?k=strawberries&i=samedaystore&crid=1E2QJW9TUIM1M&sprefix=mil,samedaystore,348&ref=nb_sb_noss_2",Featured,B0GYJKLQN3,"Grow Strawberries in Pots: The Simple Beginner’s Guide to Growing Big, Sweet Strawberries in Small Spaces (Grow Food Anywhere Series)",,[],11.99,11.99,0,0,0,,false,amazon.com,serp,true,,,B0GYJKLQN3,https://www.amazon.com/Grow-Strawberries-Pots-Beginners-Anywhere/dp/B0GYJKLQN3/ref=sr_1_14?crid=1E2QJW9TUIM1M&dib=eyJ2IjoiMSJ9.daI5AgOqfWVZKrIg_nqXBZ3KrBATXitxmiC6Lf15ExOQs6OI0YVdpwBoXQjkbHndvgIZq_GnNxOaiNoFa2-GII0ulYotktvSaA9FwLy0RPwG4MAWtBHaDn1eyjO8c-rQZdL03q4yUOaXvFX5ql_ROTgPOEAAxFsc_r6X44YeFjiYiP9EGH2nBjSZGwCbJ2uus5D_P6aR4_voTBiYrvjJTLav2YVmXHte6Xk_fwwfSDw.wJgI26WfWDhMMAVfoT85dNjsWlgC-ex6vCKe4TN1Op0&dib_tag=se&keywords=strawberries&qid=1786103854&s=samedaystore&sprefix=mil%2Csamedaystore%2C348&sr=1-14,https://m.media-amazon.com/images/I/712g8pzE1VL._FMwebp__.jpg,false,,,,{},0,,,,FREE delivery Aug 17 - 21 on $35 of items shipped by Amazon,"{""delivery"":""FREE delivery Aug 17 - 21 on $35 of items shipped by Amazon""}",1786103859176
578124,20,00777,1,15,,amazon.com,,"https://www.amazon.com/s?k=strawberries&i=samedaystore&crid=1E2QJW9TUIM1M&sprefix=mil,samedaystore,348&ref=nb_sb_noss_2",Featured,B01BAYWZH0,Dying for Strawberries (A Berry Basket Mystery Book 1),,[],1.99,7.59,1.99,4.3,316,,false,amazon.com,serp,true,,,B01BAYWZH0,https://www.amazon.com/Dying-Strawberries-Berry-Basket-Mystery-ebook/dp/B01BAYWZH0/ref=sr_1_15?crid=1E2QJW9TUIM1M&dib=eyJ2IjoiMSJ9.daI5AgOqfWVZKrIg_nqXBZ3KrBATXitxmiC6Lf15ExOQs6OI0YVdpwBoXQjkbHndvgIZq_GnNxOaiNoFa2-GII0ulYotktvSaA9FwLy0RPwG4MAWtBHaDn1eyjO8c-rQZdL03q4yUOaXvFX5ql_ROTgPOEAAxFsc_r6X44YeFjiYiP9EGH2nBjSZGwCbJ2uus5D_P6aR4_voTBiYrvjJTLav2YVmXHte6Xk_fwwfSDw.wJgI26WfWDhMMAVfoT85dNjsWlgC-ex6vCKe4TN1Op0&dib_tag=se&keywords=strawberries&qid=1786103854&s=samedaystore&sprefix=mil%2Csamedaystore%2C348&sr=1-15,https://m.media-amazon.com/images/I/81T8oP7Y33L._FMwebp__.jpg,false,,,,{},0,,,,,{},1786103859176
578125,20,00777,1,16,,amazon.com,,"https://www.amazon.com/s?k=strawberries&i=samedaystore&crid=1E2QJW9TUIM1M&sprefix=mil,samedaystore,348&ref=nb_sb_noss_2",Featured,B0BZ9TBY48,"Bonnie Plants Strawberry, Live Plant, 19.3 oz. (4-Pack)",,[],18.72,22.89,18.72,4.3,1069,,false,amazon.com,serp,true,900,,B0BZ9TBY48,https://www.amazon.com/Bonnie-Plants-Strawberry-Plant-4-Pack/dp/B0BZ9TBY48/ref=sr_1_16?crid=1E2QJW9TUIM1M&dib=eyJ2IjoiMSJ9.daI5AgOqfWVZKrIg_nqXBZ3KrBATXitxmiC6Lf15ExOQs6OI0YVdpwBoXQjkbHndvgIZq_GnNxOaiNoFa2-GII0ulYotktvSaA9FwLy0RPwG4MAWtBHaDn1eyjO8c-rQZdL03q4yUOaXvFX5ql_ROTgPOEAAxFsc_r6X44YeFjiYiP9EGH2nBjSZGwCbJ2uus5D_P6aR4_voTBiYrvjJTLav2YVmXHte6Xk_fwwfSDw.wJgI26WfWDhMMAVfoT85dNjsWlgC-ex6vCKe4TN1Op0&dib_tag=se&keywords=strawberries&qid=1786103854&s=samedaystore&sprefix=mil%2Csamedaystore%2C348&sr=1-16,https://m.media-amazon.com/images/I/71jTWZBe4UL._FMwebp__.jpg,false,,,,{},0,,,,FREE delivery on $35 of items shipped by Amazon,"{""delivery"":""FREE delivery on $35 of items shipped by Amazon""}",1786103859176
578206,20,00780,1,1,,amazon.com,,"https://www.amazon.com/s?k=strawberries&i=samedaystore&crid=1E2QJW9TUIM1M&sprefix=mil,samedaystore,348&ref=nb_sb_noss_2",Featured,B000P6J0SM,"Strawberries, 1 Lb",,[],0,0,0,4.6,90826,,false,amazon.com,serp,false,100000,,B000P6J0SM,https://www.amazon.com/Fresh-Produce-Brands-May-Vary/dp/B000P6J0SM/ref=sr_1_1?crid=1E2QJW9TUIM1M&dib=eyJ2IjoiMSJ9.daI5AgOqfWVZKrIg_nqXBXhIjU5fNw8iguBr3j6ZQS2iSr-jIhjVXL57P67hoj8tMxC_xsu573YS8dpBKnyEotyN7UNjgpFUFCJKCpmGDqyh1x6490L7O5QQH-H0UX5HNjW7XqYAkR75jtPlcwqT4DnW_-e_3U-cP6gmwJ2-Qa9zG3Z5yBpIVIEkNtLFlpheKWs7URACxWIhB9E2bddPzwS8chvv4KCG2iu6DrLWf_U.Fo9vcnQBf76frJP0taW-6tdKHhpGQA3w7l36RcOkYBI&dib_tag=se&keywords=strawberries&qid=1786103857&s=samedaystore&sprefix=mil%2Csamedaystore%2C348&sr=1-1,https://m.media-amazon.com/images/I/719HRHktywL._FMwebp__.jpg,false,,,,{},0,,,,,{},1786103867208
578207,20,00780,1,2,,amazon.com,,"https://www.amazon.com/s?k=strawberries&i=samedaystore&crid=1E2QJW9TUIM1M&sprefix=mil,samedaystore,348&ref=nb_sb_noss_2",Featured,B002B8Z98W,"Organic Strawberries, 1 Lb",,[],0,0,0,4.6,40783,,false,amazon.com,serp,false,100000,,B002B8Z98W,https://www.amazon.com/Fresh-Produce-Brands-Vary-040/dp/B002B8Z98W/ref=sr_1_2?crid=1E2QJW9TUIM1M&dib=eyJ2IjoiMSJ9.daI5AgOqfWVZKrIg_nqXBXhIjU5fNw8iguBr3j6ZQS2iSr-jIhjVXL57P67hoj8tMxC_xsu573YS8dpBKnyEotyN7UNjgpFUFCJKCpmGDqyh1x6490L7O5QQH-H0UX5HNjW7XqYAkR75jtPlcwqT4DnW_-e_3U-cP6gmwJ2-Qa9zG3Z5yBpIVIEkNtLFlpheKWs7URACxWIhB9E2bddPzwS8chvv4KCG2iu6DrLWf_U.Fo9vcnQBf76frJP0taW-6tdKHhpGQA3w7l36RcOkYBI&dib_tag=se&keywords=strawberries&qid=1786103857&s=samedaystore&sprefix=mil%2Csamedaystore%2C348&sr=1-2,https://m.media-amazon.com/images/I/71oKpKMVqTL._FMwebp__.jpg,false,,,,{},0,,,,,{},1786103867208
578208,20,00780,1,3,,amazon.com,,"https://www.amazon.com/s?k=strawberries&i=samedaystore&crid=1E2QJW9TUIM1M&sprefix=mil,samedaystore,348&ref=nb_sb_noss_2",Featured,B0FT35CP55,"Premium Freeze Dried Strawberry Slices | 7.05oz | No Sugar Added | in Resealable Jar Non-GMO, Vegan Snacks | Crunchy Wellsome Topping for Yogurt, Smoothie Bowls, Baking & On-the-Go Fruit Snack",,[],17.99,17.99,0,4.7,54,,false,amazon.com,serp,true,300,,B0FT35CP55,https://www.amazon.com/Premium-Strawberry-Resealable-Wellsome-Smoothie/dp/B0FT35CP55/ref=sr_1_3?crid=1E2QJW9TUIM1M&dib=eyJ2IjoiMSJ9.daI5AgOqfWVZKrIg_nqXBXhIjU5fNw8iguBr3j6ZQS2iSr-jIhjVXL57P67hoj8tMxC_xsu573YS8dpBKnyEotyN7UNjgpFUFCJKCpmGDqyh1x6490L7O5QQH-H0UX5HNjW7XqYAkR75jtPlcwqT4DnW_-e_3U-cP6gmwJ2-Qa9zG3Z5yBpIVIEkNtLFlpheKWs7URACxWIhB9E2bddPzwS8chvv4KCG2iu6DrLWf_U.Fo9vcnQBf76frJP0taW-6tdKHhpGQA3w7l36RcOkYBI&dib_tag=se&keywords=strawberries&qid=1786103857&s=samedaystore&sprefix=mil%2Csamedaystore%2C348&sr=1-3,https://m.media-amazon.com/images/I/911yY8wECIL._FMwebp__.jpg,false,,,,{},0,,,,"FREE delivery Wed, Aug 12 on $35 of items shipped by Amazon","{""delivery"":""FREE delivery Wed, Aug 12 on $35 of items shipped by Amazon""}",1786103867208
578209,20,00780,1,4,,amazon.com,,"https://www.amazon.com/s?k=strawberries&i=samedaystore&crid=1E2QJW9TUIM1M&sprefix=mil,samedaystore,348&ref=nb_sb_noss_2",Featured,B000P6G12U,"Red Raspberries, 6 oz",,[],0,0,0,4.6,37207,,false,amazon.com,serp,false,100000,,B000P6G12U,https://www.amazon.com/Fresh-Produce-Brands-May-Vary/dp/B000P6G12U/ref=sr_1_4?crid=1E2QJW9TUIM1M&dib=eyJ2IjoiMSJ9.daI5AgOqfWVZKrIg_nqXBXhIjU5fNw8iguBr3j6ZQS2iSr-jIhjVXL57P67hoj8tMxC_xsu573YS8dpBKnyEotyN7UNjgpFUFCJKCpmGDqyh1x6490L7O5QQH-H0UX5HNjW7XqYAkR75jtPlcwqT4DnW_-e_3U-cP6gmwJ2-Qa9zG3Z5yBpIVIEkNtLFlpheKWs7URACxWIhB9E2bddPzwS8chvv4KCG2iu6DrLWf_U.Fo9vcnQBf76frJP0taW-6tdKHhpGQA3w7l36RcOkYBI&dib_tag=se&keywords=strawberries&qid=1786103857&s=samedaystore&sprefix=mil%2Csamedaystore%2C348&sr=1-4,https://m.media-amazon.com/images/I/61lsVNuBxkL._FMwebp__.jpg,false,,,,{},0,,,,,{},1786103867208
578210,20,00780,1,5,,amazon.com,,"https://www.amazon.com/s?k=strawberries&i=samedaystore&crid=1E2QJW9TUIM1M&sprefix=mil,samedaystore,348&ref=nb_sb_noss_2",Featured,B0FFMBS8Y1,"Amilutuo Freeze Dried Strawberries Pieces, 3.17OZ/90g Frozen Strawberries | Freeze Dried Fruit, Dehydrated Strawberries, Freeze Dried Snacks",,[],8.99,9.49,8.99,4.5,376,,false,amazon.com,serp,true,700,,B0FFMBS8Y1,https://www.amazon.com/Freeze-Strawberries-Pieces-Dehydrated-Preservatives/dp/B0FFMBS8Y1/ref=sr_1_5?crid=1E2QJW9TUIM1M&dib=eyJ2IjoiMSJ9.daI5AgOqfWVZKrIg_nqXBXhIjU5fNw8iguBr3j6ZQS2iSr-jIhjVXL57P67hoj8tMxC_xsu573YS8dpBKnyEotyN7UNjgpFUFCJKCpmGDqyh1x6490L7O5QQH-H0UX5HNjW7XqYAkR75jtPlcwqT4DnW_-e_3U-cP6gmwJ2-Qa9zG3Z5yBpIVIEkNtLFlpheKWs7URACxWIhB9E2bddPzwS8chvv4KCG2iu6DrLWf_U.Fo9vcnQBf76frJP0taW-6tdKHhpGQA3w7l36RcOkYBI&dib_tag=se&keywords=strawberries&qid=1786103857&s=samedaystore&sprefix=mil%2Csamedaystore%2C348&sr=1-5,https://m.media-amazon.com/images/I/81RkuXeP7BL._FMwebp__.jpg,false,,,,{},0,,,,"FREE delivery Wed, Aug 12 on $35 of items shipped by Amazon","{""delivery"":""FREE delivery Wed, Aug 12 on $35 of items shipped by Amazon""}",1786103867208
578211,20,00780,1,6,,amazon.com,,"https://www.amazon.com/s?k=strawberries&i=samedaystore&crid=1E2QJW9TUIM1M&sprefix=mil,samedaystore,348&ref=nb_sb_noss_2",Featured,B0BZ9TBY48,"Bonnie Plants Strawberry, Live Plant, 19.3 oz. (4-Pack)",,[],18.72,22.89,18.72,4.3,1069,,false,amazon.com,serp,true,900,,B0BZ9TBY48,https://www.amazon.com/Bonnie-Plants-Strawberry-Plant-4-Pack/dp/B0BZ9TBY48/ref=sr_1_6?crid=1E2QJW9TUIM1M&dib=eyJ2IjoiMSJ9.daI5AgOqfWVZKrIg_nqXBXhIjU5fNw8iguBr3j6ZQS2iSr-jIhjVXL57P67hoj8tMxC_xsu573YS8dpBKnyEotyN7UNjgpFUFCJKCpmGDqyh1x6490L7O5QQH-H0UX5HNjW7XqYAkR75jtPlcwqT4DnW_-e_3U-cP6gmwJ2-Qa9zG3Z5yBpIVIEkNtLFlpheKWs7URACxWIhB9E2bddPzwS8chvv4KCG2iu6DrLWf_U.Fo9vcnQBf76frJP0taW-6tdKHhpGQA3w7l36RcOkYBI&dib_tag=se&keywords=strawberries&qid=1786103857&s=samedaystore&sprefix=mil%2Csamedaystore%2C348&sr=1-6,https://m.media-amazon.com/images/I/71jTWZBe4UL._FMwebp__.jpg,false,,,,{},0,,,,FREE delivery on $35 of items shipped by Amazon,"{""delivery"":""FREE delivery on $35 of items shipped by Amazon""}",1786103867208
578212,20,00780,1,7,,amazon.com,,"https://www.amazon.com/s?k=strawberries&i=samedaystore&crid=1E2QJW9TUIM1M&sprefix=mil,samedaystore,348&ref=nb_sb_noss_2",Featured,B008945XB0,"Augason Farms Freeze Dried Sliced Strawberries Can 6.5 oz | 18 Servings, Gluten Free Snack for Baking, Smoothies, and Emergency Storage, Healthy Individual Fruit Snacks, 6.5 Ounces",,[],18,18,0,4.6,10834,,false,amazon.com,serp,true,500,,B008945XB0,https://www.amazon.com/Augason-Farms-Freeze-Sliced-Strawberries/dp/B008945XB0/ref=sr_1_7?crid=1E2QJW9TUIM1M&dib=eyJ2IjoiMSJ9.daI5AgOqfWVZKrIg_nqXBXhIjU5fNw8iguBr3j6ZQS2iSr-jIhjVXL57P67hoj8tMxC_xsu573YS8dpBKnyEotyN7UNjgpFUFCJKCpmGDqyh1x6490L7O5QQH-H0UX5HNjW7XqYAkR75jtPlcwqT4DnW_-e_3U-cP6gmwJ2-Qa9zG3Z5yBpIVIEkNtLFlpheKWs7URACxWIhB9E2bddPzwS8chvv4KCG2iu6DrLWf_U.Fo9vcnQBf76frJP0taW-6tdKHhpGQA3w7l36RcOkYBI&dib_tag=se&keywords=strawberries&qid=1786103857&s=samedaystore&sprefix=mil%2Csamedaystore%2C348&sr=1-7,https://m.media-amazon.com/images/I/71Y5VPm9QzL._FMwebp__.jpg,false,,,,{},0,,,,FREE delivery Aug 24 - Sep 8 on $35 of items shipped by Amazon,"{""delivery"":""FREE delivery Aug 24 - Sep 8 on $35 of items shipped by Amazon""}",1786103867208
578213,20,00780,1,8,,amazon.com,,"https://www.amazon.com/s?k=strawberries&i=samedaystore&crid=1E2QJW9TUIM1M&sprefix=mil,samedaystore,348&ref=nb_sb_noss_2",Featured,B0H3WF82FB,"Rich Sweetness Strawberry Live Plants (10 Pack) – Everbearing Strawberry Starts for Outdoor Gardens & Containers – Sweet, Large Red Berries – Non-GMO Fruit Plants",,[],16.99,16.99,0,3.9,31,,false,amazon.com,serp,true,400,,B0H3WF82FB,https://www.amazon.com/Rich-Sweetness-Strawberry-Live-Plants/dp/B0H3WF82FB/ref=sr_1_8?crid=1E2QJW9TUIM1M&dib=eyJ2IjoiMSJ9.daI5AgOqfWVZKrIg_nqXBXhIjU5fNw8iguBr3j6ZQS2iSr-jIhjVXL57P67hoj8tMxC_xsu573YS8dpBKnyEotyN7UNjgpFUFCJKCpmGDqyh1x6490L7O5QQH-H0UX5HNjW7XqYAkR75jtPlcwqT4DnW_-e_3U-cP6gmwJ2-Qa9zG3Z5yBpIVIEkNtLFlpheKWs7URACxWIhB9E2bddPzwS8chvv4KCG2iu6DrLWf_U.Fo9vcnQBf76frJP0taW-6tdKHhpGQA3w7l36RcOkYBI&dib_tag=se&keywords=strawberries&qid=1786103857&s=samedaystore&sprefix=mil%2Csamedaystore%2C348&sr=1-8,https://m.media-amazon.com/images/I/71ioFeujtzL._FMwebp__.jpg,false,,,,{},0,,,,FREE delivery Aug 17 - 20,"{""delivery"":""FREE delivery Aug 17 - 20""}",1786103867208
578214,20,00780,1,9,,amazon.com,,"https://www.amazon.com/s?k=strawberries&i=samedaystore&crid=1E2QJW9TUIM1M&sprefix=mil,samedaystore,348&ref=nb_sb_noss_2",Featured,B0DD94HBMV,"Strawberry Bon Bons Hard Candy, 1 Pound (Approx. 75 pcs.), Strawberry Candy Individually Wrapped, Strawberry Candy, The Hampton Popcorn & Candy Company",,[],8.99,8.99,0,4.7,867,,false,amazon.com,serp,true,500,,B0DD94HBMV,https://www.amazon.com/Strawberry-Candy-Individually-Hampton-Company/dp/B0DD94HBMV/ref=sr_1_9?crid=1E2QJW9TUIM1M&dib=eyJ2IjoiMSJ9.daI5AgOqfWVZKrIg_nqXBXhIjU5fNw8iguBr3j6ZQS2iSr-jIhjVXL57P67hoj8tMxC_xsu573YS8dpBKnyEotyN7UNjgpFUFCJKCpmGDqyh1x6490L7O5QQH-H0UX5HNjW7XqYAkR75jtPlcwqT4DnW_-e_3U-cP6gmwJ2-Qa9zG3Z5yBpIVIEkNtLFlpheKWs7URACxWIhB9E2bddPzwS8chvv4KCG2iu6DrLWf_U.Fo9vcnQBf76frJP0taW-6tdKHhpGQA3w7l36RcOkYBI&dib_tag=se&keywords=strawberries&qid=1786103857&s=samedaystore&sprefix=mil%2Csamedaystore%2C348&sr=1-9,https://m.media-amazon.com/images/I/81cc7G69D9L._FMwebp__.jpg,false,,,,{},0,,,,"FREE delivery Wed, Aug 12 on $35 of items shipped by Amazon","{""delivery"":""FREE delivery Wed, Aug 12 on $35 of items shipped by Amazon""}",1786103867208
578215,20,00780,1,10,,amazon.com,,"https://www.amazon.com/s?k=strawberries&i=samedaystore&crid=1E2QJW9TUIM1M&sprefix=mil,samedaystore,348&ref=nb_sb_noss_2",Featured,B0FH68S3G8,"Freeze Dried Strawberries Pieces, Frozen Strawberries, 230G/8.11OZ Frozen Fruit, Freeze Dried Fruit, 100% Natural for Beverages, Yogurt, Salad, Smoothie and Baking",,[],14.99,14.99,0,4.5,41,,false,amazon.com,serp,true,50,,B0FH68S3G8,https://www.amazon.com/Freeze-Strawberries-Natural-Beverages-Smoothie/dp/B0FH68S3G8/ref=sr_1_10?crid=1E2QJW9TUIM1M&dib=eyJ2IjoiMSJ9.daI5AgOqfWVZKrIg_nqXBXhIjU5fNw8iguBr3j6ZQS2iSr-jIhjVXL57P67hoj8tMxC_xsu573YS8dpBKnyEotyN7UNjgpFUFCJKCpmGDqyh1x6490L7O5QQH-H0UX5HNjW7XqYAkR75jtPlcwqT4DnW_-e_3U-cP6gmwJ2-Qa9zG3Z5yBpIVIEkNtLFlpheKWs7URACxWIhB9E2bddPzwS8chvv4KCG2iu6DrLWf_U.Fo9vcnQBf76frJP0taW-6tdKHhpGQA3w7l36RcOkYBI&dib_tag=se&keywords=strawberries&qid=1786103857&s=samedaystore&sprefix=mil%2Csamedaystore%2C348&sr=1-10,https://m.media-amazon.com/images/I/817uqjfGG+L._FMwebp__.jpg,false,,,,{},0,,,,"FREE delivery Wed, Aug 12 on $35 of items shipped by Amazon","{""delivery"":""FREE delivery Wed, Aug 12 on $35 of items shipped by Amazon""}",1786103867208
578216,20,00780,1,11,,amazon.com,,"https://www.amazon.com/s?k=strawberries&i=samedaystore&crid=1E2QJW9TUIM1M&sprefix=mil,samedaystore,348&ref=nb_sb_noss_2",Featured,B077N7TR5G,Organic Blueberries Pint,,[],0,0,0,4.7,27829,,false,amazon.com,serp,false,100000,,B077N7TR5G,https://www.amazon.com/produce-aisle-112042-Organic-Blueberries/dp/B077N7TR5G/ref=sr_1_11?crid=1E2QJW9TUIM1M&dib=eyJ2IjoiMSJ9.daI5AgOqfWVZKrIg_nqXBXhIjU5fNw8iguBr3j6ZQS2iSr-jIhjVXL57P67hoj8tMxC_xsu573YS8dpBKnyEotyN7UNjgpFUFCJKCpmGDqyh1x6490L7O5QQH-H0UX5HNjW7XqYAkR75jtPlcwqT4DnW_-e_3U-cP6gmwJ2-Qa9zG3Z5yBpIVIEkNtLFlpheKWs7URACxWIhB9E2bddPzwS8chvv4KCG2iu6DrLWf_U.Fo9vcnQBf76frJP0taW-6tdKHhpGQA3w7l36RcOkYBI&dib_tag=se&keywords=strawberries&qid=1786103857&s=samedaystore&sprefix=mil%2Csamedaystore%2C348&sr=1-11,https://m.media-amazon.com/images/I/61RTWtYAGRL._FMwebp__.jpg,false,,,,{},0,,,,,{},1786103867208
578217,20,00780,1,12,,amazon.com,,"https://www.amazon.com/s?k=strawberries&i=samedaystore&crid=1E2QJW9TUIM1M&sprefix=mil,samedaystore,348&ref=nb_sb_noss_2",Featured,B09CGC6GM5,"Happy Village Organic Whole Dried Strawberries, 18 OZ Resealable Pack- Soft & Juicy, Kosher, Non-GMO, No Refined Sugar, Apple Juice Infused Dried Strawberry",,[],28.99,28.99,0,4.2,1872,,false,amazon.com,serp,true,800,,B09CGC6GM5,https://www.amazon.com/Organic-Strawberries-Happy-Village-Strawberry/dp/B09CGC6GM5/ref=sr_1_12?crid=1E2QJW9TUIM1M&dib=eyJ2IjoiMSJ9.daI5AgOqfWVZKrIg_nqXBXhIjU5fNw8iguBr3j6ZQS2iSr-jIhjVXL57P67hoj8tMxC_xsu573YS8dpBKnyEotyN7UNjgpFUFCJKCpmGDqyh1x6490L7O5QQH-H0UX5HNjW7XqYAkR75jtPlcwqT4DnW_-e_3U-cP6gmwJ2-Qa9zG3Z5yBpIVIEkNtLFlpheKWs7URACxWIhB9E2bddPzwS8chvv4KCG2iu6DrLWf_U.Fo9vcnQBf76frJP0taW-6tdKHhpGQA3w7l36RcOkYBI&dib_tag=se&keywords=strawberries&qid=1786103857&s=samedaystore&sprefix=mil%2Csamedaystore%2C348&sr=1-12,https://m.media-amazon.com/images/I/815C40gH9OL._FMwebp__.jpg,false,,,,{},0,,,,"FREE delivery Wed, Aug 12 on $35 of items shipped by Amazon","{""delivery"":""FREE delivery Wed, Aug 12 on $35 of items shipped by Amazon""}",1786103867208
578218,20,00780,1,13,,amazon.com,,"https://www.amazon.com/s?k=strawberries&i=samedaystore&crid=1E2QJW9TUIM1M&sprefix=mil,samedaystore,348&ref=nb_sb_noss_2",Featured,B0BT8QKTG7,"Augason Farms Freeze Dried Sliced Strawberries Pouch 1.4 oz | Gluten Free Snack for Baking, Smoothies, and Emergency Storage, Healthy Individual Fruit Snacks 1.4 Ounces (4 Servings)",,[],6.38,6.38,0,4.6,10834,,false,amazon.com,serp,true,200,,B0BT8QKTG7,https://www.amazon.com/Freeze-Dried-Sliced-Strawberries-Resealable-Pouch/dp/B0BT8QKTG7/ref=sr_1_13?crid=1E2QJW9TUIM1M&dib=eyJ2IjoiMSJ9.daI5AgOqfWVZKrIg_nqXBXhIjU5fNw8iguBr3j6ZQS2iSr-jIhjVXL57P67hoj8tMxC_xsu573YS8dpBKnyEotyN7UNjgpFUFCJKCpmGDqyh1x6490L7O5QQH-H0UX5HNjW7XqYAkR75jtPlcwqT4DnW_-e_3U-cP6gmwJ2-Qa9zG3Z5yBpIVIEkNtLFlpheKWs7URACxWIhB9E2bddPzwS8chvv4KCG2iu6DrLWf_U.Fo9vcnQBf76frJP0taW-6tdKHhpGQA3w7l36RcOkYBI&dib_tag=se&keywords=strawberries&qid=1786103857&s=samedaystore&sprefix=mil%2Csamedaystore%2C348&sr=1-13,https://m.media-amazon.com/images/I/81RSryU5z3L._FMwebp__.jpg,false,,,,{},0,,,,"FREE delivery Wed, Aug 12 on $35 of items shipped by Amazon","{""delivery"":""FREE delivery Wed, Aug 12 on $35 of items shipped by Amazon""}",1786103867208
578219,20,00780,1,14,,amazon.com,,"https://www.amazon.com/s?k=strawberries&i=samedaystore&crid=1E2QJW9TUIM1M&sprefix=mil,samedaystore,348&ref=nb_sb_noss_2",Featured,B00E3JM7UU,"Organic Blackberries, 6 oz",,[],0,0,0,4.7,17801,,false,amazon.com,serp,false,100000,,B00E3JM7UU,https://www.amazon.com/produce-aisle-040-01021-Organic-Blackberries/dp/B00E3JM7UU/ref=sr_1_14?crid=1E2QJW9TUIM1M&dib=eyJ2IjoiMSJ9.daI5AgOqfWVZKrIg_nqXBXhIjU5fNw8iguBr3j6ZQS2iSr-jIhjVXL57P67hoj8tMxC_xsu573YS8dpBKnyEotyN7UNjgpFUFCJKCpmGDqyh1x6490L7O5QQH-H0UX5HNjW7XqYAkR75jtPlcwqT4DnW_-e_3U-cP6gmwJ2-Qa9zG3Z5yBpIVIEkNtLFlpheKWs7URACxWIhB9E2bddPzwS8chvv4KCG2iu6DrLWf_U.Fo9vcnQBf76frJP0taW-6tdKHhpGQA3w7l36RcOkYBI&dib_tag=se&keywords=strawberries&qid=1786103857&s=samedaystore&sprefix=mil%2Csamedaystore%2C348&sr=1-14,https://m.media-amazon.com/images/I/7125y7kPhfL._FMwebp__.jpg,false,,,,{},0,,,,,{},1786103867208
578220,20,00780,1,15,,amazon.com,,"https://www.amazon.com/s?k=strawberries&i=samedaystore&crid=1E2QJW9TUIM1M&sprefix=mil,samedaystore,348&ref=nb_sb_noss_2",Featured,B0F1XWBJDC,"Freeze Dried Strawberries Pieces 17.6 Oz/500g, Crispy Dried Strawberries",,[],19.99,23.99,19.99,4,398,,false,amazon.com,serp,true,200,,B0F1XWBJDC,https://www.amazon.com/Premium-Freeze-Strawberries-Natural-Additives/dp/B0F1XWBJDC/ref=sr_1_15?crid=1E2QJW9TUIM1M&dib=eyJ2IjoiMSJ9.daI5AgOqfWVZKrIg_nqXBXhIjU5fNw8iguBr3j6ZQS2iSr-jIhjVXL57P67hoj8tMxC_xsu573YS8dpBKnyEotyN7UNjgpFUFCJKCpmGDqyh1x6490L7O5QQH-H0UX5HNjW7XqYAkR75jtPlcwqT4DnW_-e_3U-cP6gmwJ2-Qa9zG3Z5yBpIVIEkNtLFlpheKWs7URACxWIhB9E2bddPzwS8chvv4KCG2iu6DrLWf_U.Fo9vcnQBf76frJP0taW-6tdKHhpGQA3w7l36RcOkYBI&dib_tag=se&keywords=strawberries&qid=1786103857&s=samedaystore&sprefix=mil%2Csamedaystore%2C348&sr=1-15,https://m.media-amazon.com/images/I/71RlNm4ryfL._FMwebp__.jpg,false,,,,{},0,,,,"FREE delivery Wed, Aug 12 on $35 of items shipped by Amazon","{""delivery"":""FREE delivery Wed, Aug 12 on $35 of items shipped by Amazon""}",1786103867208
578221,20,00780,1,16,,amazon.com,,"https://www.amazon.com/s?k=strawberries&i=samedaystore&crid=1E2QJW9TUIM1M&sprefix=mil,samedaystore,348&ref=nb_sb_noss_2",Featured,B0C47FC7Z7,"Betty Crocker Delights Super Moist Strawberry Cake Mix, 13.25 oz | Pudding In The Mix For Moist Texture, Doubles As Cupcake Mix, America's #1 Cake Mix Brand",,[],1.99,1.99,0,4.7,4372,,false,amazon.com,serp,true,7000,,B0C47FC7Z7,https://www.amazon.com/Betty-Crocker-Delights-Supermoist-Strawberry/dp/B0C47FC7Z7/ref=sr_1_16?crid=1E2QJW9TUIM1M&dib=eyJ2IjoiMSJ9.daI5AgOqfWVZKrIg_nqXBXhIjU5fNw8iguBr3j6ZQS2iSr-jIhjVXL57P67hoj8tMxC_xsu573YS8dpBKnyEotyN7UNjgpFUFCJKCpmGDqyh1x6490L7O5QQH-H0UX5HNjW7XqYAkR75jtPlcwqT4DnW_-e_3U-cP6gmwJ2-Qa9zG3Z5yBpIVIEkNtLFlpheKWs7URACxWIhB9E2bddPzwS8chvv4KCG2iu6DrLWf_U.Fo9vcnQBf76frJP0taW-6tdKHhpGQA3w7l36RcOkYBI&dib_tag=se&keywords=strawberries&qid=1786103857&s=samedaystore&sprefix=mil%2Csamedaystore%2C348&sr=1-16,https://m.media-amazon.com/images/I/81tItetxVWL._FMwebp__.jpg,false,,,,{},0,,,,"FREE delivery Wed, Aug 12 on $35 of items shipped by Amazon","{""delivery"":""FREE delivery Wed, Aug 12 on $35 of items shipped by Amazon""}",1786103867208
578142,20,00784,1,1,,amazon.com,,"https://www.amazon.com/s?k=strawberries&i=samedaystore&crid=1E2QJW9TUIM1M&sprefix=mil,samedaystore,348&ref=nb_sb_noss_2",Featured,B000P6J0SM,"Strawberries, 1 Lb",,[],0,0,0,4.6,90826,,false,amazon.com,serp,false,100000,,B000P6J0SM,https://www.amazon.com/Fresh-Produce-Brands-May-Vary/dp/B000P6J0SM/ref=sr_1_1?crid=1E2QJW9TUIM1M&dib=eyJ2IjoiMSJ9.daI5AgOqfWVZKrIg_nqXBXhIjU5fNw8iguBr3j6ZQS1mS3E0-TfV6qV416B8sspMTn086DgWgTeQ84TVmrhujYnGoQp2Xnyx7dy_famfukqf0-Zm7UQ1NX6qmHJldUtw55IWrPs_XSjsaQxTdT9xtPgdpbVlfZ-pyl7WVtj_paixro0EvhZxE5iLgda502CEoC0vAvzjtEpM14KcL58AZ0-ivfN5gsjdztpunNqA-hI.KT-1jp2KSjkoXUsXqvUtCsKpsNW49N1glsDU_TkwTTU&dib_tag=se&keywords=strawberries&qid=1786103857&s=samedaystore&sprefix=mil%2Csamedaystore%2C348&sr=1-1,https://m.media-amazon.com/images/I/719HRHktywL._FMwebp__.jpg,false,,,,{},0,,,,,{},1786103862174
578143,20,00784,1,2,,amazon.com,,"https://www.amazon.com/s?k=strawberries&i=samedaystore&crid=1E2QJW9TUIM1M&sprefix=mil,samedaystore,348&ref=nb_sb_noss_2",Featured,B002B8Z98W,"Organic Strawberries, 1 Lb",,[],0,0,0,4.6,40783,,false,amazon.com,serp,false,100000,,B002B8Z98W,https://www.amazon.com/Fresh-Produce-Brands-Vary-040/dp/B002B8Z98W/ref=sr_1_2?crid=1E2QJW9TUIM1M&dib=eyJ2IjoiMSJ9.daI5AgOqfWVZKrIg_nqXBXhIjU5fNw8iguBr3j6ZQS1mS3E0-TfV6qV416B8sspMTn086DgWgTeQ84TVmrhujYnGoQp2Xnyx7dy_famfukqf0-Zm7UQ1NX6qmHJldUtw55IWrPs_XSjsaQxTdT9xtPgdpbVlfZ-pyl7WVtj_paixro0EvhZxE5iLgda502CEoC0vAvzjtEpM14KcL58AZ0-ivfN5gsjdztpunNqA-hI.KT-1jp2KSjkoXUsXqvUtCsKpsNW49N1glsDU_TkwTTU&dib_tag=se&keywords=strawberries&qid=1786103857&s=samedaystore&sprefix=mil%2Csamedaystore%2C348&sr=1-2,https://m.media-amazon.com/images/I/71oKpKMVqTL._FMwebp__.jpg,false,,,,{},0,,,,,{},1786103862174
578144,20,00784,1,3,,amazon.com,,"https://www.amazon.com/s?k=strawberries&i=samedaystore&crid=1E2QJW9TUIM1M&sprefix=mil,samedaystore,348&ref=nb_sb_noss_2",Featured,B0FT35CP55,"Premium Freeze Dried Strawberry Slices | 7.05oz | No Sugar Added | in Resealable Jar Non-GMO, Vegan Snacks | Crunchy Wellsome Topping for Yogurt, Smoothie Bowls, Baking & On-the-Go Fruit Snack",,[],17.99,17.99,0,4.7,54,,false,amazon.com,serp,true,300,,B0FT35CP55,https://www.amazon.com/Premium-Strawberry-Resealable-Wellsome-Smoothie/dp/B0FT35CP55/ref=sr_1_3?crid=1E2QJW9TUIM1M&dib=eyJ2IjoiMSJ9.daI5AgOqfWVZKrIg_nqXBXhIjU5fNw8iguBr3j6ZQS1mS3E0-TfV6qV416B8sspMTn086DgWgTeQ84TVmrhujYnGoQp2Xnyx7dy_famfukqf0-Zm7UQ1NX6qmHJldUtw55IWrPs_XSjsaQxTdT9xtPgdpbVlfZ-pyl7WVtj_paixro0EvhZxE5iLgda502CEoC0vAvzjtEpM14KcL58AZ0-ivfN5gsjdztpunNqA-hI.KT-1jp2KSjkoXUsXqvUtCsKpsNW49N1glsDU_TkwTTU&dib_tag=se&keywords=strawberries&qid=1786103857&s=samedaystore&sprefix=mil%2Csamedaystore%2C348&sr=1-3,https://m.media-amazon.com/images/I/911yY8wECIL._FMwebp__.jpg,false,,,,{},0,,,,"FREE delivery Wed, Aug 12 on $35 of items shipped by Amazon","{""delivery"":""FREE delivery Wed, Aug 12 on $35 of items shipped by Amazon""}",1786103862174
578145,20,00784,1,4,,amazon.com,,"https://www.amazon.com/s?k=strawberries&i=samedaystore&crid=1E2QJW9TUIM1M&sprefix=mil,samedaystore,348&ref=nb_sb_noss_2",Featured,B000P6G12U,"Red Raspberries, 6 oz",,[],0,0,0,4.6,37207,,false,amazon.com,serp,false,100000,,B000P6G12U,https://www.amazon.com/Fresh-Produce-Brands-May-Vary/dp/B000P6G12U/ref=sr_1_4?crid=1E2QJW9TUIM1M&dib=eyJ2IjoiMSJ9.daI5AgOqfWVZKrIg_nqXBXhIjU5fNw8iguBr3j6ZQS1mS3E0-TfV6qV416B8sspMTn086DgWgTeQ84TVmrhujYnGoQp2Xnyx7dy_famfukqf0-Zm7UQ1NX6qmHJldUtw55IWrPs_XSjsaQxTdT9xtPgdpbVlfZ-pyl7WVtj_paixro0EvhZxE5iLgda502CEoC0vAvzjtEpM14KcL58AZ0-ivfN5gsjdztpunNqA-hI.KT-1jp2KSjkoXUsXqvUtCsKpsNW49N1glsDU_TkwTTU&dib_tag=se&keywords=strawberries&qid=1786103857&s=samedaystore&sprefix=mil%2Csamedaystore%2C348&sr=1-4,https://m.media-amazon.com/images/I/61lsVNuBxkL._FMwebp__.jpg,false,,,,{},0,,,,,{},1786103862174
578146,20,00784,1,5,,amazon.com,,"https://www.amazon.com/s?k=strawberries&i=samedaystore&crid=1E2QJW9TUIM1M&sprefix=mil,samedaystore,348&ref=nb_sb_noss_2",Featured,B0BZ9TBY48,"Bonnie Plants Strawberry, Live Plant, 19.3 oz. (4-Pack)",,[],18.72,22.89,18.72,4.3,1069,,false,amazon.com,serp,true,900,,B0BZ9TBY48,https://www.amazon.com/Bonnie-Plants-Strawberry-Plant-4-Pack/dp/B0BZ9TBY48/ref=sr_1_5?crid=1E2QJW9TUIM1M&dib=eyJ2IjoiMSJ9.daI5AgOqfWVZKrIg_nqXBXhIjU5fNw8iguBr3j6ZQS1mS3E0-TfV6qV416B8sspMTn086DgWgTeQ84TVmrhujYnGoQp2Xnyx7dy_famfukqf0-Zm7UQ1NX6qmHJldUtw55IWrPs_XSjsaQxTdT9xtPgdpbVlfZ-pyl7WVtj_paixro0EvhZxE5iLgda502CEoC0vAvzjtEpM14KcL58AZ0-ivfN5gsjdztpunNqA-hI.KT-1jp2KSjkoXUsXqvUtCsKpsNW49N1glsDU_TkwTTU&dib_tag=se&keywords=strawberries&qid=1786103857&s=samedaystore&sprefix=mil%2Csamedaystore%2C348&sr=1-5,https://m.media-amazon.com/images/I/71jTWZBe4UL._FMwebp__.jpg,false,,,,{},0,,,,FREE delivery on $35 of items shipped by Amazon,"{""delivery"":""FREE delivery on $35 of items shipped by Amazon""}",1786103862174
578147,20,00784,1,6,,amazon.com,,"https://www.amazon.com/s?k=strawberries&i=samedaystore&crid=1E2QJW9TUIM1M&sprefix=mil,samedaystore,348&ref=nb_sb_noss_2",Featured,B0H3WF82FB,"Rich Sweetness Strawberry Live Plants (10 Pack) – Everbearing Strawberry Starts for Outdoor Gardens & Containers – Sweet, Large Red Berries – Non-GMO Fruit Plants",,[],16.99,16.99,0,3.9,31,,false,amazon.com,serp,true,400,,B0H3WF82FB,https://www.amazon.com/Rich-Sweetness-Strawberry-Live-Plants/dp/B0H3WF82FB/ref=sr_1_6?crid=1E2QJW9TUIM1M&dib=eyJ2IjoiMSJ9.daI5AgOqfWVZKrIg_nqXBXhIjU5fNw8iguBr3j6ZQS1mS3E0-TfV6qV416B8sspMTn086DgWgTeQ84TVmrhujYnGoQp2Xnyx7dy_famfukqf0-Zm7UQ1NX6qmHJldUtw55IWrPs_XSjsaQxTdT9xtPgdpbVlfZ-pyl7WVtj_paixro0EvhZxE5iLgda502CEoC0vAvzjtEpM14KcL58AZ0-ivfN5gsjdztpunNqA-hI.KT-1jp2KSjkoXUsXqvUtCsKpsNW49N1glsDU_TkwTTU&dib_tag=se&keywords=strawberries&qid=1786103857&s=samedaystore&sprefix=mil%2Csamedaystore%2C348&sr=1-6,https://m.media-amazon.com/images/I/71ioFeujtzL._FMwebp__.jpg,false,,,,{},0,,,,FREE delivery Aug 17 - 20,"{""delivery"":""FREE delivery Aug 17 - 20""}",1786103862174
578148,20,00784,1,7,,amazon.com,,"https://www.amazon.com/s?k=strawberries&i=samedaystore&crid=1E2QJW9TUIM1M&sprefix=mil,samedaystore,348&ref=nb_sb_noss_2",Featured,B0FFMBS8Y1,"Amilutuo Freeze Dried Strawberries Pieces, 3.17OZ/90g Frozen Strawberries | Freeze Dried Fruit, Dehydrated Strawberries, Freeze Dried Snacks",,[],8.99,9.49,8.99,4.5,376,,false,amazon.com,serp,true,700,,B0FFMBS8Y1,https://www.amazon.com/Freeze-Strawberries-Pieces-Dehydrated-Preservatives/dp/B0FFMBS8Y1/ref=sr_1_7?crid=1E2QJW9TUIM1M&dib=eyJ2IjoiMSJ9.daI5AgOqfWVZKrIg_nqXBXhIjU5fNw8iguBr3j6ZQS1mS3E0-TfV6qV416B8sspMTn086DgWgTeQ84TVmrhujYnGoQp2Xnyx7dy_famfukqf0-Zm7UQ1NX6qmHJldUtw55IWrPs_XSjsaQxTdT9xtPgdpbVlfZ-pyl7WVtj_paixro0EvhZxE5iLgda502CEoC0vAvzjtEpM14KcL58AZ0-ivfN5gsjdztpunNqA-hI.KT-1jp2KSjkoXUsXqvUtCsKpsNW49N1glsDU_TkwTTU&dib_tag=se&keywords=strawberries&qid=1786103857&s=samedaystore&sprefix=mil%2Csamedaystore%2C348&sr=1-7,https://m.media-amazon.com/images/I/81RkuXeP7BL._FMwebp__.jpg,false,,,,{},0,,,,"FREE delivery Wed, Aug 12 on $35 of items shipped by Amazon","{""delivery"":""FREE delivery Wed, Aug 12 on $35 of items shipped by Amazon""}",1786103862174
578149,20,00784,1,8,,amazon.com,,"https://www.amazon.com/s?k=strawberries&i=samedaystore&crid=1E2QJW9TUIM1M&sprefix=mil,samedaystore,348&ref=nb_sb_noss_2",Featured,B008945XB0,"Augason Farms Freeze Dried Sliced Strawberries Can 6.5 oz | 18 Servings, Gluten Free Snack for Baking, Smoothies, and Emergency Storage, Healthy Individual Fruit Snacks, 6.5 Ounces",,[],18,18,0,4.6,10834,,false,amazon.com,serp,true,500,,B008945XB0,https://www.amazon.com/Augason-Farms-Freeze-Sliced-Strawberries/dp/B008945XB0/ref=sr_1_8?crid=1E2QJW9TUIM1M&dib=eyJ2IjoiMSJ9.daI5AgOqfWVZKrIg_nqXBXhIjU5fNw8iguBr3j6ZQS1mS3E0-TfV6qV416B8sspMTn086DgWgTeQ84TVmrhujYnGoQp2Xnyx7dy_famfukqf0-Zm7UQ1NX6qmHJldUtw55IWrPs_XSjsaQxTdT9xtPgdpbVlfZ-pyl7WVtj_paixro0EvhZxE5iLgda502CEoC0vAvzjtEpM14KcL58AZ0-ivfN5gsjdztpunNqA-hI.KT-1jp2KSjkoXUsXqvUtCsKpsNW49N1glsDU_TkwTTU&dib_tag=se&keywords=strawberries&qid=1786103857&s=samedaystore&sprefix=mil%2Csamedaystore%2C348&sr=1-8,https://m.media-amazon.com/images/I/71Y5VPm9QzL._FMwebp__.jpg,false,,,,{},0,,,,FREE delivery Aug 24 - Sep 5 on $35 of items shipped by Amazon,"{""delivery"":""FREE delivery Aug 24 - Sep 5 on $35 of items shipped by Amazon""}",1786103862174
578150,20,00784,1,9,,amazon.com,,"https://www.amazon.com/s?k=strawberries&i=samedaystore&crid=1E2QJW9TUIM1M&sprefix=mil,samedaystore,348&ref=nb_sb_noss_2",Featured,B077N7TR5G,Organic Blueberries Pint,,[],0,0,0,4.7,27829,,false,amazon.com,serp,false,100000,,B077N7TR5G,https://www.amazon.com/produce-aisle-112042-Organic-Blueberries/dp/B077N7TR5G/ref=sr_1_9?crid=1E2QJW9TUIM1M&dib=eyJ2IjoiMSJ9.daI5AgOqfWVZKrIg_nqXBXhIjU5fNw8iguBr3j6ZQS1mS3E0-TfV6qV416B8sspMTn086DgWgTeQ84TVmrhujYnGoQp2Xnyx7dy_famfukqf0-Zm7UQ1NX6qmHJldUtw55IWrPs_XSjsaQxTdT9xtPgdpbVlfZ-pyl7WVtj_paixro0EvhZxE5iLgda502CEoC0vAvzjtEpM14KcL58AZ0-ivfN5gsjdztpunNqA-hI.KT-1jp2KSjkoXUsXqvUtCsKpsNW49N1glsDU_TkwTTU&dib_tag=se&keywords=strawberries&qid=1786103857&s=samedaystore&sprefix=mil%2Csamedaystore%2C348&sr=1-9,https://m.media-amazon.com/images/I/61RTWtYAGRL._FMwebp__.jpg,false,,,,{},0,,,,,{},1786103862174
578151,20,00784,1,10,,amazon.com,,"https://www.amazon.com/s?k=strawberries&i=samedaystore&crid=1E2QJW9TUIM1M&sprefix=mil,samedaystore,348&ref=nb_sb_noss_2",Featured,B0DD94HBMV,"Strawberry Bon Bons Hard Candy, 1 Pound (Approx. 75 pcs.), Strawberry Candy Individually Wrapped, Strawberry Candy, The Hampton Popcorn & Candy Company",,[],8.99,8.99,0,4.7,867,,false,amazon.com,serp,true,500,,B0DD94HBMV,https://www.amazon.com/Strawberry-Candy-Individually-Hampton-Company/dp/B0DD94HBMV/ref=sr_1_10?crid=1E2QJW9TUIM1M&dib=eyJ2IjoiMSJ9.daI5AgOqfWVZKrIg_nqXBXhIjU5fNw8iguBr3j6ZQS1mS3E0-TfV6qV416B8sspMTn086DgWgTeQ84TVmrhujYnGoQp2Xnyx7dy_famfukqf0-Zm7UQ1NX6qmHJldUtw55IWrPs_XSjsaQxTdT9xtPgdpbVlfZ-pyl7WVtj_paixro0EvhZxE5iLgda502CEoC0vAvzjtEpM14KcL58AZ0-ivfN5gsjdztpunNqA-hI.KT-1jp2KSjkoXUsXqvUtCsKpsNW49N1glsDU_TkwTTU&dib_tag=se&keywords=strawberries&qid=1786103857&s=samedaystore&sprefix=mil%2Csamedaystore%2C348&sr=1-10,https://m.media-amazon.com/images/I/81cc7G69D9L._FMwebp__.jpg,false,,,,{},0,,,,"Join Prime to get FREE delivery Mon, Aug 10Or Non-members get FREE delivery Wed, Aug 12 on $35 of items shipped by Amazon","{""delivery"":""Join Prime to get FREE delivery Mon, Aug 10Or Non-members get FREE delivery Wed, Aug 12 on $35 of items shipped by Amazon""}",1786103862174
578152,20,00784,1,11,,amazon.com,,"https://www.amazon.com/s?k=strawberries&i=samedaystore&crid=1E2QJW9TUIM1M&sprefix=mil,samedaystore,348&ref=nb_sb_noss_2",Featured,B09CGC6GM5,"Happy Village Organic Whole Dried Strawberries, 18 OZ Resealable Pack- Soft & Juicy, Kosher, Non-GMO, No Refined Sugar, Apple Juice Infused Dried Strawberry",,[],28.99,28.99,0,4.2,1872,,false,amazon.com,serp,true,800,,B09CGC6GM5,https://www.amazon.com/Organic-Strawberries-Happy-Village-Strawberry/dp/B09CGC6GM5/ref=sr_1_11?crid=1E2QJW9TUIM1M&dib=eyJ2IjoiMSJ9.daI5AgOqfWVZKrIg_nqXBXhIjU5fNw8iguBr3j6ZQS1mS3E0-TfV6qV416B8sspMTn086DgWgTeQ84TVmrhujYnGoQp2Xnyx7dy_famfukqf0-Zm7UQ1NX6qmHJldUtw55IWrPs_XSjsaQxTdT9xtPgdpbVlfZ-pyl7WVtj_paixro0EvhZxE5iLgda502CEoC0vAvzjtEpM14KcL58AZ0-ivfN5gsjdztpunNqA-hI.KT-1jp2KSjkoXUsXqvUtCsKpsNW49N1glsDU_TkwTTU&dib_tag=se&keywords=strawberries&qid=1786103857&s=samedaystore&sprefix=mil%2Csamedaystore%2C348&sr=1-11,https://m.media-amazon.com/images/I/815C40gH9OL._FMwebp__.jpg,false,,,,{},0,,,,"Join Prime to get FREE delivery Mon, Aug 10Or Non-members get FREE delivery Wed, Aug 12 on $35 of items shipped by Amazon","{""delivery"":""Join Prime to get FREE delivery Mon, Aug 10Or Non-members get FREE delivery Wed, Aug 12 on $35 of items shipped by Amazon""}",1786103862174
578153,20,00784,1,12,,amazon.com,,"https://www.amazon.com/s?k=strawberries&i=samedaystore&crid=1E2QJW9TUIM1M&sprefix=mil,samedaystore,348&ref=nb_sb_noss_2",Featured,B0BT8QKTG7,"Augason Farms Freeze Dried Sliced Strawberries Pouch 1.4 oz | Gluten Free Snack for Baking, Smoothies, and Emergency Storage, Healthy Individual Fruit Snacks 1.4 Ounces (4 Servings)",,[],6.38,6.38,0,4.6,10834,,false,amazon.com,serp,true,200,,B0BT8QKTG7,https://www.amazon.com/Freeze-Dried-Sliced-Strawberries-Resealable-Pouch/dp/B0BT8QKTG7/ref=sr_1_12?crid=1E2QJW9TUIM1M&dib=eyJ2IjoiMSJ9.daI5AgOqfWVZKrIg_nqXBXhIjU5fNw8iguBr3j6ZQS1mS3E0-TfV6qV416B8sspMTn086DgWgTeQ84TVmrhujYnGoQp2Xnyx7dy_famfukqf0-Zm7UQ1NX6qmHJldUtw55IWrPs_XSjsaQxTdT9xtPgdpbVlfZ-pyl7WVtj_paixro0EvhZxE5iLgda502CEoC0vAvzjtEpM14KcL58AZ0-ivfN5gsjdztpunNqA-hI.KT-1jp2KSjkoXUsXqvUtCsKpsNW49N1glsDU_TkwTTU&dib_tag=se&keywords=strawberries&qid=1786103857&s=samedaystore&sprefix=mil%2Csamedaystore%2C348&sr=1-12,https://m.media-amazon.com/images/I/81RSryU5z3L._FMwebp__.jpg,false,,,,{},0,,,,"Join Prime to get FREE delivery Mon, Aug 10Or Non-members get FREE delivery Wed, Aug 12 on $35 of items shipped by Amazon","{""delivery"":""Join Prime to get FREE delivery Mon, Aug 10Or Non-members get FREE delivery Wed, Aug 12 on $35 of items shipped by Amazon""}",1786103862174
578154,20,00784,1,13,,amazon.com,,"https://www.amazon.com/s?k=strawberries&i=samedaystore&crid=1E2QJW9TUIM1M&sprefix=mil,samedaystore,348&ref=nb_sb_noss_2",Featured,B00E3JM7UU,"Organic Blackberries, 6 oz",,[],0,0,0,4.7,17801,,false,amazon.com,serp,false,100000,,B00E3JM7UU,https://www.amazon.com/produce-aisle-040-01021-Organic-Blackberries/dp/B00E3JM7UU/ref=sr_1_13?crid=1E2QJW9TUIM1M&dib=eyJ2IjoiMSJ9.daI5AgOqfWVZKrIg_nqXBXhIjU5fNw8iguBr3j6ZQS1mS3E0-TfV6qV416B8sspMTn086DgWgTeQ84TVmrhujYnGoQp2Xnyx7dy_famfukqf0-Zm7UQ1NX6qmHJldUtw55IWrPs_XSjsaQxTdT9xtPgdpbVlfZ-pyl7WVtj_paixro0EvhZxE5iLgda502CEoC0vAvzjtEpM14KcL58AZ0-ivfN5gsjdztpunNqA-hI.KT-1jp2KSjkoXUsXqvUtCsKpsNW49N1glsDU_TkwTTU&dib_tag=se&keywords=strawberries&qid=1786103857&s=samedaystore&sprefix=mil%2Csamedaystore%2C348&sr=1-13,https://m.media-amazon.com/images/I/7125y7kPhfL._FMwebp__.jpg,false,,,,{},0,,,,,{},1786103862174
578155,20,00784,1,14,,amazon.com,,"https://www.amazon.com/s?k=strawberries&i=samedaystore&crid=1E2QJW9TUIM1M&sprefix=mil,samedaystore,348&ref=nb_sb_noss_2",Featured,B0004N0IBO,"Bonne Maman Preserve, Strawberry, 13-Ounce | 13 Ounces",,[],4.99,6.28,4.99,4.7,3336,,false,amazon.com,serp,true,10000,,B0004N0IBO,https://www.amazon.com/Bonne-Maman-Preserve-Strawberry-13-Ounce/dp/B0004N0IBO/ref=sr_1_14?crid=1E2QJW9TUIM1M&dib=eyJ2IjoiMSJ9.daI5AgOqfWVZKrIg_nqXBXhIjU5fNw8iguBr3j6ZQS1mS3E0-TfV6qV416B8sspMTn086DgWgTeQ84TVmrhujYnGoQp2Xnyx7dy_famfukqf0-Zm7UQ1NX6qmHJldUtw55IWrPs_XSjsaQxTdT9xtPgdpbVlfZ-pyl7WVtj_paixro0EvhZxE5iLgda502CEoC0vAvzjtEpM14KcL58AZ0-ivfN5gsjdztpunNqA-hI.KT-1jp2KSjkoXUsXqvUtCsKpsNW49N1glsDU_TkwTTU&dib_tag=se&keywords=strawberries&qid=1786103857&s=samedaystore&sprefix=mil%2Csamedaystore%2C348&sr=1-14,https://m.media-amazon.com/images/I/81-JowEZnIL._FMwebp__.jpg,false,,,,{},0,,,,FREE delivery Aug 17 - 20 on $35 of items shipped by Amazon,"{""delivery"":""FREE delivery Aug 17 - 20 on $35 of items shipped by Amazon""}",1786103862174
578156,20,00784,1,15,,amazon.com,,"https://www.amazon.com/s?k=strawberries&i=samedaystore&crid=1E2QJW9TUIM1M&sprefix=mil,samedaystore,348&ref=nb_sb_noss_2",Featured,B0F1XWBJDC,"Freeze Dried Strawberries Pieces 17.6 Oz/500g, Crispy Dried Strawberries",,[],19.99,23.99,19.99,4,398,,false,amazon.com,serp,true,200,,B0F1XWBJDC,https://www.amazon.com/Premium-Freeze-Strawberries-Natural-Additives/dp/B0F1XWBJDC/ref=sr_1_15?crid=1E2QJW9TUIM1M&dib=eyJ2IjoiMSJ9.daI5AgOqfWVZKrIg_nqXBXhIjU5fNw8iguBr3j6ZQS1mS3E0-TfV6qV416B8sspMTn086DgWgTeQ84TVmrhujYnGoQp2Xnyx7dy_famfukqf0-Zm7UQ1NX6qmHJldUtw55IWrPs_XSjsaQxTdT9xtPgdpbVlfZ-pyl7WVtj_paixro0EvhZxE5iLgda502CEoC0vAvzjtEpM14KcL58AZ0-ivfN5gsjdztpunNqA-hI.KT-1jp2KSjkoXUsXqvUtCsKpsNW49N1glsDU_TkwTTU&dib_tag=se&keywords=strawberries&qid=1786103857&s=samedaystore&sprefix=mil%2Csamedaystore%2C348&sr=1-15,https://m.media-amazon.com/images/I/71RlNm4ryfL._FMwebp__.jpg,false,,,,{},0,,,,"Join Prime to get FREE delivery Mon, Aug 10Or Non-members get FREE delivery Wed, Aug 12 on $35 of items shipped by Amazon","{""delivery"":""Join Prime to get FREE delivery Mon, Aug 10Or Non-members get FREE delivery Wed, Aug 12 on $35 of items shipped by Amazon""}",1786103862174
578157,20,00784,1,16,,amazon.com,,"https://www.amazon.com/s?k=strawberries&i=samedaystore&crid=1E2QJW9TUIM1M&sprefix=mil,samedaystore,348&ref=nb_sb_noss_2",Featured,B0F2HW7M1T,Lyrow 100 Pcs 100 Pieces Fake Artificial Strawberries 2.2inch/2.76inch/3.35inch Faux Realistic Strawberry Decor Plastic Simulation Fake Lifelike Fruit for Photography Prop Cabinet Party (2.76 Inch),,[],22.99,24.99,22.99,4.6,100,,false,amazon.com,serp,true,50,,B0F2HW7M1T,https://www.amazon.com/Lyrow-Artificial-Strawberries-Strawberry-Photography/dp/B0F2HW7M1T/ref=sr_1_16?crid=1E2QJW9TUIM1M&dib=eyJ2IjoiMSJ9.daI5AgOqfWVZKrIg_nqXBXhIjU5fNw8iguBr3j6ZQS1mS3E0-TfV6qV416B8sspMTn086DgWgTeQ84TVmrhujYnGoQp2Xnyx7dy_famfukqf0-Zm7UQ1NX6qmHJldUtw55IWrPs_XSjsaQxTdT9xtPgdpbVlfZ-pyl7WVtj_paixro0EvhZxE5iLgda502CEoC0vAvzjtEpM14KcL58AZ0-ivfN5gsjdztpunNqA-hI.KT-1jp2KSjkoXUsXqvUtCsKpsNW49N1glsDU_TkwTTU&dib_tag=se&keywords=strawberries&qid=1786103857&s=samedaystore&sprefix=mil%2Csamedaystore%2C348&sr=1-16,https://m.media-amazon.com/images/I/91lbWSgAVwL._FMwebp__.jpg,false,,,,{},0,,,,"FREE delivery Thu, Aug 20 on $35 of items shipped by Amazon","{""delivery"":""FREE delivery Thu, Aug 20 on $35 of items shipped by Amazon""}",1786103862174
578222,20,00791,1,1,,amazon.com,,"https://www.amazon.com/s?k=strawberries&i=samedaystore&crid=1E2QJW9TUIM1M&sprefix=mil,samedaystore,348&ref=nb_sb_noss_2",Featured,B000P6J0SM,"Strawberries, 1 Lb",,[],0,0,0,4.6,90826,,false,amazon.com,serp,false,100000,,B000P6J0SM,https://www.amazon.com/Fresh-Produce-Brands-May-Vary/dp/B000P6J0SM/ref=sr_1_1?crid=1E2QJW9TUIM1M&dib=eyJ2IjoiMSJ9.KPHXPro0VtrKa2wIE0vhL56_6oxR3p3yGapgLhQr5_tCeivicOIopkFpBB75gPSWSuQMJbq5_-W8j28yd1xJJPCi9-3T_sNX0ElJL0UnZdueW5jK8IzAhzvR49Wj9XKGgr0Ozt7Di0rx-XfTIDMJIEfhyV6JXVPmwvuUXQzP0IEj8y4mtTy75rhMf2FTAD5Qx-PDtGnW3oV0NOUstW60b9TXsWdM86JTnOi3cr2Wj00.1ifjjTyXwynFw_HdtCxzv1ZWsIjaFARSoR7watLGUnA&dib_tag=se&keywords=strawberries&qid=1786103862&s=samedaystore&sprefix=mil%2Csamedaystore%2C348&sr=1-1,https://m.media-amazon.com/images/I/719HRHktywL._FMwebp__.jpg,false,,,,{},0,,,,,{},1786103867833
578223,20,00791,1,2,,amazon.com,,"https://www.amazon.com/s?k=strawberries&i=samedaystore&crid=1E2QJW9TUIM1M&sprefix=mil,samedaystore,348&ref=nb_sb_noss_2",Featured,B0FT35CP55,"Premium Freeze Dried Strawberry Slices | 7.05oz | No Sugar Added | in Resealable Jar Non-GMO, Vegan Snacks | Crunchy Wellsome Topping for Yogurt, Smoothie Bowls, Baking & On-the-Go Fruit Snack",,[],17.99,17.99,0,4.7,54,,false,amazon.com,serp,true,300,,B0FT35CP55,https://www.amazon.com/Premium-Strawberry-Resealable-Wellsome-Smoothie/dp/B0FT35CP55/ref=sr_1_2?crid=1E2QJW9TUIM1M&dib=eyJ2IjoiMSJ9.KPHXPro0VtrKa2wIE0vhL56_6oxR3p3yGapgLhQr5_tCeivicOIopkFpBB75gPSWSuQMJbq5_-W8j28yd1xJJPCi9-3T_sNX0ElJL0UnZdueW5jK8IzAhzvR49Wj9XKGgr0Ozt7Di0rx-XfTIDMJIEfhyV6JXVPmwvuUXQzP0IEj8y4mtTy75rhMf2FTAD5Qx-PDtGnW3oV0NOUstW60b9TXsWdM86JTnOi3cr2Wj00.1ifjjTyXwynFw_HdtCxzv1ZWsIjaFARSoR7watLGUnA&dib_tag=se&keywords=strawberries&qid=1786103862&s=samedaystore&sprefix=mil%2Csamedaystore%2C348&sr=1-2,https://m.media-amazon.com/images/I/911yY8wECIL._FMwebp__.jpg,false,,,,{},0,,,,"FREE delivery Wed, Aug 12 on $35 of items shipped by Amazon","{""delivery"":""FREE delivery Wed, Aug 12 on $35 of items shipped by Amazon""}",1786103867833
578224,20,00791,1,3,,amazon.com,,"https://www.amazon.com/s?k=strawberries&i=samedaystore&crid=1E2QJW9TUIM1M&sprefix=mil,samedaystore,348&ref=nb_sb_noss_2",Featured,B002B8Z98W,"Organic Strawberries, 1 Lb",,[],0,0,0,4.6,40783,,false,amazon.com,serp,false,100000,,B002B8Z98W,https://www.amazon.com/Fresh-Produce-Brands-Vary-040/dp/B002B8Z98W/ref=sr_1_3?crid=1E2QJW9TUIM1M&dib=eyJ2IjoiMSJ9.KPHXPro0VtrKa2wIE0vhL56_6oxR3p3yGapgLhQr5_tCeivicOIopkFpBB75gPSWSuQMJbq5_-W8j28yd1xJJPCi9-3T_sNX0ElJL0UnZdueW5jK8IzAhzvR49Wj9XKGgr0Ozt7Di0rx-XfTIDMJIEfhyV6JXVPmwvuUXQzP0IEj8y4mtTy75rhMf2FTAD5Qx-PDtGnW3oV0NOUstW60b9TXsWdM86JTnOi3cr2Wj00.1ifjjTyXwynFw_HdtCxzv1ZWsIjaFARSoR7watLGUnA&dib_tag=se&keywords=strawberries&qid=1786103862&s=samedaystore&sprefix=mil%2Csamedaystore%2C348&sr=1-3,https://m.media-amazon.com/images/I/71oKpKMVqTL._FMwebp__.jpg,false,,,,{},0,,,,,{},1786103867833
578225,20,00791,1,4,,amazon.com,,"https://www.amazon.com/s?k=strawberries&i=samedaystore&crid=1E2QJW9TUIM1M&sprefix=mil,samedaystore,348&ref=nb_sb_noss_2",Featured,B0BZ9TBY48,"Bonnie Plants Strawberry, Live Plant, 19.3 oz. (4-Pack)",,[],18.72,22.89,18.72,4.3,1069,,false,amazon.com,serp,true,900,,B0BZ9TBY48,https://www.amazon.com/Bonnie-Plants-Strawberry-Plant-4-Pack/dp/B0BZ9TBY48/ref=sr_1_4?crid=1E2QJW9TUIM1M&dib=eyJ2IjoiMSJ9.KPHXPro0VtrKa2wIE0vhL56_6oxR3p3yGapgLhQr5_tCeivicOIopkFpBB75gPSWSuQMJbq5_-W8j28yd1xJJPCi9-3T_sNX0ElJL0UnZdueW5jK8IzAhzvR49Wj9XKGgr0Ozt7Di0rx-XfTIDMJIEfhyV6JXVPmwvuUXQzP0IEj8y4mtTy75rhMf2FTAD5Qx-PDtGnW3oV0NOUstW60b9TXsWdM86JTnOi3cr2Wj00.1ifjjTyXwynFw_HdtCxzv1ZWsIjaFARSoR7watLGUnA&dib_tag=se&keywords=strawberries&qid=1786103862&s=samedaystore&sprefix=mil%2Csamedaystore%2C348&sr=1-4,https://m.media-amazon.com/images/I/71jTWZBe4UL._FMwebp__.jpg,false,,,,{},0,,,,FREE delivery on $35 of items shipped by Amazon,"{""delivery"":""FREE delivery on $35 of items shipped by Amazon""}",1786103867833
578226,20,00791,1,5,,amazon.com,,"https://www.amazon.com/s?k=strawberries&i=samedaystore&crid=1E2QJW9TUIM1M&sprefix=mil,samedaystore,348&ref=nb_sb_noss_2",Featured,B000P6G12U,"Red Raspberries, 6 oz",,[],0,0,0,4.6,37207,,false,amazon.com,serp,false,100000,,B000P6G12U,https://www.amazon.com/Fresh-Produce-Brands-May-Vary/dp/B000P6G12U/ref=sr_1_5?crid=1E2QJW9TUIM1M&dib=eyJ2IjoiMSJ9.KPHXPro0VtrKa2wIE0vhL56_6oxR3p3yGapgLhQr5_tCeivicOIopkFpBB75gPSWSuQMJbq5_-W8j28yd1xJJPCi9-3T_sNX0ElJL0UnZdueW5jK8IzAhzvR49Wj9XKGgr0Ozt7Di0rx-XfTIDMJIEfhyV6JXVPmwvuUXQzP0IEj8y4mtTy75rhMf2FTAD5Qx-PDtGnW3oV0NOUstW60b9TXsWdM86JTnOi3cr2Wj00.1ifjjTyXwynFw_HdtCxzv1ZWsIjaFARSoR7watLGUnA&dib_tag=se&keywords=strawberries&qid=1786103862&s=samedaystore&sprefix=mil%2Csamedaystore%2C348&sr=1-5,https://m.media-amazon.com/images/I/61lsVNuBxkL._FMwebp__.jpg,false,,,,{},0,,,,,{},1786103867833
578227,20,00791,1,6,,amazon.com,,"https://www.amazon.com/s?k=strawberries&i=samedaystore&crid=1E2QJW9TUIM1M&sprefix=mil,samedaystore,348&ref=nb_sb_noss_2",Featured,B0GSTGDDPR,"All Season Strawberry Seeds for Home Garden Planting, Perennial Herbaceous Plant - 2500 Seeds/Pack",,[],9.98,9.98,0,3.5,18,,false,amazon.com,serp,true,100,,B0GSTGDDPR,https://www.amazon.com/Season-Strawberry-Planting-Perennial-Herbaceous/dp/B0GSTGDDPR/ref=sr_1_6?crid=1E2QJW9TUIM1M&dib=eyJ2IjoiMSJ9.KPHXPro0VtrKa2wIE0vhL56_6oxR3p3yGapgLhQr5_tCeivicOIopkFpBB75gPSWSuQMJbq5_-W8j28yd1xJJPCi9-3T_sNX0ElJL0UnZdueW5jK8IzAhzvR49Wj9XKGgr0Ozt7Di0rx-XfTIDMJIEfhyV6JXVPmwvuUXQzP0IEj8y4mtTy75rhMf2FTAD5Qx-PDtGnW3oV0NOUstW60b9TXsWdM86JTnOi3cr2Wj00.1ifjjTyXwynFw_HdtCxzv1ZWsIjaFARSoR7watLGUnA&dib_tag=se&keywords=strawberries&qid=1786103862&s=samedaystore&sprefix=mil%2Csamedaystore%2C348&sr=1-6,https://m.media-amazon.com/images/I/81xLcMDHjbL._FMwebp__.jpg,false,,,,{},0,,,,"FREE delivery Wed, Aug 12 on $35 of items shipped by Amazon","{""delivery"":""FREE delivery Wed, Aug 12 on $35 of items shipped by Amazon""}",1786103867833
578228,20,00791,1,7,,amazon.com,,"https://www.amazon.com/s?k=strawberries&i=samedaystore&crid=1E2QJW9TUIM1M&sprefix=mil,samedaystore,348&ref=nb_sb_noss_2",Featured,B008945XB0,"Augason Farms Freeze Dried Sliced Strawberries Can 6.5 oz | 18 Servings, Gluten Free Snack for Baking, Smoothies, and Emergency Storage, Healthy Individual Fruit Snacks, 6.5 Ounces",,[],18,18,0,4.6,10834,,false,amazon.com,serp,true,500,,B008945XB0,https://www.amazon.com/Augason-Farms-Freeze-Sliced-Strawberries/dp/B008945XB0/ref=sr_1_7?crid=1E2QJW9TUIM1M&dib=eyJ2IjoiMSJ9.KPHXPro0VtrKa2wIE0vhL56_6oxR3p3yGapgLhQr5_tCeivicOIopkFpBB75gPSWSuQMJbq5_-W8j28yd1xJJPCi9-3T_sNX0ElJL0UnZdueW5jK8IzAhzvR49Wj9XKGgr0Ozt7Di0rx-XfTIDMJIEfhyV6JXVPmwvuUXQzP0IEj8y4mtTy75rhMf2FTAD5Qx-PDtGnW3oV0NOUstW60b9TXsWdM86JTnOi3cr2Wj00.1ifjjTyXwynFw_HdtCxzv1ZWsIjaFARSoR7watLGUnA&dib_tag=se&keywords=strawberries&qid=1786103862&s=samedaystore&sprefix=mil%2Csamedaystore%2C348&sr=1-7,https://m.media-amazon.com/images/I/71Y5VPm9QzL._FMwebp__.jpg,false,,,,{},0,,,,FREE delivery Aug 24 - Sep 5 on $35 of items shipped by Amazon,"{""delivery"":""FREE delivery Aug 24 - Sep 5 on $35 of items shipped by Amazon""}",1786103867833
578229,20,00791,1,8,,amazon.com,,"https://www.amazon.com/s?k=strawberries&i=samedaystore&crid=1E2QJW9TUIM1M&sprefix=mil,samedaystore,348&ref=nb_sb_noss_2",Featured,B09CGC6GM5,"Happy Village Organic Whole Dried Strawberries, 18 OZ Resealable Pack- Soft & Juicy, Kosher, Non-GMO, No Refined Sugar, Apple Juice Infused Dried Strawberry",,[],28.99,28.99,0,4.2,1872,,false,amazon.com,serp,true,800,,B09CGC6GM5,https://www.amazon.com/Organic-Strawberries-Happy-Village-Strawberry/dp/B09CGC6GM5/ref=sr_1_8?crid=1E2QJW9TUIM1M&dib=eyJ2IjoiMSJ9.KPHXPro0VtrKa2wIE0vhL56_6oxR3p3yGapgLhQr5_tCeivicOIopkFpBB75gPSWSuQMJbq5_-W8j28yd1xJJPCi9-3T_sNX0ElJL0UnZdueW5jK8IzAhzvR49Wj9XKGgr0Ozt7Di0rx-XfTIDMJIEfhyV6JXVPmwvuUXQzP0IEj8y4mtTy75rhMf2FTAD5Qx-PDtGnW3oV0NOUstW60b9TXsWdM86JTnOi3cr2Wj00.1ifjjTyXwynFw_HdtCxzv1ZWsIjaFARSoR7watLGUnA&dib_tag=se&keywords=strawberries&qid=1786103862&s=samedaystore&sprefix=mil%2Csamedaystore%2C348&sr=1-8,https://m.media-amazon.com/images/I/815C40gH9OL._FMwebp__.jpg,false,,,,{},0,,,,"FREE delivery Wed, Aug 12 on $35 of items shipped by Amazon","{""delivery"":""FREE delivery Wed, Aug 12 on $35 of items shipped by Amazon""}",1786103867833
578230,20,00791,1,9,,amazon.com,,"https://www.amazon.com/s?k=strawberries&i=samedaystore&crid=1E2QJW9TUIM1M&sprefix=mil,samedaystore,348&ref=nb_sb_noss_2",Featured,B0FFMBS8Y1,"Amilutuo Freeze Dried Strawberries Pieces, 3.17OZ/90g Frozen Strawberries | Freeze Dried Fruit, Dehydrated Strawberries, Freeze Dried Snacks",,[],8.99,9.49,8.99,4.5,376,,false,amazon.com,serp,true,700,,B0FFMBS8Y1,https://www.amazon.com/Freeze-Strawberries-Pieces-Dehydrated-Preservatives/dp/B0FFMBS8Y1/ref=sr_1_9?crid=1E2QJW9TUIM1M&dib=eyJ2IjoiMSJ9.KPHXPro0VtrKa2wIE0vhL56_6oxR3p3yGapgLhQr5_tCeivicOIopkFpBB75gPSWSuQMJbq5_-W8j28yd1xJJPCi9-3T_sNX0ElJL0UnZdueW5jK8IzAhzvR49Wj9XKGgr0Ozt7Di0rx-XfTIDMJIEfhyV6JXVPmwvuUXQzP0IEj8y4mtTy75rhMf2FTAD5Qx-PDtGnW3oV0NOUstW60b9TXsWdM86JTnOi3cr2Wj00.1ifjjTyXwynFw_HdtCxzv1ZWsIjaFARSoR7watLGUnA&dib_tag=se&keywords=strawberries&qid=1786103862&s=samedaystore&sprefix=mil%2Csamedaystore%2C348&sr=1-9,https://m.media-amazon.com/images/I/81RkuXeP7BL._FMwebp__.jpg,false,,,,{},0,,,,"FREE delivery Wed, Aug 12 on $35 of items shipped by Amazon","{""delivery"":""FREE delivery Wed, Aug 12 on $35 of items shipped by Amazon""}",1786103867833
578231,20,00791,1,10,,amazon.com,,"https://www.amazon.com/s?k=strawberries&i=samedaystore&crid=1E2QJW9TUIM1M&sprefix=mil,samedaystore,348&ref=nb_sb_noss_2",Featured,B077N7TR5G,Organic Blueberries Pint,,[],0,0,0,4.7,27829,,false,amazon.com,serp,false,100000,,B077N7TR5G,https://www.amazon.com/produce-aisle-112042-Organic-Blueberries/dp/B077N7TR5G/ref=sr_1_10?crid=1E2QJW9TUIM1M&dib=eyJ2IjoiMSJ9.KPHXPro0VtrKa2wIE0vhL56_6oxR3p3yGapgLhQr5_tCeivicOIopkFpBB75gPSWSuQMJbq5_-W8j28yd1xJJPCi9-3T_sNX0ElJL0UnZdueW5jK8IzAhzvR49Wj9XKGgr0Ozt7Di0rx-XfTIDMJIEfhyV6JXVPmwvuUXQzP0IEj8y4mtTy75rhMf2FTAD5Qx-PDtGnW3oV0NOUstW60b9TXsWdM86JTnOi3cr2Wj00.1ifjjTyXwynFw_HdtCxzv1ZWsIjaFARSoR7watLGUnA&dib_tag=se&keywords=strawberries&qid=1786103862&s=samedaystore&sprefix=mil%2Csamedaystore%2C348&sr=1-10,https://m.media-amazon.com/images/I/61RTWtYAGRL._FMwebp__.jpg,false,,,,{},0,,,,,{},1786103867833
578232,20,00791,1,11,,amazon.com,,"https://www.amazon.com/s?k=strawberries&i=samedaystore&crid=1E2QJW9TUIM1M&sprefix=mil,samedaystore,348&ref=nb_sb_noss_2",Featured,B0F2HW7M1T,Lyrow 100 Pcs 100 Pieces Fake Artificial Strawberries 2.2inch/2.76inch/3.35inch Faux Realistic Strawberry Decor Plastic Simulation Fake Lifelike Fruit for Photography Prop Cabinet Party (2.76 Inch),,[],22.99,24.99,22.99,4.6,100,,false,amazon.com,serp,true,50,,B0F2HW7M1T,https://www.amazon.com/Lyrow-Artificial-Strawberries-Strawberry-Photography/dp/B0F2HW7M1T/ref=sr_1_11?crid=1E2QJW9TUIM1M&dib=eyJ2IjoiMSJ9.KPHXPro0VtrKa2wIE0vhL56_6oxR3p3yGapgLhQr5_tCeivicOIopkFpBB75gPSWSuQMJbq5_-W8j28yd1xJJPCi9-3T_sNX0ElJL0UnZdueW5jK8IzAhzvR49Wj9XKGgr0Ozt7Di0rx-XfTIDMJIEfhyV6JXVPmwvuUXQzP0IEj8y4mtTy75rhMf2FTAD5Qx-PDtGnW3oV0NOUstW60b9TXsWdM86JTnOi3cr2Wj00.1ifjjTyXwynFw_HdtCxzv1ZWsIjaFARSoR7watLGUnA&dib_tag=se&keywords=strawberries&qid=1786103862&s=samedaystore&sprefix=mil%2Csamedaystore%2C348&sr=1-11,https://m.media-amazon.com/images/I/91lbWSgAVwL._FMwebp__.jpg,false,,,,{},0,,,,"FREE delivery Thu, Aug 20 on $35 of items shipped by Amazon","{""delivery"":""FREE delivery Thu, Aug 20 on $35 of items shipped by Amazon""}",1786103867833
578233,20,00791,1,12,,amazon.com,,"https://www.amazon.com/s?k=strawberries&i=samedaystore&crid=1E2QJW9TUIM1M&sprefix=mil,samedaystore,348&ref=nb_sb_noss_2",Featured,B0DD94HBMV,"Strawberry Bon Bons Hard Candy, 1 Pound (Approx. 75 pcs.), Strawberry Candy Individually Wrapped, Strawberry Candy, The Hampton Popcorn & Candy Company",,[],8.99,8.99,0,4.7,867,,false,amazon.com,serp,true,500,,B0DD94HBMV,https://www.amazon.com/Strawberry-Candy-Individually-Hampton-Company/dp/B0DD94HBMV/ref=sr_1_12?crid=1E2QJW9TUIM1M&dib=eyJ2IjoiMSJ9.KPHXPro0VtrKa2wIE0vhL56_6oxR3p3yGapgLhQr5_tCeivicOIopkFpBB75gPSWSuQMJbq5_-W8j28yd1xJJPCi9-3T_sNX0ElJL0UnZdueW5jK8IzAhzvR49Wj9XKGgr0Ozt7Di0rx-XfTIDMJIEfhyV6JXVPmwvuUXQzP0IEj8y4mtTy75rhMf2FTAD5Qx-PDtGnW3oV0NOUstW60b9TXsWdM86JTnOi3cr2Wj00.1ifjjTyXwynFw_HdtCxzv1ZWsIjaFARSoR7watLGUnA&dib_tag=se&keywords=strawberries&qid=1786103862&s=samedaystore&sprefix=mil%2Csamedaystore%2C348&sr=1-12,https://m.media-amazon.com/images/I/81cc7G69D9L._FMwebp__.jpg,false,,,,{},0,,,,"FREE delivery Wed, Aug 12 on $35 of items shipped by Amazon","{""delivery"":""FREE delivery Wed, Aug 12 on $35 of items shipped by Amazon""}",1786103867833
578234,20,00791,1,13,,amazon.com,,"https://www.amazon.com/s?k=strawberries&i=samedaystore&crid=1E2QJW9TUIM1M&sprefix=mil,samedaystore,348&ref=nb_sb_noss_2",Featured,B002XOHZWC,"Chef'n Original Stem Gem Strawberry Huller, Red/Green - 102-138-005",,[],8,8,0,4.6,15027,,false,amazon.com,serp,true,3000,,B002XOHZWC,https://www.amazon.com/Chefn-27466-StemGem-Strawberry-Huller/dp/B002XOHZWC/ref=sr_1_13?crid=1E2QJW9TUIM1M&dib=eyJ2IjoiMSJ9.KPHXPro0VtrKa2wIE0vhL56_6oxR3p3yGapgLhQr5_tCeivicOIopkFpBB75gPSWSuQMJbq5_-W8j28yd1xJJPCi9-3T_sNX0ElJL0UnZdueW5jK8IzAhzvR49Wj9XKGgr0Ozt7Di0rx-XfTIDMJIEfhyV6JXVPmwvuUXQzP0IEj8y4mtTy75rhMf2FTAD5Qx-PDtGnW3oV0NOUstW60b9TXsWdM86JTnOi3cr2Wj00.1ifjjTyXwynFw_HdtCxzv1ZWsIjaFARSoR7watLGUnA&dib_tag=se&keywords=strawberries&qid=1786103862&s=samedaystore&sprefix=mil%2Csamedaystore%2C348&sr=1-13,https://m.media-amazon.com/images/I/61rt3VOPtZL._FMwebp__.jpg,false,,,,{},0,,,,"FREE delivery Wed, Aug 12 on $35 of items shipped by Amazon","{""delivery"":""FREE delivery Wed, Aug 12 on $35 of items shipped by Amazon""}",1786103867833
578235,20,00791,1,14,,amazon.com,,"https://www.amazon.com/s?k=strawberries&i=samedaystore&crid=1E2QJW9TUIM1M&sprefix=mil,samedaystore,348&ref=nb_sb_noss_2",Featured,B000VA2W0U,"HERSHEY'S Strawberry Flavored Syrup Bottle, 22 oz",,"[""Best Seller""]",4.79,4.79,0,4.6,2942,,false,amazon.com,serp,true,,,B000VA2W0U,https://www.amazon.com/HERSHEYS-Strawberry-Dessert-Topping-Beverage/dp/B000VA2W0U/ref=sr_1_14?crid=1E2QJW9TUIM1M&dib=eyJ2IjoiMSJ9.KPHXPro0VtrKa2wIE0vhL56_6oxR3p3yGapgLhQr5_tCeivicOIopkFpBB75gPSWSuQMJbq5_-W8j28yd1xJJPCi9-3T_sNX0ElJL0UnZdueW5jK8IzAhzvR49Wj9XKGgr0Ozt7Di0rx-XfTIDMJIEfhyV6JXVPmwvuUXQzP0IEj8y4mtTy75rhMf2FTAD5Qx-PDtGnW3oV0NOUstW60b9TXsWdM86JTnOi3cr2Wj00.1ifjjTyXwynFw_HdtCxzv1ZWsIjaFARSoR7watLGUnA&dib_tag=se&keywords=strawberries&qid=1786103862&s=samedaystore&sprefix=mil%2Csamedaystore%2C348&sr=1-14,https://m.media-amazon.com/images/I/71PmaZMjoNL._FMwebp__.jpg,false,,,,{},0,,,,"FREE delivery Wed, Aug 12 on $35 of items shipped by Amazon","{""delivery"":""FREE delivery Wed, Aug 12 on $35 of items shipped by Amazon""}",1786103867833
578236,20,00791,1,15,,amazon.com,,"https://www.amazon.com/s?k=strawberries&i=samedaystore&crid=1E2QJW9TUIM1M&sprefix=mil,samedaystore,348&ref=nb_sb_noss_2",Featured,B0BT8QKTG7,"Augason Farms Freeze Dried Sliced Strawberries Pouch 1.4 oz | Gluten Free Snack for Baking, Smoothies, and Emergency Storage, Healthy Individual Fruit Snacks 1.4 Ounces (4 Servings)",,[],6.38,6.38,0,4.6,10834,,false,amazon.com,serp,true,200,,B0BT8QKTG7,https://www.amazon.com/Freeze-Dried-Sliced-Strawberries-Resealable-Pouch/dp/B0BT8QKTG7/ref=sr_1_15?crid=1E2QJW9TUIM1M&dib=eyJ2IjoiMSJ9.KPHXPro0VtrKa2wIE0vhL56_6oxR3p3yGapgLhQr5_tCeivicOIopkFpBB75gPSWSuQMJbq5_-W8j28yd1xJJPCi9-3T_sNX0ElJL0UnZdueW5jK8IzAhzvR49Wj9XKGgr0Ozt7Di0rx-XfTIDMJIEfhyV6JXVPmwvuUXQzP0IEj8y4mtTy75rhMf2FTAD5Qx-PDtGnW3oV0NOUstW60b9TXsWdM86JTnOi3cr2Wj00.1ifjjTyXwynFw_HdtCxzv1ZWsIjaFARSoR7watLGUnA&dib_tag=se&keywords=strawberries&qid=1786103862&s=samedaystore&sprefix=mil%2Csamedaystore%2C348&sr=1-15,https://m.media-amazon.com/images/I/81RSryU5z3L._FMwebp__.jpg,false,,,,{},0,,,,"FREE delivery Wed, Aug 12 on $35 of items shipped by Amazon","{""delivery"":""FREE delivery Wed, Aug 12 on $35 of items shipped by Amazon""}",1786103867833
578237,20,00791,1,16,,amazon.com,,"https://www.amazon.com/s?k=strawberries&i=samedaystore&crid=1E2QJW9TUIM1M&sprefix=mil,samedaystore,348&ref=nb_sb_noss_2",Featured,B0FQDCP3MN,"Starbucks Refreshers Concentrate Strawberry Acai, Refreshing Drink, Cold Drinks 32 fl oz",,[],8.97,8.97,0,4.8,797,,false,amazon.com,serp,true,20000,,B0FQDCP3MN,https://www.amazon.com/Starbucks-Refreshers-Concentrate-Strawberry-Refreshing/dp/B0FQDCP3MN/ref=sr_1_16?crid=1E2QJW9TUIM1M&dib=eyJ2IjoiMSJ9.KPHXPro0VtrKa2wIE0vhL56_6oxR3p3yGapgLhQr5_tCeivicOIopkFpBB75gPSWSuQMJbq5_-W8j28yd1xJJPCi9-3T_sNX0ElJL0UnZdueW5jK8IzAhzvR49Wj9XKGgr0Ozt7Di0rx-XfTIDMJIEfhyV6JXVPmwvuUXQzP0IEj8y4mtTy75rhMf2FTAD5Qx-PDtGnW3oV0NOUstW60b9TXsWdM86JTnOi3cr2Wj00.1ifjjTyXwynFw_HdtCxzv1ZWsIjaFARSoR7watLGUnA&dib_tag=se&keywords=strawberries&qid=1786103862&s=samedaystore&sprefix=mil%2Csamedaystore%2C348&sr=1-16,https://m.media-amazon.com/images/I/51vGg9F37ML._FMwebp__.jpg,false,,,,{},0,,,,"FREE delivery Wed, Aug 12 on $35 of items shipped by Amazon","{""delivery"":""FREE delivery Wed, Aug 12 on $35 of items shipped by Amazon""}",1786103867833
578190,20,00907,1,1,,amazon.com,,"https://www.amazon.com/s?k=strawberries&i=samedaystore&crid=1E2QJW9TUIM1M&sprefix=mil,samedaystore,348&ref=nb_sb_noss_2",Featured,B000P6J0SM,"Strawberries, 1 Lb",,[],0,0,0,4.6,90826,,false,amazon.com,serp,false,100000,,B000P6J0SM,https://www.amazon.com/Fresh-Produce-Brands-May-Vary/dp/B000P6J0SM/ref=sr_1_1?crid=1E2QJW9TUIM1M&dib=eyJ2IjoiMSJ9.daI5AgOqfWVZKrIg_nqXBXhIjU5fNw8iguBr3j6ZQS1mS3E0-TfV6qV416B8sspMCMUIdvm1t0YrFF8tLPKaZqJj71nPnaUuJZP-T4Tla2mMmVu_bOxg99n-mAlJoGxM46JGxqw-QK7EaJwkneNvd88JlQWWRjm3CX2gIuQ6py4khaRRCWFly2WMYaPodGaZ2qpQHDAy63niMw0Usoh3iq9X-22prifAIL3NvTWpDwY.ZMLxbd2kob9UVBM4EXpQoog2LOBwO9ofRgIVIM6aa00&dib_tag=se&keywords=strawberries&qid=1786103862&s=samedaystore&sprefix=mil%2Csamedaystore%2C348&sr=1-1,https://m.media-amazon.com/images/I/719HRHktywL._FMwebp__.jpg,false,,,,{},0,,,,,{},1786103865560
578191,20,00907,1,2,,amazon.com,,"https://www.amazon.com/s?k=strawberries&i=samedaystore&crid=1E2QJW9TUIM1M&sprefix=mil,samedaystore,348&ref=nb_sb_noss_2",Featured,B002B8Z98W,"Organic Strawberries, 1 Lb",,[],0,0,0,4.6,40783,,false,amazon.com,serp,false,100000,,B002B8Z98W,https://www.amazon.com/Fresh-Produce-Brands-Vary-040/dp/B002B8Z98W/ref=sr_1_2?crid=1E2QJW9TUIM1M&dib=eyJ2IjoiMSJ9.daI5AgOqfWVZKrIg_nqXBXhIjU5fNw8iguBr3j6ZQS1mS3E0-TfV6qV416B8sspMCMUIdvm1t0YrFF8tLPKaZqJj71nPnaUuJZP-T4Tla2mMmVu_bOxg99n-mAlJoGxM46JGxqw-QK7EaJwkneNvd88JlQWWRjm3CX2gIuQ6py4khaRRCWFly2WMYaPodGaZ2qpQHDAy63niMw0Usoh3iq9X-22prifAIL3NvTWpDwY.ZMLxbd2kob9UVBM4EXpQoog2LOBwO9ofRgIVIM6aa00&dib_tag=se&keywords=strawberries&qid=1786103862&s=samedaystore&sprefix=mil%2Csamedaystore%2C348&sr=1-2,https://m.media-amazon.com/images/I/71oKpKMVqTL._FMwebp__.jpg,false,,,,{},0,,,,,{},1786103865560
578192,20,00907,1,3,,amazon.com,,"https://www.amazon.com/s?k=strawberries&i=samedaystore&crid=1E2QJW9TUIM1M&sprefix=mil,samedaystore,348&ref=nb_sb_noss_2",Featured,B0FT35CP55,"Premium Freeze Dried Strawberry Slices | 7.05oz | No Sugar Added | in Resealable Jar Non-GMO, Vegan Snacks | Crunchy Wellsome Topping for Yogurt, Smoothie Bowls, Baking & On-the-Go Fruit Snack",,[],17.99,17.99,0,4.7,54,,false,amazon.com,serp,true,300,,B0FT35CP55,https://www.amazon.com/Premium-Strawberry-Resealable-Wellsome-Smoothie/dp/B0FT35CP55/ref=sr_1_3?crid=1E2QJW9TUIM1M&dib=eyJ2IjoiMSJ9.daI5AgOqfWVZKrIg_nqXBXhIjU5fNw8iguBr3j6ZQS1mS3E0-TfV6qV416B8sspMCMUIdvm1t0YrFF8tLPKaZqJj71nPnaUuJZP-T4Tla2mMmVu_bOxg99n-mAlJoGxM46JGxqw-QK7EaJwkneNvd88JlQWWRjm3CX2gIuQ6py4khaRRCWFly2WMYaPodGaZ2qpQHDAy63niMw0Usoh3iq9X-22prifAIL3NvTWpDwY.ZMLxbd2kob9UVBM4EXpQoog2LOBwO9ofRgIVIM6aa00&dib_tag=se&keywords=strawberries&qid=1786103862&s=samedaystore&sprefix=mil%2Csamedaystore%2C348&sr=1-3,https://m.media-amazon.com/images/I/911yY8wECIL._FMwebp__.jpg,false,,,,{},0,,,,"FREE delivery Wed, Aug 12 on $35 of items shipped by Amazon","{""delivery"":""FREE delivery Wed, Aug 12 on $35 of items shipped by Amazon""}",1786103865560
578193,20,00907,1,4,,amazon.com,,"https://www.amazon.com/s?k=strawberries&i=samedaystore&crid=1E2QJW9TUIM1M&sprefix=mil,samedaystore,348&ref=nb_sb_noss_2",Featured,B000P6G12U,"Red Raspberries, 6 oz",,[],0,0,0,4.6,37207,,false,amazon.com,serp,false,100000,,B000P6G12U,https://www.amazon.com/Fresh-Produce-Brands-May-Vary/dp/B000P6G12U/ref=sr_1_4?crid=1E2QJW9TUIM1M&dib=eyJ2IjoiMSJ9.daI5AgOqfWVZKrIg_nqXBXhIjU5fNw8iguBr3j6ZQS1mS3E0-TfV6qV416B8sspMCMUIdvm1t0YrFF8tLPKaZqJj71nPnaUuJZP-T4Tla2mMmVu_bOxg99n-mAlJoGxM46JGxqw-QK7EaJwkneNvd88JlQWWRjm3CX2gIuQ6py4khaRRCWFly2WMYaPodGaZ2qpQHDAy63niMw0Usoh3iq9X-22prifAIL3NvTWpDwY.ZMLxbd2kob9UVBM4EXpQoog2LOBwO9ofRgIVIM6aa00&dib_tag=se&keywords=strawberries&qid=1786103862&s=samedaystore&sprefix=mil%2Csamedaystore%2C348&sr=1-4,https://m.media-amazon.com/images/I/61lsVNuBxkL._FMwebp__.jpg,false,,,,{},0,,,,,{},1786103865560
578194,20,00907,1,5,,amazon.com,,"https://www.amazon.com/s?k=strawberries&i=samedaystore&crid=1E2QJW9TUIM1M&sprefix=mil,samedaystore,348&ref=nb_sb_noss_2",Featured,B0BZ9TBY48,"Bonnie Plants Strawberry, Live Plant, 19.3 oz. (4-Pack)",,[],18.72,22.89,18.72,4.3,1069,,false,amazon.com,serp,true,900,,B0BZ9TBY48,https://www.amazon.com/Bonnie-Plants-Strawberry-Plant-4-Pack/dp/B0BZ9TBY48/ref=sr_1_5?crid=1E2QJW9TUIM1M&dib=eyJ2IjoiMSJ9.daI5AgOqfWVZKrIg_nqXBXhIjU5fNw8iguBr3j6ZQS1mS3E0-TfV6qV416B8sspMCMUIdvm1t0YrFF8tLPKaZqJj71nPnaUuJZP-T4Tla2mMmVu_bOxg99n-mAlJoGxM46JGxqw-QK7EaJwkneNvd88JlQWWRjm3CX2gIuQ6py4khaRRCWFly2WMYaPodGaZ2qpQHDAy63niMw0Usoh3iq9X-22prifAIL3NvTWpDwY.ZMLxbd2kob9UVBM4EXpQoog2LOBwO9ofRgIVIM6aa00&dib_tag=se&keywords=strawberries&qid=1786103862&s=samedaystore&sprefix=mil%2Csamedaystore%2C348&sr=1-5,https://m.media-amazon.com/images/I/71jTWZBe4UL._FMwebp__.jpg,false,,,,{},0,,,,FREE delivery on $35 of items shipped by Amazon,"{""delivery"":""FREE delivery on $35 of items shipped by Amazon""}",1786103865560
578195,20,00907,1,6,,amazon.com,,"https://www.amazon.com/s?k=strawberries&i=samedaystore&crid=1E2QJW9TUIM1M&sprefix=mil,samedaystore,348&ref=nb_sb_noss_2",Featured,B008945XB0,"Augason Farms Freeze Dried Sliced Strawberries Can 6.5 oz | 18 Servings, Gluten Free Snack for Baking, Smoothies, and Emergency Storage, Healthy Individual Fruit Snacks, 6.5 Ounces",,[],18,18,0,4.6,10834,,false,amazon.com,serp,true,500,,B008945XB0,https://www.amazon.com/Augason-Farms-Freeze-Sliced-Strawberries/dp/B008945XB0/ref=sr_1_6?crid=1E2QJW9TUIM1M&dib=eyJ2IjoiMSJ9.daI5AgOqfWVZKrIg_nqXBXhIjU5fNw8iguBr3j6ZQS1mS3E0-TfV6qV416B8sspMCMUIdvm1t0YrFF8tLPKaZqJj71nPnaUuJZP-T4Tla2mMmVu_bOxg99n-mAlJoGxM46JGxqw-QK7EaJwkneNvd88JlQWWRjm3CX2gIuQ6py4khaRRCWFly2WMYaPodGaZ2qpQHDAy63niMw0Usoh3iq9X-22prifAIL3NvTWpDwY.ZMLxbd2kob9UVBM4EXpQoog2LOBwO9ofRgIVIM6aa00&dib_tag=se&keywords=strawberries&qid=1786103862&s=samedaystore&sprefix=mil%2Csamedaystore%2C348&sr=1-6,https://m.media-amazon.com/images/I/71Y5VPm9QzL._FMwebp__.jpg,false,,,,{},0,,,,FREE delivery Aug 24 - Sep 5 on $35 of items shipped by Amazon,"{""delivery"":""FREE delivery Aug 24 - Sep 5 on $35 of items shipped by Amazon""}",1786103865560
578196,20,00907,1,7,,amazon.com,,"https://www.amazon.com/s?k=strawberries&i=samedaystore&crid=1E2QJW9TUIM1M&sprefix=mil,samedaystore,348&ref=nb_sb_noss_2",Featured,B0FFMBS8Y1,"Amilutuo Freeze Dried Strawberries Pieces, 3.17OZ/90g Frozen Strawberries | Freeze Dried Fruit, Dehydrated Strawberries, Freeze Dried Snacks",,[],8.99,9.49,8.99,4.5,376,,false,amazon.com,serp,true,700,,B0FFMBS8Y1,https://www.amazon.com/Freeze-Strawberries-Pieces-Dehydrated-Preservatives/dp/B0FFMBS8Y1/ref=sr_1_7?crid=1E2QJW9TUIM1M&dib=eyJ2IjoiMSJ9.daI5AgOqfWVZKrIg_nqXBXhIjU5fNw8iguBr3j6ZQS1mS3E0-TfV6qV416B8sspMCMUIdvm1t0YrFF8tLPKaZqJj71nPnaUuJZP-T4Tla2mMmVu_bOxg99n-mAlJoGxM46JGxqw-QK7EaJwkneNvd88JlQWWRjm3CX2gIuQ6py4khaRRCWFly2WMYaPodGaZ2qpQHDAy63niMw0Usoh3iq9X-22prifAIL3NvTWpDwY.ZMLxbd2kob9UVBM4EXpQoog2LOBwO9ofRgIVIM6aa00&dib_tag=se&keywords=strawberries&qid=1786103862&s=samedaystore&sprefix=mil%2Csamedaystore%2C348&sr=1-7,https://m.media-amazon.com/images/I/81RkuXeP7BL._FMwebp__.jpg,false,,,,{},0,,,,"FREE delivery Wed, Aug 12 on $35 of items shipped by Amazon","{""delivery"":""FREE delivery Wed, Aug 12 on $35 of items shipped by Amazon""}",1786103865560
578197,20,00907,1,8,,amazon.com,,"https://www.amazon.com/s?k=strawberries&i=samedaystore&crid=1E2QJW9TUIM1M&sprefix=mil,samedaystore,348&ref=nb_sb_noss_2",Featured,B09CGC6GM5,"Happy Village Organic Whole Dried Strawberries, 18 OZ Resealable Pack- Soft & Juicy, Kosher, Non-GMO, No Refined Sugar, Apple Juice Infused Dried Strawberry",,[],28.99,28.99,0,4.2,1872,,false,amazon.com,serp,true,800,,B09CGC6GM5,https://www.amazon.com/Organic-Strawberries-Happy-Village-Strawberry/dp/B09CGC6GM5/ref=sr_1_8?crid=1E2QJW9TUIM1M&dib=eyJ2IjoiMSJ9.daI5AgOqfWVZKrIg_nqXBXhIjU5fNw8iguBr3j6ZQS1mS3E0-TfV6qV416B8sspMCMUIdvm1t0YrFF8tLPKaZqJj71nPnaUuJZP-T4Tla2mMmVu_bOxg99n-mAlJoGxM46JGxqw-QK7EaJwkneNvd88JlQWWRjm3CX2gIuQ6py4khaRRCWFly2WMYaPodGaZ2qpQHDAy63niMw0Usoh3iq9X-22prifAIL3NvTWpDwY.ZMLxbd2kob9UVBM4EXpQoog2LOBwO9ofRgIVIM6aa00&dib_tag=se&keywords=strawberries&qid=1786103862&s=samedaystore&sprefix=mil%2Csamedaystore%2C348&sr=1-8,https://m.media-amazon.com/images/I/815C40gH9OL._FMwebp__.jpg,false,,,,{},0,,,,"FREE delivery Wed, Aug 12 on $35 of items shipped by Amazon","{""delivery"":""FREE delivery Wed, Aug 12 on $35 of items shipped by Amazon""}",1786103865560
578198,20,00907,1,9,,amazon.com,,"https://www.amazon.com/s?k=strawberries&i=samedaystore&crid=1E2QJW9TUIM1M&sprefix=mil,samedaystore,348&ref=nb_sb_noss_2",Featured,B077N7TR5G,Organic Blueberries Pint,,[],0,0,0,4.7,27829,,false,amazon.com,serp,false,100000,,B077N7TR5G,https://www.amazon.com/produce-aisle-112042-Organic-Blueberries/dp/B077N7TR5G/ref=sr_1_9?crid=1E2QJW9TUIM1M&dib=eyJ2IjoiMSJ9.daI5AgOqfWVZKrIg_nqXBXhIjU5fNw8iguBr3j6ZQS1mS3E0-TfV6qV416B8sspMCMUIdvm1t0YrFF8tLPKaZqJj71nPnaUuJZP-T4Tla2mMmVu_bOxg99n-mAlJoGxM46JGxqw-QK7EaJwkneNvd88JlQWWRjm3CX2gIuQ6py4khaRRCWFly2WMYaPodGaZ2qpQHDAy63niMw0Usoh3iq9X-22prifAIL3NvTWpDwY.ZMLxbd2kob9UVBM4EXpQoog2LOBwO9ofRgIVIM6aa00&dib_tag=se&keywords=strawberries&qid=1786103862&s=samedaystore&sprefix=mil%2Csamedaystore%2C348&sr=1-9,https://m.media-amazon.com/images/I/61RTWtYAGRL._FMwebp__.jpg,false,,,,{},0,,,,,{},1786103865560
578199,20,00907,1,10,,amazon.com,,"https://www.amazon.com/s?k=strawberries&i=samedaystore&crid=1E2QJW9TUIM1M&sprefix=mil,samedaystore,348&ref=nb_sb_noss_2",Featured,B0GSTGDDPR,"All Season Strawberry Seeds for Home Garden Planting, Perennial Herbaceous Plant - 2500 Seeds/Pack",,[],9.98,9.98,0,3.5,18,,false,amazon.com,serp,true,100,,B0GSTGDDPR,https://www.amazon.com/Season-Strawberry-Planting-Perennial-Herbaceous/dp/B0GSTGDDPR/ref=sr_1_10?crid=1E2QJW9TUIM1M&dib=eyJ2IjoiMSJ9.daI5AgOqfWVZKrIg_nqXBXhIjU5fNw8iguBr3j6ZQS1mS3E0-TfV6qV416B8sspMCMUIdvm1t0YrFF8tLPKaZqJj71nPnaUuJZP-T4Tla2mMmVu_bOxg99n-mAlJoGxM46JGxqw-QK7EaJwkneNvd88JlQWWRjm3CX2gIuQ6py4khaRRCWFly2WMYaPodGaZ2qpQHDAy63niMw0Usoh3iq9X-22prifAIL3NvTWpDwY.ZMLxbd2kob9UVBM4EXpQoog2LOBwO9ofRgIVIM6aa00&dib_tag=se&keywords=strawberries&qid=1786103862&s=samedaystore&sprefix=mil%2Csamedaystore%2C348&sr=1-10,https://m.media-amazon.com/images/I/81xLcMDHjbL._FMwebp__.jpg,false,,,,{},0,,,,"FREE delivery Wed, Aug 12 on $35 of items shipped by Amazon","{""delivery"":""FREE delivery Wed, Aug 12 on $35 of items shipped by Amazon""}",1786103865560
578200,20,00907,1,11,,amazon.com,,"https://www.amazon.com/s?k=strawberries&i=samedaystore&crid=1E2QJW9TUIM1M&sprefix=mil,samedaystore,348&ref=nb_sb_noss_2",Featured,B002XOHZWC,"Chef'n Original Stem Gem Strawberry Huller, Red/Green - 102-138-005",,[],8,8,0,4.6,15027,,false,amazon.com,serp,true,3000,,B002XOHZWC,https://www.amazon.com/Chefn-27466-StemGem-Strawberry-Huller/dp/B002XOHZWC/ref=sr_1_11?crid=1E2QJW9TUIM1M&dib=eyJ2IjoiMSJ9.daI5AgOqfWVZKrIg_nqXBXhIjU5fNw8iguBr3j6ZQS1mS3E0-TfV6qV416B8sspMCMUIdvm1t0YrFF8tLPKaZqJj71nPnaUuJZP-T4Tla2mMmVu_bOxg99n-mAlJoGxM46JGxqw-QK7EaJwkneNvd88JlQWWRjm3CX2gIuQ6py4khaRRCWFly2WMYaPodGaZ2qpQHDAy63niMw0Usoh3iq9X-22prifAIL3NvTWpDwY.ZMLxbd2kob9UVBM4EXpQoog2LOBwO9ofRgIVIM6aa00&dib_tag=se&keywords=strawberries&qid=1786103862&s=samedaystore&sprefix=mil%2Csamedaystore%2C348&sr=1-11,https://m.media-amazon.com/images/I/61rt3VOPtZL._FMwebp__.jpg,false,,,,{},0,,,,"FREE delivery Wed, Aug 12 on $35 of items shipped by Amazon","{""delivery"":""FREE delivery Wed, Aug 12 on $35 of items shipped by Amazon""}",1786103865560
578201,20,00907,1,12,,amazon.com,,"https://www.amazon.com/s?k=strawberries&i=samedaystore&crid=1E2QJW9TUIM1M&sprefix=mil,samedaystore,348&ref=nb_sb_noss_2",Featured,B0DD94HBMV,"Strawberry Bon Bons Hard Candy, 1 Pound (Approx. 75 pcs.), Strawberry Candy Individually Wrapped, Strawberry Candy, The Hampton Popcorn & Candy Company",,[],8.99,8.99,0,4.7,867,,false,amazon.com,serp,true,500,,B0DD94HBMV,https://www.amazon.com/Strawberry-Candy-Individually-Hampton-Company/dp/B0DD94HBMV/ref=sr_1_12?crid=1E2QJW9TUIM1M&dib=eyJ2IjoiMSJ9.daI5AgOqfWVZKrIg_nqXBXhIjU5fNw8iguBr3j6ZQS1mS3E0-TfV6qV416B8sspMCMUIdvm1t0YrFF8tLPKaZqJj71nPnaUuJZP-T4Tla2mMmVu_bOxg99n-mAlJoGxM46JGxqw-QK7EaJwkneNvd88JlQWWRjm3CX2gIuQ6py4khaRRCWFly2WMYaPodGaZ2qpQHDAy63niMw0Usoh3iq9X-22prifAIL3NvTWpDwY.ZMLxbd2kob9UVBM4EXpQoog2LOBwO9ofRgIVIM6aa00&dib_tag=se&keywords=strawberries&qid=1786103862&s=samedaystore&sprefix=mil%2Csamedaystore%2C348&sr=1-12,https://m.media-amazon.com/images/I/81cc7G69D9L._FMwebp__.jpg,false,,,,{},0,,,,"FREE delivery Wed, Aug 12 on $35 of items shipped by Amazon","{""delivery"":""FREE delivery Wed, Aug 12 on $35 of items shipped by Amazon""}",1786103865560
578202,20,00907,1,13,,amazon.com,,"https://www.amazon.com/s?k=strawberries&i=samedaystore&crid=1E2QJW9TUIM1M&sprefix=mil,samedaystore,348&ref=nb_sb_noss_2",Featured,B000VA2W0U,"HERSHEY'S Strawberry Flavored Syrup Bottle, 22 oz",,"[""Best Seller""]",4.79,4.79,0,4.6,2942,,false,amazon.com,serp,true,,,B000VA2W0U,https://www.amazon.com/HERSHEYS-Strawberry-Dessert-Topping-Beverage/dp/B000VA2W0U/ref=sr_1_13?crid=1E2QJW9TUIM1M&dib=eyJ2IjoiMSJ9.daI5AgOqfWVZKrIg_nqXBXhIjU5fNw8iguBr3j6ZQS1mS3E0-TfV6qV416B8sspMCMUIdvm1t0YrFF8tLPKaZqJj71nPnaUuJZP-T4Tla2mMmVu_bOxg99n-mAlJoGxM46JGxqw-QK7EaJwkneNvd88JlQWWRjm3CX2gIuQ6py4khaRRCWFly2WMYaPodGaZ2qpQHDAy63niMw0Usoh3iq9X-22prifAIL3NvTWpDwY.ZMLxbd2kob9UVBM4EXpQoog2LOBwO9ofRgIVIM6aa00&dib_tag=se&keywords=strawberries&qid=1786103862&s=samedaystore&sprefix=mil%2Csamedaystore%2C348&sr=1-13,https://m.media-amazon.com/images/I/71PmaZMjoNL._FMwebp__.jpg,false,,,,{},0,,,,"FREE delivery Wed, Aug 12 on $35 of items shipped by Amazon","{""delivery"":""FREE delivery Wed, Aug 12 on $35 of items shipped by Amazon""}",1786103865560
578203,20,00907,1,14,,amazon.com,,"https://www.amazon.com/s?k=strawberries&i=samedaystore&crid=1E2QJW9TUIM1M&sprefix=mil,samedaystore,348&ref=nb_sb_noss_2",Featured,B0BT8QKTG7,"Augason Farms Freeze Dried Sliced Strawberries Pouch 1.4 oz | Gluten Free Snack for Baking, Smoothies, and Emergency Storage, Healthy Individual Fruit Snacks 1.4 Ounces (4 Servings)",,[],6.38,6.38,0,4.6,10834,,false,amazon.com,serp,true,200,,B0BT8QKTG7,https://www.amazon.com/Freeze-Dried-Sliced-Strawberries-Resealable-Pouch/dp/B0BT8QKTG7/ref=sr_1_14?crid=1E2QJW9TUIM1M&dib=eyJ2IjoiMSJ9.daI5AgOqfWVZKrIg_nqXBXhIjU5fNw8iguBr3j6ZQS1mS3E0-TfV6qV416B8sspMCMUIdvm1t0YrFF8tLPKaZqJj71nPnaUuJZP-T4Tla2mMmVu_bOxg99n-mAlJoGxM46JGxqw-QK7EaJwkneNvd88JlQWWRjm3CX2gIuQ6py4khaRRCWFly2WMYaPodGaZ2qpQHDAy63niMw0Usoh3iq9X-22prifAIL3NvTWpDwY.ZMLxbd2kob9UVBM4EXpQoog2LOBwO9ofRgIVIM6aa00&dib_tag=se&keywords=strawberries&qid=1786103862&s=samedaystore&sprefix=mil%2Csamedaystore%2C348&sr=1-14,https://m.media-amazon.com/images/I/81RSryU5z3L._FMwebp__.jpg,false,,,,{},0,,,,"FREE delivery Wed, Aug 12 on $35 of items shipped by Amazon","{""delivery"":""FREE delivery Wed, Aug 12 on $35 of items shipped by Amazon""}",1786103865560
578204,20,00907,1,15,,amazon.com,,"https://www.amazon.com/s?k=strawberries&i=samedaystore&crid=1E2QJW9TUIM1M&sprefix=mil,samedaystore,348&ref=nb_sb_noss_2",Featured,B005IAXZOK,"McCormick Strawberry Extract With Other Natural Flavors, 1 fl oz",,[],0,0,0,4.6,3804,,false,amazon.com,serp,true,2000,,B005IAXZOK,https://www.amazon.com/Mccormick-Strawberry-Extract-Natural-Flavors/dp/B005IAXZOK/ref=sr_1_15?crid=1E2QJW9TUIM1M&dib=eyJ2IjoiMSJ9.daI5AgOqfWVZKrIg_nqXBXhIjU5fNw8iguBr3j6ZQS1mS3E0-TfV6qV416B8sspMCMUIdvm1t0YrFF8tLPKaZqJj71nPnaUuJZP-T4Tla2mMmVu_bOxg99n-mAlJoGxM46JGxqw-QK7EaJwkneNvd88JlQWWRjm3CX2gIuQ6py4khaRRCWFly2WMYaPodGaZ2qpQHDAy63niMw0Usoh3iq9X-22prifAIL3NvTWpDwY.ZMLxbd2kob9UVBM4EXpQoog2LOBwO9ofRgIVIM6aa00&dib_tag=se&keywords=strawberries&qid=1786103862&s=samedaystore&sprefix=mil%2Csamedaystore%2C348&sr=1-15,https://m.media-amazon.com/images/I/81G8Bm5ImQL._FMwebp__.jpg,false,,,,{},0,,,,,{},1786103865560
578205,20,00907,1,16,,amazon.com,,"https://www.amazon.com/s?k=strawberries&i=samedaystore&crid=1E2QJW9TUIM1M&sprefix=mil,samedaystore,348&ref=nb_sb_noss_2",Featured,B0FQDCP3MN,"Starbucks Refreshers Concentrate Strawberry Acai, Refreshing Drink, Cold Drinks 32 fl oz",,[],8.97,8.97,0,4.8,797,,false,amazon.com,serp,true,20000,,B0FQDCP3MN,https://www.amazon.com/Starbucks-Refreshers-Concentrate-Strawberry-Refreshing/dp/B0FQDCP3MN/ref=sr_1_16?crid=1E2QJW9TUIM1M&dib=eyJ2IjoiMSJ9.daI5AgOqfWVZKrIg_nqXBXhIjU5fNw8iguBr3j6ZQS1mS3E0-TfV6qV416B8sspMCMUIdvm1t0YrFF8tLPKaZqJj71nPnaUuJZP-T4Tla2mMmVu_bOxg99n-mAlJoGxM46JGxqw-QK7EaJwkneNvd88JlQWWRjm3CX2gIuQ6py4khaRRCWFly2WMYaPodGaZ2qpQHDAy63niMw0Usoh3iq9X-22prifAIL3NvTWpDwY.ZMLxbd2kob9UVBM4EXpQoog2LOBwO9ofRgIVIM6aa00&dib_tag=se&keywords=strawberries&qid=1786103862&s=samedaystore&sprefix=mil%2Csamedaystore%2C348&sr=1-16,https://m.media-amazon.com/images/I/51vGg9F37ML._FMwebp__.jpg,false,,,,{},0,,,,"FREE delivery Wed, Aug 12 on $35 of items shipped by Amazon","{""delivery"":""FREE delivery Wed, Aug 12 on $35 of items shipped by Amazon""}",1786103865560
578238,20,00926,1,1,,amazon.com,,"https://www.amazon.com/s?k=strawberries&i=samedaystore&crid=1E2QJW9TUIM1M&sprefix=mil,samedaystore,348&ref=nb_sb_noss_2",Featured,B000P6J0SM,"Strawberries, 1 Lb",,[],0,0,0,4.6,90826,,false,amazon.com,serp,false,100000,,B000P6J0SM,https://www.amazon.com/Fresh-Produce-Brands-May-Vary/dp/B000P6J0SM/ref=sr_1_1?crid=1E2QJW9TUIM1M&dib=eyJ2IjoiMSJ9.daI5AgOqfWVZKrIg_nqXBZ3KrBATXitxmiC6Lf15ExOQs6OI0YVdpwBoXQjkbHnd0m7MGI9p9TA7WDeWgIN-50HtUjIZa3dNMwm-9qE3Idt84tdsTyg0GkXnXTOxYBrr_IZ0F66uFalzW9JZU4g9cHi3eo0yu_gLF_uzRfZAWuVRdc8VxTE8WkzJSO-PLubt1Z2JUiB-hS0HJqtU0_4pXYrvHvFWdjdbztc96jpuzG0.OqElGSsANwRBEPDnAQIJgAcO2-tjaRHnLq5gYfgzlGQ&dib_tag=se&keywords=strawberries&qid=1786103862&s=samedaystore&sprefix=mil%2Csamedaystore%2C348&sr=1-1,https://m.media-amazon.com/images/I/719HRHktywL._FMwebp__.jpg,false,,,,{},0,,,,,{},1786103868032
578239,20,00926,1,2,,amazon.com,,"https://www.amazon.com/s?k=strawberries&i=samedaystore&crid=1E2QJW9TUIM1M&sprefix=mil,samedaystore,348&ref=nb_sb_noss_2",Featured,B002B8Z98W,"Organic Strawberries, 1 Lb",,[],0,0,0,4.6,40783,,false,amazon.com,serp,false,100000,,B002B8Z98W,https://www.amazon.com/Fresh-Produce-Brands-Vary-040/dp/B002B8Z98W/ref=sr_1_2?crid=1E2QJW9TUIM1M&dib=eyJ2IjoiMSJ9.daI5AgOqfWVZKrIg_nqXBZ3KrBATXitxmiC6Lf15ExOQs6OI0YVdpwBoXQjkbHnd0m7MGI9p9TA7WDeWgIN-50HtUjIZa3dNMwm-9qE3Idt84tdsTyg0GkXnXTOxYBrr_IZ0F66uFalzW9JZU4g9cHi3eo0yu_gLF_uzRfZAWuVRdc8VxTE8WkzJSO-PLubt1Z2JUiB-hS0HJqtU0_4pXYrvHvFWdjdbztc96jpuzG0.OqElGSsANwRBEPDnAQIJgAcO2-tjaRHnLq5gYfgzlGQ&dib_tag=se&keywords=strawberries&qid=1786103862&s=samedaystore&sprefix=mil%2Csamedaystore%2C348&sr=1-2,https://m.media-amazon.com/images/I/71oKpKMVqTL._FMwebp__.jpg,false,,,,{},0,,,,,{},1786103868032
578240,20,00926,1,3,,amazon.com,,"https://www.amazon.com/s?k=strawberries&i=samedaystore&crid=1E2QJW9TUIM1M&sprefix=mil,samedaystore,348&ref=nb_sb_noss_2",Featured,B000P6G12U,"Red Raspberries, 6 oz",,[],0,0,0,4.6,37207,,false,amazon.com,serp,false,100000,,B000P6G12U,https://www.amazon.com/Fresh-Produce-Brands-May-Vary/dp/B000P6G12U/ref=sr_1_3?crid=1E2QJW9TUIM1M&dib=eyJ2IjoiMSJ9.daI5AgOqfWVZKrIg_nqXBZ3KrBATXitxmiC6Lf15ExOQs6OI0YVdpwBoXQjkbHnd0m7MGI9p9TA7WDeWgIN-50HtUjIZa3dNMwm-9qE3Idt84tdsTyg0GkXnXTOxYBrr_IZ0F66uFalzW9JZU4g9cHi3eo0yu_gLF_uzRfZAWuVRdc8VxTE8WkzJSO-PLubt1Z2JUiB-hS0HJqtU0_4pXYrvHvFWdjdbztc96jpuzG0.OqElGSsANwRBEPDnAQIJgAcO2-tjaRHnLq5gYfgzlGQ&dib_tag=se&keywords=strawberries&qid=1786103862&s=samedaystore&sprefix=mil%2Csamedaystore%2C348&sr=1-3,https://m.media-amazon.com/images/I/61lsVNuBxkL._FMwebp__.jpg,false,,,,{},0,,,,,{},1786103868032
578241,20,00926,1,4,,amazon.com,,"https://www.amazon.com/s?k=strawberries&i=samedaystore&crid=1E2QJW9TUIM1M&sprefix=mil,samedaystore,348&ref=nb_sb_noss_2",Featured,B077N7TR5G,Organic Blueberries Pint,,[],0,0,0,4.7,27829,,false,amazon.com,serp,false,100000,,B077N7TR5G,https://www.amazon.com/produce-aisle-112042-Organic-Blueberries/dp/B077N7TR5G/ref=sr_1_4?crid=1E2QJW9TUIM1M&dib=eyJ2IjoiMSJ9.daI5AgOqfWVZKrIg_nqXBZ3KrBATXitxmiC6Lf15ExOQs6OI0YVdpwBoXQjkbHnd0m7MGI9p9TA7WDeWgIN-50HtUjIZa3dNMwm-9qE3Idt84tdsTyg0GkXnXTOxYBrr_IZ0F66uFalzW9JZU4g9cHi3eo0yu_gLF_uzRfZAWuVRdc8VxTE8WkzJSO-PLubt1Z2JUiB-hS0HJqtU0_4pXYrvHvFWdjdbztc96jpuzG0.OqElGSsANwRBEPDnAQIJgAcO2-tjaRHnLq5gYfgzlGQ&dib_tag=se&keywords=strawberries&qid=1786103862&s=samedaystore&sprefix=mil%2Csamedaystore%2C348&sr=1-4,https://m.media-amazon.com/images/I/61RTWtYAGRL._FMwebp__.jpg,false,,,,{},0,,,,,{},1786103868032
578242,20,00926,1,5,,amazon.com,,"https://www.amazon.com/s?k=strawberries&i=samedaystore&crid=1E2QJW9TUIM1M&sprefix=mil,samedaystore,348&ref=nb_sb_noss_2",Featured,B0FT35CP55,"Premium Freeze Dried Strawberry Slices | 7.05oz | No Sugar Added | in Resealable Jar Non-GMO, Vegan Snacks | Crunchy Wellsome Topping for Yogurt, Smoothie Bowls, Baking & On-the-Go Fruit Snack",,[],17.99,17.99,0,4.7,54,,false,amazon.com,serp,true,300,,B0FT35CP55,https://www.amazon.com/Premium-Strawberry-Resealable-Wellsome-Smoothie/dp/B0FT35CP55/ref=sr_1_5?crid=1E2QJW9TUIM1M&dib=eyJ2IjoiMSJ9.daI5AgOqfWVZKrIg_nqXBZ3KrBATXitxmiC6Lf15ExOQs6OI0YVdpwBoXQjkbHnd0m7MGI9p9TA7WDeWgIN-50HtUjIZa3dNMwm-9qE3Idt84tdsTyg0GkXnXTOxYBrr_IZ0F66uFalzW9JZU4g9cHi3eo0yu_gLF_uzRfZAWuVRdc8VxTE8WkzJSO-PLubt1Z2JUiB-hS0HJqtU0_4pXYrvHvFWdjdbztc96jpuzG0.OqElGSsANwRBEPDnAQIJgAcO2-tjaRHnLq5gYfgzlGQ&dib_tag=se&keywords=strawberries&qid=1786103862&s=samedaystore&sprefix=mil%2Csamedaystore%2C348&sr=1-5,https://m.media-amazon.com/images/I/911yY8wECIL._FMwebp__.jpg,false,,,,{},0,,,,"FREE delivery Wed, Aug 12 on $35 of items shipped by Amazon","{""delivery"":""FREE delivery Wed, Aug 12 on $35 of items shipped by Amazon""}",1786103868032
578243,20,00926,1,6,,amazon.com,,"https://www.amazon.com/s?k=strawberries&i=samedaystore&crid=1E2QJW9TUIM1M&sprefix=mil,samedaystore,348&ref=nb_sb_noss_2",Featured,B0BZ9TBY48,"Bonnie Plants Strawberry, Live Plant, 19.3 oz. (4-Pack)",,[],18.72,22.89,18.72,4.3,1069,,false,amazon.com,serp,true,900,,B0BZ9TBY48,https://www.amazon.com/Bonnie-Plants-Strawberry-Plant-4-Pack/dp/B0BZ9TBY48/ref=sr_1_6?crid=1E2QJW9TUIM1M&dib=eyJ2IjoiMSJ9.daI5AgOqfWVZKrIg_nqXBZ3KrBATXitxmiC6Lf15ExOQs6OI0YVdpwBoXQjkbHnd0m7MGI9p9TA7WDeWgIN-50HtUjIZa3dNMwm-9qE3Idt84tdsTyg0GkXnXTOxYBrr_IZ0F66uFalzW9JZU4g9cHi3eo0yu_gLF_uzRfZAWuVRdc8VxTE8WkzJSO-PLubt1Z2JUiB-hS0HJqtU0_4pXYrvHvFWdjdbztc96jpuzG0.OqElGSsANwRBEPDnAQIJgAcO2-tjaRHnLq5gYfgzlGQ&dib_tag=se&keywords=strawberries&qid=1786103862&s=samedaystore&sprefix=mil%2Csamedaystore%2C348&sr=1-6,https://m.media-amazon.com/images/I/71jTWZBe4UL._FMwebp__.jpg,false,,,,{},0,,,,FREE delivery on $35 of items shipped by Amazon,"{""delivery"":""FREE delivery on $35 of items shipped by Amazon""}",1786103868032
578244,20,00926,1,7,,amazon.com,,"https://www.amazon.com/s?k=strawberries&i=samedaystore&crid=1E2QJW9TUIM1M&sprefix=mil,samedaystore,348&ref=nb_sb_noss_2",Featured,B09CGC6GM5,"Happy Village Organic Whole Dried Strawberries, 18 OZ Resealable Pack- Soft & Juicy, Kosher, Non-GMO, No Refined Sugar, Apple Juice Infused Dried Strawberry",,[],28.99,28.99,0,4.2,1872,,false,amazon.com,serp,true,800,,B09CGC6GM5,https://www.amazon.com/Organic-Strawberries-Happy-Village-Strawberry/dp/B09CGC6GM5/ref=sr_1_7?crid=1E2QJW9TUIM1M&dib=eyJ2IjoiMSJ9.daI5AgOqfWVZKrIg_nqXBZ3KrBATXitxmiC6Lf15ExOQs6OI0YVdpwBoXQjkbHnd0m7MGI9p9TA7WDeWgIN-50HtUjIZa3dNMwm-9qE3Idt84tdsTyg0GkXnXTOxYBrr_IZ0F66uFalzW9JZU4g9cHi3eo0yu_gLF_uzRfZAWuVRdc8VxTE8WkzJSO-PLubt1Z2JUiB-hS0HJqtU0_4pXYrvHvFWdjdbztc96jpuzG0.OqElGSsANwRBEPDnAQIJgAcO2-tjaRHnLq5gYfgzlGQ&dib_tag=se&keywords=strawberries&qid=1786103862&s=samedaystore&sprefix=mil%2Csamedaystore%2C348&sr=1-7,https://m.media-amazon.com/images/I/815C40gH9OL._FMwebp__.jpg,false,,,,{},0,,,,"FREE delivery Wed, Aug 12 on $35 of items shipped by Amazon","{""delivery"":""FREE delivery Wed, Aug 12 on $35 of items shipped by Amazon""}",1786103868032
578245,20,00926,1,8,,amazon.com,,"https://www.amazon.com/s?k=strawberries&i=samedaystore&crid=1E2QJW9TUIM1M&sprefix=mil,samedaystore,348&ref=nb_sb_noss_2",Featured,B008945XB0,"Augason Farms Freeze Dried Sliced Strawberries Can 6.5 oz | 18 Servings, Gluten Free Snack for Baking, Smoothies, and Emergency Storage, Healthy Individual Fruit Snacks, 6.5 Ounces",,[],18,18,0,4.6,10834,,false,amazon.com,serp,true,500,,B008945XB0,https://www.amazon.com/Augason-Farms-Freeze-Sliced-Strawberries/dp/B008945XB0/ref=sr_1_8?crid=1E2QJW9TUIM1M&dib=eyJ2IjoiMSJ9.daI5AgOqfWVZKrIg_nqXBZ3KrBATXitxmiC6Lf15ExOQs6OI0YVdpwBoXQjkbHnd0m7MGI9p9TA7WDeWgIN-50HtUjIZa3dNMwm-9qE3Idt84tdsTyg0GkXnXTOxYBrr_IZ0F66uFalzW9JZU4g9cHi3eo0yu_gLF_uzRfZAWuVRdc8VxTE8WkzJSO-PLubt1Z2JUiB-hS0HJqtU0_4pXYrvHvFWdjdbztc96jpuzG0.OqElGSsANwRBEPDnAQIJgAcO2-tjaRHnLq5gYfgzlGQ&dib_tag=se&keywords=strawberries&qid=1786103862&s=samedaystore&sprefix=mil%2Csamedaystore%2C348&sr=1-8,https://m.media-amazon.com/images/I/71Y5VPm9QzL._FMwebp__.jpg,false,,,,{},0,,,,FREE delivery Aug 24 - Sep 5 on $35 of items shipped by Amazon,"{""delivery"":""FREE delivery Aug 24 - Sep 5 on $35 of items shipped by Amazon""}",1786103868032
578246,20,00926,1,9,,amazon.com,,"https://www.amazon.com/s?k=strawberries&i=samedaystore&crid=1E2QJW9TUIM1M&sprefix=mil,samedaystore,348&ref=nb_sb_noss_2",Featured,B0FFMBS8Y1,"Amilutuo Freeze Dried Strawberries Pieces, 3.17OZ/90g Frozen Strawberries | Freeze Dried Fruit, Dehydrated Strawberries, Freeze Dried Snacks",,[],8.99,9.49,8.99,4.5,376,,false,amazon.com,serp,true,700,,B0FFMBS8Y1,https://www.amazon.com/Freeze-Strawberries-Pieces-Dehydrated-Preservatives/dp/B0FFMBS8Y1/ref=sr_1_9?crid=1E2QJW9TUIM1M&dib=eyJ2IjoiMSJ9.daI5AgOqfWVZKrIg_nqXBZ3KrBATXitxmiC6Lf15ExOQs6OI0YVdpwBoXQjkbHnd0m7MGI9p9TA7WDeWgIN-50HtUjIZa3dNMwm-9qE3Idt84tdsTyg0GkXnXTOxYBrr_IZ0F66uFalzW9JZU4g9cHi3eo0yu_gLF_uzRfZAWuVRdc8VxTE8WkzJSO-PLubt1Z2JUiB-hS0HJqtU0_4pXYrvHvFWdjdbztc96jpuzG0.OqElGSsANwRBEPDnAQIJgAcO2-tjaRHnLq5gYfgzlGQ&dib_tag=se&keywords=strawberries&qid=1786103862&s=samedaystore&sprefix=mil%2Csamedaystore%2C348&sr=1-9,https://m.media-amazon.com/images/I/81RkuXeP7BL._FMwebp__.jpg,false,,,,{},0,,,,"FREE delivery Wed, Aug 12 on $35 of items shipped by Amazon","{""delivery"":""FREE delivery Wed, Aug 12 on $35 of items shipped by Amazon""}",1786103868032
578247,20,00926,1,10,,amazon.com,,"https://www.amazon.com/s?k=strawberries&i=samedaystore&crid=1E2QJW9TUIM1M&sprefix=mil,samedaystore,348&ref=nb_sb_noss_2",Featured,B0C47PX5PW,"Annie's Organic Strawberry Fruit Snacks, Value Pack, 22 ct, 15.4 oz | Summer Strawberry Bunny Shapes, Certified USDA Organic, Non-GMO, Gelatin Free, Excellent Source of Vitamin C",,[],12.74,12.74,0,4.7,7053,,false,amazon.com,serp,true,1000,,B0C47PX5PW,https://www.amazon.com/Annies-Organic-Flavored-Strawberry-Pouches/dp/B0C47PX5PW/ref=sr_1_10?crid=1E2QJW9TUIM1M&dib=eyJ2IjoiMSJ9.daI5AgOqfWVZKrIg_nqXBZ3KrBATXitxmiC6Lf15ExOQs6OI0YVdpwBoXQjkbHnd0m7MGI9p9TA7WDeWgIN-50HtUjIZa3dNMwm-9qE3Idt84tdsTyg0GkXnXTOxYBrr_IZ0F66uFalzW9JZU4g9cHi3eo0yu_gLF_uzRfZAWuVRdc8VxTE8WkzJSO-PLubt1Z2JUiB-hS0HJqtU0_4pXYrvHvFWdjdbztc96jpuzG0.OqElGSsANwRBEPDnAQIJgAcO2-tjaRHnLq5gYfgzlGQ&dib_tag=se&keywords=strawberries&qid=1786103862&s=samedaystore&sprefix=mil%2Csamedaystore%2C348&sr=1-10,https://m.media-amazon.com/images/I/81E4sTIKdWL._FMwebp__.jpg,false,,,,{},0,,,,"FREE delivery Wed, Aug 12 on $35 of items shipped by Amazon","{""delivery"":""FREE delivery Wed, Aug 12 on $35 of items shipped by Amazon""}",1786103868032
578248,20,00926,1,11,,amazon.com,,"https://www.amazon.com/s?k=strawberries&i=samedaystore&crid=1E2QJW9TUIM1M&sprefix=mil,samedaystore,348&ref=nb_sb_noss_2",Featured,B0BT8QKTG7,"Augason Farms Freeze Dried Sliced Strawberries Pouch 1.4 oz | Gluten Free Snack for Baking, Smoothies, and Emergency Storage, Healthy Individual Fruit Snacks 1.4 Ounces (4 Servings)",,[],6.38,6.38,0,4.6,10834,,false,amazon.com,serp,true,200,,B0BT8QKTG7,https://www.amazon.com/Freeze-Dried-Sliced-Strawberries-Resealable-Pouch/dp/B0BT8QKTG7/ref=sr_1_11?crid=1E2QJW9TUIM1M&dib=eyJ2IjoiMSJ9.daI5AgOqfWVZKrIg_nqXBZ3KrBATXitxmiC6Lf15ExOQs6OI0YVdpwBoXQjkbHnd0m7MGI9p9TA7WDeWgIN-50HtUjIZa3dNMwm-9qE3Idt84tdsTyg0GkXnXTOxYBrr_IZ0F66uFalzW9JZU4g9cHi3eo0yu_gLF_uzRfZAWuVRdc8VxTE8WkzJSO-PLubt1Z2JUiB-hS0HJqtU0_4pXYrvHvFWdjdbztc96jpuzG0.OqElGSsANwRBEPDnAQIJgAcO2-tjaRHnLq5gYfgzlGQ&dib_tag=se&keywords=strawberries&qid=1786103862&s=samedaystore&sprefix=mil%2Csamedaystore%2C348&sr=1-11,https://m.media-amazon.com/images/I/81RSryU5z3L._FMwebp__.jpg,false,,,,{},0,,,,"FREE delivery Wed, Aug 12 on $35 of items shipped by Amazon","{""delivery"":""FREE delivery Wed, Aug 12 on $35 of items shipped by Amazon""}",1786103868032
578249,20,00926,1,12,,amazon.com,,"https://www.amazon.com/s?k=strawberries&i=samedaystore&crid=1E2QJW9TUIM1M&sprefix=mil,samedaystore,348&ref=nb_sb_noss_2",Featured,B0DPLDXMJL,"Nature's Garden Probiotic Strawberry Yoggies 21oz (30 x 0.7oz) Pack of 2 | Yogurt Covered Real Fruit Bites, High Fiber, Gluten Free, No Artificial Flavors and Colors, On-the-Go Snack for Adults & Kids",,[],29.78,29.78,0,4.7,2166,,false,amazon.com,serp,true,1000,,B0DPLDXMJL,https://www.amazon.com/Natures-Garden-Strawberry-Yogurt-Covered-Ingredients/dp/B0DPLDXMJL/ref=sr_1_12?crid=1E2QJW9TUIM1M&dib=eyJ2IjoiMSJ9.daI5AgOqfWVZKrIg_nqXBZ3KrBATXitxmiC6Lf15ExOQs6OI0YVdpwBoXQjkbHnd0m7MGI9p9TA7WDeWgIN-50HtUjIZa3dNMwm-9qE3Idt84tdsTyg0GkXnXTOxYBrr_IZ0F66uFalzW9JZU4g9cHi3eo0yu_gLF_uzRfZAWuVRdc8VxTE8WkzJSO-PLubt1Z2JUiB-hS0HJqtU0_4pXYrvHvFWdjdbztc96jpuzG0.OqElGSsANwRBEPDnAQIJgAcO2-tjaRHnLq5gYfgzlGQ&dib_tag=se&keywords=strawberries&qid=1786103862&s=samedaystore&sprefix=mil%2Csamedaystore%2C348&sr=1-12,https://m.media-amazon.com/images/I/71sMPE0w8XL._FMwebp__.jpg,false,,,,{},0,,,,FREE delivery Aug 24 - Sep 10 on $35 of items shipped by Amazon,"{""delivery"":""FREE delivery Aug 24 - Sep 10 on $35 of items shipped by Amazon""}",1786103868032
578250,20,00926,1,13,,amazon.com,,"https://www.amazon.com/s?k=strawberries&i=samedaystore&crid=1E2QJW9TUIM1M&sprefix=mil,samedaystore,348&ref=nb_sb_noss_2",Featured,B00L3ZCFWC,"Strawberry Reàl, Strawberry Puree Infused Syrup, 16.9 FL OZ Squeezable Bottle (Pack of 1)",,[],11,12.83,11,4.5,2364,,false,amazon.com,serp,true,2000,,B00L3ZCFWC,https://www.amazon.com/Strawberry-Puree-Infused-Squeezable-Bottle/dp/B00L3ZCFWC/ref=sr_1_13?crid=1E2QJW9TUIM1M&dib=eyJ2IjoiMSJ9.daI5AgOqfWVZKrIg_nqXBZ3KrBATXitxmiC6Lf15ExOQs6OI0YVdpwBoXQjkbHnd0m7MGI9p9TA7WDeWgIN-50HtUjIZa3dNMwm-9qE3Idt84tdsTyg0GkXnXTOxYBrr_IZ0F66uFalzW9JZU4g9cHi3eo0yu_gLF_uzRfZAWuVRdc8VxTE8WkzJSO-PLubt1Z2JUiB-hS0HJqtU0_4pXYrvHvFWdjdbztc96jpuzG0.OqElGSsANwRBEPDnAQIJgAcO2-tjaRHnLq5gYfgzlGQ&dib_tag=se&keywords=strawberries&qid=1786103862&s=samedaystore&sprefix=mil%2Csamedaystore%2C348&sr=1-13,https://m.media-amazon.com/images/I/71-YY-VcjnL._FMwebp__.jpg,false,,,,{},0,,,,"FREE delivery Wed, Aug 12 on $35 of items shipped by Amazon","{""delivery"":""FREE delivery Wed, Aug 12 on $35 of items shipped by Amazon""}",1786103868032
578251,20,00926,1,14,,amazon.com,,"https://www.amazon.com/s?k=strawberries&i=samedaystore&crid=1E2QJW9TUIM1M&sprefix=mil,samedaystore,348&ref=nb_sb_noss_2",Featured,B0GTXHB7DQ,"Growing Strawberries for Beginners: The Complete Step-by-Step Guide to Planting, Growing, and Harvesting Sweet Strawberries at Home (The Ox n Rabbit Homestead Guide Series)",,[],0,0,0,0,0,,false,amazon.com,serp,true,,,B0GTXHB7DQ,https://www.amazon.com/Growing-Strawberries-Beginners-Step-Step-ebook/dp/B0GTXHB7DQ/ref=sr_1_14?crid=1E2QJW9TUIM1M&dib=eyJ2IjoiMSJ9.daI5AgOqfWVZKrIg_nqXBZ3KrBATXitxmiC6Lf15ExOQs6OI0YVdpwBoXQjkbHnd0m7MGI9p9TA7WDeWgIN-50HtUjIZa3dNMwm-9qE3Idt84tdsTyg0GkXnXTOxYBrr_IZ0F66uFalzW9JZU4g9cHi3eo0yu_gLF_uzRfZAWuVRdc8VxTE8WkzJSO-PLubt1Z2JUiB-hS0HJqtU0_4pXYrvHvFWdjdbztc96jpuzG0.OqElGSsANwRBEPDnAQIJgAcO2-tjaRHnLq5gYfgzlGQ&dib_tag=se&keywords=strawberries&qid=1786103862&s=samedaystore&sprefix=mil%2Csamedaystore%2C348&sr=1-14,https://m.media-amazon.com/images/I/91jM91+m2PL._FMwebp__.jpg,false,,,,{},0,,,,"FREE delivery Wed, Aug 12 on $35 of items shipped by Amazon","{""delivery"":""FREE delivery Wed, Aug 12 on $35 of items shipped by Amazon""}",1786103868032
578252,20,00926,1,15,,amazon.com,,"https://www.amazon.com/s?k=strawberries&i=samedaystore&crid=1E2QJW9TUIM1M&sprefix=mil,samedaystore,348&ref=nb_sb_noss_2",Featured,B01BAYWZH0,Dying for Strawberries (A Berry Basket Mystery Book 1),,[],1.99,7.59,1.99,4.3,316,,false,amazon.com,serp,true,,,B01BAYWZH0,https://www.amazon.com/Dying-Strawberries-Berry-Basket-Mystery-ebook/dp/B01BAYWZH0/ref=sr_1_15?crid=1E2QJW9TUIM1M&dib=eyJ2IjoiMSJ9.daI5AgOqfWVZKrIg_nqXBZ3KrBATXitxmiC6Lf15ExOQs6OI0YVdpwBoXQjkbHnd0m7MGI9p9TA7WDeWgIN-50HtUjIZa3dNMwm-9qE3Idt84tdsTyg0GkXnXTOxYBrr_IZ0F66uFalzW9JZU4g9cHi3eo0yu_gLF_uzRfZAWuVRdc8VxTE8WkzJSO-PLubt1Z2JUiB-hS0HJqtU0_4pXYrvHvFWdjdbztc96jpuzG0.OqElGSsANwRBEPDnAQIJgAcO2-tjaRHnLq5gYfgzlGQ&dib_tag=se&keywords=strawberries&qid=1786103862&s=samedaystore&sprefix=mil%2Csamedaystore%2C348&sr=1-15,https://m.media-amazon.com/images/I/81T8oP7Y33L._FMwebp__.jpg,false,,,,{},0,,,,,{},1786103868032
578253,20,00926,1,16,,amazon.com,,"https://www.amazon.com/s?k=strawberries&i=samedaystore&crid=1E2QJW9TUIM1M&sprefix=mil,samedaystore,348&ref=nb_sb_noss_2",Featured,B0DD94HBMV,"Strawberry Bon Bons Hard Candy, 1 Pound (Approx. 75 pcs.), Strawberry Candy Individually Wrapped, Strawberry Candy, The Hampton Popcorn & Candy Company",,[],8.99,8.99,0,4.7,867,,false,amazon.com,serp,true,500,,B0DD94HBMV,https://www.amazon.com/Strawberry-Candy-Individually-Hampton-Company/dp/B0DD94HBMV/ref=sr_1_16?crid=1E2QJW9TUIM1M&dib=eyJ2IjoiMSJ9.daI5AgOqfWVZKrIg_nqXBZ3KrBATXitxmiC6Lf15ExOQs6OI0YVdpwBoXQjkbHnd0m7MGI9p9TA7WDeWgIN-50HtUjIZa3dNMwm-9qE3Idt84tdsTyg0GkXnXTOxYBrr_IZ0F66uFalzW9JZU4g9cHi3eo0yu_gLF_uzRfZAWuVRdc8VxTE8WkzJSO-PLubt1Z2JUiB-hS0HJqtU0_4pXYrvHvFWdjdbztc96jpuzG0.OqElGSsANwRBEPDnAQIJgAcO2-tjaRHnLq5gYfgzlGQ&dib_tag=se&keywords=strawberries&qid=1786103862&s=samedaystore&sprefix=mil%2Csamedaystore%2C348&sr=1-16,https://m.media-amazon.com/images/I/81cc7G69D9L._FMwebp__.jpg,false,,,,{},0,,,,"FREE delivery Wed, Aug 12 on $35 of items shipped by Amazon","{""delivery"":""FREE delivery Wed, Aug 12 on $35 of items shipped by Amazon""}",1786103868032
578254,20,00949,1,1,,amazon.com,,"https://www.amazon.com/s?k=strawberries&i=samedaystore&crid=1E2QJW9TUIM1M&sprefix=mil,samedaystore,348&ref=nb_sb_noss_2",Featured,B0CG5T3BRH,"80 Pieces Artificial Strawberries, Lifelike Decorative Fake Strawberries, Red Realistic Fake Fruit Strawberries for Home Kitchen Festival Party Photography Christmas Decoration",,[],14.99,15.99,14.99,4.5,57,,false,amazon.com,serp,true,,,B0CG5T3BRH,https://www.amazon.com/ZEAYEA-Artificial-Strawberries-Decorative-Photography/dp/B0CG5T3BRH/ref=sr_1_1?crid=1E2QJW9TUIM1M&dib=eyJ2IjoiMSJ9.aVsEj8jS-YsdYnz5VNvKepejbhHtJh87pEynSm_so9utjtKYqm_oq0zzi4I-gYGzW6M1vKw0yrXjmGn3rwdx68ghc3Nutu_EoDOlS-a3Ots9FN4MndTmEPeeQn33-kTLE2WQVeN9ybjPfVkvGui5hiKyjl2XhhJXwoyAEsop0H49qpMsM3MLs4A8FZRG5bT0j1l9MHK4r4g0CM9od4he8RrdbdbyGuEcPQD5ftN_OgM.FZrq9ut9aVeqqaKXWEI9jUisK8UpA7exYf8xeHkrtbI&dib_tag=se&keywords=strawberries&qid=1786103874&s=samedaystore&sprefix=mil%2Csamedaystore%2C348&sr=1-1,https://m.media-amazon.com/images/I/81iK1b7gFlL._FMwebp__.jpg,false,,,,{},0,,,,"Join Prime to get FREE delivery Tomorrow, Aug 8Or Non-members get FREE delivery Wed, Aug 12 on $35 of items shipped by Amazon","{""delivery"":""Join Prime to get FREE delivery Tomorrow, Aug 8Or Non-members get FREE delivery Wed, Aug 12 on $35 of items shipped by Amazon""}",1786103880839
578255,20,00949,1,2,,amazon.com,,"https://www.amazon.com/s?k=strawberries&i=samedaystore&crid=1E2QJW9TUIM1M&sprefix=mil,samedaystore,348&ref=nb_sb_noss_2",Featured,B0FFT929QL,"40Pcs Fake Strawberries Artificial Plastic Faux Fruit for Home Market | for Kitchen, Display, Party Decoration, Photography Props",,[],9.49,9.99,9.49,4.2,8,,false,amazon.com,serp,true,,,B0FFT929QL,https://www.amazon.com/jiebor-Strawberries-Artificial-Decoration-Photography/dp/B0FFT929QL/ref=sr_1_2?crid=1E2QJW9TUIM1M&dib=eyJ2IjoiMSJ9.aVsEj8jS-YsdYnz5VNvKepejbhHtJh87pEynSm_so9utjtKYqm_oq0zzi4I-gYGzW6M1vKw0yrXjmGn3rwdx68ghc3Nutu_EoDOlS-a3Ots9FN4MndTmEPeeQn33-kTLE2WQVeN9ybjPfVkvGui5hiKyjl2XhhJXwoyAEsop0H49qpMsM3MLs4A8FZRG5bT0j1l9MHK4r4g0CM9od4he8RrdbdbyGuEcPQD5ftN_OgM.FZrq9ut9aVeqqaKXWEI9jUisK8UpA7exYf8xeHkrtbI&dib_tag=se&keywords=strawberries&qid=1786103874&s=samedaystore&sprefix=mil%2Csamedaystore%2C348&sr=1-2,https://m.media-amazon.com/images/I/91Dv-Mei7-L._FMwebp__.jpg,false,,,,{},0,,,,"Join Prime to get FREE delivery Tomorrow, Aug 8Or Non-members get FREE delivery Wed, Aug 12 on $35 of items shipped by Amazon","{""delivery"":""Join Prime to get FREE delivery Tomorrow, Aug 8Or Non-members get FREE delivery Wed, Aug 12 on $35 of items shipped by Amazon""}",1786103880839
578256,20,00949,1,3,,amazon.com,,"https://www.amazon.com/s?k=strawberries&i=samedaystore&crid=1E2QJW9TUIM1M&sprefix=mil,samedaystore,348&ref=nb_sb_noss_2",Featured,B0DDC6STC6,"8.82oz Freeze Dried Strawberry Pieces, 100% Natural for Snacks & Baking | Premium Frozen Dried Strawberrys, No,Gluten, No Allergen, Sweet Fruit Flakes for Cooking, Baking and Flavorful Recipes",,[],14.99,14.99,0,4.2,551,,false,amazon.com,serp,true,2000,,B0DDC6STC6,https://www.amazon.com/Premium-Freeze-Dried-Strawberries-Pieces/dp/B0DDC6STC6/ref=sr_1_3?crid=1E2QJW9TUIM1M&dib=eyJ2IjoiMSJ9.aVsEj8jS-YsdYnz5VNvKepejbhHtJh87pEynSm_so9utjtKYqm_oq0zzi4I-gYGzW6M1vKw0yrXjmGn3rwdx68ghc3Nutu_EoDOlS-a3Ots9FN4MndTmEPeeQn33-kTLE2WQVeN9ybjPfVkvGui5hiKyjl2XhhJXwoyAEsop0H49qpMsM3MLs4A8FZRG5bT0j1l9MHK4r4g0CM9od4he8RrdbdbyGuEcPQD5ftN_OgM.FZrq9ut9aVeqqaKXWEI9jUisK8UpA7exYf8xeHkrtbI&dib_tag=se&keywords=strawberries&qid=1786103874&s=samedaystore&sprefix=mil%2Csamedaystore%2C348&sr=1-3,https://m.media-amazon.com/images/I/81xiHZ9luhL._FMwebp__.jpg,false,,,,{},0,,,,"Join Prime to get FREE delivery Tomorrow, Aug 8Or Non-members get FREE delivery Wed, Aug 12 on $35 of items shipped by Amazon","{""delivery"":""Join Prime to get FREE delivery Tomorrow, Aug 8Or Non-members get FREE delivery Wed, Aug 12 on $35 of items shipped by Amazon""}",1786103880839
578257,20,00949,1,4,,amazon.com,,"https://www.amazon.com/s?k=strawberries&i=samedaystore&crid=1E2QJW9TUIM1M&sprefix=mil,samedaystore,348&ref=nb_sb_noss_2",Featured,B0FT35CP55,"Premium Freeze Dried Strawberry Slices | 7.05oz | No Sugar Added | in Resealable Jar Non-GMO, Vegan Snacks | Crunchy Wellsome Topping for Yogurt, Smoothie Bowls, Baking & On-the-Go Fruit Snack",,[],17.99,17.99,0,4.7,54,,false,amazon.com,serp,true,300,,B0FT35CP55,https://www.amazon.com/Premium-Strawberry-Resealable-Wellsome-Smoothie/dp/B0FT35CP55/ref=sr_1_4?crid=1E2QJW9TUIM1M&dib=eyJ2IjoiMSJ9.aVsEj8jS-YsdYnz5VNvKepejbhHtJh87pEynSm_so9utjtKYqm_oq0zzi4I-gYGzW6M1vKw0yrXjmGn3rwdx68ghc3Nutu_EoDOlS-a3Ots9FN4MndTmEPeeQn33-kTLE2WQVeN9ybjPfVkvGui5hiKyjl2XhhJXwoyAEsop0H49qpMsM3MLs4A8FZRG5bT0j1l9MHK4r4g0CM9od4he8RrdbdbyGuEcPQD5ftN_OgM.FZrq9ut9aVeqqaKXWEI9jUisK8UpA7exYf8xeHkrtbI&dib_tag=se&keywords=strawberries&qid=1786103874&s=samedaystore&sprefix=mil%2Csamedaystore%2C348&sr=1-4,https://m.media-amazon.com/images/I/911yY8wECIL._FMwebp__.jpg,false,,,,{},0,,,,"Join Prime to get FREE delivery Tomorrow, Aug 8Or Non-members get FREE delivery Wed, Aug 12 on $35 of items shipped by Amazon","{""delivery"":""Join Prime to get FREE delivery Tomorrow, Aug 8Or Non-members get FREE delivery Wed, Aug 12 on $35 of items shipped by Amazon""}",1786103880839
578258,20,00949,1,5,,amazon.com,,"https://www.amazon.com/s?k=strawberries&i=samedaystore&crid=1E2QJW9TUIM1M&sprefix=mil,samedaystore,348&ref=nb_sb_noss_2",Featured,B0D8VVDH5K,"16 oz Freeze Dried Strawberries Whole – Bulk Dehydrated Fruit, Dry Berries | No Sugar or Additives Snacks – Premium Natural Dried Fruit, Perfect for Oatmeal, Cereal, Smoothies, Yogurt & Baking",,[],34.99,34.99,0,4.4,312,,false,amazon.com,serp,true,700,,B0D8VVDH5K,https://www.amazon.com/Whole-Freeze-Dried-Strawberries-Gluten-Free-Allergen-Free/dp/B0D8VVDH5K/ref=sr_1_5?crid=1E2QJW9TUIM1M&dib=eyJ2IjoiMSJ9.aVsEj8jS-YsdYnz5VNvKepejbhHtJh87pEynSm_so9utjtKYqm_oq0zzi4I-gYGzW6M1vKw0yrXjmGn3rwdx68ghc3Nutu_EoDOlS-a3Ots9FN4MndTmEPeeQn33-kTLE2WQVeN9ybjPfVkvGui5hiKyjl2XhhJXwoyAEsop0H49qpMsM3MLs4A8FZRG5bT0j1l9MHK4r4g0CM9od4he8RrdbdbyGuEcPQD5ftN_OgM.FZrq9ut9aVeqqaKXWEI9jUisK8UpA7exYf8xeHkrtbI&dib_tag=se&keywords=strawberries&qid=1786103874&rdc=1&s=samedaystore&sprefix=mil%2Csamedaystore%2C348&sr=1-5,https://m.media-amazon.com/images/I/81IvHkK6FcL._FMwebp__.jpg,false,,,,{},0,,,,"Join Prime to get FREE delivery Tomorrow, Aug 8Or Non-members get FREE delivery Wed, Aug 12 on $35 of items shipped by Amazon","{""delivery"":""Join Prime to get FREE delivery Tomorrow, Aug 8Or Non-members get FREE delivery Wed, Aug 12 on $35 of items shipped by Amazon""}",1786103880839
578259,20,00949,1,6,,amazon.com,,"https://www.amazon.com/s?k=strawberries&i=samedaystore&crid=1E2QJW9TUIM1M&sprefix=mil,samedaystore,348&ref=nb_sb_noss_2",Featured,B0FFMBS8Y1,"Amilutuo Freeze Dried Strawberries Pieces, 3.17OZ/90g Frozen Strawberries | Freeze Dried Fruit, Dehydrated Strawberries, Freeze Dried Snacks",,[],8.99,9.49,8.99,4.5,376,,false,amazon.com,serp,true,700,,B0FFMBS8Y1,https://www.amazon.com/Freeze-Strawberries-Pieces-Dehydrated-Preservatives/dp/B0FFMBS8Y1/ref=sr_1_6?crid=1E2QJW9TUIM1M&dib=eyJ2IjoiMSJ9.aVsEj8jS-YsdYnz5VNvKepejbhHtJh87pEynSm_so9utjtKYqm_oq0zzi4I-gYGzW6M1vKw0yrXjmGn3rwdx68ghc3Nutu_EoDOlS-a3Ots9FN4MndTmEPeeQn33-kTLE2WQVeN9ybjPfVkvGui5hiKyjl2XhhJXwoyAEsop0H49qpMsM3MLs4A8FZRG5bT0j1l9MHK4r4g0CM9od4he8RrdbdbyGuEcPQD5ftN_OgM.FZrq9ut9aVeqqaKXWEI9jUisK8UpA7exYf8xeHkrtbI&dib_tag=se&keywords=strawberries&qid=1786103874&s=samedaystore&sprefix=mil%2Csamedaystore%2C348&sr=1-6,https://m.media-amazon.com/images/I/81RkuXeP7BL._FMwebp__.jpg,false,,,,{},0,,,,"Join Prime to get FREE delivery Sun, Aug 9Or Non-members get FREE delivery Wed, Aug 12 on $35 of items shipped by Amazon","{""delivery"":""Join Prime to get FREE delivery Sun, Aug 9Or Non-members get FREE delivery Wed, Aug 12 on $35 of items shipped by Amazon""}",1786103880839
578260,20,00949,1,7,,amazon.com,,"https://www.amazon.com/s?k=strawberries&i=samedaystore&crid=1E2QJW9TUIM1M&sprefix=mil,samedaystore,348&ref=nb_sb_noss_2",Featured,B0G533CDPD,"Freeze-dried strawberries, sliced strawberries, 100% dried fruit, natural, no additives, premium quality, strawberry chips, vegan, healthy snack, pure strawberries.",,[],9.9,9.9,0,4.2,142,,false,amazon.com,serp,true,200,,B0G533CDPD,https://www.amazon.com/Freeze-dried-strawberries-additives-strawberry-strawberries/dp/B0G533CDPD/ref=sr_1_7?crid=1E2QJW9TUIM1M&dib=eyJ2IjoiMSJ9.aVsEj8jS-YsdYnz5VNvKepejbhHtJh87pEynSm_so9utjtKYqm_oq0zzi4I-gYGzW6M1vKw0yrXjmGn3rwdx68ghc3Nutu_EoDOlS-a3Ots9FN4MndTmEPeeQn33-kTLE2WQVeN9ybjPfVkvGui5hiKyjl2XhhJXwoyAEsop0H49qpMsM3MLs4A8FZRG5bT0j1l9MHK4r4g0CM9od4he8RrdbdbyGuEcPQD5ftN_OgM.FZrq9ut9aVeqqaKXWEI9jUisK8UpA7exYf8xeHkrtbI&dib_tag=se&keywords=strawberries&qid=1786103874&s=samedaystore&sprefix=mil%2Csamedaystore%2C348&sr=1-7,https://m.media-amazon.com/images/I/81HNmbG-s-L._FMwebp__.jpg,false,,,,{},0,,,,"Join Prime to get FREE delivery Tomorrow, Aug 8Or Non-members get FREE delivery Wed, Aug 12 on $35 of items shipped by Amazon","{""delivery"":""Join Prime to get FREE delivery Tomorrow, Aug 8Or Non-members get FREE delivery Wed, Aug 12 on $35 of items shipped by Amazon""}",1786103880839
578261,20,00949,1,8,,amazon.com,,"https://www.amazon.com/s?k=strawberries&i=samedaystore&crid=1E2QJW9TUIM1M&sprefix=mil,samedaystore,348&ref=nb_sb_noss_2",Featured,B0C7TMNBRB,"Premium Freeze Dried Strawberries Pieces 6.5 Oz/185g,Frozen Dried Strawberry,100% Natural & No Additives.",,[],13.95,13.95,0,4.3,1611,,false,amazon.com,serp,true,1000,,B0C7TMNBRB,https://www.amazon.com/Premium-Strawberries-Strawberry-Natural-Additives/dp/B0C7TMNBRB/ref=sr_1_8?crid=1E2QJW9TUIM1M&dib=eyJ2IjoiMSJ9.aVsEj8jS-YsdYnz5VNvKepejbhHtJh87pEynSm_so9utjtKYqm_oq0zzi4I-gYGzW6M1vKw0yrXjmGn3rwdx68ghc3Nutu_EoDOlS-a3Ots9FN4MndTmEPeeQn33-kTLE2WQVeN9ybjPfVkvGui5hiKyjl2XhhJXwoyAEsop0H49qpMsM3MLs4A8FZRG5bT0j1l9MHK4r4g0CM9od4he8RrdbdbyGuEcPQD5ftN_OgM.FZrq9ut9aVeqqaKXWEI9jUisK8UpA7exYf8xeHkrtbI&dib_tag=se&keywords=strawberries&qid=1786103874&s=samedaystore&sprefix=mil%2Csamedaystore%2C348&sr=1-8,https://m.media-amazon.com/images/I/71Z-H36NWtL._FMwebp__.jpg,false,,,,{},0,,,,"Join Prime to get FREE delivery Tomorrow, Aug 8Or Non-members get FREE delivery Wed, Aug 12 on $35 of items shipped by Amazon","{""delivery"":""Join Prime to get FREE delivery Tomorrow, Aug 8Or Non-members get FREE delivery Wed, Aug 12 on $35 of items shipped by Amazon""}",1786103880839
578262,20,00949,1,9,,amazon.com,,"https://www.amazon.com/s?k=strawberries&i=samedaystore&crid=1E2QJW9TUIM1M&sprefix=mil,samedaystore,348&ref=nb_sb_noss_2",Featured,B0FNR84ZLH,"Freeze Dried Strawberries Slices 7.05oz,Natural Sweet & Crispy,No Additives | Freeze-Dried Fruits Snacks & Dessert Topping,Dry Strawberries,Yummy Dehydrated Strawberries for Yogurt,Smoothies,and Baking",,[],19.99,19.99,0,4.3,102,,false,amazon.com,serp,true,800,,B0FNR84ZLH,https://www.amazon.com/Strawberries-Smoothies-Strawberry-Dehydrated-Resealable/dp/B0FNR84ZLH/ref=sr_1_9?crid=1E2QJW9TUIM1M&dib=eyJ2IjoiMSJ9.aVsEj8jS-YsdYnz5VNvKepejbhHtJh87pEynSm_so9utjtKYqm_oq0zzi4I-gYGzW6M1vKw0yrXjmGn3rwdx68ghc3Nutu_EoDOlS-a3Ots9FN4MndTmEPeeQn33-kTLE2WQVeN9ybjPfVkvGui5hiKyjl2XhhJXwoyAEsop0H49qpMsM3MLs4A8FZRG5bT0j1l9MHK4r4g0CM9od4he8RrdbdbyGuEcPQD5ftN_OgM.FZrq9ut9aVeqqaKXWEI9jUisK8UpA7exYf8xeHkrtbI&dib_tag=se&keywords=strawberries&qid=1786103874&s=samedaystore&sprefix=mil%2Csamedaystore%2C348&sr=1-9,https://m.media-amazon.com/images/I/714Q0HWQA9L._FMwebp__.jpg,false,,,,{},0,,,,"Join Prime to get FREE delivery Tomorrow, Aug 8Or Non-members get FREE delivery Wed, Aug 12 on $35 of items shipped by Amazon","{""delivery"":""Join Prime to get FREE delivery Tomorrow, Aug 8Or Non-members get FREE delivery Wed, Aug 12 on $35 of items shipped by Amazon""}",1786103880839
578263,20,00949,1,10,,amazon.com,,"https://www.amazon.com/s?k=strawberries&i=samedaystore&crid=1E2QJW9TUIM1M&sprefix=mil,samedaystore,348&ref=nb_sb_noss_2",Featured,B09CGC6GM5,"Happy Village Organic Whole Dried Strawberries, 18 OZ Resealable Pack- Soft & Juicy, Kosher, Non-GMO, No Refined Sugar, Apple Juice Infused Dried Strawberry",,[],28.99,28.99,0,4.2,1872,,false,amazon.com,serp,true,800,,B09CGC6GM5,https://www.amazon.com/Organic-Strawberries-Happy-Village-Strawberry/dp/B09CGC6GM5/ref=sr_1_10?crid=1E2QJW9TUIM1M&dib=eyJ2IjoiMSJ9.aVsEj8jS-YsdYnz5VNvKepejbhHtJh87pEynSm_so9utjtKYqm_oq0zzi4I-gYGzW6M1vKw0yrXjmGn3rwdx68ghc3Nutu_EoDOlS-a3Ots9FN4MndTmEPeeQn33-kTLE2WQVeN9ybjPfVkvGui5hiKyjl2XhhJXwoyAEsop0H49qpMsM3MLs4A8FZRG5bT0j1l9MHK4r4g0CM9od4he8RrdbdbyGuEcPQD5ftN_OgM.FZrq9ut9aVeqqaKXWEI9jUisK8UpA7exYf8xeHkrtbI&dib_tag=se&keywords=strawberries&qid=1786103874&s=samedaystore&sprefix=mil%2Csamedaystore%2C348&sr=1-10,https://m.media-amazon.com/images/I/815C40gH9OL._FMwebp__.jpg,false,,,,{},0,,,,"Join Prime to get FREE delivery Tomorrow, Aug 8Or Non-members get FREE delivery Wed, Aug 12 on $35 of items shipped by Amazon","{""delivery"":""Join Prime to get FREE delivery Tomorrow, Aug 8Or Non-members get FREE delivery Wed, Aug 12 on $35 of items shipped by Amazon""}",1786103880839
578264,20,00949,1,11,,amazon.com,,"https://www.amazon.com/s?k=strawberries&i=samedaystore&crid=1E2QJW9TUIM1M&sprefix=mil,samedaystore,348&ref=nb_sb_noss_2",Featured,B08TYCZ9K8,"Sunny Fruit Organic Soft-Dried Whole Strawberries (18 Ounce Bulk Bag) | Healthy & Convenient Snack Packs, Great for Baking, Snacking, Smoothies, Charcuterie, Non-GMO, Gluten-Free, Nut-Free, Kosher",,[],18,19.49,18,3.3,872,,false,amazon.com,serp,true,100,,B08TYCZ9K8,https://www.amazon.com/Dried-Strawberries-Healthy-NON-GMO-GLUTEN-FREE/dp/B08TYCZ9K8/ref=sr_1_11?crid=1E2QJW9TUIM1M&dib=eyJ2IjoiMSJ9.aVsEj8jS-YsdYnz5VNvKepejbhHtJh87pEynSm_so9utjtKYqm_oq0zzi4I-gYGzW6M1vKw0yrXjmGn3rwdx68ghc3Nutu_EoDOlS-a3Ots9FN4MndTmEPeeQn33-kTLE2WQVeN9ybjPfVkvGui5hiKyjl2XhhJXwoyAEsop0H49qpMsM3MLs4A8FZRG5bT0j1l9MHK4r4g0CM9od4he8RrdbdbyGuEcPQD5ftN_OgM.FZrq9ut9aVeqqaKXWEI9jUisK8UpA7exYf8xeHkrtbI&dib_tag=se&keywords=strawberries&qid=1786103874&s=samedaystore&sprefix=mil%2Csamedaystore%2C348&sr=1-11,https://m.media-amazon.com/images/I/71JGwd0lBxL._FMwebp__.jpg,false,,,,{},0,,,,"FREE delivery Mon, Aug 17","{""delivery"":""FREE delivery Mon, Aug 17""}",1786103880839
578265,20,00949,1,12,,amazon.com,,"https://www.amazon.com/s?k=strawberries&i=samedaystore&crid=1E2QJW9TUIM1M&sprefix=mil,samedaystore,348&ref=nb_sb_noss_2",Featured,B01HTNAVGI,"Annie's Organic Fruit Tape, Strawberry & Berry Variety Pack (Pack of 12) | Fruit-Flavored Snacks (6 of Each Flavor), Great for Lunchboxes, Gluten-Free, No High Fructose Corn Syrup, 9 oz",,"[""Best Seller""]",7.49,7.49,0,4.7,7053,,false,amazon.com,serp,true,20000,,B01HTNAVGI,https://www.amazon.com/Annies-Strawberry-Organic-Really-Variety/dp/B01HTNAVGI/ref=sr_1_12?crid=1E2QJW9TUIM1M&dib=eyJ2IjoiMSJ9.aVsEj8jS-YsdYnz5VNvKepejbhHtJh87pEynSm_so9utjtKYqm_oq0zzi4I-gYGzW6M1vKw0yrXjmGn3rwdx68ghc3Nutu_EoDOlS-a3Ots9FN4MndTmEPeeQn33-kTLE2WQVeN9ybjPfVkvGui5hiKyjl2XhhJXwoyAEsop0H49qpMsM3MLs4A8FZRG5bT0j1l9MHK4r4g0CM9od4he8RrdbdbyGuEcPQD5ftN_OgM.FZrq9ut9aVeqqaKXWEI9jUisK8UpA7exYf8xeHkrtbI&dib_tag=se&keywords=strawberries&qid=1786103874&s=samedaystore&sprefix=mil%2Csamedaystore%2C348&sr=1-12,https://m.media-amazon.com/images/I/71kE72k7seL._FMwebp__.jpg,false,,,,{},0,,,,"Join Prime to get FREE delivery Tomorrow, Aug 8Or Non-members get FREE delivery Wed, Aug 12 on $35 of items shipped by Amazon","{""delivery"":""Join Prime to get FREE delivery Tomorrow, Aug 8Or Non-members get FREE delivery Wed, Aug 12 on $35 of items shipped by Amazon""}",1786103880839
578266,20,00949,1,13,,amazon.com,,"https://www.amazon.com/s?k=strawberries&i=samedaystore&crid=1E2QJW9TUIM1M&sprefix=mil,samedaystore,348&ref=nb_sb_noss_2",Featured,B0C9PLML31,"Micro Ingredients Organic Strawberries Sliced, 6.4oz | 100% Natural Fruit | Freeze Dried Strawberry Source | No Sugar & Additives | Healthy Snack & Topping for Beverages or Recipes | Non-GMO, Vegan",,[],29.99,29.99,0,4.6,527,,false,amazon.com,serp,true,1000,,B0C9PLML31,https://www.amazon.com/Organic-Strawberries-Chocolate-Shortcake-Smoothies/dp/B0C9PLML31/ref=sr_1_13?crid=1E2QJW9TUIM1M&dib=eyJ2IjoiMSJ9.aVsEj8jS-YsdYnz5VNvKepejbhHtJh87pEynSm_so9utjtKYqm_oq0zzi4I-gYGzW6M1vKw0yrXjmGn3rwdx68ghc3Nutu_EoDOlS-a3Ots9FN4MndTmEPeeQn33-kTLE2WQVeN9ybjPfVkvGui5hiKyjl2XhhJXwoyAEsop0H49qpMsM3MLs4A8FZRG5bT0j1l9MHK4r4g0CM9od4he8RrdbdbyGuEcPQD5ftN_OgM.FZrq9ut9aVeqqaKXWEI9jUisK8UpA7exYf8xeHkrtbI&dib_tag=se&keywords=strawberries&qid=1786103874&rdc=1&s=samedaystore&sprefix=mil%2Csamedaystore%2C348&sr=1-13,https://m.media-amazon.com/images/I/71U6BYTvHdL._FMwebp__.jpg,false,,,,{},0,,,,"Join Prime to get FREE delivery Tomorrow, Aug 8Or Non-members get FREE delivery Wed, Aug 12 on $35 of items shipped by Amazon","{""delivery"":""Join Prime to get FREE delivery Tomorrow, Aug 8Or Non-members get FREE delivery Wed, Aug 12 on $35 of items shipped by Amazon""}",1786103880839
578267,20,00949,1,14,,amazon.com,,"https://www.amazon.com/s?k=strawberries&i=samedaystore&crid=1E2QJW9TUIM1M&sprefix=mil,samedaystore,348&ref=nb_sb_noss_2",Featured,B074J5KFHG,"365 by Whole Foods Market, Organic Strawberry Fruit Spread, 17 Ounce, Red",,[],4.99,4.99,0,4.7,8545,,false,amazon.com,serp,true,10000,,B074J5KFHG,https://www.amazon.com/365-Everyday-Value-Strawberry-Conserve/dp/B074J5KFHG/ref=sr_1_14?crid=1E2QJW9TUIM1M&dib=eyJ2IjoiMSJ9.aVsEj8jS-YsdYnz5VNvKepejbhHtJh87pEynSm_so9utjtKYqm_oq0zzi4I-gYGzW6M1vKw0yrXjmGn3rwdx68ghc3Nutu_EoDOlS-a3Ots9FN4MndTmEPeeQn33-kTLE2WQVeN9ybjPfVkvGui5hiKyjl2XhhJXwoyAEsop0H49qpMsM3MLs4A8FZRG5bT0j1l9MHK4r4g0CM9od4he8RrdbdbyGuEcPQD5ftN_OgM.FZrq9ut9aVeqqaKXWEI9jUisK8UpA7exYf8xeHkrtbI&dib_tag=se&keywords=strawberries&qid=1786103874&rdc=1&s=samedaystore&sprefix=mil%2Csamedaystore%2C348&sr=1-14,https://m.media-amazon.com/images/I/51BHarMerML._FMwebp__.jpg,false,,,,{},0,,,,"Join Prime to get FREE delivery Tomorrow, Aug 8Or Non-members get FREE delivery Wed, Aug 12 on $35 of items shipped by Amazon","{""delivery"":""Join Prime to get FREE delivery Tomorrow, Aug 8Or Non-members get FREE delivery Wed, Aug 12 on $35 of items shipped by Amazon""}",1786103880839
578268,20,00949,1,15,,amazon.com,,"https://www.amazon.com/s?k=strawberries&i=samedaystore&crid=1E2QJW9TUIM1M&sprefix=mil,samedaystore,348&ref=nb_sb_noss_2",Featured,B0B7KCJY32,"Crispy Green Freeze-Dried Strawberry Fruit Snacks, 0.42 Oz (Pack of 12) | 100% Pure Fruit, All-Natural, No Added Sugar, No Preservatives, Single-Serve Bags for Healthy Snacks & School Lunches",,[],29.99,29.99,0,4.4,1253,,false,amazon.com,serp,true,1000,,B0B7KCJY32,https://www.amazon.com/Crispy-Green-Freeze-Dried-Single-Serve-Strawberry/dp/B0B7KCJY32/ref=sr_1_15?crid=1E2QJW9TUIM1M&dib=eyJ2IjoiMSJ9.aVsEj8jS-YsdYnz5VNvKepejbhHtJh87pEynSm_so9utjtKYqm_oq0zzi4I-gYGzW6M1vKw0yrXjmGn3rwdx68ghc3Nutu_EoDOlS-a3Ots9FN4MndTmEPeeQn33-kTLE2WQVeN9ybjPfVkvGui5hiKyjl2XhhJXwoyAEsop0H49qpMsM3MLs4A8FZRG5bT0j1l9MHK4r4g0CM9od4he8RrdbdbyGuEcPQD5ftN_OgM.FZrq9ut9aVeqqaKXWEI9jUisK8UpA7exYf8xeHkrtbI&dib_tag=se&keywords=strawberries&qid=1786103874&rdc=1&s=samedaystore&sprefix=mil%2Csamedaystore%2C348&sr=1-15,https://m.media-amazon.com/images/I/611+X6LFytL._FMwebp__.jpg,false,,,,{},0,,,,"Join Prime to get FREE delivery Tomorrow, Aug 8Or Non-members get FREE delivery Wed, Aug 12 on $35 of items shipped by Amazon","{""delivery"":""Join Prime to get FREE delivery Tomorrow, Aug 8Or Non-members get FREE delivery Wed, Aug 12 on $35 of items shipped by Amazon""}",1786103880839
578269,20,00949,1,16,,amazon.com,,"https://www.amazon.com/s?k=strawberries&i=samedaystore&crid=1E2QJW9TUIM1M&sprefix=mil,samedaystore,348&ref=nb_sb_noss_2",Featured,B09Q3GGQ7Q,"Oh! Nuts Dried Strawberries - 1 LB - Sweetened Dried Fruit - Dehydrated Fruit Bites - Packed in New York Zip-Seal Bag for Exceptional Freshness | Dried strawberries sweetened - Dehydrated strawberries, dried strawberry slices, 1lb bulk pack",,[],18,18,0,4.2,489,,false,amazon.com,serp,true,50,,B09Q3GGQ7Q,https://www.amazon.com/Oh-Nuts-Strawberries-Confectionery-Antioxidants/dp/B09Q3GGQ7Q/ref=sr_1_16?crid=1E2QJW9TUIM1M&dib=eyJ2IjoiMSJ9.aVsEj8jS-YsdYnz5VNvKepejbhHtJh87pEynSm_so9utjtKYqm_oq0zzi4I-gYGzW6M1vKw0yrXjmGn3rwdx68ghc3Nutu_EoDOlS-a3Ots9FN4MndTmEPeeQn33-kTLE2WQVeN9ybjPfVkvGui5hiKyjl2XhhJXwoyAEsop0H49qpMsM3MLs4A8FZRG5bT0j1l9MHK4r4g0CM9od4he8RrdbdbyGuEcPQD5ftN_OgM.FZrq9ut9aVeqqaKXWEI9jUisK8UpA7exYf8xeHkrtbI&dib_tag=se&keywords=strawberries&qid=1786103874&s=samedaystore&sprefix=mil%2Csamedaystore%2C348&sr=1-16,https://m.media-amazon.com/images/I/814ZaZY+oFL._FMwebp__.jpg,false,,,,{},0,,,,"Join Prime to get FREE delivery Tomorrow, Aug 8Or Non-members get FREE delivery Wed, Aug 12 on $35 of items shipped by Amazon","{""delivery"":""Join Prime to get FREE delivery Tomorrow, Aug 8Or Non-members get FREE delivery Wed, Aug 12 on $35 of items shipped by Amazon""}",1786103880839
578350,20,00956,1,1,,amazon.com,,"https://www.amazon.com/s?k=strawberries&i=samedaystore&crid=1E2QJW9TUIM1M&sprefix=mil,samedaystore,348&ref=nb_sb_noss_2",Featured,B000P6J0SM,"Strawberries, 1 Lb",,[],0,0,0,4.6,90826,,false,amazon.com,serp,false,100000,,B000P6J0SM,https://www.amazon.com/Fresh-Produce-Brands-May-Vary/dp/B000P6J0SM/ref=sr_1_1?crid=1E2QJW9TUIM1M&dib=eyJ2IjoiMSJ9.daI5AgOqfWVZKrIg_nqXBXhIjU5fNw8iguBr3j6ZQS1mS3E0-TfV6qV416B8sspMCMUIdvm1t0YrFF8tLPKaZqJj71nPnaUuJZP-T4Tla2mMmVu_bOxg99n-mAlJoGxM46JGxqw-QK7EaJwkneNvd88JlQWWRjm3CX2gIuQ6py4khaRRCWFly2WMYaPodGaZ2qpQHDAy63niMw0Usoh3iq9X-22prifAIL3NvTWpDwY.M4wEHhtxf-0iNVse9E4sSjr13nRdW1B-Laz3LxUrIMo&dib_tag=se&keywords=strawberries&qid=1786103878&s=samedaystore&sprefix=mil%2Csamedaystore%2C348&sr=1-1,https://m.media-amazon.com/images/I/719HRHktywL._FMwebp__.jpg,false,,,,{},0,,,,,{},1786103888608
578351,20,00956,1,2,,amazon.com,,"https://www.amazon.com/s?k=strawberries&i=samedaystore&crid=1E2QJW9TUIM1M&sprefix=mil,samedaystore,348&ref=nb_sb_noss_2",Featured,B002B8Z98W,"Organic Strawberries, 1 Lb",,[],0,0,0,4.6,40783,,false,amazon.com,serp,false,100000,,B002B8Z98W,https://www.amazon.com/Fresh-Produce-Brands-Vary-040/dp/B002B8Z98W/ref=sr_1_2?crid=1E2QJW9TUIM1M&dib=eyJ2IjoiMSJ9.daI5AgOqfWVZKrIg_nqXBXhIjU5fNw8iguBr3j6ZQS1mS3E0-TfV6qV416B8sspMCMUIdvm1t0YrFF8tLPKaZqJj71nPnaUuJZP-T4Tla2mMmVu_bOxg99n-mAlJoGxM46JGxqw-QK7EaJwkneNvd88JlQWWRjm3CX2gIuQ6py4khaRRCWFly2WMYaPodGaZ2qpQHDAy63niMw0Usoh3iq9X-22prifAIL3NvTWpDwY.M4wEHhtxf-0iNVse9E4sSjr13nRdW1B-Laz3LxUrIMo&dib_tag=se&keywords=strawberries&qid=1786103878&s=samedaystore&sprefix=mil%2Csamedaystore%2C348&sr=1-2,https://m.media-amazon.com/images/I/71oKpKMVqTL._FMwebp__.jpg,false,,,,{},0,,,,,{},1786103888608
578352,20,00956,1,3,,amazon.com,,"https://www.amazon.com/s?k=strawberries&i=samedaystore&crid=1E2QJW9TUIM1M&sprefix=mil,samedaystore,348&ref=nb_sb_noss_2",Featured,B0FT35CP55,"Premium Freeze Dried Strawberry Slices | 7.05oz | No Sugar Added | in Resealable Jar Non-GMO, Vegan Snacks | Crunchy Wellsome Topping for Yogurt, Smoothie Bowls, Baking & On-the-Go Fruit Snack",,[],17.99,17.99,0,4.7,54,,false,amazon.com,serp,true,300,,B0FT35CP55,https://www.amazon.com/Premium-Strawberry-Resealable-Wellsome-Smoothie/dp/B0FT35CP55/ref=sr_1_3?crid=1E2QJW9TUIM1M&dib=eyJ2IjoiMSJ9.daI5AgOqfWVZKrIg_nqXBXhIjU5fNw8iguBr3j6ZQS1mS3E0-TfV6qV416B8sspMCMUIdvm1t0YrFF8tLPKaZqJj71nPnaUuJZP-T4Tla2mMmVu_bOxg99n-mAlJoGxM46JGxqw-QK7EaJwkneNvd88JlQWWRjm3CX2gIuQ6py4khaRRCWFly2WMYaPodGaZ2qpQHDAy63niMw0Usoh3iq9X-22prifAIL3NvTWpDwY.M4wEHhtxf-0iNVse9E4sSjr13nRdW1B-Laz3LxUrIMo&dib_tag=se&keywords=strawberries&qid=1786103878&s=samedaystore&sprefix=mil%2Csamedaystore%2C348&sr=1-3,https://m.media-amazon.com/images/I/911yY8wECIL._FMwebp__.jpg,false,,,,{},0,,,,"FREE delivery Wed, Aug 12 on $35 of items shipped by Amazon","{""delivery"":""FREE delivery Wed, Aug 12 on $35 of items shipped by Amazon""}",1786103888608
578353,20,00956,1,4,,amazon.com,,"https://www.amazon.com/s?k=strawberries&i=samedaystore&crid=1E2QJW9TUIM1M&sprefix=mil,samedaystore,348&ref=nb_sb_noss_2",Featured,B000P6G12U,"Red Raspberries, 6 oz",,[],0,0,0,4.6,37207,,false,amazon.com,serp,false,100000,,B000P6G12U,https://www.amazon.com/Fresh-Produce-Brands-May-Vary/dp/B000P6G12U/ref=sr_1_4?crid=1E2QJW9TUIM1M&dib=eyJ2IjoiMSJ9.daI5AgOqfWVZKrIg_nqXBXhIjU5fNw8iguBr3j6ZQS1mS3E0-TfV6qV416B8sspMCMUIdvm1t0YrFF8tLPKaZqJj71nPnaUuJZP-T4Tla2mMmVu_bOxg99n-mAlJoGxM46JGxqw-QK7EaJwkneNvd88JlQWWRjm3CX2gIuQ6py4khaRRCWFly2WMYaPodGaZ2qpQHDAy63niMw0Usoh3iq9X-22prifAIL3NvTWpDwY.M4wEHhtxf-0iNVse9E4sSjr13nRdW1B-Laz3LxUrIMo&dib_tag=se&keywords=strawberries&qid=1786103878&s=samedaystore&sprefix=mil%2Csamedaystore%2C348&sr=1-4,https://m.media-amazon.com/images/I/61lsVNuBxkL._FMwebp__.jpg,false,,,,{},0,,,,,{},1786103888608
578354,20,00956,1,5,,amazon.com,,"https://www.amazon.com/s?k=strawberries&i=samedaystore&crid=1E2QJW9TUIM1M&sprefix=mil,samedaystore,348&ref=nb_sb_noss_2",Featured,B0BZ9TBY48,"Bonnie Plants Strawberry, Live Plant, 19.3 oz. (4-Pack)",,[],18.72,22.89,18.72,4.3,1069,,false,amazon.com,serp,true,900,,B0BZ9TBY48,https://www.amazon.com/Bonnie-Plants-Strawberry-Plant-4-Pack/dp/B0BZ9TBY48/ref=sr_1_5?crid=1E2QJW9TUIM1M&dib=eyJ2IjoiMSJ9.daI5AgOqfWVZKrIg_nqXBXhIjU5fNw8iguBr3j6ZQS1mS3E0-TfV6qV416B8sspMCMUIdvm1t0YrFF8tLPKaZqJj71nPnaUuJZP-T4Tla2mMmVu_bOxg99n-mAlJoGxM46JGxqw-QK7EaJwkneNvd88JlQWWRjm3CX2gIuQ6py4khaRRCWFly2WMYaPodGaZ2qpQHDAy63niMw0Usoh3iq9X-22prifAIL3NvTWpDwY.M4wEHhtxf-0iNVse9E4sSjr13nRdW1B-Laz3LxUrIMo&dib_tag=se&keywords=strawberries&qid=1786103878&s=samedaystore&sprefix=mil%2Csamedaystore%2C348&sr=1-5,https://m.media-amazon.com/images/I/71jTWZBe4UL._FMwebp__.jpg,false,,,,{},0,,,,FREE delivery on $35 of items shipped by Amazon,"{""delivery"":""FREE delivery on $35 of items shipped by Amazon""}",1786103888608
578355,20,00956,1,6,,amazon.com,,"https://www.amazon.com/s?k=strawberries&i=samedaystore&crid=1E2QJW9TUIM1M&sprefix=mil,samedaystore,348&ref=nb_sb_noss_2",Featured,B008945XB0,"Augason Farms Freeze Dried Sliced Strawberries Can 6.5 oz | 18 Servings, Gluten Free Snack for Baking, Smoothies, and Emergency Storage, Healthy Individual Fruit Snacks, 6.5 Ounces",,[],18,18,0,4.6,10834,,false,amazon.com,serp,true,500,,B008945XB0,https://www.amazon.com/Augason-Farms-Freeze-Sliced-Strawberries/dp/B008945XB0/ref=sr_1_6?crid=1E2QJW9TUIM1M&dib=eyJ2IjoiMSJ9.daI5AgOqfWVZKrIg_nqXBXhIjU5fNw8iguBr3j6ZQS1mS3E0-TfV6qV416B8sspMCMUIdvm1t0YrFF8tLPKaZqJj71nPnaUuJZP-T4Tla2mMmVu_bOxg99n-mAlJoGxM46JGxqw-QK7EaJwkneNvd88JlQWWRjm3CX2gIuQ6py4khaRRCWFly2WMYaPodGaZ2qpQHDAy63niMw0Usoh3iq9X-22prifAIL3NvTWpDwY.M4wEHhtxf-0iNVse9E4sSjr13nRdW1B-Laz3LxUrIMo&dib_tag=se&keywords=strawberries&qid=1786103878&s=samedaystore&sprefix=mil%2Csamedaystore%2C348&sr=1-6,https://m.media-amazon.com/images/I/71Y5VPm9QzL._FMwebp__.jpg,false,,,,{},0,,,,FREE delivery Aug 24 - Sep 5 on $35 of items shipped by Amazon,"{""delivery"":""FREE delivery Aug 24 - Sep 5 on $35 of items shipped by Amazon""}",1786103888608
578356,20,00956,1,7,,amazon.com,,"https://www.amazon.com/s?k=strawberries&i=samedaystore&crid=1E2QJW9TUIM1M&sprefix=mil,samedaystore,348&ref=nb_sb_noss_2",Featured,B0FFMBS8Y1,"Amilutuo Freeze Dried Strawberries Pieces, 3.17OZ/90g Frozen Strawberries | Freeze Dried Fruit, Dehydrated Strawberries, Freeze Dried Snacks",,[],8.99,9.49,8.99,4.5,376,,false,amazon.com,serp,true,700,,B0FFMBS8Y1,https://www.amazon.com/Freeze-Strawberries-Pieces-Dehydrated-Preservatives/dp/B0FFMBS8Y1/ref=sr_1_7?crid=1E2QJW9TUIM1M&dib=eyJ2IjoiMSJ9.daI5AgOqfWVZKrIg_nqXBXhIjU5fNw8iguBr3j6ZQS1mS3E0-TfV6qV416B8sspMCMUIdvm1t0YrFF8tLPKaZqJj71nPnaUuJZP-T4Tla2mMmVu_bOxg99n-mAlJoGxM46JGxqw-QK7EaJwkneNvd88JlQWWRjm3CX2gIuQ6py4khaRRCWFly2WMYaPodGaZ2qpQHDAy63niMw0Usoh3iq9X-22prifAIL3NvTWpDwY.M4wEHhtxf-0iNVse9E4sSjr13nRdW1B-Laz3LxUrIMo&dib_tag=se&keywords=strawberries&qid=1786103878&s=samedaystore&sprefix=mil%2Csamedaystore%2C348&sr=1-7,https://m.media-amazon.com/images/I/81RkuXeP7BL._FMwebp__.jpg,false,,,,{},0,,,,"FREE delivery Wed, Aug 12 on $35 of items shipped by Amazon","{""delivery"":""FREE delivery Wed, Aug 12 on $35 of items shipped by Amazon""}",1786103888608
578357,20,00956,1,8,,amazon.com,,"https://www.amazon.com/s?k=strawberries&i=samedaystore&crid=1E2QJW9TUIM1M&sprefix=mil,samedaystore,348&ref=nb_sb_noss_2",Featured,B09CGC6GM5,"Happy Village Organic Whole Dried Strawberries, 18 OZ Resealable Pack- Soft & Juicy, Kosher, Non-GMO, No Refined Sugar, Apple Juice Infused Dried Strawberry",,[],28.99,28.99,0,4.2,1872,,false,amazon.com,serp,true,800,,B09CGC6GM5,https://www.amazon.com/Organic-Strawberries-Happy-Village-Strawberry/dp/B09CGC6GM5/ref=sr_1_8?crid=1E2QJW9TUIM1M&dib=eyJ2IjoiMSJ9.daI5AgOqfWVZKrIg_nqXBXhIjU5fNw8iguBr3j6ZQS1mS3E0-TfV6qV416B8sspMCMUIdvm1t0YrFF8tLPKaZqJj71nPnaUuJZP-T4Tla2mMmVu_bOxg99n-mAlJoGxM46JGxqw-QK7EaJwkneNvd88JlQWWRjm3CX2gIuQ6py4khaRRCWFly2WMYaPodGaZ2qpQHDAy63niMw0Usoh3iq9X-22prifAIL3NvTWpDwY.M4wEHhtxf-0iNVse9E4sSjr13nRdW1B-Laz3LxUrIMo&dib_tag=se&keywords=strawberries&qid=1786103878&s=samedaystore&sprefix=mil%2Csamedaystore%2C348&sr=1-8,https://m.media-amazon.com/images/I/815C40gH9OL._FMwebp__.jpg,false,,,,{},0,,,,"FREE delivery Wed, Aug 12 on $35 of items shipped by Amazon","{""delivery"":""FREE delivery Wed, Aug 12 on $35 of items shipped by Amazon""}",1786103888608
578358,20,00956,1,9,,amazon.com,,"https://www.amazon.com/s?k=strawberries&i=samedaystore&crid=1E2QJW9TUIM1M&sprefix=mil,samedaystore,348&ref=nb_sb_noss_2",Featured,B077N7TR5G,Organic Blueberries Pint,,[],0,0,0,4.7,27829,,false,amazon.com,serp,false,100000,,B077N7TR5G,https://www.amazon.com/produce-aisle-112042-Organic-Blueberries/dp/B077N7TR5G/ref=sr_1_9?crid=1E2QJW9TUIM1M&dib=eyJ2IjoiMSJ9.daI5AgOqfWVZKrIg_nqXBXhIjU5fNw8iguBr3j6ZQS1mS3E0-TfV6qV416B8sspMCMUIdvm1t0YrFF8tLPKaZqJj71nPnaUuJZP-T4Tla2mMmVu_bOxg99n-mAlJoGxM46JGxqw-QK7EaJwkneNvd88JlQWWRjm3CX2gIuQ6py4khaRRCWFly2WMYaPodGaZ2qpQHDAy63niMw0Usoh3iq9X-22prifAIL3NvTWpDwY.M4wEHhtxf-0iNVse9E4sSjr13nRdW1B-Laz3LxUrIMo&dib_tag=se&keywords=strawberries&qid=1786103878&s=samedaystore&sprefix=mil%2Csamedaystore%2C348&sr=1-9,https://m.media-amazon.com/images/I/61RTWtYAGRL._FMwebp__.jpg,false,,,,{},0,,,,,{},1786103888608
578359,20,00956,1,10,,amazon.com,,"https://www.amazon.com/s?k=strawberries&i=samedaystore&crid=1E2QJW9TUIM1M&sprefix=mil,samedaystore,348&ref=nb_sb_noss_2",Featured,B0GSTGDDPR,"All Season Strawberry Seeds for Home Garden Planting, Perennial Herbaceous Plant - 2500 Seeds/Pack",,[],9.98,9.98,0,3.5,18,,false,amazon.com,serp,true,100,,B0GSTGDDPR,https://www.amazon.com/Season-Strawberry-Planting-Perennial-Herbaceous/dp/B0GSTGDDPR/ref=sr_1_10?crid=1E2QJW9TUIM1M&dib=eyJ2IjoiMSJ9.daI5AgOqfWVZKrIg_nqXBXhIjU5fNw8iguBr3j6ZQS1mS3E0-TfV6qV416B8sspMCMUIdvm1t0YrFF8tLPKaZqJj71nPnaUuJZP-T4Tla2mMmVu_bOxg99n-mAlJoGxM46JGxqw-QK7EaJwkneNvd88JlQWWRjm3CX2gIuQ6py4khaRRCWFly2WMYaPodGaZ2qpQHDAy63niMw0Usoh3iq9X-22prifAIL3NvTWpDwY.M4wEHhtxf-0iNVse9E4sSjr13nRdW1B-Laz3LxUrIMo&dib_tag=se&keywords=strawberries&qid=1786103878&s=samedaystore&sprefix=mil%2Csamedaystore%2C348&sr=1-10,https://m.media-amazon.com/images/I/81xLcMDHjbL._FMwebp__.jpg,false,,,,{},0,,,,"FREE delivery Wed, Aug 12 on $35 of items shipped by Amazon","{""delivery"":""FREE delivery Wed, Aug 12 on $35 of items shipped by Amazon""}",1786103888608
578360,20,00956,1,11,,amazon.com,,"https://www.amazon.com/s?k=strawberries&i=samedaystore&crid=1E2QJW9TUIM1M&sprefix=mil,samedaystore,348&ref=nb_sb_noss_2",Featured,B002XOHZWC,"Chef'n Original Stem Gem Strawberry Huller, Red/Green - 102-138-005",,[],8,8,0,4.6,15027,,false,amazon.com,serp,true,3000,,B002XOHZWC,https://www.amazon.com/Chefn-27466-StemGem-Strawberry-Huller/dp/B002XOHZWC/ref=sr_1_11?crid=1E2QJW9TUIM1M&dib=eyJ2IjoiMSJ9.daI5AgOqfWVZKrIg_nqXBXhIjU5fNw8iguBr3j6ZQS1mS3E0-TfV6qV416B8sspMCMUIdvm1t0YrFF8tLPKaZqJj71nPnaUuJZP-T4Tla2mMmVu_bOxg99n-mAlJoGxM46JGxqw-QK7EaJwkneNvd88JlQWWRjm3CX2gIuQ6py4khaRRCWFly2WMYaPodGaZ2qpQHDAy63niMw0Usoh3iq9X-22prifAIL3NvTWpDwY.M4wEHhtxf-0iNVse9E4sSjr13nRdW1B-Laz3LxUrIMo&dib_tag=se&keywords=strawberries&qid=1786103878&s=samedaystore&sprefix=mil%2Csamedaystore%2C348&sr=1-11,https://m.media-amazon.com/images/I/61rt3VOPtZL._FMwebp__.jpg,false,,,,{},0,,,,"FREE delivery Wed, Aug 12 on $35 of items shipped by Amazon","{""delivery"":""FREE delivery Wed, Aug 12 on $35 of items shipped by Amazon""}",1786103888608
578361,20,00956,1,12,,amazon.com,,"https://www.amazon.com/s?k=strawberries&i=samedaystore&crid=1E2QJW9TUIM1M&sprefix=mil,samedaystore,348&ref=nb_sb_noss_2",Featured,B0DD94HBMV,"Strawberry Bon Bons Hard Candy, 1 Pound (Approx. 75 pcs.), Strawberry Candy Individually Wrapped, Strawberry Candy, The Hampton Popcorn & Candy Company",,[],8.99,8.99,0,4.7,867,,false,amazon.com,serp,true,500,,B0DD94HBMV,https://www.amazon.com/Strawberry-Candy-Individually-Hampton-Company/dp/B0DD94HBMV/ref=sr_1_12?crid=1E2QJW9TUIM1M&dib=eyJ2IjoiMSJ9.daI5AgOqfWVZKrIg_nqXBXhIjU5fNw8iguBr3j6ZQS1mS3E0-TfV6qV416B8sspMCMUIdvm1t0YrFF8tLPKaZqJj71nPnaUuJZP-T4Tla2mMmVu_bOxg99n-mAlJoGxM46JGxqw-QK7EaJwkneNvd88JlQWWRjm3CX2gIuQ6py4khaRRCWFly2WMYaPodGaZ2qpQHDAy63niMw0Usoh3iq9X-22prifAIL3NvTWpDwY.M4wEHhtxf-0iNVse9E4sSjr13nRdW1B-Laz3LxUrIMo&dib_tag=se&keywords=strawberries&qid=1786103878&s=samedaystore&sprefix=mil%2Csamedaystore%2C348&sr=1-12,https://m.media-amazon.com/images/I/81cc7G69D9L._FMwebp__.jpg,false,,,,{},0,,,,"FREE delivery Wed, Aug 12 on $35 of items shipped by Amazon","{""delivery"":""FREE delivery Wed, Aug 12 on $35 of items shipped by Amazon""}",1786103888608
578362,20,00956,1,13,,amazon.com,,"https://www.amazon.com/s?k=strawberries&i=samedaystore&crid=1E2QJW9TUIM1M&sprefix=mil,samedaystore,348&ref=nb_sb_noss_2",Featured,B000VA2W0U,"HERSHEY'S Strawberry Flavored Syrup Bottle, 22 oz",,"[""Best Seller""]",4.79,4.79,0,4.6,2942,,false,amazon.com,serp,true,,,B000VA2W0U,https://www.amazon.com/HERSHEYS-Strawberry-Dessert-Topping-Beverage/dp/B000VA2W0U/ref=sr_1_13?crid=1E2QJW9TUIM1M&dib=eyJ2IjoiMSJ9.daI5AgOqfWVZKrIg_nqXBXhIjU5fNw8iguBr3j6ZQS1mS3E0-TfV6qV416B8sspMCMUIdvm1t0YrFF8tLPKaZqJj71nPnaUuJZP-T4Tla2mMmVu_bOxg99n-mAlJoGxM46JGxqw-QK7EaJwkneNvd88JlQWWRjm3CX2gIuQ6py4khaRRCWFly2WMYaPodGaZ2qpQHDAy63niMw0Usoh3iq9X-22prifAIL3NvTWpDwY.M4wEHhtxf-0iNVse9E4sSjr13nRdW1B-Laz3LxUrIMo&dib_tag=se&keywords=strawberries&qid=1786103878&s=samedaystore&sprefix=mil%2Csamedaystore%2C348&sr=1-13,https://m.media-amazon.com/images/I/71PmaZMjoNL._FMwebp__.jpg,false,,,,{},0,,,,"FREE delivery Wed, Aug 12 on $35 of items shipped by Amazon","{""delivery"":""FREE delivery Wed, Aug 12 on $35 of items shipped by Amazon""}",1786103888608
578363,20,00956,1,14,,amazon.com,,"https://www.amazon.com/s?k=strawberries&i=samedaystore&crid=1E2QJW9TUIM1M&sprefix=mil,samedaystore,348&ref=nb_sb_noss_2",Featured,B0BT8QKTG7,"Augason Farms Freeze Dried Sliced Strawberries Pouch 1.4 oz | Gluten Free Snack for Baking, Smoothies, and Emergency Storage, Healthy Individual Fruit Snacks 1.4 Ounces (4 Servings)",,[],6.38,6.38,0,4.6,10834,,false,amazon.com,serp,true,200,,B0BT8QKTG7,https://www.amazon.com/Freeze-Dried-Sliced-Strawberries-Resealable-Pouch/dp/B0BT8QKTG7/ref=sr_1_14?crid=1E2QJW9TUIM1M&dib=eyJ2IjoiMSJ9.daI5AgOqfWVZKrIg_nqXBXhIjU5fNw8iguBr3j6ZQS1mS3E0-TfV6qV416B8sspMCMUIdvm1t0YrFF8tLPKaZqJj71nPnaUuJZP-T4Tla2mMmVu_bOxg99n-mAlJoGxM46JGxqw-QK7EaJwkneNvd88JlQWWRjm3CX2gIuQ6py4khaRRCWFly2WMYaPodGaZ2qpQHDAy63niMw0Usoh3iq9X-22prifAIL3NvTWpDwY.M4wEHhtxf-0iNVse9E4sSjr13nRdW1B-Laz3LxUrIMo&dib_tag=se&keywords=strawberries&qid=1786103878&s=samedaystore&sprefix=mil%2Csamedaystore%2C348&sr=1-14,https://m.media-amazon.com/images/I/81RSryU5z3L._FMwebp__.jpg,false,,,,{},0,,,,"FREE delivery Wed, Aug 12 on $35 of items shipped by Amazon","{""delivery"":""FREE delivery Wed, Aug 12 on $35 of items shipped by Amazon""}",1786103888608
578364,20,00956,1,15,,amazon.com,,"https://www.amazon.com/s?k=strawberries&i=samedaystore&crid=1E2QJW9TUIM1M&sprefix=mil,samedaystore,348&ref=nb_sb_noss_2",Featured,B005IAXZOK,"McCormick Strawberry Extract With Other Natural Flavors, 1 fl oz",,[],0,0,0,4.6,3804,,false,amazon.com,serp,true,2000,,B005IAXZOK,https://www.amazon.com/Mccormick-Strawberry-Extract-Natural-Flavors/dp/B005IAXZOK/ref=sr_1_15?crid=1E2QJW9TUIM1M&dib=eyJ2IjoiMSJ9.daI5AgOqfWVZKrIg_nqXBXhIjU5fNw8iguBr3j6ZQS1mS3E0-TfV6qV416B8sspMCMUIdvm1t0YrFF8tLPKaZqJj71nPnaUuJZP-T4Tla2mMmVu_bOxg99n-mAlJoGxM46JGxqw-QK7EaJwkneNvd88JlQWWRjm3CX2gIuQ6py4khaRRCWFly2WMYaPodGaZ2qpQHDAy63niMw0Usoh3iq9X-22prifAIL3NvTWpDwY.M4wEHhtxf-0iNVse9E4sSjr13nRdW1B-Laz3LxUrIMo&dib_tag=se&keywords=strawberries&qid=1786103878&s=samedaystore&sprefix=mil%2Csamedaystore%2C348&sr=1-15,https://m.media-amazon.com/images/I/81G8Bm5ImQL._FMwebp__.jpg,false,,,,{},0,,,,,{},1786103888608
578365,20,00956,1,16,,amazon.com,,"https://www.amazon.com/s?k=strawberries&i=samedaystore&crid=1E2QJW9TUIM1M&sprefix=mil,samedaystore,348&ref=nb_sb_noss_2",Featured,B0FQDCP3MN,"Starbucks Refreshers Concentrate Strawberry Acai, Refreshing Drink, Cold Drinks 32 fl oz",,[],8.97,8.97,0,4.8,797,,false,amazon.com,serp,true,20000,,B0FQDCP3MN,https://www.amazon.com/Starbucks-Refreshers-Concentrate-Strawberry-Refreshing/dp/B0FQDCP3MN/ref=sr_1_16?crid=1E2QJW9TUIM1M&dib=eyJ2IjoiMSJ9.daI5AgOqfWVZKrIg_nqXBXhIjU5fNw8iguBr3j6ZQS1mS3E0-TfV6qV416B8sspMCMUIdvm1t0YrFF8tLPKaZqJj71nPnaUuJZP-T4Tla2mMmVu_bOxg99n-mAlJoGxM46JGxqw-QK7EaJwkneNvd88JlQWWRjm3CX2gIuQ6py4khaRRCWFly2WMYaPodGaZ2qpQHDAy63niMw0Usoh3iq9X-22prifAIL3NvTWpDwY.M4wEHhtxf-0iNVse9E4sSjr13nRdW1B-Laz3LxUrIMo&dib_tag=se&keywords=strawberries&qid=1786103878&s=samedaystore&sprefix=mil%2Csamedaystore%2C348&sr=1-16,https://m.media-amazon.com/images/I/51vGg9F37ML._FMwebp__.jpg,false,,,,{},0,,,,"FREE delivery Wed, Aug 12 on $35 of items shipped by Amazon","{""delivery"":""FREE delivery Wed, Aug 12 on $35 of items shipped by Amazon""}",1786103888608
578542,20,00961,1,1,,amazon.com,,"https://www.amazon.com/s?k=strawberries&i=samedaystore&crid=1E2QJW9TUIM1M&sprefix=mil,samedaystore,348&ref=nb_sb_noss_2",Featured,B000P6J0SM,"Strawberries, 1 Lb",,[],0,0,0,4.6,90826,,false,amazon.com,serp,false,100000,,B000P6J0SM,https://www.amazon.com/Fresh-Produce-Brands-May-Vary/dp/B000P6J0SM/ref=sr_1_1?crid=1E2QJW9TUIM1M&dib=eyJ2IjoiMSJ9.daI5AgOqfWVZKrIg_nqXBXhIjU5fNw8iguBr3j6ZQS1mS3E0-TfV6qV416B8sspMCMUIdvm1t0YrFF8tLPKaZqJj71nPnaUuJZP-T4Tla2mMmVu_bOxg99n-mAlJoGxM46JGxqw-QK7EaJwkneNvd3i3eo0yu_gLF_uzRfZAWuVRdc8VxTE8WkzJSO-PLubt1Z2JUiB-hS0HJqtU0_4pXSyZAfUAOPlUEDnyKb6GpbE.qQLMH4u8Sslx09oHPfGIv9el82HOFNxhKHj-_8T_x9I&dib_tag=se&keywords=strawberries&qid=1786103900&s=samedaystore&sprefix=mil%2Csamedaystore%2C348&sr=1-1,https://m.media-amazon.com/images/I/719HRHktywL._FMwebp__.jpg,false,,,,{},0,,,,,{},1786103905903
578543,20,00961,1,2,,amazon.com,,"https://www.amazon.com/s?k=strawberries&i=samedaystore&crid=1E2QJW9TUIM1M&sprefix=mil,samedaystore,348&ref=nb_sb_noss_2",Featured,B002B8Z98W,"Organic Strawberries, 1 Lb",,[],0,0,0,4.6,40783,,false,amazon.com,serp,false,100000,,B002B8Z98W,https://www.amazon.com/Fresh-Produce-Brands-Vary-040/dp/B002B8Z98W/ref=sr_1_2?crid=1E2QJW9TUIM1M&dib=eyJ2IjoiMSJ9.daI5AgOqfWVZKrIg_nqXBXhIjU5fNw8iguBr3j6ZQS1mS3E0-TfV6qV416B8sspMCMUIdvm1t0YrFF8tLPKaZqJj71nPnaUuJZP-T4Tla2mMmVu_bOxg99n-mAlJoGxM46JGxqw-QK7EaJwkneNvd3i3eo0yu_gLF_uzRfZAWuVRdc8VxTE8WkzJSO-PLubt1Z2JUiB-hS0HJqtU0_4pXSyZAfUAOPlUEDnyKb6GpbE.qQLMH4u8Sslx09oHPfGIv9el82HOFNxhKHj-_8T_x9I&dib_tag=se&keywords=strawberries&qid=1786103900&s=samedaystore&sprefix=mil%2Csamedaystore%2C348&sr=1-2,https://m.media-amazon.com/images/I/71oKpKMVqTL._FMwebp__.jpg,false,,,,{},0,,,,,{},1786103905903
578544,20,00961,1,3,,amazon.com,,"https://www.amazon.com/s?k=strawberries&i=samedaystore&crid=1E2QJW9TUIM1M&sprefix=mil,samedaystore,348&ref=nb_sb_noss_2",Featured,B0FT35CP55,"Premium Freeze Dried Strawberry Slices | 7.05oz | No Sugar Added | in Resealable Jar Non-GMO, Vegan Snacks | Crunchy Wellsome Topping for Yogurt, Smoothie Bowls, Baking & On-the-Go Fruit Snack",,[],17.99,17.99,0,4.7,54,,false,amazon.com,serp,true,300,,B0FT35CP55,https://www.amazon.com/Premium-Strawberry-Resealable-Wellsome-Smoothie/dp/B0FT35CP55/ref=sr_1_3?crid=1E2QJW9TUIM1M&dib=eyJ2IjoiMSJ9.daI5AgOqfWVZKrIg_nqXBXhIjU5fNw8iguBr3j6ZQS1mS3E0-TfV6qV416B8sspMCMUIdvm1t0YrFF8tLPKaZqJj71nPnaUuJZP-T4Tla2mMmVu_bOxg99n-mAlJoGxM46JGxqw-QK7EaJwkneNvd3i3eo0yu_gLF_uzRfZAWuVRdc8VxTE8WkzJSO-PLubt1Z2JUiB-hS0HJqtU0_4pXSyZAfUAOPlUEDnyKb6GpbE.qQLMH4u8Sslx09oHPfGIv9el82HOFNxhKHj-_8T_x9I&dib_tag=se&keywords=strawberries&qid=1786103900&s=samedaystore&sprefix=mil%2Csamedaystore%2C348&sr=1-3,https://m.media-amazon.com/images/I/911yY8wECIL._FMwebp__.jpg,false,,,,{},0,,,,"FREE delivery Wed, Aug 12 on $35 of items shipped by Amazon","{""delivery"":""FREE delivery Wed, Aug 12 on $35 of items shipped by Amazon""}",1786103905903
578545,20,00961,1,4,,amazon.com,,"https://www.amazon.com/s?k=strawberries&i=samedaystore&crid=1E2QJW9TUIM1M&sprefix=mil,samedaystore,348&ref=nb_sb_noss_2",Featured,B000P6G12U,"Red Raspberries, 6 oz",,[],0,0,0,4.6,37207,,false,amazon.com,serp,false,100000,,B000P6G12U,https://www.amazon.com/Fresh-Produce-Brands-May-Vary/dp/B000P6G12U/ref=sr_1_4?crid=1E2QJW9TUIM1M&dib=eyJ2IjoiMSJ9.daI5AgOqfWVZKrIg_nqXBXhIjU5fNw8iguBr3j6ZQS1mS3E0-TfV6qV416B8sspMCMUIdvm1t0YrFF8tLPKaZqJj71nPnaUuJZP-T4Tla2mMmVu_bOxg99n-mAlJoGxM46JGxqw-QK7EaJwkneNvd3i3eo0yu_gLF_uzRfZAWuVRdc8VxTE8WkzJSO-PLubt1Z2JUiB-hS0HJqtU0_4pXSyZAfUAOPlUEDnyKb6GpbE.qQLMH4u8Sslx09oHPfGIv9el82HOFNxhKHj-_8T_x9I&dib_tag=se&keywords=strawberries&qid=1786103900&s=samedaystore&sprefix=mil%2Csamedaystore%2C348&sr=1-4,https://m.media-amazon.com/images/I/61lsVNuBxkL._FMwebp__.jpg,false,,,,{},0,,,,,{},1786103905903
578546,20,00961,1,5,,amazon.com,,"https://www.amazon.com/s?k=strawberries&i=samedaystore&crid=1E2QJW9TUIM1M&sprefix=mil,samedaystore,348&ref=nb_sb_noss_2",Featured,B0BZ9TBY48,"Bonnie Plants Strawberry, Live Plant, 19.3 oz. (4-Pack)",,[],18.72,22.89,18.72,4.3,1069,,false,amazon.com,serp,true,900,,B0BZ9TBY48,https://www.amazon.com/Bonnie-Plants-Strawberry-Plant-4-Pack/dp/B0BZ9TBY48/ref=sr_1_5?crid=1E2QJW9TUIM1M&dib=eyJ2IjoiMSJ9.daI5AgOqfWVZKrIg_nqXBXhIjU5fNw8iguBr3j6ZQS1mS3E0-TfV6qV416B8sspMCMUIdvm1t0YrFF8tLPKaZqJj71nPnaUuJZP-T4Tla2mMmVu_bOxg99n-mAlJoGxM46JGxqw-QK7EaJwkneNvd3i3eo0yu_gLF_uzRfZAWuVRdc8VxTE8WkzJSO-PLubt1Z2JUiB-hS0HJqtU0_4pXSyZAfUAOPlUEDnyKb6GpbE.qQLMH4u8Sslx09oHPfGIv9el82HOFNxhKHj-_8T_x9I&dib_tag=se&keywords=strawberries&qid=1786103900&s=samedaystore&sprefix=mil%2Csamedaystore%2C348&sr=1-5,https://m.media-amazon.com/images/I/71jTWZBe4UL._FMwebp__.jpg,false,,,,{},0,,,,FREE delivery on $35 of items shipped by Amazon,"{""delivery"":""FREE delivery on $35 of items shipped by Amazon""}",1786103905903
578547,20,00961,1,6,,amazon.com,,"https://www.amazon.com/s?k=strawberries&i=samedaystore&crid=1E2QJW9TUIM1M&sprefix=mil,samedaystore,348&ref=nb_sb_noss_2",Featured,B008945XB0,"Augason Farms Freeze Dried Sliced Strawberries Can 6.5 oz | 18 Servings, Gluten Free Snack for Baking, Smoothies, and Emergency Storage, Healthy Individual Fruit Snacks, 6.5 Ounces",,[],18,18,0,4.6,10834,,false,amazon.com,serp,true,500,,B008945XB0,https://www.amazon.com/Augason-Farms-Freeze-Sliced-Strawberries/dp/B008945XB0/ref=sr_1_6?crid=1E2QJW9TUIM1M&dib=eyJ2IjoiMSJ9.daI5AgOqfWVZKrIg_nqXBXhIjU5fNw8iguBr3j6ZQS1mS3E0-TfV6qV416B8sspMCMUIdvm1t0YrFF8tLPKaZqJj71nPnaUuJZP-T4Tla2mMmVu_bOxg99n-mAlJoGxM46JGxqw-QK7EaJwkneNvd3i3eo0yu_gLF_uzRfZAWuVRdc8VxTE8WkzJSO-PLubt1Z2JUiB-hS0HJqtU0_4pXSyZAfUAOPlUEDnyKb6GpbE.qQLMH4u8Sslx09oHPfGIv9el82HOFNxhKHj-_8T_x9I&dib_tag=se&keywords=strawberries&qid=1786103900&s=samedaystore&sprefix=mil%2Csamedaystore%2C348&sr=1-6,https://m.media-amazon.com/images/I/71Y5VPm9QzL._FMwebp__.jpg,false,,,,{},0,,,,FREE delivery Aug 24 - Sep 5 on $35 of items shipped by Amazon,"{""delivery"":""FREE delivery Aug 24 - Sep 5 on $35 of items shipped by Amazon""}",1786103905903
578548,20,00961,1,7,,amazon.com,,"https://www.amazon.com/s?k=strawberries&i=samedaystore&crid=1E2QJW9TUIM1M&sprefix=mil,samedaystore,348&ref=nb_sb_noss_2",Featured,B0FFMBS8Y1,"Amilutuo Freeze Dried Strawberries Pieces, 3.17OZ/90g Frozen Strawberries | Freeze Dried Fruit, Dehydrated Strawberries, Freeze Dried Snacks",,[],8.99,9.49,8.99,4.5,376,,false,amazon.com,serp,true,700,,B0FFMBS8Y1,https://www.amazon.com/Freeze-Strawberries-Pieces-Dehydrated-Preservatives/dp/B0FFMBS8Y1/ref=sr_1_7?crid=1E2QJW9TUIM1M&dib=eyJ2IjoiMSJ9.daI5AgOqfWVZKrIg_nqXBXhIjU5fNw8iguBr3j6ZQS1mS3E0-TfV6qV416B8sspMCMUIdvm1t0YrFF8tLPKaZqJj71nPnaUuJZP-T4Tla2mMmVu_bOxg99n-mAlJoGxM46JGxqw-QK7EaJwkneNvd3i3eo0yu_gLF_uzRfZAWuVRdc8VxTE8WkzJSO-PLubt1Z2JUiB-hS0HJqtU0_4pXSyZAfUAOPlUEDnyKb6GpbE.qQLMH4u8Sslx09oHPfGIv9el82HOFNxhKHj-_8T_x9I&dib_tag=se&keywords=strawberries&qid=1786103900&s=samedaystore&sprefix=mil%2Csamedaystore%2C348&sr=1-7,https://m.media-amazon.com/images/I/81RkuXeP7BL._FMwebp__.jpg,false,,,,{},0,,,,"FREE delivery Wed, Aug 12 on $35 of items shipped by Amazon","{""delivery"":""FREE delivery Wed, Aug 12 on $35 of items shipped by Amazon""}",1786103905903
578549,20,00961,1,8,,amazon.com,,"https://www.amazon.com/s?k=strawberries&i=samedaystore&crid=1E2QJW9TUIM1M&sprefix=mil,samedaystore,348&ref=nb_sb_noss_2",Featured,B09CGC6GM5,"Happy Village Organic Whole Dried Strawberries, 18 OZ Resealable Pack- Soft & Juicy, Kosher, Non-GMO, No Refined Sugar, Apple Juice Infused Dried Strawberry",,[],28.99,28.99,0,4.2,1872,,false,amazon.com,serp,true,800,,B09CGC6GM5,https://www.amazon.com/Organic-Strawberries-Happy-Village-Strawberry/dp/B09CGC6GM5/ref=sr_1_8?crid=1E2QJW9TUIM1M&dib=eyJ2IjoiMSJ9.daI5AgOqfWVZKrIg_nqXBXhIjU5fNw8iguBr3j6ZQS1mS3E0-TfV6qV416B8sspMCMUIdvm1t0YrFF8tLPKaZqJj71nPnaUuJZP-T4Tla2mMmVu_bOxg99n-mAlJoGxM46JGxqw-QK7EaJwkneNvd3i3eo0yu_gLF_uzRfZAWuVRdc8VxTE8WkzJSO-PLubt1Z2JUiB-hS0HJqtU0_4pXSyZAfUAOPlUEDnyKb6GpbE.qQLMH4u8Sslx09oHPfGIv9el82HOFNxhKHj-_8T_x9I&dib_tag=se&keywords=strawberries&qid=1786103900&s=samedaystore&sprefix=mil%2Csamedaystore%2C348&sr=1-8,https://m.media-amazon.com/images/I/815C40gH9OL._FMwebp__.jpg,false,,,,{},0,,,,"FREE delivery Wed, Aug 12 on $35 of items shipped by Amazon","{""delivery"":""FREE delivery Wed, Aug 12 on $35 of items shipped by Amazon""}",1786103905903
578550,20,00961,1,9,,amazon.com,,"https://www.amazon.com/s?k=strawberries&i=samedaystore&crid=1E2QJW9TUIM1M&sprefix=mil,samedaystore,348&ref=nb_sb_noss_2",Featured,B077N7TR5G,Organic Blueberries Pint,,[],0,0,0,4.7,27829,,false,amazon.com,serp,false,100000,,B077N7TR5G,https://www.amazon.com/produce-aisle-112042-Organic-Blueberries/dp/B077N7TR5G/ref=sr_1_9?crid=1E2QJW9TUIM1M&dib=eyJ2IjoiMSJ9.daI5AgOqfWVZKrIg_nqXBXhIjU5fNw8iguBr3j6ZQS1mS3E0-TfV6qV416B8sspMCMUIdvm1t0YrFF8tLPKaZqJj71nPnaUuJZP-T4Tla2mMmVu_bOxg99n-mAlJoGxM46JGxqw-QK7EaJwkneNvd3i3eo0yu_gLF_uzRfZAWuVRdc8VxTE8WkzJSO-PLubt1Z2JUiB-hS0HJqtU0_4pXSyZAfUAOPlUEDnyKb6GpbE.qQLMH4u8Sslx09oHPfGIv9el82HOFNxhKHj-_8T_x9I&dib_tag=se&keywords=strawberries&qid=1786103900&s=samedaystore&sprefix=mil%2Csamedaystore%2C348&sr=1-9,https://m.media-amazon.com/images/I/61RTWtYAGRL._FMwebp__.jpg,false,,,,{},0,,,,,{},1786103905903
578551,20,00961,1,10,,amazon.com,,"https://www.amazon.com/s?k=strawberries&i=samedaystore&crid=1E2QJW9TUIM1M&sprefix=mil,samedaystore,348&ref=nb_sb_noss_2",Featured,B0GSTGDDPR,"All Season Strawberry Seeds for Home Garden Planting, Perennial Herbaceous Plant - 2500 Seeds/Pack",,[],9.98,9.98,0,3.5,18,,false,amazon.com,serp,true,100,,B0GSTGDDPR,https://www.amazon.com/Season-Strawberry-Planting-Perennial-Herbaceous/dp/B0GSTGDDPR/ref=sr_1_10?crid=1E2QJW9TUIM1M&dib=eyJ2IjoiMSJ9.daI5AgOqfWVZKrIg_nqXBXhIjU5fNw8iguBr3j6ZQS1mS3E0-TfV6qV416B8sspMCMUIdvm1t0YrFF8tLPKaZqJj71nPnaUuJZP-T4Tla2mMmVu_bOxg99n-mAlJoGxM46JGxqw-QK7EaJwkneNvd3i3eo0yu_gLF_uzRfZAWuVRdc8VxTE8WkzJSO-PLubt1Z2JUiB-hS0HJqtU0_4pXSyZAfUAOPlUEDnyKb6GpbE.qQLMH4u8Sslx09oHPfGIv9el82HOFNxhKHj-_8T_x9I&dib_tag=se&keywords=strawberries&qid=1786103900&s=samedaystore&sprefix=mil%2Csamedaystore%2C348&sr=1-10,https://m.media-amazon.com/images/I/81xLcMDHjbL._FMwebp__.jpg,false,,,,{},0,,,,"FREE delivery Wed, Aug 12 on $35 of items shipped by Amazon","{""delivery"":""FREE delivery Wed, Aug 12 on $35 of items shipped by Amazon""}",1786103905903
578552,20,00961,1,11,,amazon.com,,"https://www.amazon.com/s?k=strawberries&i=samedaystore&crid=1E2QJW9TUIM1M&sprefix=mil,samedaystore,348&ref=nb_sb_noss_2",Featured,B0BT8QKTG7,"Augason Farms Freeze Dried Sliced Strawberries Pouch 1.4 oz | Gluten Free Snack for Baking, Smoothies, and Emergency Storage, Healthy Individual Fruit Snacks 1.4 Ounces (4 Servings)",,[],6.38,6.38,0,4.6,10834,,false,amazon.com,serp,true,200,,B0BT8QKTG7,https://www.amazon.com/Freeze-Dried-Sliced-Strawberries-Resealable-Pouch/dp/B0BT8QKTG7/ref=sr_1_11?crid=1E2QJW9TUIM1M&dib=eyJ2IjoiMSJ9.daI5AgOqfWVZKrIg_nqXBXhIjU5fNw8iguBr3j6ZQS1mS3E0-TfV6qV416B8sspMCMUIdvm1t0YrFF8tLPKaZqJj71nPnaUuJZP-T4Tla2mMmVu_bOxg99n-mAlJoGxM46JGxqw-QK7EaJwkneNvd3i3eo0yu_gLF_uzRfZAWuVRdc8VxTE8WkzJSO-PLubt1Z2JUiB-hS0HJqtU0_4pXSyZAfUAOPlUEDnyKb6GpbE.qQLMH4u8Sslx09oHPfGIv9el82HOFNxhKHj-_8T_x9I&dib_tag=se&keywords=strawberries&qid=1786103900&s=samedaystore&sprefix=mil%2Csamedaystore%2C348&sr=1-11,https://m.media-amazon.com/images/I/81RSryU5z3L._FMwebp__.jpg,false,,,,{},0,,,,"FREE delivery Wed, Aug 12 on $35 of items shipped by Amazon","{""delivery"":""FREE delivery Wed, Aug 12 on $35 of items shipped by Amazon""}",1786103905903
578553,20,00961,1,12,,amazon.com,,"https://www.amazon.com/s?k=strawberries&i=samedaystore&crid=1E2QJW9TUIM1M&sprefix=mil,samedaystore,348&ref=nb_sb_noss_2",Featured,B0DPLDXMJL,"Nature's Garden Probiotic Strawberry Yoggies 21oz (30 x 0.7oz) Pack of 2 | Yogurt Covered Real Fruit Bites, High Fiber, Gluten Free, No Artificial Flavors and Colors, On-the-Go Snack for Adults & Kids",,[],29.78,29.78,0,4.7,2166,,false,amazon.com,serp,true,1000,,B0DPLDXMJL,https://www.amazon.com/Natures-Garden-Strawberry-Yogurt-Covered-Ingredients/dp/B0DPLDXMJL/ref=sr_1_12?crid=1E2QJW9TUIM1M&dib=eyJ2IjoiMSJ9.daI5AgOqfWVZKrIg_nqXBXhIjU5fNw8iguBr3j6ZQS1mS3E0-TfV6qV416B8sspMCMUIdvm1t0YrFF8tLPKaZqJj71nPnaUuJZP-T4Tla2mMmVu_bOxg99n-mAlJoGxM46JGxqw-QK7EaJwkneNvd3i3eo0yu_gLF_uzRfZAWuVRdc8VxTE8WkzJSO-PLubt1Z2JUiB-hS0HJqtU0_4pXSyZAfUAOPlUEDnyKb6GpbE.qQLMH4u8Sslx09oHPfGIv9el82HOFNxhKHj-_8T_x9I&dib_tag=se&keywords=strawberries&qid=1786103900&s=samedaystore&sprefix=mil%2Csamedaystore%2C348&sr=1-12,https://m.media-amazon.com/images/I/71sMPE0w8XL._FMwebp__.jpg,false,,,,{},0,,,,FREE delivery Aug 24 - Sep 10 on $35 of items shipped by Amazon,"{""delivery"":""FREE delivery Aug 24 - Sep 10 on $35 of items shipped by Amazon""}",1786103905903
578554,20,00961,1,13,,amazon.com,,"https://www.amazon.com/s?k=strawberries&i=samedaystore&crid=1E2QJW9TUIM1M&sprefix=mil,samedaystore,348&ref=nb_sb_noss_2",Featured,B00L3ZCFWC,"Strawberry Reàl, Strawberry Puree Infused Syrup, 16.9 FL OZ Squeezable Bottle (Pack of 1)",,[],11,12.83,11,4.5,2364,,false,amazon.com,serp,true,2000,,B00L3ZCFWC,https://www.amazon.com/Strawberry-Puree-Infused-Squeezable-Bottle/dp/B00L3ZCFWC/ref=sr_1_13?crid=1E2QJW9TUIM1M&dib=eyJ2IjoiMSJ9.daI5AgOqfWVZKrIg_nqXBXhIjU5fNw8iguBr3j6ZQS1mS3E0-TfV6qV416B8sspMCMUIdvm1t0YrFF8tLPKaZqJj71nPnaUuJZP-T4Tla2mMmVu_bOxg99n-mAlJoGxM46JGxqw-QK7EaJwkneNvd3i3eo0yu_gLF_uzRfZAWuVRdc8VxTE8WkzJSO-PLubt1Z2JUiB-hS0HJqtU0_4pXSyZAfUAOPlUEDnyKb6GpbE.qQLMH4u8Sslx09oHPfGIv9el82HOFNxhKHj-_8T_x9I&dib_tag=se&keywords=strawberries&qid=1786103900&s=samedaystore&sprefix=mil%2Csamedaystore%2C348&sr=1-13,https://m.media-amazon.com/images/I/71-YY-VcjnL._FMwebp__.jpg,false,,,,{},0,,,,"FREE delivery Wed, Aug 12 on $35 of items shipped by Amazon","{""delivery"":""FREE delivery Wed, Aug 12 on $35 of items shipped by Amazon""}",1786103905903
578555,20,00961,1,14,,amazon.com,,"https://www.amazon.com/s?k=strawberries&i=samedaystore&crid=1E2QJW9TUIM1M&sprefix=mil,samedaystore,348&ref=nb_sb_noss_2",Featured,B0GTXHB7DQ,"Growing Strawberries for Beginners: The Complete Step-by-Step Guide to Planting, Growing, and Harvesting Sweet Strawberries at Home (The Ox n Rabbit Homestead Guide Series)",,[],0,0,0,0,0,,false,amazon.com,serp,true,,,B0GTXHB7DQ,https://www.amazon.com/Growing-Strawberries-Beginners-Step-Step-ebook/dp/B0GTXHB7DQ/ref=sr_1_14?crid=1E2QJW9TUIM1M&dib=eyJ2IjoiMSJ9.daI5AgOqfWVZKrIg_nqXBXhIjU5fNw8iguBr3j6ZQS1mS3E0-TfV6qV416B8sspMCMUIdvm1t0YrFF8tLPKaZqJj71nPnaUuJZP-T4Tla2mMmVu_bOxg99n-mAlJoGxM46JGxqw-QK7EaJwkneNvd3i3eo0yu_gLF_uzRfZAWuVRdc8VxTE8WkzJSO-PLubt1Z2JUiB-hS0HJqtU0_4pXSyZAfUAOPlUEDnyKb6GpbE.qQLMH4u8Sslx09oHPfGIv9el82HOFNxhKHj-_8T_x9I&dib_tag=se&keywords=strawberries&qid=1786103900&s=samedaystore&sprefix=mil%2Csamedaystore%2C348&sr=1-14,https://m.media-amazon.com/images/I/91jM91+m2PL._FMwebp__.jpg,false,,,,{},0,,,,"FREE delivery Wed, Aug 12 on $35 of items shipped by Amazon","{""delivery"":""FREE delivery Wed, Aug 12 on $35 of items shipped by Amazon""}",1786103905903
578556,20,00961,1,15,,amazon.com,,"https://www.amazon.com/s?k=strawberries&i=samedaystore&crid=1E2QJW9TUIM1M&sprefix=mil,samedaystore,348&ref=nb_sb_noss_2",Featured,B01BAYWZH0,Dying for Strawberries (A Berry Basket Mystery Book 1),,[],1.99,7.59,1.99,4.3,316,,false,amazon.com,serp,true,,,B01BAYWZH0,https://www.amazon.com/Dying-Strawberries-Berry-Basket-Mystery-ebook/dp/B01BAYWZH0/ref=sr_1_15?crid=1E2QJW9TUIM1M&dib=eyJ2IjoiMSJ9.daI5AgOqfWVZKrIg_nqXBXhIjU5fNw8iguBr3j6ZQS1mS3E0-TfV6qV416B8sspMCMUIdvm1t0YrFF8tLPKaZqJj71nPnaUuJZP-T4Tla2mMmVu_bOxg99n-mAlJoGxM46JGxqw-QK7EaJwkneNvd3i3eo0yu_gLF_uzRfZAWuVRdc8VxTE8WkzJSO-PLubt1Z2JUiB-hS0HJqtU0_4pXSyZAfUAOPlUEDnyKb6GpbE.qQLMH4u8Sslx09oHPfGIv9el82HOFNxhKHj-_8T_x9I&dib_tag=se&keywords=strawberries&qid=1786103900&s=samedaystore&sprefix=mil%2Csamedaystore%2C348&sr=1-15,https://m.media-amazon.com/images/I/81T8oP7Y33L._FMwebp__.jpg,false,,,,{},0,,,,,{},1786103905903
578557,20,00961,1,16,,amazon.com,,"https://www.amazon.com/s?k=strawberries&i=samedaystore&crid=1E2QJW9TUIM1M&sprefix=mil,samedaystore,348&ref=nb_sb_noss_2",Featured,B002XOHZWC,"Chef'n Original Stem Gem Strawberry Huller, Red/Green - 102-138-005",,[],8,8,0,4.6,15027,,false,amazon.com,serp,true,3000,,B002XOHZWC,https://www.amazon.com/Chefn-27466-StemGem-Strawberry-Huller/dp/B002XOHZWC/ref=sr_1_16?crid=1E2QJW9TUIM1M&dib=eyJ2IjoiMSJ9.daI5AgOqfWVZKrIg_nqXBXhIjU5fNw8iguBr3j6ZQS1mS3E0-TfV6qV416B8sspMCMUIdvm1t0YrFF8tLPKaZqJj71nPnaUuJZP-T4Tla2mMmVu_bOxg99n-mAlJoGxM46JGxqw-QK7EaJwkneNvd3i3eo0yu_gLF_uzRfZAWuVRdc8VxTE8WkzJSO-PLubt1Z2JUiB-hS0HJqtU0_4pXSyZAfUAOPlUEDnyKb6GpbE.qQLMH4u8Sslx09oHPfGIv9el82HOFNxhKHj-_8T_x9I&dib_tag=se&keywords=strawberries&qid=1786103900&s=samedaystore&sprefix=mil%2Csamedaystore%2C348&sr=1-16,https://m.media-amazon.com/images/I/61rt3VOPtZL._FMwebp__.jpg,false,,,,{},0,,,,"FREE delivery Wed, Aug 12 on $35 of items shipped by Amazon","{""delivery"":""FREE delivery Wed, Aug 12 on $35 of items shipped by Amazon""}",1786103905903
578270,20,00965,1,1,,amazon.com,,"https://www.amazon.com/s?k=strawberries&i=samedaystore&crid=1E2QJW9TUIM1M&sprefix=mil,samedaystore,348&ref=nb_sb_noss_2",Featured,B000P6J0SM,"Strawberries, 1 Lb",,[],0,0,0,4.6,90826,,false,amazon.com,serp,false,100000,,B000P6J0SM,https://www.amazon.com/Fresh-Produce-Brands-May-Vary/dp/B000P6J0SM/ref=sr_1_1?crid=1E2QJW9TUIM1M&dib=eyJ2IjoiMSJ9.KPHXPro0VtrKa2wIE0vhL56_6oxR3p3yGapgLhQr5_tCeivicOIopkFpBB75gPSWSuQMJbq5_-W8j28yd1xJJPCi9-3T_sNX0ElJL0UnZdueW5jK8IzAhzvR49Wj9XKGgr0Ozt7Di0rx-XfTIDMJIEfhyV6JXVPmwvuUXQzP0IEj8y4mtTy75rhMf2FTAD5Qx-PDtGnW3oV0NOUstW60b9TXsWdM86JTnOi3cr2Wj00.ye6rEBBJE6dS1ESKsh8ZgWsj460CYd20EEg8KTqIOSU&dib_tag=se&keywords=strawberries&qid=1786103874&s=samedaystore&sprefix=mil%2Csamedaystore%2C348&sr=1-1,https://m.media-amazon.com/images/I/719HRHktywL._FMwebp__.jpg,false,,,,{},0,,,,,{},1786103884156
578271,20,00965,1,2,,amazon.com,,"https://www.amazon.com/s?k=strawberries&i=samedaystore&crid=1E2QJW9TUIM1M&sprefix=mil,samedaystore,348&ref=nb_sb_noss_2",Featured,B0FT35CP55,"Premium Freeze Dried Strawberry Slices | 7.05oz | No Sugar Added | in Resealable Jar Non-GMO, Vegan Snacks | Crunchy Wellsome Topping for Yogurt, Smoothie Bowls, Baking & On-the-Go Fruit Snack",,[],17.99,17.99,0,4.7,54,,false,amazon.com,serp,true,300,,B0FT35CP55,https://www.amazon.com/Premium-Strawberry-Resealable-Wellsome-Smoothie/dp/B0FT35CP55/ref=sr_1_2?crid=1E2QJW9TUIM1M&dib=eyJ2IjoiMSJ9.KPHXPro0VtrKa2wIE0vhL56_6oxR3p3yGapgLhQr5_tCeivicOIopkFpBB75gPSWSuQMJbq5_-W8j28yd1xJJPCi9-3T_sNX0ElJL0UnZdueW5jK8IzAhzvR49Wj9XKGgr0Ozt7Di0rx-XfTIDMJIEfhyV6JXVPmwvuUXQzP0IEj8y4mtTy75rhMf2FTAD5Qx-PDtGnW3oV0NOUstW60b9TXsWdM86JTnOi3cr2Wj00.ye6rEBBJE6dS1ESKsh8ZgWsj460CYd20EEg8KTqIOSU&dib_tag=se&keywords=strawberries&qid=1786103874&s=samedaystore&sprefix=mil%2Csamedaystore%2C348&sr=1-2,https://m.media-amazon.com/images/I/911yY8wECIL._FMwebp__.jpg,false,,,,{},0,,,,"FREE delivery Wed, Aug 12 on $35 of items shipped by Amazon","{""delivery"":""FREE delivery Wed, Aug 12 on $35 of items shipped by Amazon""}",1786103884156
578272,20,00965,1,3,,amazon.com,,"https://www.amazon.com/s?k=strawberries&i=samedaystore&crid=1E2QJW9TUIM1M&sprefix=mil,samedaystore,348&ref=nb_sb_noss_2",Featured,B002B8Z98W,"Organic Strawberries, 1 Lb",,[],0,0,0,4.6,40783,,false,amazon.com,serp,false,100000,,B002B8Z98W,https://www.amazon.com/Fresh-Produce-Brands-Vary-040/dp/B002B8Z98W/ref=sr_1_3?crid=1E2QJW9TUIM1M&dib=eyJ2IjoiMSJ9.KPHXPro0VtrKa2wIE0vhL56_6oxR3p3yGapgLhQr5_tCeivicOIopkFpBB75gPSWSuQMJbq5_-W8j28yd1xJJPCi9-3T_sNX0ElJL0UnZdueW5jK8IzAhzvR49Wj9XKGgr0Ozt7Di0rx-XfTIDMJIEfhyV6JXVPmwvuUXQzP0IEj8y4mtTy75rhMf2FTAD5Qx-PDtGnW3oV0NOUstW60b9TXsWdM86JTnOi3cr2Wj00.ye6rEBBJE6dS1ESKsh8ZgWsj460CYd20EEg8KTqIOSU&dib_tag=se&keywords=strawberries&qid=1786103874&s=samedaystore&sprefix=mil%2Csamedaystore%2C348&sr=1-3,https://m.media-amazon.com/images/I/71oKpKMVqTL._FMwebp__.jpg,false,,,,{},0,,,,,{},1786103884156
578273,20,00965,1,4,,amazon.com,,"https://www.amazon.com/s?k=strawberries&i=samedaystore&crid=1E2QJW9TUIM1M&sprefix=mil,samedaystore,348&ref=nb_sb_noss_2",Featured,B0BZ9TBY48,"Bonnie Plants Strawberry, Live Plant, 19.3 oz. (4-Pack)",,[],18.72,22.89,18.72,4.3,1069,,false,amazon.com,serp,true,900,,B0BZ9TBY48,https://www.amazon.com/Bonnie-Plants-Strawberry-Plant-4-Pack/dp/B0BZ9TBY48/ref=sr_1_4?crid=1E2QJW9TUIM1M&dib=eyJ2IjoiMSJ9.KPHXPro0VtrKa2wIE0vhL56_6oxR3p3yGapgLhQr5_tCeivicOIopkFpBB75gPSWSuQMJbq5_-W8j28yd1xJJPCi9-3T_sNX0ElJL0UnZdueW5jK8IzAhzvR49Wj9XKGgr0Ozt7Di0rx-XfTIDMJIEfhyV6JXVPmwvuUXQzP0IEj8y4mtTy75rhMf2FTAD5Qx-PDtGnW3oV0NOUstW60b9TXsWdM86JTnOi3cr2Wj00.ye6rEBBJE6dS1ESKsh8ZgWsj460CYd20EEg8KTqIOSU&dib_tag=se&keywords=strawberries&qid=1786103874&s=samedaystore&sprefix=mil%2Csamedaystore%2C348&sr=1-4,https://m.media-amazon.com/images/I/71jTWZBe4UL._FMwebp__.jpg,false,,,,{},0,,,,FREE delivery on $35 of items shipped by Amazon,"{""delivery"":""FREE delivery on $35 of items shipped by Amazon""}",1786103884156
578274,20,00965,1,5,,amazon.com,,"https://www.amazon.com/s?k=strawberries&i=samedaystore&crid=1E2QJW9TUIM1M&sprefix=mil,samedaystore,348&ref=nb_sb_noss_2",Featured,B000P6G12U,"Red Raspberries, 6 oz",,[],0,0,0,4.6,37207,,false,amazon.com,serp,false,100000,,B000P6G12U,https://www.amazon.com/Fresh-Produce-Brands-May-Vary/dp/B000P6G12U/ref=sr_1_5?crid=1E2QJW9TUIM1M&dib=eyJ2IjoiMSJ9.KPHXPro0VtrKa2wIE0vhL56_6oxR3p3yGapgLhQr5_tCeivicOIopkFpBB75gPSWSuQMJbq5_-W8j28yd1xJJPCi9-3T_sNX0ElJL0UnZdueW5jK8IzAhzvR49Wj9XKGgr0Ozt7Di0rx-XfTIDMJIEfhyV6JXVPmwvuUXQzP0IEj8y4mtTy75rhMf2FTAD5Qx-PDtGnW3oV0NOUstW60b9TXsWdM86JTnOi3cr2Wj00.ye6rEBBJE6dS1ESKsh8ZgWsj460CYd20EEg8KTqIOSU&dib_tag=se&keywords=strawberries&qid=1786103874&s=samedaystore&sprefix=mil%2Csamedaystore%2C348&sr=1-5,https://m.media-amazon.com/images/I/61lsVNuBxkL._FMwebp__.jpg,false,,,,{},0,,,,,{},1786103884156
578275,20,00965,1,6,,amazon.com,,"https://www.amazon.com/s?k=strawberries&i=samedaystore&crid=1E2QJW9TUIM1M&sprefix=mil,samedaystore,348&ref=nb_sb_noss_2",Featured,B0GSTGDDPR,"All Season Strawberry Seeds for Home Garden Planting, Perennial Herbaceous Plant - 2500 Seeds/Pack",,[],9.98,9.98,0,3.5,18,,false,amazon.com,serp,true,100,,B0GSTGDDPR,https://www.amazon.com/Season-Strawberry-Planting-Perennial-Herbaceous/dp/B0GSTGDDPR/ref=sr_1_6?crid=1E2QJW9TUIM1M&dib=eyJ2IjoiMSJ9.KPHXPro0VtrKa2wIE0vhL56_6oxR3p3yGapgLhQr5_tCeivicOIopkFpBB75gPSWSuQMJbq5_-W8j28yd1xJJPCi9-3T_sNX0ElJL0UnZdueW5jK8IzAhzvR49Wj9XKGgr0Ozt7Di0rx-XfTIDMJIEfhyV6JXVPmwvuUXQzP0IEj8y4mtTy75rhMf2FTAD5Qx-PDtGnW3oV0NOUstW60b9TXsWdM86JTnOi3cr2Wj00.ye6rEBBJE6dS1ESKsh8ZgWsj460CYd20EEg8KTqIOSU&dib_tag=se&keywords=strawberries&qid=1786103874&s=samedaystore&sprefix=mil%2Csamedaystore%2C348&sr=1-6,https://m.media-amazon.com/images/I/81xLcMDHjbL._FMwebp__.jpg,false,,,,{},0,,,,"FREE delivery Wed, Aug 12 on $35 of items shipped by Amazon","{""delivery"":""FREE delivery Wed, Aug 12 on $35 of items shipped by Amazon""}",1786103884156
578276,20,00965,1,7,,amazon.com,,"https://www.amazon.com/s?k=strawberries&i=samedaystore&crid=1E2QJW9TUIM1M&sprefix=mil,samedaystore,348&ref=nb_sb_noss_2",Featured,B008945XB0,"Augason Farms Freeze Dried Sliced Strawberries Can 6.5 oz | 18 Servings, Gluten Free Snack for Baking, Smoothies, and Emergency Storage, Healthy Individual Fruit Snacks, 6.5 Ounces",,[],18,18,0,4.6,10834,,false,amazon.com,serp,true,500,,B008945XB0,https://www.amazon.com/Augason-Farms-Freeze-Sliced-Strawberries/dp/B008945XB0/ref=sr_1_7?crid=1E2QJW9TUIM1M&dib=eyJ2IjoiMSJ9.KPHXPro0VtrKa2wIE0vhL56_6oxR3p3yGapgLhQr5_tCeivicOIopkFpBB75gPSWSuQMJbq5_-W8j28yd1xJJPCi9-3T_sNX0ElJL0UnZdueW5jK8IzAhzvR49Wj9XKGgr0Ozt7Di0rx-XfTIDMJIEfhyV6JXVPmwvuUXQzP0IEj8y4mtTy75rhMf2FTAD5Qx-PDtGnW3oV0NOUstW60b9TXsWdM86JTnOi3cr2Wj00.ye6rEBBJE6dS1ESKsh8ZgWsj460CYd20EEg8KTqIOSU&dib_tag=se&keywords=strawberries&qid=1786103874&s=samedaystore&sprefix=mil%2Csamedaystore%2C348&sr=1-7,https://m.media-amazon.com/images/I/71Y5VPm9QzL._FMwebp__.jpg,false,,,,{},0,,,,FREE delivery Aug 24 - Sep 5 on $35 of items shipped by Amazon,"{""delivery"":""FREE delivery Aug 24 - Sep 5 on $35 of items shipped by Amazon""}",1786103884156
578277,20,00965,1,8,,amazon.com,,"https://www.amazon.com/s?k=strawberries&i=samedaystore&crid=1E2QJW9TUIM1M&sprefix=mil,samedaystore,348&ref=nb_sb_noss_2",Featured,B09CGC6GM5,"Happy Village Organic Whole Dried Strawberries, 18 OZ Resealable Pack- Soft & Juicy, Kosher, Non-GMO, No Refined Sugar, Apple Juice Infused Dried Strawberry",,[],28.99,28.99,0,4.2,1872,,false,amazon.com,serp,true,800,,B09CGC6GM5,https://www.amazon.com/Organic-Strawberries-Happy-Village-Strawberry/dp/B09CGC6GM5/ref=sr_1_8?crid=1E2QJW9TUIM1M&dib=eyJ2IjoiMSJ9.KPHXPro0VtrKa2wIE0vhL56_6oxR3p3yGapgLhQr5_tCeivicOIopkFpBB75gPSWSuQMJbq5_-W8j28yd1xJJPCi9-3T_sNX0ElJL0UnZdueW5jK8IzAhzvR49Wj9XKGgr0Ozt7Di0rx-XfTIDMJIEfhyV6JXVPmwvuUXQzP0IEj8y4mtTy75rhMf2FTAD5Qx-PDtGnW3oV0NOUstW60b9TXsWdM86JTnOi3cr2Wj00.ye6rEBBJE6dS1ESKsh8ZgWsj460CYd20EEg8KTqIOSU&dib_tag=se&keywords=strawberries&qid=1786103874&s=samedaystore&sprefix=mil%2Csamedaystore%2C348&sr=1-8,https://m.media-amazon.com/images/I/815C40gH9OL._FMwebp__.jpg,false,,,,{},0,,,,"FREE delivery Wed, Aug 12 on $35 of items shipped by Amazon","{""delivery"":""FREE delivery Wed, Aug 12 on $35 of items shipped by Amazon""}",1786103884156
578278,20,00965,1,9,,amazon.com,,"https://www.amazon.com/s?k=strawberries&i=samedaystore&crid=1E2QJW9TUIM1M&sprefix=mil,samedaystore,348&ref=nb_sb_noss_2",Featured,B0FFMBS8Y1,"Amilutuo Freeze Dried Strawberries Pieces, 3.17OZ/90g Frozen Strawberries | Freeze Dried Fruit, Dehydrated Strawberries, Freeze Dried Snacks",,[],8.99,9.49,8.99,4.5,376,,false,amazon.com,serp,true,700,,B0FFMBS8Y1,https://www.amazon.com/Freeze-Strawberries-Pieces-Dehydrated-Preservatives/dp/B0FFMBS8Y1/ref=sr_1_9?crid=1E2QJW9TUIM1M&dib=eyJ2IjoiMSJ9.KPHXPro0VtrKa2wIE0vhL56_6oxR3p3yGapgLhQr5_tCeivicOIopkFpBB75gPSWSuQMJbq5_-W8j28yd1xJJPCi9-3T_sNX0ElJL0UnZdueW5jK8IzAhzvR49Wj9XKGgr0Ozt7Di0rx-XfTIDMJIEfhyV6JXVPmwvuUXQzP0IEj8y4mtTy75rhMf2FTAD5Qx-PDtGnW3oV0NOUstW60b9TXsWdM86JTnOi3cr2Wj00.ye6rEBBJE6dS1ESKsh8ZgWsj460CYd20EEg8KTqIOSU&dib_tag=se&keywords=strawberries&qid=1786103874&s=samedaystore&sprefix=mil%2Csamedaystore%2C348&sr=1-9,https://m.media-amazon.com/images/I/81RkuXeP7BL._FMwebp__.jpg,false,,,,{},0,,,,"FREE delivery Wed, Aug 12 on $35 of items shipped by Amazon","{""delivery"":""FREE delivery Wed, Aug 12 on $35 of items shipped by Amazon""}",1786103884156
578279,20,00965,1,10,,amazon.com,,"https://www.amazon.com/s?k=strawberries&i=samedaystore&crid=1E2QJW9TUIM1M&sprefix=mil,samedaystore,348&ref=nb_sb_noss_2",Featured,B077N7TR5G,Organic Blueberries Pint,,[],0,0,0,4.7,27829,,false,amazon.com,serp,false,100000,,B077N7TR5G,https://www.amazon.com/produce-aisle-112042-Organic-Blueberries/dp/B077N7TR5G/ref=sr_1_10?crid=1E2QJW9TUIM1M&dib=eyJ2IjoiMSJ9.KPHXPro0VtrKa2wIE0vhL56_6oxR3p3yGapgLhQr5_tCeivicOIopkFpBB75gPSWSuQMJbq5_-W8j28yd1xJJPCi9-3T_sNX0ElJL0UnZdueW5jK8IzAhzvR49Wj9XKGgr0Ozt7Di0rx-XfTIDMJIEfhyV6JXVPmwvuUXQzP0IEj8y4mtTy75rhMf2FTAD5Qx-PDtGnW3oV0NOUstW60b9TXsWdM86JTnOi3cr2Wj00.ye6rEBBJE6dS1ESKsh8ZgWsj460CYd20EEg8KTqIOSU&dib_tag=se&keywords=strawberries&qid=1786103874&s=samedaystore&sprefix=mil%2Csamedaystore%2C348&sr=1-10,https://m.media-amazon.com/images/I/61RTWtYAGRL._FMwebp__.jpg,false,,,,{},0,,,,,{},1786103884156
578280,20,00965,1,11,,amazon.com,,"https://www.amazon.com/s?k=strawberries&i=samedaystore&crid=1E2QJW9TUIM1M&sprefix=mil,samedaystore,348&ref=nb_sb_noss_2",Featured,B0F2HW7M1T,Lyrow 100 Pcs 100 Pieces Fake Artificial Strawberries 2.2inch/2.76inch/3.35inch Faux Realistic Strawberry Decor Plastic Simulation Fake Lifelike Fruit for Photography Prop Cabinet Party (2.76 Inch),,[],22.99,24.99,22.99,4.6,100,,false,amazon.com,serp,true,50,,B0F2HW7M1T,https://www.amazon.com/Lyrow-Artificial-Strawberries-Strawberry-Photography/dp/B0F2HW7M1T/ref=sr_1_11?crid=1E2QJW9TUIM1M&dib=eyJ2IjoiMSJ9.KPHXPro0VtrKa2wIE0vhL56_6oxR3p3yGapgLhQr5_tCeivicOIopkFpBB75gPSWSuQMJbq5_-W8j28yd1xJJPCi9-3T_sNX0ElJL0UnZdueW5jK8IzAhzvR49Wj9XKGgr0Ozt7Di0rx-XfTIDMJIEfhyV6JXVPmwvuUXQzP0IEj8y4mtTy75rhMf2FTAD5Qx-PDtGnW3oV0NOUstW60b9TXsWdM86JTnOi3cr2Wj00.ye6rEBBJE6dS1ESKsh8ZgWsj460CYd20EEg8KTqIOSU&dib_tag=se&keywords=strawberries&qid=1786103874&s=samedaystore&sprefix=mil%2Csamedaystore%2C348&sr=1-11,https://m.media-amazon.com/images/I/91lbWSgAVwL._FMwebp__.jpg,false,,,,{},0,,,,"FREE delivery Thu, Aug 20 on $35 of items shipped by Amazon","{""delivery"":""FREE delivery Thu, Aug 20 on $35 of items shipped by Amazon""}",1786103884156
578281,20,00965,1,12,,amazon.com,,"https://www.amazon.com/s?k=strawberries&i=samedaystore&crid=1E2QJW9TUIM1M&sprefix=mil,samedaystore,348&ref=nb_sb_noss_2",Featured,B0DD94HBMV,"Strawberry Bon Bons Hard Candy, 1 Pound (Approx. 75 pcs.), Strawberry Candy Individually Wrapped, Strawberry Candy, The Hampton Popcorn & Candy Company",,[],8.99,8.99,0,4.7,867,,false,amazon.com,serp,true,500,,B0DD94HBMV,https://www.amazon.com/Strawberry-Candy-Individually-Hampton-Company/dp/B0DD94HBMV/ref=sr_1_12?crid=1E2QJW9TUIM1M&dib=eyJ2IjoiMSJ9.KPHXPro0VtrKa2wIE0vhL56_6oxR3p3yGapgLhQr5_tCeivicOIopkFpBB75gPSWSuQMJbq5_-W8j28yd1xJJPCi9-3T_sNX0ElJL0UnZdueW5jK8IzAhzvR49Wj9XKGgr0Ozt7Di0rx-XfTIDMJIEfhyV6JXVPmwvuUXQzP0IEj8y4mtTy75rhMf2FTAD5Qx-PDtGnW3oV0NOUstW60b9TXsWdM86JTnOi3cr2Wj00.ye6rEBBJE6dS1ESKsh8ZgWsj460CYd20EEg8KTqIOSU&dib_tag=se&keywords=strawberries&qid=1786103874&s=samedaystore&sprefix=mil%2Csamedaystore%2C348&sr=1-12,https://m.media-amazon.com/images/I/81cc7G69D9L._FMwebp__.jpg,false,,,,{},0,,,,"FREE delivery Wed, Aug 12 on $35 of items shipped by Amazon","{""delivery"":""FREE delivery Wed, Aug 12 on $35 of items shipped by Amazon""}",1786103884156
578282,20,00965,1,13,,amazon.com,,"https://www.amazon.com/s?k=strawberries&i=samedaystore&crid=1E2QJW9TUIM1M&sprefix=mil,samedaystore,348&ref=nb_sb_noss_2",Featured,B002XOHZWC,"Chef'n Original Stem Gem Strawberry Huller, Red/Green - 102-138-005",,[],8,8,0,4.6,15027,,false,amazon.com,serp,true,3000,,B002XOHZWC,https://www.amazon.com/Chefn-27466-StemGem-Strawberry-Huller/dp/B002XOHZWC/ref=sr_1_13?crid=1E2QJW9TUIM1M&dib=eyJ2IjoiMSJ9.KPHXPro0VtrKa2wIE0vhL56_6oxR3p3yGapgLhQr5_tCeivicOIopkFpBB75gPSWSuQMJbq5_-W8j28yd1xJJPCi9-3T_sNX0ElJL0UnZdueW5jK8IzAhzvR49Wj9XKGgr0Ozt7Di0rx-XfTIDMJIEfhyV6JXVPmwvuUXQzP0IEj8y4mtTy75rhMf2FTAD5Qx-PDtGnW3oV0NOUstW60b9TXsWdM86JTnOi3cr2Wj00.ye6rEBBJE6dS1ESKsh8ZgWsj460CYd20EEg8KTqIOSU&dib_tag=se&keywords=strawberries&qid=1786103874&s=samedaystore&sprefix=mil%2Csamedaystore%2C348&sr=1-13,https://m.media-amazon.com/images/I/61rt3VOPtZL._FMwebp__.jpg,false,,,,{},0,,,,"FREE delivery Wed, Aug 12 on $35 of items shipped by Amazon","{""delivery"":""FREE delivery Wed, Aug 12 on $35 of items shipped by Amazon""}",1786103884156
578283,20,00965,1,14,,amazon.com,,"https://www.amazon.com/s?k=strawberries&i=samedaystore&crid=1E2QJW9TUIM1M&sprefix=mil,samedaystore,348&ref=nb_sb_noss_2",Featured,B000VA2W0U,"HERSHEY'S Strawberry Flavored Syrup Bottle, 22 oz",,"[""Best Seller""]",4.79,4.79,0,4.6,2942,,false,amazon.com,serp,true,,,B000VA2W0U,https://www.amazon.com/HERSHEYS-Strawberry-Dessert-Topping-Beverage/dp/B000VA2W0U/ref=sr_1_14?crid=1E2QJW9TUIM1M&dib=eyJ2IjoiMSJ9.KPHXPro0VtrKa2wIE0vhL56_6oxR3p3yGapgLhQr5_tCeivicOIopkFpBB75gPSWSuQMJbq5_-W8j28yd1xJJPCi9-3T_sNX0ElJL0UnZdueW5jK8IzAhzvR49Wj9XKGgr0Ozt7Di0rx-XfTIDMJIEfhyV6JXVPmwvuUXQzP0IEj8y4mtTy75rhMf2FTAD5Qx-PDtGnW3oV0NOUstW60b9TXsWdM86JTnOi3cr2Wj00.ye6rEBBJE6dS1ESKsh8ZgWsj460CYd20EEg8KTqIOSU&dib_tag=se&keywords=strawberries&qid=1786103874&s=samedaystore&sprefix=mil%2Csamedaystore%2C348&sr=1-14,https://m.media-amazon.com/images/I/71PmaZMjoNL._FMwebp__.jpg,false,,,,{},0,,,,"FREE delivery Wed, Aug 12 on $35 of items shipped by Amazon","{""delivery"":""FREE delivery Wed, Aug 12 on $35 of items shipped by Amazon""}",1786103884156
578284,20,00965,1,15,,amazon.com,,"https://www.amazon.com/s?k=strawberries&i=samedaystore&crid=1E2QJW9TUIM1M&sprefix=mil,samedaystore,348&ref=nb_sb_noss_2",Featured,B0BT8QKTG7,"Augason Farms Freeze Dried Sliced Strawberries Pouch 1.4 oz | Gluten Free Snack for Baking, Smoothies, and Emergency Storage, Healthy Individual Fruit Snacks 1.4 Ounces (4 Servings)",,[],6.38,6.38,0,4.6,10834,,false,amazon.com,serp,true,200,,B0BT8QKTG7,https://www.amazon.com/Freeze-Dried-Sliced-Strawberries-Resealable-Pouch/dp/B0BT8QKTG7/ref=sr_1_15?crid=1E2QJW9TUIM1M&dib=eyJ2IjoiMSJ9.KPHXPro0VtrKa2wIE0vhL56_6oxR3p3yGapgLhQr5_tCeivicOIopkFpBB75gPSWSuQMJbq5_-W8j28yd1xJJPCi9-3T_sNX0ElJL0UnZdueW5jK8IzAhzvR49Wj9XKGgr0Ozt7Di0rx-XfTIDMJIEfhyV6JXVPmwvuUXQzP0IEj8y4mtTy75rhMf2FTAD5Qx-PDtGnW3oV0NOUstW60b9TXsWdM86JTnOi3cr2Wj00.ye6rEBBJE6dS1ESKsh8ZgWsj460CYd20EEg8KTqIOSU&dib_tag=se&keywords=strawberries&qid=1786103874&s=samedaystore&sprefix=mil%2Csamedaystore%2C348&sr=1-15,https://m.media-amazon.com/images/I/81RSryU5z3L._FMwebp__.jpg,false,,,,{},0,,,,"FREE delivery Wed, Aug 12 on $35 of items shipped by Amazon","{""delivery"":""FREE delivery Wed, Aug 12 on $35 of items shipped by Amazon""}",1786103884156
578285,20,00965,1,16,,amazon.com,,"https://www.amazon.com/s?k=strawberries&i=samedaystore&crid=1E2QJW9TUIM1M&sprefix=mil,samedaystore,348&ref=nb_sb_noss_2",Featured,B0FQDCP3MN,"Starbucks Refreshers Concentrate Strawberry Acai, Refreshing Drink, Cold Drinks 32 fl oz",,[],8.97,8.97,0,4.8,797,,false,amazon.com,serp,true,20000,,B0FQDCP3MN,https://www.amazon.com/Starbucks-Refreshers-Concentrate-Strawberry-Refreshing/dp/B0FQDCP3MN/ref=sr_1_16?crid=1E2QJW9TUIM1M&dib=eyJ2IjoiMSJ9.KPHXPro0VtrKa2wIE0vhL56_6oxR3p3yGapgLhQr5_tCeivicOIopkFpBB75gPSWSuQMJbq5_-W8j28yd1xJJPCi9-3T_sNX0ElJL0UnZdueW5jK8IzAhzvR49Wj9XKGgr0Ozt7Di0rx-XfTIDMJIEfhyV6JXVPmwvuUXQzP0IEj8y4mtTy75rhMf2FTAD5Qx-PDtGnW3oV0NOUstW60b9TXsWdM86JTnOi3cr2Wj00.ye6rEBBJE6dS1ESKsh8ZgWsj460CYd20EEg8KTqIOSU&dib_tag=se&keywords=strawberries&qid=1786103874&s=samedaystore&sprefix=mil%2Csamedaystore%2C348&sr=1-16,https://m.media-amazon.com/images/I/51vGg9F37ML._FMwebp__.jpg,false,,,,{},0,,,,"FREE delivery Wed, Aug 12 on $35 of items shipped by Amazon","{""delivery"":""FREE delivery Wed, Aug 12 on $35 of items shipped by Amazon""}",1786103884156
578286,20,00987,1,1,,amazon.com,,"https://www.amazon.com/s?k=strawberries&i=samedaystore&crid=1E2QJW9TUIM1M&sprefix=mil,samedaystore,348&ref=nb_sb_noss_2",Featured,B000P6J0SM,"Strawberries, 1 Lb",,[],0,0,0,4.6,90826,,false,amazon.com,serp,false,100000,,B000P6J0SM,https://www.amazon.com/Fresh-Produce-Brands-May-Vary/dp/B000P6J0SM/ref=sr_1_1?crid=1E2QJW9TUIM1M&dib=eyJ2IjoiMSJ9.KPHXPro0VtrKa2wIE0vhL56_6oxR3p3yGapgLhQr5_u8Ifk53eZ-vm_5fq2IsO0hfAesdrLCp9QUwU7bRNtcqrn9cLvSR5z7KAIjBiEguF9OkiR8u1gzZeh850qLhWW0WlDxG2_BjYQc0caLA-4ysTMdwUpu4WNQXy5mQ5r4n3Uj8y4mtTy75rhMf2FTAD5Qx-PDtGnW3oV0NOUstW60b8Qb7R1MtuqD3KCvfcNpyQs.BgTmO_RMkAUaophVyCaeZI-3_XeqA_1WcTX_150sHFk&dib_tag=se&keywords=strawberries&qid=1786103878&s=samedaystore&sprefix=mil%2Csamedaystore%2C348&sr=1-1,https://m.media-amazon.com/images/I/719HRHktywL._FMwebp__.jpg,false,,,,{},0,,,,,{},1786103885497
578287,20,00987,1,2,,amazon.com,,"https://www.amazon.com/s?k=strawberries&i=samedaystore&crid=1E2QJW9TUIM1M&sprefix=mil,samedaystore,348&ref=nb_sb_noss_2",Featured,B0FT35CP55,"Premium Freeze Dried Strawberry Slices | 7.05oz | No Sugar Added | in Resealable Jar Non-GMO, Vegan Snacks | Crunchy Wellsome Topping for Yogurt, Smoothie Bowls, Baking & On-the-Go Fruit Snack",,[],17.99,17.99,0,4.7,54,,false,amazon.com,serp,true,300,,B0FT35CP55,https://www.amazon.com/Premium-Strawberry-Resealable-Wellsome-Smoothie/dp/B0FT35CP55/ref=sr_1_2?crid=1E2QJW9TUIM1M&dib=eyJ2IjoiMSJ9.KPHXPro0VtrKa2wIE0vhL56_6oxR3p3yGapgLhQr5_u8Ifk53eZ-vm_5fq2IsO0hfAesdrLCp9QUwU7bRNtcqrn9cLvSR5z7KAIjBiEguF9OkiR8u1gzZeh850qLhWW0WlDxG2_BjYQc0caLA-4ysTMdwUpu4WNQXy5mQ5r4n3Uj8y4mtTy75rhMf2FTAD5Qx-PDtGnW3oV0NOUstW60b8Qb7R1MtuqD3KCvfcNpyQs.BgTmO_RMkAUaophVyCaeZI-3_XeqA_1WcTX_150sHFk&dib_tag=se&keywords=strawberries&qid=1786103878&s=samedaystore&sprefix=mil%2Csamedaystore%2C348&sr=1-2,https://m.media-amazon.com/images/I/911yY8wECIL._FMwebp__.jpg,false,,,,{},0,,,,"FREE delivery Wed, Aug 12 on $35 of items shipped by Amazon","{""delivery"":""FREE delivery Wed, Aug 12 on $35 of items shipped by Amazon""}",1786103885497
578288,20,00987,1,3,,amazon.com,,"https://www.amazon.com/s?k=strawberries&i=samedaystore&crid=1E2QJW9TUIM1M&sprefix=mil,samedaystore,348&ref=nb_sb_noss_2",Featured,B002B8Z98W,"Organic Strawberries, 1 Lb",,[],0,0,0,4.6,40783,,false,amazon.com,serp,false,100000,,B002B8Z98W,https://www.amazon.com/Fresh-Produce-Brands-Vary-040/dp/B002B8Z98W/ref=sr_1_3?crid=1E2QJW9TUIM1M&dib=eyJ2IjoiMSJ9.KPHXPro0VtrKa2wIE0vhL56_6oxR3p3yGapgLhQr5_u8Ifk53eZ-vm_5fq2IsO0hfAesdrLCp9QUwU7bRNtcqrn9cLvSR5z7KAIjBiEguF9OkiR8u1gzZeh850qLhWW0WlDxG2_BjYQc0caLA-4ysTMdwUpu4WNQXy5mQ5r4n3Uj8y4mtTy75rhMf2FTAD5Qx-PDtGnW3oV0NOUstW60b8Qb7R1MtuqD3KCvfcNpyQs.BgTmO_RMkAUaophVyCaeZI-3_XeqA_1WcTX_150sHFk&dib_tag=se&keywords=strawberries&qid=1786103878&s=samedaystore&sprefix=mil%2Csamedaystore%2C348&sr=1-3,https://m.media-amazon.com/images/I/71oKpKMVqTL._FMwebp__.jpg,false,,,,{},0,,,,,{},1786103885497
578289,20,00987,1,4,,amazon.com,,"https://www.amazon.com/s?k=strawberries&i=samedaystore&crid=1E2QJW9TUIM1M&sprefix=mil,samedaystore,348&ref=nb_sb_noss_2",Featured,B0H3WF82FB,"Rich Sweetness Strawberry Live Plants (10 Pack) – Everbearing Strawberry Starts for Outdoor Gardens & Containers – Sweet, Large Red Berries – Non-GMO Fruit Plants",,[],16.99,16.99,0,3.9,31,,false,amazon.com,serp,true,400,,B0H3WF82FB,https://www.amazon.com/Rich-Sweetness-Strawberry-Live-Plants/dp/B0H3WF82FB/ref=sr_1_4?crid=1E2QJW9TUIM1M&dib=eyJ2IjoiMSJ9.KPHXPro0VtrKa2wIE0vhL56_6oxR3p3yGapgLhQr5_u8Ifk53eZ-vm_5fq2IsO0hfAesdrLCp9QUwU7bRNtcqrn9cLvSR5z7KAIjBiEguF9OkiR8u1gzZeh850qLhWW0WlDxG2_BjYQc0caLA-4ysTMdwUpu4WNQXy5mQ5r4n3Uj8y4mtTy75rhMf2FTAD5Qx-PDtGnW3oV0NOUstW60b8Qb7R1MtuqD3KCvfcNpyQs.BgTmO_RMkAUaophVyCaeZI-3_XeqA_1WcTX_150sHFk&dib_tag=se&keywords=strawberries&qid=1786103878&s=samedaystore&sprefix=mil%2Csamedaystore%2C348&sr=1-4,https://m.media-amazon.com/images/I/71ioFeujtzL._FMwebp__.jpg,false,,,,{},0,,,,FREE delivery Aug 17 - 20,"{""delivery"":""FREE delivery Aug 17 - 20""}",1786103885497
578290,20,00987,1,5,,amazon.com,,"https://www.amazon.com/s?k=strawberries&i=samedaystore&crid=1E2QJW9TUIM1M&sprefix=mil,samedaystore,348&ref=nb_sb_noss_2",Featured,B0BZ9TBY48,"Bonnie Plants Strawberry, Live Plant, 19.3 oz. (4-Pack)",,[],18.72,22.89,18.72,4.3,1069,,false,amazon.com,serp,true,900,,B0BZ9TBY48,https://www.amazon.com/Bonnie-Plants-Strawberry-Plant-4-Pack/dp/B0BZ9TBY48/ref=sr_1_5?crid=1E2QJW9TUIM1M&dib=eyJ2IjoiMSJ9.KPHXPro0VtrKa2wIE0vhL56_6oxR3p3yGapgLhQr5_u8Ifk53eZ-vm_5fq2IsO0hfAesdrLCp9QUwU7bRNtcqrn9cLvSR5z7KAIjBiEguF9OkiR8u1gzZeh850qLhWW0WlDxG2_BjYQc0caLA-4ysTMdwUpu4WNQXy5mQ5r4n3Uj8y4mtTy75rhMf2FTAD5Qx-PDtGnW3oV0NOUstW60b8Qb7R1MtuqD3KCvfcNpyQs.BgTmO_RMkAUaophVyCaeZI-3_XeqA_1WcTX_150sHFk&dib_tag=se&keywords=strawberries&qid=1786103878&s=samedaystore&sprefix=mil%2Csamedaystore%2C348&sr=1-5,https://m.media-amazon.com/images/I/71jTWZBe4UL._FMwebp__.jpg,false,,,,{},0,,,,FREE delivery on $35 of items shipped by Amazon,"{""delivery"":""FREE delivery on $35 of items shipped by Amazon""}",1786103885497
578291,20,00987,1,6,,amazon.com,,"https://www.amazon.com/s?k=strawberries&i=samedaystore&crid=1E2QJW9TUIM1M&sprefix=mil,samedaystore,348&ref=nb_sb_noss_2",Featured,B000P6G12U,"Red Raspberries, 6 oz",,[],0,0,0,4.6,37207,,false,amazon.com,serp,false,100000,,B000P6G12U,https://www.amazon.com/Fresh-Produce-Brands-May-Vary/dp/B000P6G12U/ref=sr_1_6?crid=1E2QJW9TUIM1M&dib=eyJ2IjoiMSJ9.KPHXPro0VtrKa2wIE0vhL56_6oxR3p3yGapgLhQr5_u8Ifk53eZ-vm_5fq2IsO0hfAesdrLCp9QUwU7bRNtcqrn9cLvSR5z7KAIjBiEguF9OkiR8u1gzZeh850qLhWW0WlDxG2_BjYQc0caLA-4ysTMdwUpu4WNQXy5mQ5r4n3Uj8y4mtTy75rhMf2FTAD5Qx-PDtGnW3oV0NOUstW60b8Qb7R1MtuqD3KCvfcNpyQs.BgTmO_RMkAUaophVyCaeZI-3_XeqA_1WcTX_150sHFk&dib_tag=se&keywords=strawberries&qid=1786103878&s=samedaystore&sprefix=mil%2Csamedaystore%2C348&sr=1-6,https://m.media-amazon.com/images/I/61lsVNuBxkL._FMwebp__.jpg,false,,,,{},0,,,,,{},1786103885497
578292,20,00987,1,7,,amazon.com,,"https://www.amazon.com/s?k=strawberries&i=samedaystore&crid=1E2QJW9TUIM1M&sprefix=mil,samedaystore,348&ref=nb_sb_noss_2",Featured,B008945XB0,"Augason Farms Freeze Dried Sliced Strawberries Can 6.5 oz | 18 Servings, Gluten Free Snack for Baking, Smoothies, and Emergency Storage, Healthy Individual Fruit Snacks, 6.5 Ounces",,[],18,18,0,4.6,10834,,false,amazon.com,serp,true,500,,B008945XB0,https://www.amazon.com/Augason-Farms-Freeze-Sliced-Strawberries/dp/B008945XB0/ref=sr_1_7?crid=1E2QJW9TUIM1M&dib=eyJ2IjoiMSJ9.KPHXPro0VtrKa2wIE0vhL56_6oxR3p3yGapgLhQr5_u8Ifk53eZ-vm_5fq2IsO0hfAesdrLCp9QUwU7bRNtcqrn9cLvSR5z7KAIjBiEguF9OkiR8u1gzZeh850qLhWW0WlDxG2_BjYQc0caLA-4ysTMdwUpu4WNQXy5mQ5r4n3Uj8y4mtTy75rhMf2FTAD5Qx-PDtGnW3oV0NOUstW60b8Qb7R1MtuqD3KCvfcNpyQs.BgTmO_RMkAUaophVyCaeZI-3_XeqA_1WcTX_150sHFk&dib_tag=se&keywords=strawberries&qid=1786103878&s=samedaystore&sprefix=mil%2Csamedaystore%2C348&sr=1-7,https://m.media-amazon.com/images/I/71Y5VPm9QzL._FMwebp__.jpg,false,,,,{},0,,,,FREE delivery Aug 24 - Sep 5 on $35 of items shipped by Amazon,"{""delivery"":""FREE delivery Aug 24 - Sep 5 on $35 of items shipped by Amazon""}",1786103885497
578293,20,00987,1,8,,amazon.com,,"https://www.amazon.com/s?k=strawberries&i=samedaystore&crid=1E2QJW9TUIM1M&sprefix=mil,samedaystore,348&ref=nb_sb_noss_2",Featured,B09CGC6GM5,"Happy Village Organic Whole Dried Strawberries, 18 OZ Resealable Pack- Soft & Juicy, Kosher, Non-GMO, No Refined Sugar, Apple Juice Infused Dried Strawberry",,[],28.99,28.99,0,4.2,1872,,false,amazon.com,serp,true,800,,B09CGC6GM5,https://www.amazon.com/Organic-Strawberries-Happy-Village-Strawberry/dp/B09CGC6GM5/ref=sr_1_8?crid=1E2QJW9TUIM1M&dib=eyJ2IjoiMSJ9.KPHXPro0VtrKa2wIE0vhL56_6oxR3p3yGapgLhQr5_u8Ifk53eZ-vm_5fq2IsO0hfAesdrLCp9QUwU7bRNtcqrn9cLvSR5z7KAIjBiEguF9OkiR8u1gzZeh850qLhWW0WlDxG2_BjYQc0caLA-4ysTMdwUpu4WNQXy5mQ5r4n3Uj8y4mtTy75rhMf2FTAD5Qx-PDtGnW3oV0NOUstW60b8Qb7R1MtuqD3KCvfcNpyQs.BgTmO_RMkAUaophVyCaeZI-3_XeqA_1WcTX_150sHFk&dib_tag=se&keywords=strawberries&qid=1786103878&s=samedaystore&sprefix=mil%2Csamedaystore%2C348&sr=1-8,https://m.media-amazon.com/images/I/815C40gH9OL._FMwebp__.jpg,false,,,,{},0,,,,"Join Prime to get FREE delivery Mon, Aug 10Or Non-members get FREE delivery Wed, Aug 12 on $35 of items shipped by Amazon","{""delivery"":""Join Prime to get FREE delivery Mon, Aug 10Or Non-members get FREE delivery Wed, Aug 12 on $35 of items shipped by Amazon""}",1786103885497
578294,20,00987,1,9,,amazon.com,,"https://www.amazon.com/s?k=strawberries&i=samedaystore&crid=1E2QJW9TUIM1M&sprefix=mil,samedaystore,348&ref=nb_sb_noss_2",Featured,B0GSTGDDPR,"All Season Strawberry Seeds for Home Garden Planting, Perennial Herbaceous Plant - 2500 Seeds/Pack",,[],9.98,9.98,0,3.5,18,,false,amazon.com,serp,true,100,,B0GSTGDDPR,https://www.amazon.com/Season-Strawberry-Planting-Perennial-Herbaceous/dp/B0GSTGDDPR/ref=sr_1_9?crid=1E2QJW9TUIM1M&dib=eyJ2IjoiMSJ9.KPHXPro0VtrKa2wIE0vhL56_6oxR3p3yGapgLhQr5_u8Ifk53eZ-vm_5fq2IsO0hfAesdrLCp9QUwU7bRNtcqrn9cLvSR5z7KAIjBiEguF9OkiR8u1gzZeh850qLhWW0WlDxG2_BjYQc0caLA-4ysTMdwUpu4WNQXy5mQ5r4n3Uj8y4mtTy75rhMf2FTAD5Qx-PDtGnW3oV0NOUstW60b8Qb7R1MtuqD3KCvfcNpyQs.BgTmO_RMkAUaophVyCaeZI-3_XeqA_1WcTX_150sHFk&dib_tag=se&keywords=strawberries&qid=1786103878&s=samedaystore&sprefix=mil%2Csamedaystore%2C348&sr=1-9,https://m.media-amazon.com/images/I/81xLcMDHjbL._FMwebp__.jpg,false,,,,{},0,,,,"Join Prime to get FREE delivery Mon, Aug 10Or Non-members get FREE delivery Wed, Aug 12 on $35 of items shipped by Amazon","{""delivery"":""Join Prime to get FREE delivery Mon, Aug 10Or Non-members get FREE delivery Wed, Aug 12 on $35 of items shipped by Amazon""}",1786103885497
578295,20,00987,1,10,,amazon.com,,"https://www.amazon.com/s?k=strawberries&i=samedaystore&crid=1E2QJW9TUIM1M&sprefix=mil,samedaystore,348&ref=nb_sb_noss_2",Featured,B077N7TR5G,Organic Blueberries Pint,,[],0,0,0,4.7,27829,,false,amazon.com,serp,false,100000,,B077N7TR5G,https://www.amazon.com/produce-aisle-112042-Organic-Blueberries/dp/B077N7TR5G/ref=sr_1_10?crid=1E2QJW9TUIM1M&dib=eyJ2IjoiMSJ9.KPHXPro0VtrKa2wIE0vhL56_6oxR3p3yGapgLhQr5_u8Ifk53eZ-vm_5fq2IsO0hfAesdrLCp9QUwU7bRNtcqrn9cLvSR5z7KAIjBiEguF9OkiR8u1gzZeh850qLhWW0WlDxG2_BjYQc0caLA-4ysTMdwUpu4WNQXy5mQ5r4n3Uj8y4mtTy75rhMf2FTAD5Qx-PDtGnW3oV0NOUstW60b8Qb7R1MtuqD3KCvfcNpyQs.BgTmO_RMkAUaophVyCaeZI-3_XeqA_1WcTX_150sHFk&dib_tag=se&keywords=strawberries&qid=1786103878&s=samedaystore&sprefix=mil%2Csamedaystore%2C348&sr=1-10,https://m.media-amazon.com/images/I/61RTWtYAGRL._FMwebp__.jpg,false,,,,{},0,,,,,{},1786103885497
578296,20,00987,1,11,,amazon.com,,"https://www.amazon.com/s?k=strawberries&i=samedaystore&crid=1E2QJW9TUIM1M&sprefix=mil,samedaystore,348&ref=nb_sb_noss_2",Featured,B0FFMBS8Y1,"Amilutuo Freeze Dried Strawberries Pieces, 3.17OZ/90g Frozen Strawberries | Freeze Dried Fruit, Dehydrated Strawberries, Freeze Dried Snacks",,[],8.99,9.49,8.99,4.5,376,,false,amazon.com,serp,true,700,,B0FFMBS8Y1,https://www.amazon.com/Freeze-Strawberries-Pieces-Dehydrated-Preservatives/dp/B0FFMBS8Y1/ref=sr_1_11?crid=1E2QJW9TUIM1M&dib=eyJ2IjoiMSJ9.KPHXPro0VtrKa2wIE0vhL56_6oxR3p3yGapgLhQr5_u8Ifk53eZ-vm_5fq2IsO0hfAesdrLCp9QUwU7bRNtcqrn9cLvSR5z7KAIjBiEguF9OkiR8u1gzZeh850qLhWW0WlDxG2_BjYQc0caLA-4ysTMdwUpu4WNQXy5mQ5r4n3Uj8y4mtTy75rhMf2FTAD5Qx-PDtGnW3oV0NOUstW60b8Qb7R1MtuqD3KCvfcNpyQs.BgTmO_RMkAUaophVyCaeZI-3_XeqA_1WcTX_150sHFk&dib_tag=se&keywords=strawberries&qid=1786103878&s=samedaystore&sprefix=mil%2Csamedaystore%2C348&sr=1-11,https://m.media-amazon.com/images/I/81RkuXeP7BL._FMwebp__.jpg,false,,,,{},0,,,,"FREE delivery Wed, Aug 12 on $35 of items shipped by Amazon","{""delivery"":""FREE delivery Wed, Aug 12 on $35 of items shipped by Amazon""}",1786103885497
578297,20,00987,1,12,,amazon.com,,"https://www.amazon.com/s?k=strawberries&i=samedaystore&crid=1E2QJW9TUIM1M&sprefix=mil,samedaystore,348&ref=nb_sb_noss_2",Featured,B0DD94HBMV,"Strawberry Bon Bons Hard Candy, 1 Pound (Approx. 75 pcs.), Strawberry Candy Individually Wrapped, Strawberry Candy, The Hampton Popcorn & Candy Company",,[],8.99,8.99,0,4.7,867,,false,amazon.com,serp,true,500,,B0DD94HBMV,https://www.amazon.com/Strawberry-Candy-Individually-Hampton-Company/dp/B0DD94HBMV/ref=sr_1_12?crid=1E2QJW9TUIM1M&dib=eyJ2IjoiMSJ9.KPHXPro0VtrKa2wIE0vhL56_6oxR3p3yGapgLhQr5_u8Ifk53eZ-vm_5fq2IsO0hfAesdrLCp9QUwU7bRNtcqrn9cLvSR5z7KAIjBiEguF9OkiR8u1gzZeh850qLhWW0WlDxG2_BjYQc0caLA-4ysTMdwUpu4WNQXy5mQ5r4n3Uj8y4mtTy75rhMf2FTAD5Qx-PDtGnW3oV0NOUstW60b8Qb7R1MtuqD3KCvfcNpyQs.BgTmO_RMkAUaophVyCaeZI-3_XeqA_1WcTX_150sHFk&dib_tag=se&keywords=strawberries&qid=1786103878&s=samedaystore&sprefix=mil%2Csamedaystore%2C348&sr=1-12,https://m.media-amazon.com/images/I/81cc7G69D9L._FMwebp__.jpg,false,,,,{},0,,,,"Join Prime to get FREE delivery Mon, Aug 10Or Non-members get FREE delivery Wed, Aug 12 on $35 of items shipped by Amazon","{""delivery"":""Join Prime to get FREE delivery Mon, Aug 10Or Non-members get FREE delivery Wed, Aug 12 on $35 of items shipped by Amazon""}",1786103885497
578298,20,00987,1,13,,amazon.com,,"https://www.amazon.com/s?k=strawberries&i=samedaystore&crid=1E2QJW9TUIM1M&sprefix=mil,samedaystore,348&ref=nb_sb_noss_2",Featured,B002XOHZWC,"Chef'n Original Stem Gem Strawberry Huller, Red/Green - 102-138-005",,[],8,8,0,4.6,15027,,false,amazon.com,serp,true,3000,,B002XOHZWC,https://www.amazon.com/Chefn-27466-StemGem-Strawberry-Huller/dp/B002XOHZWC/ref=sr_1_13?crid=1E2QJW9TUIM1M&dib=eyJ2IjoiMSJ9.KPHXPro0VtrKa2wIE0vhL56_6oxR3p3yGapgLhQr5_u8Ifk53eZ-vm_5fq2IsO0hfAesdrLCp9QUwU7bRNtcqrn9cLvSR5z7KAIjBiEguF9OkiR8u1gzZeh850qLhWW0WlDxG2_BjYQc0caLA-4ysTMdwUpu4WNQXy5mQ5r4n3Uj8y4mtTy75rhMf2FTAD5Qx-PDtGnW3oV0NOUstW60b8Qb7R1MtuqD3KCvfcNpyQs.BgTmO_RMkAUaophVyCaeZI-3_XeqA_1WcTX_150sHFk&dib_tag=se&keywords=strawberries&qid=1786103878&s=samedaystore&sprefix=mil%2Csamedaystore%2C348&sr=1-13,https://m.media-amazon.com/images/I/61rt3VOPtZL._FMwebp__.jpg,false,,,,{},0,,,,"Join Prime to get FREE delivery Mon, Aug 10Or Non-members get FREE delivery Wed, Aug 12 on $35 of items shipped by Amazon","{""delivery"":""Join Prime to get FREE delivery Mon, Aug 10Or Non-members get FREE delivery Wed, Aug 12 on $35 of items shipped by Amazon""}",1786103885497
578299,20,00987,1,14,,amazon.com,,"https://www.amazon.com/s?k=strawberries&i=samedaystore&crid=1E2QJW9TUIM1M&sprefix=mil,samedaystore,348&ref=nb_sb_noss_2",Featured,B000VA2W0U,"HERSHEY'S Strawberry Flavored Syrup Bottle, 22 oz",,"[""Best Seller""]",4.79,4.79,0,4.6,2942,,false,amazon.com,serp,true,,,B000VA2W0U,https://www.amazon.com/HERSHEYS-Strawberry-Dessert-Topping-Beverage/dp/B000VA2W0U/ref=sr_1_14?crid=1E2QJW9TUIM1M&dib=eyJ2IjoiMSJ9.KPHXPro0VtrKa2wIE0vhL56_6oxR3p3yGapgLhQr5_u8Ifk53eZ-vm_5fq2IsO0hfAesdrLCp9QUwU7bRNtcqrn9cLvSR5z7KAIjBiEguF9OkiR8u1gzZeh850qLhWW0WlDxG2_BjYQc0caLA-4ysTMdwUpu4WNQXy5mQ5r4n3Uj8y4mtTy75rhMf2FTAD5Qx-PDtGnW3oV0NOUstW60b8Qb7R1MtuqD3KCvfcNpyQs.BgTmO_RMkAUaophVyCaeZI-3_XeqA_1WcTX_150sHFk&dib_tag=se&keywords=strawberries&qid=1786103878&s=samedaystore&sprefix=mil%2Csamedaystore%2C348&sr=1-14,https://m.media-amazon.com/images/I/71PmaZMjoNL._FMwebp__.jpg,false,,,,{},0,,,,"Join Prime to get FREE delivery Mon, Aug 10Or Non-members get FREE delivery Wed, Aug 12 on $35 of items shipped by Amazon","{""delivery"":""Join Prime to get FREE delivery Mon, Aug 10Or Non-members get FREE delivery Wed, Aug 12 on $35 of items shipped by Amazon""}",1786103885497
578300,20,00987,1,15,,amazon.com,,"https://www.amazon.com/s?k=strawberries&i=samedaystore&crid=1E2QJW9TUIM1M&sprefix=mil,samedaystore,348&ref=nb_sb_noss_2",Featured,B0BT8QKTG7,"Augason Farms Freeze Dried Sliced Strawberries Pouch 1.4 oz | Gluten Free Snack for Baking, Smoothies, and Emergency Storage, Healthy Individual Fruit Snacks 1.4 Ounces (4 Servings)",,[],6.38,6.38,0,4.6,10834,,false,amazon.com,serp,true,200,,B0BT8QKTG7,https://www.amazon.com/Freeze-Dried-Sliced-Strawberries-Resealable-Pouch/dp/B0BT8QKTG7/ref=sr_1_15?crid=1E2QJW9TUIM1M&dib=eyJ2IjoiMSJ9.KPHXPro0VtrKa2wIE0vhL56_6oxR3p3yGapgLhQr5_u8Ifk53eZ-vm_5fq2IsO0hfAesdrLCp9QUwU7bRNtcqrn9cLvSR5z7KAIjBiEguF9OkiR8u1gzZeh850qLhWW0WlDxG2_BjYQc0caLA-4ysTMdwUpu4WNQXy5mQ5r4n3Uj8y4mtTy75rhMf2FTAD5Qx-PDtGnW3oV0NOUstW60b8Qb7R1MtuqD3KCvfcNpyQs.BgTmO_RMkAUaophVyCaeZI-3_XeqA_1WcTX_150sHFk&dib_tag=se&keywords=strawberries&qid=1786103878&s=samedaystore&sprefix=mil%2Csamedaystore%2C348&sr=1-15,https://m.media-amazon.com/images/I/81RSryU5z3L._FMwebp__.jpg,false,,,,{},0,,,,"Join Prime to get FREE delivery Mon, Aug 10Or Non-members get FREE delivery Wed, Aug 12 on $35 of items shipped by Amazon","{""delivery"":""Join Prime to get FREE delivery Mon, Aug 10Or Non-members get FREE delivery Wed, Aug 12 on $35 of items shipped by Amazon""}",1786103885497
578301,20,00987,1,16,,amazon.com,,"https://www.amazon.com/s?k=strawberries&i=samedaystore&crid=1E2QJW9TUIM1M&sprefix=mil,samedaystore,348&ref=nb_sb_noss_2",Featured,B0F2HW7M1T,Lyrow 100 Pcs 100 Pieces Fake Artificial Strawberries 2.2inch/2.76inch/3.35inch Faux Realistic Strawberry Decor Plastic Simulation Fake Lifelike Fruit for Photography Prop Cabinet Party (2.76 Inch),,[],22.99,24.99,22.99,4.6,100,,false,amazon.com,serp,true,50,,B0F2HW7M1T,https://www.amazon.com/Lyrow-Artificial-Strawberries-Strawberry-Photography/dp/B0F2HW7M1T/ref=sr_1_16?crid=1E2QJW9TUIM1M&dib=eyJ2IjoiMSJ9.KPHXPro0VtrKa2wIE0vhL56_6oxR3p3yGapgLhQr5_u8Ifk53eZ-vm_5fq2IsO0hfAesdrLCp9QUwU7bRNtcqrn9cLvSR5z7KAIjBiEguF9OkiR8u1gzZeh850qLhWW0WlDxG2_BjYQc0caLA-4ysTMdwUpu4WNQXy5mQ5r4n3Uj8y4mtTy75rhMf2FTAD5Qx-PDtGnW3oV0NOUstW60b8Qb7R1MtuqD3KCvfcNpyQs.BgTmO_RMkAUaophVyCaeZI-3_XeqA_1WcTX_150sHFk&dib_tag=se&keywords=strawberries&qid=1786103878&s=samedaystore&sprefix=mil%2Csamedaystore%2C348&sr=1-16,https://m.media-amazon.com/images/I/91lbWSgAVwL._FMwebp__.jpg,false,,,,{},0,,,,"FREE delivery Thu, Aug 20 on $35 of items shipped by Amazon","{""delivery"":""FREE delivery Thu, Aug 20 on $35 of items shipped by Amazon""}",1786103885497
578334,20,01020,1,1,,amazon.com,,"https://www.amazon.com/s?k=strawberries&i=samedaystore&crid=1E2QJW9TUIM1M&sprefix=mil,samedaystore,348&ref=nb_sb_noss_2",Featured,B0CG5T3BRH,"80 Pieces Artificial Strawberries, Lifelike Decorative Fake Strawberries, Red Realistic Fake Fruit Strawberries for Home Kitchen Festival Party Photography Christmas Decoration",,[],14.99,15.99,14.99,4.5,57,,false,amazon.com,serp,true,,,B0CG5T3BRH,https://www.amazon.com/ZEAYEA-Artificial-Strawberries-Decorative-Photography/dp/B0CG5T3BRH/ref=sr_1_1?crid=1E2QJW9TUIM1M&dib=eyJ2IjoiMSJ9.aVsEj8jS-YsdYnz5VNvKepejbhHtJh87pEynSm_so9uel65m5hA1Y_kxruVqa0b5qBGBgUyzfctbLt003Wrjw4Iv9ABS1l1Hjl4uvtPEdeweJLx0oylQPRsy3q3fmc45CPp6WZIeoi9tvrbAE9oyvFeU3aVk3GQs2foR_jxHXepr7IQlD4yQ1ao4vXqTkI4B4DqFKekOYsHOcmhL5UplRRrdbdbyGuEcPQD5ftN_OgM.YOfn4L-Z6hRSwvPPVVU_oVs_cPvvccqJ13tMDSD-7aI&dib_tag=se&keywords=strawberries&qid=1786103878&s=samedaystore&sprefix=mil%2Csamedaystore%2C348&sr=1-1,https://m.media-amazon.com/images/I/81iK1b7gFlL._FMwebp__.jpg,false,,,,{},0,,,,"Join Prime to get FREE delivery Overnight 4 AM - 8 AM on eligible ordersOr Non-members get FREE delivery Wed, Aug 12 on $35 of items shipped by Amazon","{""delivery"":""Join Prime to get FREE delivery Overnight 4 AM - 8 AM on eligible ordersOr Non-members get FREE delivery Wed, Aug 12 on $35 of items shipped by Amazon""}",1786103888579
578335,20,01020,1,2,,amazon.com,,"https://www.amazon.com/s?k=strawberries&i=samedaystore&crid=1E2QJW9TUIM1M&sprefix=mil,samedaystore,348&ref=nb_sb_noss_2",Featured,B0FFT929QL,"40Pcs Fake Strawberries Artificial Plastic Faux Fruit for Home Market | for Kitchen, Display, Party Decoration, Photography Props",,[],9.49,9.99,9.49,4.2,8,,false,amazon.com,serp,true,,,B0FFT929QL,https://www.amazon.com/jiebor-Strawberries-Artificial-Decoration-Photography/dp/B0FFT929QL/ref=sr_1_2?crid=1E2QJW9TUIM1M&dib=eyJ2IjoiMSJ9.aVsEj8jS-YsdYnz5VNvKepejbhHtJh87pEynSm_so9uel65m5hA1Y_kxruVqa0b5qBGBgUyzfctbLt003Wrjw4Iv9ABS1l1Hjl4uvtPEdeweJLx0oylQPRsy3q3fmc45CPp6WZIeoi9tvrbAE9oyvFeU3aVk3GQs2foR_jxHXepr7IQlD4yQ1ao4vXqTkI4B4DqFKekOYsHOcmhL5UplRRrdbdbyGuEcPQD5ftN_OgM.YOfn4L-Z6hRSwvPPVVU_oVs_cPvvccqJ13tMDSD-7aI&dib_tag=se&keywords=strawberries&qid=1786103878&s=samedaystore&sprefix=mil%2Csamedaystore%2C348&sr=1-2,https://m.media-amazon.com/images/I/91Dv-Mei7-L._FMwebp__.jpg,false,,,,{},0,,,,"Join Prime to get FREE delivery Overnight 4 AM - 8 AM on eligible ordersOr Non-members get FREE delivery Wed, Aug 12 on $35 of items shipped by Amazon","{""delivery"":""Join Prime to get FREE delivery Overnight 4 AM - 8 AM on eligible ordersOr Non-members get FREE delivery Wed, Aug 12 on $35 of items shipped by Amazon""}",1786103888579
578336,20,01020,1,3,,amazon.com,,"https://www.amazon.com/s?k=strawberries&i=samedaystore&crid=1E2QJW9TUIM1M&sprefix=mil,samedaystore,348&ref=nb_sb_noss_2",Featured,B0DDC6STC6,"8.82oz Freeze Dried Strawberry Pieces, 100% Natural for Snacks & Baking | Premium Frozen Dried Strawberrys, No,Gluten, No Allergen, Sweet Fruit Flakes for Cooking, Baking and Flavorful Recipes",,[],14.99,14.99,0,4.2,551,,false,amazon.com,serp,true,2000,,B0DDC6STC6,https://www.amazon.com/Premium-Freeze-Dried-Strawberries-Pieces/dp/B0DDC6STC6/ref=sr_1_3?crid=1E2QJW9TUIM1M&dib=eyJ2IjoiMSJ9.aVsEj8jS-YsdYnz5VNvKepejbhHtJh87pEynSm_so9uel65m5hA1Y_kxruVqa0b5qBGBgUyzfctbLt003Wrjw4Iv9ABS1l1Hjl4uvtPEdeweJLx0oylQPRsy3q3fmc45CPp6WZIeoi9tvrbAE9oyvFeU3aVk3GQs2foR_jxHXepr7IQlD4yQ1ao4vXqTkI4B4DqFKekOYsHOcmhL5UplRRrdbdbyGuEcPQD5ftN_OgM.YOfn4L-Z6hRSwvPPVVU_oVs_cPvvccqJ13tMDSD-7aI&dib_tag=se&keywords=strawberries&qid=1786103878&s=samedaystore&sprefix=mil%2Csamedaystore%2C348&sr=1-3,https://m.media-amazon.com/images/I/81xiHZ9luhL._FMwebp__.jpg,false,,,,{},0,,,,"Join Prime to get FREE delivery Overnight 4 AM - 8 AM on eligible ordersOr Non-members get FREE delivery Wed, Aug 12 on $35 of items shipped by Amazon","{""delivery"":""Join Prime to get FREE delivery Overnight 4 AM - 8 AM on eligible ordersOr Non-members get FREE delivery Wed, Aug 12 on $35 of items shipped by Amazon""}",1786103888579
578337,20,01020,1,4,,amazon.com,,"https://www.amazon.com/s?k=strawberries&i=samedaystore&crid=1E2QJW9TUIM1M&sprefix=mil,samedaystore,348&ref=nb_sb_noss_2",Featured,B01HTNAVGI,"Annie's Organic Fruit Tape, Strawberry & Berry Variety Pack (Pack of 12) | Fruit-Flavored Snacks (6 of Each Flavor), Great for Lunchboxes, Gluten-Free, No High Fructose Corn Syrup, 9 oz",,"[""Best Seller""]",7.49,7.49,0,4.7,7053,,false,amazon.com,serp,true,20000,,B01HTNAVGI,https://www.amazon.com/Annies-Strawberry-Organic-Really-Variety/dp/B01HTNAVGI/ref=sr_1_4?crid=1E2QJW9TUIM1M&dib=eyJ2IjoiMSJ9.aVsEj8jS-YsdYnz5VNvKepejbhHtJh87pEynSm_so9uel65m5hA1Y_kxruVqa0b5qBGBgUyzfctbLt003Wrjw4Iv9ABS1l1Hjl4uvtPEdeweJLx0oylQPRsy3q3fmc45CPp6WZIeoi9tvrbAE9oyvFeU3aVk3GQs2foR_jxHXepr7IQlD4yQ1ao4vXqTkI4B4DqFKekOYsHOcmhL5UplRRrdbdbyGuEcPQD5ftN_OgM.YOfn4L-Z6hRSwvPPVVU_oVs_cPvvccqJ13tMDSD-7aI&dib_tag=se&keywords=strawberries&qid=1786103878&s=samedaystore&sprefix=mil%2Csamedaystore%2C348&sr=1-4,https://m.media-amazon.com/images/I/71kE72k7seL._FMwebp__.jpg,false,,,,{},0,,,,"Join Prime to get FREE delivery Overnight 4 AM - 8 AM on eligible ordersOr Non-members get FREE delivery Wed, Aug 12 on $35 of items shipped by Amazon","{""delivery"":""Join Prime to get FREE delivery Overnight 4 AM - 8 AM on eligible ordersOr Non-members get FREE delivery Wed, Aug 12 on $35 of items shipped by Amazon""}",1786103888579
578338,20,01020,1,5,,amazon.com,,"https://www.amazon.com/s?k=strawberries&i=samedaystore&crid=1E2QJW9TUIM1M&sprefix=mil,samedaystore,348&ref=nb_sb_noss_2",Featured,B08TYCZ9K8,"Sunny Fruit Organic Soft-Dried Whole Strawberries (18 Ounce Bulk Bag) | Healthy & Convenient Snack Packs, Great for Baking, Snacking, Smoothies, Charcuterie, Non-GMO, Gluten-Free, Nut-Free, Kosher",,[],18,19.49,18,3.3,872,,false,amazon.com,serp,true,100,,B08TYCZ9K8,https://www.amazon.com/Dried-Strawberries-Healthy-NON-GMO-GLUTEN-FREE/dp/B08TYCZ9K8/ref=sr_1_5?crid=1E2QJW9TUIM1M&dib=eyJ2IjoiMSJ9.aVsEj8jS-YsdYnz5VNvKepejbhHtJh87pEynSm_so9uel65m5hA1Y_kxruVqa0b5qBGBgUyzfctbLt003Wrjw4Iv9ABS1l1Hjl4uvtPEdeweJLx0oylQPRsy3q3fmc45CPp6WZIeoi9tvrbAE9oyvFeU3aVk3GQs2foR_jxHXepr7IQlD4yQ1ao4vXqTkI4B4DqFKekOYsHOcmhL5UplRRrdbdbyGuEcPQD5ftN_OgM.YOfn4L-Z6hRSwvPPVVU_oVs_cPvvccqJ13tMDSD-7aI&dib_tag=se&keywords=strawberries&qid=1786103878&s=samedaystore&sprefix=mil%2Csamedaystore%2C348&sr=1-5,https://m.media-amazon.com/images/I/71JGwd0lBxL._FMwebp__.jpg,false,,,,{},0,,,,"FREE delivery Fri, Aug 14","{""delivery"":""FREE delivery Fri, Aug 14""}",1786103888579
578339,20,01020,1,6,,amazon.com,,"https://www.amazon.com/s?k=strawberries&i=samedaystore&crid=1E2QJW9TUIM1M&sprefix=mil,samedaystore,348&ref=nb_sb_noss_2",Featured,B074J5KFHG,"365 by Whole Foods Market, Organic Strawberry Fruit Spread, 17 Ounce, Red",,[],4.99,4.99,0,4.7,8545,,false,amazon.com,serp,true,10000,,B074J5KFHG,https://www.amazon.com/365-Everyday-Value-Strawberry-Conserve/dp/B074J5KFHG/ref=sr_1_6?crid=1E2QJW9TUIM1M&dib=eyJ2IjoiMSJ9.aVsEj8jS-YsdYnz5VNvKepejbhHtJh87pEynSm_so9uel65m5hA1Y_kxruVqa0b5qBGBgUyzfctbLt003Wrjw4Iv9ABS1l1Hjl4uvtPEdeweJLx0oylQPRsy3q3fmc45CPp6WZIeoi9tvrbAE9oyvFeU3aVk3GQs2foR_jxHXepr7IQlD4yQ1ao4vXqTkI4B4DqFKekOYsHOcmhL5UplRRrdbdbyGuEcPQD5ftN_OgM.YOfn4L-Z6hRSwvPPVVU_oVs_cPvvccqJ13tMDSD-7aI&dib_tag=se&keywords=strawberries&qid=1786103878&rdc=1&s=samedaystore&sprefix=mil%2Csamedaystore%2C348&sr=1-6,https://m.media-amazon.com/images/I/51BHarMerML._FMwebp__.jpg,false,,,,{},0,,,,"Join Prime to get FREE delivery Overnight 4 AM - 8 AM on eligible ordersOr Non-members get FREE delivery Wed, Aug 12 on $35 of items shipped by Amazon","{""delivery"":""Join Prime to get FREE delivery Overnight 4 AM - 8 AM on eligible ordersOr Non-members get FREE delivery Wed, Aug 12 on $35 of items shipped by Amazon""}",1786103888579
578340,20,01020,1,7,,amazon.com,,"https://www.amazon.com/s?k=strawberries&i=samedaystore&crid=1E2QJW9TUIM1M&sprefix=mil,samedaystore,348&ref=nb_sb_noss_2",Featured,B0FFMBS8Y1,"Amilutuo Freeze Dried Strawberries Pieces, 3.17OZ/90g Frozen Strawberries | Freeze Dried Fruit, Dehydrated Strawberries, Freeze Dried Snacks",,[],8.99,9.49,8.99,4.5,376,,false,amazon.com,serp,true,700,,B0FFMBS8Y1,https://www.amazon.com/Freeze-Strawberries-Pieces-Dehydrated-Preservatives/dp/B0FFMBS8Y1/ref=sr_1_7?crid=1E2QJW9TUIM1M&dib=eyJ2IjoiMSJ9.aVsEj8jS-YsdYnz5VNvKepejbhHtJh87pEynSm_so9uel65m5hA1Y_kxruVqa0b5qBGBgUyzfctbLt003Wrjw4Iv9ABS1l1Hjl4uvtPEdeweJLx0oylQPRsy3q3fmc45CPp6WZIeoi9tvrbAE9oyvFeU3aVk3GQs2foR_jxHXepr7IQlD4yQ1ao4vXqTkI4B4DqFKekOYsHOcmhL5UplRRrdbdbyGuEcPQD5ftN_OgM.YOfn4L-Z6hRSwvPPVVU_oVs_cPvvccqJ13tMDSD-7aI&dib_tag=se&keywords=strawberries&qid=1786103878&s=samedaystore&sprefix=mil%2Csamedaystore%2C348&sr=1-7,https://m.media-amazon.com/images/I/81RkuXeP7BL._FMwebp__.jpg,false,,,,{},0,,,,"Join Prime to get FREE delivery Sun, Aug 9Or Non-members get FREE delivery Wed, Aug 12 on $35 of items shipped by Amazon","{""delivery"":""Join Prime to get FREE delivery Sun, Aug 9Or Non-members get FREE delivery Wed, Aug 12 on $35 of items shipped by Amazon""}",1786103888579
578341,20,01020,1,8,,amazon.com,,"https://www.amazon.com/s?k=strawberries&i=samedaystore&crid=1E2QJW9TUIM1M&sprefix=mil,samedaystore,348&ref=nb_sb_noss_2",Featured,B0F2TDGP52,300PCS Giant Strawberry Seeds Everbearing Fragaria Fruit Seeds,,[],7.59,7.59,0,3.4,161,,false,amazon.com,serp,true,100,,B0F2TDGP52,https://www.amazon.com/300PCS-Giant-Strawberry-Everbearing-Fragaria/dp/B0F2TDGP52/ref=sr_1_8?crid=1E2QJW9TUIM1M&dib=eyJ2IjoiMSJ9.aVsEj8jS-YsdYnz5VNvKepejbhHtJh87pEynSm_so9uel65m5hA1Y_kxruVqa0b5qBGBgUyzfctbLt003Wrjw4Iv9ABS1l1Hjl4uvtPEdeweJLx0oylQPRsy3q3fmc45CPp6WZIeoi9tvrbAE9oyvFeU3aVk3GQs2foR_jxHXepr7IQlD4yQ1ao4vXqTkI4B4DqFKekOYsHOcmhL5UplRRrdbdbyGuEcPQD5ftN_OgM.YOfn4L-Z6hRSwvPPVVU_oVs_cPvvccqJ13tMDSD-7aI&dib_tag=se&keywords=strawberries&qid=1786103878&s=samedaystore&sprefix=mil%2Csamedaystore%2C348&sr=1-8,https://m.media-amazon.com/images/I/71u4uXgsNTL._FMwebp__.jpg,false,,,,{},0,,,,"Join Prime to get FREE delivery Overnight 4 AM - 8 AM on eligible ordersOr Non-members get FREE delivery Wed, Aug 12 on $35 of items shipped by Amazon","{""delivery"":""Join Prime to get FREE delivery Overnight 4 AM - 8 AM on eligible ordersOr Non-members get FREE delivery Wed, Aug 12 on $35 of items shipped by Amazon""}",1786103888579
578342,20,01020,1,9,,amazon.com,,"https://www.amazon.com/s?k=strawberries&i=samedaystore&crid=1E2QJW9TUIM1M&sprefix=mil,samedaystore,348&ref=nb_sb_noss_2",Featured,B0D8VVDH5K,"16 oz Freeze Dried Strawberries Whole – Bulk Dehydrated Fruit, Dry Berries | No Sugar or Additives Snacks – Premium Natural Dried Fruit, Perfect for Oatmeal, Cereal, Smoothies, Yogurt & Baking",,[],34.99,34.99,0,4.4,312,,false,amazon.com,serp,true,700,,B0D8VVDH5K,https://www.amazon.com/Whole-Freeze-Dried-Strawberries-Gluten-Free-Allergen-Free/dp/B0D8VVDH5K/ref=sr_1_9?crid=1E2QJW9TUIM1M&dib=eyJ2IjoiMSJ9.aVsEj8jS-YsdYnz5VNvKepejbhHtJh87pEynSm_so9uel65m5hA1Y_kxruVqa0b5qBGBgUyzfctbLt003Wrjw4Iv9ABS1l1Hjl4uvtPEdeweJLx0oylQPRsy3q3fmc45CPp6WZIeoi9tvrbAE9oyvFeU3aVk3GQs2foR_jxHXepr7IQlD4yQ1ao4vXqTkI4B4DqFKekOYsHOcmhL5UplRRrdbdbyGuEcPQD5ftN_OgM.YOfn4L-Z6hRSwvPPVVU_oVs_cPvvccqJ13tMDSD-7aI&dib_tag=se&keywords=strawberries&qid=1786103878&rdc=1&s=samedaystore&sprefix=mil%2Csamedaystore%2C348&sr=1-9,https://m.media-amazon.com/images/I/81IvHkK6FcL._FMwebp__.jpg,false,,,,{},0,,,,"Join Prime to get FREE delivery Overnight 4 AM - 8 AMOr Non-members get FREE delivery Wed, Aug 12 on $35 of items shipped by Amazon","{""delivery"":""Join Prime to get FREE delivery Overnight 4 AM - 8 AMOr Non-members get FREE delivery Wed, Aug 12 on $35 of items shipped by Amazon""}",1786103888579
578343,20,01020,1,10,,amazon.com,,"https://www.amazon.com/s?k=strawberries&i=samedaystore&crid=1E2QJW9TUIM1M&sprefix=mil,samedaystore,348&ref=nb_sb_noss_2",Featured,B0C7TMNBRB,"Premium Freeze Dried Strawberries Pieces 6.5 Oz/185g,Frozen Dried Strawberry,100% Natural & No Additives.",,[],13.95,13.95,0,4.3,1611,,false,amazon.com,serp,true,1000,,B0C7TMNBRB,https://www.amazon.com/Premium-Strawberries-Strawberry-Natural-Additives/dp/B0C7TMNBRB/ref=sr_1_10?crid=1E2QJW9TUIM1M&dib=eyJ2IjoiMSJ9.aVsEj8jS-YsdYnz5VNvKepejbhHtJh87pEynSm_so9uel65m5hA1Y_kxruVqa0b5qBGBgUyzfctbLt003Wrjw4Iv9ABS1l1Hjl4uvtPEdeweJLx0oylQPRsy3q3fmc45CPp6WZIeoi9tvrbAE9oyvFeU3aVk3GQs2foR_jxHXepr7IQlD4yQ1ao4vXqTkI4B4DqFKekOYsHOcmhL5UplRRrdbdbyGuEcPQD5ftN_OgM.YOfn4L-Z6hRSwvPPVVU_oVs_cPvvccqJ13tMDSD-7aI&dib_tag=se&keywords=strawberries&qid=1786103878&s=samedaystore&sprefix=mil%2Csamedaystore%2C348&sr=1-10,https://m.media-amazon.com/images/I/71Z-H36NWtL._FMwebp__.jpg,false,,,,{},0,,,,"Join Prime to get FREE delivery Overnight 4 AM - 8 AM on eligible ordersOr Non-members get FREE delivery Wed, Aug 12 on $35 of items shipped by Amazon","{""delivery"":""Join Prime to get FREE delivery Overnight 4 AM - 8 AM on eligible ordersOr Non-members get FREE delivery Wed, Aug 12 on $35 of items shipped by Amazon""}",1786103888579
578344,20,01020,1,11,,amazon.com,,"https://www.amazon.com/s?k=strawberries&i=samedaystore&crid=1E2QJW9TUIM1M&sprefix=mil,samedaystore,348&ref=nb_sb_noss_2",Featured,B09CGC6GM5,"Happy Village Organic Whole Dried Strawberries, 18 OZ Resealable Pack- Soft & Juicy, Kosher, Non-GMO, No Refined Sugar, Apple Juice Infused Dried Strawberry",,[],28.99,28.99,0,4.2,1872,,false,amazon.com,serp,true,800,,B09CGC6GM5,https://www.amazon.com/Organic-Strawberries-Happy-Village-Strawberry/dp/B09CGC6GM5/ref=sr_1_11?crid=1E2QJW9TUIM1M&dib=eyJ2IjoiMSJ9.aVsEj8jS-YsdYnz5VNvKepejbhHtJh87pEynSm_so9uel65m5hA1Y_kxruVqa0b5qBGBgUyzfctbLt003Wrjw4Iv9ABS1l1Hjl4uvtPEdeweJLx0oylQPRsy3q3fmc45CPp6WZIeoi9tvrbAE9oyvFeU3aVk3GQs2foR_jxHXepr7IQlD4yQ1ao4vXqTkI4B4DqFKekOYsHOcmhL5UplRRrdbdbyGuEcPQD5ftN_OgM.YOfn4L-Z6hRSwvPPVVU_oVs_cPvvccqJ13tMDSD-7aI&dib_tag=se&keywords=strawberries&qid=1786103878&s=samedaystore&sprefix=mil%2Csamedaystore%2C348&sr=1-11,https://m.media-amazon.com/images/I/815C40gH9OL._FMwebp__.jpg,false,,,,{},0,,,,"Join Prime to get FREE delivery Overnight 4 AM - 8 AMOr Non-members get FREE delivery Wed, Aug 12 on $35 of items shipped by Amazon","{""delivery"":""Join Prime to get FREE delivery Overnight 4 AM - 8 AMOr Non-members get FREE delivery Wed, Aug 12 on $35 of items shipped by Amazon""}",1786103888579
578345,20,01020,1,12,,amazon.com,,"https://www.amazon.com/s?k=strawberries&i=samedaystore&crid=1E2QJW9TUIM1M&sprefix=mil,samedaystore,348&ref=nb_sb_noss_2",Featured,B09ZJC1V5G,"Nature's Turn Freeze-Dried Fruit Crisps; Strawberry, 12 Bags (0.53oz Each) | Healthy, Gluten-Free, Crispy & Delicious Snack Rich in Nutrients – Ideal for Cereal, School Lunches, & On-the-Go Snacks",,[],27.99,27.99,0,4.4,1171,,false,amazon.com,serp,true,1000,,B09ZJC1V5G,https://www.amazon.com/Natures-Turn-Freeze-Dried-Fruit/dp/B09ZJC1V5G/ref=sr_1_12?crid=1E2QJW9TUIM1M&dib=eyJ2IjoiMSJ9.aVsEj8jS-YsdYnz5VNvKepejbhHtJh87pEynSm_so9uel65m5hA1Y_kxruVqa0b5qBGBgUyzfctbLt003Wrjw4Iv9ABS1l1Hjl4uvtPEdeweJLx0oylQPRsy3q3fmc45CPp6WZIeoi9tvrbAE9oyvFeU3aVk3GQs2foR_jxHXepr7IQlD4yQ1ao4vXqTkI4B4DqFKekOYsHOcmhL5UplRRrdbdbyGuEcPQD5ftN_OgM.YOfn4L-Z6hRSwvPPVVU_oVs_cPvvccqJ13tMDSD-7aI&dib_tag=se&keywords=strawberries&qid=1786103878&s=samedaystore&sprefix=mil%2Csamedaystore%2C348&sr=1-12,https://m.media-amazon.com/images/I/71cypX2QXoL._FMwebp__.jpg,false,,,,{},0,,,,"Join Prime to get FREE delivery Overnight 4 AM - 8 AMOr Non-members get FREE delivery Wed, Aug 12 on $35 of items shipped by Amazon","{""delivery"":""Join Prime to get FREE delivery Overnight 4 AM - 8 AMOr Non-members get FREE delivery Wed, Aug 12 on $35 of items shipped by Amazon""}",1786103888579
578346,20,01020,1,13,,amazon.com,,"https://www.amazon.com/s?k=strawberries&i=samedaystore&crid=1E2QJW9TUIM1M&sprefix=mil,samedaystore,348&ref=nb_sb_noss_2",Featured,B0C9PLML31,"Micro Ingredients Organic Strawberries Sliced, 6.4oz | 100% Natural Fruit | Freeze Dried Strawberry Source | No Sugar & Additives | Healthy Snack & Topping for Beverages or Recipes | Non-GMO, Vegan",,[],29.99,29.99,0,4.6,527,,false,amazon.com,serp,true,1000,,B0C9PLML31,https://www.amazon.com/Organic-Strawberries-Chocolate-Shortcake-Smoothies/dp/B0C9PLML31/ref=sr_1_13?crid=1E2QJW9TUIM1M&dib=eyJ2IjoiMSJ9.aVsEj8jS-YsdYnz5VNvKepejbhHtJh87pEynSm_so9uel65m5hA1Y_kxruVqa0b5qBGBgUyzfctbLt003Wrjw4Iv9ABS1l1Hjl4uvtPEdeweJLx0oylQPRsy3q3fmc45CPp6WZIeoi9tvrbAE9oyvFeU3aVk3GQs2foR_jxHXepr7IQlD4yQ1ao4vXqTkI4B4DqFKekOYsHOcmhL5UplRRrdbdbyGuEcPQD5ftN_OgM.YOfn4L-Z6hRSwvPPVVU_oVs_cPvvccqJ13tMDSD-7aI&dib_tag=se&keywords=strawberries&qid=1786103878&rdc=1&s=samedaystore&sprefix=mil%2Csamedaystore%2C348&sr=1-13,https://m.media-amazon.com/images/I/71U6BYTvHdL._FMwebp__.jpg,false,,,,{},0,,,,"Join Prime to get FREE delivery Overnight 4 AM - 8 AMOr Non-members get FREE delivery Wed, Aug 12 on $35 of items shipped by Amazon","{""delivery"":""Join Prime to get FREE delivery Overnight 4 AM - 8 AMOr Non-members get FREE delivery Wed, Aug 12 on $35 of items shipped by Amazon""}",1786103888579
578347,20,01020,1,14,,amazon.com,,"https://www.amazon.com/s?k=strawberries&i=samedaystore&crid=1E2QJW9TUIM1M&sprefix=mil,samedaystore,348&ref=nb_sb_noss_2",Featured,B092JKL38K,"Nature's Turn Freeze-Dried Fruit Crisps; Strawberry, 6 Bags (0.53oz Each) | Healthy, Gluten-Free, Crispy & Delicious Snack Rich in Nutrients – Ideal for Cereal, School Lunches, & On-the-Go Snacks",,[],14.99,14.99,0,4.4,1171,,false,amazon.com,serp,true,800,,B092JKL38K,https://www.amazon.com/Natures-Turn-Freeze-Dried-Fruit/dp/B092JKL38K/ref=sr_1_14?crid=1E2QJW9TUIM1M&dib=eyJ2IjoiMSJ9.aVsEj8jS-YsdYnz5VNvKepejbhHtJh87pEynSm_so9uel65m5hA1Y_kxruVqa0b5qBGBgUyzfctbLt003Wrjw4Iv9ABS1l1Hjl4uvtPEdeweJLx0oylQPRsy3q3fmc45CPp6WZIeoi9tvrbAE9oyvFeU3aVk3GQs2foR_jxHXepr7IQlD4yQ1ao4vXqTkI4B4DqFKekOYsHOcmhL5UplRRrdbdbyGuEcPQD5ftN_OgM.YOfn4L-Z6hRSwvPPVVU_oVs_cPvvccqJ13tMDSD-7aI&dib_tag=se&keywords=strawberries&qid=1786103878&s=samedaystore&sprefix=mil%2Csamedaystore%2C348&sr=1-14,https://m.media-amazon.com/images/I/71M9XaECBXL._FMwebp__.jpg,false,,,,{},0,,,,"Join Prime to get FREE delivery Overnight 4 AM - 8 AM on eligible ordersOr Non-members get FREE delivery Wed, Aug 12 on $35 of items shipped by Amazon","{""delivery"":""Join Prime to get FREE delivery Overnight 4 AM - 8 AM on eligible ordersOr Non-members get FREE delivery Wed, Aug 12 on $35 of items shipped by Amazon""}",1786103888579
578348,20,01020,1,15,,amazon.com,,"https://www.amazon.com/s?k=strawberries&i=samedaystore&crid=1E2QJW9TUIM1M&sprefix=mil,samedaystore,348&ref=nb_sb_noss_2",Featured,B0B7KCJY32,"Crispy Green Freeze-Dried Strawberry Fruit Snacks, 0.42 Oz (Pack of 12) | 100% Pure Fruit, All-Natural, No Added Sugar, No Preservatives, Single-Serve Bags for Healthy Snacks & School Lunches",,[],29.99,29.99,0,4.4,1253,,false,amazon.com,serp,true,1000,,B0B7KCJY32,https://www.amazon.com/Crispy-Green-Freeze-Dried-Single-Serve-Strawberry/dp/B0B7KCJY32/ref=sr_1_15?crid=1E2QJW9TUIM1M&dib=eyJ2IjoiMSJ9.aVsEj8jS-YsdYnz5VNvKepejbhHtJh87pEynSm_so9uel65m5hA1Y_kxruVqa0b5qBGBgUyzfctbLt003Wrjw4Iv9ABS1l1Hjl4uvtPEdeweJLx0oylQPRsy3q3fmc45CPp6WZIeoi9tvrbAE9oyvFeU3aVk3GQs2foR_jxHXepr7IQlD4yQ1ao4vXqTkI4B4DqFKekOYsHOcmhL5UplRRrdbdbyGuEcPQD5ftN_OgM.YOfn4L-Z6hRSwvPPVVU_oVs_cPvvccqJ13tMDSD-7aI&dib_tag=se&keywords=strawberries&qid=1786103878&rdc=1&s=samedaystore&sprefix=mil%2Csamedaystore%2C348&sr=1-15,https://m.media-amazon.com/images/I/611+X6LFytL._FMwebp__.jpg,false,,,,{},0,,,,"Join Prime to get FREE delivery Overnight 4 AM - 8 AMOr Non-members get FREE delivery Wed, Aug 12 on $35 of items shipped by Amazon","{""delivery"":""Join Prime to get FREE delivery Overnight 4 AM - 8 AMOr Non-members get FREE delivery Wed, Aug 12 on $35 of items shipped by Amazon""}",1786103888579
578349,20,01020,1,16,,amazon.com,,"https://www.amazon.com/s?k=strawberries&i=samedaystore&crid=1E2QJW9TUIM1M&sprefix=mil,samedaystore,348&ref=nb_sb_noss_2",Featured,B09Q3GGQ7Q,"Oh! Nuts Dried Strawberries - 1 LB - Sweetened Dried Fruit - Dehydrated Fruit Bites - Packed in New York Zip-Seal Bag for Exceptional Freshness | Dried strawberries sweetened - Dehydrated strawberries, dried strawberry slices, 1lb bulk pack",,[],18,18,0,4.2,489,,false,amazon.com,serp,true,50,,B09Q3GGQ7Q,https://www.amazon.com/Oh-Nuts-Strawberries-Confectionery-Antioxidants/dp/B09Q3GGQ7Q/ref=sr_1_16?crid=1E2QJW9TUIM1M&dib=eyJ2IjoiMSJ9.aVsEj8jS-YsdYnz5VNvKepejbhHtJh87pEynSm_so9uel65m5hA1Y_kxruVqa0b5qBGBgUyzfctbLt003Wrjw4Iv9ABS1l1Hjl4uvtPEdeweJLx0oylQPRsy3q3fmc45CPp6WZIeoi9tvrbAE9oyvFeU3aVk3GQs2foR_jxHXepr7IQlD4yQ1ao4vXqTkI4B4DqFKekOYsHOcmhL5UplRRrdbdbyGuEcPQD5ftN_OgM.YOfn4L-Z6hRSwvPPVVU_oVs_cPvvccqJ13tMDSD-7aI&dib_tag=se&keywords=strawberries&qid=1786103878&s=samedaystore&sprefix=mil%2Csamedaystore%2C348&sr=1-16,https://m.media-amazon.com/images/I/814ZaZY+oFL._FMwebp__.jpg,false,,,,{},0,,,,"Join Prime to get FREE delivery Overnight 4 AM - 8 AM on eligible ordersOr Non-members get FREE delivery Wed, Aug 12 on $35 of items shipped by Amazon","{""delivery"":""Join Prime to get FREE delivery Overnight 4 AM - 8 AM on eligible ordersOr Non-members get FREE delivery Wed, Aug 12 on $35 of items shipped by Amazon""}",1786103888579
578318,20,01035,1,1,,amazon.com,,"https://www.amazon.com/s?k=strawberries&i=samedaystore&crid=1E2QJW9TUIM1M&sprefix=mil,samedaystore,348&ref=nb_sb_noss_2",Featured,B08911ZP3Y,"Strawberries, 2 Lb",,[],5.32,6.99,5.32,4.5,9027,,false,amazon.com,serp,true,50000,,B08911ZP3Y,https://www.amazon.com/Produce-ambient-room-temperature-Strawberries/dp/B08911ZP3Y/ref=sr_1_1?crid=1E2QJW9TUIM1M&dib=eyJ2IjoiMSJ9.CjKsfBGU2KwlluIc2s9bqi4bz6DKy6HJv0wcXSpIoYtaWi6grt3ClXSovWZp5xx5UrEB-byil-NIhxm88WJ64SC8lYjy4A8N8YGi9DCVceHCptDiAZmbirrayQaPUvztciyQhS5qxTbwdcnR2pHBNwd5crgatCQbmNjRN-MOhxM8L8_Q9jG6h_AYtpOD-7FWnVOrokZd5RduRADxRlKjDRf3svNZIKtDnp7lONhuISk.xxEr4LT2wND1DbFsL1oOhoGEVrWpZ2G46a2jGy2h0Lo&dib_tag=se&keywords=strawberries&qid=1786103879&s=samedaystore&sprefix=mil%2Csamedaystore%2C348&sr=1-1,https://m.media-amazon.com/images/I/61ckHNwTXOL._FMwebp__.jpg,false,,,,{},0,,,,,{},1786103886675
578319,20,01035,1,2,,amazon.com,,"https://www.amazon.com/s?k=strawberries&i=samedaystore&crid=1E2QJW9TUIM1M&sprefix=mil,samedaystore,348&ref=nb_sb_noss_2",Featured,B074H6G852,"365 by Whole Foods Market, Organic Whole Strawberries, 32 oz, (Frozen)",,[],9.99,9.99,0,4.7,11342,,false,amazon.com,serp,true,20000,,B074H6G852,https://www.amazon.com/365-Everyday-Value-Organic-Strawberries/dp/B074H6G852/ref=sr_1_2?crid=1E2QJW9TUIM1M&dib=eyJ2IjoiMSJ9.CjKsfBGU2KwlluIc2s9bqi4bz6DKy6HJv0wcXSpIoYtaWi6grt3ClXSovWZp5xx5UrEB-byil-NIhxm88WJ64SC8lYjy4A8N8YGi9DCVceHCptDiAZmbirrayQaPUvztciyQhS5qxTbwdcnR2pHBNwd5crgatCQbmNjRN-MOhxM8L8_Q9jG6h_AYtpOD-7FWnVOrokZd5RduRADxRlKjDRf3svNZIKtDnp7lONhuISk.xxEr4LT2wND1DbFsL1oOhoGEVrWpZ2G46a2jGy2h0Lo&dib_tag=se&keywords=strawberries&qid=1786103879&s=samedaystore&sprefix=mil%2Csamedaystore%2C348&sr=1-2,https://m.media-amazon.com/images/I/61RcS1saF-L._FMwebp__.jpg,false,,,,{},0,,,,,{},1786103886675
578320,20,01035,1,3,,amazon.com,,"https://www.amazon.com/s?k=strawberries&i=samedaystore&crid=1E2QJW9TUIM1M&sprefix=mil,samedaystore,348&ref=nb_sb_noss_2",Featured,B074J5L82K,"365 by Whole Foods Market, Whole Strawberries, 16 fl oz",,[],3.49,3.49,0,4.7,6569,,false,amazon.com,serp,true,5000,,B074J5L82K,https://www.amazon.com/365-Everyday-Value-Strawberries-Frozen/dp/B074J5L82K/ref=sr_1_3?crid=1E2QJW9TUIM1M&dib=eyJ2IjoiMSJ9.CjKsfBGU2KwlluIc2s9bqi4bz6DKy6HJv0wcXSpIoYtaWi6grt3ClXSovWZp5xx5UrEB-byil-NIhxm88WJ64SC8lYjy4A8N8YGi9DCVceHCptDiAZmbirrayQaPUvztciyQhS5qxTbwdcnR2pHBNwd5crgatCQbmNjRN-MOhxM8L8_Q9jG6h_AYtpOD-7FWnVOrokZd5RduRADxRlKjDRf3svNZIKtDnp7lONhuISk.xxEr4LT2wND1DbFsL1oOhoGEVrWpZ2G46a2jGy2h0Lo&dib_tag=se&keywords=strawberries&qid=1786103879&s=samedaystore&sprefix=mil%2Csamedaystore%2C348&sr=1-3,https://m.media-amazon.com/images/I/61eQRAR-LAL._FMwebp__.jpg,false,,,,{},0,,,,,{},1786103886675
578321,20,01035,1,4,,amazon.com,,"https://www.amazon.com/s?k=strawberries&i=samedaystore&crid=1E2QJW9TUIM1M&sprefix=mil,samedaystore,348&ref=nb_sb_noss_2",Featured,B0DPBHLBBP,"Pitaya Foods® Regenerative Organic Strawberries Whole Berries, Pre-Packaged Frozen Fruit, No Added Sugar or Preservatives, Good Source of Fiber, High in Vitamin C & Antioxidants, 100% Fruit, Non-GMO (12 oz Per Bag)",,[],6.49,6.49,0,4.6,94,,false,amazon.com,serp,true,4000,,B0DPBHLBBP,https://www.amazon.com/Pitaya-Regenerative-Strawberries-Pre-Packaged-Preservatives/dp/B0DPBHLBBP/ref=sr_1_4?crid=1E2QJW9TUIM1M&dib=eyJ2IjoiMSJ9.CjKsfBGU2KwlluIc2s9bqi4bz6DKy6HJv0wcXSpIoYtaWi6grt3ClXSovWZp5xx5UrEB-byil-NIhxm88WJ64SC8lYjy4A8N8YGi9DCVceHCptDiAZmbirrayQaPUvztciyQhS5qxTbwdcnR2pHBNwd5crgatCQbmNjRN-MOhxM8L8_Q9jG6h_AYtpOD-7FWnVOrokZd5RduRADxRlKjDRf3svNZIKtDnp7lONhuISk.xxEr4LT2wND1DbFsL1oOhoGEVrWpZ2G46a2jGy2h0Lo&dib_tag=se&keywords=strawberries&qid=1786103879&s=samedaystore&sprefix=mil%2Csamedaystore%2C348&sr=1-4,https://m.media-amazon.com/images/I/71QX6sT1SsL._FMwebp__.jpg,false,,,,{},0,,,,,{},1786103886675
578322,20,01035,1,5,,amazon.com,,"https://www.amazon.com/s?k=strawberries&i=samedaystore&crid=1E2QJW9TUIM1M&sprefix=mil,samedaystore,348&ref=nb_sb_noss_2",Featured,B07W4S21T6,"Seal The Season, Strawberries Florida, 32 Ounce",,[],12.99,12.99,0,4.3,40,,false,amazon.com,serp,true,,,B07W4S21T6,https://www.amazon.com/Seal-Season-Strawberries-Florida-Ounce/dp/B07W4S21T6/ref=sr_1_5?crid=1E2QJW9TUIM1M&dib=eyJ2IjoiMSJ9.CjKsfBGU2KwlluIc2s9bqi4bz6DKy6HJv0wcXSpIoYtaWi6grt3ClXSovWZp5xx5UrEB-byil-NIhxm88WJ64SC8lYjy4A8N8YGi9DCVceHCptDiAZmbirrayQaPUvztciyQhS5qxTbwdcnR2pHBNwd5crgatCQbmNjRN-MOhxM8L8_Q9jG6h_AYtpOD-7FWnVOrokZd5RduRADxRlKjDRf3svNZIKtDnp7lONhuISk.xxEr4LT2wND1DbFsL1oOhoGEVrWpZ2G46a2jGy2h0Lo&dib_tag=se&keywords=strawberries&qid=1786103879&s=samedaystore&sprefix=mil%2Csamedaystore%2C348&sr=1-5,https://m.media-amazon.com/images/I/81usEFZQz0L._FMwebp__.jpg,false,,,,{},0,,,,,{},1786103886675
578323,20,01035,1,6,,amazon.com,,"https://www.amazon.com/s?k=strawberries&i=samedaystore&crid=1E2QJW9TUIM1M&sprefix=mil,samedaystore,348&ref=nb_sb_noss_2",Featured,B003AYKYIG,"Blueberries, 1 Pint",,"[""Best Seller""]",2.99,2.99,0,4.7,60832,,false,amazon.com,serp,true,100000,,B003AYKYIG,https://www.amazon.com/Fresh-Produce-Brands-Vary-100174/dp/B003AYKYIG/ref=sr_1_6?crid=1E2QJW9TUIM1M&dib=eyJ2IjoiMSJ9.CjKsfBGU2KwlluIc2s9bqi4bz6DKy6HJv0wcXSpIoYtaWi6grt3ClXSovWZp5xx5UrEB-byil-NIhxm88WJ64SC8lYjy4A8N8YGi9DCVceHCptDiAZmbirrayQaPUvztciyQhS5qxTbwdcnR2pHBNwd5crgatCQbmNjRN-MOhxM8L8_Q9jG6h_AYtpOD-7FWnVOrokZd5RduRADxRlKjDRf3svNZIKtDnp7lONhuISk.xxEr4LT2wND1DbFsL1oOhoGEVrWpZ2G46a2jGy2h0Lo&dib_tag=se&keywords=strawberries&qid=1786103879&s=samedaystore&sprefix=mil%2Csamedaystore%2C348&sr=1-6,https://m.media-amazon.com/images/I/712qtHpm6aL._FMwebp__.jpg,false,,,,{},0,,,,,{},1786103886675
578324,20,01035,1,7,,amazon.com,,"https://www.amazon.com/s?k=strawberries&i=samedaystore&crid=1E2QJW9TUIM1M&sprefix=mil,samedaystore,348&ref=nb_sb_noss_2",Featured,B077N7TR5G,Organic Blueberries Pint,,[],4.83,4.83,0,4.7,27829,,false,amazon.com,serp,true,100000,,B077N7TR5G,https://www.amazon.com/produce-aisle-112042-Organic-Blueberries/dp/B077N7TR5G/ref=sr_1_7?crid=1E2QJW9TUIM1M&dib=eyJ2IjoiMSJ9.CjKsfBGU2KwlluIc2s9bqi4bz6DKy6HJv0wcXSpIoYtaWi6grt3ClXSovWZp5xx5UrEB-byil-NIhxm88WJ64SC8lYjy4A8N8YGi9DCVceHCptDiAZmbirrayQaPUvztciyQhS5qxTbwdcnR2pHBNwd5crgatCQbmNjRN-MOhxM8L8_Q9jG6h_AYtpOD-7FWnVOrokZd5RduRADxRlKjDRf3svNZIKtDnp7lONhuISk.xxEr4LT2wND1DbFsL1oOhoGEVrWpZ2G46a2jGy2h0Lo&dib_tag=se&keywords=strawberries&qid=1786103879&s=samedaystore&sprefix=mil%2Csamedaystore%2C348&sr=1-7,https://m.media-amazon.com/images/I/61RTWtYAGRL._FMwebp__.jpg,false,,,,{},0,,,,,{},1786103886675
578325,20,01035,1,8,,amazon.com,,"https://www.amazon.com/s?k=strawberries&i=samedaystore&crid=1E2QJW9TUIM1M&sprefix=mil,samedaystore,348&ref=nb_sb_noss_2",Featured,B000P6G12U,"Red Raspberries, 6 oz",,[],1.69,1.69,0,4.6,37207,,false,amazon.com,serp,true,100000,,B000P6G12U,https://www.amazon.com/Fresh-Produce-Brands-May-Vary/dp/B000P6G12U/ref=sr_1_8?crid=1E2QJW9TUIM1M&dib=eyJ2IjoiMSJ9.CjKsfBGU2KwlluIc2s9bqi4bz6DKy6HJv0wcXSpIoYtaWi6grt3ClXSovWZp5xx5UrEB-byil-NIhxm88WJ64SC8lYjy4A8N8YGi9DCVceHCptDiAZmbirrayQaPUvztciyQhS5qxTbwdcnR2pHBNwd5crgatCQbmNjRN-MOhxM8L8_Q9jG6h_AYtpOD-7FWnVOrokZd5RduRADxRlKjDRf3svNZIKtDnp7lONhuISk.xxEr4LT2wND1DbFsL1oOhoGEVrWpZ2G46a2jGy2h0Lo&dib_tag=se&keywords=strawberries&qid=1786103879&s=samedaystore&sprefix=mil%2Csamedaystore%2C348&sr=1-8,https://m.media-amazon.com/images/I/61lsVNuBxkL._FMwebp__.jpg,false,,,,{},0,,,,,{},1786103886675
578326,20,01035,1,9,,amazon.com,,"https://www.amazon.com/s?k=strawberries&i=samedaystore&crid=1E2QJW9TUIM1M&sprefix=mil,samedaystore,348&ref=nb_sb_noss_2",Featured,B00E3JM7UU,"Organic Blackberries, 6 oz",,[],3.86,3.86,0,4.7,17801,,false,amazon.com,serp,true,100000,,B00E3JM7UU,https://www.amazon.com/produce-aisle-040-01021-Organic-Blackberries/dp/B00E3JM7UU/ref=sr_1_9?crid=1E2QJW9TUIM1M&dib=eyJ2IjoiMSJ9.CjKsfBGU2KwlluIc2s9bqi4bz6DKy6HJv0wcXSpIoYtaWi6grt3ClXSovWZp5xx5UrEB-byil-NIhxm88WJ64SC8lYjy4A8N8YGi9DCVceHCptDiAZmbirrayQaPUvztciyQhS5qxTbwdcnR2pHBNwd5crgatCQbmNjRN-MOhxM8L8_Q9jG6h_AYtpOD-7FWnVOrokZd5RduRADxRlKjDRf3svNZIKtDnp7lONhuISk.xxEr4LT2wND1DbFsL1oOhoGEVrWpZ2G46a2jGy2h0Lo&dib_tag=se&keywords=strawberries&qid=1786103879&s=samedaystore&sprefix=mil%2Csamedaystore%2C348&sr=1-9,https://m.media-amazon.com/images/I/7125y7kPhfL._FMwebp__.jpg,false,,,,{},0,,,,,{},1786103886675
578327,20,01035,1,10,,amazon.com,,"https://www.amazon.com/s?k=strawberries&i=samedaystore&crid=1E2QJW9TUIM1M&sprefix=mil,samedaystore,348&ref=nb_sb_noss_2",Featured,B07GLPFPS4,"Organic Blackberries, 12 Ounce",,[],8.29,8.29,0,4.7,2516,,false,amazon.com,serp,true,10000,,B07GLPFPS4,https://www.amazon.com/Fresh-Produce-Brands-May-Vary/dp/B07GLPFPS4/ref=sr_1_10?crid=1E2QJW9TUIM1M&dib=eyJ2IjoiMSJ9.CjKsfBGU2KwlluIc2s9bqi4bz6DKy6HJv0wcXSpIoYtaWi6grt3ClXSovWZp5xx5UrEB-byil-NIhxm88WJ64SC8lYjy4A8N8YGi9DCVceHCptDiAZmbirrayQaPUvztciyQhS5qxTbwdcnR2pHBNwd5crgatCQbmNjRN-MOhxM8L8_Q9jG6h_AYtpOD-7FWnVOrokZd5RduRADxRlKjDRf3svNZIKtDnp7lONhuISk.xxEr4LT2wND1DbFsL1oOhoGEVrWpZ2G46a2jGy2h0Lo&dib_tag=se&keywords=strawberries&qid=1786103879&s=samedaystore&sprefix=mil%2Csamedaystore%2C348&sr=1-10,https://m.media-amazon.com/images/I/71OAt20-ZRL._FMwebp__.jpg,false,,,,{},0,,,,,{},1786103886675
578328,20,01035,1,11,,amazon.com,,"https://www.amazon.com/s?k=strawberries&i=samedaystore&crid=1E2QJW9TUIM1M&sprefix=mil,samedaystore,348&ref=nb_sb_noss_2",Featured,B07B63T74N,"365 by Whole Foods Market, Organic Berry Blend, 32 Ounce",,[],9.99,9.99,0,4.7,10917,,false,amazon.com,serp,true,30000,,B07B63T74N,https://www.amazon.com/365-EVERYDAY-VALUE-Organic-Berry/dp/B07B63T74N/ref=sr_1_11?crid=1E2QJW9TUIM1M&dib=eyJ2IjoiMSJ9.CjKsfBGU2KwlluIc2s9bqi4bz6DKy6HJv0wcXSpIoYtaWi6grt3ClXSovWZp5xx5UrEB-byil-NIhxm88WJ64SC8lYjy4A8N8YGi9DCVceHCptDiAZmbirrayQaPUvztciyQhS5qxTbwdcnR2pHBNwd5crgatCQbmNjRN-MOhxM8L8_Q9jG6h_AYtpOD-7FWnVOrokZd5RduRADxRlKjDRf3svNZIKtDnp7lONhuISk.xxEr4LT2wND1DbFsL1oOhoGEVrWpZ2G46a2jGy2h0Lo&dib_tag=se&keywords=strawberries&qid=1786103879&s=samedaystore&sprefix=mil%2Csamedaystore%2C348&sr=1-11,https://m.media-amazon.com/images/I/61SMKKgAwqL._FMwebp__.jpg,false,,,,{},0,,,,,{},1786103886675
578329,20,01035,1,12,,amazon.com,,"https://www.amazon.com/s?k=strawberries&i=samedaystore&crid=1E2QJW9TUIM1M&sprefix=mil,samedaystore,348&ref=nb_sb_noss_2",Featured,B07YFDQXQ9,Driscoll's Sweetest Batch Blueberries - 11 Oz,,[],6.99,6.99,0,4.8,4063,,false,amazon.com,serp,true,20000,,B07YFDQXQ9,https://www.amazon.com/Driscolls-Sweetest-Batch-Blueberries-11/dp/B07YFDQXQ9/ref=sr_1_12?crid=1E2QJW9TUIM1M&dib=eyJ2IjoiMSJ9.CjKsfBGU2KwlluIc2s9bqi4bz6DKy6HJv0wcXSpIoYtaWi6grt3ClXSovWZp5xx5UrEB-byil-NIhxm88WJ64SC8lYjy4A8N8YGi9DCVceHCptDiAZmbirrayQaPUvztciyQhS5qxTbwdcnR2pHBNwd5crgatCQbmNjRN-MOhxM8L8_Q9jG6h_AYtpOD-7FWnVOrokZd5RduRADxRlKjDRf3svNZIKtDnp7lONhuISk.xxEr4LT2wND1DbFsL1oOhoGEVrWpZ2G46a2jGy2h0Lo&dib_tag=se&keywords=strawberries&qid=1786103879&s=samedaystore&sprefix=mil%2Csamedaystore%2C348&sr=1-12,https://m.media-amazon.com/images/I/51tNkhEar7L._FMwebp__.jpg,false,,,,{},0,,,,,{},1786103886675
578330,20,01035,1,13,,amazon.com,,"https://www.amazon.com/s?k=strawberries&i=samedaystore&crid=1E2QJW9TUIM1M&sprefix=mil,samedaystore,348&ref=nb_sb_noss_2",Featured,B01HTNAVGI,"Annie's Organic Fruit Tape, Strawberry & Berry Variety Pack (Pack of 12) | Fruit-Flavored Snacks (6 of Each Flavor), Great for Lunchboxes, Gluten-Free, No High Fructose Corn Syrup, 9 oz",,"[""Best Seller""]",7.49,7.49,0,4.7,7053,,false,amazon.com,serp,true,20000,,B01HTNAVGI,https://www.amazon.com/Annies-Strawberry-Organic-Really-Variety/dp/B01HTNAVGI/ref=sr_1_13?crid=1E2QJW9TUIM1M&dib=eyJ2IjoiMSJ9.CjKsfBGU2KwlluIc2s9bqi4bz6DKy6HJv0wcXSpIoYtaWi6grt3ClXSovWZp5xx5UrEB-byil-NIhxm88WJ64SC8lYjy4A8N8YGi9DCVceHCptDiAZmbirrayQaPUvztciyQhS5qxTbwdcnR2pHBNwd5crgatCQbmNjRN-MOhxM8L8_Q9jG6h_AYtpOD-7FWnVOrokZd5RduRADxRlKjDRf3svNZIKtDnp7lONhuISk.xxEr4LT2wND1DbFsL1oOhoGEVrWpZ2G46a2jGy2h0Lo&dib_tag=se&keywords=strawberries&qid=1786103879&s=samedaystore&sprefix=mil%2Csamedaystore%2C348&sr=1-13,https://m.media-amazon.com/images/I/71kE72k7seL._FMwebp__.jpg,false,,,,{},0,,,,"Join Prime to get FREE delivery Tomorrow, Aug 8Or Non-members get FREE delivery Wed, Aug 12 on $35 of items shipped by Amazon","{""delivery"":""Join Prime to get FREE delivery Tomorrow, Aug 8Or Non-members get FREE delivery Wed, Aug 12 on $35 of items shipped by Amazon""}",1786103886675
578331,20,01035,1,14,,amazon.com,,"https://www.amazon.com/s?k=strawberries&i=samedaystore&crid=1E2QJW9TUIM1M&sprefix=mil,samedaystore,348&ref=nb_sb_noss_2",Featured,B08TYCZ9K8,"Sunny Fruit Organic Soft-Dried Whole Strawberries (18 Ounce Bulk Bag) | Healthy & Convenient Snack Packs, Great for Baking, Snacking, Smoothies, Charcuterie, Non-GMO, Gluten-Free, Nut-Free, Kosher",,[],18,19.49,18,3.3,872,,false,amazon.com,serp,true,100,,B08TYCZ9K8,https://www.amazon.com/Dried-Strawberries-Healthy-NON-GMO-GLUTEN-FREE/dp/B08TYCZ9K8/ref=sr_1_14?crid=1E2QJW9TUIM1M&dib=eyJ2IjoiMSJ9.CjKsfBGU2KwlluIc2s9bqi4bz6DKy6HJv0wcXSpIoYtaWi6grt3ClXSovWZp5xx5UrEB-byil-NIhxm88WJ64SC8lYjy4A8N8YGi9DCVceHCptDiAZmbirrayQaPUvztciyQhS5qxTbwdcnR2pHBNwd5crgatCQbmNjRN-MOhxM8L8_Q9jG6h_AYtpOD-7FWnVOrokZd5RduRADxRlKjDRf3svNZIKtDnp7lONhuISk.xxEr4LT2wND1DbFsL1oOhoGEVrWpZ2G46a2jGy2h0Lo&dib_tag=se&keywords=strawberries&qid=1786103879&s=samedaystore&sprefix=mil%2Csamedaystore%2C348&sr=1-14,https://m.media-amazon.com/images/I/71JGwd0lBxL._FMwebp__.jpg,false,,,,{},0,,,,"FREE delivery Thu, Aug 13","{""delivery"":""FREE delivery Thu, Aug 13""}",1786103886675
578332,20,01035,1,15,,amazon.com,,"https://www.amazon.com/s?k=strawberries&i=samedaystore&crid=1E2QJW9TUIM1M&sprefix=mil,samedaystore,348&ref=nb_sb_noss_2",Featured,B0C9PLML31,"Micro Ingredients Organic Strawberries Sliced, 6.4oz | 100% Natural Fruit | Freeze Dried Strawberry Source | No Sugar & Additives | Healthy Snack & Topping for Beverages or Recipes | Non-GMO, Vegan",,[],29.99,29.99,0,4.6,527,,false,amazon.com,serp,true,1000,,B0C9PLML31,https://www.amazon.com/Organic-Strawberries-Chocolate-Shortcake-Smoothies/dp/B0C9PLML31/ref=sr_1_15?crid=1E2QJW9TUIM1M&dib=eyJ2IjoiMSJ9.CjKsfBGU2KwlluIc2s9bqi4bz6DKy6HJv0wcXSpIoYtaWi6grt3ClXSovWZp5xx5UrEB-byil-NIhxm88WJ64SC8lYjy4A8N8YGi9DCVceHCptDiAZmbirrayQaPUvztciyQhS5qxTbwdcnR2pHBNwd5crgatCQbmNjRN-MOhxM8L8_Q9jG6h_AYtpOD-7FWnVOrokZd5RduRADxRlKjDRf3svNZIKtDnp7lONhuISk.xxEr4LT2wND1DbFsL1oOhoGEVrWpZ2G46a2jGy2h0Lo&dib_tag=se&keywords=strawberries&qid=1786103879&rdc=1&s=samedaystore&sprefix=mil%2Csamedaystore%2C348&sr=1-15,https://m.media-amazon.com/images/I/71U6BYTvHdL._FMwebp__.jpg,false,,,,{},0,,,,"Join Prime to get FREE delivery Tomorrow, Aug 8Or Non-members get FREE delivery Wed, Aug 12 on $35 of items shipped by Amazon","{""delivery"":""Join Prime to get FREE delivery Tomorrow, Aug 8Or Non-members get FREE delivery Wed, Aug 12 on $35 of items shipped by Amazon""}",1786103886675
578333,20,01035,1,16,,amazon.com,,"https://www.amazon.com/s?k=strawberries&i=samedaystore&crid=1E2QJW9TUIM1M&sprefix=mil,samedaystore,348&ref=nb_sb_noss_2",Featured,B010QW812A,"Anna and Sarah Dried Strawberries in Resealable Bag, 1 Lb",,[],17.99,17.99,0,3.5,1210,,false,amazon.com,serp,true,50,,B010QW812A,https://www.amazon.com/Anna-Sarah-Dried-Strawberries-Resealable/dp/B010QW812A/ref=sr_1_16?crid=1E2QJW9TUIM1M&dib=eyJ2IjoiMSJ9.CjKsfBGU2KwlluIc2s9bqi4bz6DKy6HJv0wcXSpIoYtaWi6grt3ClXSovWZp5xx5UrEB-byil-NIhxm88WJ64SC8lYjy4A8N8YGi9DCVceHCptDiAZmbirrayQaPUvztciyQhS5qxTbwdcnR2pHBNwd5crgatCQbmNjRN-MOhxM8L8_Q9jG6h_AYtpOD-7FWnVOrokZd5RduRADxRlKjDRf3svNZIKtDnp7lONhuISk.xxEr4LT2wND1DbFsL1oOhoGEVrWpZ2G46a2jGy2h0Lo&dib_tag=se&keywords=strawberries&qid=1786103879&s=samedaystore&sprefix=mil%2Csamedaystore%2C348&sr=1-16,https://m.media-amazon.com/images/I/91T7mzZn19L._FMwebp__.jpg,false,,,,{},0,,,,"Join Prime to get FREE delivery Tomorrow, Aug 8Or Non-members get FREE delivery Wed, Aug 12 on $35 of items shipped by Amazon","{""delivery"":""Join Prime to get FREE delivery Tomorrow, Aug 8Or Non-members get FREE delivery Wed, Aug 12 on $35 of items shipped by Amazon""}",1786103886675
578398,20,01060,1,1,,amazon.com,,"https://www.amazon.com/s?k=strawberries&i=samedaystore&crid=1E2QJW9TUIM1M&sprefix=mil,samedaystore,348&ref=nb_sb_noss_2",Featured,B0CG5T3BRH,"80 Pieces Artificial Strawberries, Lifelike Decorative Fake Strawberries, Red Realistic Fake Fruit Strawberries for Home Kitchen Festival Party Photography Christmas Decoration",,[],14.99,15.99,14.99,4.5,57,,false,amazon.com,serp,true,,,B0CG5T3BRH,https://www.amazon.com/ZEAYEA-Artificial-Strawberries-Decorative-Photography/dp/B0CG5T3BRH/ref=sr_1_1?crid=1E2QJW9TUIM1M&dib=eyJ2IjoiMSJ9.aVsEj8jS-YsdYnz5VNvKes9VCGM1XlPbLQJ6bSh__9osx8u3FkwwNrtvCjfNMPWQqqPE5CWYff1nzwramy6I2-NIDcT__OiiYzqiHd-XPcCLsKp_E8S1dzyaoz5ZD5Xh-aaW8brZEQjgGIWtc0VnkKj6LUdUClthoD7V86PY84wQJ2NA5J_wf85TeCKW0eKvd2BxZKbK7i2knQ3U8v6ngPMplIW6Z_aUdxDeYgr7T6Y.Ss5lp7UUjitI13ztg_-3x4YE2uq3pgX_ZJbxr0rwOfE&dib_tag=se&keywords=strawberries&qid=1786103879&s=samedaystore&sprefix=mil%2Csamedaystore%2C348&sr=1-1,https://m.media-amazon.com/images/I/81iK1b7gFlL._FMwebp__.jpg,false,,,,{},0,,,,"Join Prime to get FREE delivery Overnight 4 AM - 8 AM on eligible ordersOr Non-members get FREE delivery Wed, Aug 12 on $35 of items shipped by Amazon","{""delivery"":""Join Prime to get FREE delivery Overnight 4 AM - 8 AM on eligible ordersOr Non-members get FREE delivery Wed, Aug 12 on $35 of items shipped by Amazon""}",1786103891082
578399,20,01060,1,2,,amazon.com,,"https://www.amazon.com/s?k=strawberries&i=samedaystore&crid=1E2QJW9TUIM1M&sprefix=mil,samedaystore,348&ref=nb_sb_noss_2",Featured,B0FFT929QL,"40Pcs Fake Strawberries Artificial Plastic Faux Fruit for Home Market | for Kitchen, Display, Party Decoration, Photography Props",,[],9.49,9.99,9.49,4.2,8,,false,amazon.com,serp,true,,,B0FFT929QL,https://www.amazon.com/jiebor-Strawberries-Artificial-Decoration-Photography/dp/B0FFT929QL/ref=sr_1_2?crid=1E2QJW9TUIM1M&dib=eyJ2IjoiMSJ9.aVsEj8jS-YsdYnz5VNvKes9VCGM1XlPbLQJ6bSh__9osx8u3FkwwNrtvCjfNMPWQqqPE5CWYff1nzwramy6I2-NIDcT__OiiYzqiHd-XPcCLsKp_E8S1dzyaoz5ZD5Xh-aaW8brZEQjgGIWtc0VnkKj6LUdUClthoD7V86PY84wQJ2NA5J_wf85TeCKW0eKvd2BxZKbK7i2knQ3U8v6ngPMplIW6Z_aUdxDeYgr7T6Y.Ss5lp7UUjitI13ztg_-3x4YE2uq3pgX_ZJbxr0rwOfE&dib_tag=se&keywords=strawberries&qid=1786103879&s=samedaystore&sprefix=mil%2Csamedaystore%2C348&sr=1-2,https://m.media-amazon.com/images/I/91Dv-Mei7-L._FMwebp__.jpg,false,,,,{},0,,,,"Join Prime to get FREE delivery Overnight 4 AM - 8 AM on eligible ordersOr Non-members get FREE delivery Wed, Aug 12 on $35 of items shipped by Amazon","{""delivery"":""Join Prime to get FREE delivery Overnight 4 AM - 8 AM on eligible ordersOr Non-members get FREE delivery Wed, Aug 12 on $35 of items shipped by Amazon""}",1786103891082
578400,20,01060,1,3,,amazon.com,,"https://www.amazon.com/s?k=strawberries&i=samedaystore&crid=1E2QJW9TUIM1M&sprefix=mil,samedaystore,348&ref=nb_sb_noss_2",Featured,B0D2M31483,"Nature Valley Creamy Wafer Bars, Strawberry, Whole Grain, 5 ct, 6.5 oz | Crispy Whole Grain Wafers, Strawberry Filling, Granola Topping, 14g Whole Grain, No Artificial Flavors",,[],3.47,3.47,0,4.4,5128,,false,amazon.com,serp,true,20000,,B0D2M31483,https://www.amazon.com/Nature-Valley-Strawberry-Crispy-Creamy/dp/B0D2M31483/ref=sr_1_3?crid=1E2QJW9TUIM1M&dib=eyJ2IjoiMSJ9.aVsEj8jS-YsdYnz5VNvKes9VCGM1XlPbLQJ6bSh__9osx8u3FkwwNrtvCjfNMPWQqqPE5CWYff1nzwramy6I2-NIDcT__OiiYzqiHd-XPcCLsKp_E8S1dzyaoz5ZD5Xh-aaW8brZEQjgGIWtc0VnkKj6LUdUClthoD7V86PY84wQJ2NA5J_wf85TeCKW0eKvd2BxZKbK7i2knQ3U8v6ngPMplIW6Z_aUdxDeYgr7T6Y.Ss5lp7UUjitI13ztg_-3x4YE2uq3pgX_ZJbxr0rwOfE&dib_tag=se&keywords=strawberries&qid=1786103879&s=samedaystore&sprefix=mil%2Csamedaystore%2C348&sr=1-3,https://m.media-amazon.com/images/I/81KeZ5g2pWL._FMwebp__.jpg,false,,,,{},0,,,,"Join Prime to get FREE delivery Overnight 4 AM - 8 AM on eligible ordersOr Non-members get FREE delivery Wed, Aug 12 on $35 of items shipped by Amazon","{""delivery"":""Join Prime to get FREE delivery Overnight 4 AM - 8 AM on eligible ordersOr Non-members get FREE delivery Wed, Aug 12 on $35 of items shipped by Amazon""}",1786103891082
578401,20,01060,1,4,,amazon.com,,"https://www.amazon.com/s?k=strawberries&i=samedaystore&crid=1E2QJW9TUIM1M&sprefix=mil,samedaystore,348&ref=nb_sb_noss_2",Featured,B0DDC6STC6,"8.82oz Freeze Dried Strawberry Pieces, 100% Natural for Snacks & Baking | Premium Frozen Dried Strawberrys, No,Gluten, No Allergen, Sweet Fruit Flakes for Cooking, Baking and Flavorful Recipes",,[],14.99,14.99,0,4.2,551,,false,amazon.com,serp,true,2000,,B0DDC6STC6,https://www.amazon.com/Premium-Freeze-Dried-Strawberries-Pieces/dp/B0DDC6STC6/ref=sr_1_4?crid=1E2QJW9TUIM1M&dib=eyJ2IjoiMSJ9.aVsEj8jS-YsdYnz5VNvKes9VCGM1XlPbLQJ6bSh__9osx8u3FkwwNrtvCjfNMPWQqqPE5CWYff1nzwramy6I2-NIDcT__OiiYzqiHd-XPcCLsKp_E8S1dzyaoz5ZD5Xh-aaW8brZEQjgGIWtc0VnkKj6LUdUClthoD7V86PY84wQJ2NA5J_wf85TeCKW0eKvd2BxZKbK7i2knQ3U8v6ngPMplIW6Z_aUdxDeYgr7T6Y.Ss5lp7UUjitI13ztg_-3x4YE2uq3pgX_ZJbxr0rwOfE&dib_tag=se&keywords=strawberries&qid=1786103879&s=samedaystore&sprefix=mil%2Csamedaystore%2C348&sr=1-4,https://m.media-amazon.com/images/I/81xiHZ9luhL._FMwebp__.jpg,false,,,,{},0,,,,"Join Prime to get FREE delivery Overnight 4 AM - 8 AM on eligible ordersOr Non-members get FREE delivery Wed, Aug 12 on $35 of items shipped by Amazon","{""delivery"":""Join Prime to get FREE delivery Overnight 4 AM - 8 AM on eligible ordersOr Non-members get FREE delivery Wed, Aug 12 on $35 of items shipped by Amazon""}",1786103891082
578402,20,01060,1,5,,amazon.com,,"https://www.amazon.com/s?k=strawberries&i=samedaystore&crid=1E2QJW9TUIM1M&sprefix=mil,samedaystore,348&ref=nb_sb_noss_2",Featured,B01HTNAVGI,"Annie's Organic Fruit Tape, Strawberry & Berry Variety Pack (Pack of 12) | Fruit-Flavored Snacks (6 of Each Flavor), Great for Lunchboxes, Gluten-Free, No High Fructose Corn Syrup, 9 oz",,"[""Best Seller""]",7.49,7.49,0,4.7,7053,,false,amazon.com,serp,true,20000,,B01HTNAVGI,https://www.amazon.com/Annies-Strawberry-Organic-Really-Variety/dp/B01HTNAVGI/ref=sr_1_5?crid=1E2QJW9TUIM1M&dib=eyJ2IjoiMSJ9.aVsEj8jS-YsdYnz5VNvKes9VCGM1XlPbLQJ6bSh__9osx8u3FkwwNrtvCjfNMPWQqqPE5CWYff1nzwramy6I2-NIDcT__OiiYzqiHd-XPcCLsKp_E8S1dzyaoz5ZD5Xh-aaW8brZEQjgGIWtc0VnkKj6LUdUClthoD7V86PY84wQJ2NA5J_wf85TeCKW0eKvd2BxZKbK7i2knQ3U8v6ngPMplIW6Z_aUdxDeYgr7T6Y.Ss5lp7UUjitI13ztg_-3x4YE2uq3pgX_ZJbxr0rwOfE&dib_tag=se&keywords=strawberries&qid=1786103879&s=samedaystore&sprefix=mil%2Csamedaystore%2C348&sr=1-5,https://m.media-amazon.com/images/I/71kE72k7seL._FMwebp__.jpg,false,,,,{},0,,,,"Join Prime to get FREE delivery Overnight 4 AM - 8 AM on eligible ordersOr Non-members get FREE delivery Wed, Aug 12 on $35 of items shipped by Amazon","{""delivery"":""Join Prime to get FREE delivery Overnight 4 AM - 8 AM on eligible ordersOr Non-members get FREE delivery Wed, Aug 12 on $35 of items shipped by Amazon""}",1786103891082
578403,20,01060,1,6,,amazon.com,,"https://www.amazon.com/s?k=strawberries&i=samedaystore&crid=1E2QJW9TUIM1M&sprefix=mil,samedaystore,348&ref=nb_sb_noss_2",Featured,B074J5KFHG,"365 by Whole Foods Market, Organic Strawberry Fruit Spread, 17 Ounce, Red",,[],4.99,4.99,0,4.7,8545,,false,amazon.com,serp,true,10000,,B074J5KFHG,https://www.amazon.com/365-Everyday-Value-Strawberry-Conserve/dp/B074J5KFHG/ref=sr_1_6?crid=1E2QJW9TUIM1M&dib=eyJ2IjoiMSJ9.aVsEj8jS-YsdYnz5VNvKes9VCGM1XlPbLQJ6bSh__9osx8u3FkwwNrtvCjfNMPWQqqPE5CWYff1nzwramy6I2-NIDcT__OiiYzqiHd-XPcCLsKp_E8S1dzyaoz5ZD5Xh-aaW8brZEQjgGIWtc0VnkKj6LUdUClthoD7V86PY84wQJ2NA5J_wf85TeCKW0eKvd2BxZKbK7i2knQ3U8v6ngPMplIW6Z_aUdxDeYgr7T6Y.Ss5lp7UUjitI13ztg_-3x4YE2uq3pgX_ZJbxr0rwOfE&dib_tag=se&keywords=strawberries&qid=1786103879&rdc=1&s=samedaystore&sprefix=mil%2Csamedaystore%2C348&sr=1-6,https://m.media-amazon.com/images/I/51BHarMerML._FMwebp__.jpg,false,,,,{},0,,,,"Join Prime to get FREE delivery Overnight 4 AM - 8 AM on eligible ordersOr Non-members get FREE delivery Wed, Aug 12 on $35 of items shipped by Amazon","{""delivery"":""Join Prime to get FREE delivery Overnight 4 AM - 8 AM on eligible ordersOr Non-members get FREE delivery Wed, Aug 12 on $35 of items shipped by Amazon""}",1786103891082
578404,20,01060,1,7,,amazon.com,,"https://www.amazon.com/s?k=strawberries&i=samedaystore&crid=1E2QJW9TUIM1M&sprefix=mil,samedaystore,348&ref=nb_sb_noss_2",Featured,B08TYCZ9K8,"Sunny Fruit Organic Soft-Dried Whole Strawberries (18 Ounce Bulk Bag) | Healthy & Convenient Snack Packs, Great for Baking, Snacking, Smoothies, Charcuterie, Non-GMO, Gluten-Free, Nut-Free, Kosher",,[],18,19.49,18,3.3,872,,false,amazon.com,serp,true,100,,B08TYCZ9K8,https://www.amazon.com/Dried-Strawberries-Healthy-NON-GMO-GLUTEN-FREE/dp/B08TYCZ9K8/ref=sr_1_7?crid=1E2QJW9TUIM1M&dib=eyJ2IjoiMSJ9.aVsEj8jS-YsdYnz5VNvKes9VCGM1XlPbLQJ6bSh__9osx8u3FkwwNrtvCjfNMPWQqqPE5CWYff1nzwramy6I2-NIDcT__OiiYzqiHd-XPcCLsKp_E8S1dzyaoz5ZD5Xh-aaW8brZEQjgGIWtc0VnkKj6LUdUClthoD7V86PY84wQJ2NA5J_wf85TeCKW0eKvd2BxZKbK7i2knQ3U8v6ngPMplIW6Z_aUdxDeYgr7T6Y.Ss5lp7UUjitI13ztg_-3x4YE2uq3pgX_ZJbxr0rwOfE&dib_tag=se&keywords=strawberries&qid=1786103879&s=samedaystore&sprefix=mil%2Csamedaystore%2C348&sr=1-7,https://m.media-amazon.com/images/I/71JGwd0lBxL._FMwebp__.jpg,false,,,,{},0,,,,"FREE delivery Fri, Aug 14","{""delivery"":""FREE delivery Fri, Aug 14""}",1786103891082
578405,20,01060,1,8,,amazon.com,,"https://www.amazon.com/s?k=strawberries&i=samedaystore&crid=1E2QJW9TUIM1M&sprefix=mil,samedaystore,348&ref=nb_sb_noss_2",Featured,B000RYD1VO,"Ocean Spray® White Cran-Strawberry Juice Drink, 64 Fl Oz Bottle (Pack of 1)",,[],3.67,3.67,0,4.8,3861,,false,amazon.com,serp,true,10000,,B000RYD1VO,https://www.amazon.com/Ocean-Spray-Juice-White-Strawberry/dp/B000RYD1VO/ref=sr_1_8?crid=1E2QJW9TUIM1M&dib=eyJ2IjoiMSJ9.aVsEj8jS-YsdYnz5VNvKes9VCGM1XlPbLQJ6bSh__9osx8u3FkwwNrtvCjfNMPWQqqPE5CWYff1nzwramy6I2-NIDcT__OiiYzqiHd-XPcCLsKp_E8S1dzyaoz5ZD5Xh-aaW8brZEQjgGIWtc0VnkKj6LUdUClthoD7V86PY84wQJ2NA5J_wf85TeCKW0eKvd2BxZKbK7i2knQ3U8v6ngPMplIW6Z_aUdxDeYgr7T6Y.Ss5lp7UUjitI13ztg_-3x4YE2uq3pgX_ZJbxr0rwOfE&dib_tag=se&keywords=strawberries&qid=1786103879&s=samedaystore&sprefix=mil%2Csamedaystore%2C348&sr=1-8,https://m.media-amazon.com/images/I/71Q8g5rCHaL._FMwebp__.jpg,false,,,,{},0,,,,"Join Prime to get FREE delivery Overnight 4 AM - 8 AM on eligible ordersOr Non-members get FREE delivery Wed, Aug 12 on $35 of items shipped by Amazon","{""delivery"":""Join Prime to get FREE delivery Overnight 4 AM - 8 AM on eligible ordersOr Non-members get FREE delivery Wed, Aug 12 on $35 of items shipped by Amazon""}",1786103891082
578406,20,01060,1,9,,amazon.com,,"https://www.amazon.com/s?k=strawberries&i=samedaystore&crid=1E2QJW9TUIM1M&sprefix=mil,samedaystore,348&ref=nb_sb_noss_2",Featured,B0FFMBS8Y1,"Amilutuo Freeze Dried Strawberries Pieces, 3.17OZ/90g Frozen Strawberries | Freeze Dried Fruit, Dehydrated Strawberries, Freeze Dried Snacks",,[],8.99,9.49,8.99,4.5,376,,false,amazon.com,serp,true,700,,B0FFMBS8Y1,https://www.amazon.com/Freeze-Strawberries-Pieces-Dehydrated-Preservatives/dp/B0FFMBS8Y1/ref=sr_1_9?crid=1E2QJW9TUIM1M&dib=eyJ2IjoiMSJ9.aVsEj8jS-YsdYnz5VNvKes9VCGM1XlPbLQJ6bSh__9osx8u3FkwwNrtvCjfNMPWQqqPE5CWYff1nzwramy6I2-NIDcT__OiiYzqiHd-XPcCLsKp_E8S1dzyaoz5ZD5Xh-aaW8brZEQjgGIWtc0VnkKj6LUdUClthoD7V86PY84wQJ2NA5J_wf85TeCKW0eKvd2BxZKbK7i2knQ3U8v6ngPMplIW6Z_aUdxDeYgr7T6Y.Ss5lp7UUjitI13ztg_-3x4YE2uq3pgX_ZJbxr0rwOfE&dib_tag=se&keywords=strawberries&qid=1786103879&s=samedaystore&sprefix=mil%2Csamedaystore%2C348&sr=1-9,https://m.media-amazon.com/images/I/81RkuXeP7BL._FMwebp__.jpg,false,,,,{},0,,,,"Join Prime to get FREE delivery Sun, Aug 9Or Non-members get FREE delivery Wed, Aug 12 on $35 of items shipped by Amazon","{""delivery"":""Join Prime to get FREE delivery Sun, Aug 9Or Non-members get FREE delivery Wed, Aug 12 on $35 of items shipped by Amazon""}",1786103891082
578407,20,01060,1,10,,amazon.com,,"https://www.amazon.com/s?k=strawberries&i=samedaystore&crid=1E2QJW9TUIM1M&sprefix=mil,samedaystore,348&ref=nb_sb_noss_2",Featured,B09CGC6GM5,"Happy Village Organic Whole Dried Strawberries, 18 OZ Resealable Pack- Soft & Juicy, Kosher, Non-GMO, No Refined Sugar, Apple Juice Infused Dried Strawberry",,[],28.99,28.99,0,4.2,1872,,false,amazon.com,serp,true,800,,B09CGC6GM5,https://www.amazon.com/Organic-Strawberries-Happy-Village-Strawberry/dp/B09CGC6GM5/ref=sr_1_10?crid=1E2QJW9TUIM1M&dib=eyJ2IjoiMSJ9.aVsEj8jS-YsdYnz5VNvKes9VCGM1XlPbLQJ6bSh__9osx8u3FkwwNrtvCjfNMPWQqqPE5CWYff1nzwramy6I2-NIDcT__OiiYzqiHd-XPcCLsKp_E8S1dzyaoz5ZD5Xh-aaW8brZEQjgGIWtc0VnkKj6LUdUClthoD7V86PY84wQJ2NA5J_wf85TeCKW0eKvd2BxZKbK7i2knQ3U8v6ngPMplIW6Z_aUdxDeYgr7T6Y.Ss5lp7UUjitI13ztg_-3x4YE2uq3pgX_ZJbxr0rwOfE&dib_tag=se&keywords=strawberries&qid=1786103879&s=samedaystore&sprefix=mil%2Csamedaystore%2C348&sr=1-10,https://m.media-amazon.com/images/I/815C40gH9OL._FMwebp__.jpg,false,,,,{},0,,,,"Join Prime to get FREE delivery Overnight 4 AM - 8 AMOr Non-members get FREE delivery Wed, Aug 12 on $35 of items shipped by Amazon","{""delivery"":""Join Prime to get FREE delivery Overnight 4 AM - 8 AMOr Non-members get FREE delivery Wed, Aug 12 on $35 of items shipped by Amazon""}",1786103891082
578408,20,01060,1,11,,amazon.com,,"https://www.amazon.com/s?k=strawberries&i=samedaystore&crid=1E2QJW9TUIM1M&sprefix=mil,samedaystore,348&ref=nb_sb_noss_2",Featured,B0C7TMNBRB,"Premium Freeze Dried Strawberries Pieces 6.5 Oz/185g,Frozen Dried Strawberry,100% Natural & No Additives.",,[],13.95,13.95,0,4.3,1611,,false,amazon.com,serp,true,1000,,B0C7TMNBRB,https://www.amazon.com/Premium-Strawberries-Strawberry-Natural-Additives/dp/B0C7TMNBRB/ref=sr_1_11?crid=1E2QJW9TUIM1M&dib=eyJ2IjoiMSJ9.aVsEj8jS-YsdYnz5VNvKes9VCGM1XlPbLQJ6bSh__9osx8u3FkwwNrtvCjfNMPWQqqPE5CWYff1nzwramy6I2-NIDcT__OiiYzqiHd-XPcCLsKp_E8S1dzyaoz5ZD5Xh-aaW8brZEQjgGIWtc0VnkKj6LUdUClthoD7V86PY84wQJ2NA5J_wf85TeCKW0eKvd2BxZKbK7i2knQ3U8v6ngPMplIW6Z_aUdxDeYgr7T6Y.Ss5lp7UUjitI13ztg_-3x4YE2uq3pgX_ZJbxr0rwOfE&dib_tag=se&keywords=strawberries&qid=1786103879&s=samedaystore&sprefix=mil%2Csamedaystore%2C348&sr=1-11,https://m.media-amazon.com/images/I/71Z-H36NWtL._FMwebp__.jpg,false,,,,{},0,,,,"Join Prime to get FREE delivery Overnight 4 AM - 8 AM on eligible ordersOr Non-members get FREE delivery Wed, Aug 12 on $35 of items shipped by Amazon","{""delivery"":""Join Prime to get FREE delivery Overnight 4 AM - 8 AM on eligible ordersOr Non-members get FREE delivery Wed, Aug 12 on $35 of items shipped by Amazon""}",1786103891082
578409,20,01060,1,12,,amazon.com,,"https://www.amazon.com/s?k=strawberries&i=samedaystore&crid=1E2QJW9TUIM1M&sprefix=mil,samedaystore,348&ref=nb_sb_noss_2",Featured,B0D8VVDH5K,"16 oz Freeze Dried Strawberries Whole – Bulk Dehydrated Fruit, Dry Berries | No Sugar or Additives Snacks – Premium Natural Dried Fruit, Perfect for Oatmeal, Cereal, Smoothies, Yogurt & Baking",,[],34.99,34.99,0,4.4,312,,false,amazon.com,serp,true,700,,B0D8VVDH5K,https://www.amazon.com/Whole-Freeze-Dried-Strawberries-Gluten-Free-Allergen-Free/dp/B0D8VVDH5K/ref=sr_1_12?crid=1E2QJW9TUIM1M&dib=eyJ2IjoiMSJ9.aVsEj8jS-YsdYnz5VNvKes9VCGM1XlPbLQJ6bSh__9osx8u3FkwwNrtvCjfNMPWQqqPE5CWYff1nzwramy6I2-NIDcT__OiiYzqiHd-XPcCLsKp_E8S1dzyaoz5ZD5Xh-aaW8brZEQjgGIWtc0VnkKj6LUdUClthoD7V86PY84wQJ2NA5J_wf85TeCKW0eKvd2BxZKbK7i2knQ3U8v6ngPMplIW6Z_aUdxDeYgr7T6Y.Ss5lp7UUjitI13ztg_-3x4YE2uq3pgX_ZJbxr0rwOfE&dib_tag=se&keywords=strawberries&qid=1786103879&rdc=1&s=samedaystore&sprefix=mil%2Csamedaystore%2C348&sr=1-12,https://m.media-amazon.com/images/I/81IvHkK6FcL._FMwebp__.jpg,false,,,,{},0,,,,"Join Prime to get FREE delivery Overnight 4 AM - 8 AMOr Non-members get FREE delivery Wed, Aug 12 on $35 of items shipped by Amazon","{""delivery"":""Join Prime to get FREE delivery Overnight 4 AM - 8 AMOr Non-members get FREE delivery Wed, Aug 12 on $35 of items shipped by Amazon""}",1786103891082
578410,20,01060,1,13,,amazon.com,,"https://www.amazon.com/s?k=strawberries&i=samedaystore&crid=1E2QJW9TUIM1M&sprefix=mil,samedaystore,348&ref=nb_sb_noss_2",Featured,B09ZJC1V5G,"Nature's Turn Freeze-Dried Fruit Crisps; Strawberry, 12 Bags (0.53oz Each) | Healthy, Gluten-Free, Crispy & Delicious Snack Rich in Nutrients – Ideal for Cereal, School Lunches, & On-the-Go Snacks",,[],27.99,27.99,0,4.4,1171,,false,amazon.com,serp,true,1000,,B09ZJC1V5G,https://www.amazon.com/Natures-Turn-Freeze-Dried-Fruit/dp/B09ZJC1V5G/ref=sr_1_13?crid=1E2QJW9TUIM1M&dib=eyJ2IjoiMSJ9.aVsEj8jS-YsdYnz5VNvKes9VCGM1XlPbLQJ6bSh__9osx8u3FkwwNrtvCjfNMPWQqqPE5CWYff1nzwramy6I2-NIDcT__OiiYzqiHd-XPcCLsKp_E8S1dzyaoz5ZD5Xh-aaW8brZEQjgGIWtc0VnkKj6LUdUClthoD7V86PY84wQJ2NA5J_wf85TeCKW0eKvd2BxZKbK7i2knQ3U8v6ngPMplIW6Z_aUdxDeYgr7T6Y.Ss5lp7UUjitI13ztg_-3x4YE2uq3pgX_ZJbxr0rwOfE&dib_tag=se&keywords=strawberries&qid=1786103879&s=samedaystore&sprefix=mil%2Csamedaystore%2C348&sr=1-13,https://m.media-amazon.com/images/I/71cypX2QXoL._FMwebp__.jpg,false,,,,{},0,,,,"Join Prime to get FREE delivery Overnight 4 AM - 8 AMOr Non-members get FREE delivery Wed, Aug 12 on $35 of items shipped by Amazon","{""delivery"":""Join Prime to get FREE delivery Overnight 4 AM - 8 AMOr Non-members get FREE delivery Wed, Aug 12 on $35 of items shipped by Amazon""}",1786103891082
578411,20,01060,1,14,,amazon.com,,"https://www.amazon.com/s?k=strawberries&i=samedaystore&crid=1E2QJW9TUIM1M&sprefix=mil,samedaystore,348&ref=nb_sb_noss_2",Featured,B0C47PX5PW,"Annie's Organic Strawberry Fruit Snacks, Value Pack, 22 ct, 15.4 oz | Summer Strawberry Bunny Shapes, Certified USDA Organic, Non-GMO, Gelatin Free, Excellent Source of Vitamin C",,[],12.74,12.74,0,4.7,7053,,false,amazon.com,serp,true,1000,,B0C47PX5PW,https://www.amazon.com/Annies-Organic-Flavored-Strawberry-Pouches/dp/B0C47PX5PW/ref=sr_1_14?crid=1E2QJW9TUIM1M&dib=eyJ2IjoiMSJ9.aVsEj8jS-YsdYnz5VNvKes9VCGM1XlPbLQJ6bSh__9osx8u3FkwwNrtvCjfNMPWQqqPE5CWYff1nzwramy6I2-NIDcT__OiiYzqiHd-XPcCLsKp_E8S1dzyaoz5ZD5Xh-aaW8brZEQjgGIWtc0VnkKj6LUdUClthoD7V86PY84wQJ2NA5J_wf85TeCKW0eKvd2BxZKbK7i2knQ3U8v6ngPMplIW6Z_aUdxDeYgr7T6Y.Ss5lp7UUjitI13ztg_-3x4YE2uq3pgX_ZJbxr0rwOfE&dib_tag=se&keywords=strawberries&qid=1786103879&s=samedaystore&sprefix=mil%2Csamedaystore%2C348&sr=1-14,https://m.media-amazon.com/images/I/81E4sTIKdWL._FMwebp__.jpg,false,,,,{},0,,,,"Join Prime to get FREE delivery Overnight 4 AM - 8 AM on eligible ordersOr Non-members get FREE delivery Wed, Aug 12 on $35 of items shipped by Amazon","{""delivery"":""Join Prime to get FREE delivery Overnight 4 AM - 8 AM on eligible ordersOr Non-members get FREE delivery Wed, Aug 12 on $35 of items shipped by Amazon""}",1786103891082
578412,20,01060,1,15,,amazon.com,,"https://www.amazon.com/s?k=strawberries&i=samedaystore&crid=1E2QJW9TUIM1M&sprefix=mil,samedaystore,348&ref=nb_sb_noss_2",Featured,B0B7KCJY32,"Crispy Green Freeze-Dried Strawberry Fruit Snacks, 0.42 Oz (Pack of 12) | 100% Pure Fruit, All-Natural, No Added Sugar, No Preservatives, Single-Serve Bags for Healthy Snacks & School Lunches",,[],29.99,29.99,0,4.4,1253,,false,amazon.com,serp,true,1000,,B0B7KCJY32,https://www.amazon.com/Crispy-Green-Freeze-Dried-Single-Serve-Strawberry/dp/B0B7KCJY32/ref=sr_1_15?crid=1E2QJW9TUIM1M&dib=eyJ2IjoiMSJ9.aVsEj8jS-YsdYnz5VNvKes9VCGM1XlPbLQJ6bSh__9osx8u3FkwwNrtvCjfNMPWQqqPE5CWYff1nzwramy6I2-NIDcT__OiiYzqiHd-XPcCLsKp_E8S1dzyaoz5ZD5Xh-aaW8brZEQjgGIWtc0VnkKj6LUdUClthoD7V86PY84wQJ2NA5J_wf85TeCKW0eKvd2BxZKbK7i2knQ3U8v6ngPMplIW6Z_aUdxDeYgr7T6Y.Ss5lp7UUjitI13ztg_-3x4YE2uq3pgX_ZJbxr0rwOfE&dib_tag=se&keywords=strawberries&qid=1786103879&rdc=1&s=samedaystore&sprefix=mil%2Csamedaystore%2C348&sr=1-15,https://m.media-amazon.com/images/I/611+X6LFytL._FMwebp__.jpg,false,,,,{},0,,,,"Join Prime to get FREE delivery Overnight 4 AM - 8 AMOr Non-members get FREE delivery Wed, Aug 12 on $35 of items shipped by Amazon","{""delivery"":""Join Prime to get FREE delivery Overnight 4 AM - 8 AMOr Non-members get FREE delivery Wed, Aug 12 on $35 of items shipped by Amazon""}",1786103891082
578413,20,01060,1,16,,amazon.com,,"https://www.amazon.com/s?k=strawberries&i=samedaystore&crid=1E2QJW9TUIM1M&sprefix=mil,samedaystore,348&ref=nb_sb_noss_2",Featured,B0C9PLML31,"Micro Ingredients Organic Strawberries Sliced, 6.4oz | 100% Natural Fruit | Freeze Dried Strawberry Source | No Sugar & Additives | Healthy Snack & Topping for Beverages or Recipes | Non-GMO, Vegan",,[],29.99,29.99,0,4.6,527,,false,amazon.com,serp,true,1000,,B0C9PLML31,https://www.amazon.com/Organic-Strawberries-Chocolate-Shortcake-Smoothies/dp/B0C9PLML31/ref=sr_1_16?crid=1E2QJW9TUIM1M&dib=eyJ2IjoiMSJ9.aVsEj8jS-YsdYnz5VNvKes9VCGM1XlPbLQJ6bSh__9osx8u3FkwwNrtvCjfNMPWQqqPE5CWYff1nzwramy6I2-NIDcT__OiiYzqiHd-XPcCLsKp_E8S1dzyaoz5ZD5Xh-aaW8brZEQjgGIWtc0VnkKj6LUdUClthoD7V86PY84wQJ2NA5J_wf85TeCKW0eKvd2BxZKbK7i2knQ3U8v6ngPMplIW6Z_aUdxDeYgr7T6Y.Ss5lp7UUjitI13ztg_-3x4YE2uq3pgX_ZJbxr0rwOfE&dib_tag=se&keywords=strawberries&qid=1786103879&rdc=1&s=samedaystore&sprefix=mil%2Csamedaystore%2C348&sr=1-16,https://m.media-amazon.com/images/I/71U6BYTvHdL._FMwebp__.jpg,false,,,,{},0,,,,"Join Prime to get FREE delivery Overnight 4 AM - 8 AMOr Non-members get FREE delivery Wed, Aug 12 on $35 of items shipped by Amazon","{""delivery"":""Join Prime to get FREE delivery Overnight 4 AM - 8 AMOr Non-members get FREE delivery Wed, Aug 12 on $35 of items shipped by Amazon""}",1786103891082
578302,20,01082,1,1,,amazon.com,,"https://www.amazon.com/s?k=strawberries&i=samedaystore&crid=1E2QJW9TUIM1M&sprefix=mil,samedaystore,348&ref=nb_sb_noss_2",Featured,B08911ZP3Y,"Strawberries, 2 Lb",,[],6.99,6.99,0,4.5,9027,,false,amazon.com,serp,true,50000,,B08911ZP3Y,https://www.amazon.com/Produce-ambient-room-temperature-Strawberries/dp/B08911ZP3Y/ref=sr_1_1_us_f3_0o_wf?crid=1E2QJW9TUIM1M&dib=eyJ2IjoiMSJ9.r8aUh6cLgKrb5BKC4Yws0gryIuhsD_sgP6FtdfwgiqkET4sjJVaXom2AD4_ju3RV20EBIkPTl3-r1Xg76bt_Lj2YRu0769K8uWmNybg9L7geUBiuw_4QKQXa9J9tlzeABnB8-COsf5AYvN442CEj1widGC5-QBKMBQ7okO7JLCiGzOmX6bWV2mf7WWQY0jXsEF6pnrcBK9ia9ROSkiG3A49kJz1ajwpUTeIscvU1iN8.ksYeH69wQ8aCo_FgrkPumBxBRA_haKOLgFOlpPnx4GY&dib_tag=se&keywords=strawberries&qid=1786103879&s=samedaystore&sprefix=mil%2Csamedaystore%2C348&sr=1-1,https://m.media-amazon.com/images/I/61ckHNwTXOL._FMwebp__.jpg,false,,,,{},0,,,,,{},1786103886495
578303,20,01082,1,2,,amazon.com,,"https://www.amazon.com/s?k=strawberries&i=samedaystore&crid=1E2QJW9TUIM1M&sprefix=mil,samedaystore,348&ref=nb_sb_noss_2",Featured,B000P6J0SM,"Strawberries, 1 Lb",,[],3.49,3.49,0,4.6,90826,,false,amazon.com,serp,true,100000,,B000P6J0SM,https://www.amazon.com/Fresh-Produce-Brands-May-Vary/dp/B000P6J0SM/ref=sr_1_2_us_f3_0o_wf?crid=1E2QJW9TUIM1M&dib=eyJ2IjoiMSJ9.r8aUh6cLgKrb5BKC4Yws0gryIuhsD_sgP6FtdfwgiqkET4sjJVaXom2AD4_ju3RV20EBIkPTl3-r1Xg76bt_Lj2YRu0769K8uWmNybg9L7geUBiuw_4QKQXa9J9tlzeABnB8-COsf5AYvN442CEj1widGC5-QBKMBQ7okO7JLCiGzOmX6bWV2mf7WWQY0jXsEF6pnrcBK9ia9ROSkiG3A49kJz1ajwpUTeIscvU1iN8.ksYeH69wQ8aCo_FgrkPumBxBRA_haKOLgFOlpPnx4GY&dib_tag=se&keywords=strawberries&qid=1786103879&s=samedaystore&sprefix=mil%2Csamedaystore%2C348&sr=1-2,https://m.media-amazon.com/images/I/719HRHktywL._FMwebp__.jpg,false,,,,{},0,,,,,{},1786103886495
578304,20,01082,1,3,,amazon.com,,"https://www.amazon.com/s?k=strawberries&i=samedaystore&crid=1E2QJW9TUIM1M&sprefix=mil,samedaystore,348&ref=nb_sb_noss_2",Featured,B002B8Z98W,"Organic Strawberries, 1 Lb",,[],4.99,4.99,0,4.6,40783,,false,amazon.com,serp,true,100000,,B002B8Z98W,https://www.amazon.com/Fresh-Produce-Brands-Vary-040/dp/B002B8Z98W/ref=sr_1_3_us_f3_0o_wf?crid=1E2QJW9TUIM1M&dib=eyJ2IjoiMSJ9.r8aUh6cLgKrb5BKC4Yws0gryIuhsD_sgP6FtdfwgiqkET4sjJVaXom2AD4_ju3RV20EBIkPTl3-r1Xg76bt_Lj2YRu0769K8uWmNybg9L7geUBiuw_4QKQXa9J9tlzeABnB8-COsf5AYvN442CEj1widGC5-QBKMBQ7okO7JLCiGzOmX6bWV2mf7WWQY0jXsEF6pnrcBK9ia9ROSkiG3A49kJz1ajwpUTeIscvU1iN8.ksYeH69wQ8aCo_FgrkPumBxBRA_haKOLgFOlpPnx4GY&dib_tag=se&keywords=strawberries&qid=1786103879&s=samedaystore&sprefix=mil%2Csamedaystore%2C348&sr=1-3,https://m.media-amazon.com/images/I/71oKpKMVqTL._FMwebp__.jpg,false,,,,{},0,,,,,{},1786103886495
578305,20,01082,1,4,,amazon.com,,"https://www.amazon.com/s?k=strawberries&i=samedaystore&crid=1E2QJW9TUIM1M&sprefix=mil,samedaystore,348&ref=nb_sb_noss_2",Featured,B07PQNBKCK,"Organic Strawberries, 32 Ounce",,[],7.99,7.99,0,4.6,40783,,false,amazon.com,serp,true,10000,,B07PQNBKCK,https://www.amazon.com/Fresh-Produce-Brands-May-Vary/dp/B07PQNBKCK/ref=sr_1_4_us_f3_0o_wf?crid=1E2QJW9TUIM1M&dib=eyJ2IjoiMSJ9.r8aUh6cLgKrb5BKC4Yws0gryIuhsD_sgP6FtdfwgiqkET4sjJVaXom2AD4_ju3RV20EBIkPTl3-r1Xg76bt_Lj2YRu0769K8uWmNybg9L7geUBiuw_4QKQXa9J9tlzeABnB8-COsf5AYvN442CEj1widGC5-QBKMBQ7okO7JLCiGzOmX6bWV2mf7WWQY0jXsEF6pnrcBK9ia9ROSkiG3A49kJz1ajwpUTeIscvU1iN8.ksYeH69wQ8aCo_FgrkPumBxBRA_haKOLgFOlpPnx4GY&dib_tag=se&keywords=strawberries&qid=1786103879&s=samedaystore&sprefix=mil%2Csamedaystore%2C348&sr=1-4,https://m.media-amazon.com/images/I/71k8Lom4HEL._FMwebp__.jpg,false,,,,{},0,,,,,{},1786103886495
578306,20,01082,1,5,,amazon.com,,"https://www.amazon.com/s?k=strawberries&i=samedaystore&crid=1E2QJW9TUIM1M&sprefix=mil,samedaystore,348&ref=nb_sb_noss_2",Featured,B07JB8Z3M3,"Berry Strawberry Conventional, 32 Ounce",,[],8.99,8.99,0,4.3,92,,false,amazon.com,serp,true,100,,B07JB8Z3M3,https://www.amazon.com/Berry-Strawberry-Conventional-32-Ounce/dp/B07JB8Z3M3/ref=sr_1_5_us_f3_0o_wf?crid=1E2QJW9TUIM1M&dib=eyJ2IjoiMSJ9.r8aUh6cLgKrb5BKC4Yws0gryIuhsD_sgP6FtdfwgiqkET4sjJVaXom2AD4_ju3RV20EBIkPTl3-r1Xg76bt_Lj2YRu0769K8uWmNybg9L7geUBiuw_4QKQXa9J9tlzeABnB8-COsf5AYvN442CEj1widGC5-QBKMBQ7okO7JLCiGzOmX6bWV2mf7WWQY0jXsEF6pnrcBK9ia9ROSkiG3A49kJz1ajwpUTeIscvU1iN8.ksYeH69wQ8aCo_FgrkPumBxBRA_haKOLgFOlpPnx4GY&dib_tag=se&keywords=strawberries&qid=1786103879&s=samedaystore&sprefix=mil%2Csamedaystore%2C348&sr=1-5,https://m.media-amazon.com/images/I/81tYeFFpJoL._FMwebp__.jpg,false,,,,{},0,,,,,{},1786103886495
578307,20,01082,1,6,,amazon.com,,"https://www.amazon.com/s?k=strawberries&i=samedaystore&crid=1E2QJW9TUIM1M&sprefix=mil,samedaystore,348&ref=nb_sb_noss_2",Featured,B074H6G852,"365 by Whole Foods Market, Organic Whole Strawberries, 32 oz, (Frozen)",,[],8.99,8.99,0,4.7,11342,,false,amazon.com,serp,true,20000,,B074H6G852,https://www.amazon.com/365-Everyday-Value-Organic-Strawberries/dp/B074H6G852/ref=sr_1_6_us_f3_0o_wf?crid=1E2QJW9TUIM1M&dib=eyJ2IjoiMSJ9.r8aUh6cLgKrb5BKC4Yws0gryIuhsD_sgP6FtdfwgiqkET4sjJVaXom2AD4_ju3RV20EBIkPTl3-r1Xg76bt_Lj2YRu0769K8uWmNybg9L7geUBiuw_4QKQXa9J9tlzeABnB8-COsf5AYvN442CEj1widGC5-QBKMBQ7okO7JLCiGzOmX6bWV2mf7WWQY0jXsEF6pnrcBK9ia9ROSkiG3A49kJz1ajwpUTeIscvU1iN8.ksYeH69wQ8aCo_FgrkPumBxBRA_haKOLgFOlpPnx4GY&dib_tag=se&keywords=strawberries&qid=1786103879&s=samedaystore&sprefix=mil%2Csamedaystore%2C348&sr=1-6,https://m.media-amazon.com/images/I/61RcS1saF-L._FMwebp__.jpg,false,,,,{},0,,,,,{},1786103886495
578308,20,01082,1,7,,amazon.com,,"https://www.amazon.com/s?k=strawberries&i=samedaystore&crid=1E2QJW9TUIM1M&sprefix=mil,samedaystore,348&ref=nb_sb_noss_2",Featured,B003AYKYIG,"Blueberries, 1 Pint",,"[""Best Seller""]",4.49,4.49,0,4.7,60832,,false,amazon.com,serp,true,100000,,B003AYKYIG,https://www.amazon.com/Fresh-Produce-Brands-Vary-100174/dp/B003AYKYIG/ref=sr_1_7_us_f3_0o_wf?crid=1E2QJW9TUIM1M&dib=eyJ2IjoiMSJ9.r8aUh6cLgKrb5BKC4Yws0gryIuhsD_sgP6FtdfwgiqkET4sjJVaXom2AD4_ju3RV20EBIkPTl3-r1Xg76bt_Lj2YRu0769K8uWmNybg9L7geUBiuw_4QKQXa9J9tlzeABnB8-COsf5AYvN442CEj1widGC5-QBKMBQ7okO7JLCiGzOmX6bWV2mf7WWQY0jXsEF6pnrcBK9ia9ROSkiG3A49kJz1ajwpUTeIscvU1iN8.ksYeH69wQ8aCo_FgrkPumBxBRA_haKOLgFOlpPnx4GY&dib_tag=se&keywords=strawberries&qid=1786103879&s=samedaystore&sprefix=mil%2Csamedaystore%2C348&sr=1-7,https://m.media-amazon.com/images/I/712qtHpm6aL._FMwebp__.jpg,false,,,,{},0,,,,,{},1786103886495
578309,20,01082,1,8,,amazon.com,,"https://www.amazon.com/s?k=strawberries&i=samedaystore&crid=1E2QJW9TUIM1M&sprefix=mil,samedaystore,348&ref=nb_sb_noss_2",Featured,B079YXD4H2,"Organic Raspberries, 6 OZ",,[],4.99,4.99,0,4.6,18661,,false,amazon.com,serp,true,50000,,B079YXD4H2,https://www.amazon.com/Raspberry-Red-Organic-6-Ounce/dp/B079YXD4H2/ref=sr_1_8_us_f3_0o_wf?crid=1E2QJW9TUIM1M&dib=eyJ2IjoiMSJ9.r8aUh6cLgKrb5BKC4Yws0gryIuhsD_sgP6FtdfwgiqkET4sjJVaXom2AD4_ju3RV20EBIkPTl3-r1Xg76bt_Lj2YRu0769K8uWmNybg9L7geUBiuw_4QKQXa9J9tlzeABnB8-COsf5AYvN442CEj1widGC5-QBKMBQ7okO7JLCiGzOmX6bWV2mf7WWQY0jXsEF6pnrcBK9ia9ROSkiG3A49kJz1ajwpUTeIscvU1iN8.ksYeH69wQ8aCo_FgrkPumBxBRA_haKOLgFOlpPnx4GY&dib_tag=se&keywords=strawberries&qid=1786103879&s=samedaystore&sprefix=mil%2Csamedaystore%2C348&sr=1-8,https://m.media-amazon.com/images/I/719gYyqou6L._FMwebp__.jpg,false,,,,{},0,,,,,{},1786103886495
578310,20,01082,1,9,,amazon.com,,"https://www.amazon.com/s?k=strawberries&i=samedaystore&crid=1E2QJW9TUIM1M&sprefix=mil,samedaystore,348&ref=nb_sb_noss_2",Featured,B000P6G12U,"Red Raspberries, 6 oz",,[],3.79,3.79,0,4.6,37207,,false,amazon.com,serp,true,100000,,B000P6G12U,https://www.amazon.com/Fresh-Produce-Brands-May-Vary/dp/B000P6G12U/ref=sr_1_9_us_f3_0o_wf?crid=1E2QJW9TUIM1M&dib=eyJ2IjoiMSJ9.r8aUh6cLgKrb5BKC4Yws0gryIuhsD_sgP6FtdfwgiqkET4sjJVaXom2AD4_ju3RV20EBIkPTl3-r1Xg76bt_Lj2YRu0769K8uWmNybg9L7geUBiuw_4QKQXa9J9tlzeABnB8-COsf5AYvN442CEj1widGC5-QBKMBQ7okO7JLCiGzOmX6bWV2mf7WWQY0jXsEF6pnrcBK9ia9ROSkiG3A49kJz1ajwpUTeIscvU1iN8.ksYeH69wQ8aCo_FgrkPumBxBRA_haKOLgFOlpPnx4GY&dib_tag=se&keywords=strawberries&qid=1786103879&s=samedaystore&sprefix=mil%2Csamedaystore%2C348&sr=1-9,https://m.media-amazon.com/images/I/61lsVNuBxkL._FMwebp__.jpg,false,,,,{},0,,,,,{},1786103886495
578311,20,01082,1,10,,amazon.com,,"https://www.amazon.com/s?k=strawberries&i=samedaystore&crid=1E2QJW9TUIM1M&sprefix=mil,samedaystore,348&ref=nb_sb_noss_2",Featured,B077N7TR5G,Organic Blueberries Pint,,[],5.54,5.99,5.54,4.7,27829,,false,amazon.com,serp,true,100000,,B077N7TR5G,https://www.amazon.com/produce-aisle-112042-Organic-Blueberries/dp/B077N7TR5G/ref=sr_1_10_us_f3_0o_wf?crid=1E2QJW9TUIM1M&dib=eyJ2IjoiMSJ9.r8aUh6cLgKrb5BKC4Yws0gryIuhsD_sgP6FtdfwgiqkET4sjJVaXom2AD4_ju3RV20EBIkPTl3-r1Xg76bt_Lj2YRu0769K8uWmNybg9L7geUBiuw_4QKQXa9J9tlzeABnB8-COsf5AYvN442CEj1widGC5-QBKMBQ7okO7JLCiGzOmX6bWV2mf7WWQY0jXsEF6pnrcBK9ia9ROSkiG3A49kJz1ajwpUTeIscvU1iN8.ksYeH69wQ8aCo_FgrkPumBxBRA_haKOLgFOlpPnx4GY&dib_tag=se&keywords=strawberries&qid=1786103879&s=samedaystore&sprefix=mil%2Csamedaystore%2C348&sr=1-10,https://m.media-amazon.com/images/I/61RTWtYAGRL._FMwebp__.jpg,false,,,,{},0,,,,,{},1786103886495
578312,20,01082,1,11,,amazon.com,,"https://www.amazon.com/s?k=strawberries&i=samedaystore&crid=1E2QJW9TUIM1M&sprefix=mil,samedaystore,348&ref=nb_sb_noss_2",Featured,B074H7YHWR,"365 by Whole Foods Market Organic Whole Strawberries, 10 OZ",,[],3.79,3.79,0,4.7,11342,,false,amazon.com,serp,true,5000,,B074H7YHWR,https://www.amazon.com/365-Everyday-Value-Organic-Strawberries/dp/B074H7YHWR/ref=sr_1_11_us_f3_0o_wf?crid=1E2QJW9TUIM1M&dib=eyJ2IjoiMSJ9.r8aUh6cLgKrb5BKC4Yws0gryIuhsD_sgP6FtdfwgiqkET4sjJVaXom2AD4_ju3RV20EBIkPTl3-r1Xg76bt_Lj2YRu0769K8uWmNybg9L7geUBiuw_4QKQXa9J9tlzeABnB8-COsf5AYvN442CEj1widGC5-QBKMBQ7okO7JLCiGzOmX6bWV2mf7WWQY0jXsEF6pnrcBK9ia9ROSkiG3A49kJz1ajwpUTeIscvU1iN8.ksYeH69wQ8aCo_FgrkPumBxBRA_haKOLgFOlpPnx4GY&dib_tag=se&keywords=strawberries&qid=1786103879&s=samedaystore&sprefix=mil%2Csamedaystore%2C348&sr=1-11,https://m.media-amazon.com/images/I/61HaJckOkdL._FMwebp__.jpg,false,,,,{},0,,,,,{},1786103886495
578313,20,01082,1,12,,amazon.com,,"https://www.amazon.com/s?k=strawberries&i=samedaystore&crid=1E2QJW9TUIM1M&sprefix=mil,samedaystore,348&ref=nb_sb_noss_2",Featured,B0DDC6STC6,"8.82oz Freeze Dried Strawberry Pieces, 100% Natural for Snacks & Baking | Premium Frozen Dried Strawberrys, No,Gluten, No Allergen, Sweet Fruit Flakes for Cooking, Baking and Flavorful Recipes",,[],14.99,14.99,0,4.2,551,,false,amazon.com,serp,true,2000,,B0DDC6STC6,https://www.amazon.com/Premium-Freeze-Dried-Strawberries-Pieces/dp/B0DDC6STC6/ref=sr_1_12?crid=1E2QJW9TUIM1M&dib=eyJ2IjoiMSJ9.r8aUh6cLgKrb5BKC4Yws0gryIuhsD_sgP6FtdfwgiqkET4sjJVaXom2AD4_ju3RV20EBIkPTl3-r1Xg76bt_Lj2YRu0769K8uWmNybg9L7geUBiuw_4QKQXa9J9tlzeABnB8-COsf5AYvN442CEj1widGC5-QBKMBQ7okO7JLCiGzOmX6bWV2mf7WWQY0jXsEF6pnrcBK9ia9ROSkiG3A49kJz1ajwpUTeIscvU1iN8.ksYeH69wQ8aCo_FgrkPumBxBRA_haKOLgFOlpPnx4GY&dib_tag=se&keywords=strawberries&qid=1786103879&s=samedaystore&sprefix=mil%2Csamedaystore%2C348&sr=1-12,https://m.media-amazon.com/images/I/81xiHZ9luhL._FMwebp__.jpg,false,,,,{},0,,,,"Join Prime to get FREE delivery Tomorrow, Aug 8Or Non-members get FREE delivery Wed, Aug 12 on $35 of items shipped by Amazon","{""delivery"":""Join Prime to get FREE delivery Tomorrow, Aug 8Or Non-members get FREE delivery Wed, Aug 12 on $35 of items shipped by Amazon""}",1786103886495
578314,20,01082,1,13,,amazon.com,,"https://www.amazon.com/s?k=strawberries&i=samedaystore&crid=1E2QJW9TUIM1M&sprefix=mil,samedaystore,348&ref=nb_sb_noss_2",Featured,B0FT35CP55,"Premium Freeze Dried Strawberry Slices | 7.05oz | No Sugar Added | in Resealable Jar Non-GMO, Vegan Snacks | Crunchy Wellsome Topping for Yogurt, Smoothie Bowls, Baking & On-the-Go Fruit Snack",,[],17.99,17.99,0,4.7,54,,false,amazon.com,serp,true,300,,B0FT35CP55,https://www.amazon.com/Premium-Strawberry-Resealable-Wellsome-Smoothie/dp/B0FT35CP55/ref=sr_1_13?crid=1E2QJW9TUIM1M&dib=eyJ2IjoiMSJ9.r8aUh6cLgKrb5BKC4Yws0gryIuhsD_sgP6FtdfwgiqkET4sjJVaXom2AD4_ju3RV20EBIkPTl3-r1Xg76bt_Lj2YRu0769K8uWmNybg9L7geUBiuw_4QKQXa9J9tlzeABnB8-COsf5AYvN442CEj1widGC5-QBKMBQ7okO7JLCiGzOmX6bWV2mf7WWQY0jXsEF6pnrcBK9ia9ROSkiG3A49kJz1ajwpUTeIscvU1iN8.ksYeH69wQ8aCo_FgrkPumBxBRA_haKOLgFOlpPnx4GY&dib_tag=se&keywords=strawberries&qid=1786103879&s=samedaystore&sprefix=mil%2Csamedaystore%2C348&sr=1-13,https://m.media-amazon.com/images/I/911yY8wECIL._FMwebp__.jpg,false,,,,{},0,,,,"Join Prime to get FREE delivery Sun, Aug 9Or Non-members get FREE delivery Wed, Aug 12 on $35 of items shipped by Amazon","{""delivery"":""Join Prime to get FREE delivery Sun, Aug 9Or Non-members get FREE delivery Wed, Aug 12 on $35 of items shipped by Amazon""}",1786103886495
578315,20,01082,1,14,,amazon.com,,"https://www.amazon.com/s?k=strawberries&i=samedaystore&crid=1E2QJW9TUIM1M&sprefix=mil,samedaystore,348&ref=nb_sb_noss_2",Featured,B074J5L82K,"365 by Whole Foods Market, Whole Strawberries, 16 fl oz",,[],3.29,3.29,0,4.7,6569,,false,amazon.com,serp,true,5000,,B074J5L82K,https://www.amazon.com/365-Everyday-Value-Strawberries-Frozen/dp/B074J5L82K/ref=sr_1_14_us_f3_0o_wf?crid=1E2QJW9TUIM1M&dib=eyJ2IjoiMSJ9.r8aUh6cLgKrb5BKC4Yws0gryIuhsD_sgP6FtdfwgiqkET4sjJVaXom2AD4_ju3RV20EBIkPTl3-r1Xg76bt_Lj2YRu0769K8uWmNybg9L7geUBiuw_4QKQXa9J9tlzeABnB8-COsf5AYvN442CEj1widGC5-QBKMBQ7okO7JLCiGzOmX6bWV2mf7WWQY0jXsEF6pnrcBK9ia9ROSkiG3A49kJz1ajwpUTeIscvU1iN8.ksYeH69wQ8aCo_FgrkPumBxBRA_haKOLgFOlpPnx4GY&dib_tag=se&keywords=strawberries&qid=1786103879&s=samedaystore&sprefix=mil%2Csamedaystore%2C348&sr=1-14,https://m.media-amazon.com/images/I/61eQRAR-LAL._FMwebp__.jpg,false,,,,{},0,,,,,{},1786103886495
578316,20,01082,1,15,,amazon.com,,"https://www.amazon.com/s?k=strawberries&i=samedaystore&crid=1E2QJW9TUIM1M&sprefix=mil,samedaystore,348&ref=nb_sb_noss_2",Featured,B0B3TWR2X2,"CRISPY GREEN Freeze Dried Strawberry, 1.69 OZ",,[],10.49,10.49,0,4.6,133,,false,amazon.com,serp,true,4000,,B0B3TWR2X2,https://www.amazon.com/CRISPY-GREEN-Freeze-Dried-Strawberry/dp/B0B3TWR2X2/ref=sr_1_15_us_f3_0o_wf?crid=1E2QJW9TUIM1M&dib=eyJ2IjoiMSJ9.r8aUh6cLgKrb5BKC4Yws0gryIuhsD_sgP6FtdfwgiqkET4sjJVaXom2AD4_ju3RV20EBIkPTl3-r1Xg76bt_Lj2YRu0769K8uWmNybg9L7geUBiuw_4QKQXa9J9tlzeABnB8-COsf5AYvN442CEj1widGC5-QBKMBQ7okO7JLCiGzOmX6bWV2mf7WWQY0jXsEF6pnrcBK9ia9ROSkiG3A49kJz1ajwpUTeIscvU1iN8.ksYeH69wQ8aCo_FgrkPumBxBRA_haKOLgFOlpPnx4GY&dib_tag=se&keywords=strawberries&qid=1786103879&s=samedaystore&sprefix=mil%2Csamedaystore%2C348&sr=1-15,https://m.media-amazon.com/images/I/7149NHOxZoL._FMwebp__.jpg,false,,,,{},0,,,,,{},1786103886495
578317,20,01082,1,16,,amazon.com,,"https://www.amazon.com/s?k=strawberries&i=samedaystore&crid=1E2QJW9TUIM1M&sprefix=mil,samedaystore,348&ref=nb_sb_noss_2",Featured,B09CGC6GM5,"Happy Village Organic Whole Dried Strawberries, 18 OZ Resealable Pack- Soft & Juicy, Kosher, Non-GMO, No Refined Sugar, Apple Juice Infused Dried Strawberry",,[],28.99,28.99,0,4.2,1872,,false,amazon.com,serp,true,800,,B09CGC6GM5,https://www.amazon.com/Organic-Strawberries-Happy-Village-Strawberry/dp/B09CGC6GM5/ref=sr_1_16?crid=1E2QJW9TUIM1M&dib=eyJ2IjoiMSJ9.r8aUh6cLgKrb5BKC4Yws0gryIuhsD_sgP6FtdfwgiqkET4sjJVaXom2AD4_ju3RV20EBIkPTl3-r1Xg76bt_Lj2YRu0769K8uWmNybg9L7geUBiuw_4QKQXa9J9tlzeABnB8-COsf5AYvN442CEj1widGC5-QBKMBQ7okO7JLCiGzOmX6bWV2mf7WWQY0jXsEF6pnrcBK9ia9ROSkiG3A49kJz1ajwpUTeIscvU1iN8.ksYeH69wQ8aCo_FgrkPumBxBRA_haKOLgFOlpPnx4GY&dib_tag=se&keywords=strawberries&qid=1786103879&s=samedaystore&sprefix=mil%2Csamedaystore%2C348&sr=1-16,https://m.media-amazon.com/images/I/815C40gH9OL._FMwebp__.jpg,false,,,,{},0,,,,"Join Prime to get FREE delivery Tomorrow, Aug 8Or Non-members get FREE delivery Wed, Aug 12 on $35 of items shipped by Amazon","{""delivery"":""Join Prime to get FREE delivery Tomorrow, Aug 8Or Non-members get FREE delivery Wed, Aug 12 on $35 of items shipped by Amazon""}",1786103886495
578382,20,01085,1,1,,amazon.com,,"https://www.amazon.com/s?k=strawberries&i=samedaystore&crid=1E2QJW9TUIM1M&sprefix=mil,samedaystore,348&ref=nb_sb_noss_2",Featured,B002B8Z98W,"Organic Strawberries, 1 Lb",,[],3.34,3.34,0,4.6,40783,,false,amazon.com,serp,true,100000,,B002B8Z98W,https://www.amazon.com/Fresh-Produce-Brands-Vary-040/dp/B002B8Z98W/ref=sr_1_1?crid=1E2QJW9TUIM1M&dib=eyJ2IjoiMSJ9.FZ1OLNtk2rAL-cORBTig-NbMSb-dJCw_p7QGtShesFsFDi0DG1DicmiB_QqKCAlVu0sDuWEp2LF5rP4x8nK_Q3JB56slbnzxeSrV6Z5XJ1GruhfObcaDvJsYnwExGbHi8n_oaKSdyyRBOGQHyS4RF9agBbO0lHPaWnokDkqwWWO6uKfRNiL0AFFsouR9M5462BRffwmYNF7il9DPmI9sdZPZiS4g5UOfuqpkIrXrVkE.TfHiEB49Vmjedvop2G-8HxAWLzlMtuKW2NI8qKarIHs&dib_tag=se&keywords=strawberries&qid=1786103879&s=samedaystore&sprefix=mil%2Csamedaystore%2C348&sr=1-1,https://m.media-amazon.com/images/I/71oKpKMVqTL._FMwebp__.jpg,false,,,,{},0,,,,,{},1786103890771
578383,20,01085,1,2,,amazon.com,,"https://www.amazon.com/s?k=strawberries&i=samedaystore&crid=1E2QJW9TUIM1M&sprefix=mil,samedaystore,348&ref=nb_sb_noss_2",Featured,B08YHYHTNS,"Amazon Grocery, Sliced Strawberries,16 Oz, Frozen (Previously Happy Belly, Packaging May Vary)",,[],2.89,2.89,0,4.7,2850,,false,amazon.com,serp,true,10000,,B08YHYHTNS,https://www.amazon.com/Amazon-Brand-Frozen-Sliced-Strawberries/dp/B08YHYHTNS/ref=sr_1_2?crid=1E2QJW9TUIM1M&dib=eyJ2IjoiMSJ9.FZ1OLNtk2rAL-cORBTig-NbMSb-dJCw_p7QGtShesFsFDi0DG1DicmiB_QqKCAlVu0sDuWEp2LF5rP4x8nK_Q3JB56slbnzxeSrV6Z5XJ1GruhfObcaDvJsYnwExGbHi8n_oaKSdyyRBOGQHyS4RF9agBbO0lHPaWnokDkqwWWO6uKfRNiL0AFFsouR9M5462BRffwmYNF7il9DPmI9sdZPZiS4g5UOfuqpkIrXrVkE.TfHiEB49Vmjedvop2G-8HxAWLzlMtuKW2NI8qKarIHs&dib_tag=se&keywords=strawberries&qid=1786103879&s=samedaystore&sprefix=mil%2Csamedaystore%2C348&sr=1-2,https://m.media-amazon.com/images/I/71So7Z9O2QL._FMwebp__.jpg,false,,,,{},0,,,,,{},1786103890771
578384,20,01085,1,3,,amazon.com,,"https://www.amazon.com/s?k=strawberries&i=samedaystore&crid=1E2QJW9TUIM1M&sprefix=mil,samedaystore,348&ref=nb_sb_noss_2",Featured,B074H6G852,"365 by Whole Foods Market, Organic Whole Strawberries, 32 oz, (Frozen)",,[],9.99,9.99,0,4.7,11342,,false,amazon.com,serp,true,20000,,B074H6G852,https://www.amazon.com/365-Everyday-Value-Organic-Strawberries/dp/B074H6G852/ref=sr_1_3?crid=1E2QJW9TUIM1M&dib=eyJ2IjoiMSJ9.FZ1OLNtk2rAL-cORBTig-NbMSb-dJCw_p7QGtShesFsFDi0DG1DicmiB_QqKCAlVu0sDuWEp2LF5rP4x8nK_Q3JB56slbnzxeSrV6Z5XJ1GruhfObcaDvJsYnwExGbHi8n_oaKSdyyRBOGQHyS4RF9agBbO0lHPaWnokDkqwWWO6uKfRNiL0AFFsouR9M5462BRffwmYNF7il9DPmI9sdZPZiS4g5UOfuqpkIrXrVkE.TfHiEB49Vmjedvop2G-8HxAWLzlMtuKW2NI8qKarIHs&dib_tag=se&keywords=strawberries&qid=1786103879&s=samedaystore&sprefix=mil%2Csamedaystore%2C348&sr=1-3,https://m.media-amazon.com/images/I/61RcS1saF-L._FMwebp__.jpg,false,,,,{},0,,,,,{},1786103890771
578385,20,01085,1,4,,amazon.com,,"https://www.amazon.com/s?k=strawberries&i=samedaystore&crid=1E2QJW9TUIM1M&sprefix=mil,samedaystore,348&ref=nb_sb_noss_2",Featured,B0BZTQHYHW,"Amazon Grocery, Whole Strawberries, 48 Oz, Frozen (Previously Amazon Fresh, Packaging May Vary).",,[],7.07,7.07,0,4.7,283,,false,amazon.com,serp,true,2000,,B0BZTQHYHW,https://www.amazon.com/Amazon-Fresh-Frozen-Whole-Strawberries/dp/B0BZTQHYHW/ref=sr_1_4?crid=1E2QJW9TUIM1M&dib=eyJ2IjoiMSJ9.FZ1OLNtk2rAL-cORBTig-NbMSb-dJCw_p7QGtShesFsFDi0DG1DicmiB_QqKCAlVu0sDuWEp2LF5rP4x8nK_Q3JB56slbnzxeSrV6Z5XJ1GruhfObcaDvJsYnwExGbHi8n_oaKSdyyRBOGQHyS4RF9agBbO0lHPaWnokDkqwWWO6uKfRNiL0AFFsouR9M5462BRffwmYNF7il9DPmI9sdZPZiS4g5UOfuqpkIrXrVkE.TfHiEB49Vmjedvop2G-8HxAWLzlMtuKW2NI8qKarIHs&dib_tag=se&keywords=strawberries&qid=1786103879&s=samedaystore&sprefix=mil%2Csamedaystore%2C348&sr=1-4,https://m.media-amazon.com/images/I/812JqLg+LoL._FMwebp__.jpg,false,,,,{},0,,,,,{},1786103890771
578386,20,01085,1,5,,amazon.com,,"https://www.amazon.com/s?k=strawberries&i=samedaystore&crid=1E2QJW9TUIM1M&sprefix=mil,samedaystore,348&ref=nb_sb_noss_2",Featured,B08YJ35DJZ,"Amazon Grocery, Whole Strawberries, 16 oz, Frozen (Previously Happy Belly, Packaging May Vary)",,[],2.86,2.86,0,4.6,1830,,false,amazon.com,serp,true,4000,,B08YJ35DJZ,https://www.amazon.com/Amazon-Brand-Happy-Frozen-Strawberries/dp/B08YJ35DJZ/ref=sr_1_5?crid=1E2QJW9TUIM1M&dib=eyJ2IjoiMSJ9.FZ1OLNtk2rAL-cORBTig-NbMSb-dJCw_p7QGtShesFsFDi0DG1DicmiB_QqKCAlVu0sDuWEp2LF5rP4x8nK_Q3JB56slbnzxeSrV6Z5XJ1GruhfObcaDvJsYnwExGbHi8n_oaKSdyyRBOGQHyS4RF9agBbO0lHPaWnokDkqwWWO6uKfRNiL0AFFsouR9M5462BRffwmYNF7il9DPmI9sdZPZiS4g5UOfuqpkIrXrVkE.TfHiEB49Vmjedvop2G-8HxAWLzlMtuKW2NI8qKarIHs&dib_tag=se&keywords=strawberries&qid=1786103879&s=samedaystore&sprefix=mil%2Csamedaystore%2C348&sr=1-5,https://m.media-amazon.com/images/I/71s1XjCvviL._FMwebp__.jpg,false,,,,{},0,,,,,{},1786103890771
578387,20,01085,1,6,,amazon.com,,"https://www.amazon.com/s?k=strawberries&i=samedaystore&crid=1E2QJW9TUIM1M&sprefix=mil,samedaystore,348&ref=nb_sb_noss_2",Featured,B0010XT7MS,"Wyman's Strawberries, 15 oz.",,[],3.68,3.68,0,4.5,27,,false,amazon.com,serp,true,,,B0010XT7MS,https://www.amazon.com/Wymans-Strawberries-15-oz-Frozen/dp/B0010XT7MS/ref=sr_1_6?crid=1E2QJW9TUIM1M&dib=eyJ2IjoiMSJ9.FZ1OLNtk2rAL-cORBTig-NbMSb-dJCw_p7QGtShesFsFDi0DG1DicmiB_QqKCAlVu0sDuWEp2LF5rP4x8nK_Q3JB56slbnzxeSrV6Z5XJ1GruhfObcaDvJsYnwExGbHi8n_oaKSdyyRBOGQHyS4RF9agBbO0lHPaWnokDkqwWWO6uKfRNiL0AFFsouR9M5462BRffwmYNF7il9DPmI9sdZPZiS4g5UOfuqpkIrXrVkE.TfHiEB49Vmjedvop2G-8HxAWLzlMtuKW2NI8qKarIHs&dib_tag=se&keywords=strawberries&qid=1786103879&s=samedaystore&sprefix=mil%2Csamedaystore%2C348&sr=1-6,https://m.media-amazon.com/images/I/81ZTyF7zh6L._FMwebp__.jpg,false,,,,{},0,,,,,{},1786103890771
578388,20,01085,1,7,,amazon.com,,"https://www.amazon.com/s?k=strawberries&i=samedaystore&crid=1E2QJW9TUIM1M&sprefix=mil,samedaystore,348&ref=nb_sb_noss_2",Featured,B005DOHMEU,"Dole Mixed Berries, Strawberries, Blackberries, Blueberries And Raspberries, 12 Oz",,[],5.79,5.79,0,4.7,2448,,false,amazon.com,serp,true,,,B005DOHMEU,https://www.amazon.com/Dole-Strawberries-Blackberries-Blueberries-Raspberries/dp/B005DOHMEU/ref=sr_1_7?crid=1E2QJW9TUIM1M&dib=eyJ2IjoiMSJ9.FZ1OLNtk2rAL-cORBTig-NbMSb-dJCw_p7QGtShesFsFDi0DG1DicmiB_QqKCAlVu0sDuWEp2LF5rP4x8nK_Q3JB56slbnzxeSrV6Z5XJ1GruhfObcaDvJsYnwExGbHi8n_oaKSdyyRBOGQHyS4RF9agBbO0lHPaWnokDkqwWWO6uKfRNiL0AFFsouR9M5462BRffwmYNF7il9DPmI9sdZPZiS4g5UOfuqpkIrXrVkE.TfHiEB49Vmjedvop2G-8HxAWLzlMtuKW2NI8qKarIHs&dib_tag=se&keywords=strawberries&qid=1786103879&s=samedaystore&sprefix=mil%2Csamedaystore%2C348&sr=1-7,https://m.media-amazon.com/images/I/71-h1-DHe6L._FMwebp__.jpg,false,,,,{},0,,,,,{},1786103890771
578389,20,01085,1,8,,amazon.com,,"https://www.amazon.com/s?k=strawberries&i=samedaystore&crid=1E2QJW9TUIM1M&sprefix=mil,samedaystore,348&ref=nb_sb_noss_2",Featured,B003AYKYIG,"Blueberries, 1 Pint",,"[""Best Seller""]",2.99,2.99,0,4.7,60832,,false,amazon.com,serp,true,100000,,B003AYKYIG,https://www.amazon.com/Fresh-Produce-Brands-Vary-100174/dp/B003AYKYIG/ref=sr_1_8?crid=1E2QJW9TUIM1M&dib=eyJ2IjoiMSJ9.FZ1OLNtk2rAL-cORBTig-NbMSb-dJCw_p7QGtShesFsFDi0DG1DicmiB_QqKCAlVu0sDuWEp2LF5rP4x8nK_Q3JB56slbnzxeSrV6Z5XJ1GruhfObcaDvJsYnwExGbHi8n_oaKSdyyRBOGQHyS4RF9agBbO0lHPaWnokDkqwWWO6uKfRNiL0AFFsouR9M5462BRffwmYNF7il9DPmI9sdZPZiS4g5UOfuqpkIrXrVkE.TfHiEB49Vmjedvop2G-8HxAWLzlMtuKW2NI8qKarIHs&dib_tag=se&keywords=strawberries&qid=1786103879&s=samedaystore&sprefix=mil%2Csamedaystore%2C348&sr=1-8,https://m.media-amazon.com/images/I/712qtHpm6aL._FMwebp__.jpg,false,,,,{},0,,,,,{},1786103890771
578390,20,01085,1,9,,amazon.com,,"https://www.amazon.com/s?k=strawberries&i=samedaystore&crid=1E2QJW9TUIM1M&sprefix=mil,samedaystore,348&ref=nb_sb_noss_2",Featured,B00HT7U55W,"Wonderful Halos Mandarins, Sweet, Seedless, Easy Peel Mandarin Oranges - Healthy Food, Fresh Fruit, 3lb Bag",,[],4.99,7.16,4.99,4.5,58525,,false,amazon.com,serp,true,100000,,B00HT7U55W,https://www.amazon.com/Wonderful-Halos-California-Grown-Mandarins-3lb/dp/B00HT7U55W/ref=sr_1_9?crid=1E2QJW9TUIM1M&dib=eyJ2IjoiMSJ9.FZ1OLNtk2rAL-cORBTig-NbMSb-dJCw_p7QGtShesFsFDi0DG1DicmiB_QqKCAlVu0sDuWEp2LF5rP4x8nK_Q3JB56slbnzxeSrV6Z5XJ1GruhfObcaDvJsYnwExGbHi8n_oaKSdyyRBOGQHyS4RF9agBbO0lHPaWnokDkqwWWO6uKfRNiL0AFFsouR9M5462BRffwmYNF7il9DPmI9sdZPZiS4g5UOfuqpkIrXrVkE.TfHiEB49Vmjedvop2G-8HxAWLzlMtuKW2NI8qKarIHs&dib_tag=se&keywords=strawberries&qid=1786103879&s=samedaystore&sprefix=mil%2Csamedaystore%2C348&sr=1-9,https://m.media-amazon.com/images/I/71mPw0ZzSLL._FMwebp__.jpg,false,,,,{},0,,,,,{},1786103890771
578391,20,01085,1,10,,amazon.com,,"https://www.amazon.com/s?k=strawberries&i=samedaystore&crid=1E2QJW9TUIM1M&sprefix=mil,samedaystore,348&ref=nb_sb_noss_2",Featured,B000P6G12U,"Red Raspberries, 6 oz",,[],1.69,1.69,0,4.6,37207,,false,amazon.com,serp,true,100000,,B000P6G12U,https://www.amazon.com/Fresh-Produce-Brands-May-Vary/dp/B000P6G12U/ref=sr_1_10?crid=1E2QJW9TUIM1M&dib=eyJ2IjoiMSJ9.FZ1OLNtk2rAL-cORBTig-NbMSb-dJCw_p7QGtShesFsFDi0DG1DicmiB_QqKCAlVu0sDuWEp2LF5rP4x8nK_Q3JB56slbnzxeSrV6Z5XJ1GruhfObcaDvJsYnwExGbHi8n_oaKSdyyRBOGQHyS4RF9agBbO0lHPaWnokDkqwWWO6uKfRNiL0AFFsouR9M5462BRffwmYNF7il9DPmI9sdZPZiS4g5UOfuqpkIrXrVkE.TfHiEB49Vmjedvop2G-8HxAWLzlMtuKW2NI8qKarIHs&dib_tag=se&keywords=strawberries&qid=1786103879&s=samedaystore&sprefix=mil%2Csamedaystore%2C348&sr=1-10,https://m.media-amazon.com/images/I/61lsVNuBxkL._FMwebp__.jpg,false,,,,{},0,,,,,{},1786103890771
578392,20,01085,1,11,,amazon.com,,"https://www.amazon.com/s?k=strawberries&i=samedaystore&crid=1E2QJW9TUIM1M&sprefix=mil,samedaystore,348&ref=nb_sb_noss_2",Featured,B077N7TR5G,Organic Blueberries Pint,,[],4.83,4.83,0,4.7,27829,,false,amazon.com,serp,true,100000,,B077N7TR5G,https://www.amazon.com/produce-aisle-112042-Organic-Blueberries/dp/B077N7TR5G/ref=sr_1_11?crid=1E2QJW9TUIM1M&dib=eyJ2IjoiMSJ9.FZ1OLNtk2rAL-cORBTig-NbMSb-dJCw_p7QGtShesFsFDi0DG1DicmiB_QqKCAlVu0sDuWEp2LF5rP4x8nK_Q3JB56slbnzxeSrV6Z5XJ1GruhfObcaDvJsYnwExGbHi8n_oaKSdyyRBOGQHyS4RF9agBbO0lHPaWnokDkqwWWO6uKfRNiL0AFFsouR9M5462BRffwmYNF7il9DPmI9sdZPZiS4g5UOfuqpkIrXrVkE.TfHiEB49Vmjedvop2G-8HxAWLzlMtuKW2NI8qKarIHs&dib_tag=se&keywords=strawberries&qid=1786103879&s=samedaystore&sprefix=mil%2Csamedaystore%2C348&sr=1-11,https://m.media-amazon.com/images/I/61RTWtYAGRL._FMwebp__.jpg,false,,,,{},0,,,,,{},1786103890771
578393,20,01085,1,12,,amazon.com,,"https://www.amazon.com/s?k=strawberries&i=samedaystore&crid=1E2QJW9TUIM1M&sprefix=mil,samedaystore,348&ref=nb_sb_noss_2",Featured,B083318PX6,"Amazon Grocery, Cut Watermelon, 32 Oz",,[],7.57,7.57,0,4.3,24905,,false,amazon.com,serp,true,20000,,B083318PX6,https://www.amazon.com/Fresh-Brand-Cut-Watermelon-32/dp/B083318PX6/ref=sr_1_12?crid=1E2QJW9TUIM1M&dib=eyJ2IjoiMSJ9.FZ1OLNtk2rAL-cORBTig-NbMSb-dJCw_p7QGtShesFsFDi0DG1DicmiB_QqKCAlVu0sDuWEp2LF5rP4x8nK_Q3JB56slbnzxeSrV6Z5XJ1GruhfObcaDvJsYnwExGbHi8n_oaKSdyyRBOGQHyS4RF9agBbO0lHPaWnokDkqwWWO6uKfRNiL0AFFsouR9M5462BRffwmYNF7il9DPmI9sdZPZiS4g5UOfuqpkIrXrVkE.TfHiEB49Vmjedvop2G-8HxAWLzlMtuKW2NI8qKarIHs&dib_tag=se&keywords=strawberries&qid=1786103879&s=samedaystore&sprefix=mil%2Csamedaystore%2C348&sr=1-12,https://m.media-amazon.com/images/I/81CtbAKbEhL._FMwebp__.jpg,false,,,,{},0,,,,,{},1786103890771
578394,20,01085,1,13,,amazon.com,,"https://www.amazon.com/s?k=strawberries&i=samedaystore&crid=1E2QJW9TUIM1M&sprefix=mil,samedaystore,348&ref=nb_sb_noss_2",Featured,B00E3JM7UU,"Organic Blackberries, 6 oz",,[],3.86,3.86,0,4.7,17801,,false,amazon.com,serp,true,100000,,B00E3JM7UU,https://www.amazon.com/produce-aisle-040-01021-Organic-Blackberries/dp/B00E3JM7UU/ref=sr_1_13?crid=1E2QJW9TUIM1M&dib=eyJ2IjoiMSJ9.FZ1OLNtk2rAL-cORBTig-NbMSb-dJCw_p7QGtShesFsFDi0DG1DicmiB_QqKCAlVu0sDuWEp2LF5rP4x8nK_Q3JB56slbnzxeSrV6Z5XJ1GruhfObcaDvJsYnwExGbHi8n_oaKSdyyRBOGQHyS4RF9agBbO0lHPaWnokDkqwWWO6uKfRNiL0AFFsouR9M5462BRffwmYNF7il9DPmI9sdZPZiS4g5UOfuqpkIrXrVkE.TfHiEB49Vmjedvop2G-8HxAWLzlMtuKW2NI8qKarIHs&dib_tag=se&keywords=strawberries&qid=1786103879&s=samedaystore&sprefix=mil%2Csamedaystore%2C348&sr=1-13,https://m.media-amazon.com/images/I/7125y7kPhfL._FMwebp__.jpg,false,,,,{},0,,,,,{},1786103890771
578395,20,01085,1,14,,amazon.com,,"https://www.amazon.com/s?k=strawberries&i=samedaystore&crid=1E2QJW9TUIM1M&sprefix=mil,samedaystore,348&ref=nb_sb_noss_2",Featured,B000P717MI,"Blackberries, 6 oz",,[],2.15,2.15,0,4.6,41666,,false,amazon.com,serp,true,100000,,B000P717MI,https://www.amazon.com/Fresh-Produce-Brands-May-Vary/dp/B000P717MI/ref=sr_1_14?crid=1E2QJW9TUIM1M&dib=eyJ2IjoiMSJ9.FZ1OLNtk2rAL-cORBTig-NbMSb-dJCw_p7QGtShesFsFDi0DG1DicmiB_QqKCAlVu0sDuWEp2LF5rP4x8nK_Q3JB56slbnzxeSrV6Z5XJ1GruhfObcaDvJsYnwExGbHi8n_oaKSdyyRBOGQHyS4RF9agBbO0lHPaWnokDkqwWWO6uKfRNiL0AFFsouR9M5462BRffwmYNF7il9DPmI9sdZPZiS4g5UOfuqpkIrXrVkE.TfHiEB49Vmjedvop2G-8HxAWLzlMtuKW2NI8qKarIHs&dib_tag=se&keywords=strawberries&qid=1786103879&s=samedaystore&sprefix=mil%2Csamedaystore%2C348&sr=1-14,https://m.media-amazon.com/images/I/71HR1fDpB-L._FMwebp__.jpg,false,,,,{},0,,,,,{},1786103890771
578396,20,01085,1,15,,amazon.com,,"https://www.amazon.com/s?k=strawberries&i=samedaystore&crid=1E2QJW9TUIM1M&sprefix=mil,samedaystore,348&ref=nb_sb_noss_2",Featured,B07B63T74N,"365 by Whole Foods Market, Organic Berry Blend, 32 Ounce",,[],9.99,9.99,0,4.7,10917,,false,amazon.com,serp,true,30000,,B07B63T74N,https://www.amazon.com/365-EVERYDAY-VALUE-Organic-Berry/dp/B07B63T74N/ref=sr_1_15?crid=1E2QJW9TUIM1M&dib=eyJ2IjoiMSJ9.FZ1OLNtk2rAL-cORBTig-NbMSb-dJCw_p7QGtShesFsFDi0DG1DicmiB_QqKCAlVu0sDuWEp2LF5rP4x8nK_Q3JB56slbnzxeSrV6Z5XJ1GruhfObcaDvJsYnwExGbHi8n_oaKSdyyRBOGQHyS4RF9agBbO0lHPaWnokDkqwWWO6uKfRNiL0AFFsouR9M5462BRffwmYNF7il9DPmI9sdZPZiS4g5UOfuqpkIrXrVkE.TfHiEB49Vmjedvop2G-8HxAWLzlMtuKW2NI8qKarIHs&dib_tag=se&keywords=strawberries&qid=1786103879&s=samedaystore&sprefix=mil%2Csamedaystore%2C348&sr=1-15,https://m.media-amazon.com/images/I/61SMKKgAwqL._FMwebp__.jpg,false,,,,{},0,,,,,{},1786103890771
578397,20,01085,1,16,,amazon.com,,"https://www.amazon.com/s?k=strawberries&i=samedaystore&crid=1E2QJW9TUIM1M&sprefix=mil,samedaystore,348&ref=nb_sb_noss_2",Featured,B003W18B2I,"Blueberries, 18 Oz",,[],4.64,4.64,0,4.7,8724,,false,amazon.com,serp,true,30000,,B003W18B2I,https://www.amazon.com/produce-aisle-131473-Blueberries-18/dp/B003W18B2I/ref=sr_1_16?crid=1E2QJW9TUIM1M&dib=eyJ2IjoiMSJ9.FZ1OLNtk2rAL-cORBTig-NbMSb-dJCw_p7QGtShesFsFDi0DG1DicmiB_QqKCAlVu0sDuWEp2LF5rP4x8nK_Q3JB56slbnzxeSrV6Z5XJ1GruhfObcaDvJsYnwExGbHi8n_oaKSdyyRBOGQHyS4RF9agBbO0lHPaWnokDkqwWWO6uKfRNiL0AFFsouR9M5462BRffwmYNF7il9DPmI9sdZPZiS4g5UOfuqpkIrXrVkE.TfHiEB49Vmjedvop2G-8HxAWLzlMtuKW2NI8qKarIHs&dib_tag=se&keywords=strawberries&qid=1786103879&s=samedaystore&sprefix=mil%2Csamedaystore%2C348&sr=1-16,https://m.media-amazon.com/images/I/716yiitxW9L._FMwebp__.jpg,false,,,,{},0,,,,,{},1786103890771
578366,20,01119,1,1,,amazon.com,,"https://www.amazon.com/s?k=strawberries&i=samedaystore&crid=1E2QJW9TUIM1M&sprefix=mil,samedaystore,348&ref=nb_sb_noss_2",Featured,B002B8Z98W,"Organic Strawberries, 1 Lb",,[],3.34,3.34,0,4.6,40783,,false,amazon.com,serp,true,100000,,B002B8Z98W,https://www.amazon.com/Fresh-Produce-Brands-Vary-040/dp/B002B8Z98W/ref=sr_1_1?crid=1E2QJW9TUIM1M&dib=eyJ2IjoiMSJ9.iVv7cS41XMP_JS1wStI9nC4bz6DKy6HJv0wcXSpIoYsdbURJPTMgbT48HHgtzqP9E3RRJ2K7toUH4f1hEoH3hyC8lYjy4A8N8YGi9DCVceHvXbFpniygnrx4t5tUnB9ytdDEY08IZpKnjHWyEDDUZX1TsRSK6YJyx3ZMiZSXwdjjoqQArh9QX8DAIgbs4OnthgnVWNcgO2asxgN1MEPhVNqrwtt6aZa_OJMQzEvmBA4.D58iBGAKBNgEUXTcfoJjwUZo76bTvaezT2sA2IPJhw4&dib_tag=se&keywords=strawberries&qid=1786103884&s=samedaystore&sprefix=mil%2Csamedaystore%2C348&sr=1-1,https://m.media-amazon.com/images/I/71oKpKMVqTL._FMwebp__.jpg,false,,,,{},0,,,,,{},1786103890464
578367,20,01119,1,2,,amazon.com,,"https://www.amazon.com/s?k=strawberries&i=samedaystore&crid=1E2QJW9TUIM1M&sprefix=mil,samedaystore,348&ref=nb_sb_noss_2",Featured,B074H6G852,"365 by Whole Foods Market, Organic Whole Strawberries, 32 oz, (Frozen)",,[],8.99,8.99,0,4.7,11342,,false,amazon.com,serp,true,20000,,B074H6G852,https://www.amazon.com/365-Everyday-Value-Organic-Strawberries/dp/B074H6G852/ref=sr_1_2?crid=1E2QJW9TUIM1M&dib=eyJ2IjoiMSJ9.iVv7cS41XMP_JS1wStI9nC4bz6DKy6HJv0wcXSpIoYsdbURJPTMgbT48HHgtzqP9E3RRJ2K7toUH4f1hEoH3hyC8lYjy4A8N8YGi9DCVceHvXbFpniygnrx4t5tUnB9ytdDEY08IZpKnjHWyEDDUZX1TsRSK6YJyx3ZMiZSXwdjjoqQArh9QX8DAIgbs4OnthgnVWNcgO2asxgN1MEPhVNqrwtt6aZa_OJMQzEvmBA4.D58iBGAKBNgEUXTcfoJjwUZo76bTvaezT2sA2IPJhw4&dib_tag=se&keywords=strawberries&qid=1786103884&s=samedaystore&sprefix=mil%2Csamedaystore%2C348&sr=1-2,https://m.media-amazon.com/images/I/61RcS1saF-L._FMwebp__.jpg,false,,,,{},0,,,,,{},1786103890464
578368,20,01119,1,3,,amazon.com,,"https://www.amazon.com/s?k=strawberries&i=samedaystore&crid=1E2QJW9TUIM1M&sprefix=mil,samedaystore,348&ref=nb_sb_noss_2",Featured,B074J5L82K,"365 by Whole Foods Market, Whole Strawberries, 16 fl oz",,[],3.58,3.58,0,4.7,6569,,false,amazon.com,serp,true,5000,,B074J5L82K,https://www.amazon.com/365-Everyday-Value-Strawberries-Frozen/dp/B074J5L82K/ref=sr_1_3?crid=1E2QJW9TUIM1M&dib=eyJ2IjoiMSJ9.iVv7cS41XMP_JS1wStI9nC4bz6DKy6HJv0wcXSpIoYsdbURJPTMgbT48HHgtzqP9E3RRJ2K7toUH4f1hEoH3hyC8lYjy4A8N8YGi9DCVceHvXbFpniygnrx4t5tUnB9ytdDEY08IZpKnjHWyEDDUZX1TsRSK6YJyx3ZMiZSXwdjjoqQArh9QX8DAIgbs4OnthgnVWNcgO2asxgN1MEPhVNqrwtt6aZa_OJMQzEvmBA4.D58iBGAKBNgEUXTcfoJjwUZo76bTvaezT2sA2IPJhw4&dib_tag=se&keywords=strawberries&qid=1786103884&s=samedaystore&sprefix=mil%2Csamedaystore%2C348&sr=1-3,https://m.media-amazon.com/images/I/61eQRAR-LAL._FMwebp__.jpg,false,,,,{},0,,,,,{},1786103890464
578369,20,01119,1,4,,amazon.com,,"https://www.amazon.com/s?k=strawberries&i=samedaystore&crid=1E2QJW9TUIM1M&sprefix=mil,samedaystore,348&ref=nb_sb_noss_2",Featured,B09WNDHQNM,Kiwi Strawberry Medium,,[],11.99,11.99,0,4.3,103,,false,amazon.com,serp,true,900,,B09WNDHQNM,https://www.amazon.com/Fresh-Produce-Brands-May-Vary/dp/B09WNDHQNM/ref=sr_1_4?crid=1E2QJW9TUIM1M&dib=eyJ2IjoiMSJ9.iVv7cS41XMP_JS1wStI9nC4bz6DKy6HJv0wcXSpIoYsdbURJPTMgbT48HHgtzqP9E3RRJ2K7toUH4f1hEoH3hyC8lYjy4A8N8YGi9DCVceHvXbFpniygnrx4t5tUnB9ytdDEY08IZpKnjHWyEDDUZX1TsRSK6YJyx3ZMiZSXwdjjoqQArh9QX8DAIgbs4OnthgnVWNcgO2asxgN1MEPhVNqrwtt6aZa_OJMQzEvmBA4.D58iBGAKBNgEUXTcfoJjwUZo76bTvaezT2sA2IPJhw4&dib_tag=se&keywords=strawberries&qid=1786103884&s=samedaystore&sprefix=mil%2Csamedaystore%2C348&sr=1-4,https://m.media-amazon.com/images/I/61xE0M026wL._FMwebp__.jpg,false,,,,{},0,,,,,{},1786103890464
578370,20,01119,1,5,,amazon.com,,"https://www.amazon.com/s?k=strawberries&i=samedaystore&crid=1E2QJW9TUIM1M&sprefix=mil,samedaystore,348&ref=nb_sb_noss_2",Featured,B0DPBHLBBP,"Pitaya Foods® Regenerative Organic Strawberries Whole Berries, Pre-Packaged Frozen Fruit, No Added Sugar or Preservatives, Good Source of Fiber, High in Vitamin C & Antioxidants, 100% Fruit, Non-GMO (12 oz Per Bag)",,[],6.39,6.39,0,4.6,94,,false,amazon.com,serp,true,4000,,B0DPBHLBBP,https://www.amazon.com/Pitaya-Regenerative-Strawberries-Pre-Packaged-Preservatives/dp/B0DPBHLBBP/ref=sr_1_5?crid=1E2QJW9TUIM1M&dib=eyJ2IjoiMSJ9.iVv7cS41XMP_JS1wStI9nC4bz6DKy6HJv0wcXSpIoYsdbURJPTMgbT48HHgtzqP9E3RRJ2K7toUH4f1hEoH3hyC8lYjy4A8N8YGi9DCVceHvXbFpniygnrx4t5tUnB9ytdDEY08IZpKnjHWyEDDUZX1TsRSK6YJyx3ZMiZSXwdjjoqQArh9QX8DAIgbs4OnthgnVWNcgO2asxgN1MEPhVNqrwtt6aZa_OJMQzEvmBA4.D58iBGAKBNgEUXTcfoJjwUZo76bTvaezT2sA2IPJhw4&dib_tag=se&keywords=strawberries&qid=1786103884&s=samedaystore&sprefix=mil%2Csamedaystore%2C348&sr=1-5,https://m.media-amazon.com/images/I/71QX6sT1SsL._FMwebp__.jpg,false,,,,{},0,,,,,{},1786103890464
578371,20,01119,1,6,,amazon.com,,"https://www.amazon.com/s?k=strawberries&i=samedaystore&crid=1E2QJW9TUIM1M&sprefix=mil,samedaystore,348&ref=nb_sb_noss_2",Featured,B003AYKYIG,"Blueberries, 1 Pint",,"[""Best Seller""]",2.5,2.5,0,4.7,60832,,false,amazon.com,serp,true,100000,,B003AYKYIG,https://www.amazon.com/Fresh-Produce-Brands-Vary-100174/dp/B003AYKYIG/ref=sr_1_6?crid=1E2QJW9TUIM1M&dib=eyJ2IjoiMSJ9.iVv7cS41XMP_JS1wStI9nC4bz6DKy6HJv0wcXSpIoYsdbURJPTMgbT48HHgtzqP9E3RRJ2K7toUH4f1hEoH3hyC8lYjy4A8N8YGi9DCVceHvXbFpniygnrx4t5tUnB9ytdDEY08IZpKnjHWyEDDUZX1TsRSK6YJyx3ZMiZSXwdjjoqQArh9QX8DAIgbs4OnthgnVWNcgO2asxgN1MEPhVNqrwtt6aZa_OJMQzEvmBA4.D58iBGAKBNgEUXTcfoJjwUZo76bTvaezT2sA2IPJhw4&dib_tag=se&keywords=strawberries&qid=1786103884&s=samedaystore&sprefix=mil%2Csamedaystore%2C348&sr=1-6,https://m.media-amazon.com/images/I/712qtHpm6aL._FMwebp__.jpg,false,,,,{},0,,,,,{},1786103890464
578372,20,01119,1,7,,amazon.com,,"https://www.amazon.com/s?k=strawberries&i=samedaystore&crid=1E2QJW9TUIM1M&sprefix=mil,samedaystore,348&ref=nb_sb_noss_2",Featured,B077N7TR5G,Organic Blueberries Pint,,[],5.54,5.54,0,4.7,27829,,false,amazon.com,serp,true,100000,,B077N7TR5G,https://www.amazon.com/produce-aisle-112042-Organic-Blueberries/dp/B077N7TR5G/ref=sr_1_7?crid=1E2QJW9TUIM1M&dib=eyJ2IjoiMSJ9.iVv7cS41XMP_JS1wStI9nC4bz6DKy6HJv0wcXSpIoYsdbURJPTMgbT48HHgtzqP9E3RRJ2K7toUH4f1hEoH3hyC8lYjy4A8N8YGi9DCVceHvXbFpniygnrx4t5tUnB9ytdDEY08IZpKnjHWyEDDUZX1TsRSK6YJyx3ZMiZSXwdjjoqQArh9QX8DAIgbs4OnthgnVWNcgO2asxgN1MEPhVNqrwtt6aZa_OJMQzEvmBA4.D58iBGAKBNgEUXTcfoJjwUZo76bTvaezT2sA2IPJhw4&dib_tag=se&keywords=strawberries&qid=1786103884&s=samedaystore&sprefix=mil%2Csamedaystore%2C348&sr=1-7,https://m.media-amazon.com/images/I/61RTWtYAGRL._FMwebp__.jpg,false,,,,{},0,,,,,{},1786103890464
578373,20,01119,1,8,,amazon.com,,"https://www.amazon.com/s?k=strawberries&i=samedaystore&crid=1E2QJW9TUIM1M&sprefix=mil,samedaystore,348&ref=nb_sb_noss_2",Featured,B00E3JM7UU,"Organic Blackberries, 6 oz",,[],3.86,3.86,0,4.7,17801,,false,amazon.com,serp,true,100000,,B00E3JM7UU,https://www.amazon.com/produce-aisle-040-01021-Organic-Blackberries/dp/B00E3JM7UU/ref=sr_1_8?crid=1E2QJW9TUIM1M&dib=eyJ2IjoiMSJ9.iVv7cS41XMP_JS1wStI9nC4bz6DKy6HJv0wcXSpIoYsdbURJPTMgbT48HHgtzqP9E3RRJ2K7toUH4f1hEoH3hyC8lYjy4A8N8YGi9DCVceHvXbFpniygnrx4t5tUnB9ytdDEY08IZpKnjHWyEDDUZX1TsRSK6YJyx3ZMiZSXwdjjoqQArh9QX8DAIgbs4OnthgnVWNcgO2asxgN1MEPhVNqrwtt6aZa_OJMQzEvmBA4.D58iBGAKBNgEUXTcfoJjwUZo76bTvaezT2sA2IPJhw4&dib_tag=se&keywords=strawberries&qid=1786103884&s=samedaystore&sprefix=mil%2Csamedaystore%2C348&sr=1-8,https://m.media-amazon.com/images/I/7125y7kPhfL._FMwebp__.jpg,false,,,,{},0,,,,,{},1786103890464
578374,20,01119,1,9,,amazon.com,,"https://www.amazon.com/s?k=strawberries&i=samedaystore&crid=1E2QJW9TUIM1M&sprefix=mil,samedaystore,348&ref=nb_sb_noss_2",Featured,B07GLPFPS4,"Organic Blackberries, 12 Ounce",,[],8.29,8.29,0,4.7,2516,,false,amazon.com,serp,true,10000,,B07GLPFPS4,https://www.amazon.com/Fresh-Produce-Brands-May-Vary/dp/B07GLPFPS4/ref=sr_1_9?crid=1E2QJW9TUIM1M&dib=eyJ2IjoiMSJ9.iVv7cS41XMP_JS1wStI9nC4bz6DKy6HJv0wcXSpIoYsdbURJPTMgbT48HHgtzqP9E3RRJ2K7toUH4f1hEoH3hyC8lYjy4A8N8YGi9DCVceHvXbFpniygnrx4t5tUnB9ytdDEY08IZpKnjHWyEDDUZX1TsRSK6YJyx3ZMiZSXwdjjoqQArh9QX8DAIgbs4OnthgnVWNcgO2asxgN1MEPhVNqrwtt6aZa_OJMQzEvmBA4.D58iBGAKBNgEUXTcfoJjwUZo76bTvaezT2sA2IPJhw4&dib_tag=se&keywords=strawberries&qid=1786103884&s=samedaystore&sprefix=mil%2Csamedaystore%2C348&sr=1-9,https://m.media-amazon.com/images/I/71OAt20-ZRL._FMwebp__.jpg,false,,,,{},0,,,,,{},1786103890464
578375,20,01119,1,10,,amazon.com,,"https://www.amazon.com/s?k=strawberries&i=samedaystore&crid=1E2QJW9TUIM1M&sprefix=mil,samedaystore,348&ref=nb_sb_noss_2",Featured,B07YFDQXQ9,Driscoll's Sweetest Batch Blueberries - 11 Oz,,[],6.99,6.99,0,4.8,4063,,false,amazon.com,serp,true,20000,,B07YFDQXQ9,https://www.amazon.com/Driscolls-Sweetest-Batch-Blueberries-11/dp/B07YFDQXQ9/ref=sr_1_10?crid=1E2QJW9TUIM1M&dib=eyJ2IjoiMSJ9.iVv7cS41XMP_JS1wStI9nC4bz6DKy6HJv0wcXSpIoYsdbURJPTMgbT48HHgtzqP9E3RRJ2K7toUH4f1hEoH3hyC8lYjy4A8N8YGi9DCVceHvXbFpniygnrx4t5tUnB9ytdDEY08IZpKnjHWyEDDUZX1TsRSK6YJyx3ZMiZSXwdjjoqQArh9QX8DAIgbs4OnthgnVWNcgO2asxgN1MEPhVNqrwtt6aZa_OJMQzEvmBA4.D58iBGAKBNgEUXTcfoJjwUZo76bTvaezT2sA2IPJhw4&dib_tag=se&keywords=strawberries&qid=1786103884&s=samedaystore&sprefix=mil%2Csamedaystore%2C348&sr=1-10,https://m.media-amazon.com/images/I/51tNkhEar7L._FMwebp__.jpg,false,,,,{},0,,,,,{},1786103890464
578376,20,01119,1,11,,amazon.com,,"https://www.amazon.com/s?k=strawberries&i=samedaystore&crid=1E2QJW9TUIM1M&sprefix=mil,samedaystore,348&ref=nb_sb_noss_2",Featured,B07B63T74N,"365 by Whole Foods Market, Organic Berry Blend, 32 Ounce",,[],8.99,8.99,0,4.7,10917,,false,amazon.com,serp,true,30000,,B07B63T74N,https://www.amazon.com/365-EVERYDAY-VALUE-Organic-Berry/dp/B07B63T74N/ref=sr_1_11?crid=1E2QJW9TUIM1M&dib=eyJ2IjoiMSJ9.iVv7cS41XMP_JS1wStI9nC4bz6DKy6HJv0wcXSpIoYsdbURJPTMgbT48HHgtzqP9E3RRJ2K7toUH4f1hEoH3hyC8lYjy4A8N8YGi9DCVceHvXbFpniygnrx4t5tUnB9ytdDEY08IZpKnjHWyEDDUZX1TsRSK6YJyx3ZMiZSXwdjjoqQArh9QX8DAIgbs4OnthgnVWNcgO2asxgN1MEPhVNqrwtt6aZa_OJMQzEvmBA4.D58iBGAKBNgEUXTcfoJjwUZo76bTvaezT2sA2IPJhw4&dib_tag=se&keywords=strawberries&qid=1786103884&s=samedaystore&sprefix=mil%2Csamedaystore%2C348&sr=1-11,https://m.media-amazon.com/images/I/61SMKKgAwqL._FMwebp__.jpg,false,,,,{},0,,,,,{},1786103890464
578377,20,01119,1,12,,amazon.com,,"https://www.amazon.com/s?k=strawberries&i=samedaystore&crid=1E2QJW9TUIM1M&sprefix=mil,samedaystore,348&ref=nb_sb_noss_2",Featured,B09WNF2WYW,Kiwi Pineapple Strawberry Medium,,[],6.68,6.68,0,4.4,223,,false,amazon.com,serp,true,1000,,B09WNF2WYW,https://www.amazon.com/Fresh-Produce-Brands-May-Vary/dp/B09WNF2WYW/ref=sr_1_12?crid=1E2QJW9TUIM1M&dib=eyJ2IjoiMSJ9.iVv7cS41XMP_JS1wStI9nC4bz6DKy6HJv0wcXSpIoYsdbURJPTMgbT48HHgtzqP9E3RRJ2K7toUH4f1hEoH3hyC8lYjy4A8N8YGi9DCVceHvXbFpniygnrx4t5tUnB9ytdDEY08IZpKnjHWyEDDUZX1TsRSK6YJyx3ZMiZSXwdjjoqQArh9QX8DAIgbs4OnthgnVWNcgO2asxgN1MEPhVNqrwtt6aZa_OJMQzEvmBA4.D58iBGAKBNgEUXTcfoJjwUZo76bTvaezT2sA2IPJhw4&dib_tag=se&keywords=strawberries&qid=1786103884&s=samedaystore&sprefix=mil%2Csamedaystore%2C348&sr=1-12,https://m.media-amazon.com/images/I/51brn8jo0DL._FMwebp__.jpg,false,,,,{},0,,,,,{},1786103890464
578378,20,01119,1,13,,amazon.com,,"https://www.amazon.com/s?k=strawberries&i=samedaystore&crid=1E2QJW9TUIM1M&sprefix=mil,samedaystore,348&ref=nb_sb_noss_2",Featured,B01HTNAVGI,"Annie's Organic Fruit Tape, Strawberry & Berry Variety Pack (Pack of 12) | Fruit-Flavored Snacks (6 of Each Flavor), Great for Lunchboxes, Gluten-Free, No High Fructose Corn Syrup, 9 oz",,"[""Best Seller""]",7.49,7.49,0,4.7,7053,,false,amazon.com,serp,true,20000,,B01HTNAVGI,https://www.amazon.com/Annies-Strawberry-Organic-Really-Variety/dp/B01HTNAVGI/ref=sr_1_13?crid=1E2QJW9TUIM1M&dib=eyJ2IjoiMSJ9.iVv7cS41XMP_JS1wStI9nC4bz6DKy6HJv0wcXSpIoYsdbURJPTMgbT48HHgtzqP9E3RRJ2K7toUH4f1hEoH3hyC8lYjy4A8N8YGi9DCVceHvXbFpniygnrx4t5tUnB9ytdDEY08IZpKnjHWyEDDUZX1TsRSK6YJyx3ZMiZSXwdjjoqQArh9QX8DAIgbs4OnthgnVWNcgO2asxgN1MEPhVNqrwtt6aZa_OJMQzEvmBA4.D58iBGAKBNgEUXTcfoJjwUZo76bTvaezT2sA2IPJhw4&dib_tag=se&keywords=strawberries&qid=1786103884&s=samedaystore&sprefix=mil%2Csamedaystore%2C348&sr=1-13,https://m.media-amazon.com/images/I/71kE72k7seL._FMwebp__.jpg,false,,,,{},0,,,,"Join Prime to get FREE delivery Tomorrow, Aug 8Or Non-members get FREE delivery Wed, Aug 12 on $35 of items shipped by Amazon","{""delivery"":""Join Prime to get FREE delivery Tomorrow, Aug 8Or Non-members get FREE delivery Wed, Aug 12 on $35 of items shipped by Amazon""}",1786103890464
578379,20,01119,1,14,,amazon.com,,"https://www.amazon.com/s?k=strawberries&i=samedaystore&crid=1E2QJW9TUIM1M&sprefix=mil,samedaystore,348&ref=nb_sb_noss_2",Featured,B09WNG76GN,Mixed Berries Medium,,[],9.99,9.99,0,4.6,523,,false,amazon.com,serp,true,3000,,B09WNG76GN,https://www.amazon.com/Produce-PRODUCE-Mixed-Berries-Medium/dp/B09WNG76GN/ref=sr_1_14?crid=1E2QJW9TUIM1M&dib=eyJ2IjoiMSJ9.iVv7cS41XMP_JS1wStI9nC4bz6DKy6HJv0wcXSpIoYsdbURJPTMgbT48HHgtzqP9E3RRJ2K7toUH4f1hEoH3hyC8lYjy4A8N8YGi9DCVceHvXbFpniygnrx4t5tUnB9ytdDEY08IZpKnjHWyEDDUZX1TsRSK6YJyx3ZMiZSXwdjjoqQArh9QX8DAIgbs4OnthgnVWNcgO2asxgN1MEPhVNqrwtt6aZa_OJMQzEvmBA4.D58iBGAKBNgEUXTcfoJjwUZo76bTvaezT2sA2IPJhw4&dib_tag=se&keywords=strawberries&qid=1786103884&s=samedaystore&sprefix=mil%2Csamedaystore%2C348&sr=1-14,https://m.media-amazon.com/images/I/51gBGSfeu+L._FMwebp__.jpg,false,,,,{},0,,,,,{},1786103890464
578380,20,01119,1,15,,amazon.com,,"https://www.amazon.com/s?k=strawberries&i=samedaystore&crid=1E2QJW9TUIM1M&sprefix=mil,samedaystore,348&ref=nb_sb_noss_2",Featured,B0C9PLML31,"Micro Ingredients Organic Strawberries Sliced, 6.4oz | 100% Natural Fruit | Freeze Dried Strawberry Source | No Sugar & Additives | Healthy Snack & Topping for Beverages or Recipes | Non-GMO, Vegan",,[],29.99,29.99,0,4.6,527,,false,amazon.com,serp,true,1000,,B0C9PLML31,https://www.amazon.com/Organic-Strawberries-Chocolate-Shortcake-Smoothies/dp/B0C9PLML31/ref=sr_1_15?crid=1E2QJW9TUIM1M&dib=eyJ2IjoiMSJ9.iVv7cS41XMP_JS1wStI9nC4bz6DKy6HJv0wcXSpIoYsdbURJPTMgbT48HHgtzqP9E3RRJ2K7toUH4f1hEoH3hyC8lYjy4A8N8YGi9DCVceHvXbFpniygnrx4t5tUnB9ytdDEY08IZpKnjHWyEDDUZX1TsRSK6YJyx3ZMiZSXwdjjoqQArh9QX8DAIgbs4OnthgnVWNcgO2asxgN1MEPhVNqrwtt6aZa_OJMQzEvmBA4.D58iBGAKBNgEUXTcfoJjwUZo76bTvaezT2sA2IPJhw4&dib_tag=se&keywords=strawberries&qid=1786103884&rdc=1&s=samedaystore&sprefix=mil%2Csamedaystore%2C348&sr=1-15,https://m.media-amazon.com/images/I/71U6BYTvHdL._FMwebp__.jpg,false,,,,{},0,,,,"Join Prime to get FREE delivery Tomorrow, Aug 8Or Non-members get FREE delivery Wed, Aug 12 on $35 of items shipped by Amazon","{""delivery"":""Join Prime to get FREE delivery Tomorrow, Aug 8Or Non-members get FREE delivery Wed, Aug 12 on $35 of items shipped by Amazon""}",1786103890464
578381,20,01119,1,16,,amazon.com,,"https://www.amazon.com/s?k=strawberries&i=samedaystore&crid=1E2QJW9TUIM1M&sprefix=mil,samedaystore,348&ref=nb_sb_noss_2",Featured,B0D92ZT7Y7,"SOLELY - Organic Mango & Strawberry Whole Fruit Gummies (Pack of 1 Box, 5 Bags per Box) - Real Fresh Fruit - Healthy Snacks for Adults & Kids - Non GMO, Vegan Snacks, Shelf Stable - 5 Bags (3.5 oz)",,[],8.95,8.95,0,4.4,192,,false,amazon.com,serp,true,7000,,B0D92ZT7Y7,https://www.amazon.com/SOLELY-Organic-Mango-Strawberry-Gummies/dp/B0D92ZT7Y7/ref=sr_1_16?crid=1E2QJW9TUIM1M&dib=eyJ2IjoiMSJ9.iVv7cS41XMP_JS1wStI9nC4bz6DKy6HJv0wcXSpIoYsdbURJPTMgbT48HHgtzqP9E3RRJ2K7toUH4f1hEoH3hyC8lYjy4A8N8YGi9DCVceHvXbFpniygnrx4t5tUnB9ytdDEY08IZpKnjHWyEDDUZX1TsRSK6YJyx3ZMiZSXwdjjoqQArh9QX8DAIgbs4OnthgnVWNcgO2asxgN1MEPhVNqrwtt6aZa_OJMQzEvmBA4.D58iBGAKBNgEUXTcfoJjwUZo76bTvaezT2sA2IPJhw4&dib_tag=se&keywords=strawberries&qid=1786103884&s=samedaystore&sprefix=mil%2Csamedaystore%2C348&sr=1-16,https://m.media-amazon.com/images/I/81hu4tG2euL._FMwebp__.jpg,false,,,,{},0,,,,"Join Prime to get FREE delivery Tomorrow, Aug 8Or Non-members get FREE delivery Wed, Aug 12 on $35 of items shipped by Amazon","{""delivery"":""Join Prime to get FREE delivery Tomorrow, Aug 8Or Non-members get FREE delivery Wed, Aug 12 on $35 of items shipped by Amazon""}",1786103890464
578446,20,01201,1,1,,amazon.com,,"https://www.amazon.com/s?k=strawberries&i=samedaystore&crid=1E2QJW9TUIM1M&sprefix=mil,samedaystore,348&ref=nb_sb_noss_2",Featured,B000P6J0SM,"Strawberries, 1 Lb",,[],0,0,0,4.6,90826,,false,amazon.com,serp,false,100000,,B000P6J0SM,https://www.amazon.com/Fresh-Produce-Brands-May-Vary/dp/B000P6J0SM/ref=sr_1_1?crid=1E2QJW9TUIM1M&dib=eyJ2IjoiMSJ9.SGthgIk7y8Fgq9wjsb_LL07Ymj5wsKitf5uSzHmwR2Why4TwbJUHlBZt-SUyhjJDPGVVErLVRBwA-aBN8UpeM3rsbsZ2QC-Tzohk5FU6LV1WNLiK28LqUzpd6AMuXM_GUMiX8MBwmnN5gR5nWgyUzEhaJgnZiKH0NspUTxt5F1O69R94OvIAUCE8_7q1JYTjMwpozHOo9vCajvHeA1cBuh2sESCK-n_0xifclVWIGXw.TP-TLMvU9YFN5b-L3YP98Kb8Kz2LXrDAoqlKEfVwWe8&dib_tag=se&keywords=strawberries&qid=1786103887&s=samedaystore&sprefix=mil%2Csamedaystore%2C348&sr=1-1,https://m.media-amazon.com/images/I/719HRHktywL._FMwebp__.jpg,false,,,,{},0,,,,,{},1786103896885
578447,20,01201,1,2,,amazon.com,,"https://www.amazon.com/s?k=strawberries&i=samedaystore&crid=1E2QJW9TUIM1M&sprefix=mil,samedaystore,348&ref=nb_sb_noss_2",Featured,B0DDC6STC6,"8.82oz Freeze Dried Strawberry Pieces, 100% Natural for Snacks & Baking | Premium Frozen Dried Strawberrys, No,Gluten, No Allergen, Sweet Fruit Flakes for Cooking, Baking and Flavorful Recipes",,[],14.99,14.99,0,4.2,551,,false,amazon.com,serp,true,2000,,B0DDC6STC6,https://www.amazon.com/Premium-Freeze-Dried-Strawberries-Pieces/dp/B0DDC6STC6/ref=sr_1_2?crid=1E2QJW9TUIM1M&dib=eyJ2IjoiMSJ9.SGthgIk7y8Fgq9wjsb_LL07Ymj5wsKitf5uSzHmwR2Why4TwbJUHlBZt-SUyhjJDPGVVErLVRBwA-aBN8UpeM3rsbsZ2QC-Tzohk5FU6LV1WNLiK28LqUzpd6AMuXM_GUMiX8MBwmnN5gR5nWgyUzEhaJgnZiKH0NspUTxt5F1O69R94OvIAUCE8_7q1JYTjMwpozHOo9vCajvHeA1cBuh2sESCK-n_0xifclVWIGXw.TP-TLMvU9YFN5b-L3YP98Kb8Kz2LXrDAoqlKEfVwWe8&dib_tag=se&keywords=strawberries&qid=1786103887&s=samedaystore&sprefix=mil%2Csamedaystore%2C348&sr=1-2,https://m.media-amazon.com/images/I/81xiHZ9luhL._FMwebp__.jpg,false,,,,{},0,,,,"Join Prime to get FREE delivery Tomorrow, Aug 8Or Non-members get FREE delivery Wed, Aug 12 on $35 of items shipped by Amazon","{""delivery"":""Join Prime to get FREE delivery Tomorrow, Aug 8Or Non-members get FREE delivery Wed, Aug 12 on $35 of items shipped by Amazon""}",1786103896885
578448,20,01201,1,3,,amazon.com,,"https://www.amazon.com/s?k=strawberries&i=samedaystore&crid=1E2QJW9TUIM1M&sprefix=mil,samedaystore,348&ref=nb_sb_noss_2",Featured,B002B8Z98W,"Organic Strawberries, 1 Lb",,[],0,0,0,4.6,40783,,false,amazon.com,serp,false,100000,,B002B8Z98W,https://www.amazon.com/Fresh-Produce-Brands-Vary-040/dp/B002B8Z98W/ref=sr_1_3?crid=1E2QJW9TUIM1M&dib=eyJ2IjoiMSJ9.SGthgIk7y8Fgq9wjsb_LL07Ymj5wsKitf5uSzHmwR2Why4TwbJUHlBZt-SUyhjJDPGVVErLVRBwA-aBN8UpeM3rsbsZ2QC-Tzohk5FU6LV1WNLiK28LqUzpd6AMuXM_GUMiX8MBwmnN5gR5nWgyUzEhaJgnZiKH0NspUTxt5F1O69R94OvIAUCE8_7q1JYTjMwpozHOo9vCajvHeA1cBuh2sESCK-n_0xifclVWIGXw.TP-TLMvU9YFN5b-L3YP98Kb8Kz2LXrDAoqlKEfVwWe8&dib_tag=se&keywords=strawberries&qid=1786103887&s=samedaystore&sprefix=mil%2Csamedaystore%2C348&sr=1-3,https://m.media-amazon.com/images/I/71oKpKMVqTL._FMwebp__.jpg,false,,,,{},0,,,,,{},1786103896885
578449,20,01201,1,4,,amazon.com,,"https://www.amazon.com/s?k=strawberries&i=samedaystore&crid=1E2QJW9TUIM1M&sprefix=mil,samedaystore,348&ref=nb_sb_noss_2",Featured,B0FT35CP55,"Premium Freeze Dried Strawberry Slices | 7.05oz | No Sugar Added | in Resealable Jar Non-GMO, Vegan Snacks | Crunchy Wellsome Topping for Yogurt, Smoothie Bowls, Baking & On-the-Go Fruit Snack",,[],17.99,17.99,0,4.7,54,,false,amazon.com,serp,true,300,,B0FT35CP55,https://www.amazon.com/Premium-Strawberry-Resealable-Wellsome-Smoothie/dp/B0FT35CP55/ref=sr_1_4?crid=1E2QJW9TUIM1M&dib=eyJ2IjoiMSJ9.SGthgIk7y8Fgq9wjsb_LL07Ymj5wsKitf5uSzHmwR2Why4TwbJUHlBZt-SUyhjJDPGVVErLVRBwA-aBN8UpeM3rsbsZ2QC-Tzohk5FU6LV1WNLiK28LqUzpd6AMuXM_GUMiX8MBwmnN5gR5nWgyUzEhaJgnZiKH0NspUTxt5F1O69R94OvIAUCE8_7q1JYTjMwpozHOo9vCajvHeA1cBuh2sESCK-n_0xifclVWIGXw.TP-TLMvU9YFN5b-L3YP98Kb8Kz2LXrDAoqlKEfVwWe8&dib_tag=se&keywords=strawberries&qid=1786103887&s=samedaystore&sprefix=mil%2Csamedaystore%2C348&sr=1-4,https://m.media-amazon.com/images/I/911yY8wECIL._FMwebp__.jpg,false,,,,{},0,,,,"Join Prime to get FREE delivery Sun, Aug 9Or Non-members get FREE delivery Wed, Aug 12 on $35 of items shipped by Amazon","{""delivery"":""Join Prime to get FREE delivery Sun, Aug 9Or Non-members get FREE delivery Wed, Aug 12 on $35 of items shipped by Amazon""}",1786103896885
