Date,Retailer,Keyword,Retailer Store Id,Retailer Store Name,Zipcode,Page Number,Result Position,Product Name,Brand,Is Sponsored,Badges,Price,Price Regular,Price Discounted,Price Discount Percentage,Price Is Discounted,Price Currency,Stock Availability,Stock Quantity,Rating,Rating Count,Reviews Count,Retailer Review Summary,Monthly Sales Volume,Weekly Sales Volume,Model Number,Image Url,Images,Url,Item Condition,Fulfilled By Retailer,Seller,Buy Box Seller,Returnable,Returnable In,Shipping Cost,Shipping Extras,Specification,Offers,Variant Configuration,Physical Properties,Product Identifiers,Reviews Summary,Retailer Ranks,Videos,Has 360 Images,Has Enhanced Content,Shipping Delivery Zipcode,Shipping Expected Delivery Date,Shipping Type,Description Short,Description Full,Product Aspects,Extras,Run Id,Keyword Id,Retailer Product Id,Latitude,Longitude,Time Created
2026-08-07T02:36:08.670331,walmart.com,strawberries,3537,Lakewood Supercenter,98499,1,1,"Fresh Strawberries, 1 lb Container",,False,['Overall pick'],2.38,,,,,,,,3.8,167998,,,,,,https://i5.walmartimages.com/seo/Fresh-Strawberries-1-lb-Container_b54a64ad-e961-46cf-b60c-bc763716fb0b.a481cdfd237c5ab5438d5c9e90bead07.jpeg,,https://www.walmart.com/ip/Fresh-Strawberries-1-lb-Container/44391605?classType=REGULAR&athbdg=L1200,,,,,,,,,,,,,{'product_id': '44391605'},,,,,,,,,,,,,49714,15441,44391605,47.193987,-122.517013,2026-08-07T02:36:08.670331
2026-08-07T02:36:08.670331,walmart.com,strawberries,3537,Lakewood Supercenter,98499,1,2,"Fresh Strawberries, 2 lb Container",,False,['Best seller'],4.52,,,,,,,,3.9,92419,,,,,,https://i5.walmartimages.com/seo/Fresh-Strawberries-2-lb-Container_dd2bcd97-25af-4a91-9258-989853e16b2f_1.36dd4f1579a25d423741d9970de3ddac.jpeg,,https://www.walmart.com/ip/Fresh-Strawberries-2-lb-Container/22660282?classType=REGULAR&athbdg=L1600,,,,,,,,,,,,,{'product_id': '22660282'},,,,,,,,,,,,,49714,15441,22660282,47.193987,-122.517013,2026-08-07T02:36:08.670331
2026-08-07T02:36:08.670331,walmart.com,strawberries,3537,Lakewood Supercenter,98499,1,3,"Fresh USDA Organic Strawberries, 1 lb Container",,False,['10K+ bought since yesterday'],3.33,,,,,,,,3.6,7254,,,,10000,,https://i5.walmartimages.com/seo/Fresh-USDA-Organic-Strawberries-1-lb-Container_d9df3e2b-85ca-40ea-9580-b907ef043406.a7afdd2ac762c18c954e62a470734b87.png,,https://www.walmart.com/ip/Fresh-USDA-Organic-Strawberries-1-lb-Container/45618183?classType=REGULAR&athbdg=L1102,,,,,,,,,,,,,{'product_id': '45618183'},,,,,,,,,,,,,49714,15441,45618183,47.193987,-122.517013,2026-08-07T02:36:08.670331
2026-08-07T02:36:08.670331,walmart.com,strawberries,3537,Lakewood Supercenter,98499,1,4,"Fresh Hydroponic Grown Strawberries, 1 lb Container",,False,,3.26,,,,,,,,3.2,293,,,,,,https://i5.walmartimages.com/seo/Fresh-Ocean-Spray-Hydroponic-Strawberries-1-lb-Container_b72a1d68-d4a1-4b9f-a42f-a0944ef1b8f9.7921f4e711ab8be32944328c3acbbb27.jpeg,,https://www.walmart.com/ip/Fresh-Ocean-Spray-Hydroponic-Strawberries-1-lb-Container/649701131?classType=REGULAR,,,,,,,,,,,,,{'product_id': '649701131'},,,,,,,,,,,,,49714,15441,649701131,47.193987,-122.517013,2026-08-07T02:36:08.670331
2026-08-07T02:36:08.670331,walmart.com,strawberries,3537,Lakewood Supercenter,98499,1,5,"Great Value Whole Strawberries, 16 oz (Frozen)",,False,['Best seller'],2.86,,,,,,,,4.6,10262,,,,10000,,https://i5.walmartimages.com/seo/GV-Whole-Strawb-16oz_14b5eca6-798a-43fa-91be-f365ec3fc646.f54aab8f1878d45f752a6dfec54dad12.jpeg,,https://www.walmart.com/ip/GV-Whole-Strawb-16oz/10543663?classType=REGULAR&athbdg=L1600,,,,,,,,,,,,,{'product_id': '10543663'},,,,,,,,,,,,,49714,15441,10543663,47.193987,-122.517013,2026-08-07T02:36:08.670331
2026-08-07T02:36:08.670331,walmart.com,strawberries,3537,Lakewood Supercenter,98499,1,9,"Commodity Fruit Whole Strawberry Piece, 30 Pound -- 1 each.",,False,,140.64,,,,,,,,1.0,2,,,,,,https://i5.walmartimages.com/seo/Commodity-Fruit-Whole-Strawberry-Piece-30-Pound-1-each_cea2a115-2819-444e-9e54-0e83bd5459f7.6b7febd8c01e24528174019cb3358daf.jpeg,,https://www.walmart.com/ip/Commodity-Fruit-Whole-Strawberry-Piece-30-Pound-1-each/151247942?classType=REGULAR,,,,,,,,,,,,,{'product_id': '151247942'},,,,,,,,,,,,,49714,15441,151247942,47.193987,-122.517013,2026-08-07T02:36:08.670331
2026-08-07T02:36:08.670331,walmart.com,strawberries,3537,Lakewood Supercenter,98499,1,6,"Great Value Sliced Strawberries, 64 oz (Frozen)",,False,['5K+ bought since yesterday'],9.82,,,,,,,,4.7,8483,,,,5000,,https://i5.walmartimages.com/seo/Great-Value-Sliced-Strawberries-64-oz-Frozen_bec1b1a6-7179-4139-8b85-bff6202dda70_4.96ef909a06b019e320228b4a7a4f12f3.jpeg,,https://www.walmart.com/ip/Great-Value-Sliced-Strawberries-64-oz-Frozen/672666564?classType=REGULAR&athbdg=L1102,,,,,,,,,,,,,{'product_id': '672666564'},,,,,,,,,,,,,49714,15441,672666564,47.193987,-122.517013,2026-08-07T02:36:08.670331
2026-08-07T02:36:08.670331,walmart.com,strawberries,3537,Lakewood Supercenter,98499,1,7,"Great Value Whole Strawberries, 64 oz (Frozen)",,False,,9.42,,,,,,,,4.7,4965,,,,,,https://i5.walmartimages.com/seo/Great-Value-Whole-Strawberries-64-oz-Frozen_c4e4ef22-2d66-413b-939d-565333deaef4.3a82c613d8beefa6a65578be554dbcd1.jpeg,,https://www.walmart.com/ip/Great-Value-Whole-Strawberries-64-oz-Frozen/44389039?classType=REGULAR,,,,,,,,,,,,,{'product_id': '44389039'},,,,,,,,,,,,,49714,15441,44389039,47.193987,-122.517013,2026-08-07T02:36:08.670331
2026-08-07T02:36:08.670331,walmart.com,strawberries,3537,Lakewood Supercenter,98499,1,11,"Dole Sliced Strawberry, 14 oz, 8 per Case",,False,,86.47,,,,,,,,3.0,1,,,,,,https://i5.walmartimages.com/seo/Dole-Sliced-Strawberry-14-oz-8-per-Case_67628534-7f4c-497d-a9d7-06fb36bfaee9.7e688b4ec63867c0edb58f5d4ae630c7.jpeg,,https://www.walmart.com/ip/Dole-Sliced-Strawberry-14-oz-8-per-Case/645793229?classType=REGULAR,,,,,,,,,,,,,{'product_id': '645793229'},,,,,,,,,,,,,49714,15441,645793229,47.193987,-122.517013,2026-08-07T02:36:08.670331
2026-08-07T02:36:08.670331,walmart.com,strawberries,3537,Lakewood Supercenter,98499,1,8,"Great Value Organic Whole Strawberries, 10 oz (Frozen)",,False,,2.64,,,,,,,,4.4,725,,,,,,https://i5.walmartimages.com/seo/Great-Value-Organic-Whole-Strawberries-10-oz-Frozen_f93c0976-aab9-4d98-854d-00862c228d14_2.5916adeda594e610dd09d0bcf71954d4.jpeg,,https://www.walmart.com/ip/Great-Value-Organic-Whole-Strawberries-10-oz-Frozen/12329751?classType=REGULAR,,,,,,,,,,,,,{'product_id': '12329751'},,,,,,,,,,,,,49714,15441,12329751,47.193987,-122.517013,2026-08-07T02:36:08.670331
2026-08-07T02:36:08.670331,walmart.com,strawberries,3537,Lakewood Supercenter,98499,1,12,"Dole Individual Quick Frozen Strawberry, 30 Pound",,False,,158.44,,,,,,,,0.0,0,,,,,,https://i5.walmartimages.com/seo/Dole-Individual-Quick-Frozen-Strawberry-30-Pound_8cd14247-44f8-483b-8d1f-5b3807d2530e.c6cf3586864eb32ac445adf7ae5404a4.jpeg,,https://www.walmart.com/ip/Dole-Individual-Quick-Frozen-Strawberry-30-Pound/1891056080?classType=REGULAR,,,,,,,,,,,,,{'product_id': '1891056080'},,,,,,,,,,,,,49714,15441,1891056080,47.193987,-122.517013,2026-08-07T02:36:08.670331
2026-08-07T02:36:08.670331,walmart.com,strawberries,3537,Lakewood Supercenter,98499,1,10,"Great Value Sliced Strawberries with Sugar, 23.2 oz (Frozen)",,False,,5.44,,,,,,,,4.6,2991,,,,,,https://i5.walmartimages.com/seo/Great-Value-Sliced-Strawberries-with-Sugar-23-2-oz-Frozen_76fe351a-4a65-46fb-af6c-3b83443d255b.575c3e87b0b7f3af9a110c3ec34f1f23.jpeg,,https://www.walmart.com/ip/Great-Value-Sliced-Strawberries-with-Sugar-23-2-oz-Frozen/31712521?classType=REGULAR,,,,,,,,,,,,,{'product_id': '31712521'},,,,,,,,,,,,,49714,15441,31712521,47.193987,-122.517013,2026-08-07T02:36:08.670331
2026-08-07T02:36:08.670331,walmart.com,strawberries,3537,Lakewood Supercenter,98499,1,13,"Dole Individual Quick Frozen Strawberry, 5 Pound -- 2 per case.",,False,,89.93,,,,,,,,0.0,0,,,,,,https://i5.walmartimages.com/seo/Dole-Individual-Quick-Frozen-Strawberry-5-Pound-2-per-case_42d8a431-e17d-4bfa-9aa0-42c37898c0dc.0cb8f85fe1438eb29183c4d77d78fdc1.jpeg,,https://www.walmart.com/ip/Dole-Individual-Quick-Frozen-Strawberry-5-Pound-2-per-case/960104993?classType=REGULAR,,,,,,,,,,,,,{'product_id': '960104993'},,,,,,,,,,,,,49714,15441,960104993,47.193987,-122.517013,2026-08-07T02:36:08.670331
2026-08-07T02:36:08.670331,walmart.com,strawberries,3537,Lakewood Supercenter,98499,1,17,"(6 pack) Augason Farms Freeze Dried Sliced Strawberries Can - Gluten Free Snack for Baking, Smoothies, and Emergency Storage - Healthy Individual Fruit Snacks – 6.5 Ounces (18 Servings)",,False,,119.88,,,,,,,,0.0,0,,,,,,https://i5.walmartimages.com/seo/6-pack-Augason-Farms-Freeze-Dried-Sliced-Strawberries-6-4-oz-No-10-Can_fa5b1700-d18e-468a-8b17-a539d9eb3981.eefa5a1baf4f027db39f248db9955e10.jpeg?odnHeight=180&odnWidth=180&odnBg=FFFFFF,,https://www.walmart.com/ip/6-pack-Augason-Farms-Freeze-Dried-Sliced-Strawberries-6-4-oz-No-10-Can/15382562000?classType=VARIANT,,,,,,,,,,,,,{'product_id': '15382562000'},,,,,,,,,,,,,49714,15441,15382562000,47.193987,-122.517013,2026-08-07T02:36:08.670331
2026-08-07T02:36:08.670331,walmart.com,strawberries,3537,Lakewood Supercenter,98499,1,18,"Dried Sweetened Strawberries by Its Delish, 10 lbs",,False,,107.0,,,,,,,,4.3,21,,,,,,https://i5.walmartimages.com/seo/Dried-Sweetened-Strawberries-by-Its-Delish-10-lbs_4eccefce-4bec-4c2b-b576-9771063436c0.a967e7c8cd3dfcf595bfa72e97624bfd.jpeg,,https://www.walmart.com/ip/Dried-Sweetened-Strawberries-by-Its-Delish-10-lbs/770977252?classType=VARIANT,,,,,,,,,,,,,{'product_id': '770977252'},,,,,,,,,,,,,49714,15441,770977252,47.193987,-122.517013,2026-08-07T02:36:08.670331
2026-08-07T02:36:08.670331,walmart.com,strawberries,3537,Lakewood Supercenter,98499,1,19,"Organic Freeze-Dried Strawberries, 1 Pound - Non-GMO, Kosher, Bulk - by Food to Live",,False,,74.38,,,,,,,,4.3,3,,,,,,https://i5.walmartimages.com/seo/Organic-Freeze-Dried-Strawberries-1-Pound-Non-GMO-Kosher-Bulk-by-Food-to-Live_c54b2692-2e58-4f54-bddb-ef9ecab4baac.72dd21d51f9c1e9dffffc1d132355130.jpeg,,https://www.walmart.com/ip/Organic-Freeze-Dried-Strawberries-1-Pound-Non-GMO-Kosher-Bulk-by-Food-to-Live/16242366408?classType=VARIANT,,,,,,,,,,,,,{'product_id': '16242366408'},,,,,,,,,,,,,49714,15441,16242366408,47.193987,-122.517013,2026-08-07T02:36:08.670331
2026-08-07T02:36:08.670331,walmart.com,strawberries,3537,Lakewood Supercenter,98499,1,20,"Organic Dried Strawberries, 4 Pounds  Non-GMO, Kosher, Sweetened  by Food to Live",,False,,79.52,,,,,,,,4.3,22,,,,,,https://i5.walmartimages.com/seo/Organic-Dried-Strawberries-4-Pounds-Non-GMO-Kosher-Sweetened-by-Food-to-Live_84b3350b-46a9-432e-a1e4-0b5200442d9a.652deedfefcba9a00df1647796cf258c.jpeg,,https://www.walmart.com/ip/Organic-Dried-Strawberries-4-Pounds-Non-GMO-Kosher-Sweetened-by-Food-to-Live/170251660?classType=VARIANT,,,,,,,,,,,,,{'product_id': '170251660'},,,,,,,,,,,,,49714,15441,170251660,47.193987,-122.517013,2026-08-07T02:36:08.670331
2026-08-07T02:36:08.670331,walmart.com,strawberries,3537,Lakewood Supercenter,98499,1,21,"Organic Dried Strawberries, 2 Pounds  Non-GMO, Kosher, Sweetened  by Food to Live",,False,,48.66,,,,,,,,4.3,22,,,,,,https://i5.walmartimages.com/seo/Organic-Dried-Strawberries-2-Pounds-Non-GMO-Kosher-Sweetened-by-Food-to-Live_84b3350b-46a9-432e-a1e4-0b5200442d9a.652deedfefcba9a00df1647796cf258c.jpeg,,https://www.walmart.com/ip/Organic-Dried-Strawberries-2-Pounds-Non-GMO-Kosher-Sweetened-by-Food-to-Live/652044157?classType=VARIANT,,,,,,,,,,,,,{'product_id': '652044157'},,,,,,,,,,,,,49714,15441,652044157,47.193987,-122.517013,2026-08-07T02:36:08.670331
2026-08-07T02:36:16.199771,walmart.com,strawberries,3537,Lakewood Supercenter,98499,1,14,"Great Value Sliced Strawberries with Sugar, 15.5 oz (Frozen)",,False,,3.96,,,,,,,,4.5,2064,,,,,,https://i5.walmartimages.com/seo/Great-Value-Sliced-Strawberries-with-Sugar-15-5-oz-Frozen_832cb121-7cad-4dee-abb9-cda28cf80e36.f8c09a2e8a252a936220524c8e7e8e76.jpeg,,https://www.walmart.com/ip/Great-Value-Sliced-Strawberries-with-Sugar-15-5-oz-Frozen/22569731?classType=REGULAR,,,,,,,,,,,,,{'product_id': '22569731'},,,,,,,,,,,,,49714,15441,22569731,47.193987,-122.517013,2026-08-07T02:36:16.199771
2026-08-07T02:36:16.199771,walmart.com,strawberries,3537,Lakewood Supercenter,98499,1,15,"Simplot Classic Whole Strawberry Fruit, 10 Pound - 1 each.",,False,,92.56,,,,,,,,0.0,0,,,,,,https://i5.walmartimages.com/seo/Simplot-Classic-Whole-Strawberry-Fruit-10-Pound-1-each_d3090d40-d6c7-4e30-ab24-24511b4a761f.abc4979e5cd2c9e58f7e4692094097a8.jpeg,,https://www.walmart.com/ip/Simplot-Classic-Whole-Strawberry-Fruit-10-Pound-1-each/411691083?classType=REGULAR,,,,,,,,,,,,,{'product_id': '411691083'},,,,,,,,,,,,,49714,15441,411691083,47.193987,-122.517013,2026-08-07T02:36:16.199771
2026-08-07T02:36:16.199771,walmart.com,strawberries,3537,Lakewood Supercenter,98499,1,16,"bettergoods Organic Dried Strawberries, 5 oz",,False,,7.12,,,,,,,,4.2,499,,,,,,https://i5.walmartimages.com/seo/bettergoods-Organic-Dried-Strawberries-5-oz_6f1d1da0-e77b-4353-af9d-334dea89adee.1dee10be180c621f4fa263c0a4c231b2.jpeg?odnHeight=180&odnWidth=180&odnBg=FFFFFF,,https://www.walmart.com/ip/bettergoods-Organic-Dried-Strawberries-5-oz/5464020048?classType=VARIANT,,,,,,,,,,,,,{'product_id': '5464020048'},,,,,,,,,,,,,49714,15441,5464020048,47.193987,-122.517013,2026-08-07T02:36:16.199771
2026-08-07T02:36:16.199771,walmart.com,strawberries,3537,Lakewood Supercenter,98499,1,23,Happy Village Organic Soft Dried Strawberries 18 oz Resealable Pack,,False,,26.01,,,,,,,,4.5,54,,,,,,https://i5.walmartimages.com/seo/Happy-Village-Organic-Whole-Dried-Strawberries-18-OZ-Resealable-Pack-Soft-Juicy-Kosher-Non-GMO-Refined-Sugar-Organic-Apple-Juice-Infused-Organic-Drie_3e3dbd2a-21c8-4b00-b01c-5cc457202f52.4696598a6ed2b3ffa82f594b823d7292.jpeg,,https://www.walmart.com/ip/Happy-Village-Organic-Whole-Dried-Strawberries-18-OZ-Resealable-Pack-Soft-Juicy-Kosher-Non-GMO-No-Refined-Sugar-Apple-Juice-Infused-Strawberry/1676663793?classType=VARIANT,,,,,,,,,,,,,{'product_id': '1676663793'},,,,,,,,,,,,,49714,15441,1676663793,47.193987,-122.517013,2026-08-07T02:36:16.199771
2026-08-07T02:36:16.199771,walmart.com,strawberries,3537,Lakewood Supercenter,98499,1,22,Future Essentials Freeze Dried Long Shelf Life Emergency Food Sliced Strawberries #2.5/ 2.2oz/Can- 12 Cans,,False,,249.0,,,,,,,,0.0,0,,,,,,https://i5.walmartimages.com/seo/Future-Essentials-Freeze-Dried-Long-Shelf-Life-Emergency-Food-Sliced-Strawberries-2-5-2-2oz-Can-12-Cans_232eed1c-6312-4173-8cde-41b7d7f02d2f.c7cae552b54b61b1a7200d5fbf3cfe64.png,,https://www.walmart.com/ip/Future-Essentials-Freeze-Dried-Long-Shelf-Life-Emergency-Food-Sliced-Strawberries-2-5-2-2oz-Can-12-Cans/1175074664?classType=REGULAR,,,,,,,,,,,,,{'product_id': '1175074664'},,,,,,,,,,,,,49714,15441,1175074664,47.193987,-122.517013,2026-08-07T02:36:16.199771
2026-08-07T02:36:16.199771,walmart.com,strawberries,3537,Lakewood Supercenter,98499,1,24,"Nutrient Survival Freeze Dried Strawberry Slices, Long-Term Shelf Life, 100% Real Strawberries",,False,,19.97,,,,,,,,3.2,5,,,,,,https://i5.walmartimages.com/seo/Freeze-Dried-Strawberries-Premium-Sliced-10-Can-25-Year-Shelf-Life-Emergency-Food-Clean-Snacking_cd9ba6cd-b06d-4520-88d3-23b21f2ad2ac.9fa5a0d014b75a61970ea70d9b9db896.png,,https://www.walmart.com/ip/Freeze-Dried-Strawberries-Premium-Sliced-10-Can-25-Year-Shelf-Life-Emergency-Food-Clean-Snacking/17895901386?classType=REGULAR,,,,,,,,,,,,,{'product_id': '17895901386'},,,,,,,,,,,,,49714,15441,17895901386,47.193987,-122.517013,2026-08-07T02:36:16.199771
2026-08-07T02:36:16.199771,walmart.com,strawberries,3537,Lakewood Supercenter,98499,1,25,"swiig Freeze-Dried, Diced Strawberries 205g",,False,,38.29,,,,,,,,0.0,0,,,,,,https://i5.walmartimages.com/seo/swiig-Freeze-Dried-Diced-Strawberries-205g_a4f32191-6190-4ccc-8621-a3ef0df6aab0.b531cbd4c0d08490c3b0c6ed4ad2c964.jpeg,,https://www.walmart.com/ip/swiig-Freeze-Dried-Diced-Strawberries-205g/19644053840?classType=REGULAR,,,,,,,,,,,,,{'product_id': '19644053840'},,,,,,,,,,,,,49714,15441,19644053840,47.193987,-122.517013,2026-08-07T02:36:16.199771
2026-08-07T02:36:16.199771,walmart.com,strawberries,3537,Lakewood Supercenter,98499,1,27,"NY SPICE SHOP Whole Dried Strawberries - 3 Pound - Dried Whole Strawberries - Chewy Strawberry Treats - Dried Strawberry Snacks - Vibrant Whole Berry Treats for Toppings, Mixes & Everyday Use",,False,,47.99,,,,,,,,4.2,28,,,,,,https://i5.walmartimages.com/seo/NY-SPICE-SHOP-Dried-Whole-Strawberry-3-Pound-Dried-Strawberries-Natural-Dry-Fruits_701123a9-32bd-44a8-8be6-2be21a242276.dd65300a86f2462349f3fac8d30d0db7.jpeg,,https://www.walmart.com/ip/NY-SPICE-SHOP-Dried-Whole-Strawberry-3-Pound-Dried-Strawberries-Natural-Dry-Fruits/3144525957?classType=VARIANT,,,,,,,,,,,,,{'product_id': '3144525957'},,,,,,,,,,,,,49714,15441,3144525957,47.193987,-122.517013,2026-08-07T02:36:16.199771
2026-08-07T02:36:16.199771,walmart.com,strawberries,3537,Lakewood Supercenter,98499,1,28,"Dried Sweetened Strawberries by Its Delish, 2 lbs",,False,,31.99,,,,,,,,4.3,21,,,,,,https://i5.walmartimages.com/seo/Dried-Sweetened-Strawberries-by-Its-Delish-2-lbs_0bca079b-04eb-414b-aec1-2ac63d11f22e.be90c81917c58cecd461b91c7f969c98.jpeg,,https://www.walmart.com/ip/Dried-Sweetened-Strawberries-by-Its-Delish-2-lbs/125646004?classType=VARIANT,,,,,,,,,,,,,{'product_id': '125646004'},,,,,,,,,,,,,49714,15441,125646004,47.193987,-122.517013,2026-08-07T02:36:16.199771
2026-08-07T02:36:16.199771,walmart.com,strawberries,3537,Lakewood Supercenter,98499,1,29,(Pack of 6) Sunny Fruit Organic Dried Strawberries 3.5 Oz,,False,,56.99,,,,,,,,0.0,0,,,,,,https://i5.walmartimages.com/seo/Pack-of-6-Sunny-Fruit-Organic-Dried-Strawberries-3-5-Oz_9ef053f8-715c-4628-be2c-c3d0f07aaa13.9816c17d234de0f2e9bd50888c3fb870.png,,https://www.walmart.com/ip/Pack-of-6-Sunny-Fruit-Organic-Dried-Strawberries-3-5-Oz/18243070086?classType=VARIANT,,,,,,,,,,,,,{'product_id': '18243070086'},,,,,,,,,,,,,49714,15441,18243070086,47.193987,-122.517013,2026-08-07T02:36:16.199771
2026-08-07T02:36:16.199771,walmart.com,strawberries,3537,Lakewood Supercenter,98499,1,26,"Dole Sliced Strawberry, 5 Pound - 2 per case.",,False,,98.02,,,,,,,,0.0,0,,,,,,https://i5.walmartimages.com/seo/Dole-Sliced-Strawberry-5-Pound-2-per-case_ee37a60b-9bde-41fc-b0b4-6821632b4320.b77a6366bda2ae0192768cb0e9666c0b.jpeg,,https://www.walmart.com/ip/Dole-Sliced-Strawberry-5-Pound-2-per-case/402465107?classType=REGULAR,,,,,,,,,,,,,{'product_id': '402465107'},,,,,,,,,,,,,49714,15441,402465107,47.193987,-122.517013,2026-08-07T02:36:16.199771
2026-08-07T02:36:16.199771,walmart.com,strawberries,3537,Lakewood Supercenter,98499,1,30,"Freeze-Dried Whole Strawberries, Unsliced | Family Party Size | 8 Ounce",,False,,20.46,,,,,,,,5.0,2,,,,,,https://i5.walmartimages.com/seo/Freeze-Dried-Whole-Strawberries-Unsliced-Family-Party-Size-8-Ounce_f9a710fc-03c3-48a5-aaf6-ba9eae862097.49482392ec5b1fa61f480aa82519a84b.png,,https://www.walmart.com/ip/Freeze-Dried-Whole-Strawberries-Unsliced-Family-Party-Size-8-Ounce/15228253752?classType=REGULAR,,,,,,,,,,,,,{'product_id': '15228253752'},,,,,,,,,,,,,49714,15441,15228253752,47.193987,-122.517013,2026-08-07T02:36:16.199771
2026-08-07T02:36:16.199771,walmart.com,strawberries,3537,Lakewood Supercenter,98499,1,35,"Happy Village Organic Soft Dried Strawberries On the Go, 15 x 1 oz Packs",,False,,28.99,,,,,,,,4.5,54,,,,,,https://i5.walmartimages.com/seo/Happy-Village-Organic-Soft-Dried-Strawberries-Go-3-Bags-15-Individual-Portion-Packs-Healthy-Organic-Non-GMO-Vegan-Kosher-Gluten-Free-Snack-Packs_7b721f74-6032-4434-889a-fb812d853b05.3f871b7fe4174b82bea6bd8b11ccb174.jpeg,,https://www.walmart.com/ip/Happy-Village-Organic-Soft-Dried-Strawberries-Go-3-Bags-15-Individual-Portion-Packs-Healthy-Organic-Non-GMO-Vegan-Kosher-Gluten-Free-Snack-Packs/19266959536?classType=VARIANT,,,,,,,,,,,,,{'product_id': '19266959536'},,,,,,,,,,,,,49714,15441,19266959536,47.193987,-122.517013,2026-08-07T02:36:16.199771
2026-08-07T02:36:16.199771,walmart.com,strawberries,3537,Lakewood Supercenter,98499,1,31,"Volupta Premium Freeze Dried Strawberries, 5 Ounce",,False,,19.4,,,,,,,,2.0,3,,,,,,https://i5.walmartimages.com/seo/Volupta-Premium-Freeze-Dried-Strawberries-5-Ounce_f82a97d4-be5f-470d-86b7-59447a70118a.601ef7638f88e8073e38b369c0e5a7e7.jpeg,,https://www.walmart.com/ip/Volupta-Premium-Freeze-Dried-Strawberries-5-Ounce/17360007609?classType=REGULAR,,,,,,,,,,,,,{'product_id': '17360007609'},,,,,,,,,,,,,49714,15441,17360007609,47.193987,-122.517013,2026-08-07T02:36:16.199771
2026-08-07T02:36:16.199771,walmart.com,strawberries,3537,Lakewood Supercenter,98499,1,32,"Dried Sweetened Strawberries by Its Delish, 5 lbs",,False,,57.99,,,,,,,,4.3,21,,,,,,https://i5.walmartimages.com/seo/Dried-Sweetened-Strawberries-by-Its-Delish-5-lbs_4eccefce-4bec-4c2b-b576-9771063436c0.a967e7c8cd3dfcf595bfa72e97624bfd.jpeg,,https://www.walmart.com/ip/Dried-Sweetened-Strawberries-by-Its-Delish-5-lbs/718134255?classType=VARIANT,,,,,,,,,,,,,{'product_id': '718134255'},,,,,,,,,,,,,49714,15441,718134255,47.193987,-122.517013,2026-08-07T02:36:16.199771
2026-08-07T02:36:16.199771,walmart.com,strawberries,3537,Lakewood Supercenter,98499,1,34,"Organic Freeze-Dried Strawberries, 1 Ounce  Non-GMO, Kosher, Bulk - by Food to Live",,False,,11.99,,,,,,,,4.3,3,,,,,,https://i5.walmartimages.com/seo/Organic-Freeze-Dried-Strawberries-1-Ounce-Non-GMO-Kosher-Bulk-by-Food-to-Live_63fc0cbc-4388-4433-9487-6c52e174b6c8.0d7dd8a20e056c67462845aa964a28c9.jpeg,,https://www.walmart.com/ip/Organic-Freeze-Dried-Strawberries-1-Ounce-Non-GMO-Kosher-Bulk-by-Food-to-Live/16294167610?classType=VARIANT,,,,,,,,,,,,,{'product_id': '16294167610'},,,,,,,,,,,,,49714,15441,16294167610,47.193987,-122.517013,2026-08-07T02:36:16.199771
2026-08-07T02:36:16.199771,walmart.com,strawberries,3537,Lakewood Supercenter,98499,1,33,Fresh and Honest Foods 100% All Natural Freeze Dried Strawberries 6.3 OZ #10 Can,,False,,32.0,,,,,,,,3.8,5,,,,,,https://i5.walmartimages.com/seo/Fresh-and-Honest-Foods-100-All-Natural-Freeze-Dried-Strawberries-6-3-OZ-10-Can_d87f043b-b6be-4047-97cc-650f843d5782_2.4f26e6f398c50cf6cddfa3d36c9fb086.jpeg,,https://www.walmart.com/ip/Fresh-and-Honest-Foods-100-All-Natural-Freeze-Dried-Strawberries-6-3-OZ-10-Can/517722278?classType=REGULAR,,,,,,,,,,,,,{'product_id': '517722278'},,,,,,,,,,,,,49714,15441,517722278,47.193987,-122.517013,2026-08-07T02:36:16.199771
2026-08-07T02:36:16.199771,walmart.com,strawberries,3537,Lakewood Supercenter,98499,1,36,"Organic Freeze-Dried Strawberries, 8 Ounces - Non-GMO, Kosher, Bulk - by Food to Live",,False,,38.75,,,,,,,,4.3,3,,,,,,https://i5.walmartimages.com/seo/Organic-Freeze-Dried-Strawberries-8-Ounces-Non-GMO-Kosher-Bulk-by-Food-to-Live_d64ce187-d447-49f0-9a3f-a51342d2b4e6.0825b13b0b937c64c61aba29d9739d74.jpeg,,https://www.walmart.com/ip/Organic-Freeze-Dried-Strawberries-8-Ounces-Non-GMO-Kosher-Bulk-by-Food-to-Live/16264674047?classType=VARIANT,,,,,,,,,,,,,{'product_id': '16264674047'},,,,,,,,,,,,,49714,15441,16264674047,47.193987,-122.517013,2026-08-07T02:36:16.199771
2026-08-07T02:36:16.199771,walmart.com,strawberries,3537,Lakewood Supercenter,98499,1,38,"2PK - Simply Nature Freeze Dried Strawberries, 1.2 oz",,False,,18.35,,,,,,,,5.0,2,,,,,,https://i5.walmartimages.com/seo/2PK-Simply-Nature-Freeze-Dried-Strawberries-1-2-oz_59b8931c-340c-4afe-a5d5-75a5cf47a4b3.30753aca40d5eb78083c106e9fe62b1e.jpeg,,https://www.walmart.com/ip/2PK-Simply-Nature-Freeze-Dried-Strawberries-1-2-oz/13515070098?classType=REGULAR,,,,,,,,,,,,,{'product_id': '13515070098'},,,,,,,,,,,,,49714,15441,13515070098,47.193987,-122.517013,2026-08-07T02:36:16.199771
2026-08-07T02:36:16.199771,walmart.com,strawberries,3537,Lakewood Supercenter,98499,1,37,WinCrest Dried Candied Strawberries - 5 Lb Case,,False,,54.99,,,,,,,,0.0,0,,,,,,https://i5.walmartimages.com/seo/WinCrest-Dried-Candied-Strawberries-5-Lb-Case_cfbb5c30-836b-4337-bbb4-6a1a07d977fe.0151e29d92dadeee3cbaf26103ad5ec4.jpeg,,https://www.walmart.com/ip/WinCrest-Dried-Candied-Strawberries-5-Lb-Case/2155949213?classType=REGULAR,,,,,,,,,,,,,{'product_id': '2155949213'},,,,,,,,,,,,,49714,15441,2155949213,47.193987,-122.517013,2026-08-07T02:36:16.199771
2026-08-07T02:36:16.199771,walmart.com,strawberries,3537,Lakewood Supercenter,98499,1,39,Simply Nature NON-GMO Freeze Dried Strawberries 1.0oz 28g (2 Bags),,False,,15.99,,,,,,,,0.0,0,,,,,,https://i5.walmartimages.com/seo/Simply-Nature-NON-GMO-Freeze-Dried-Strawberries-1-0oz-28g-2-Bags_5cffe8f3-8548-4168-bf17-0489ba23fe18.79ec6d8b66e562a3406106ef84426494.jpeg,,https://www.walmart.com/ip/Simply-Nature-NON-GMO-Freeze-Dried-Strawberries-1-0oz-28g-2-Bags/2133632943?classType=REGULAR,,,,,,,,,,,,,{'product_id': '2133632943'},,,,,,,,,,,,,49714,15441,2133632943,47.193987,-122.517013,2026-08-07T02:36:16.199771
2026-08-07T02:36:16.199771,walmart.com,strawberries,3537,Lakewood Supercenter,98499,1,40,"BEAR Fruit Dried Strawberries 90g, Imported from Britain",,False,,24.39,,,,,,,,0.0,0,,,,,,https://i5.walmartimages.com/seo/BEAR-Fruit-Dried-Strawberries-90g-Imported-from-Britain_24109d45-4fa4-4d8f-98dd-24b88ca73faf.75f18c46df9b64c36eff130b44f60199.jpeg,,https://www.walmart.com/ip/BEAR-Fruit-Dried-Strawberries-90g-Imported-from-Britain/19682817460?classType=REGULAR,,,,,,,,,,,,,{'product_id': '19682817460'},,,,,,,,,,,,,49714,15441,19682817460,47.193987,-122.517013,2026-08-07T02:36:16.199771
2026-08-07T02:36:16.199771,walmart.com,strawberries,3765,Piqua Supercenter,45356,1,1,"Great Value Whole Strawberries, 16 oz (Frozen)",,False,['Best seller'],2.86,,,,,,,,4.6,10262,,,,10000,,https://i5.walmartimages.com/seo/GV-Whole-Strawb-16oz_14b5eca6-798a-43fa-91be-f365ec3fc646.f54aab8f1878d45f752a6dfec54dad12.jpeg,,https://www.walmart.com/ip/GV-Whole-Strawb-16oz/10543663?classType=REGULAR&athbdg=L1600,,,,,,,,,,,,,{'product_id': '10543663'},,,,,,,,,,,,,49714,15441,10543663,40.153235,-84.208364,2026-08-07T02:36:16.199771
2026-08-07T02:36:16.199771,walmart.com,strawberries,3765,Piqua Supercenter,45356,1,2,"Great Value Whole Strawberries, 64 oz (Frozen)",,False,,9.42,,,,,,,,4.7,4965,,,,,,https://i5.walmartimages.com/seo/Great-Value-Whole-Strawberries-64-oz-Frozen_c4e4ef22-2d66-413b-939d-565333deaef4.3a82c613d8beefa6a65578be554dbcd1.jpeg,,https://www.walmart.com/ip/Great-Value-Whole-Strawberries-64-oz-Frozen/44389039?classType=REGULAR,,,,,,,,,,,,,{'product_id': '44389039'},,,,,,,,,,,,,49714,15441,44389039,40.153235,-84.208364,2026-08-07T02:36:16.199771
2026-08-07T02:36:16.199771,walmart.com,strawberries,3765,Piqua Supercenter,45356,1,4,"Great Value Sliced Strawberries with Sugar, 23.2 oz (Frozen)",,False,,5.44,,,,,,,,4.6,2991,,,,,,https://i5.walmartimages.com/seo/Great-Value-Sliced-Strawberries-with-Sugar-23-2-oz-Frozen_76fe351a-4a65-46fb-af6c-3b83443d255b.575c3e87b0b7f3af9a110c3ec34f1f23.jpeg,,https://www.walmart.com/ip/Great-Value-Sliced-Strawberries-with-Sugar-23-2-oz-Frozen/31712521?classType=REGULAR,,,,,,,,,,,,,{'product_id': '31712521'},,,,,,,,,,,,,49714,15441,31712521,40.153235,-84.208364,2026-08-07T02:36:16.199771
2026-08-07T02:36:16.199771,walmart.com,strawberries,3765,Piqua Supercenter,45356,1,6,"Dole Individual Quick Frozen Strawberry, 30 Pound",,False,,158.44,,,,,,,,0.0,0,,,,,,https://i5.walmartimages.com/seo/Dole-Individual-Quick-Frozen-Strawberry-30-Pound_8cd14247-44f8-483b-8d1f-5b3807d2530e.c6cf3586864eb32ac445adf7ae5404a4.jpeg,,https://www.walmart.com/ip/Dole-Individual-Quick-Frozen-Strawberry-30-Pound/1891056080?classType=REGULAR,,,,,,,,,,,,,{'product_id': '1891056080'},,,,,,,,,,,,,49714,15441,1891056080,40.153235,-84.208364,2026-08-07T02:36:16.199771
2026-08-07T02:36:16.199771,walmart.com,strawberries,3765,Piqua Supercenter,45356,1,5,"Dole Sliced Strawberry, 14 oz, 8 per Case",,False,,86.47,,,,,,,,3.0,1,,,,,,https://i5.walmartimages.com/seo/Dole-Sliced-Strawberry-14-oz-8-per-Case_67628534-7f4c-497d-a9d7-06fb36bfaee9.7e688b4ec63867c0edb58f5d4ae630c7.jpeg,,https://www.walmart.com/ip/Dole-Sliced-Strawberry-14-oz-8-per-Case/645793229?classType=REGULAR,,,,,,,,,,,,,{'product_id': '645793229'},,,,,,,,,,,,,49714,15441,645793229,40.153235,-84.208364,2026-08-07T02:36:16.199771
2026-08-07T02:36:16.199771,walmart.com,strawberries,3765,Piqua Supercenter,45356,1,3,"Commodity Fruit Whole Strawberry Piece, 30 Pound -- 1 each.",,False,,140.64,,,,,,,,1.0,2,,,,,,https://i5.walmartimages.com/seo/Commodity-Fruit-Whole-Strawberry-Piece-30-Pound-1-each_cea2a115-2819-444e-9e54-0e83bd5459f7.6b7febd8c01e24528174019cb3358daf.jpeg,,https://www.walmart.com/ip/Commodity-Fruit-Whole-Strawberry-Piece-30-Pound-1-each/151247942?classType=REGULAR,,,,,,,,,,,,,{'product_id': '151247942'},,,,,,,,,,,,,49714,15441,151247942,40.153235,-84.208364,2026-08-07T02:36:16.199771
2026-08-07T02:36:16.199771,walmart.com,strawberries,3765,Piqua Supercenter,45356,1,8,"Great Value Sliced Strawberries with Sugar, 15.5 oz (Frozen)",,False,,3.96,,,,,,,,4.5,2064,,,,,,https://i5.walmartimages.com/seo/Great-Value-Sliced-Strawberries-with-Sugar-15-5-oz-Frozen_832cb121-7cad-4dee-abb9-cda28cf80e36.f8c09a2e8a252a936220524c8e7e8e76.jpeg,,https://www.walmart.com/ip/Great-Value-Sliced-Strawberries-with-Sugar-15-5-oz-Frozen/22569731?classType=REGULAR,,,,,,,,,,,,,{'product_id': '22569731'},,,,,,,,,,,,,49714,15441,22569731,40.153235,-84.208364,2026-08-07T02:36:16.199771
2026-08-07T02:36:16.199771,walmart.com,strawberries,3765,Piqua Supercenter,45356,1,7,"Dole Individual Quick Frozen Strawberry, 5 Pound -- 2 per case.",,False,,89.93,,,,,,,,0.0,0,,,,,,https://i5.walmartimages.com/seo/Dole-Individual-Quick-Frozen-Strawberry-5-Pound-2-per-case_42d8a431-e17d-4bfa-9aa0-42c37898c0dc.0cb8f85fe1438eb29183c4d77d78fdc1.jpeg,,https://www.walmart.com/ip/Dole-Individual-Quick-Frozen-Strawberry-5-Pound-2-per-case/960104993?classType=REGULAR,,,,,,,,,,,,,{'product_id': '960104993'},,,,,,,,,,,,,49714,15441,960104993,40.153235,-84.208364,2026-08-07T02:36:16.199771
2026-08-07T02:36:16.199771,walmart.com,strawberries,3765,Piqua Supercenter,45356,1,9,"Simplot Classic Whole Strawberry Fruit, 10 Pound - 1 each.",,False,,92.56,,,,,,,,0.0,0,,,,,,https://i5.walmartimages.com/seo/Simplot-Classic-Whole-Strawberry-Fruit-10-Pound-1-each_d3090d40-d6c7-4e30-ab24-24511b4a761f.abc4979e5cd2c9e58f7e4692094097a8.jpeg,,https://www.walmart.com/ip/Simplot-Classic-Whole-Strawberry-Fruit-10-Pound-1-each/411691083?classType=REGULAR,,,,,,,,,,,,,{'product_id': '411691083'},,,,,,,,,,,,,49714,15441,411691083,40.153235,-84.208364,2026-08-07T02:36:16.199771
2026-08-07T02:36:16.199771,walmart.com,strawberries,3765,Piqua Supercenter,45356,1,10,"bettergoods Organic Dried Strawberries, 5 oz",,False,['Best seller'],7.12,,,,,,,,4.2,499,,,,,,https://i5.walmartimages.com/seo/bettergoods-Organic-Dried-Strawberries-5-oz_6f1d1da0-e77b-4353-af9d-334dea89adee.1dee10be180c621f4fa263c0a4c231b2.jpeg?odnHeight=180&odnWidth=180&odnBg=FFFFFF,,https://www.walmart.com/ip/bettergoods-Organic-Dried-Strawberries-5-oz/5464020048?classType=VARIANT,,,,,,,,,,,,,{'product_id': '5464020048'},,,,,,,,,,,,,49714,15441,5464020048,40.153235,-84.208364,2026-08-07T02:36:16.199771
2026-08-07T02:36:16.199771,walmart.com,strawberries,3765,Piqua Supercenter,45356,1,13,"Dried Sweetened Strawberries by Its Delish, 10 lbs",,False,,107.0,,,,,,,,4.3,21,,,,,,https://i5.walmartimages.com/seo/Dried-Sweetened-Strawberries-by-Its-Delish-10-lbs_4eccefce-4bec-4c2b-b576-9771063436c0.a967e7c8cd3dfcf595bfa72e97624bfd.jpeg,,https://www.walmart.com/ip/Dried-Sweetened-Strawberries-by-Its-Delish-10-lbs/770977252?classType=VARIANT,,,,,,,,,,,,,{'product_id': '770977252'},,,,,,,,,,,,,49714,15441,770977252,40.153235,-84.208364,2026-08-07T02:36:16.199771
2026-08-07T02:36:16.199771,walmart.com,strawberries,3765,Piqua Supercenter,45356,1,14,"Organic Dried Strawberries, 4 Pounds  Non-GMO, Kosher, Sweetened  by Food to Live",,False,,79.52,,,,,,,,4.3,22,,,,,,https://i5.walmartimages.com/seo/Organic-Dried-Strawberries-4-Pounds-Non-GMO-Kosher-Sweetened-by-Food-to-Live_84b3350b-46a9-432e-a1e4-0b5200442d9a.652deedfefcba9a00df1647796cf258c.jpeg,,https://www.walmart.com/ip/Organic-Dried-Strawberries-4-Pounds-Non-GMO-Kosher-Sweetened-by-Food-to-Live/170251660?classType=VARIANT,,,,,,,,,,,,,{'product_id': '170251660'},,,,,,,,,,,,,49714,15441,170251660,40.153235,-84.208364,2026-08-07T02:36:16.199771
2026-08-07T02:36:16.199771,walmart.com,strawberries,3765,Piqua Supercenter,45356,1,11,"(6 pack) Augason Farms Freeze Dried Sliced Strawberries Can - Gluten Free Snack for Baking, Smoothies, and Emergency Storage - Healthy Individual Fruit Snacks – 6.5 Ounces (18 Servings)",,False,,119.88,,,,,,,,0.0,0,,,,,,https://i5.walmartimages.com/seo/6-pack-Augason-Farms-Freeze-Dried-Sliced-Strawberries-6-4-oz-No-10-Can_fa5b1700-d18e-468a-8b17-a539d9eb3981.eefa5a1baf4f027db39f248db9955e10.jpeg?odnHeight=180&odnWidth=180&odnBg=FFFFFF,,https://www.walmart.com/ip/6-pack-Augason-Farms-Freeze-Dried-Sliced-Strawberries-6-4-oz-No-10-Can/15382562000?classType=VARIANT,,,,,,,,,,,,,{'product_id': '15382562000'},,,,,,,,,,,,,49714,15441,15382562000,40.153235,-84.208364,2026-08-07T02:36:16.199771
2026-08-07T02:36:16.199771,walmart.com,strawberries,3765,Piqua Supercenter,45356,1,12,"Organic Freeze-Dried Strawberries, 1 Pound - Non-GMO, Kosher, Bulk - by Food to Live",,False,,74.38,,,,,,,,4.3,3,,,,,,https://i5.walmartimages.com/seo/Organic-Freeze-Dried-Strawberries-1-Pound-Non-GMO-Kosher-Bulk-by-Food-to-Live_c54b2692-2e58-4f54-bddb-ef9ecab4baac.72dd21d51f9c1e9dffffc1d132355130.jpeg,,https://www.walmart.com/ip/Organic-Freeze-Dried-Strawberries-1-Pound-Non-GMO-Kosher-Bulk-by-Food-to-Live/16242366408?classType=VARIANT,,,,,,,,,,,,,{'product_id': '16242366408'},,,,,,,,,,,,,49714,15441,16242366408,40.153235,-84.208364,2026-08-07T02:36:16.199771
2026-08-07T02:36:16.199771,walmart.com,strawberries,3765,Piqua Supercenter,45356,1,15,"Organic Dried Strawberries, 2 Pounds  Non-GMO, Kosher, Sweetened  by Food to Live",,False,,48.66,,,,,,,,4.3,22,,,,,,https://i5.walmartimages.com/seo/Organic-Dried-Strawberries-2-Pounds-Non-GMO-Kosher-Sweetened-by-Food-to-Live_84b3350b-46a9-432e-a1e4-0b5200442d9a.652deedfefcba9a00df1647796cf258c.jpeg,,https://www.walmart.com/ip/Organic-Dried-Strawberries-2-Pounds-Non-GMO-Kosher-Sweetened-by-Food-to-Live/652044157?classType=VARIANT,,,,,,,,,,,,,{'product_id': '652044157'},,,,,,,,,,,,,49714,15441,652044157,40.153235,-84.208364,2026-08-07T02:36:16.199771
2026-08-07T02:36:16.199771,walmart.com,strawberries,3765,Piqua Supercenter,45356,1,16,Future Essentials Freeze Dried Long Shelf Life Emergency Food Sliced Strawberries #2.5/ 2.2oz/Can- 12 Cans,,False,,249.0,,,,,,,,0.0,0,,,,,,https://i5.walmartimages.com/seo/Future-Essentials-Freeze-Dried-Long-Shelf-Life-Emergency-Food-Sliced-Strawberries-2-5-2-2oz-Can-12-Cans_232eed1c-6312-4173-8cde-41b7d7f02d2f.c7cae552b54b61b1a7200d5fbf3cfe64.png,,https://www.walmart.com/ip/Future-Essentials-Freeze-Dried-Long-Shelf-Life-Emergency-Food-Sliced-Strawberries-2-5-2-2oz-Can-12-Cans/1175074664?classType=REGULAR,,,,,,,,,,,,,{'product_id': '1175074664'},,,,,,,,,,,,,49714,15441,1175074664,40.153235,-84.208364,2026-08-07T02:36:16.199771
2026-08-07T02:36:16.199771,walmart.com,strawberries,3765,Piqua Supercenter,45356,1,19,"swiig Freeze-Dried, Diced Strawberries 205g",,False,,38.29,,,,,,,,0.0,0,,,,,,https://i5.walmartimages.com/seo/swiig-Freeze-Dried-Diced-Strawberries-205g_a4f32191-6190-4ccc-8621-a3ef0df6aab0.b531cbd4c0d08490c3b0c6ed4ad2c964.jpeg,,https://www.walmart.com/ip/swiig-Freeze-Dried-Diced-Strawberries-205g/19644053840?classType=REGULAR,,,,,,,,,,,,,{'product_id': '19644053840'},,,,,,,,,,,,,49714,15441,19644053840,40.153235,-84.208364,2026-08-07T02:36:16.199771
2026-08-07T02:36:16.199771,walmart.com,strawberries,3765,Piqua Supercenter,45356,1,17,Happy Village Organic Soft Dried Strawberries 18 oz Resealable Pack,,False,,26.01,,,,,,,,4.5,54,,,,,,https://i5.walmartimages.com/seo/Happy-Village-Organic-Whole-Dried-Strawberries-18-OZ-Resealable-Pack-Soft-Juicy-Kosher-Non-GMO-Refined-Sugar-Organic-Apple-Juice-Infused-Organic-Drie_3e3dbd2a-21c8-4b00-b01c-5cc457202f52.4696598a6ed2b3ffa82f594b823d7292.jpeg,,https://www.walmart.com/ip/Happy-Village-Organic-Whole-Dried-Strawberries-18-OZ-Resealable-Pack-Soft-Juicy-Kosher-Non-GMO-No-Refined-Sugar-Apple-Juice-Infused-Strawberry/1676663793?classType=VARIANT,,,,,,,,,,,,,{'product_id': '1676663793'},,,,,,,,,,,,,49714,15441,1676663793,40.153235,-84.208364,2026-08-07T02:36:16.199771
2026-08-07T02:36:16.199771,walmart.com,strawberries,3765,Piqua Supercenter,45356,1,20,"NY SPICE SHOP Whole Dried Strawberries - 3 Pound - Dried Whole Strawberries - Chewy Strawberry Treats - Dried Strawberry Snacks - Vibrant Whole Berry Treats for Toppings, Mixes & Everyday Use",,False,,47.99,,,,,,,,4.2,28,,,,,,https://i5.walmartimages.com/seo/NY-SPICE-SHOP-Dried-Whole-Strawberry-3-Pound-Dried-Strawberries-Natural-Dry-Fruits_701123a9-32bd-44a8-8be6-2be21a242276.dd65300a86f2462349f3fac8d30d0db7.jpeg,,https://www.walmart.com/ip/NY-SPICE-SHOP-Dried-Whole-Strawberry-3-Pound-Dried-Strawberries-Natural-Dry-Fruits/3144525957?classType=VARIANT,,,,,,,,,,,,,{'product_id': '3144525957'},,,,,,,,,,,,,49714,15441,3144525957,40.153235,-84.208364,2026-08-07T02:36:16.199771
2026-08-07T02:36:16.199771,walmart.com,strawberries,3765,Piqua Supercenter,45356,1,18,"Dole Sliced Strawberry, 5 Pound - 2 per case.",,False,,98.02,,,,,,,,0.0,0,,,,,,https://i5.walmartimages.com/seo/Dole-Sliced-Strawberry-5-Pound-2-per-case_ee37a60b-9bde-41fc-b0b4-6821632b4320.b77a6366bda2ae0192768cb0e9666c0b.jpeg,,https://www.walmart.com/ip/Dole-Sliced-Strawberry-5-Pound-2-per-case/402465107?classType=REGULAR,,,,,,,,,,,,,{'product_id': '402465107'},,,,,,,,,,,,,49714,15441,402465107,40.153235,-84.208364,2026-08-07T02:36:16.199771
2026-08-07T02:36:16.199771,walmart.com,strawberries,3765,Piqua Supercenter,45356,1,24,"Dried Sweetened Strawberries by Its Delish, 5 lbs",,False,,57.99,,,,,,,,4.3,21,,,,,,https://i5.walmartimages.com/seo/Dried-Sweetened-Strawberries-by-Its-Delish-5-lbs_4eccefce-4bec-4c2b-b576-9771063436c0.a967e7c8cd3dfcf595bfa72e97624bfd.jpeg,,https://www.walmart.com/ip/Dried-Sweetened-Strawberries-by-Its-Delish-5-lbs/718134255?classType=VARIANT,,,,,,,,,,,,,{'product_id': '718134255'},,,,,,,,,,,,,49714,15441,718134255,40.153235,-84.208364,2026-08-07T02:36:16.199771
2026-08-07T02:36:16.199771,walmart.com,strawberries,3765,Piqua Supercenter,45356,1,21,"Dried Sweetened Strawberries by Its Delish, 2 lbs",,False,,31.99,,,,,,,,4.3,21,,,,,,https://i5.walmartimages.com/seo/Dried-Sweetened-Strawberries-by-Its-Delish-2-lbs_0bca079b-04eb-414b-aec1-2ac63d11f22e.be90c81917c58cecd461b91c7f969c98.jpeg,,https://www.walmart.com/ip/Dried-Sweetened-Strawberries-by-Its-Delish-2-lbs/125646004?classType=VARIANT,,,,,,,,,,,,,{'product_id': '125646004'},,,,,,,,,,,,,49714,15441,125646004,40.153235,-84.208364,2026-08-07T02:36:16.199771
2026-08-07T02:36:16.199771,walmart.com,strawberries,3765,Piqua Supercenter,45356,1,22,"Freeze-Dried Whole Strawberries, Unsliced | Family Party Size | 8 Ounce",,False,['Reduced price'],20.46,,,,,,,,5.0,2,,,,,,https://i5.walmartimages.com/seo/Freeze-Dried-Whole-Strawberries-Unsliced-Family-Party-Size-8-Ounce_f9a710fc-03c3-48a5-aaf6-ba9eae862097.49482392ec5b1fa61f480aa82519a84b.png,,https://www.walmart.com/ip/Freeze-Dried-Whole-Strawberries-Unsliced-Family-Party-Size-8-Ounce/15228253752?classType=REGULAR,,,,,,,,,,,,,{'product_id': '15228253752'},,,,,,,,,,,,,49714,15441,15228253752,40.153235,-84.208364,2026-08-07T02:36:16.199771
2026-08-07T02:36:16.199771,walmart.com,strawberries,3765,Piqua Supercenter,45356,1,26,"Happy Village Organic Soft Dried Strawberries On the Go, 15 x 1 oz Packs",,False,,28.99,,,,,,,,4.5,54,,,,,,https://i5.walmartimages.com/seo/Happy-Village-Organic-Soft-Dried-Strawberries-Go-3-Bags-15-Individual-Portion-Packs-Healthy-Organic-Non-GMO-Vegan-Kosher-Gluten-Free-Snack-Packs_7b721f74-6032-4434-889a-fb812d853b05.3f871b7fe4174b82bea6bd8b11ccb174.jpeg,,https://www.walmart.com/ip/Happy-Village-Organic-Soft-Dried-Strawberries-Go-3-Bags-15-Individual-Portion-Packs-Healthy-Organic-Non-GMO-Vegan-Kosher-Gluten-Free-Snack-Packs/19266959536?classType=VARIANT,,,,,,,,,,,,,{'product_id': '19266959536'},,,,,,,,,,,,,49714,15441,19266959536,40.153235,-84.208364,2026-08-07T02:36:16.199771
2026-08-07T02:36:16.199771,walmart.com,strawberries,3765,Piqua Supercenter,45356,1,23,(Pack of 6) Sunny Fruit Organic Dried Strawberries 3.5 Oz,,False,,56.99,,,,,,,,0.0,0,,,,,,https://i5.walmartimages.com/seo/Pack-of-6-Sunny-Fruit-Organic-Dried-Strawberries-3-5-Oz_9ef053f8-715c-4628-be2c-c3d0f07aaa13.9816c17d234de0f2e9bd50888c3fb870.png,,https://www.walmart.com/ip/Pack-of-6-Sunny-Fruit-Organic-Dried-Strawberries-3-5-Oz/18243070086?classType=VARIANT,,,,,,,,,,,,,{'product_id': '18243070086'},,,,,,,,,,,,,49714,15441,18243070086,40.153235,-84.208364,2026-08-07T02:36:16.199771
2026-08-07T02:36:16.199771,walmart.com,strawberries,3765,Piqua Supercenter,45356,1,25,"Volupta Premium Freeze Dried Strawberries, 5 Ounce",,False,,19.4,,,,,,,,2.0,3,,,,,,https://i5.walmartimages.com/seo/Volupta-Premium-Freeze-Dried-Strawberries-5-Ounce_f82a97d4-be5f-470d-86b7-59447a70118a.601ef7638f88e8073e38b369c0e5a7e7.jpeg,,https://www.walmart.com/ip/Volupta-Premium-Freeze-Dried-Strawberries-5-Ounce/17360007609?classType=REGULAR,,,,,,,,,,,,,{'product_id': '17360007609'},,,,,,,,,,,,,49714,15441,17360007609,40.153235,-84.208364,2026-08-07T02:36:16.199771
2026-08-07T02:36:16.199771,walmart.com,strawberries,3765,Piqua Supercenter,45356,1,27,"Organic Freeze-Dried Strawberries, 1 Ounce  Non-GMO, Kosher, Bulk - by Food to Live",,False,,11.99,,,,,,,,4.3,3,,,,,,https://i5.walmartimages.com/seo/Organic-Freeze-Dried-Strawberries-1-Ounce-Non-GMO-Kosher-Bulk-by-Food-to-Live_63fc0cbc-4388-4433-9487-6c52e174b6c8.0d7dd8a20e056c67462845aa964a28c9.jpeg,,https://www.walmart.com/ip/Organic-Freeze-Dried-Strawberries-1-Ounce-Non-GMO-Kosher-Bulk-by-Food-to-Live/16294167610?classType=VARIANT,,,,,,,,,,,,,{'product_id': '16294167610'},,,,,,,,,,,,,49714,15441,16294167610,40.153235,-84.208364,2026-08-07T02:36:16.199771
2026-08-07T02:36:16.199771,walmart.com,strawberries,3765,Piqua Supercenter,45356,1,29,"Organic Freeze-Dried Strawberries, 8 Ounces - Non-GMO, Kosher, Bulk - by Food to Live",,False,,38.75,,,,,,,,4.3,3,,,,,,https://i5.walmartimages.com/seo/Organic-Freeze-Dried-Strawberries-8-Ounces-Non-GMO-Kosher-Bulk-by-Food-to-Live_d64ce187-d447-49f0-9a3f-a51342d2b4e6.0825b13b0b937c64c61aba29d9739d74.jpeg,,https://www.walmart.com/ip/Organic-Freeze-Dried-Strawberries-8-Ounces-Non-GMO-Kosher-Bulk-by-Food-to-Live/16264674047?classType=VARIANT,,,,,,,,,,,,,{'product_id': '16264674047'},,,,,,,,,,,,,49714,15441,16264674047,40.153235,-84.208364,2026-08-07T02:36:16.199771
2026-08-07T02:36:16.199771,walmart.com,strawberries,3765,Piqua Supercenter,45356,1,28,Fresh and Honest Foods 100% All Natural Freeze Dried Strawberries 6.3 OZ #10 Can,,False,,32.0,,,,,,,,3.8,5,,,,,,https://i5.walmartimages.com/seo/Fresh-and-Honest-Foods-100-All-Natural-Freeze-Dried-Strawberries-6-3-OZ-10-Can_d87f043b-b6be-4047-97cc-650f843d5782_2.4f26e6f398c50cf6cddfa3d36c9fb086.jpeg,,https://www.walmart.com/ip/Fresh-and-Honest-Foods-100-All-Natural-Freeze-Dried-Strawberries-6-3-OZ-10-Can/517722278?classType=REGULAR,,,,,,,,,,,,,{'product_id': '517722278'},,,,,,,,,,,,,49714,15441,517722278,40.153235,-84.208364,2026-08-07T02:36:16.199771
2026-08-07T02:36:16.199771,walmart.com,strawberries,3765,Piqua Supercenter,45356,1,30,WinCrest Dried Candied Strawberries - 5 Lb Case,,False,,54.99,,,,,,,,0.0,0,,,,,,https://i5.walmartimages.com/seo/WinCrest-Dried-Candied-Strawberries-5-Lb-Case_cfbb5c30-836b-4337-bbb4-6a1a07d977fe.0151e29d92dadeee3cbaf26103ad5ec4.jpeg,,https://www.walmart.com/ip/WinCrest-Dried-Candied-Strawberries-5-Lb-Case/2155949213?classType=REGULAR,,,,,,,,,,,,,{'product_id': '2155949213'},,,,,,,,,,,,,49714,15441,2155949213,40.153235,-84.208364,2026-08-07T02:36:16.199771
2026-08-07T02:36:16.199771,walmart.com,strawberries,3765,Piqua Supercenter,45356,1,31,Simply Nature NON-GMO Freeze Dried Strawberries 1.0oz 28g (2 Bags),,False,,15.99,,,,,,,,0.0,0,,,,,,https://i5.walmartimages.com/seo/Simply-Nature-NON-GMO-Freeze-Dried-Strawberries-1-0oz-28g-2-Bags_5cffe8f3-8548-4168-bf17-0489ba23fe18.79ec6d8b66e562a3406106ef84426494.jpeg,,https://www.walmart.com/ip/Simply-Nature-NON-GMO-Freeze-Dried-Strawberries-1-0oz-28g-2-Bags/2133632943?classType=REGULAR,,,,,,,,,,,,,{'product_id': '2133632943'},,,,,,,,,,,,,49714,15441,2133632943,40.153235,-84.208364,2026-08-07T02:36:16.199771
2026-08-07T02:36:16.199771,walmart.com,strawberries,3765,Piqua Supercenter,45356,1,33,"BEAR Fruit Dried Strawberries 90g, Imported from Britain",,False,,24.39,,,,,,,,0.0,0,,,,,,https://i5.walmartimages.com/seo/BEAR-Fruit-Dried-Strawberries-90g-Imported-from-Britain_24109d45-4fa4-4d8f-98dd-24b88ca73faf.75f18c46df9b64c36eff130b44f60199.jpeg,,https://www.walmart.com/ip/BEAR-Fruit-Dried-Strawberries-90g-Imported-from-Britain/19682817460?classType=REGULAR,,,,,,,,,,,,,{'product_id': '19682817460'},,,,,,,,,,,,,49714,15441,19682817460,40.153235,-84.208364,2026-08-07T02:36:16.199771
2026-08-07T02:36:16.199771,walmart.com,strawberries,3765,Piqua Supercenter,45356,1,32,"2PK - Simply Nature Freeze Dried Strawberries, 1.2 oz",,False,,18.35,,,,,,,,5.0,2,,,,,,https://i5.walmartimages.com/seo/2PK-Simply-Nature-Freeze-Dried-Strawberries-1-2-oz_59b8931c-340c-4afe-a5d5-75a5cf47a4b3.30753aca40d5eb78083c106e9fe62b1e.jpeg,,https://www.walmart.com/ip/2PK-Simply-Nature-Freeze-Dried-Strawberries-1-2-oz/13515070098?classType=REGULAR,,,,,,,,,,,,,{'product_id': '13515070098'},,,,,,,,,,,,,49714,15441,13515070098,40.153235,-84.208364,2026-08-07T02:36:16.199771
2026-08-07T02:36:16.199771,walmart.com,strawberries,3765,Piqua Supercenter,45356,1,34,Lybelu New Dried Strawberries  4 Ounces,,False,,11.5,,,,,,,,0.0,0,,,,,,https://i5.walmartimages.com/seo/Lybelu-New-Dried-Strawberries-4-Ounces_02933d5f-a94f-4de4-a4e6-c3ec2c329902.c75ae13d34a89330a9c1c36b67a88b3d.jpeg,,https://www.walmart.com/ip/Lybelu-New-Dried-Strawberries-4-Ounces/2133642105?classType=REGULAR,,,,,,,,,,,,,{'product_id': '2133642105'},,,,,,,,,,,,,49714,15441,2133642105,40.153235,-84.208364,2026-08-07T02:36:16.199771
2026-08-07T02:36:16.199771,walmart.com,strawberries,3765,Piqua Supercenter,45356,1,35,Simple Truth Freeze-Dried Strawberries 1 oz. (Pack of 2),,False,,24.97,,,,,,,,5.0,1,,,,,,https://i5.walmartimages.com/seo/Simple-Truth-Freeze-Dried-Strawberries-1-oz-Pack-of-2_0db64d4e-bb3f-4019-bfd6-4d8f4cd3a572.8b1dcabee0e07b8383d529a82afbc50a.jpeg,,https://www.walmart.com/ip/Simple-Truth-Freeze-Dried-Strawberries-1-oz-Pack-of-2/970066855?classType=REGULAR,,,,,,,,,,,,,{'product_id': '970066855'},,,,,,,,,,,,,49714,15441,970066855,40.153235,-84.208364,2026-08-07T02:36:16.199771
2026-08-07T02:36:16.199771,walmart.com,strawberries,3765,Piqua Supercenter,45356,1,37,"Balance of Nature Freeze-Dried Strawberries (5 Pack)  100% Real Fruit, Crunchy Strawberry Slices, Healthy Snack, Mouthwatering Nutrition, Gluten-Free, Vegan, No Sugar Added, Five 1.6 oz Bags",,False,,29.99,,,,,,,,3.0,4,,,,,,https://i5.walmartimages.com/seo/Balance-of-Nature-Freeze-Dried-Strawberries-No-Sugar-Added-1-6-oz-5-Pack_44ca59a2-73f7-4a04-87a9-589b1fc80351.1806b4a82ccc5e460fb3b932d8e32e60.jpeg,,https://www.walmart.com/ip/Balance-of-Nature-Freeze-Dried-Strawberries-No-Sugar-Added-1-6-oz-5-Pack/19690119699?classType=VARIANT,,,,,,,,,,,,,{'product_id': '19690119699'},,,,,,,,,,,,,49714,15441,19690119699,40.153235,-84.208364,2026-08-07T02:36:16.199771
2026-08-07T02:36:16.199771,walmart.com,strawberries,3765,Piqua Supercenter,45356,1,38,ReadyWise Sliced Strawberries Whole Shelf-Stable 18 Servings,,False,,31.99,,,,,,,,2.8,4,,,,,,https://i5.walmartimages.com/seo/ReadyWise-Simple-Kitchen-FD-Sliced-Strawberries-18-Servings_69f83249-8c71-4d27-afed-a52d21aeddc3.fd1dad27307e2e73f6e7083f813e9993.jpeg,,https://www.walmart.com/ip/ReadyWise-Simple-Kitchen-FD-Sliced-Strawberries-18-Servings/1280619054?classType=REGULAR,,,,,,,,,,,,,{'product_id': '1280619054'},,,,,,,,,,,,,49714,15441,1280619054,40.153235,-84.208364,2026-08-07T02:36:16.199771
2026-08-07T02:36:16.199771,walmart.com,strawberries,3765,Piqua Supercenter,45356,1,40,"Fresh Strawberries, 1 lb Container",,False,['Best seller'],2.38,,,,,,,,3.8,167998,,,,,,https://i5.walmartimages.com/seo/Fresh-Strawberries-1-lb-Container_b54a64ad-e961-46cf-b60c-bc763716fb0b.a481cdfd237c5ab5438d5c9e90bead07.jpeg,,https://www.walmart.com/ip/Fresh-Strawberries-1-lb-Container/44391605?classType=REGULAR&athbdg=L1200,,,,,,,,,,,,,{'product_id': '44391605'},,,,,,,,,,,,,49714,15441,44391605,40.153235,-84.208364,2026-08-07T02:36:16.199771
2026-08-07T02:36:16.199771,walmart.com,strawberries,3765,Piqua Supercenter,45356,1,36,"Simply Nature Freeze Dried Strawberries Snack Pack Non-GMO, 6 Count, 2.1 Oz",,False,,19.99,,,,,,,,0.0,0,,,,,,https://i5.walmartimages.com/seo/Simply-Nature-Freeze-Dried-Strawberries-Snack-Pack-Non-GMO-6-Count-2-1-Oz_533640c2-5341-44cd-80c0-c88b0f0d4990.a02ba57972cfc49236f01780483abfeb.jpeg,,https://www.walmart.com/ip/Simply-Nature-Freeze-Dried-Strawberries-Snack-Pack-Non-GMO-6-Count-2-1-Oz/19868921819?classType=REGULAR,,,,,,,,,,,,,{'product_id': '19868921819'},,,,,,,,,,,,,49714,15441,19868921819,40.153235,-84.208364,2026-08-07T02:36:16.199771
2026-08-07T02:36:16.199771,walmart.com,strawberries,3765,Piqua Supercenter,45356,1,39,"Bfruitful Freeze Dried Strawberries, Gluten Free, 12 Single-Serve Bags, Crunchy Strawberry Flavor",,False,,33.99,,,,,,,,0.0,0,,,,,,https://i5.walmartimages.com/seo/bfruitful-Freeze-Dried-Strawberries-12-PACK-Natural-100-Healthy-Delicious-Strawberry-Fruit-Crisps-Sugar-Added-Non-GMO-Verified-Gluten-Free_3f803ac2-4643-4a71-8f12-df5e21571b88.5b370031da83df50476c8e39cfaab847.jpeg,,https://www.walmart.com/ip/bfruitful-Freeze-Dried-Strawberries-12-PACK-Natural-100-Healthy-Delicious-Strawberry-Fruit-Crisps-Sugar-Added-Non-GMO-Verified-Gluten-Free/3084858810?classType=REGULAR,,,,,,,,,,,,,{'product_id': '3084858810'},,,,,,,,,,,,,49714,15441,3084858810,40.153235,-84.208364,2026-08-07T02:36:16.199771
2026-08-07T02:36:16.199771,walmart.com,strawberries,425,Brent Supercenter,35034,1,1,"Fresh Strawberries, 1 lb Container",,False,['Overall pick'],2.38,,,,,,,,3.8,167998,,,,,,https://i5.walmartimages.com/seo/Fresh-Strawberries-1-lb-Container_b54a64ad-e961-46cf-b60c-bc763716fb0b.a481cdfd237c5ab5438d5c9e90bead07.jpeg,,https://www.walmart.com/ip/Fresh-Strawberries-1-lb-Container/44391605?classType=REGULAR&athbdg=L1200,,,,,,,,,,,,,{'product_id': '44391605'},,,,,,,,,,,,,49714,15441,44391605,32.963956,-87.171887,2026-08-07T02:36:16.199771
2026-08-07T02:36:16.199771,walmart.com,strawberries,425,Brent Supercenter,35034,1,2,"Fresh Strawberries, 2 lb Container",,False,['Best seller'],4.52,,,,,,,,3.9,92419,,,,,,https://i5.walmartimages.com/seo/Fresh-Strawberries-2-lb-Container_dd2bcd97-25af-4a91-9258-989853e16b2f_1.36dd4f1579a25d423741d9970de3ddac.jpeg,,https://www.walmart.com/ip/Fresh-Strawberries-2-lb-Container/22660282?classType=REGULAR&athbdg=L1600,,,,,,,,,,,,,{'product_id': '22660282'},,,,,,,,,,,,,49714,15441,22660282,32.963956,-87.171887,2026-08-07T02:36:16.199771
2026-08-07T02:36:16.199771,walmart.com,strawberries,425,Brent Supercenter,35034,1,3,"Fresh USDA Organic Strawberries, 1 lb Container",,False,['10K+ bought since yesterday'],3.33,,,,,,,,3.6,7254,,,,10000,,https://i5.walmartimages.com/seo/Fresh-USDA-Organic-Strawberries-1-lb-Container_d9df3e2b-85ca-40ea-9580-b907ef043406.a7afdd2ac762c18c954e62a470734b87.png,,https://www.walmart.com/ip/Fresh-USDA-Organic-Strawberries-1-lb-Container/45618183?classType=REGULAR&athbdg=L1102,,,,,,,,,,,,,{'product_id': '45618183'},,,,,,,,,,,,,49714,15441,45618183,32.963956,-87.171887,2026-08-07T02:36:16.199771
2026-08-07T02:36:16.199771,walmart.com,strawberries,425,Brent Supercenter,35034,1,6,"Great Value Sliced Strawberries, 64 oz (Frozen)",,False,['5K+ bought since yesterday'],9.82,,,,,,,,4.7,8483,,,,5000,,https://i5.walmartimages.com/seo/Great-Value-Sliced-Strawberries-64-oz-Frozen_bec1b1a6-7179-4139-8b85-bff6202dda70_4.96ef909a06b019e320228b4a7a4f12f3.jpeg,,https://www.walmart.com/ip/Great-Value-Sliced-Strawberries-64-oz-Frozen/672666564?classType=REGULAR&athbdg=L1102,,,,,,,,,,,,,{'product_id': '672666564'},,,,,,,,,,,,,49714,15441,672666564,32.963956,-87.171887,2026-08-07T02:36:16.199771
2026-08-07T02:36:16.199771,walmart.com,strawberries,425,Brent Supercenter,35034,1,4,"Fresh Strawberries, 8.8 oz Container",,False,['10K+ bought since yesterday'],1.82,,,,,,,,3.8,12567,,,,10000,,https://i5.walmartimages.com/seo/Fresh-Strawberries-8-8-oz-Container_4be7094f-7907-4580-944d-3cd4c0b2d238.ffcf0a1145778a1e5f7c1cabef12c9fd.jpeg,,https://www.walmart.com/ip/Fresh-Strawberries-8-8-oz-Container/1175460573?classType=REGULAR&athbdg=L1102,,,,,,,,,,,,,{'product_id': '1175460573'},,,,,,,,,,,,,49714,15441,1175460573,32.963956,-87.171887,2026-08-07T02:36:16.199771
2026-08-07T02:36:16.199771,walmart.com,strawberries,425,Brent Supercenter,35034,1,7,"Great Value Whole Strawberries, 64 oz (Frozen)",,False,,9.42,,,,,,,,4.7,4965,,,,,,https://i5.walmartimages.com/seo/Great-Value-Whole-Strawberries-64-oz-Frozen_c4e4ef22-2d66-413b-939d-565333deaef4.3a82c613d8beefa6a65578be554dbcd1.jpeg,,https://www.walmart.com/ip/Great-Value-Whole-Strawberries-64-oz-Frozen/44389039?classType=REGULAR,,,,,,,,,,,,,{'product_id': '44389039'},,,,,,,,,,,,,49714,15441,44389039,32.963956,-87.171887,2026-08-07T02:36:16.199771
2026-08-07T02:36:16.199771,walmart.com,strawberries,425,Brent Supercenter,35034,1,5,"Great Value Whole Strawberries, 16 oz (Frozen)",,False,['Best seller'],2.86,,,,,,,,4.6,10262,,,,10000,,https://i5.walmartimages.com/seo/GV-Whole-Strawb-16oz_14b5eca6-798a-43fa-91be-f365ec3fc646.f54aab8f1878d45f752a6dfec54dad12.jpeg,,https://www.walmart.com/ip/GV-Whole-Strawb-16oz/10543663?classType=REGULAR&athbdg=L1600,,,,,,,,,,,,,{'product_id': '10543663'},,,,,,,,,,,,,49714,15441,10543663,32.963956,-87.171887,2026-08-07T02:36:16.199771
2026-08-07T02:36:16.199771,walmart.com,strawberries,425,Brent Supercenter,35034,1,8,"Commodity Fruit Whole Strawberry Piece, 30 Pound -- 1 each.",,False,,140.64,,,,,,,,1.0,2,,,,,,https://i5.walmartimages.com/seo/Commodity-Fruit-Whole-Strawberry-Piece-30-Pound-1-each_cea2a115-2819-444e-9e54-0e83bd5459f7.6b7febd8c01e24528174019cb3358daf.jpeg,,https://www.walmart.com/ip/Commodity-Fruit-Whole-Strawberry-Piece-30-Pound-1-each/151247942?classType=REGULAR,,,,,,,,,,,,,{'product_id': '151247942'},,,,,,,,,,,,,49714,15441,151247942,32.963956,-87.171887,2026-08-07T02:36:16.199771
2026-08-07T02:36:16.199771,walmart.com,strawberries,425,Brent Supercenter,35034,1,9,"Great Value Sliced Strawberries with Sugar, 23.2 oz (Frozen)",,False,,5.44,,,,,,,,4.6,2991,,,,,,https://i5.walmartimages.com/seo/Great-Value-Sliced-Strawberries-with-Sugar-23-2-oz-Frozen_76fe351a-4a65-46fb-af6c-3b83443d255b.575c3e87b0b7f3af9a110c3ec34f1f23.jpeg,,https://www.walmart.com/ip/Great-Value-Sliced-Strawberries-with-Sugar-23-2-oz-Frozen/31712521?classType=REGULAR,,,,,,,,,,,,,{'product_id': '31712521'},,,,,,,,,,,,,49714,15441,31712521,32.963956,-87.171887,2026-08-07T02:36:16.199771
2026-08-07T02:36:16.199771,walmart.com,strawberries,425,Brent Supercenter,35034,1,10,"Dole Sliced Strawberry, 14 oz, 8 per Case",,False,,86.47,,,,,,,,3.0,1,,,,,,https://i5.walmartimages.com/seo/Dole-Sliced-Strawberry-14-oz-8-per-Case_67628534-7f4c-497d-a9d7-06fb36bfaee9.7e688b4ec63867c0edb58f5d4ae630c7.jpeg,,https://www.walmart.com/ip/Dole-Sliced-Strawberry-14-oz-8-per-Case/645793229?classType=REGULAR,,,,,,,,,,,,,{'product_id': '645793229'},,,,,,,,,,,,,49714,15441,645793229,32.963956,-87.171887,2026-08-07T02:36:16.199771
2026-08-07T02:36:16.199771,walmart.com,strawberries,425,Brent Supercenter,35034,1,13,"Great Value Sliced Strawberries with Sugar, 15.5 oz (Frozen)",,False,,3.96,,,,,,,,4.5,2064,,,,,,https://i5.walmartimages.com/seo/Great-Value-Sliced-Strawberries-with-Sugar-15-5-oz-Frozen_832cb121-7cad-4dee-abb9-cda28cf80e36.f8c09a2e8a252a936220524c8e7e8e76.jpeg,,https://www.walmart.com/ip/Great-Value-Sliced-Strawberries-with-Sugar-15-5-oz-Frozen/22569731?classType=REGULAR,,,,,,,,,,,,,{'product_id': '22569731'},,,,,,,,,,,,,49714,15441,22569731,32.963956,-87.171887,2026-08-07T02:36:16.199771
2026-08-07T02:36:16.199771,walmart.com,strawberries,425,Brent Supercenter,35034,1,11,"Dole Individual Quick Frozen Strawberry, 30 Pound",,False,,158.44,,,,,,,,0.0,0,,,,,,https://i5.walmartimages.com/seo/Dole-Individual-Quick-Frozen-Strawberry-30-Pound_8cd14247-44f8-483b-8d1f-5b3807d2530e.c6cf3586864eb32ac445adf7ae5404a4.jpeg,,https://www.walmart.com/ip/Dole-Individual-Quick-Frozen-Strawberry-30-Pound/1891056080?classType=REGULAR,,,,,,,,,,,,,{'product_id': '1891056080'},,,,,,,,,,,,,49714,15441,1891056080,32.963956,-87.171887,2026-08-07T02:36:16.199771
2026-08-07T02:36:16.199771,walmart.com,strawberries,425,Brent Supercenter,35034,1,15,"(6 pack) Augason Farms Freeze Dried Sliced Strawberries Can - Gluten Free Snack for Baking, Smoothies, and Emergency Storage - Healthy Individual Fruit Snacks – 6.5 Ounces (18 Servings)",,False,,119.88,,,,,,,,0.0,0,,,,,,https://i5.walmartimages.com/seo/6-pack-Augason-Farms-Freeze-Dried-Sliced-Strawberries-6-4-oz-No-10-Can_fa5b1700-d18e-468a-8b17-a539d9eb3981.eefa5a1baf4f027db39f248db9955e10.jpeg?odnHeight=180&odnWidth=180&odnBg=FFFFFF,,https://www.walmart.com/ip/6-pack-Augason-Farms-Freeze-Dried-Sliced-Strawberries-6-4-oz-No-10-Can/15382562000?classType=VARIANT,,,,,,,,,,,,,{'product_id': '15382562000'},,,,,,,,,,,,,49714,15441,15382562000,32.963956,-87.171887,2026-08-07T02:36:16.199771
2026-08-07T02:36:16.199771,walmart.com,strawberries,425,Brent Supercenter,35034,1,12,"Dole Individual Quick Frozen Strawberry, 5 Pound -- 2 per case.",,False,,89.93,,,,,,,,0.0,0,,,,,,https://i5.walmartimages.com/seo/Dole-Individual-Quick-Frozen-Strawberry-5-Pound-2-per-case_42d8a431-e17d-4bfa-9aa0-42c37898c0dc.0cb8f85fe1438eb29183c4d77d78fdc1.jpeg,,https://www.walmart.com/ip/Dole-Individual-Quick-Frozen-Strawberry-5-Pound-2-per-case/960104993?classType=REGULAR,,,,,,,,,,,,,{'product_id': '960104993'},,,,,,,,,,,,,49714,15441,960104993,32.963956,-87.171887,2026-08-07T02:36:16.199771
2026-08-07T02:36:16.199771,walmart.com,strawberries,425,Brent Supercenter,35034,1,14,"Simplot Classic Whole Strawberry Fruit, 10 Pound - 1 each.",,False,,92.56,,,,,,,,0.0,0,,,,,,https://i5.walmartimages.com/seo/Simplot-Classic-Whole-Strawberry-Fruit-10-Pound-1-each_d3090d40-d6c7-4e30-ab24-24511b4a761f.abc4979e5cd2c9e58f7e4692094097a8.jpeg,,https://www.walmart.com/ip/Simplot-Classic-Whole-Strawberry-Fruit-10-Pound-1-each/411691083?classType=REGULAR,,,,,,,,,,,,,{'product_id': '411691083'},,,,,,,,,,,,,49714,15441,411691083,32.963956,-87.171887,2026-08-07T02:36:16.199771
2026-08-07T02:36:16.199771,walmart.com,strawberries,425,Brent Supercenter,35034,1,16,"bettergoods Organic Dried Strawberries, 5 oz",,False,,7.12,,,,,,,,4.2,499,,,,,,https://i5.walmartimages.com/seo/bettergoods-Organic-Dried-Strawberries-5-oz_6f1d1da0-e77b-4353-af9d-334dea89adee.1dee10be180c621f4fa263c0a4c231b2.jpeg?odnHeight=180&odnWidth=180&odnBg=FFFFFF,,https://www.walmart.com/ip/bettergoods-Organic-Dried-Strawberries-5-oz/5464020048?classType=VARIANT,,,,,,,,,,,,,{'product_id': '5464020048'},,,,,,,,,,,,,49714,15441,5464020048,32.963956,-87.171887,2026-08-07T02:36:16.199771
2026-08-07T02:36:16.199771,walmart.com,strawberries,425,Brent Supercenter,35034,1,18,"Organic Freeze-Dried Strawberries, 1 Pound - Non-GMO, Kosher, Bulk - by Food to Live",,False,,74.38,,,,,,,,4.3,3,,,,,,https://i5.walmartimages.com/seo/Organic-Freeze-Dried-Strawberries-1-Pound-Non-GMO-Kosher-Bulk-by-Food-to-Live_c54b2692-2e58-4f54-bddb-ef9ecab4baac.72dd21d51f9c1e9dffffc1d132355130.jpeg,,https://www.walmart.com/ip/Organic-Freeze-Dried-Strawberries-1-Pound-Non-GMO-Kosher-Bulk-by-Food-to-Live/16242366408?classType=VARIANT,,,,,,,,,,,,,{'product_id': '16242366408'},,,,,,,,,,,,,49714,15441,16242366408,32.963956,-87.171887,2026-08-07T02:36:16.199771
2026-08-07T02:36:16.199771,walmart.com,strawberries,425,Brent Supercenter,35034,1,20,"Organic Dried Strawberries, 2 Pounds  Non-GMO, Kosher, Sweetened  by Food to Live",,False,,48.66,,,,,,,,4.3,22,,,,,,https://i5.walmartimages.com/seo/Organic-Dried-Strawberries-2-Pounds-Non-GMO-Kosher-Sweetened-by-Food-to-Live_84b3350b-46a9-432e-a1e4-0b5200442d9a.652deedfefcba9a00df1647796cf258c.jpeg,,https://www.walmart.com/ip/Organic-Dried-Strawberries-2-Pounds-Non-GMO-Kosher-Sweetened-by-Food-to-Live/652044157?classType=VARIANT,,,,,,,,,,,,,{'product_id': '652044157'},,,,,,,,,,,,,49714,15441,652044157,32.963956,-87.171887,2026-08-07T02:36:16.199771
2026-08-07T02:36:16.199771,walmart.com,strawberries,425,Brent Supercenter,35034,1,17,"Dried Sweetened Strawberries by Its Delish, 10 lbs",,False,,107.0,,,,,,,,4.3,21,,,,,,https://i5.walmartimages.com/seo/Dried-Sweetened-Strawberries-by-Its-Delish-10-lbs_4eccefce-4bec-4c2b-b576-9771063436c0.a967e7c8cd3dfcf595bfa72e97624bfd.jpeg,,https://www.walmart.com/ip/Dried-Sweetened-Strawberries-by-Its-Delish-10-lbs/770977252?classType=VARIANT,,,,,,,,,,,,,{'product_id': '770977252'},,,,,,,,,,,,,49714,15441,770977252,32.963956,-87.171887,2026-08-07T02:36:16.199771
2026-08-07T02:36:16.199771,walmart.com,strawberries,425,Brent Supercenter,35034,1,19,"Organic Dried Strawberries, 4 Pounds  Non-GMO, Kosher, Sweetened  by Food to Live",,False,,79.52,,,,,,,,4.3,22,,,,,,https://i5.walmartimages.com/seo/Organic-Dried-Strawberries-4-Pounds-Non-GMO-Kosher-Sweetened-by-Food-to-Live_84b3350b-46a9-432e-a1e4-0b5200442d9a.652deedfefcba9a00df1647796cf258c.jpeg,,https://www.walmart.com/ip/Organic-Dried-Strawberries-4-Pounds-Non-GMO-Kosher-Sweetened-by-Food-to-Live/170251660?classType=VARIANT,,,,,,,,,,,,,{'product_id': '170251660'},,,,,,,,,,,,,49714,15441,170251660,32.963956,-87.171887,2026-08-07T02:36:16.199771
2026-08-07T02:36:16.199771,walmart.com,strawberries,425,Brent Supercenter,35034,1,24,"swiig Freeze-Dried, Diced Strawberries 205g",,False,,38.29,,,,,,,,0.0,0,,,,,,https://i5.walmartimages.com/seo/swiig-Freeze-Dried-Diced-Strawberries-205g_a4f32191-6190-4ccc-8621-a3ef0df6aab0.b531cbd4c0d08490c3b0c6ed4ad2c964.jpeg,,https://www.walmart.com/ip/swiig-Freeze-Dried-Diced-Strawberries-205g/19644053840?classType=REGULAR,,,,,,,,,,,,,{'product_id': '19644053840'},,,,,,,,,,,,,49714,15441,19644053840,32.963956,-87.171887,2026-08-07T02:36:16.199771
2026-08-07T02:36:16.199771,walmart.com,strawberries,425,Brent Supercenter,35034,1,21,Future Essentials Freeze Dried Long Shelf Life Emergency Food Sliced Strawberries #2.5/ 2.2oz/Can- 12 Cans,,False,,249.0,,,,,,,,0.0,0,,,,,,https://i5.walmartimages.com/seo/Future-Essentials-Freeze-Dried-Long-Shelf-Life-Emergency-Food-Sliced-Strawberries-2-5-2-2oz-Can-12-Cans_232eed1c-6312-4173-8cde-41b7d7f02d2f.c7cae552b54b61b1a7200d5fbf3cfe64.png,,https://www.walmart.com/ip/Future-Essentials-Freeze-Dried-Long-Shelf-Life-Emergency-Food-Sliced-Strawberries-2-5-2-2oz-Can-12-Cans/1175074664?classType=REGULAR,,,,,,,,,,,,,{'product_id': '1175074664'},,,,,,,,,,,,,49714,15441,1175074664,32.963956,-87.171887,2026-08-07T02:36:16.199771
2026-08-07T02:36:16.199771,walmart.com,strawberries,425,Brent Supercenter,35034,1,22,Happy Village Organic Soft Dried Strawberries 18 oz Resealable Pack,,False,,26.01,,,,,,,,4.5,54,,,,,,https://i5.walmartimages.com/seo/Happy-Village-Organic-Whole-Dried-Strawberries-18-OZ-Resealable-Pack-Soft-Juicy-Kosher-Non-GMO-Refined-Sugar-Organic-Apple-Juice-Infused-Organic-Drie_3e3dbd2a-21c8-4b00-b01c-5cc457202f52.4696598a6ed2b3ffa82f594b823d7292.jpeg,,https://www.walmart.com/ip/Happy-Village-Organic-Whole-Dried-Strawberries-18-OZ-Resealable-Pack-Soft-Juicy-Kosher-Non-GMO-No-Refined-Sugar-Apple-Juice-Infused-Strawberry/1676663793?classType=VARIANT,,,,,,,,,,,,,{'product_id': '1676663793'},,,,,,,,,,,,,49714,15441,1676663793,32.963956,-87.171887,2026-08-07T02:36:16.199771
2026-08-07T02:36:16.199771,walmart.com,strawberries,425,Brent Supercenter,35034,1,23,"Dole Sliced Strawberry, 5 Pound - 2 per case.",,False,,98.02,,,,,,,,0.0,0,,,,,,https://i5.walmartimages.com/seo/Dole-Sliced-Strawberry-5-Pound-2-per-case_ee37a60b-9bde-41fc-b0b4-6821632b4320.b77a6366bda2ae0192768cb0e9666c0b.jpeg,,https://www.walmart.com/ip/Dole-Sliced-Strawberry-5-Pound-2-per-case/402465107?classType=REGULAR,,,,,,,,,,,,,{'product_id': '402465107'},,,,,,,,,,,,,49714,15441,402465107,32.963956,-87.171887,2026-08-07T02:36:16.199771
2026-08-07T02:36:16.199771,walmart.com,strawberries,425,Brent Supercenter,35034,1,25,"NY SPICE SHOP Whole Dried Strawberries - 3 Pound - Dried Whole Strawberries - Chewy Strawberry Treats - Dried Strawberry Snacks - Vibrant Whole Berry Treats for Toppings, Mixes & Everyday Use",,False,,47.99,,,,,,,,4.2,28,,,,,,https://i5.walmartimages.com/seo/NY-SPICE-SHOP-Dried-Whole-Strawberry-3-Pound-Dried-Strawberries-Natural-Dry-Fruits_701123a9-32bd-44a8-8be6-2be21a242276.dd65300a86f2462349f3fac8d30d0db7.jpeg,,https://www.walmart.com/ip/NY-SPICE-SHOP-Dried-Whole-Strawberry-3-Pound-Dried-Strawberries-Natural-Dry-Fruits/3144525957?classType=VARIANT,,,,,,,,,,,,,{'product_id': '3144525957'},,,,,,,,,,,,,49714,15441,3144525957,32.963956,-87.171887,2026-08-07T02:36:16.199771
2026-08-07T02:36:16.199771,walmart.com,strawberries,425,Brent Supercenter,35034,1,26,"Dried Sweetened Strawberries by Its Delish, 2 lbs",,False,,31.99,,,,,,,,4.3,21,,,,,,https://i5.walmartimages.com/seo/Dried-Sweetened-Strawberries-by-Its-Delish-2-lbs_0bca079b-04eb-414b-aec1-2ac63d11f22e.be90c81917c58cecd461b91c7f969c98.jpeg,,https://www.walmart.com/ip/Dried-Sweetened-Strawberries-by-Its-Delish-2-lbs/125646004?classType=VARIANT,,,,,,,,,,,,,{'product_id': '125646004'},,,,,,,,,,,,,49714,15441,125646004,32.963956,-87.171887,2026-08-07T02:36:16.199771
2026-08-07T02:36:16.199771,walmart.com,strawberries,425,Brent Supercenter,35034,1,29,"Dried Sweetened Strawberries by Its Delish, 5 lbs",,False,,57.99,,,,,,,,4.3,21,,,,,,https://i5.walmartimages.com/seo/Dried-Sweetened-Strawberries-by-Its-Delish-5-lbs_4eccefce-4bec-4c2b-b576-9771063436c0.a967e7c8cd3dfcf595bfa72e97624bfd.jpeg,,https://www.walmart.com/ip/Dried-Sweetened-Strawberries-by-Its-Delish-5-lbs/718134255?classType=VARIANT,,,,,,,,,,,,,{'product_id': '718134255'},,,,,,,,,,,,,49714,15441,718134255,32.963956,-87.171887,2026-08-07T02:36:16.199771
2026-08-07T02:36:16.199771,walmart.com,strawberries,425,Brent Supercenter,35034,1,27,"Freeze-Dried Whole Strawberries, Unsliced | Family Party Size | 8 Ounce",,False,,20.46,,,,,,,,5.0,2,,,,,,https://i5.walmartimages.com/seo/Freeze-Dried-Whole-Strawberries-Unsliced-Family-Party-Size-8-Ounce_f9a710fc-03c3-48a5-aaf6-ba9eae862097.49482392ec5b1fa61f480aa82519a84b.png,,https://www.walmart.com/ip/Freeze-Dried-Whole-Strawberries-Unsliced-Family-Party-Size-8-Ounce/15228253752?classType=REGULAR,,,,,,,,,,,,,{'product_id': '15228253752'},,,,,,,,,,,,,49714,15441,15228253752,32.963956,-87.171887,2026-08-07T02:36:16.199771
2026-08-07T02:36:16.199771,walmart.com,strawberries,425,Brent Supercenter,35034,1,28,(Pack of 6) Sunny Fruit Organic Dried Strawberries 3.5 Oz,,False,,56.99,,,,,,,,0.0,0,,,,,,https://i5.walmartimages.com/seo/Pack-of-6-Sunny-Fruit-Organic-Dried-Strawberries-3-5-Oz_9ef053f8-715c-4628-be2c-c3d0f07aaa13.9816c17d234de0f2e9bd50888c3fb870.png,,https://www.walmart.com/ip/Pack-of-6-Sunny-Fruit-Organic-Dried-Strawberries-3-5-Oz/18243070086?classType=VARIANT,,,,,,,,,,,,,{'product_id': '18243070086'},,,,,,,,,,,,,49714,15441,18243070086,32.963956,-87.171887,2026-08-07T02:36:16.199771
2026-08-07T02:36:16.199771,walmart.com,strawberries,425,Brent Supercenter,35034,1,30,"Volupta Premium Freeze Dried Strawberries, 5 Ounce",,False,,19.4,,,,,,,,2.0,3,,,,,,https://i5.walmartimages.com/seo/Volupta-Premium-Freeze-Dried-Strawberries-5-Ounce_f82a97d4-be5f-470d-86b7-59447a70118a.601ef7638f88e8073e38b369c0e5a7e7.jpeg,,https://www.walmart.com/ip/Volupta-Premium-Freeze-Dried-Strawberries-5-Ounce/17360007609?classType=REGULAR,,,,,,,,,,,,,{'product_id': '17360007609'},,,,,,,,,,,,,49714,15441,17360007609,32.963956,-87.171887,2026-08-07T02:36:16.199771
2026-08-07T02:36:16.199771,walmart.com,strawberries,425,Brent Supercenter,35034,1,32,"Happy Village Organic Soft Dried Strawberries On the Go, 15 x 1 oz Packs",,False,,28.99,,,,,,,,4.5,54,,,,,,https://i5.walmartimages.com/seo/Happy-Village-Organic-Soft-Dried-Strawberries-Go-3-Bags-15-Individual-Portion-Packs-Healthy-Organic-Non-GMO-Vegan-Kosher-Gluten-Free-Snack-Packs_7b721f74-6032-4434-889a-fb812d853b05.3f871b7fe4174b82bea6bd8b11ccb174.jpeg,,https://www.walmart.com/ip/Happy-Village-Organic-Soft-Dried-Strawberries-Go-3-Bags-15-Individual-Portion-Packs-Healthy-Organic-Non-GMO-Vegan-Kosher-Gluten-Free-Snack-Packs/19266959536?classType=VARIANT,,,,,,,,,,,,,{'product_id': '19266959536'},,,,,,,,,,,,,49714,15441,19266959536,32.963956,-87.171887,2026-08-07T02:36:16.199771
2026-08-07T02:36:16.199771,walmart.com,strawberries,425,Brent Supercenter,35034,1,31,"Organic Freeze-Dried Strawberries, 1 Ounce  Non-GMO, Kosher, Bulk - by Food to Live",,False,,11.99,,,,,,,,4.3,3,,,,,,https://i5.walmartimages.com/seo/Organic-Freeze-Dried-Strawberries-1-Ounce-Non-GMO-Kosher-Bulk-by-Food-to-Live_63fc0cbc-4388-4433-9487-6c52e174b6c8.0d7dd8a20e056c67462845aa964a28c9.jpeg,,https://www.walmart.com/ip/Organic-Freeze-Dried-Strawberries-1-Ounce-Non-GMO-Kosher-Bulk-by-Food-to-Live/16294167610?classType=VARIANT,,,,,,,,,,,,,{'product_id': '16294167610'},,,,,,,,,,,,,49714,15441,16294167610,32.963956,-87.171887,2026-08-07T02:36:16.199771
2026-08-07T02:36:16.199771,walmart.com,strawberries,425,Brent Supercenter,35034,1,35,Simply Nature NON-GMO Freeze Dried Strawberries 1.0oz 28g (2 Bags),,False,,15.99,,,,,,,,0.0,0,,,,,,https://i5.walmartimages.com/seo/Simply-Nature-NON-GMO-Freeze-Dried-Strawberries-1-0oz-28g-2-Bags_5cffe8f3-8548-4168-bf17-0489ba23fe18.79ec6d8b66e562a3406106ef84426494.jpeg,,https://www.walmart.com/ip/Simply-Nature-NON-GMO-Freeze-Dried-Strawberries-1-0oz-28g-2-Bags/2133632943?classType=REGULAR,,,,,,,,,,,,,{'product_id': '2133632943'},,,,,,,,,,,,,49714,15441,2133632943,32.963956,-87.171887,2026-08-07T02:36:16.199771
2026-08-07T02:36:16.199771,walmart.com,strawberries,425,Brent Supercenter,35034,1,37,"2PK - Simply Nature Freeze Dried Strawberries, 1.2 oz",,False,,18.35,,,,,,,,5.0,2,,,,,,https://i5.walmartimages.com/seo/2PK-Simply-Nature-Freeze-Dried-Strawberries-1-2-oz_59b8931c-340c-4afe-a5d5-75a5cf47a4b3.30753aca40d5eb78083c106e9fe62b1e.jpeg,,https://www.walmart.com/ip/2PK-Simply-Nature-Freeze-Dried-Strawberries-1-2-oz/13515070098?classType=REGULAR,,,,,,,,,,,,,{'product_id': '13515070098'},,,,,,,,,,,,,49714,15441,13515070098,32.963956,-87.171887,2026-08-07T02:36:16.199771
2026-08-07T02:36:16.199771,walmart.com,strawberries,425,Brent Supercenter,35034,1,33,Fresh and Honest Foods 100% All Natural Freeze Dried Strawberries 6.3 OZ #10 Can,,False,,32.0,,,,,,,,3.8,5,,,,,,https://i5.walmartimages.com/seo/Fresh-and-Honest-Foods-100-All-Natural-Freeze-Dried-Strawberries-6-3-OZ-10-Can_d87f043b-b6be-4047-97cc-650f843d5782_2.4f26e6f398c50cf6cddfa3d36c9fb086.jpeg,,https://www.walmart.com/ip/Fresh-and-Honest-Foods-100-All-Natural-Freeze-Dried-Strawberries-6-3-OZ-10-Can/517722278?classType=REGULAR,,,,,,,,,,,,,{'product_id': '517722278'},,,,,,,,,,,,,49714,15441,517722278,32.963956,-87.171887,2026-08-07T02:36:16.199771
2026-08-07T02:36:16.199771,walmart.com,strawberries,425,Brent Supercenter,35034,1,34,"Organic Freeze-Dried Strawberries, 8 Ounces - Non-GMO, Kosher, Bulk - by Food to Live",,False,,38.75,,,,,,,,4.3,3,,,,,,https://i5.walmartimages.com/seo/Organic-Freeze-Dried-Strawberries-8-Ounces-Non-GMO-Kosher-Bulk-by-Food-to-Live_d64ce187-d447-49f0-9a3f-a51342d2b4e6.0825b13b0b937c64c61aba29d9739d74.jpeg,,https://www.walmart.com/ip/Organic-Freeze-Dried-Strawberries-8-Ounces-Non-GMO-Kosher-Bulk-by-Food-to-Live/16264674047?classType=VARIANT,,,,,,,,,,,,,{'product_id': '16264674047'},,,,,,,,,,,,,49714,15441,16264674047,32.963956,-87.171887,2026-08-07T02:36:16.199771
2026-08-07T02:36:16.199771,walmart.com,strawberries,425,Brent Supercenter,35034,1,36,WinCrest Dried Candied Strawberries - 5 Lb Case,,False,,54.99,,,,,,,,0.0,0,,,,,,https://i5.walmartimages.com/seo/WinCrest-Dried-Candied-Strawberries-5-Lb-Case_cfbb5c30-836b-4337-bbb4-6a1a07d977fe.0151e29d92dadeee3cbaf26103ad5ec4.jpeg,,https://www.walmart.com/ip/WinCrest-Dried-Candied-Strawberries-5-Lb-Case/2155949213?classType=REGULAR,,,,,,,,,,,,,{'product_id': '2155949213'},,,,,,,,,,,,,49714,15441,2155949213,32.963956,-87.171887,2026-08-07T02:36:16.199771
2026-08-07T02:36:16.199771,walmart.com,strawberries,425,Brent Supercenter,35034,1,38,Simple Truth Freeze-Dried Strawberries 1 oz. (Pack of 2),,False,,24.97,,,,,,,,5.0,1,,,,,,https://i5.walmartimages.com/seo/Simple-Truth-Freeze-Dried-Strawberries-1-oz-Pack-of-2_0db64d4e-bb3f-4019-bfd6-4d8f4cd3a572.8b1dcabee0e07b8383d529a82afbc50a.jpeg,,https://www.walmart.com/ip/Simple-Truth-Freeze-Dried-Strawberries-1-oz-Pack-of-2/970066855?classType=REGULAR,,,,,,,,,,,,,{'product_id': '970066855'},,,,,,,,,,,,,49714,15441,970066855,32.963956,-87.171887,2026-08-07T02:36:16.199771
2026-08-07T02:36:16.199771,walmart.com,strawberries,425,Brent Supercenter,35034,1,39,"BEAR Fruit Dried Strawberries 90g, Imported from Britain",,False,,24.39,,,,,,,,0.0,0,,,,,,https://i5.walmartimages.com/seo/BEAR-Fruit-Dried-Strawberries-90g-Imported-from-Britain_24109d45-4fa4-4d8f-98dd-24b88ca73faf.75f18c46df9b64c36eff130b44f60199.jpeg,,https://www.walmart.com/ip/BEAR-Fruit-Dried-Strawberries-90g-Imported-from-Britain/19682817460?classType=REGULAR,,,,,,,,,,,,,{'product_id': '19682817460'},,,,,,,,,,,,,49714,15441,19682817460,32.963956,-87.171887,2026-08-07T02:36:16.199771
2026-08-07T02:36:16.199771,walmart.com,strawberries,425,Brent Supercenter,35034,1,40,Lybelu New Dried Strawberries  4 Ounces,,False,,11.5,,,,,,,,0.0,0,,,,,,https://i5.walmartimages.com/seo/Lybelu-New-Dried-Strawberries-4-Ounces_02933d5f-a94f-4de4-a4e6-c3ec2c329902.c75ae13d34a89330a9c1c36b67a88b3d.jpeg,,https://www.walmart.com/ip/Lybelu-New-Dried-Strawberries-4-Ounces/2133642105?classType=REGULAR,,,,,,,,,,,,,{'product_id': '2133642105'},,,,,,,,,,,,,49714,15441,2133642105,32.963956,-87.171887,2026-08-07T02:36:16.199771
2026-08-07T02:36:16.199771,walmart.com,strawberries,5487,Travelers Rest Supercenter,29690,1,1,"Fresh Strawberries, 1 lb Container",,False,['Overall pick'],2.38,,,,,,,,3.8,167998,,,,,,https://i5.walmartimages.com/seo/Fresh-Strawberries-1-lb-Container_b54a64ad-e961-46cf-b60c-bc763716fb0b.a481cdfd237c5ab5438d5c9e90bead07.jpeg,,https://www.walmart.com/ip/Fresh-Strawberries-1-lb-Container/44391605?classType=REGULAR&athbdg=L1200,,,,,,,,,,,,,{'product_id': '44391605'},,,,,,,,,,,,,49714,15441,44391605,34.960418,-82.430967,2026-08-07T02:36:16.199771
2026-08-07T02:36:16.199771,walmart.com,strawberries,5487,Travelers Rest Supercenter,29690,1,2,"Fresh Strawberries, 2 lb Container",,False,['Best seller'],4.52,,,,,,,,3.9,92419,,,,,,https://i5.walmartimages.com/seo/Fresh-Strawberries-2-lb-Container_dd2bcd97-25af-4a91-9258-989853e16b2f_1.36dd4f1579a25d423741d9970de3ddac.jpeg,,https://www.walmart.com/ip/Fresh-Strawberries-2-lb-Container/22660282?classType=REGULAR&athbdg=L1600,,,,,,,,,,,,,{'product_id': '22660282'},,,,,,,,,,,,,49714,15441,22660282,34.960418,-82.430967,2026-08-07T02:36:16.199771
2026-08-07T02:36:16.199771,walmart.com,strawberries,5487,Travelers Rest Supercenter,29690,1,3,"Fresh USDA Organic Strawberries, 1 lb Container",,False,['10K+ bought since yesterday'],3.33,,,,,,,,3.6,7254,,,,10000,,https://i5.walmartimages.com/seo/Fresh-USDA-Organic-Strawberries-1-lb-Container_d9df3e2b-85ca-40ea-9580-b907ef043406.a7afdd2ac762c18c954e62a470734b87.png,,https://www.walmart.com/ip/Fresh-USDA-Organic-Strawberries-1-lb-Container/45618183?classType=REGULAR&athbdg=L1102,,,,,,,,,,,,,{'product_id': '45618183'},,,,,,,,,,,,,49714,15441,45618183,34.960418,-82.430967,2026-08-07T02:36:16.199771
2026-08-07T02:36:16.199771,walmart.com,strawberries,5487,Travelers Rest Supercenter,29690,1,4,"Fresh Strawberries, 8.8 oz Container",,False,['10K+ bought since yesterday'],1.82,,,,,,,,3.8,12567,,,,10000,,https://i5.walmartimages.com/seo/Fresh-Strawberries-8-8-oz-Container_4be7094f-7907-4580-944d-3cd4c0b2d238.ffcf0a1145778a1e5f7c1cabef12c9fd.jpeg,,https://www.walmart.com/ip/Fresh-Strawberries-8-8-oz-Container/1175460573?classType=REGULAR&athbdg=L1102,,,,,,,,,,,,,{'product_id': '1175460573'},,,,,,,,,,,,,49714,15441,1175460573,34.960418,-82.430967,2026-08-07T02:36:16.199771
2026-08-07T02:36:16.199771,walmart.com,strawberries,5487,Travelers Rest Supercenter,29690,1,5,"Great Value Whole Strawberries, 16 oz (Frozen)",,False,['Best seller'],2.86,,,,,,,,4.6,10262,,,,10000,,https://i5.walmartimages.com/seo/GV-Whole-Strawb-16oz_14b5eca6-798a-43fa-91be-f365ec3fc646.f54aab8f1878d45f752a6dfec54dad12.jpeg,,https://www.walmart.com/ip/GV-Whole-Strawb-16oz/10543663?classType=REGULAR&athbdg=L1600,,,,,,,,,,,,,{'product_id': '10543663'},,,,,,,,,,,,,49714,15441,10543663,34.960418,-82.430967,2026-08-07T02:36:16.199771
2026-08-07T02:36:16.199771,walmart.com,strawberries,5487,Travelers Rest Supercenter,29690,1,6,"Great Value Sliced Strawberries, 64 oz (Frozen)",,False,['5K+ bought since yesterday'],9.82,,,,,,,,4.7,8483,,,,5000,,https://i5.walmartimages.com/seo/Great-Value-Sliced-Strawberries-64-oz-Frozen_bec1b1a6-7179-4139-8b85-bff6202dda70_4.96ef909a06b019e320228b4a7a4f12f3.jpeg,,https://www.walmart.com/ip/Great-Value-Sliced-Strawberries-64-oz-Frozen/672666564?classType=REGULAR&athbdg=L1102,,,,,,,,,,,,,{'product_id': '672666564'},,,,,,,,,,,,,49714,15441,672666564,34.960418,-82.430967,2026-08-07T02:36:16.199771
2026-08-07T02:36:16.199771,walmart.com,strawberries,5487,Travelers Rest Supercenter,29690,1,8,"Commodity Fruit Whole Strawberry Piece, 30 Pound -- 1 each.",,False,,140.64,,,,,,,,1.0,2,,,,,,https://i5.walmartimages.com/seo/Commodity-Fruit-Whole-Strawberry-Piece-30-Pound-1-each_cea2a115-2819-444e-9e54-0e83bd5459f7.6b7febd8c01e24528174019cb3358daf.jpeg,,https://www.walmart.com/ip/Commodity-Fruit-Whole-Strawberry-Piece-30-Pound-1-each/151247942?classType=REGULAR,,,,,,,,,,,,,{'product_id': '151247942'},,,,,,,,,,,,,49714,15441,151247942,34.960418,-82.430967,2026-08-07T02:36:16.199771
2026-08-07T02:36:16.199771,walmart.com,strawberries,5487,Travelers Rest Supercenter,29690,1,9,"Dole Sliced Strawberry, 14 oz, 8 per Case",,False,,86.47,,,,,,,,3.0,1,,,,,,https://i5.walmartimages.com/seo/Dole-Sliced-Strawberry-14-oz-8-per-Case_67628534-7f4c-497d-a9d7-06fb36bfaee9.7e688b4ec63867c0edb58f5d4ae630c7.jpeg,,https://www.walmart.com/ip/Dole-Sliced-Strawberry-14-oz-8-per-Case/645793229?classType=REGULAR,,,,,,,,,,,,,{'product_id': '645793229'},,,,,,,,,,,,,49714,15441,645793229,34.960418,-82.430967,2026-08-07T02:36:16.199771
2026-08-07T02:36:16.199771,walmart.com,strawberries,5487,Travelers Rest Supercenter,29690,1,10,"Great Value Sliced Strawberries with Sugar, 15.5 oz (Frozen)",,False,,3.96,,,,,,,,4.5,2064,,,,,,https://i5.walmartimages.com/seo/Great-Value-Sliced-Strawberries-with-Sugar-15-5-oz-Frozen_832cb121-7cad-4dee-abb9-cda28cf80e36.f8c09a2e8a252a936220524c8e7e8e76.jpeg,,https://www.walmart.com/ip/Great-Value-Sliced-Strawberries-with-Sugar-15-5-oz-Frozen/22569731?classType=REGULAR,,,,,,,,,,,,,{'product_id': '22569731'},,,,,,,,,,,,,49714,15441,22569731,34.960418,-82.430967,2026-08-07T02:36:16.199771
2026-08-07T02:36:16.199771,walmart.com,strawberries,5487,Travelers Rest Supercenter,29690,1,11,"Dole Individual Quick Frozen Strawberry, 30 Pound",,False,,158.44,,,,,,,,0.0,0,,,,,,https://i5.walmartimages.com/seo/Dole-Individual-Quick-Frozen-Strawberry-30-Pound_8cd14247-44f8-483b-8d1f-5b3807d2530e.c6cf3586864eb32ac445adf7ae5404a4.jpeg,,https://www.walmart.com/ip/Dole-Individual-Quick-Frozen-Strawberry-30-Pound/1891056080?classType=REGULAR,,,,,,,,,,,,,{'product_id': '1891056080'},,,,,,,,,,,,,49714,15441,1891056080,34.960418,-82.430967,2026-08-07T02:36:16.199771
2026-08-07T02:36:16.199771,walmart.com,strawberries,5487,Travelers Rest Supercenter,29690,1,7,"Great Value Whole Strawberries, 64 oz (Frozen)",,False,,9.42,,,,,,,,4.7,4965,,,,,,https://i5.walmartimages.com/seo/Great-Value-Whole-Strawberries-64-oz-Frozen_c4e4ef22-2d66-413b-939d-565333deaef4.3a82c613d8beefa6a65578be554dbcd1.jpeg,,https://www.walmart.com/ip/Great-Value-Whole-Strawberries-64-oz-Frozen/44389039?classType=REGULAR,,,,,,,,,,,,,{'product_id': '44389039'},,,,,,,,,,,,,49714,15441,44389039,34.960418,-82.430967,2026-08-07T02:36:16.199771
2026-08-07T02:36:16.199771,walmart.com,strawberries,5487,Travelers Rest Supercenter,29690,1,12,"bettergoods Organic Dried Strawberries, 5 oz",,False,,7.12,,,,,,,,4.2,499,,,,,,https://i5.walmartimages.com/seo/bettergoods-Organic-Dried-Strawberries-5-oz_6f1d1da0-e77b-4353-af9d-334dea89adee.1dee10be180c621f4fa263c0a4c231b2.jpeg?odnHeight=180&odnWidth=180&odnBg=FFFFFF,,https://www.walmart.com/ip/bettergoods-Organic-Dried-Strawberries-5-oz/5464020048?classType=VARIANT,,,,,,,,,,,,,{'product_id': '5464020048'},,,,,,,,,,,,,49714,15441,5464020048,34.960418,-82.430967,2026-08-07T02:36:16.199771
2026-08-07T02:36:16.199771,walmart.com,strawberries,5487,Travelers Rest Supercenter,29690,1,13,"(6 pack) Augason Farms Freeze Dried Sliced Strawberries Can - Gluten Free Snack for Baking, Smoothies, and Emergency Storage - Healthy Individual Fruit Snacks – 6.5 Ounces (18 Servings)",,False,,119.88,,,,,,,,0.0,0,,,,,,https://i5.walmartimages.com/seo/6-pack-Augason-Farms-Freeze-Dried-Sliced-Strawberries-6-4-oz-No-10-Can_fa5b1700-d18e-468a-8b17-a539d9eb3981.eefa5a1baf4f027db39f248db9955e10.jpeg?odnHeight=180&odnWidth=180&odnBg=FFFFFF,,https://www.walmart.com/ip/6-pack-Augason-Farms-Freeze-Dried-Sliced-Strawberries-6-4-oz-No-10-Can/15382562000?classType=VARIANT,,,,,,,,,,,,,{'product_id': '15382562000'},,,,,,,,,,,,,49714,15441,15382562000,34.960418,-82.430967,2026-08-07T02:36:16.199771
2026-08-07T02:36:16.199771,walmart.com,strawberries,5487,Travelers Rest Supercenter,29690,1,14,"Dole Individual Quick Frozen Strawberry, 5 Pound -- 2 per case.",,False,,89.93,,,,,,,,0.0,0,,,,,,https://i5.walmartimages.com/seo/Dole-Individual-Quick-Frozen-Strawberry-5-Pound-2-per-case_42d8a431-e17d-4bfa-9aa0-42c37898c0dc.0cb8f85fe1438eb29183c4d77d78fdc1.jpeg,,https://www.walmart.com/ip/Dole-Individual-Quick-Frozen-Strawberry-5-Pound-2-per-case/960104993?classType=REGULAR,,,,,,,,,,,,,{'product_id': '960104993'},,,,,,,,,,,,,49714,15441,960104993,34.960418,-82.430967,2026-08-07T02:36:16.199771
2026-08-07T02:36:16.199771,walmart.com,strawberries,5487,Travelers Rest Supercenter,29690,1,15,"Simplot Classic Whole Strawberry Fruit, 10 Pound - 1 each.",,False,,92.56,,,,,,,,0.0,0,,,,,,https://i5.walmartimages.com/seo/Simplot-Classic-Whole-Strawberry-Fruit-10-Pound-1-each_d3090d40-d6c7-4e30-ab24-24511b4a761f.abc4979e5cd2c9e58f7e4692094097a8.jpeg,,https://www.walmart.com/ip/Simplot-Classic-Whole-Strawberry-Fruit-10-Pound-1-each/411691083?classType=REGULAR,,,,,,,,,,,,,{'product_id': '411691083'},,,,,,,,,,,,,49714,15441,411691083,34.960418,-82.430967,2026-08-07T02:36:16.199771
2026-08-07T02:36:16.199771,walmart.com,strawberries,5487,Travelers Rest Supercenter,29690,1,16,Happy Village Organic Soft Dried Strawberries 18 oz Resealable Pack,,False,,26.01,,,,,,,,4.5,54,,,,,,https://i5.walmartimages.com/seo/Happy-Village-Organic-Whole-Dried-Strawberries-18-OZ-Resealable-Pack-Soft-Juicy-Kosher-Non-GMO-Refined-Sugar-Organic-Apple-Juice-Infused-Organic-Drie_3e3dbd2a-21c8-4b00-b01c-5cc457202f52.4696598a6ed2b3ffa82f594b823d7292.jpeg,,https://www.walmart.com/ip/Happy-Village-Organic-Whole-Dried-Strawberries-18-OZ-Resealable-Pack-Soft-Juicy-Kosher-Non-GMO-No-Refined-Sugar-Apple-Juice-Infused-Strawberry/1676663793?classType=VARIANT,,,,,,,,,,,,,{'product_id': '1676663793'},,,,,,,,,,,,,49714,15441,1676663793,34.960418,-82.430967,2026-08-07T02:36:16.199771
2026-08-07T02:36:16.199771,walmart.com,strawberries,5487,Travelers Rest Supercenter,29690,1,17,"Dole Sliced Strawberry, 5 Pound - 2 per case.",,False,,98.02,,,,,,,,0.0,0,,,,,,https://i5.walmartimages.com/seo/Dole-Sliced-Strawberry-5-Pound-2-per-case_ee37a60b-9bde-41fc-b0b4-6821632b4320.b77a6366bda2ae0192768cb0e9666c0b.jpeg,,https://www.walmart.com/ip/Dole-Sliced-Strawberry-5-Pound-2-per-case/402465107?classType=REGULAR,,,,,,,,,,,,,{'product_id': '402465107'},,,,,,,,,,,,,49714,15441,402465107,34.960418,-82.430967,2026-08-07T02:36:16.199771
2026-08-07T02:36:16.199771,walmart.com,strawberries,5487,Travelers Rest Supercenter,29690,1,22,"Organic Dried Strawberries, 2 Pounds  Non-GMO, Kosher, Sweetened  by Food to Live",,False,,48.66,,,,,,,,4.3,22,,,,,,https://i5.walmartimages.com/seo/Organic-Dried-Strawberries-2-Pounds-Non-GMO-Kosher-Sweetened-by-Food-to-Live_84b3350b-46a9-432e-a1e4-0b5200442d9a.652deedfefcba9a00df1647796cf258c.jpeg,,https://www.walmart.com/ip/Organic-Dried-Strawberries-2-Pounds-Non-GMO-Kosher-Sweetened-by-Food-to-Live/652044157?classType=VARIANT,,,,,,,,,,,,,{'product_id': '652044157'},,,,,,,,,,,,,49714,15441,652044157,34.960418,-82.430967,2026-08-07T02:36:16.199771
2026-08-07T02:36:16.199771,walmart.com,strawberries,5487,Travelers Rest Supercenter,29690,1,18,Trader Joe's Freeze Dried Strawberries Unsweetened Unsulfured Strawberry (1.2oz),,False,,9.23,,,,,,,,4.3,13,,,,,,https://i5.walmartimages.com/seo/Trader-Joe-s-Freeze-Dried-Strawberries-Unsweetened-Unsulfured-Strawberry-1-2oz_6510abbf-52b1-460d-9d85-fcac20e3ac3f.2f897210058e6bd4daea3a6a49dd4705.png,,https://www.walmart.com/ip/Trader-Joe-s-Freeze-Dried-Strawberries-Unsweetened-Unsulfured-Strawberry-1-2oz/15061871855?classType=REGULAR,,,,,,,,,,,,,{'product_id': '15061871855'},,,,,,,,,,,,,49714,15441,15061871855,34.960418,-82.430967,2026-08-07T02:36:16.199771
2026-08-07T02:36:16.199771,walmart.com,strawberries,5487,Travelers Rest Supercenter,29690,1,21,"Happy Village Organic Soft Dried Strawberries On the Go, 15 x 1 oz Packs",,False,,28.99,,,,,,,,4.5,54,,,,,,https://i5.walmartimages.com/seo/Happy-Village-Organic-Soft-Dried-Strawberries-Go-3-Bags-15-Individual-Portion-Packs-Healthy-Organic-Non-GMO-Vegan-Kosher-Gluten-Free-Snack-Packs_7b721f74-6032-4434-889a-fb812d853b05.3f871b7fe4174b82bea6bd8b11ccb174.jpeg,,https://www.walmart.com/ip/Happy-Village-Organic-Soft-Dried-Strawberries-Go-3-Bags-15-Individual-Portion-Packs-Healthy-Organic-Non-GMO-Vegan-Kosher-Gluten-Free-Snack-Packs/19266959536?classType=VARIANT,,,,,,,,,,,,,{'product_id': '19266959536'},,,,,,,,,,,,,49714,15441,19266959536,34.960418,-82.430967,2026-08-07T02:36:16.199771
2026-08-07T02:36:16.199771,walmart.com,strawberries,5487,Travelers Rest Supercenter,29690,1,23,ReadyWise Sliced Strawberries Whole Shelf-Stable 18 Servings,,False,,31.99,,,,,,,,2.8,4,,,,,,https://i5.walmartimages.com/seo/ReadyWise-Simple-Kitchen-FD-Sliced-Strawberries-18-Servings_69f83249-8c71-4d27-afed-a52d21aeddc3.fd1dad27307e2e73f6e7083f813e9993.jpeg,,https://www.walmart.com/ip/ReadyWise-Simple-Kitchen-FD-Sliced-Strawberries-18-Servings/1280619054?classType=REGULAR,,,,,,,,,,,,,{'product_id': '1280619054'},,,,,,,,,,,,,49714,15441,1280619054,34.960418,-82.430967,2026-08-07T02:36:16.199771
2026-08-07T02:36:16.199771,walmart.com,strawberries,5487,Travelers Rest Supercenter,29690,1,24,Fresh and Honest Foods 100% All Natural Freeze Dried Strawberries 6.3 OZ #10 Can,,False,,32.0,,,,,,,,3.8,5,,,,,,https://i5.walmartimages.com/seo/Fresh-and-Honest-Foods-100-All-Natural-Freeze-Dried-Strawberries-6-3-OZ-10-Can_d87f043b-b6be-4047-97cc-650f843d5782_2.4f26e6f398c50cf6cddfa3d36c9fb086.jpeg,,https://www.walmart.com/ip/Fresh-and-Honest-Foods-100-All-Natural-Freeze-Dried-Strawberries-6-3-OZ-10-Can/517722278?classType=REGULAR,,,,,,,,,,,,,{'product_id': '517722278'},,,,,,,,,,,,,49714,15441,517722278,34.960418,-82.430967,2026-08-07T02:36:16.199771
2026-08-07T02:36:16.199771,walmart.com,strawberries,5487,Travelers Rest Supercenter,29690,1,19,"Organic Freeze-Dried Strawberries, 1 Pound - Non-GMO, Kosher, Bulk - by Food to Live",,False,,74.38,,,,,,,,4.3,3,,,,,,https://i5.walmartimages.com/seo/Organic-Freeze-Dried-Strawberries-1-Pound-Non-GMO-Kosher-Bulk-by-Food-to-Live_c54b2692-2e58-4f54-bddb-ef9ecab4baac.72dd21d51f9c1e9dffffc1d132355130.jpeg,,https://www.walmart.com/ip/Organic-Freeze-Dried-Strawberries-1-Pound-Non-GMO-Kosher-Bulk-by-Food-to-Live/16242366408?classType=VARIANT,,,,,,,,,,,,,{'product_id': '16242366408'},,,,,,,,,,,,,49714,15441,16242366408,34.960418,-82.430967,2026-08-07T02:36:16.199771
2026-08-07T02:36:16.199771,walmart.com,strawberries,5487,Travelers Rest Supercenter,29690,1,20,"Organic Freeze-Dried Strawberries, 1 Ounce  Non-GMO, Kosher, Bulk - by Food to Live",,False,,11.99,,,,,,,,4.3,3,,,,,,https://i5.walmartimages.com/seo/Organic-Freeze-Dried-Strawberries-1-Ounce-Non-GMO-Kosher-Bulk-by-Food-to-Live_63fc0cbc-4388-4433-9487-6c52e174b6c8.0d7dd8a20e056c67462845aa964a28c9.jpeg,,https://www.walmart.com/ip/Organic-Freeze-Dried-Strawberries-1-Ounce-Non-GMO-Kosher-Bulk-by-Food-to-Live/16294167610?classType=VARIANT,,,,,,,,,,,,,{'product_id': '16294167610'},,,,,,,,,,,,,49714,15441,16294167610,34.960418,-82.430967,2026-08-07T02:36:16.199771
2026-08-07T02:36:16.199771,walmart.com,strawberries,5487,Travelers Rest Supercenter,29690,1,25,AUSPITEE Freeze Dried Strawberry Slices 140g(4.94oz) Pure Natural Dry Fruit for Snacks Cooking Yogurt,,False,,15.17,,,,,,,,4.9,12,,,,,,https://i5.walmartimages.com/seo/AUSPITEE-Freeze-Dried-Strawberry-Slices-140g-4-94oz-Pure-Natural-Dry-Fruit-for-Snacks-Cooking-Yogurt_d991d288-c41e-455e-b2a8-8d185831cf0f.26ac3d92f57094da5c9726586556629e.png,,https://www.walmart.com/ip/AUSPITEE-Freeze-Dried-Strawberry-Slices-140g-4-94oz-Pure-Natural-Dry-Fruit-for-Snacks-Cooking-Yogurt/18870622303?classType=REGULAR,,,,,,,,,,,,,{'product_id': '18870622303'},,,,,,,,,,,,,49714,15441,18870622303,34.960418,-82.430967,2026-08-07T02:36:16.199771
2026-08-07T02:36:16.199771,walmart.com,strawberries,5487,Travelers Rest Supercenter,29690,1,28,"Balance of Nature Freeze-Dried Strawberries (5 Pack)  100% Real Fruit, Crunchy Strawberry Slices, Healthy Snack, Mouthwatering Nutrition, Gluten-Free, Vegan, No Sugar Added, Five 1.6 oz Bags",,False,,29.99,,,,,,,,3.0,4,,,,,,https://i5.walmartimages.com/seo/Balance-of-Nature-Freeze-Dried-Strawberries-No-Sugar-Added-1-6-oz-5-Pack_44ca59a2-73f7-4a04-87a9-589b1fc80351.1806b4a82ccc5e460fb3b932d8e32e60.jpeg,,https://www.walmart.com/ip/Balance-of-Nature-Freeze-Dried-Strawberries-No-Sugar-Added-1-6-oz-5-Pack/19690119699?classType=VARIANT,,,,,,,,,,,,,{'product_id': '19690119699'},,,,,,,,,,,,,49714,15441,19690119699,34.960418,-82.430967,2026-08-07T02:36:16.199771
2026-08-07T02:36:16.199771,walmart.com,strawberries,5487,Travelers Rest Supercenter,29690,1,26,"swiig Freeze-Dried, Diced Strawberries 205g",,False,,38.29,,,,,,,,0.0,0,,,,,,https://i5.walmartimages.com/seo/swiig-Freeze-Dried-Diced-Strawberries-205g_a4f32191-6190-4ccc-8621-a3ef0df6aab0.b531cbd4c0d08490c3b0c6ed4ad2c964.jpeg,,https://www.walmart.com/ip/swiig-Freeze-Dried-Diced-Strawberries-205g/19644053840?classType=REGULAR,,,,,,,,,,,,,{'product_id': '19644053840'},,,,,,,,,,,,,49714,15441,19644053840,34.960418,-82.430967,2026-08-07T02:36:16.199771
2026-08-07T02:36:16.199771,walmart.com,strawberries,5487,Travelers Rest Supercenter,29690,1,32,"BEAR Fruit Dried Strawberries 90g, Imported from Britain",,False,,24.39,,,,,,,,0.0,0,,,,,,https://i5.walmartimages.com/seo/BEAR-Fruit-Dried-Strawberries-90g-Imported-from-Britain_24109d45-4fa4-4d8f-98dd-24b88ca73faf.75f18c46df9b64c36eff130b44f60199.jpeg,,https://www.walmart.com/ip/BEAR-Fruit-Dried-Strawberries-90g-Imported-from-Britain/19682817460?classType=REGULAR,,,,,,,,,,,,,{'product_id': '19682817460'},,,,,,,,,,,,,49714,15441,19682817460,34.960418,-82.430967,2026-08-07T02:36:16.199771
2026-08-07T02:36:16.199771,walmart.com,strawberries,5487,Travelers Rest Supercenter,29690,1,27,"Simply Nature Freeze Dried Strawberries Snack Pack Non-GMO, 6 Count, 2.1 Oz",,False,,19.99,,,,,,,,0.0,0,,,,,,https://i5.walmartimages.com/seo/Simply-Nature-Freeze-Dried-Strawberries-Snack-Pack-Non-GMO-6-Count-2-1-Oz_533640c2-5341-44cd-80c0-c88b0f0d4990.a02ba57972cfc49236f01780483abfeb.jpeg,,https://www.walmart.com/ip/Simply-Nature-Freeze-Dried-Strawberries-Snack-Pack-Non-GMO-6-Count-2-1-Oz/19868921819?classType=REGULAR,,,,,,,,,,,,,{'product_id': '19868921819'},,,,,,,,,,,,,49714,15441,19868921819,34.960418,-82.430967,2026-08-07T02:36:16.199771
2026-08-07T02:36:16.199771,walmart.com,strawberries,5487,Travelers Rest Supercenter,29690,1,29,"Volupta Premium Freeze Dried Strawberries, 5 Ounce",,False,,19.4,,,,,,,,2.0,3,,,,,,https://i5.walmartimages.com/seo/Volupta-Premium-Freeze-Dried-Strawberries-5-Ounce_f82a97d4-be5f-470d-86b7-59447a70118a.601ef7638f88e8073e38b369c0e5a7e7.jpeg,,https://www.walmart.com/ip/Volupta-Premium-Freeze-Dried-Strawberries-5-Ounce/17360007609?classType=REGULAR,,,,,,,,,,,,,{'product_id': '17360007609'},,,,,,,,,,,,,49714,15441,17360007609,34.960418,-82.430967,2026-08-07T02:36:16.199771
2026-08-07T02:36:16.199771,walmart.com,strawberries,5487,Travelers Rest Supercenter,29690,1,30,"Freeze-Dried Whole Strawberries, Unsliced | Family Party Size | 8 Ounce",,False,,20.46,,,,,,,,5.0,2,,,,,,https://i5.walmartimages.com/seo/Freeze-Dried-Whole-Strawberries-Unsliced-Family-Party-Size-8-Ounce_f9a710fc-03c3-48a5-aaf6-ba9eae862097.49482392ec5b1fa61f480aa82519a84b.png,,https://www.walmart.com/ip/Freeze-Dried-Whole-Strawberries-Unsliced-Family-Party-Size-8-Ounce/15228253752?classType=REGULAR,,,,,,,,,,,,,{'product_id': '15228253752'},,,,,,,,,,,,,49714,15441,15228253752,34.960418,-82.430967,2026-08-07T02:36:16.199771
2026-08-07T02:36:16.199771,walmart.com,strawberries,5487,Travelers Rest Supercenter,29690,1,33,"Organic Freeze-Dried Strawberries, 8 Ounces - Non-GMO, Kosher, Bulk - by Food to Live",,False,,38.75,,,,,,,,4.3,3,,,,,,https://i5.walmartimages.com/seo/Organic-Freeze-Dried-Strawberries-8-Ounces-Non-GMO-Kosher-Bulk-by-Food-to-Live_d64ce187-d447-49f0-9a3f-a51342d2b4e6.0825b13b0b937c64c61aba29d9739d74.jpeg,,https://www.walmart.com/ip/Organic-Freeze-Dried-Strawberries-8-Ounces-Non-GMO-Kosher-Bulk-by-Food-to-Live/16264674047?classType=VARIANT,,,,,,,,,,,,,{'product_id': '16264674047'},,,,,,,,,,,,,49714,15441,16264674047,34.960418,-82.430967,2026-08-07T02:36:16.199771
2026-08-07T02:36:16.199771,walmart.com,strawberries,5487,Travelers Rest Supercenter,29690,1,34,"CHAVI Freeze-Dried Strawberry  - Healthy 1 Ingredient Superfood - No Added Sugars or Preservatives - Non-GMO, Vegan, Gluten-Free | Long Shelf Life |",,False,,11.99,,,,,,,,3.9,8,,,,,,https://i5.walmartimages.com/seo/CHAVI-Freeze-Dried-Strawberry-Healthy-1-Ingredient-Superfood-Added-Sugars-Preservatives-Non-GMO-Vegan-Gluten-Free-Long-Shelf-Life-2-oz-Can_e536d0a3-2be0-46d9-a566-2155f902d147.2dddd19de52f56dbe5aca655f7781cbf.png,,https://www.walmart.com/ip/CHAVI-Freeze-Dried-Strawberry-Healthy-1-Ingredient-Superfood-Added-Sugars-Preservatives-Non-GMO-Vegan-Gluten-Free-Long-Shelf-Life-2-oz-Can/19870263158?classType=REGULAR,,,,,,,,,,,,,{'product_id': '19870263158'},,,,,,,,,,,,,49714,15441,19870263158,34.960418,-82.430967,2026-08-07T02:36:16.199771
2026-08-07T02:36:16.199771,walmart.com,strawberries,5487,Travelers Rest Supercenter,29690,1,31,Future Essentials Freeze Dried Long Shelf Life Emergency Food Sliced Strawberries #2.5/ 2.2oz/Can- 12 Cans,,False,,249.0,,,,,,,,0.0,0,,,,,,https://i5.walmartimages.com/seo/Future-Essentials-Freeze-Dried-Long-Shelf-Life-Emergency-Food-Sliced-Strawberries-2-5-2-2oz-Can-12-Cans_232eed1c-6312-4173-8cde-41b7d7f02d2f.c7cae552b54b61b1a7200d5fbf3cfe64.png,,https://www.walmart.com/ip/Future-Essentials-Freeze-Dried-Long-Shelf-Life-Emergency-Food-Sliced-Strawberries-2-5-2-2oz-Can-12-Cans/1175074664?classType=REGULAR,,,,,,,,,,,,,{'product_id': '1175074664'},,,,,,,,,,,,,49714,15441,1175074664,34.960418,-82.430967,2026-08-07T02:36:16.199771
2026-08-07T02:36:16.199771,walmart.com,strawberries,5487,Travelers Rest Supercenter,29690,1,36,Simple Truth Freeze-Dried Strawberries 1 oz. (Pack of 2),,False,,24.97,,,,,,,,5.0,1,,,,,,https://i5.walmartimages.com/seo/Simple-Truth-Freeze-Dried-Strawberries-1-oz-Pack-of-2_0db64d4e-bb3f-4019-bfd6-4d8f4cd3a572.8b1dcabee0e07b8383d529a82afbc50a.jpeg,,https://www.walmart.com/ip/Simple-Truth-Freeze-Dried-Strawberries-1-oz-Pack-of-2/970066855?classType=REGULAR,,,,,,,,,,,,,{'product_id': '970066855'},,,,,,,,,,,,,49714,15441,970066855,34.960418,-82.430967,2026-08-07T02:36:16.199771
2026-08-07T02:36:16.199771,walmart.com,strawberries,5487,Travelers Rest Supercenter,29690,1,35,"Freeze Dried Strawberries, 1 oz- Pack of 3",,False,,21.99,,,,,,,,0.0,0,,,,,,https://i5.walmartimages.com/seo/Freeze-Dried-Strawberries-1-oz-Pack-of-3_1f1324c9-2366-4ced-8315-3dcecffe7191.8a3f8d68a2787318f5766c32aa446eb3.jpeg,,https://www.walmart.com/ip/Freeze-Dried-Strawberries-1-oz-Pack-of-3/15658501705?classType=REGULAR,,,,,,,,,,,,,{'product_id': '15658501705'},,,,,,,,,,,,,49714,15441,15658501705,34.960418,-82.430967,2026-08-07T02:36:16.199771
2026-08-07T02:36:16.199771,walmart.com,strawberries,5487,Travelers Rest Supercenter,29690,1,37,Karen's Naturals Organic Just Strawberries 0.8 oz,,False,,9.56,,,,,,,,4.3,3,,,,,,https://i5.walmartimages.com/seo/Karens-Naturals-Karens-Naturals-Just-Strawberries-1-2-oz_4fafe290-dfc7-4f28-b014-f1240386d7c3.50cf957f13a2411833d8d3d3456cb0e7.jpeg,,https://www.walmart.com/ip/Karens-Naturals-Karens-Naturals-Just-Strawberries-1-2-oz/330141177?classType=REGULAR,,,,,,,,,,,,,{'product_id': '330141177'},,,,,,,,,,,,,49714,15441,330141177,34.960418,-82.430967,2026-08-07T02:36:16.199771
2026-08-07T02:36:16.199771,walmart.com,strawberries,5487,Travelers Rest Supercenter,29690,1,38,(2 packs) Trader Joe's Freeze Dried Strawberries Unsweetened Unsulfured Strawberry (2x1.2oz),,False,,17.24,,,,,,,,2.7,6,,,,,,https://i5.walmartimages.com/seo/2-packs-Trader-Joe-s-Freeze-Dried-Strawberries-Unsweetened-Unsulfured-Strawberry-2x1-2oz_ce67e652-991a-457f-8e8d-e51fa13d6273.8990ea0539878b364c2bc2aaa740af3f.png,,https://www.walmart.com/ip/2-packs-Trader-Joe-s-Freeze-Dried-Strawberries-Unsweetened-Unsulfured-Strawberry-2x1-2oz/15744420405?classType=REGULAR,,,,,,,,,,,,,{'product_id': '15744420405'},,,,,,,,,,,,,49714,15441,15744420405,34.960418,-82.430967,2026-08-07T02:36:16.199771
2026-08-07T02:36:16.199771,walmart.com,strawberries,5487,Travelers Rest Supercenter,29690,1,39,Freeze Dried Strawberry Slices 3 oz,,False,,18.97,,,,,,,,0.0,0,,,,,,https://i5.walmartimages.com/seo/Freeze-Dried-Strawberry-Slices-3-oz_e149e320-fb18-48b7-87f2-3ab2d9693507.2b67ea0ad3befb198f7a21d453cff89e.webp,,https://www.walmart.com/ip/Freeze-Dried-Strawberry-Slices-3-oz/15055153939?classType=REGULAR,,,,,,,,,,,,,{'product_id': '15055153939'},,,,,,,,,,,,,49714,15441,15055153939,34.960418,-82.430967,2026-08-07T02:36:16.199771
2026-08-07T02:36:16.199771,walmart.com,strawberries,5487,Travelers Rest Supercenter,29690,1,40,Pack of 3 - TJs Freeze Dried Strawberries 1.2 Oz,,False,,29.95,,,,,,,,0.0,0,,,,,,https://i5.walmartimages.com/seo/Pack-of-3-TJs-Freeze-Dried-Strawberries-1-2-Oz_b3d34fd9-d717-4204-8295-11d2cee5da2b.93e60c689bcb8ef6effa58ae6474c4cc.jpeg,,https://www.walmart.com/ip/Pack-of-3-TJs-Freeze-Dried-Strawberries-1-2-Oz/15491158084?classType=REGULAR,,,,,,,,,,,,,{'product_id': '15491158084'},,,,,,,,,,,,,49714,15441,15491158084,34.960418,-82.430967,2026-08-07T02:36:16.199771
2026-08-07T02:36:16.199771,walmart.com,strawberries,198,Salem Supercenter,62881,1,1,"Fresh Strawberries, 1 lb Container",,False,['Overall pick'],2.38,,,,,,,,3.8,167998,,,,,,https://i5.walmartimages.com/seo/Fresh-Strawberries-1-lb-Container_b54a64ad-e961-46cf-b60c-bc763716fb0b.a481cdfd237c5ab5438d5c9e90bead07.jpeg,,https://www.walmart.com/ip/Fresh-Strawberries-1-lb-Container/44391605?classType=REGULAR&athbdg=L1200,,,,,,,,,,,,,{'product_id': '44391605'},,,,,,,,,,,,,49714,15441,44391605,38.625718,-88.981357,2026-08-07T02:36:16.199771
2026-08-07T02:36:16.199771,walmart.com,strawberries,198,Salem Supercenter,62881,1,2,"Fresh Strawberries, 2 lb Container",,False,['Best seller'],4.52,,,,,,,,3.9,92419,,,,,,https://i5.walmartimages.com/seo/Fresh-Strawberries-2-lb-Container_dd2bcd97-25af-4a91-9258-989853e16b2f_1.36dd4f1579a25d423741d9970de3ddac.jpeg,,https://www.walmart.com/ip/Fresh-Strawberries-2-lb-Container/22660282?classType=REGULAR&athbdg=L1600,,,,,,,,,,,,,{'product_id': '22660282'},,,,,,,,,,,,,49714,15441,22660282,38.625718,-88.981357,2026-08-07T02:36:16.199771
2026-08-07T02:36:16.199771,walmart.com,strawberries,198,Salem Supercenter,62881,1,3,"Fresh USDA Organic Strawberries, 1 lb Container",,False,['10K+ bought since yesterday'],3.33,,,,,,,,3.6,7254,,,,10000,,https://i5.walmartimages.com/seo/Fresh-USDA-Organic-Strawberries-1-lb-Container_d9df3e2b-85ca-40ea-9580-b907ef043406.a7afdd2ac762c18c954e62a470734b87.png,,https://www.walmart.com/ip/Fresh-USDA-Organic-Strawberries-1-lb-Container/45618183?classType=REGULAR&athbdg=L1102,,,,,,,,,,,,,{'product_id': '45618183'},,,,,,,,,,,,,49714,15441,45618183,38.625718,-88.981357,2026-08-07T02:36:16.199771
2026-08-07T02:36:16.199771,walmart.com,strawberries,198,Salem Supercenter,62881,1,4,"Fresh Strawberries, 8.8 oz Container",,False,['10K+ bought since yesterday'],1.82,,,,,,,,3.8,12567,,,,10000,,https://i5.walmartimages.com/seo/Fresh-Strawberries-8-8-oz-Container_4be7094f-7907-4580-944d-3cd4c0b2d238.ffcf0a1145778a1e5f7c1cabef12c9fd.jpeg,,https://www.walmart.com/ip/Fresh-Strawberries-8-8-oz-Container/1175460573?classType=REGULAR&athbdg=L1102,,,,,,,,,,,,,{'product_id': '1175460573'},,,,,,,,,,,,,49714,15441,1175460573,38.625718,-88.981357,2026-08-07T02:36:16.199771
2026-08-07T02:36:16.199771,walmart.com,strawberries,198,Salem Supercenter,62881,1,6,"Great Value Sliced Strawberries, 64 oz (Frozen)",,False,['5K+ bought since yesterday'],9.82,,,,,,,,4.7,8483,,,,5000,,https://i5.walmartimages.com/seo/Great-Value-Sliced-Strawberries-64-oz-Frozen_bec1b1a6-7179-4139-8b85-bff6202dda70_4.96ef909a06b019e320228b4a7a4f12f3.jpeg,,https://www.walmart.com/ip/Great-Value-Sliced-Strawberries-64-oz-Frozen/672666564?classType=REGULAR&athbdg=L1102,,,,,,,,,,,,,{'product_id': '672666564'},,,,,,,,,,,,,49714,15441,672666564,38.625718,-88.981357,2026-08-07T02:36:16.199771
2026-08-07T02:36:16.199771,walmart.com,strawberries,198,Salem Supercenter,62881,1,8,"Commodity Fruit Whole Strawberry Piece, 30 Pound -- 1 each.",,False,,140.64,,,,,,,,1.0,2,,,,,,https://i5.walmartimages.com/seo/Commodity-Fruit-Whole-Strawberry-Piece-30-Pound-1-each_cea2a115-2819-444e-9e54-0e83bd5459f7.6b7febd8c01e24528174019cb3358daf.jpeg,,https://www.walmart.com/ip/Commodity-Fruit-Whole-Strawberry-Piece-30-Pound-1-each/151247942?classType=REGULAR,,,,,,,,,,,,,{'product_id': '151247942'},,,,,,,,,,,,,49714,15441,151247942,38.625718,-88.981357,2026-08-07T02:36:16.199771
2026-08-07T02:36:16.199771,walmart.com,strawberries,198,Salem Supercenter,62881,1,7,"Great Value Whole Strawberries, 64 oz (Frozen)",,False,,9.42,,,,,,,,4.7,4965,,,,,,https://i5.walmartimages.com/seo/Great-Value-Whole-Strawberries-64-oz-Frozen_c4e4ef22-2d66-413b-939d-565333deaef4.3a82c613d8beefa6a65578be554dbcd1.jpeg,,https://www.walmart.com/ip/Great-Value-Whole-Strawberries-64-oz-Frozen/44389039?classType=REGULAR,,,,,,,,,,,,,{'product_id': '44389039'},,,,,,,,,,,,,49714,15441,44389039,38.625718,-88.981357,2026-08-07T02:36:16.199771
2026-08-07T02:36:16.199771,walmart.com,strawberries,198,Salem Supercenter,62881,1,11,"Dole Individual Quick Frozen Strawberry, 30 Pound",,False,,158.44,,,,,,,,0.0,0,,,,,,https://i5.walmartimages.com/seo/Dole-Individual-Quick-Frozen-Strawberry-30-Pound_8cd14247-44f8-483b-8d1f-5b3807d2530e.c6cf3586864eb32ac445adf7ae5404a4.jpeg,,https://www.walmart.com/ip/Dole-Individual-Quick-Frozen-Strawberry-30-Pound/1891056080?classType=REGULAR,,,,,,,,,,,,,{'product_id': '1891056080'},,,,,,,,,,,,,49714,15441,1891056080,38.625718,-88.981357,2026-08-07T02:36:16.199771
2026-08-07T02:36:16.199771,walmart.com,strawberries,198,Salem Supercenter,62881,1,10,"Great Value Sliced Strawberries with Sugar, 23.2 oz (Frozen)",,False,,5.44,,,,,,,,4.6,2991,,,,,,https://i5.walmartimages.com/seo/Great-Value-Sliced-Strawberries-with-Sugar-23-2-oz-Frozen_76fe351a-4a65-46fb-af6c-3b83443d255b.575c3e87b0b7f3af9a110c3ec34f1f23.jpeg,,https://www.walmart.com/ip/Great-Value-Sliced-Strawberries-with-Sugar-23-2-oz-Frozen/31712521?classType=REGULAR,,,,,,,,,,,,,{'product_id': '31712521'},,,,,,,,,,,,,49714,15441,31712521,38.625718,-88.981357,2026-08-07T02:36:16.199771
2026-08-07T02:36:16.199771,walmart.com,strawberries,198,Salem Supercenter,62881,1,5,"Great Value Whole Strawberries, 16 oz (Frozen)",,False,['Best seller'],2.86,,,,,,,,4.6,10262,,,,10000,,https://i5.walmartimages.com/seo/GV-Whole-Strawb-16oz_14b5eca6-798a-43fa-91be-f365ec3fc646.f54aab8f1878d45f752a6dfec54dad12.jpeg,,https://www.walmart.com/ip/GV-Whole-Strawb-16oz/10543663?classType=REGULAR&athbdg=L1600,,,,,,,,,,,,,{'product_id': '10543663'},,,,,,,,,,,,,49714,15441,10543663,38.625718,-88.981357,2026-08-07T02:36:16.199771
2026-08-07T02:36:16.199771,walmart.com,strawberries,198,Salem Supercenter,62881,1,9,"Dole Sliced Strawberry, 14 oz, 8 per Case",,False,,86.47,,,,,,,,3.0,1,,,,,,https://i5.walmartimages.com/seo/Dole-Sliced-Strawberry-14-oz-8-per-Case_67628534-7f4c-497d-a9d7-06fb36bfaee9.7e688b4ec63867c0edb58f5d4ae630c7.jpeg,,https://www.walmart.com/ip/Dole-Sliced-Strawberry-14-oz-8-per-Case/645793229?classType=REGULAR,,,,,,,,,,,,,{'product_id': '645793229'},,,,,,,,,,,,,49714,15441,645793229,38.625718,-88.981357,2026-08-07T02:36:16.199771
2026-08-07T02:36:16.199771,walmart.com,strawberries,198,Salem Supercenter,62881,1,12,"Dole Individual Quick Frozen Strawberry, 5 Pound -- 2 per case.",,False,,89.93,,,,,,,,0.0,0,,,,,,https://i5.walmartimages.com/seo/Dole-Individual-Quick-Frozen-Strawberry-5-Pound-2-per-case_42d8a431-e17d-4bfa-9aa0-42c37898c0dc.0cb8f85fe1438eb29183c4d77d78fdc1.jpeg,,https://www.walmart.com/ip/Dole-Individual-Quick-Frozen-Strawberry-5-Pound-2-per-case/960104993?classType=REGULAR,,,,,,,,,,,,,{'product_id': '960104993'},,,,,,,,,,,,,49714,15441,960104993,38.625718,-88.981357,2026-08-07T02:36:16.199771
2026-08-07T02:36:16.199771,walmart.com,strawberries,198,Salem Supercenter,62881,1,13,"Simplot Classic Whole Strawberry Fruit, 10 Pound - 1 each.",,False,,92.56,,,,,,,,0.0,0,,,,,,https://i5.walmartimages.com/seo/Simplot-Classic-Whole-Strawberry-Fruit-10-Pound-1-each_d3090d40-d6c7-4e30-ab24-24511b4a761f.abc4979e5cd2c9e58f7e4692094097a8.jpeg,,https://www.walmart.com/ip/Simplot-Classic-Whole-Strawberry-Fruit-10-Pound-1-each/411691083?classType=REGULAR,,,,,,,,,,,,,{'product_id': '411691083'},,,,,,,,,,,,,49714,15441,411691083,38.625718,-88.981357,2026-08-07T02:36:16.199771
2026-08-07T02:36:16.199771,walmart.com,strawberries,198,Salem Supercenter,62881,1,15,"(6 pack) Augason Farms Freeze Dried Sliced Strawberries Can - Gluten Free Snack for Baking, Smoothies, and Emergency Storage - Healthy Individual Fruit Snacks – 6.5 Ounces (18 Servings)",,False,,119.88,,,,,,,,0.0,0,,,,,,https://i5.walmartimages.com/seo/6-pack-Augason-Farms-Freeze-Dried-Sliced-Strawberries-6-4-oz-No-10-Can_fa5b1700-d18e-468a-8b17-a539d9eb3981.eefa5a1baf4f027db39f248db9955e10.jpeg?odnHeight=180&odnWidth=180&odnBg=FFFFFF,,https://www.walmart.com/ip/6-pack-Augason-Farms-Freeze-Dried-Sliced-Strawberries-6-4-oz-No-10-Can/15382562000?classType=VARIANT,,,,,,,,,,,,,{'product_id': '15382562000'},,,,,,,,,,,,,49714,15441,15382562000,38.625718,-88.981357,2026-08-07T02:36:16.199771
2026-08-07T02:36:16.199771,walmart.com,strawberries,198,Salem Supercenter,62881,1,16,"bettergoods Organic Dried Strawberries, 5 oz",,False,,7.12,,,,,,,,4.2,499,,,,,,https://i5.walmartimages.com/seo/bettergoods-Organic-Dried-Strawberries-5-oz_6f1d1da0-e77b-4353-af9d-334dea89adee.1dee10be180c621f4fa263c0a4c231b2.jpeg?odnHeight=180&odnWidth=180&odnBg=FFFFFF,,https://www.walmart.com/ip/bettergoods-Organic-Dried-Strawberries-5-oz/5464020048?classType=VARIANT,,,,,,,,,,,,,{'product_id': '5464020048'},,,,,,,,,,,,,49714,15441,5464020048,38.625718,-88.981357,2026-08-07T02:36:16.199771
2026-08-07T02:36:16.199771,walmart.com,strawberries,198,Salem Supercenter,62881,1,14,"Great Value Sliced Strawberries with Sugar, 15.5 oz (Frozen)",,False,,3.96,,,,,,,,4.5,2064,,,,,,https://i5.walmartimages.com/seo/Great-Value-Sliced-Strawberries-with-Sugar-15-5-oz-Frozen_832cb121-7cad-4dee-abb9-cda28cf80e36.f8c09a2e8a252a936220524c8e7e8e76.jpeg,,https://www.walmart.com/ip/Great-Value-Sliced-Strawberries-with-Sugar-15-5-oz-Frozen/22569731?classType=REGULAR,,,,,,,,,,,,,{'product_id': '22569731'},,,,,,,,,,,,,49714,15441,22569731,38.625718,-88.981357,2026-08-07T02:36:16.199771
2026-08-07T02:36:16.199771,walmart.com,strawberries,198,Salem Supercenter,62881,1,17,"Organic Freeze-Dried Strawberries, 1 Pound - Non-GMO, Kosher, Bulk - by Food to Live",,False,,74.38,,,,,,,,4.3,3,,,,,,https://i5.walmartimages.com/seo/Organic-Freeze-Dried-Strawberries-1-Pound-Non-GMO-Kosher-Bulk-by-Food-to-Live_c54b2692-2e58-4f54-bddb-ef9ecab4baac.72dd21d51f9c1e9dffffc1d132355130.jpeg,,https://www.walmart.com/ip/Organic-Freeze-Dried-Strawberries-1-Pound-Non-GMO-Kosher-Bulk-by-Food-to-Live/16242366408?classType=VARIANT,,,,,,,,,,,,,{'product_id': '16242366408'},,,,,,,,,,,,,49714,15441,16242366408,38.625718,-88.981357,2026-08-07T02:36:16.199771
2026-08-07T02:36:16.199771,walmart.com,strawberries,198,Salem Supercenter,62881,1,18,"Dried Sweetened Strawberries by Its Delish, 10 lbs",,False,,107.0,,,,,,,,4.3,21,,,,,,https://i5.walmartimages.com/seo/Dried-Sweetened-Strawberries-by-Its-Delish-10-lbs_4eccefce-4bec-4c2b-b576-9771063436c0.a967e7c8cd3dfcf595bfa72e97624bfd.jpeg,,https://www.walmart.com/ip/Dried-Sweetened-Strawberries-by-Its-Delish-10-lbs/770977252?classType=VARIANT,,,,,,,,,,,,,{'product_id': '770977252'},,,,,,,,,,,,,49714,15441,770977252,38.625718,-88.981357,2026-08-07T02:36:16.199771
2026-08-07T02:36:16.199771,walmart.com,strawberries,198,Salem Supercenter,62881,1,20,"Organic Dried Strawberries, 2 Pounds  Non-GMO, Kosher, Sweetened  by Food to Live",,False,,48.66,,,,,,,,4.3,22,,,,,,https://i5.walmartimages.com/seo/Organic-Dried-Strawberries-2-Pounds-Non-GMO-Kosher-Sweetened-by-Food-to-Live_84b3350b-46a9-432e-a1e4-0b5200442d9a.652deedfefcba9a00df1647796cf258c.jpeg,,https://www.walmart.com/ip/Organic-Dried-Strawberries-2-Pounds-Non-GMO-Kosher-Sweetened-by-Food-to-Live/652044157?classType=VARIANT,,,,,,,,,,,,,{'product_id': '652044157'},,,,,,,,,,,,,49714,15441,652044157,38.625718,-88.981357,2026-08-07T02:36:16.199771
2026-08-07T02:36:16.199771,walmart.com,strawberries,198,Salem Supercenter,62881,1,21,Future Essentials Freeze Dried Long Shelf Life Emergency Food Sliced Strawberries #2.5/ 2.2oz/Can- 12 Cans,,False,,249.0,,,,,,,,0.0,0,,,,,,https://i5.walmartimages.com/seo/Future-Essentials-Freeze-Dried-Long-Shelf-Life-Emergency-Food-Sliced-Strawberries-2-5-2-2oz-Can-12-Cans_232eed1c-6312-4173-8cde-41b7d7f02d2f.c7cae552b54b61b1a7200d5fbf3cfe64.png,,https://www.walmart.com/ip/Future-Essentials-Freeze-Dried-Long-Shelf-Life-Emergency-Food-Sliced-Strawberries-2-5-2-2oz-Can-12-Cans/1175074664?classType=REGULAR,,,,,,,,,,,,,{'product_id': '1175074664'},,,,,,,,,,,,,49714,15441,1175074664,38.625718,-88.981357,2026-08-07T02:36:16.199771
2026-08-07T02:36:16.199771,walmart.com,strawberries,198,Salem Supercenter,62881,1,19,"Organic Dried Strawberries, 4 Pounds  Non-GMO, Kosher, Sweetened  by Food to Live",,False,,79.52,,,,,,,,4.3,22,,,,,,https://i5.walmartimages.com/seo/Organic-Dried-Strawberries-4-Pounds-Non-GMO-Kosher-Sweetened-by-Food-to-Live_84b3350b-46a9-432e-a1e4-0b5200442d9a.652deedfefcba9a00df1647796cf258c.jpeg,,https://www.walmart.com/ip/Organic-Dried-Strawberries-4-Pounds-Non-GMO-Kosher-Sweetened-by-Food-to-Live/170251660?classType=VARIANT,,,,,,,,,,,,,{'product_id': '170251660'},,,,,,,,,,,,,49714,15441,170251660,38.625718,-88.981357,2026-08-07T02:36:16.199771
2026-08-07T02:36:16.199771,walmart.com,strawberries,198,Salem Supercenter,62881,1,22,Happy Village Organic Soft Dried Strawberries 18 oz Resealable Pack,,False,,26.01,,,,,,,,4.5,54,,,,,,https://i5.walmartimages.com/seo/Happy-Village-Organic-Whole-Dried-Strawberries-18-OZ-Resealable-Pack-Soft-Juicy-Kosher-Non-GMO-Refined-Sugar-Organic-Apple-Juice-Infused-Organic-Drie_3e3dbd2a-21c8-4b00-b01c-5cc457202f52.4696598a6ed2b3ffa82f594b823d7292.jpeg,,https://www.walmart.com/ip/Happy-Village-Organic-Whole-Dried-Strawberries-18-OZ-Resealable-Pack-Soft-Juicy-Kosher-Non-GMO-No-Refined-Sugar-Apple-Juice-Infused-Strawberry/1676663793?classType=VARIANT,,,,,,,,,,,,,{'product_id': '1676663793'},,,,,,,,,,,,,49714,15441,1676663793,38.625718,-88.981357,2026-08-07T02:36:16.199771
2026-08-07T02:36:16.199771,walmart.com,strawberries,198,Salem Supercenter,62881,1,23,"swiig Freeze-Dried, Diced Strawberries 205g",,False,,38.29,,,,,,,,0.0,0,,,,,,https://i5.walmartimages.com/seo/swiig-Freeze-Dried-Diced-Strawberries-205g_a4f32191-6190-4ccc-8621-a3ef0df6aab0.b531cbd4c0d08490c3b0c6ed4ad2c964.jpeg,,https://www.walmart.com/ip/swiig-Freeze-Dried-Diced-Strawberries-205g/19644053840?classType=REGULAR,,,,,,,,,,,,,{'product_id': '19644053840'},,,,,,,,,,,,,49714,15441,19644053840,38.625718,-88.981357,2026-08-07T02:36:16.199771
2026-08-07T02:36:16.199771,walmart.com,strawberries,198,Salem Supercenter,62881,1,25,"NY SPICE SHOP Whole Dried Strawberries - 3 Pound - Dried Whole Strawberries - Chewy Strawberry Treats - Dried Strawberry Snacks - Vibrant Whole Berry Treats for Toppings, Mixes & Everyday Use",,False,,47.99,,,,,,,,4.2,28,,,,,,https://i5.walmartimages.com/seo/NY-SPICE-SHOP-Dried-Whole-Strawberry-3-Pound-Dried-Strawberries-Natural-Dry-Fruits_701123a9-32bd-44a8-8be6-2be21a242276.dd65300a86f2462349f3fac8d30d0db7.jpeg,,https://www.walmart.com/ip/NY-SPICE-SHOP-Dried-Whole-Strawberry-3-Pound-Dried-Strawberries-Natural-Dry-Fruits/3144525957?classType=VARIANT,,,,,,,,,,,,,{'product_id': '3144525957'},,,,,,,,,,,,,49714,15441,3144525957,38.625718,-88.981357,2026-08-07T02:36:16.199771
2026-08-07T02:36:16.199771,walmart.com,strawberries,198,Salem Supercenter,62881,1,26,"Dried Sweetened Strawberries by Its Delish, 2 lbs",,False,,31.99,,,,,,,,4.3,21,,,,,,https://i5.walmartimages.com/seo/Dried-Sweetened-Strawberries-by-Its-Delish-2-lbs_0bca079b-04eb-414b-aec1-2ac63d11f22e.be90c81917c58cecd461b91c7f969c98.jpeg,,https://www.walmart.com/ip/Dried-Sweetened-Strawberries-by-Its-Delish-2-lbs/125646004?classType=VARIANT,,,,,,,,,,,,,{'product_id': '125646004'},,,,,,,,,,,,,49714,15441,125646004,38.625718,-88.981357,2026-08-07T02:36:16.199771
2026-08-07T02:36:16.199771,walmart.com,strawberries,198,Salem Supercenter,62881,1,24,"Dole Sliced Strawberry, 5 Pound - 2 per case.",,False,,98.02,,,,,,,,0.0,0,,,,,,https://i5.walmartimages.com/seo/Dole-Sliced-Strawberry-5-Pound-2-per-case_ee37a60b-9bde-41fc-b0b4-6821632b4320.b77a6366bda2ae0192768cb0e9666c0b.jpeg,,https://www.walmart.com/ip/Dole-Sliced-Strawberry-5-Pound-2-per-case/402465107?classType=REGULAR,,,,,,,,,,,,,{'product_id': '402465107'},,,,,,,,,,,,,49714,15441,402465107,38.625718,-88.981357,2026-08-07T02:36:16.199771
2026-08-07T02:36:16.199771,walmart.com,strawberries,198,Salem Supercenter,62881,1,27,(Pack of 6) Sunny Fruit Organic Dried Strawberries 3.5 Oz,,False,,56.99,,,,,,,,0.0,0,,,,,,https://i5.walmartimages.com/seo/Pack-of-6-Sunny-Fruit-Organic-Dried-Strawberries-3-5-Oz_9ef053f8-715c-4628-be2c-c3d0f07aaa13.9816c17d234de0f2e9bd50888c3fb870.png,,https://www.walmart.com/ip/Pack-of-6-Sunny-Fruit-Organic-Dried-Strawberries-3-5-Oz/18243070086?classType=VARIANT,,,,,,,,,,,,,{'product_id': '18243070086'},,,,,,,,,,,,,49714,15441,18243070086,38.625718,-88.981357,2026-08-07T02:36:16.199771
2026-08-07T02:36:16.199771,walmart.com,strawberries,198,Salem Supercenter,62881,1,28,"Freeze-Dried Whole Strawberries, Unsliced | Family Party Size | 8 Ounce",,False,,20.46,,,,,,,,5.0,2,,,,,,https://i5.walmartimages.com/seo/Freeze-Dried-Whole-Strawberries-Unsliced-Family-Party-Size-8-Ounce_f9a710fc-03c3-48a5-aaf6-ba9eae862097.49482392ec5b1fa61f480aa82519a84b.png,,https://www.walmart.com/ip/Freeze-Dried-Whole-Strawberries-Unsliced-Family-Party-Size-8-Ounce/15228253752?classType=REGULAR,,,,,,,,,,,,,{'product_id': '15228253752'},,,,,,,,,,,,,49714,15441,15228253752,38.625718,-88.981357,2026-08-07T02:36:16.199771
2026-08-07T02:36:16.199771,walmart.com,strawberries,198,Salem Supercenter,62881,1,29,"Dried Sweetened Strawberries by Its Delish, 5 lbs",,False,,57.99,,,,,,,,4.3,21,,,,,,https://i5.walmartimages.com/seo/Dried-Sweetened-Strawberries-by-Its-Delish-5-lbs_4eccefce-4bec-4c2b-b576-9771063436c0.a967e7c8cd3dfcf595bfa72e97624bfd.jpeg,,https://www.walmart.com/ip/Dried-Sweetened-Strawberries-by-Its-Delish-5-lbs/718134255?classType=VARIANT,,,,,,,,,,,,,{'product_id': '718134255'},,,,,,,,,,,,,49714,15441,718134255,38.625718,-88.981357,2026-08-07T02:36:16.199771
2026-08-07T02:36:16.199771,walmart.com,strawberries,198,Salem Supercenter,62881,1,30,"Volupta Premium Freeze Dried Strawberries, 5 Ounce",,False,,19.4,,,,,,,,2.0,3,,,,,,https://i5.walmartimages.com/seo/Volupta-Premium-Freeze-Dried-Strawberries-5-Ounce_f82a97d4-be5f-470d-86b7-59447a70118a.601ef7638f88e8073e38b369c0e5a7e7.jpeg,,https://www.walmart.com/ip/Volupta-Premium-Freeze-Dried-Strawberries-5-Ounce/17360007609?classType=REGULAR,,,,,,,,,,,,,{'product_id': '17360007609'},,,,,,,,,,,,,49714,15441,17360007609,38.625718,-88.981357,2026-08-07T02:36:16.199771
2026-08-07T02:36:16.199771,walmart.com,strawberries,198,Salem Supercenter,62881,1,31,"Organic Freeze-Dried Strawberries, 1 Ounce  Non-GMO, Kosher, Bulk - by Food to Live",,False,,11.99,,,,,,,,4.3,3,,,,,,https://i5.walmartimages.com/seo/Organic-Freeze-Dried-Strawberries-1-Ounce-Non-GMO-Kosher-Bulk-by-Food-to-Live_63fc0cbc-4388-4433-9487-6c52e174b6c8.0d7dd8a20e056c67462845aa964a28c9.jpeg,,https://www.walmart.com/ip/Organic-Freeze-Dried-Strawberries-1-Ounce-Non-GMO-Kosher-Bulk-by-Food-to-Live/16294167610?classType=VARIANT,,,,,,,,,,,,,{'product_id': '16294167610'},,,,,,,,,,,,,49714,15441,16294167610,38.625718,-88.981357,2026-08-07T02:36:16.199771
2026-08-07T02:36:16.199771,walmart.com,strawberries,198,Salem Supercenter,62881,1,32,"Happy Village Organic Soft Dried Strawberries On the Go, 15 x 1 oz Packs",,False,,28.99,,,,,,,,4.5,54,,,,,,https://i5.walmartimages.com/seo/Happy-Village-Organic-Soft-Dried-Strawberries-Go-3-Bags-15-Individual-Portion-Packs-Healthy-Organic-Non-GMO-Vegan-Kosher-Gluten-Free-Snack-Packs_7b721f74-6032-4434-889a-fb812d853b05.3f871b7fe4174b82bea6bd8b11ccb174.jpeg,,https://www.walmart.com/ip/Happy-Village-Organic-Soft-Dried-Strawberries-Go-3-Bags-15-Individual-Portion-Packs-Healthy-Organic-Non-GMO-Vegan-Kosher-Gluten-Free-Snack-Packs/19266959536?classType=VARIANT,,,,,,,,,,,,,{'product_id': '19266959536'},,,,,,,,,,,,,49714,15441,19266959536,38.625718,-88.981357,2026-08-07T02:36:16.199771
2026-08-07T02:36:16.199771,walmart.com,strawberries,198,Salem Supercenter,62881,1,33,Fresh and Honest Foods 100% All Natural Freeze Dried Strawberries 6.3 OZ #10 Can,,False,,32.0,,,,,,,,3.8,5,,,,,,https://i5.walmartimages.com/seo/Fresh-and-Honest-Foods-100-All-Natural-Freeze-Dried-Strawberries-6-3-OZ-10-Can_d87f043b-b6be-4047-97cc-650f843d5782_2.4f26e6f398c50cf6cddfa3d36c9fb086.jpeg,,https://www.walmart.com/ip/Fresh-and-Honest-Foods-100-All-Natural-Freeze-Dried-Strawberries-6-3-OZ-10-Can/517722278?classType=REGULAR,,,,,,,,,,,,,{'product_id': '517722278'},,,,,,,,,,,,,49714,15441,517722278,38.625718,-88.981357,2026-08-07T02:36:16.199771
2026-08-07T02:36:16.199771,walmart.com,strawberries,198,Salem Supercenter,62881,1,34,"Organic Freeze-Dried Strawberries, 8 Ounces - Non-GMO, Kosher, Bulk - by Food to Live",,False,,38.75,,,,,,,,4.3,3,,,,,,https://i5.walmartimages.com/seo/Organic-Freeze-Dried-Strawberries-8-Ounces-Non-GMO-Kosher-Bulk-by-Food-to-Live_d64ce187-d447-49f0-9a3f-a51342d2b4e6.0825b13b0b937c64c61aba29d9739d74.jpeg,,https://www.walmart.com/ip/Organic-Freeze-Dried-Strawberries-8-Ounces-Non-GMO-Kosher-Bulk-by-Food-to-Live/16264674047?classType=VARIANT,,,,,,,,,,,,,{'product_id': '16264674047'},,,,,,,,,,,,,49714,15441,16264674047,38.625718,-88.981357,2026-08-07T02:36:16.199771
2026-08-07T02:36:16.199771,walmart.com,strawberries,198,Salem Supercenter,62881,1,35,WinCrest Dried Candied Strawberries - 5 Lb Case,,False,,54.99,,,,,,,,0.0,0,,,,,,https://i5.walmartimages.com/seo/WinCrest-Dried-Candied-Strawberries-5-Lb-Case_cfbb5c30-836b-4337-bbb4-6a1a07d977fe.0151e29d92dadeee3cbaf26103ad5ec4.jpeg,,https://www.walmart.com/ip/WinCrest-Dried-Candied-Strawberries-5-Lb-Case/2155949213?classType=REGULAR,,,,,,,,,,,,,{'product_id': '2155949213'},,,,,,,,,,,,,49714,15441,2155949213,38.625718,-88.981357,2026-08-07T02:36:16.199771
2026-08-07T02:36:16.199771,walmart.com,strawberries,198,Salem Supercenter,62881,1,37,"2PK - Simply Nature Freeze Dried Strawberries, 1.2 oz",,False,,18.35,,,,,,,,5.0,2,,,,,,https://i5.walmartimages.com/seo/2PK-Simply-Nature-Freeze-Dried-Strawberries-1-2-oz_59b8931c-340c-4afe-a5d5-75a5cf47a4b3.30753aca40d5eb78083c106e9fe62b1e.jpeg,,https://www.walmart.com/ip/2PK-Simply-Nature-Freeze-Dried-Strawberries-1-2-oz/13515070098?classType=REGULAR,,,,,,,,,,,,,{'product_id': '13515070098'},,,,,,,,,,,,,49714,15441,13515070098,38.625718,-88.981357,2026-08-07T02:36:16.199771
2026-08-07T02:36:16.199771,walmart.com,strawberries,198,Salem Supercenter,62881,1,40,Simple Truth Freeze-Dried Strawberries 1 oz. (Pack of 2),,False,,24.97,,,,,,,,5.0,1,,,,,,https://i5.walmartimages.com/seo/Simple-Truth-Freeze-Dried-Strawberries-1-oz-Pack-of-2_0db64d4e-bb3f-4019-bfd6-4d8f4cd3a572.8b1dcabee0e07b8383d529a82afbc50a.jpeg,,https://www.walmart.com/ip/Simple-Truth-Freeze-Dried-Strawberries-1-oz-Pack-of-2/970066855?classType=REGULAR,,,,,,,,,,,,,{'product_id': '970066855'},,,,,,,,,,,,,49714,15441,970066855,38.625718,-88.981357,2026-08-07T02:36:16.199771
2026-08-07T02:36:16.199771,walmart.com,strawberries,198,Salem Supercenter,62881,1,36,Simply Nature NON-GMO Freeze Dried Strawberries 1.0oz 28g (2 Bags),,False,,15.99,,,,,,,,0.0,0,,,,,,https://i5.walmartimages.com/seo/Simply-Nature-NON-GMO-Freeze-Dried-Strawberries-1-0oz-28g-2-Bags_5cffe8f3-8548-4168-bf17-0489ba23fe18.79ec6d8b66e562a3406106ef84426494.jpeg,,https://www.walmart.com/ip/Simply-Nature-NON-GMO-Freeze-Dried-Strawberries-1-0oz-28g-2-Bags/2133632943?classType=REGULAR,,,,,,,,,,,,,{'product_id': '2133632943'},,,,,,,,,,,,,49714,15441,2133632943,38.625718,-88.981357,2026-08-07T02:36:16.199771
2026-08-07T02:36:16.199771,walmart.com,strawberries,198,Salem Supercenter,62881,1,38,"BEAR Fruit Dried Strawberries 90g, Imported from Britain",,False,,24.39,,,,,,,,0.0,0,,,,,,https://i5.walmartimages.com/seo/BEAR-Fruit-Dried-Strawberries-90g-Imported-from-Britain_24109d45-4fa4-4d8f-98dd-24b88ca73faf.75f18c46df9b64c36eff130b44f60199.jpeg,,https://www.walmart.com/ip/BEAR-Fruit-Dried-Strawberries-90g-Imported-from-Britain/19682817460?classType=REGULAR,,,,,,,,,,,,,{'product_id': '19682817460'},,,,,,,,,,,,,49714,15441,19682817460,38.625718,-88.981357,2026-08-07T02:36:16.199771
2026-08-07T02:36:16.199771,walmart.com,strawberries,198,Salem Supercenter,62881,1,39,Lybelu New Dried Strawberries  4 Ounces,,False,,11.5,,,,,,,,0.0,0,,,,,,https://i5.walmartimages.com/seo/Lybelu-New-Dried-Strawberries-4-Ounces_02933d5f-a94f-4de4-a4e6-c3ec2c329902.c75ae13d34a89330a9c1c36b67a88b3d.jpeg,,https://www.walmart.com/ip/Lybelu-New-Dried-Strawberries-4-Ounces/2133642105?classType=REGULAR,,,,,,,,,,,,,{'product_id': '2133642105'},,,,,,,,,,,,,49714,15441,2133642105,38.625718,-88.981357,2026-08-07T02:36:16.199771
2026-08-07T02:36:16.199771,walmart.com,strawberries,2902,Framingham Store,01701,1,1,"Great Value Whole Strawberries, 16 oz (Frozen)",,False,['Best seller'],2.86,,,,,,,,4.6,10262,,,,10000,,https://i5.walmartimages.com/seo/GV-Whole-Strawb-16oz_14b5eca6-798a-43fa-91be-f365ec3fc646.f54aab8f1878d45f752a6dfec54dad12.jpeg,,https://www.walmart.com/ip/GV-Whole-Strawb-16oz/10543663?classType=REGULAR&athbdg=L1600,,,,,,,,,,,,,{'product_id': '10543663'},,,,,,,,,,,,,49714,15441,10543663,42.300898,-71.399471,2026-08-07T02:36:16.199771
2026-08-07T02:36:16.199771,walmart.com,strawberries,2902,Framingham Store,01701,1,2,"Great Value Whole Strawberries, 64 oz (Frozen)",,False,,9.42,,,,,,,,4.7,4965,,,,,,https://i5.walmartimages.com/seo/Great-Value-Whole-Strawberries-64-oz-Frozen_c4e4ef22-2d66-413b-939d-565333deaef4.3a82c613d8beefa6a65578be554dbcd1.jpeg,,https://www.walmart.com/ip/Great-Value-Whole-Strawberries-64-oz-Frozen/44389039?classType=REGULAR,,,,,,,,,,,,,{'product_id': '44389039'},,,,,,,,,,,,,49714,15441,44389039,42.300898,-71.399471,2026-08-07T02:36:16.199771
2026-08-07T02:36:16.199771,walmart.com,strawberries,2902,Framingham Store,01701,1,4,"Great Value Sliced Strawberries with Sugar, 23.2 oz (Frozen)",,False,,5.44,,,,,,,,4.6,2991,,,,,,https://i5.walmartimages.com/seo/Great-Value-Sliced-Strawberries-with-Sugar-23-2-oz-Frozen_76fe351a-4a65-46fb-af6c-3b83443d255b.575c3e87b0b7f3af9a110c3ec34f1f23.jpeg,,https://www.walmart.com/ip/Great-Value-Sliced-Strawberries-with-Sugar-23-2-oz-Frozen/31712521?classType=REGULAR,,,,,,,,,,,,,{'product_id': '31712521'},,,,,,,,,,,,,49714,15441,31712521,42.300898,-71.399471,2026-08-07T02:36:16.199771
2026-08-07T02:36:16.199771,walmart.com,strawberries,2902,Framingham Store,01701,1,3,"Commodity Fruit Whole Strawberry Piece, 30 Pound -- 1 each.",,False,,140.64,,,,,,,,1.0,2,,,,,,https://i5.walmartimages.com/seo/Commodity-Fruit-Whole-Strawberry-Piece-30-Pound-1-each_cea2a115-2819-444e-9e54-0e83bd5459f7.6b7febd8c01e24528174019cb3358daf.jpeg,,https://www.walmart.com/ip/Commodity-Fruit-Whole-Strawberry-Piece-30-Pound-1-each/151247942?classType=REGULAR,,,,,,,,,,,,,{'product_id': '151247942'},,,,,,,,,,,,,49714,15441,151247942,42.300898,-71.399471,2026-08-07T02:36:16.199771
2026-08-07T02:36:16.199771,walmart.com,strawberries,5403,Urbana Supercenter,61802,1,2,"Fresh Strawberries, 2 lb Container",,False,['Best seller'],4.52,,,,,,,,3.9,92419,,,,,,https://i5.walmartimages.com/seo/Fresh-Strawberries-2-lb-Container_dd2bcd97-25af-4a91-9258-989853e16b2f_1.36dd4f1579a25d423741d9970de3ddac.jpeg,,https://www.walmart.com/ip/Fresh-Strawberries-2-lb-Container/22660282?classType=REGULAR&athbdg=L1600,,,,,,,,,,,,,{'product_id': '22660282'},,,,,,,,,,,,,49714,15441,22660282,40.111637,-88.159385,2026-08-07T02:36:16.199771
2026-08-07T02:36:16.199771,walmart.com,strawberries,420,Wichita Falls Central E Freeway Supercenter,76306,1,2,"Fresh Strawberries, 2 lb Container",,False,['Best seller'],4.52,,,,,,,,3.9,92419,,,,,,https://i5.walmartimages.com/seo/Fresh-Strawberries-2-lb-Container_dd2bcd97-25af-4a91-9258-989853e16b2f_1.36dd4f1579a25d423741d9970de3ddac.jpeg,,https://www.walmart.com/ip/Fresh-Strawberries-2-lb-Container/22660282?classType=REGULAR&athbdg=L1600,,,,,,,,,,,,,{'product_id': '22660282'},,,,,,,,,,,,,49714,15441,22660282,33.950984,-98.529292,2026-08-07T02:36:16.199771
2026-08-07T02:36:16.199771,walmart.com,strawberries,2902,Framingham Store,01701,1,7,"bettergoods Organic Dried Strawberries, 5 oz",,False,['Best seller'],7.12,,,,,,,,4.2,499,,,,,,https://i5.walmartimages.com/seo/bettergoods-Organic-Dried-Strawberries-5-oz_6f1d1da0-e77b-4353-af9d-334dea89adee.1dee10be180c621f4fa263c0a4c231b2.jpeg?odnHeight=180&odnWidth=180&odnBg=FFFFFF,,https://www.walmart.com/ip/bettergoods-Organic-Dried-Strawberries-5-oz/5464020048?classType=VARIANT,,,,,,,,,,,,,{'product_id': '5464020048'},,,,,,,,,,,,,49714,15441,5464020048,42.300898,-71.399471,2026-08-07T02:36:16.199771
2026-08-07T02:36:16.199771,walmart.com,strawberries,5403,Urbana Supercenter,61802,1,1,"Fresh Strawberries, 1 lb Container",,False,['Overall pick'],2.38,,,,,,,,3.8,167998,,,,,,https://i5.walmartimages.com/seo/Fresh-Strawberries-1-lb-Container_b54a64ad-e961-46cf-b60c-bc763716fb0b.a481cdfd237c5ab5438d5c9e90bead07.jpeg,,https://www.walmart.com/ip/Fresh-Strawberries-1-lb-Container/44391605?classType=REGULAR&athbdg=L1200,,,,,,,,,,,,,{'product_id': '44391605'},,,,,,,,,,,,,49714,15441,44391605,40.111637,-88.159385,2026-08-07T02:36:16.199771
2026-08-07T02:36:16.199771,walmart.com,strawberries,420,Wichita Falls Central E Freeway Supercenter,76306,1,1,"Fresh Strawberries, 1 lb Container",,False,['Overall pick'],2.38,,,,,,,,3.8,167998,,,,,,https://i5.walmartimages.com/seo/Fresh-Strawberries-1-lb-Container_b54a64ad-e961-46cf-b60c-bc763716fb0b.a481cdfd237c5ab5438d5c9e90bead07.jpeg,,https://www.walmart.com/ip/Fresh-Strawberries-1-lb-Container/44391605?classType=REGULAR&athbdg=L1200,,,,,,,,,,,,,{'product_id': '44391605'},,,,,,,,,,,,,49714,15441,44391605,33.950984,-98.529292,2026-08-07T02:36:16.199771
2026-08-07T02:36:16.199771,walmart.com,strawberries,2902,Framingham Store,01701,1,5,"Dole Sliced Strawberry, 14 oz, 8 per Case",,False,,86.47,,,,,,,,3.0,1,,,,,,https://i5.walmartimages.com/seo/Dole-Sliced-Strawberry-14-oz-8-per-Case_67628534-7f4c-497d-a9d7-06fb36bfaee9.7e688b4ec63867c0edb58f5d4ae630c7.jpeg,,https://www.walmart.com/ip/Dole-Sliced-Strawberry-14-oz-8-per-Case/645793229?classType=REGULAR,,,,,,,,,,,,,{'product_id': '645793229'},,,,,,,,,,,,,49714,15441,645793229,42.300898,-71.399471,2026-08-07T02:36:16.199771
2026-08-07T02:36:16.199771,walmart.com,strawberries,2902,Framingham Store,01701,1,6,"Dole Individual Quick Frozen Strawberry, 30 Pound",,False,,158.44,,,,,,,,0.0,0,,,,,,https://i5.walmartimages.com/seo/Dole-Individual-Quick-Frozen-Strawberry-30-Pound_8cd14247-44f8-483b-8d1f-5b3807d2530e.c6cf3586864eb32ac445adf7ae5404a4.jpeg,,https://www.walmart.com/ip/Dole-Individual-Quick-Frozen-Strawberry-30-Pound/1891056080?classType=REGULAR,,,,,,,,,,,,,{'product_id': '1891056080'},,,,,,,,,,,,,49714,15441,1891056080,42.300898,-71.399471,2026-08-07T02:36:16.199771
2026-08-07T02:36:16.199771,walmart.com,strawberries,2902,Framingham Store,01701,1,8,"(6 pack) Augason Farms Freeze Dried Sliced Strawberries Can - Gluten Free Snack for Baking, Smoothies, and Emergency Storage - Healthy Individual Fruit Snacks – 6.5 Ounces (18 Servings)",,False,,119.88,,,,,,,,0.0,0,,,,,,https://i5.walmartimages.com/seo/6-pack-Augason-Farms-Freeze-Dried-Sliced-Strawberries-6-4-oz-No-10-Can_fa5b1700-d18e-468a-8b17-a539d9eb3981.eefa5a1baf4f027db39f248db9955e10.jpeg?odnHeight=180&odnWidth=180&odnBg=FFFFFF,,https://www.walmart.com/ip/6-pack-Augason-Farms-Freeze-Dried-Sliced-Strawberries-6-4-oz-No-10-Can/15382562000?classType=VARIANT,,,,,,,,,,,,,{'product_id': '15382562000'},,,,,,,,,,,,,49714,15441,15382562000,42.300898,-71.399471,2026-08-07T02:36:16.199771
2026-08-07T02:36:16.199771,walmart.com,strawberries,5403,Urbana Supercenter,61802,1,3,"Fresh USDA Organic Strawberries, 1 lb Container",,False,['10K+ bought since yesterday'],3.33,,,,,,,,3.6,7254,,,,10000,,https://i5.walmartimages.com/seo/Fresh-USDA-Organic-Strawberries-1-lb-Container_d9df3e2b-85ca-40ea-9580-b907ef043406.a7afdd2ac762c18c954e62a470734b87.png,,https://www.walmart.com/ip/Fresh-USDA-Organic-Strawberries-1-lb-Container/45618183?classType=REGULAR&athbdg=L1102,,,,,,,,,,,,,{'product_id': '45618183'},,,,,,,,,,,,,49714,15441,45618183,40.111637,-88.159385,2026-08-07T02:36:16.199771
2026-08-07T02:36:16.199771,walmart.com,strawberries,420,Wichita Falls Central E Freeway Supercenter,76306,1,3,"Fresh Strawberries, 8.8 oz Container",,False,['10K+ bought since yesterday'],1.82,,,,,,,,3.8,12567,,,,10000,,https://i5.walmartimages.com/seo/Fresh-Strawberries-8-8-oz-Container_4be7094f-7907-4580-944d-3cd4c0b2d238.ffcf0a1145778a1e5f7c1cabef12c9fd.jpeg,,https://www.walmart.com/ip/Fresh-Strawberries-8-8-oz-Container/1175460573?classType=REGULAR&athbdg=L1102,,,,,,,,,,,,,{'product_id': '1175460573'},,,,,,,,,,,,,49714,15441,1175460573,33.950984,-98.529292,2026-08-07T02:36:16.199771
2026-08-07T02:36:16.199771,walmart.com,strawberries,420,Wichita Falls Central E Freeway Supercenter,76306,1,4,"Great Value Whole Strawberries, 16 oz (Frozen)",,False,['Best seller'],2.86,,,,,,,,4.6,10262,,,,10000,,https://i5.walmartimages.com/seo/GV-Whole-Strawb-16oz_14b5eca6-798a-43fa-91be-f365ec3fc646.f54aab8f1878d45f752a6dfec54dad12.jpeg,,https://www.walmart.com/ip/GV-Whole-Strawb-16oz/10543663?classType=REGULAR&athbdg=L1600,,,,,,,,,,,,,{'product_id': '10543663'},,,,,,,,,,,,,49714,15441,10543663,33.950984,-98.529292,2026-08-07T02:36:16.199771
2026-08-07T02:36:16.199771,walmart.com,strawberries,2902,Framingham Store,01701,1,9,"Dole Individual Quick Frozen Strawberry, 5 Pound -- 2 per case.",,False,,89.93,,,,,,,,0.0,0,,,,,,https://i5.walmartimages.com/seo/Dole-Individual-Quick-Frozen-Strawberry-5-Pound-2-per-case_42d8a431-e17d-4bfa-9aa0-42c37898c0dc.0cb8f85fe1438eb29183c4d77d78fdc1.jpeg,,https://www.walmart.com/ip/Dole-Individual-Quick-Frozen-Strawberry-5-Pound-2-per-case/960104993?classType=REGULAR,,,,,,,,,,,,,{'product_id': '960104993'},,,,,,,,,,,,,49714,15441,960104993,42.300898,-71.399471,2026-08-07T02:36:16.199771
2026-08-07T02:36:16.199771,walmart.com,strawberries,2902,Framingham Store,01701,1,10,"Simplot Classic Whole Strawberry Fruit, 10 Pound - 1 each.",,False,,92.56,,,,,,,,0.0,0,,,,,,https://i5.walmartimages.com/seo/Simplot-Classic-Whole-Strawberry-Fruit-10-Pound-1-each_d3090d40-d6c7-4e30-ab24-24511b4a761f.abc4979e5cd2c9e58f7e4692094097a8.jpeg,,https://www.walmart.com/ip/Simplot-Classic-Whole-Strawberry-Fruit-10-Pound-1-each/411691083?classType=REGULAR,,,,,,,,,,,,,{'product_id': '411691083'},,,,,,,,,,,,,49714,15441,411691083,42.300898,-71.399471,2026-08-07T02:36:16.199771
2026-08-07T02:36:16.199771,walmart.com,strawberries,420,Wichita Falls Central E Freeway Supercenter,76306,1,5,"Great Value Sliced Strawberries, 64 oz (Frozen)",,False,['5K+ bought since yesterday'],9.82,,,,,,,,4.7,8483,,,,5000,,https://i5.walmartimages.com/seo/Great-Value-Sliced-Strawberries-64-oz-Frozen_bec1b1a6-7179-4139-8b85-bff6202dda70_4.96ef909a06b019e320228b4a7a4f12f3.jpeg,,https://www.walmart.com/ip/Great-Value-Sliced-Strawberries-64-oz-Frozen/672666564?classType=REGULAR&athbdg=L1102,,,,,,,,,,,,,{'product_id': '672666564'},,,,,,,,,,,,,49714,15441,672666564,33.950984,-98.529292,2026-08-07T02:36:16.199771
2026-08-07T02:36:16.199771,walmart.com,strawberries,420,Wichita Falls Central E Freeway Supercenter,76306,1,6,"Great Value Whole Strawberries, 64 oz (Frozen)",,False,,9.42,,,,,,,,4.7,4965,,,,,,https://i5.walmartimages.com/seo/Great-Value-Whole-Strawberries-64-oz-Frozen_c4e4ef22-2d66-413b-939d-565333deaef4.3a82c613d8beefa6a65578be554dbcd1.jpeg,,https://www.walmart.com/ip/Great-Value-Whole-Strawberries-64-oz-Frozen/44389039?classType=REGULAR,,,,,,,,,,,,,{'product_id': '44389039'},,,,,,,,,,,,,49714,15441,44389039,33.950984,-98.529292,2026-08-07T02:36:16.199771
2026-08-07T02:36:16.199771,walmart.com,strawberries,2902,Framingham Store,01701,1,13,Trader Joe's Freeze Dried Strawberries Unsweetened Unsulfured Strawberry (1.2oz),,False,,9.23,,,,,,,,4.3,13,,,,,,https://i5.walmartimages.com/seo/Trader-Joe-s-Freeze-Dried-Strawberries-Unsweetened-Unsulfured-Strawberry-1-2oz_6510abbf-52b1-460d-9d85-fcac20e3ac3f.2f897210058e6bd4daea3a6a49dd4705.png,,https://www.walmart.com/ip/Trader-Joe-s-Freeze-Dried-Strawberries-Unsweetened-Unsulfured-Strawberry-1-2oz/15061871855?classType=REGULAR,,,,,,,,,,,,,{'product_id': '15061871855'},,,,,,,,,,,,,49714,15441,15061871855,42.300898,-71.399471,2026-08-07T02:36:16.199771
2026-08-07T02:36:16.199771,walmart.com,strawberries,5403,Urbana Supercenter,61802,1,4,"Great Value Whole Strawberries, 16 oz (Frozen)",,False,['Best seller'],2.86,,,,,,,,4.6,10262,,,,10000,,https://i5.walmartimages.com/seo/GV-Whole-Strawb-16oz_14b5eca6-798a-43fa-91be-f365ec3fc646.f54aab8f1878d45f752a6dfec54dad12.jpeg,,https://www.walmart.com/ip/GV-Whole-Strawb-16oz/10543663?classType=REGULAR&athbdg=L1600,,,,,,,,,,,,,{'product_id': '10543663'},,,,,,,,,,,,,49714,15441,10543663,40.111637,-88.159385,2026-08-07T02:36:16.199771
2026-08-07T02:36:16.199771,walmart.com,strawberries,5403,Urbana Supercenter,61802,1,5,"Great Value Sliced Strawberries, 64 oz (Frozen)",,False,['5K+ bought since yesterday'],9.82,,,,,,,,4.7,8483,,,,5000,,https://i5.walmartimages.com/seo/Great-Value-Sliced-Strawberries-64-oz-Frozen_bec1b1a6-7179-4139-8b85-bff6202dda70_4.96ef909a06b019e320228b4a7a4f12f3.jpeg,,https://www.walmart.com/ip/Great-Value-Sliced-Strawberries-64-oz-Frozen/672666564?classType=REGULAR&athbdg=L1102,,,,,,,,,,,,,{'product_id': '672666564'},,,,,,,,,,,,,49714,15441,672666564,40.111637,-88.159385,2026-08-07T02:36:16.199771
2026-08-07T02:36:16.199771,walmart.com,strawberries,2902,Framingham Store,01701,1,12,"Dole Sliced Strawberry, 5 Pound - 2 per case.",,False,,98.02,,,,,,,,0.0,0,,,,,,https://i5.walmartimages.com/seo/Dole-Sliced-Strawberry-5-Pound-2-per-case_ee37a60b-9bde-41fc-b0b4-6821632b4320.b77a6366bda2ae0192768cb0e9666c0b.jpeg,,https://www.walmart.com/ip/Dole-Sliced-Strawberry-5-Pound-2-per-case/402465107?classType=REGULAR,,,,,,,,,,,,,{'product_id': '402465107'},,,,,,,,,,,,,49714,15441,402465107,42.300898,-71.399471,2026-08-07T02:36:16.199771
2026-08-07T02:36:16.199771,walmart.com,strawberries,2902,Framingham Store,01701,1,15,"Organic Freeze-Dried Strawberries, 1 Ounce  Non-GMO, Kosher, Bulk - by Food to Live",,False,,11.99,,,,,,,,4.3,3,,,,,,https://i5.walmartimages.com/seo/Organic-Freeze-Dried-Strawberries-1-Ounce-Non-GMO-Kosher-Bulk-by-Food-to-Live_63fc0cbc-4388-4433-9487-6c52e174b6c8.0d7dd8a20e056c67462845aa964a28c9.jpeg,,https://www.walmart.com/ip/Organic-Freeze-Dried-Strawberries-1-Ounce-Non-GMO-Kosher-Bulk-by-Food-to-Live/16294167610?classType=VARIANT,,,,,,,,,,,,,{'product_id': '16294167610'},,,,,,,,,,,,,49714,15441,16294167610,42.300898,-71.399471,2026-08-07T02:36:16.199771
2026-08-07T02:36:16.199771,walmart.com,strawberries,2902,Framingham Store,01701,1,11,Happy Village Organic Soft Dried Strawberries 18 oz Resealable Pack,,False,,26.01,,,,,,,,4.5,54,,,,,,https://i5.walmartimages.com/seo/Happy-Village-Organic-Whole-Dried-Strawberries-18-OZ-Resealable-Pack-Soft-Juicy-Kosher-Non-GMO-Refined-Sugar-Organic-Apple-Juice-Infused-Organic-Drie_3e3dbd2a-21c8-4b00-b01c-5cc457202f52.4696598a6ed2b3ffa82f594b823d7292.jpeg,,https://www.walmart.com/ip/Happy-Village-Organic-Whole-Dried-Strawberries-18-OZ-Resealable-Pack-Soft-Juicy-Kosher-Non-GMO-No-Refined-Sugar-Apple-Juice-Infused-Strawberry/1676663793?classType=VARIANT,,,,,,,,,,,,,{'product_id': '1676663793'},,,,,,,,,,,,,49714,15441,1676663793,42.300898,-71.399471,2026-08-07T02:36:16.199771
2026-08-07T02:36:16.199771,walmart.com,strawberries,5403,Urbana Supercenter,61802,1,6,"Great Value Whole Strawberries, 64 oz (Frozen)",,False,,9.42,,,,,,,,4.7,4965,,,,,,https://i5.walmartimages.com/seo/Great-Value-Whole-Strawberries-64-oz-Frozen_c4e4ef22-2d66-413b-939d-565333deaef4.3a82c613d8beefa6a65578be554dbcd1.jpeg,,https://www.walmart.com/ip/Great-Value-Whole-Strawberries-64-oz-Frozen/44389039?classType=REGULAR,,,,,,,,,,,,,{'product_id': '44389039'},,,,,,,,,,,,,49714,15441,44389039,40.111637,-88.159385,2026-08-07T02:36:16.199771
2026-08-07T02:36:16.199771,walmart.com,strawberries,5403,Urbana Supercenter,61802,1,7,"Commodity Fruit Whole Strawberry Piece, 30 Pound -- 1 each.",,False,,140.64,,,,,,,,1.0,2,,,,,,https://i5.walmartimages.com/seo/Commodity-Fruit-Whole-Strawberry-Piece-30-Pound-1-each_cea2a115-2819-444e-9e54-0e83bd5459f7.6b7febd8c01e24528174019cb3358daf.jpeg,,https://www.walmart.com/ip/Commodity-Fruit-Whole-Strawberry-Piece-30-Pound-1-each/151247942?classType=REGULAR,,,,,,,,,,,,,{'product_id': '151247942'},,,,,,,,,,,,,49714,15441,151247942,40.111637,-88.159385,2026-08-07T02:36:16.199771
2026-08-07T02:36:16.199771,walmart.com,strawberries,2902,Framingham Store,01701,1,14,"Organic Freeze-Dried Strawberries, 1 Pound - Non-GMO, Kosher, Bulk - by Food to Live",,False,,74.38,,,,,,,,4.3,3,,,,,,https://i5.walmartimages.com/seo/Organic-Freeze-Dried-Strawberries-1-Pound-Non-GMO-Kosher-Bulk-by-Food-to-Live_c54b2692-2e58-4f54-bddb-ef9ecab4baac.72dd21d51f9c1e9dffffc1d132355130.jpeg,,https://www.walmart.com/ip/Organic-Freeze-Dried-Strawberries-1-Pound-Non-GMO-Kosher-Bulk-by-Food-to-Live/16242366408?classType=VARIANT,,,,,,,,,,,,,{'product_id': '16242366408'},,,,,,,,,,,,,49714,15441,16242366408,42.300898,-71.399471,2026-08-07T02:36:16.199771
2026-08-07T02:36:16.199771,walmart.com,strawberries,5403,Urbana Supercenter,61802,1,9,"Dole Sliced Strawberry, 14 oz, 8 per Case",,False,,86.47,,,,,,,,3.0,1,,,,,,https://i5.walmartimages.com/seo/Dole-Sliced-Strawberry-14-oz-8-per-Case_67628534-7f4c-497d-a9d7-06fb36bfaee9.7e688b4ec63867c0edb58f5d4ae630c7.jpeg,,https://www.walmart.com/ip/Dole-Sliced-Strawberry-14-oz-8-per-Case/645793229?classType=REGULAR,,,,,,,,,,,,,{'product_id': '645793229'},,,,,,,,,,,,,49714,15441,645793229,40.111637,-88.159385,2026-08-07T02:36:16.199771
2026-08-07T02:36:16.199771,walmart.com,strawberries,5403,Urbana Supercenter,61802,1,8,"Great Value Sliced Strawberries with Sugar, 23.2 oz (Frozen)",,False,,5.44,,,,,,,,4.6,2991,,,,,,https://i5.walmartimages.com/seo/Great-Value-Sliced-Strawberries-with-Sugar-23-2-oz-Frozen_76fe351a-4a65-46fb-af6c-3b83443d255b.575c3e87b0b7f3af9a110c3ec34f1f23.jpeg,,https://www.walmart.com/ip/Great-Value-Sliced-Strawberries-with-Sugar-23-2-oz-Frozen/31712521?classType=REGULAR,,,,,,,,,,,,,{'product_id': '31712521'},,,,,,,,,,,,,49714,15441,31712521,40.111637,-88.159385,2026-08-07T02:36:16.199771
2026-08-07T02:36:16.199771,walmart.com,strawberries,420,Wichita Falls Central E Freeway Supercenter,76306,1,8,"Great Value Sliced Strawberries with Sugar, 23.2 oz (Frozen)",,False,,5.44,,,,,,,,4.6,2991,,,,,,https://i5.walmartimages.com/seo/Great-Value-Sliced-Strawberries-with-Sugar-23-2-oz-Frozen_76fe351a-4a65-46fb-af6c-3b83443d255b.575c3e87b0b7f3af9a110c3ec34f1f23.jpeg,,https://www.walmart.com/ip/Great-Value-Sliced-Strawberries-with-Sugar-23-2-oz-Frozen/31712521?classType=REGULAR,,,,,,,,,,,,,{'product_id': '31712521'},,,,,,,,,,,,,49714,15441,31712521,33.950984,-98.529292,2026-08-07T02:36:16.199771
2026-08-07T02:36:16.199771,walmart.com,strawberries,420,Wichita Falls Central E Freeway Supercenter,76306,1,7,"Commodity Fruit Whole Strawberry Piece, 30 Pound -- 1 each.",,False,,140.64,,,,,,,,1.0,2,,,,,,https://i5.walmartimages.com/seo/Commodity-Fruit-Whole-Strawberry-Piece-30-Pound-1-each_cea2a115-2819-444e-9e54-0e83bd5459f7.6b7febd8c01e24528174019cb3358daf.jpeg,,https://www.walmart.com/ip/Commodity-Fruit-Whole-Strawberry-Piece-30-Pound-1-each/151247942?classType=REGULAR,,,,,,,,,,,,,{'product_id': '151247942'},,,,,,,,,,,,,49714,15441,151247942,33.950984,-98.529292,2026-08-07T02:36:16.199771
2026-08-07T02:36:16.199771,walmart.com,strawberries,5403,Urbana Supercenter,61802,1,11,"Dole Individual Quick Frozen Strawberry, 30 Pound",,False,,158.44,,,,,,,,0.0,0,,,,,,https://i5.walmartimages.com/seo/Dole-Individual-Quick-Frozen-Strawberry-30-Pound_8cd14247-44f8-483b-8d1f-5b3807d2530e.c6cf3586864eb32ac445adf7ae5404a4.jpeg,,https://www.walmart.com/ip/Dole-Individual-Quick-Frozen-Strawberry-30-Pound/1891056080?classType=REGULAR,,,,,,,,,,,,,{'product_id': '1891056080'},,,,,,,,,,,,,49714,15441,1891056080,40.111637,-88.159385,2026-08-07T02:36:16.199771
2026-08-07T02:36:16.199771,walmart.com,strawberries,420,Wichita Falls Central E Freeway Supercenter,76306,1,11,"Dole Individual Quick Frozen Strawberry, 5 Pound -- 2 per case.",,False,,89.93,,,,,,,,0.0,0,,,,,,https://i5.walmartimages.com/seo/Dole-Individual-Quick-Frozen-Strawberry-5-Pound-2-per-case_42d8a431-e17d-4bfa-9aa0-42c37898c0dc.0cb8f85fe1438eb29183c4d77d78fdc1.jpeg,,https://www.walmart.com/ip/Dole-Individual-Quick-Frozen-Strawberry-5-Pound-2-per-case/960104993?classType=REGULAR,,,,,,,,,,,,,{'product_id': '960104993'},,,,,,,,,,,,,49714,15441,960104993,33.950984,-98.529292,2026-08-07T02:36:16.199771
2026-08-07T02:36:16.199771,walmart.com,strawberries,2902,Framingham Store,01701,1,19,Fresh and Honest Foods 100% All Natural Freeze Dried Strawberries 6.3 OZ #10 Can,,False,,32.0,,,,,,,,3.8,5,,,,,,https://i5.walmartimages.com/seo/Fresh-and-Honest-Foods-100-All-Natural-Freeze-Dried-Strawberries-6-3-OZ-10-Can_d87f043b-b6be-4047-97cc-650f843d5782_2.4f26e6f398c50cf6cddfa3d36c9fb086.jpeg,,https://www.walmart.com/ip/Fresh-and-Honest-Foods-100-All-Natural-Freeze-Dried-Strawberries-6-3-OZ-10-Can/517722278?classType=REGULAR,,,,,,,,,,,,,{'product_id': '517722278'},,,,,,,,,,,,,49714,15441,517722278,42.300898,-71.399471,2026-08-07T02:36:16.199771
2026-08-07T02:36:16.199771,walmart.com,strawberries,420,Wichita Falls Central E Freeway Supercenter,76306,1,10,"Dole Individual Quick Frozen Strawberry, 30 Pound",,False,,158.44,,,,,,,,0.0,0,,,,,,https://i5.walmartimages.com/seo/Dole-Individual-Quick-Frozen-Strawberry-30-Pound_8cd14247-44f8-483b-8d1f-5b3807d2530e.c6cf3586864eb32ac445adf7ae5404a4.jpeg,,https://www.walmart.com/ip/Dole-Individual-Quick-Frozen-Strawberry-30-Pound/1891056080?classType=REGULAR,,,,,,,,,,,,,{'product_id': '1891056080'},,,,,,,,,,,,,49714,15441,1891056080,33.950984,-98.529292,2026-08-07T02:36:16.199771
2026-08-07T02:36:16.199771,walmart.com,strawberries,420,Wichita Falls Central E Freeway Supercenter,76306,1,9,"Dole Sliced Strawberry, 14 oz, 8 per Case",,False,,86.47,,,,,,,,3.0,1,,,,,,https://i5.walmartimages.com/seo/Dole-Sliced-Strawberry-14-oz-8-per-Case_67628534-7f4c-497d-a9d7-06fb36bfaee9.7e688b4ec63867c0edb58f5d4ae630c7.jpeg,,https://www.walmart.com/ip/Dole-Sliced-Strawberry-14-oz-8-per-Case/645793229?classType=REGULAR,,,,,,,,,,,,,{'product_id': '645793229'},,,,,,,,,,,,,49714,15441,645793229,33.950984,-98.529292,2026-08-07T02:36:16.199771
2026-08-07T02:36:16.199771,walmart.com,strawberries,2902,Framingham Store,01701,1,16,"Happy Village Organic Soft Dried Strawberries On the Go, 15 x 1 oz Packs",,False,,28.99,,,,,,,,4.5,54,,,,,,https://i5.walmartimages.com/seo/Happy-Village-Organic-Soft-Dried-Strawberries-Go-3-Bags-15-Individual-Portion-Packs-Healthy-Organic-Non-GMO-Vegan-Kosher-Gluten-Free-Snack-Packs_7b721f74-6032-4434-889a-fb812d853b05.3f871b7fe4174b82bea6bd8b11ccb174.jpeg,,https://www.walmart.com/ip/Happy-Village-Organic-Soft-Dried-Strawberries-Go-3-Bags-15-Individual-Portion-Packs-Healthy-Organic-Non-GMO-Vegan-Kosher-Gluten-Free-Snack-Packs/19266959536?classType=VARIANT,,,,,,,,,,,,,{'product_id': '19266959536'},,,,,,,,,,,,,49714,15441,19266959536,42.300898,-71.399471,2026-08-07T02:36:16.199771
2026-08-07T02:36:16.199771,walmart.com,strawberries,420,Wichita Falls Central E Freeway Supercenter,76306,1,15,"(6 pack) Augason Farms Freeze Dried Sliced Strawberries Can - Gluten Free Snack for Baking, Smoothies, and Emergency Storage - Healthy Individual Fruit Snacks – 6.5 Ounces (18 Servings)",,False,,119.88,,,,,,,,0.0,0,,,,,,https://i5.walmartimages.com/seo/6-pack-Augason-Farms-Freeze-Dried-Sliced-Strawberries-6-4-oz-No-10-Can_fa5b1700-d18e-468a-8b17-a539d9eb3981.eefa5a1baf4f027db39f248db9955e10.jpeg?odnHeight=180&odnWidth=180&odnBg=FFFFFF,,https://www.walmart.com/ip/6-pack-Augason-Farms-Freeze-Dried-Sliced-Strawberries-6-4-oz-No-10-Can/15382562000?classType=VARIANT,,,,,,,,,,,,,{'product_id': '15382562000'},,,,,,,,,,,,,49714,15441,15382562000,33.950984,-98.529292,2026-08-07T02:36:16.199771
2026-08-07T02:36:16.199771,walmart.com,strawberries,5403,Urbana Supercenter,61802,1,10,"Great Value Sliced Strawberries with Sugar, 15.5 oz (Frozen)",,False,,3.96,,,,,,,,4.5,2064,,,,,,https://i5.walmartimages.com/seo/Great-Value-Sliced-Strawberries-with-Sugar-15-5-oz-Frozen_832cb121-7cad-4dee-abb9-cda28cf80e36.f8c09a2e8a252a936220524c8e7e8e76.jpeg,,https://www.walmart.com/ip/Great-Value-Sliced-Strawberries-with-Sugar-15-5-oz-Frozen/22569731?classType=REGULAR,,,,,,,,,,,,,{'product_id': '22569731'},,,,,,,,,,,,,49714,15441,22569731,40.111637,-88.159385,2026-08-07T02:36:16.199771
2026-08-07T02:36:16.199771,walmart.com,strawberries,2902,Framingham Store,01701,1,17,"Organic Dried Strawberries, 2 Pounds  Non-GMO, Kosher, Sweetened  by Food to Live",,False,,48.66,,,,,,,,4.3,22,,,,,,https://i5.walmartimages.com/seo/Organic-Dried-Strawberries-2-Pounds-Non-GMO-Kosher-Sweetened-by-Food-to-Live_84b3350b-46a9-432e-a1e4-0b5200442d9a.652deedfefcba9a00df1647796cf258c.jpeg,,https://www.walmart.com/ip/Organic-Dried-Strawberries-2-Pounds-Non-GMO-Kosher-Sweetened-by-Food-to-Live/652044157?classType=VARIANT,,,,,,,,,,,,,{'product_id': '652044157'},,,,,,,,,,,,,49714,15441,652044157,42.300898,-71.399471,2026-08-07T02:36:16.199771
2026-08-07T02:36:16.199771,walmart.com,strawberries,5403,Urbana Supercenter,61802,1,13,"Dole Individual Quick Frozen Strawberry, 5 Pound -- 2 per case.",,False,,89.93,,,,,,,,0.0,0,,,,,,https://i5.walmartimages.com/seo/Dole-Individual-Quick-Frozen-Strawberry-5-Pound-2-per-case_42d8a431-e17d-4bfa-9aa0-42c37898c0dc.0cb8f85fe1438eb29183c4d77d78fdc1.jpeg,,https://www.walmart.com/ip/Dole-Individual-Quick-Frozen-Strawberry-5-Pound-2-per-case/960104993?classType=REGULAR,,,,,,,,,,,,,{'product_id': '960104993'},,,,,,,,,,,,,49714,15441,960104993,40.111637,-88.159385,2026-08-07T02:36:16.199771
2026-08-07T02:36:16.199771,walmart.com,strawberries,2902,Framingham Store,01701,1,18,ReadyWise Sliced Strawberries Whole Shelf-Stable 18 Servings,,False,,31.99,,,,,,,,2.8,4,,,,,,https://i5.walmartimages.com/seo/ReadyWise-Simple-Kitchen-FD-Sliced-Strawberries-18-Servings_69f83249-8c71-4d27-afed-a52d21aeddc3.fd1dad27307e2e73f6e7083f813e9993.jpeg,,https://www.walmart.com/ip/ReadyWise-Simple-Kitchen-FD-Sliced-Strawberries-18-Servings/1280619054?classType=REGULAR,,,,,,,,,,,,,{'product_id': '1280619054'},,,,,,,,,,,,,49714,15441,1280619054,42.300898,-71.399471,2026-08-07T02:36:16.199771
2026-08-07T02:36:16.199771,walmart.com,strawberries,5403,Urbana Supercenter,61802,1,12,"bettergoods Organic Dried Strawberries, 5 oz",,False,['Best seller'],7.12,,,,,,,,4.2,499,,,,,,https://i5.walmartimages.com/seo/bettergoods-Organic-Dried-Strawberries-5-oz_6f1d1da0-e77b-4353-af9d-334dea89adee.1dee10be180c621f4fa263c0a4c231b2.jpeg?odnHeight=180&odnWidth=180&odnBg=FFFFFF,,https://www.walmart.com/ip/bettergoods-Organic-Dried-Strawberries-5-oz/5464020048?classType=VARIANT,,,,,,,,,,,,,{'product_id': '5464020048'},,,,,,,,,,,,,49714,15441,5464020048,40.111637,-88.159385,2026-08-07T02:36:16.199771
2026-08-07T02:36:16.199771,walmart.com,strawberries,420,Wichita Falls Central E Freeway Supercenter,76306,1,12,"Great Value Sliced Strawberries with Sugar, 15.5 oz (Frozen)",,False,,3.96,,,,,,,,4.5,2064,,,,,,https://i5.walmartimages.com/seo/Great-Value-Sliced-Strawberries-with-Sugar-15-5-oz-Frozen_832cb121-7cad-4dee-abb9-cda28cf80e36.f8c09a2e8a252a936220524c8e7e8e76.jpeg,,https://www.walmart.com/ip/Great-Value-Sliced-Strawberries-with-Sugar-15-5-oz-Frozen/22569731?classType=REGULAR,,,,,,,,,,,,,{'product_id': '22569731'},,,,,,,,,,,,,49714,15441,22569731,33.950984,-98.529292,2026-08-07T02:36:16.199771
2026-08-07T02:36:16.199771,walmart.com,strawberries,420,Wichita Falls Central E Freeway Supercenter,76306,1,13,"Simplot Classic Whole Strawberry Fruit, 10 Pound - 1 each.",,False,,92.56,,,,,,,,0.0,0,,,,,,https://i5.walmartimages.com/seo/Simplot-Classic-Whole-Strawberry-Fruit-10-Pound-1-each_d3090d40-d6c7-4e30-ab24-24511b4a761f.abc4979e5cd2c9e58f7e4692094097a8.jpeg,,https://www.walmart.com/ip/Simplot-Classic-Whole-Strawberry-Fruit-10-Pound-1-each/411691083?classType=REGULAR,,,,,,,,,,,,,{'product_id': '411691083'},,,,,,,,,,,,,49714,15441,411691083,33.950984,-98.529292,2026-08-07T02:36:16.199771
2026-08-07T02:36:16.199771,walmart.com,strawberries,2902,Framingham Store,01701,1,21,"swiig Freeze-Dried, Diced Strawberries 205g",,False,,38.29,,,,,,,,0.0,0,,,,,,https://i5.walmartimages.com/seo/swiig-Freeze-Dried-Diced-Strawberries-205g_a4f32191-6190-4ccc-8621-a3ef0df6aab0.b531cbd4c0d08490c3b0c6ed4ad2c964.jpeg,,https://www.walmart.com/ip/swiig-Freeze-Dried-Diced-Strawberries-205g/19644053840?classType=REGULAR,,,,,,,,,,,,,{'product_id': '19644053840'},,,,,,,,,,,,,49714,15441,19644053840,42.300898,-71.399471,2026-08-07T02:36:16.199771
2026-08-07T02:36:16.199771,walmart.com,strawberries,2902,Framingham Store,01701,1,23,"Balance of Nature Freeze-Dried Strawberries (5 Pack)  100% Real Fruit, Crunchy Strawberry Slices, Healthy Snack, Mouthwatering Nutrition, Gluten-Free, Vegan, No Sugar Added, Five 1.6 oz Bags",,False,,29.99,,,,,,,,3.0,4,,,,,,https://i5.walmartimages.com/seo/Balance-of-Nature-Freeze-Dried-Strawberries-No-Sugar-Added-1-6-oz-5-Pack_44ca59a2-73f7-4a04-87a9-589b1fc80351.1806b4a82ccc5e460fb3b932d8e32e60.jpeg,,https://www.walmart.com/ip/Balance-of-Nature-Freeze-Dried-Strawberries-No-Sugar-Added-1-6-oz-5-Pack/19690119699?classType=VARIANT,,,,,,,,,,,,,{'product_id': '19690119699'},,,,,,,,,,,,,49714,15441,19690119699,42.300898,-71.399471,2026-08-07T02:36:16.199771
2026-08-07T02:36:16.199771,walmart.com,strawberries,2902,Framingham Store,01701,1,20,AUSPITEE Freeze Dried Strawberry Slices 140g(4.94oz) Pure Natural Dry Fruit for Snacks Cooking Yogurt,,False,,15.17,,,,,,,,4.9,12,,,,,,https://i5.walmartimages.com/seo/AUSPITEE-Freeze-Dried-Strawberry-Slices-140g-4-94oz-Pure-Natural-Dry-Fruit-for-Snacks-Cooking-Yogurt_d991d288-c41e-455e-b2a8-8d185831cf0f.26ac3d92f57094da5c9726586556629e.png,,https://www.walmart.com/ip/AUSPITEE-Freeze-Dried-Strawberry-Slices-140g-4-94oz-Pure-Natural-Dry-Fruit-for-Snacks-Cooking-Yogurt/18870622303?classType=REGULAR,,,,,,,,,,,,,{'product_id': '18870622303'},,,,,,,,,,,,,49714,15441,18870622303,42.300898,-71.399471,2026-08-07T02:36:16.199771
2026-08-07T02:36:16.199771,walmart.com,strawberries,2902,Framingham Store,01701,1,24,"Freeze-Dried Whole Strawberries, Unsliced | Family Party Size | 8 Ounce",,False,['Reduced price'],20.46,,,,,,,,5.0,2,,,,,,https://i5.walmartimages.com/seo/Freeze-Dried-Whole-Strawberries-Unsliced-Family-Party-Size-8-Ounce_f9a710fc-03c3-48a5-aaf6-ba9eae862097.49482392ec5b1fa61f480aa82519a84b.png,,https://www.walmart.com/ip/Freeze-Dried-Whole-Strawberries-Unsliced-Family-Party-Size-8-Ounce/15228253752?classType=REGULAR,,,,,,,,,,,,,{'product_id': '15228253752'},,,,,,,,,,,,,49714,15441,15228253752,42.300898,-71.399471,2026-08-07T02:36:16.199771
2026-08-07T02:36:16.199771,walmart.com,strawberries,5403,Urbana Supercenter,61802,1,14,"(6 pack) Augason Farms Freeze Dried Sliced Strawberries Can - Gluten Free Snack for Baking, Smoothies, and Emergency Storage - Healthy Individual Fruit Snacks – 6.5 Ounces (18 Servings)",,False,,119.88,,,,,,,,0.0,0,,,,,,https://i5.walmartimages.com/seo/6-pack-Augason-Farms-Freeze-Dried-Sliced-Strawberries-6-4-oz-No-10-Can_fa5b1700-d18e-468a-8b17-a539d9eb3981.eefa5a1baf4f027db39f248db9955e10.jpeg?odnHeight=180&odnWidth=180&odnBg=FFFFFF,,https://www.walmart.com/ip/6-pack-Augason-Farms-Freeze-Dried-Sliced-Strawberries-6-4-oz-No-10-Can/15382562000?classType=VARIANT,,,,,,,,,,,,,{'product_id': '15382562000'},,,,,,,,,,,,,49714,15441,15382562000,40.111637,-88.159385,2026-08-07T02:36:16.199771
2026-08-07T02:36:16.199771,walmart.com,strawberries,420,Wichita Falls Central E Freeway Supercenter,76306,1,14,"bettergoods Organic Dried Strawberries, 5 oz",,False,['Best seller'],7.12,,,,,,,,4.2,499,,,,,,https://i5.walmartimages.com/seo/bettergoods-Organic-Dried-Strawberries-5-oz_6f1d1da0-e77b-4353-af9d-334dea89adee.1dee10be180c621f4fa263c0a4c231b2.jpeg?odnHeight=180&odnWidth=180&odnBg=FFFFFF,,https://www.walmart.com/ip/bettergoods-Organic-Dried-Strawberries-5-oz/5464020048?classType=VARIANT,,,,,,,,,,,,,{'product_id': '5464020048'},,,,,,,,,,,,,49714,15441,5464020048,33.950984,-98.529292,2026-08-07T02:36:16.199771
2026-08-07T02:36:16.199771,walmart.com,strawberries,5403,Urbana Supercenter,61802,1,15,"Simplot Classic Whole Strawberry Fruit, 10 Pound - 1 each.",,False,,92.56,,,,,,,,0.0,0,,,,,,https://i5.walmartimages.com/seo/Simplot-Classic-Whole-Strawberry-Fruit-10-Pound-1-each_d3090d40-d6c7-4e30-ab24-24511b4a761f.abc4979e5cd2c9e58f7e4692094097a8.jpeg,,https://www.walmart.com/ip/Simplot-Classic-Whole-Strawberry-Fruit-10-Pound-1-each/411691083?classType=REGULAR,,,,,,,,,,,,,{'product_id': '411691083'},,,,,,,,,,,,,49714,15441,411691083,40.111637,-88.159385,2026-08-07T02:36:16.199771
2026-08-07T02:36:16.199771,walmart.com,strawberries,5403,Urbana Supercenter,61802,1,17,"Dole Sliced Strawberry, 5 Pound - 2 per case.",,False,,98.02,,,,,,,,0.0,0,,,,,,https://i5.walmartimages.com/seo/Dole-Sliced-Strawberry-5-Pound-2-per-case_ee37a60b-9bde-41fc-b0b4-6821632b4320.b77a6366bda2ae0192768cb0e9666c0b.jpeg,,https://www.walmart.com/ip/Dole-Sliced-Strawberry-5-Pound-2-per-case/402465107?classType=REGULAR,,,,,,,,,,,,,{'product_id': '402465107'},,,,,,,,,,,,,49714,15441,402465107,40.111637,-88.159385,2026-08-07T02:36:16.199771
2026-08-07T02:36:16.199771,walmart.com,strawberries,5403,Urbana Supercenter,61802,1,18,Trader Joe's Freeze Dried Strawberries Unsweetened Unsulfured Strawberry (1.2oz),,False,,9.23,,,,,,,,4.3,13,,,,,,https://i5.walmartimages.com/seo/Trader-Joe-s-Freeze-Dried-Strawberries-Unsweetened-Unsulfured-Strawberry-1-2oz_6510abbf-52b1-460d-9d85-fcac20e3ac3f.2f897210058e6bd4daea3a6a49dd4705.png,,https://www.walmart.com/ip/Trader-Joe-s-Freeze-Dried-Strawberries-Unsweetened-Unsulfured-Strawberry-1-2oz/15061871855?classType=REGULAR,,,,,,,,,,,,,{'product_id': '15061871855'},,,,,,,,,,,,,49714,15441,15061871855,40.111637,-88.159385,2026-08-07T02:36:16.199771
2026-08-07T02:36:16.199771,walmart.com,strawberries,2902,Framingham Store,01701,1,26,Future Essentials Freeze Dried Long Shelf Life Emergency Food Sliced Strawberries #2.5/ 2.2oz/Can- 12 Cans,,False,,249.0,,,,,,,,0.0,0,,,,,,https://i5.walmartimages.com/seo/Future-Essentials-Freeze-Dried-Long-Shelf-Life-Emergency-Food-Sliced-Strawberries-2-5-2-2oz-Can-12-Cans_232eed1c-6312-4173-8cde-41b7d7f02d2f.c7cae552b54b61b1a7200d5fbf3cfe64.png,,https://www.walmart.com/ip/Future-Essentials-Freeze-Dried-Long-Shelf-Life-Emergency-Food-Sliced-Strawberries-2-5-2-2oz-Can-12-Cans/1175074664?classType=REGULAR,,,,,,,,,,,,,{'product_id': '1175074664'},,,,,,,,,,,,,49714,15441,1175074664,42.300898,-71.399471,2026-08-07T02:36:16.199771
2026-08-07T02:36:16.199771,walmart.com,strawberries,2902,Framingham Store,01701,1,22,"Simply Nature Freeze Dried Strawberries Snack Pack Non-GMO, 6 Count, 2.1 Oz",,False,,19.99,,,,,,,,0.0,0,,,,,,https://i5.walmartimages.com/seo/Simply-Nature-Freeze-Dried-Strawberries-Snack-Pack-Non-GMO-6-Count-2-1-Oz_533640c2-5341-44cd-80c0-c88b0f0d4990.a02ba57972cfc49236f01780483abfeb.jpeg,,https://www.walmart.com/ip/Simply-Nature-Freeze-Dried-Strawberries-Snack-Pack-Non-GMO-6-Count-2-1-Oz/19868921819?classType=REGULAR,,,,,,,,,,,,,{'product_id': '19868921819'},,,,,,,,,,,,,49714,15441,19868921819,42.300898,-71.399471,2026-08-07T02:36:16.199771
2026-08-07T02:36:16.199771,walmart.com,strawberries,5403,Urbana Supercenter,61802,1,16,Happy Village Organic Soft Dried Strawberries 18 oz Resealable Pack,,False,,26.01,,,,,,,,4.5,54,,,,,,https://i5.walmartimages.com/seo/Happy-Village-Organic-Whole-Dried-Strawberries-18-OZ-Resealable-Pack-Soft-Juicy-Kosher-Non-GMO-Refined-Sugar-Organic-Apple-Juice-Infused-Organic-Drie_3e3dbd2a-21c8-4b00-b01c-5cc457202f52.4696598a6ed2b3ffa82f594b823d7292.jpeg,,https://www.walmart.com/ip/Happy-Village-Organic-Whole-Dried-Strawberries-18-OZ-Resealable-Pack-Soft-Juicy-Kosher-Non-GMO-No-Refined-Sugar-Apple-Juice-Infused-Strawberry/1676663793?classType=VARIANT,,,,,,,,,,,,,{'product_id': '1676663793'},,,,,,,,,,,,,49714,15441,1676663793,40.111637,-88.159385,2026-08-07T02:36:16.199771
2026-08-07T02:36:16.199771,walmart.com,strawberries,420,Wichita Falls Central E Freeway Supercenter,76306,1,17,"Dried Sweetened Strawberries by Its Delish, 10 lbs",,False,,107.0,,,,,,,,4.3,21,,,,,,https://i5.walmartimages.com/seo/Dried-Sweetened-Strawberries-by-Its-Delish-10-lbs_4eccefce-4bec-4c2b-b576-9771063436c0.a967e7c8cd3dfcf595bfa72e97624bfd.jpeg,,https://www.walmart.com/ip/Dried-Sweetened-Strawberries-by-Its-Delish-10-lbs/770977252?classType=VARIANT,,,,,,,,,,,,,{'product_id': '770977252'},,,,,,,,,,,,,49714,15441,770977252,33.950984,-98.529292,2026-08-07T02:36:16.199771
2026-08-07T02:36:16.199771,walmart.com,strawberries,5403,Urbana Supercenter,61802,1,19,"Organic Freeze-Dried Strawberries, 1 Pound - Non-GMO, Kosher, Bulk - by Food to Live",,False,,74.38,,,,,,,,4.3,3,,,,,,https://i5.walmartimages.com/seo/Organic-Freeze-Dried-Strawberries-1-Pound-Non-GMO-Kosher-Bulk-by-Food-to-Live_c54b2692-2e58-4f54-bddb-ef9ecab4baac.72dd21d51f9c1e9dffffc1d132355130.jpeg,,https://www.walmart.com/ip/Organic-Freeze-Dried-Strawberries-1-Pound-Non-GMO-Kosher-Bulk-by-Food-to-Live/16242366408?classType=VARIANT,,,,,,,,,,,,,{'product_id': '16242366408'},,,,,,,,,,,,,49714,15441,16242366408,40.111637,-88.159385,2026-08-07T02:36:16.199771
2026-08-07T02:36:16.199771,walmart.com,strawberries,420,Wichita Falls Central E Freeway Supercenter,76306,1,20,Future Essentials Freeze Dried Long Shelf Life Emergency Food Sliced Strawberries #2.5/ 2.2oz/Can- 12 Cans,,False,,249.0,,,,,,,,0.0,0,,,,,,https://i5.walmartimages.com/seo/Future-Essentials-Freeze-Dried-Long-Shelf-Life-Emergency-Food-Sliced-Strawberries-2-5-2-2oz-Can-12-Cans_232eed1c-6312-4173-8cde-41b7d7f02d2f.c7cae552b54b61b1a7200d5fbf3cfe64.png,,https://www.walmart.com/ip/Future-Essentials-Freeze-Dried-Long-Shelf-Life-Emergency-Food-Sliced-Strawberries-2-5-2-2oz-Can-12-Cans/1175074664?classType=REGULAR,,,,,,,,,,,,,{'product_id': '1175074664'},,,,,,,,,,,,,49714,15441,1175074664,33.950984,-98.529292,2026-08-07T02:36:16.199771
2026-08-07T02:36:16.199771,walmart.com,strawberries,2902,Framingham Store,01701,1,27,"BEAR Fruit Dried Strawberries 90g, Imported from Britain",,False,,24.39,,,,,,,,0.0,0,,,,,,https://i5.walmartimages.com/seo/BEAR-Fruit-Dried-Strawberries-90g-Imported-from-Britain_24109d45-4fa4-4d8f-98dd-24b88ca73faf.75f18c46df9b64c36eff130b44f60199.jpeg,,https://www.walmart.com/ip/BEAR-Fruit-Dried-Strawberries-90g-Imported-from-Britain/19682817460?classType=REGULAR,,,,,,,,,,,,,{'product_id': '19682817460'},,,,,,,,,,,,,49714,15441,19682817460,42.300898,-71.399471,2026-08-07T02:36:16.199771
2026-08-07T02:36:16.199771,walmart.com,strawberries,2902,Framingham Store,01701,1,28,"Organic Freeze-Dried Strawberries, 8 Ounces - Non-GMO, Kosher, Bulk - by Food to Live",,False,,38.75,,,,,,,,4.3,3,,,,,,https://i5.walmartimages.com/seo/Organic-Freeze-Dried-Strawberries-8-Ounces-Non-GMO-Kosher-Bulk-by-Food-to-Live_d64ce187-d447-49f0-9a3f-a51342d2b4e6.0825b13b0b937c64c61aba29d9739d74.jpeg,,https://www.walmart.com/ip/Organic-Freeze-Dried-Strawberries-8-Ounces-Non-GMO-Kosher-Bulk-by-Food-to-Live/16264674047?classType=VARIANT,,,,,,,,,,,,,{'product_id': '16264674047'},,,,,,,,,,,,,49714,15441,16264674047,42.300898,-71.399471,2026-08-07T02:36:16.199771
2026-08-07T02:36:16.199771,walmart.com,strawberries,420,Wichita Falls Central E Freeway Supercenter,76306,1,16,"Organic Freeze-Dried Strawberries, 1 Pound - Non-GMO, Kosher, Bulk - by Food to Live",,False,,74.38,,,,,,,,4.3,3,,,,,,https://i5.walmartimages.com/seo/Organic-Freeze-Dried-Strawberries-1-Pound-Non-GMO-Kosher-Bulk-by-Food-to-Live_c54b2692-2e58-4f54-bddb-ef9ecab4baac.72dd21d51f9c1e9dffffc1d132355130.jpeg,,https://www.walmart.com/ip/Organic-Freeze-Dried-Strawberries-1-Pound-Non-GMO-Kosher-Bulk-by-Food-to-Live/16242366408?classType=VARIANT,,,,,,,,,,,,,{'product_id': '16242366408'},,,,,,,,,,,,,49714,15441,16242366408,33.950984,-98.529292,2026-08-07T02:36:16.199771
2026-08-07T02:36:16.199771,walmart.com,strawberries,2902,Framingham Store,01701,1,25,"Volupta Premium Freeze Dried Strawberries, 5 Ounce",,False,,19.4,,,,,,,,2.0,3,,,,,,https://i5.walmartimages.com/seo/Volupta-Premium-Freeze-Dried-Strawberries-5-Ounce_f82a97d4-be5f-470d-86b7-59447a70118a.601ef7638f88e8073e38b369c0e5a7e7.jpeg,,https://www.walmart.com/ip/Volupta-Premium-Freeze-Dried-Strawberries-5-Ounce/17360007609?classType=REGULAR,,,,,,,,,,,,,{'product_id': '17360007609'},,,,,,,,,,,,,49714,15441,17360007609,42.300898,-71.399471,2026-08-07T02:36:16.199771
2026-08-07T02:36:16.199771,walmart.com,strawberries,420,Wichita Falls Central E Freeway Supercenter,76306,1,19,"Organic Dried Strawberries, 2 Pounds  Non-GMO, Kosher, Sweetened  by Food to Live",,False,,48.66,,,,,,,,4.3,22,,,,,,https://i5.walmartimages.com/seo/Organic-Dried-Strawberries-2-Pounds-Non-GMO-Kosher-Sweetened-by-Food-to-Live_84b3350b-46a9-432e-a1e4-0b5200442d9a.652deedfefcba9a00df1647796cf258c.jpeg,,https://www.walmart.com/ip/Organic-Dried-Strawberries-2-Pounds-Non-GMO-Kosher-Sweetened-by-Food-to-Live/652044157?classType=VARIANT,,,,,,,,,,,,,{'product_id': '652044157'},,,,,,,,,,,,,49714,15441,652044157,33.950984,-98.529292,2026-08-07T02:36:16.199771
2026-08-07T02:36:16.199771,walmart.com,strawberries,5403,Urbana Supercenter,61802,1,20,"Organic Freeze-Dried Strawberries, 1 Ounce  Non-GMO, Kosher, Bulk - by Food to Live",,False,,11.99,,,,,,,,4.3,3,,,,,,https://i5.walmartimages.com/seo/Organic-Freeze-Dried-Strawberries-1-Ounce-Non-GMO-Kosher-Bulk-by-Food-to-Live_63fc0cbc-4388-4433-9487-6c52e174b6c8.0d7dd8a20e056c67462845aa964a28c9.jpeg,,https://www.walmart.com/ip/Organic-Freeze-Dried-Strawberries-1-Ounce-Non-GMO-Kosher-Bulk-by-Food-to-Live/16294167610?classType=VARIANT,,,,,,,,,,,,,{'product_id': '16294167610'},,,,,,,,,,,,,49714,15441,16294167610,40.111637,-88.159385,2026-08-07T02:36:16.199771
2026-08-07T02:36:16.199771,walmart.com,strawberries,420,Wichita Falls Central E Freeway Supercenter,76306,1,21,Happy Village Organic Soft Dried Strawberries 18 oz Resealable Pack,,False,,26.01,,,,,,,,4.5,54,,,,,,https://i5.walmartimages.com/seo/Happy-Village-Organic-Whole-Dried-Strawberries-18-OZ-Resealable-Pack-Soft-Juicy-Kosher-Non-GMO-Refined-Sugar-Organic-Apple-Juice-Infused-Organic-Drie_3e3dbd2a-21c8-4b00-b01c-5cc457202f52.4696598a6ed2b3ffa82f594b823d7292.jpeg,,https://www.walmart.com/ip/Happy-Village-Organic-Whole-Dried-Strawberries-18-OZ-Resealable-Pack-Soft-Juicy-Kosher-Non-GMO-No-Refined-Sugar-Apple-Juice-Infused-Strawberry/1676663793?classType=VARIANT,,,,,,,,,,,,,{'product_id': '1676663793'},,,,,,,,,,,,,49714,15441,1676663793,33.950984,-98.529292,2026-08-07T02:36:16.199771
2026-08-07T02:36:16.199771,walmart.com,strawberries,5403,Urbana Supercenter,61802,1,22,ReadyWise Sliced Strawberries Whole Shelf-Stable 18 Servings,,False,,31.99,,,,,,,,2.8,4,,,,,,https://i5.walmartimages.com/seo/ReadyWise-Simple-Kitchen-FD-Sliced-Strawberries-18-Servings_69f83249-8c71-4d27-afed-a52d21aeddc3.fd1dad27307e2e73f6e7083f813e9993.jpeg,,https://www.walmart.com/ip/ReadyWise-Simple-Kitchen-FD-Sliced-Strawberries-18-Servings/1280619054?classType=REGULAR,,,,,,,,,,,,,{'product_id': '1280619054'},,,,,,,,,,,,,49714,15441,1280619054,40.111637,-88.159385,2026-08-07T02:36:16.199771
2026-08-07T02:36:16.199771,walmart.com,strawberries,420,Wichita Falls Central E Freeway Supercenter,76306,1,18,"Organic Dried Strawberries, 4 Pounds  Non-GMO, Kosher, Sweetened  by Food to Live",,False,,79.52,,,,,,,,4.3,22,,,,,,https://i5.walmartimages.com/seo/Organic-Dried-Strawberries-4-Pounds-Non-GMO-Kosher-Sweetened-by-Food-to-Live_84b3350b-46a9-432e-a1e4-0b5200442d9a.652deedfefcba9a00df1647796cf258c.jpeg,,https://www.walmart.com/ip/Organic-Dried-Strawberries-4-Pounds-Non-GMO-Kosher-Sweetened-by-Food-to-Live/170251660?classType=VARIANT,,,,,,,,,,,,,{'product_id': '170251660'},,,,,,,,,,,,,49714,15441,170251660,33.950984,-98.529292,2026-08-07T02:36:16.199771
2026-08-07T02:36:16.199771,walmart.com,strawberries,5403,Urbana Supercenter,61802,1,21,"Happy Village Organic Soft Dried Strawberries On the Go, 15 x 1 oz Packs",,False,,28.99,,,,,,,,4.5,54,,,,,,https://i5.walmartimages.com/seo/Happy-Village-Organic-Soft-Dried-Strawberries-Go-3-Bags-15-Individual-Portion-Packs-Healthy-Organic-Non-GMO-Vegan-Kosher-Gluten-Free-Snack-Packs_7b721f74-6032-4434-889a-fb812d853b05.3f871b7fe4174b82bea6bd8b11ccb174.jpeg,,https://www.walmart.com/ip/Happy-Village-Organic-Soft-Dried-Strawberries-Go-3-Bags-15-Individual-Portion-Packs-Healthy-Organic-Non-GMO-Vegan-Kosher-Gluten-Free-Snack-Packs/19266959536?classType=VARIANT,,,,,,,,,,,,,{'product_id': '19266959536'},,,,,,,,,,,,,49714,15441,19266959536,40.111637,-88.159385,2026-08-07T02:36:16.199771
2026-08-07T02:36:16.199771,walmart.com,strawberries,420,Wichita Falls Central E Freeway Supercenter,76306,1,22,"Dole Sliced Strawberry, 5 Pound - 2 per case.",,False,,98.02,,,,,,,,0.0,0,,,,,,https://i5.walmartimages.com/seo/Dole-Sliced-Strawberry-5-Pound-2-per-case_ee37a60b-9bde-41fc-b0b4-6821632b4320.b77a6366bda2ae0192768cb0e9666c0b.jpeg,,https://www.walmart.com/ip/Dole-Sliced-Strawberry-5-Pound-2-per-case/402465107?classType=REGULAR,,,,,,,,,,,,,{'product_id': '402465107'},,,,,,,,,,,,,49714,15441,402465107,33.950984,-98.529292,2026-08-07T02:36:16.199771
2026-08-07T02:36:16.199771,walmart.com,strawberries,5403,Urbana Supercenter,61802,1,24,Fresh and Honest Foods 100% All Natural Freeze Dried Strawberries 6.3 OZ #10 Can,,False,,32.0,,,,,,,,3.8,5,,,,,,https://i5.walmartimages.com/seo/Fresh-and-Honest-Foods-100-All-Natural-Freeze-Dried-Strawberries-6-3-OZ-10-Can_d87f043b-b6be-4047-97cc-650f843d5782_2.4f26e6f398c50cf6cddfa3d36c9fb086.jpeg,,https://www.walmart.com/ip/Fresh-and-Honest-Foods-100-All-Natural-Freeze-Dried-Strawberries-6-3-OZ-10-Can/517722278?classType=REGULAR,,,,,,,,,,,,,{'product_id': '517722278'},,,,,,,,,,,,,49714,15441,517722278,40.111637,-88.159385,2026-08-07T02:36:16.199771
2026-08-07T02:36:16.199771,walmart.com,strawberries,5403,Urbana Supercenter,61802,1,23,"Organic Dried Strawberries, 2 Pounds  Non-GMO, Kosher, Sweetened  by Food to Live",,False,,48.66,,,,,,,,4.3,22,,,,,,https://i5.walmartimages.com/seo/Organic-Dried-Strawberries-2-Pounds-Non-GMO-Kosher-Sweetened-by-Food-to-Live_84b3350b-46a9-432e-a1e4-0b5200442d9a.652deedfefcba9a00df1647796cf258c.jpeg,,https://www.walmart.com/ip/Organic-Dried-Strawberries-2-Pounds-Non-GMO-Kosher-Sweetened-by-Food-to-Live/652044157?classType=VARIANT,,,,,,,,,,,,,{'product_id': '652044157'},,,,,,,,,,,,,49714,15441,652044157,40.111637,-88.159385,2026-08-07T02:36:16.199771
2026-08-07T02:36:16.199771,walmart.com,strawberries,5403,Urbana Supercenter,61802,1,25,"swiig Freeze-Dried, Diced Strawberries 205g",,False,,38.29,,,,,,,,0.0,0,,,,,,https://i5.walmartimages.com/seo/swiig-Freeze-Dried-Diced-Strawberries-205g_a4f32191-6190-4ccc-8621-a3ef0df6aab0.b531cbd4c0d08490c3b0c6ed4ad2c964.jpeg,,https://www.walmart.com/ip/swiig-Freeze-Dried-Diced-Strawberries-205g/19644053840?classType=REGULAR,,,,,,,,,,,,,{'product_id': '19644053840'},,,,,,,,,,,,,49714,15441,19644053840,40.111637,-88.159385,2026-08-07T02:36:16.199771
2026-08-07T02:36:16.199771,walmart.com,strawberries,2902,Framingham Store,01701,1,32,Karen's Naturals Organic Just Strawberries 0.8 oz,,False,,9.56,,,,,,,,4.3,3,,,,,,https://i5.walmartimages.com/seo/Karens-Naturals-Karens-Naturals-Just-Strawberries-1-2-oz_4fafe290-dfc7-4f28-b014-f1240386d7c3.50cf957f13a2411833d8d3d3456cb0e7.jpeg,,https://www.walmart.com/ip/Karens-Naturals-Karens-Naturals-Just-Strawberries-1-2-oz/330141177?classType=REGULAR,,,,,,,,,,,,,{'product_id': '330141177'},,,,,,,,,,,,,49714,15441,330141177,42.300898,-71.399471,2026-08-07T02:36:16.199771
2026-08-07T02:36:16.199771,walmart.com,strawberries,420,Wichita Falls Central E Freeway Supercenter,76306,1,23,"swiig Freeze-Dried, Diced Strawberries 205g",,False,,38.29,,,,,,,,0.0,0,,,,,,https://i5.walmartimages.com/seo/swiig-Freeze-Dried-Diced-Strawberries-205g_a4f32191-6190-4ccc-8621-a3ef0df6aab0.b531cbd4c0d08490c3b0c6ed4ad2c964.jpeg,,https://www.walmart.com/ip/swiig-Freeze-Dried-Diced-Strawberries-205g/19644053840?classType=REGULAR,,,,,,,,,,,,,{'product_id': '19644053840'},,,,,,,,,,,,,49714,15441,19644053840,33.950984,-98.529292,2026-08-07T02:36:16.199771
2026-08-07T02:36:16.199771,walmart.com,strawberries,2902,Framingham Store,01701,1,29,"CHAVI Freeze-Dried Strawberry  - Healthy 1 Ingredient Superfood - No Added Sugars or Preservatives - Non-GMO, Vegan, Gluten-Free | Long Shelf Life |",,False,,11.99,,,,,,,,3.9,8,,,,,,https://i5.walmartimages.com/seo/CHAVI-Freeze-Dried-Strawberry-Healthy-1-Ingredient-Superfood-Added-Sugars-Preservatives-Non-GMO-Vegan-Gluten-Free-Long-Shelf-Life-2-oz-Can_e536d0a3-2be0-46d9-a566-2155f902d147.2dddd19de52f56dbe5aca655f7781cbf.png,,https://www.walmart.com/ip/CHAVI-Freeze-Dried-Strawberry-Healthy-1-Ingredient-Superfood-Added-Sugars-Preservatives-Non-GMO-Vegan-Gluten-Free-Long-Shelf-Life-2-oz-Can/19870263158?classType=REGULAR,,,,,,,,,,,,,{'product_id': '19870263158'},,,,,,,,,,,,,49714,15441,19870263158,42.300898,-71.399471,2026-08-07T02:36:16.199771
2026-08-07T02:36:16.199771,walmart.com,strawberries,2902,Framingham Store,01701,1,30,Simple Truth Freeze-Dried Strawberries 1 oz. (Pack of 2),,False,,24.97,,,,,,,,5.0,1,,,,,,https://i5.walmartimages.com/seo/Simple-Truth-Freeze-Dried-Strawberries-1-oz-Pack-of-2_0db64d4e-bb3f-4019-bfd6-4d8f4cd3a572.8b1dcabee0e07b8383d529a82afbc50a.jpeg,,https://www.walmart.com/ip/Simple-Truth-Freeze-Dried-Strawberries-1-oz-Pack-of-2/970066855?classType=REGULAR,,,,,,,,,,,,,{'product_id': '970066855'},,,,,,,,,,,,,49714,15441,970066855,42.300898,-71.399471,2026-08-07T02:36:16.199771
2026-08-07T02:36:16.199771,walmart.com,strawberries,2902,Framingham Store,01701,1,31,"Freeze Dried Strawberries, 1 oz- Pack of 3",,False,,21.99,,,,,,,,0.0,0,,,,,,https://i5.walmartimages.com/seo/Freeze-Dried-Strawberries-1-oz-Pack-of-3_1f1324c9-2366-4ced-8315-3dcecffe7191.8a3f8d68a2787318f5766c32aa446eb3.jpeg,,https://www.walmart.com/ip/Freeze-Dried-Strawberries-1-oz-Pack-of-3/15658501705?classType=REGULAR,,,,,,,,,,,,,{'product_id': '15658501705'},,,,,,,,,,,,,49714,15441,15658501705,42.300898,-71.399471,2026-08-07T02:36:16.199771
2026-08-07T02:36:16.199771,walmart.com,strawberries,420,Wichita Falls Central E Freeway Supercenter,76306,1,25,"Dried Sweetened Strawberries by Its Delish, 2 lbs",,False,,31.99,,,,,,,,4.3,21,,,,,,https://i5.walmartimages.com/seo/Dried-Sweetened-Strawberries-by-Its-Delish-2-lbs_0bca079b-04eb-414b-aec1-2ac63d11f22e.be90c81917c58cecd461b91c7f969c98.jpeg,,https://www.walmart.com/ip/Dried-Sweetened-Strawberries-by-Its-Delish-2-lbs/125646004?classType=VARIANT,,,,,,,,,,,,,{'product_id': '125646004'},,,,,,,,,,,,,49714,15441,125646004,33.950984,-98.529292,2026-08-07T02:36:16.199771
2026-08-07T02:36:16.199771,walmart.com,strawberries,5403,Urbana Supercenter,61802,1,26,AUSPITEE Freeze Dried Strawberry Slices 140g(4.94oz) Pure Natural Dry Fruit for Snacks Cooking Yogurt,,False,,15.17,,,,,,,,4.9,12,,,,,,https://i5.walmartimages.com/seo/AUSPITEE-Freeze-Dried-Strawberry-Slices-140g-4-94oz-Pure-Natural-Dry-Fruit-for-Snacks-Cooking-Yogurt_d991d288-c41e-455e-b2a8-8d185831cf0f.26ac3d92f57094da5c9726586556629e.png,,https://www.walmart.com/ip/AUSPITEE-Freeze-Dried-Strawberry-Slices-140g-4-94oz-Pure-Natural-Dry-Fruit-for-Snacks-Cooking-Yogurt/18870622303?classType=REGULAR,,,,,,,,,,,,,{'product_id': '18870622303'},,,,,,,,,,,,,49714,15441,18870622303,40.111637,-88.159385,2026-08-07T02:36:16.199771
2026-08-07T02:36:16.199771,walmart.com,strawberries,420,Wichita Falls Central E Freeway Supercenter,76306,1,26,(Pack of 6) Sunny Fruit Organic Dried Strawberries 3.5 Oz,,False,,56.99,,,,,,,,0.0,0,,,,,,https://i5.walmartimages.com/seo/Pack-of-6-Sunny-Fruit-Organic-Dried-Strawberries-3-5-Oz_9ef053f8-715c-4628-be2c-c3d0f07aaa13.9816c17d234de0f2e9bd50888c3fb870.png,,https://www.walmart.com/ip/Pack-of-6-Sunny-Fruit-Organic-Dried-Strawberries-3-5-Oz/18243070086?classType=VARIANT,,,,,,,,,,,,,{'product_id': '18243070086'},,,,,,,,,,,,,49714,15441,18243070086,33.950984,-98.529292,2026-08-07T02:36:16.199771
2026-08-07T02:36:16.199771,walmart.com,strawberries,420,Wichita Falls Central E Freeway Supercenter,76306,1,27,"Freeze-Dried Whole Strawberries, Unsliced | Family Party Size | 8 Ounce",,False,,20.46,,,,,,,,5.0,2,,,,,,https://i5.walmartimages.com/seo/Freeze-Dried-Whole-Strawberries-Unsliced-Family-Party-Size-8-Ounce_f9a710fc-03c3-48a5-aaf6-ba9eae862097.49482392ec5b1fa61f480aa82519a84b.png,,https://www.walmart.com/ip/Freeze-Dried-Whole-Strawberries-Unsliced-Family-Party-Size-8-Ounce/15228253752?classType=REGULAR,,,,,,,,,,,,,{'product_id': '15228253752'},,,,,,,,,,,,,49714,15441,15228253752,33.950984,-98.529292,2026-08-07T02:36:16.199771
2026-08-07T02:36:16.199771,walmart.com,strawberries,420,Wichita Falls Central E Freeway Supercenter,76306,1,24,"NY SPICE SHOP Whole Dried Strawberries - 3 Pound - Dried Whole Strawberries - Chewy Strawberry Treats - Dried Strawberry Snacks - Vibrant Whole Berry Treats for Toppings, Mixes & Everyday Use",,False,,47.99,,,,,,,,4.2,28,,,,,,https://i5.walmartimages.com/seo/NY-SPICE-SHOP-Dried-Whole-Strawberry-3-Pound-Dried-Strawberries-Natural-Dry-Fruits_701123a9-32bd-44a8-8be6-2be21a242276.dd65300a86f2462349f3fac8d30d0db7.jpeg,,https://www.walmart.com/ip/NY-SPICE-SHOP-Dried-Whole-Strawberry-3-Pound-Dried-Strawberries-Natural-Dry-Fruits/3144525957?classType=VARIANT,,,,,,,,,,,,,{'product_id': '3144525957'},,,,,,,,,,,,,49714,15441,3144525957,33.950984,-98.529292,2026-08-07T02:36:16.199771
2026-08-07T02:36:16.199771,walmart.com,strawberries,2902,Framingham Store,01701,1,33,(2 packs) Trader Joe's Freeze Dried Strawberries Unsweetened Unsulfured Strawberry (2x1.2oz),,False,,17.24,,,,,,,,2.7,6,,,,,,https://i5.walmartimages.com/seo/2-packs-Trader-Joe-s-Freeze-Dried-Strawberries-Unsweetened-Unsulfured-Strawberry-2x1-2oz_ce67e652-991a-457f-8e8d-e51fa13d6273.8990ea0539878b364c2bc2aaa740af3f.png,,https://www.walmart.com/ip/2-packs-Trader-Joe-s-Freeze-Dried-Strawberries-Unsweetened-Unsulfured-Strawberry-2x1-2oz/15744420405?classType=REGULAR,,,,,,,,,,,,,{'product_id': '15744420405'},,,,,,,,,,,,,49714,15441,15744420405,42.300898,-71.399471,2026-08-07T02:36:16.199771
2026-08-07T02:36:16.199771,walmart.com,strawberries,5403,Urbana Supercenter,61802,1,27,"Balance of Nature Freeze-Dried Strawberries (5 Pack)  100% Real Fruit, Crunchy Strawberry Slices, Healthy Snack, Mouthwatering Nutrition, Gluten-Free, Vegan, No Sugar Added, Five 1.6 oz Bags",,False,,29.99,,,,,,,,3.0,4,,,,,,https://i5.walmartimages.com/seo/Balance-of-Nature-Freeze-Dried-Strawberries-No-Sugar-Added-1-6-oz-5-Pack_44ca59a2-73f7-4a04-87a9-589b1fc80351.1806b4a82ccc5e460fb3b932d8e32e60.jpeg,,https://www.walmart.com/ip/Balance-of-Nature-Freeze-Dried-Strawberries-No-Sugar-Added-1-6-oz-5-Pack/19690119699?classType=VARIANT,,,,,,,,,,,,,{'product_id': '19690119699'},,,,,,,,,,,,,49714,15441,19690119699,40.111637,-88.159385,2026-08-07T02:36:16.199771
2026-08-07T02:36:16.199771,walmart.com,strawberries,2902,Framingham Store,01701,1,34,Freeze Dried Strawberry Slices 3 oz,,False,,18.97,,,,,,,,0.0,0,,,,,,https://i5.walmartimages.com/seo/Freeze-Dried-Strawberry-Slices-3-oz_e149e320-fb18-48b7-87f2-3ab2d9693507.2b67ea0ad3befb198f7a21d453cff89e.webp,,https://www.walmart.com/ip/Freeze-Dried-Strawberry-Slices-3-oz/15055153939?classType=REGULAR,,,,,,,,,,,,,{'product_id': '15055153939'},,,,,,,,,,,,,49714,15441,15055153939,42.300898,-71.399471,2026-08-07T02:36:16.199771
2026-08-07T02:36:16.199771,walmart.com,strawberries,5403,Urbana Supercenter,61802,1,29,"Freeze-Dried Whole Strawberries, Unsliced | Family Party Size | 8 Ounce",,False,,20.46,,,,,,,,5.0,2,,,,,,https://i5.walmartimages.com/seo/Freeze-Dried-Whole-Strawberries-Unsliced-Family-Party-Size-8-Ounce_f9a710fc-03c3-48a5-aaf6-ba9eae862097.49482392ec5b1fa61f480aa82519a84b.png,,https://www.walmart.com/ip/Freeze-Dried-Whole-Strawberries-Unsliced-Family-Party-Size-8-Ounce/15228253752?classType=REGULAR,,,,,,,,,,,,,{'product_id': '15228253752'},,,,,,,,,,,,,49714,15441,15228253752,40.111637,-88.159385,2026-08-07T02:36:16.199771
2026-08-07T02:36:16.199771,walmart.com,strawberries,5403,Urbana Supercenter,61802,1,28,"Simply Nature Freeze Dried Strawberries Snack Pack Non-GMO, 6 Count, 2.1 Oz",,False,,19.99,,,,,,,,0.0,0,,,,,,https://i5.walmartimages.com/seo/Simply-Nature-Freeze-Dried-Strawberries-Snack-Pack-Non-GMO-6-Count-2-1-Oz_533640c2-5341-44cd-80c0-c88b0f0d4990.a02ba57972cfc49236f01780483abfeb.jpeg,,https://www.walmart.com/ip/Simply-Nature-Freeze-Dried-Strawberries-Snack-Pack-Non-GMO-6-Count-2-1-Oz/19868921819?classType=REGULAR,,,,,,,,,,,,,{'product_id': '19868921819'},,,,,,,,,,,,,49714,15441,19868921819,40.111637,-88.159385,2026-08-07T02:36:16.199771
2026-08-07T02:36:16.199771,walmart.com,strawberries,2902,Framingham Store,01701,1,35,"Freeze Dried Strawberries, 1 oz- Pack of 2",,False,,18.95,,,,,,,,0.0,0,,,,,,https://i5.walmartimages.com/seo/Freeze-Dried-Strawberries-1-oz-Pack-of-2_1f1324c9-2366-4ced-8315-3dcecffe7191.8a3f8d68a2787318f5766c32aa446eb3.jpeg,,https://www.walmart.com/ip/Freeze-Dried-Strawberries-1-oz-Pack-of-2/15691618473?classType=REGULAR,,,,,,,,,,,,,{'product_id': '15691618473'},,,,,,,,,,,,,49714,15441,15691618473,42.300898,-71.399471,2026-08-07T02:36:16.199771
2026-08-07T02:36:16.199771,walmart.com,strawberries,420,Wichita Falls Central E Freeway Supercenter,76306,1,32,Fresh and Honest Foods 100% All Natural Freeze Dried Strawberries 6.3 OZ #10 Can,,False,,32.0,,,,,,,,3.8,5,,,,,,https://i5.walmartimages.com/seo/Fresh-and-Honest-Foods-100-All-Natural-Freeze-Dried-Strawberries-6-3-OZ-10-Can_d87f043b-b6be-4047-97cc-650f843d5782_2.4f26e6f398c50cf6cddfa3d36c9fb086.jpeg,,https://www.walmart.com/ip/Fresh-and-Honest-Foods-100-All-Natural-Freeze-Dried-Strawberries-6-3-OZ-10-Can/517722278?classType=REGULAR,,,,,,,,,,,,,{'product_id': '517722278'},,,,,,,,,,,,,49714,15441,517722278,33.950984,-98.529292,2026-08-07T02:36:16.199771
2026-08-07T02:36:16.199771,walmart.com,strawberries,2902,Framingham Store,01701,1,39,(Pack of 6) Sunny Fruit Organic Dried Strawberries 3.5 Oz,,False,,56.99,,,,,,,,0.0,0,,,,,,https://i5.walmartimages.com/seo/Pack-of-6-Sunny-Fruit-Organic-Dried-Strawberries-3-5-Oz_9ef053f8-715c-4628-be2c-c3d0f07aaa13.9816c17d234de0f2e9bd50888c3fb870.png,,https://www.walmart.com/ip/Pack-of-6-Sunny-Fruit-Organic-Dried-Strawberries-3-5-Oz/18243070086?classType=VARIANT,,,,,,,,,,,,,{'product_id': '18243070086'},,,,,,,,,,,,,49714,15441,18243070086,42.300898,-71.399471,2026-08-07T02:36:16.199771
2026-08-07T02:36:16.199771,walmart.com,strawberries,5403,Urbana Supercenter,61802,1,33,"Organic Freeze-Dried Strawberries, 8 Ounces - Non-GMO, Kosher, Bulk - by Food to Live",,False,,38.75,,,,,,,,4.3,3,,,,,,https://i5.walmartimages.com/seo/Organic-Freeze-Dried-Strawberries-8-Ounces-Non-GMO-Kosher-Bulk-by-Food-to-Live_d64ce187-d447-49f0-9a3f-a51342d2b4e6.0825b13b0b937c64c61aba29d9739d74.jpeg,,https://www.walmart.com/ip/Organic-Freeze-Dried-Strawberries-8-Ounces-Non-GMO-Kosher-Bulk-by-Food-to-Live/16264674047?classType=VARIANT,,,,,,,,,,,,,{'product_id': '16264674047'},,,,,,,,,,,,,49714,15441,16264674047,40.111637,-88.159385,2026-08-07T02:36:16.199771
2026-08-07T02:36:16.199771,walmart.com,strawberries,420,Wichita Falls Central E Freeway Supercenter,76306,1,28,"Dried Sweetened Strawberries by Its Delish, 5 lbs",,False,,57.99,,,,,,,,4.3,21,,,,,,https://i5.walmartimages.com/seo/Dried-Sweetened-Strawberries-by-Its-Delish-5-lbs_4eccefce-4bec-4c2b-b576-9771063436c0.a967e7c8cd3dfcf595bfa72e97624bfd.jpeg,,https://www.walmart.com/ip/Dried-Sweetened-Strawberries-by-Its-Delish-5-lbs/718134255?classType=VARIANT,,,,,,,,,,,,,{'product_id': '718134255'},,,,,,,,,,,,,49714,15441,718134255,33.950984,-98.529292,2026-08-07T02:36:16.199771
2026-08-07T02:36:16.199771,walmart.com,strawberries,420,Wichita Falls Central E Freeway Supercenter,76306,1,29,"Volupta Premium Freeze Dried Strawberries, 5 Ounce",,False,,19.4,,,,,,,,2.0,3,,,,,,https://i5.walmartimages.com/seo/Volupta-Premium-Freeze-Dried-Strawberries-5-Ounce_f82a97d4-be5f-470d-86b7-59447a70118a.601ef7638f88e8073e38b369c0e5a7e7.jpeg,,https://www.walmart.com/ip/Volupta-Premium-Freeze-Dried-Strawberries-5-Ounce/17360007609?classType=REGULAR,,,,,,,,,,,,,{'product_id': '17360007609'},,,,,,,,,,,,,49714,15441,17360007609,33.950984,-98.529292,2026-08-07T02:36:16.199771
2026-08-07T02:36:16.199771,walmart.com,strawberries,2902,Framingham Store,01701,1,38,"Augason Farms Freeze Dried Sliced Strawberries Resealable Bulk Pouch, Family Size, Emergency Food Supply, Everyday Meals, 20 Servings",,False,,21.68,,,,,,,,4.6,31,,,,,,https://i5.walmartimages.com/seo/AF-Strawberry-Slices-FD-PC-7oz_db6c12b6-f2cd-403b-8f9c-b5f81914655a.b5e787776490746e5fbffaae1dd01923.jpeg,,https://www.walmart.com/ip/AF-Strawberry-Slices-FD-PC-7oz/16681956790?classType=REGULAR,,,,,,,,,,,,,{'product_id': '16681956790'},,,,,,,,,,,,,49714,15441,16681956790,42.300898,-71.399471,2026-08-07T02:36:16.199771
2026-08-07T02:36:16.199771,walmart.com,strawberries,420,Wichita Falls Central E Freeway Supercenter,76306,1,33,"Organic Freeze-Dried Strawberries, 8 Ounces - Non-GMO, Kosher, Bulk - by Food to Live",,False,,38.75,,,,,,,,4.3,3,,,,,,https://i5.walmartimages.com/seo/Organic-Freeze-Dried-Strawberries-8-Ounces-Non-GMO-Kosher-Bulk-by-Food-to-Live_d64ce187-d447-49f0-9a3f-a51342d2b4e6.0825b13b0b937c64c61aba29d9739d74.jpeg,,https://www.walmart.com/ip/Organic-Freeze-Dried-Strawberries-8-Ounces-Non-GMO-Kosher-Bulk-by-Food-to-Live/16264674047?classType=VARIANT,,,,,,,,,,,,,{'product_id': '16264674047'},,,,,,,,,,,,,49714,15441,16264674047,33.950984,-98.529292,2026-08-07T02:36:16.199771
2026-08-07T02:36:16.199771,walmart.com,strawberries,2902,Framingham Store,01701,1,40,"Fresh Strawberries, 1 lb Container",,False,['Best seller'],2.38,,,,,,,,3.8,167998,,,,,,https://i5.walmartimages.com/seo/Fresh-Strawberries-1-lb-Container_b54a64ad-e961-46cf-b60c-bc763716fb0b.a481cdfd237c5ab5438d5c9e90bead07.jpeg,,https://www.walmart.com/ip/Fresh-Strawberries-1-lb-Container/44391605?classType=REGULAR&athbdg=L1200,,,,,,,,,,,,,{'product_id': '44391605'},,,,,,,,,,,,,49714,15441,44391605,42.300898,-71.399471,2026-08-07T02:36:16.199771
2026-08-07T02:36:16.199771,walmart.com,strawberries,2902,Framingham Store,01701,1,36,"NY SPICE SHOP Whole Dried Strawberries - 3 Pound - Dried Whole Strawberries - Chewy Strawberry Treats - Dried Strawberry Snacks - Vibrant Whole Berry Treats for Toppings, Mixes & Everyday Use",,False,,47.99,,,,,,,,4.2,28,,,,,,https://i5.walmartimages.com/seo/NY-SPICE-SHOP-Dried-Whole-Strawberry-3-Pound-Dried-Strawberries-Natural-Dry-Fruits_701123a9-32bd-44a8-8be6-2be21a242276.dd65300a86f2462349f3fac8d30d0db7.jpeg,,https://www.walmart.com/ip/NY-SPICE-SHOP-Dried-Whole-Strawberry-3-Pound-Dried-Strawberries-Natural-Dry-Fruits/3144525957?classType=VARIANT,,,,,,,,,,,,,{'product_id': '3144525957'},,,,,,,,,,,,,49714,15441,3144525957,42.300898,-71.399471,2026-08-07T02:36:16.199771
2026-08-07T02:36:16.199771,walmart.com,strawberries,420,Wichita Falls Central E Freeway Supercenter,76306,1,31,"Happy Village Organic Soft Dried Strawberries On the Go, 15 x 1 oz Packs",,False,,28.99,,,,,,,,4.5,54,,,,,,https://i5.walmartimages.com/seo/Happy-Village-Organic-Soft-Dried-Strawberries-Go-3-Bags-15-Individual-Portion-Packs-Healthy-Organic-Non-GMO-Vegan-Kosher-Gluten-Free-Snack-Packs_7b721f74-6032-4434-889a-fb812d853b05.3f871b7fe4174b82bea6bd8b11ccb174.jpeg,,https://www.walmart.com/ip/Happy-Village-Organic-Soft-Dried-Strawberries-Go-3-Bags-15-Individual-Portion-Packs-Healthy-Organic-Non-GMO-Vegan-Kosher-Gluten-Free-Snack-Packs/19266959536?classType=VARIANT,,,,,,,,,,,,,{'product_id': '19266959536'},,,,,,,,,,,,,49714,15441,19266959536,33.950984,-98.529292,2026-08-07T02:36:16.199771
2026-08-07T02:36:16.199771,walmart.com,strawberries,420,Wichita Falls Central E Freeway Supercenter,76306,1,36,"2PK - Simply Nature Freeze Dried Strawberries, 1.2 oz",,False,,18.35,,,,,,,,5.0,2,,,,,,https://i5.walmartimages.com/seo/2PK-Simply-Nature-Freeze-Dried-Strawberries-1-2-oz_59b8931c-340c-4afe-a5d5-75a5cf47a4b3.30753aca40d5eb78083c106e9fe62b1e.jpeg,,https://www.walmart.com/ip/2PK-Simply-Nature-Freeze-Dried-Strawberries-1-2-oz/13515070098?classType=REGULAR,,,,,,,,,,,,,{'product_id': '13515070098'},,,,,,,,,,,,,49714,15441,13515070098,33.950984,-98.529292,2026-08-07T02:36:16.199771
2026-08-07T02:36:16.199771,walmart.com,strawberries,5403,Urbana Supercenter,61802,1,30,"Volupta Premium Freeze Dried Strawberries, 5 Ounce",,False,,19.4,,,,,,,,2.0,3,,,,,,https://i5.walmartimages.com/seo/Volupta-Premium-Freeze-Dried-Strawberries-5-Ounce_f82a97d4-be5f-470d-86b7-59447a70118a.601ef7638f88e8073e38b369c0e5a7e7.jpeg,,https://www.walmart.com/ip/Volupta-Premium-Freeze-Dried-Strawberries-5-Ounce/17360007609?classType=REGULAR,,,,,,,,,,,,,{'product_id': '17360007609'},,,,,,,,,,,,,49714,15441,17360007609,40.111637,-88.159385,2026-08-07T02:36:16.199771
2026-08-07T02:36:16.199771,walmart.com,strawberries,420,Wichita Falls Central E Freeway Supercenter,76306,1,30,"Organic Freeze-Dried Strawberries, 1 Ounce  Non-GMO, Kosher, Bulk - by Food to Live",,False,,11.99,,,,,,,,4.3,3,,,,,,https://i5.walmartimages.com/seo/Organic-Freeze-Dried-Strawberries-1-Ounce-Non-GMO-Kosher-Bulk-by-Food-to-Live_63fc0cbc-4388-4433-9487-6c52e174b6c8.0d7dd8a20e056c67462845aa964a28c9.jpeg,,https://www.walmart.com/ip/Organic-Freeze-Dried-Strawberries-1-Ounce-Non-GMO-Kosher-Bulk-by-Food-to-Live/16294167610?classType=VARIANT,,,,,,,,,,,,,{'product_id': '16294167610'},,,,,,,,,,,,,49714,15441,16294167610,33.950984,-98.529292,2026-08-07T02:36:16.199771
2026-08-07T02:36:16.199771,walmart.com,strawberries,2902,Framingham Store,01701,1,37,Pack of 3 - TJs Freeze Dried Strawberries 1.2 Oz,,False,,29.95,,,,,,,,0.0,0,,,,,,https://i5.walmartimages.com/seo/Pack-of-3-TJs-Freeze-Dried-Strawberries-1-2-Oz_b3d34fd9-d717-4204-8295-11d2cee5da2b.93e60c689bcb8ef6effa58ae6474c4cc.jpeg,,https://www.walmart.com/ip/Pack-of-3-TJs-Freeze-Dried-Strawberries-1-2-Oz/15491158084?classType=REGULAR,,,,,,,,,,,,,{'product_id': '15491158084'},,,,,,,,,,,,,49714,15441,15491158084,42.300898,-71.399471,2026-08-07T02:36:16.199771
2026-08-07T02:36:16.199771,walmart.com,strawberries,5403,Urbana Supercenter,61802,1,31,Future Essentials Freeze Dried Long Shelf Life Emergency Food Sliced Strawberries #2.5/ 2.2oz/Can- 12 Cans,,False,,249.0,,,,,,,,0.0,0,,,,,,https://i5.walmartimages.com/seo/Future-Essentials-Freeze-Dried-Long-Shelf-Life-Emergency-Food-Sliced-Strawberries-2-5-2-2oz-Can-12-Cans_232eed1c-6312-4173-8cde-41b7d7f02d2f.c7cae552b54b61b1a7200d5fbf3cfe64.png,,https://www.walmart.com/ip/Future-Essentials-Freeze-Dried-Long-Shelf-Life-Emergency-Food-Sliced-Strawberries-2-5-2-2oz-Can-12-Cans/1175074664?classType=REGULAR,,,,,,,,,,,,,{'product_id': '1175074664'},,,,,,,,,,,,,49714,15441,1175074664,40.111637,-88.159385,2026-08-07T02:36:16.199771
2026-08-07T02:36:16.199771,walmart.com,strawberries,5403,Urbana Supercenter,61802,1,32,"BEAR Fruit Dried Strawberries 90g, Imported from Britain",,False,,24.39,,,,,,,,0.0,0,,,,,,https://i5.walmartimages.com/seo/BEAR-Fruit-Dried-Strawberries-90g-Imported-from-Britain_24109d45-4fa4-4d8f-98dd-24b88ca73faf.75f18c46df9b64c36eff130b44f60199.jpeg,,https://www.walmart.com/ip/BEAR-Fruit-Dried-Strawberries-90g-Imported-from-Britain/19682817460?classType=REGULAR,,,,,,,,,,,,,{'product_id': '19682817460'},,,,,,,,,,,,,49714,15441,19682817460,40.111637,-88.159385,2026-08-07T02:36:16.199771
2026-08-07T02:36:16.199771,walmart.com,strawberries,5403,Urbana Supercenter,61802,1,34,"CHAVI Freeze-Dried Strawberry  - Healthy 1 Ingredient Superfood - No Added Sugars or Preservatives - Non-GMO, Vegan, Gluten-Free | Long Shelf Life |",,False,,11.99,,,,,,,,3.9,8,,,,,,https://i5.walmartimages.com/seo/CHAVI-Freeze-Dried-Strawberry-Healthy-1-Ingredient-Superfood-Added-Sugars-Preservatives-Non-GMO-Vegan-Gluten-Free-Long-Shelf-Life-2-oz-Can_e536d0a3-2be0-46d9-a566-2155f902d147.2dddd19de52f56dbe5aca655f7781cbf.png,,https://www.walmart.com/ip/CHAVI-Freeze-Dried-Strawberry-Healthy-1-Ingredient-Superfood-Added-Sugars-Preservatives-Non-GMO-Vegan-Gluten-Free-Long-Shelf-Life-2-oz-Can/19870263158?classType=REGULAR,,,,,,,,,,,,,{'product_id': '19870263158'},,,,,,,,,,,,,49714,15441,19870263158,40.111637,-88.159385,2026-08-07T02:36:16.199771
2026-08-07T02:36:16.199771,walmart.com,strawberries,420,Wichita Falls Central E Freeway Supercenter,76306,1,34,Simply Nature NON-GMO Freeze Dried Strawberries 1.0oz 28g (2 Bags),,False,,15.99,,,,,,,,0.0,0,,,,,,https://i5.walmartimages.com/seo/Simply-Nature-NON-GMO-Freeze-Dried-Strawberries-1-0oz-28g-2-Bags_5cffe8f3-8548-4168-bf17-0489ba23fe18.79ec6d8b66e562a3406106ef84426494.jpeg,,https://www.walmart.com/ip/Simply-Nature-NON-GMO-Freeze-Dried-Strawberries-1-0oz-28g-2-Bags/2133632943?classType=REGULAR,,,,,,,,,,,,,{'product_id': '2133632943'},,,,,,,,,,,,,49714,15441,2133632943,33.950984,-98.529292,2026-08-07T02:36:16.199771
2026-08-07T02:36:16.199771,walmart.com,strawberries,5403,Urbana Supercenter,61802,1,35,Simple Truth Freeze-Dried Strawberries 1 oz. (Pack of 2),,False,,24.97,,,,,,,,5.0,1,,,,,,https://i5.walmartimages.com/seo/Simple-Truth-Freeze-Dried-Strawberries-1-oz-Pack-of-2_0db64d4e-bb3f-4019-bfd6-4d8f4cd3a572.8b1dcabee0e07b8383d529a82afbc50a.jpeg,,https://www.walmart.com/ip/Simple-Truth-Freeze-Dried-Strawberries-1-oz-Pack-of-2/970066855?classType=REGULAR,,,,,,,,,,,,,{'product_id': '970066855'},,,,,,,,,,,,,49714,15441,970066855,40.111637,-88.159385,2026-08-07T02:36:16.199771
2026-08-07T02:36:16.199771,walmart.com,strawberries,420,Wichita Falls Central E Freeway Supercenter,76306,1,35,WinCrest Dried Candied Strawberries - 5 Lb Case,,False,,54.99,,,,,,,,0.0,0,,,,,,https://i5.walmartimages.com/seo/WinCrest-Dried-Candied-Strawberries-5-Lb-Case_cfbb5c30-836b-4337-bbb4-6a1a07d977fe.0151e29d92dadeee3cbaf26103ad5ec4.jpeg,,https://www.walmart.com/ip/WinCrest-Dried-Candied-Strawberries-5-Lb-Case/2155949213?classType=REGULAR,,,,,,,,,,,,,{'product_id': '2155949213'},,,,,,,,,,,,,49714,15441,2155949213,33.950984,-98.529292,2026-08-07T02:36:16.199771
2026-08-07T02:36:16.199771,walmart.com,strawberries,5403,Urbana Supercenter,61802,1,37,Karen's Naturals Organic Just Strawberries 0.8 oz,,False,,9.56,,,,,,,,4.3,3,,,,,,https://i5.walmartimages.com/seo/Karens-Naturals-Karens-Naturals-Just-Strawberries-1-2-oz_4fafe290-dfc7-4f28-b014-f1240386d7c3.50cf957f13a2411833d8d3d3456cb0e7.jpeg,,https://www.walmart.com/ip/Karens-Naturals-Karens-Naturals-Just-Strawberries-1-2-oz/330141177?classType=REGULAR,,,,,,,,,,,,,{'product_id': '330141177'},,,,,,,,,,,,,49714,15441,330141177,40.111637,-88.159385,2026-08-07T02:36:16.199771
2026-08-07T02:36:16.199771,walmart.com,strawberries,5403,Urbana Supercenter,61802,1,38,"Freeze Dried Strawberries, 1 oz- Pack of 3",,False,,21.99,,,,,,,,0.0,0,,,,,,https://i5.walmartimages.com/seo/Freeze-Dried-Strawberries-1-oz-Pack-of-3_1f1324c9-2366-4ced-8315-3dcecffe7191.8a3f8d68a2787318f5766c32aa446eb3.jpeg,,https://www.walmart.com/ip/Freeze-Dried-Strawberries-1-oz-Pack-of-3/15658501705?classType=REGULAR,,,,,,,,,,,,,{'product_id': '15658501705'},,,,,,,,,,,,,49714,15441,15658501705,40.111637,-88.159385,2026-08-07T02:36:16.199771
2026-08-07T02:36:16.199771,walmart.com,strawberries,420,Wichita Falls Central E Freeway Supercenter,76306,1,39,"Simply Nature Freeze Dried Strawberries Snack Pack Non-GMO, 6 Count, 2.1 Oz",,False,,19.99,,,,,,,,0.0,0,,,,,,https://i5.walmartimages.com/seo/Simply-Nature-Freeze-Dried-Strawberries-Snack-Pack-Non-GMO-6-Count-2-1-Oz_533640c2-5341-44cd-80c0-c88b0f0d4990.a02ba57972cfc49236f01780483abfeb.jpeg,,https://www.walmart.com/ip/Simply-Nature-Freeze-Dried-Strawberries-Snack-Pack-Non-GMO-6-Count-2-1-Oz/19868921819?classType=REGULAR,,,,,,,,,,,,,{'product_id': '19868921819'},,,,,,,,,,,,,49714,15441,19868921819,33.950984,-98.529292,2026-08-07T02:36:16.199771
2026-08-07T02:36:16.199771,walmart.com,strawberries,5403,Urbana Supercenter,61802,1,36,(2 packs) Trader Joe's Freeze Dried Strawberries Unsweetened Unsulfured Strawberry (2x1.2oz),,False,,17.24,,,,,,,,2.7,6,,,,,,https://i5.walmartimages.com/seo/2-packs-Trader-Joe-s-Freeze-Dried-Strawberries-Unsweetened-Unsulfured-Strawberry-2x1-2oz_ce67e652-991a-457f-8e8d-e51fa13d6273.8990ea0539878b364c2bc2aaa740af3f.png,,https://www.walmart.com/ip/2-packs-Trader-Joe-s-Freeze-Dried-Strawberries-Unsweetened-Unsulfured-Strawberry-2x1-2oz/15744420405?classType=REGULAR,,,,,,,,,,,,,{'product_id': '15744420405'},,,,,,,,,,,,,49714,15441,15744420405,40.111637,-88.159385,2026-08-07T02:36:16.199771
2026-08-07T02:36:16.199771,walmart.com,strawberries,420,Wichita Falls Central E Freeway Supercenter,76306,1,38,Simple Truth Freeze-Dried Strawberries 1 oz. (Pack of 2),,False,,24.97,,,,,,,,5.0,1,,,,,,https://i5.walmartimages.com/seo/Simple-Truth-Freeze-Dried-Strawberries-1-oz-Pack-of-2_0db64d4e-bb3f-4019-bfd6-4d8f4cd3a572.8b1dcabee0e07b8383d529a82afbc50a.jpeg,,https://www.walmart.com/ip/Simple-Truth-Freeze-Dried-Strawberries-1-oz-Pack-of-2/970066855?classType=REGULAR,,,,,,,,,,,,,{'product_id': '970066855'},,,,,,,,,,,,,49714,15441,970066855,33.950984,-98.529292,2026-08-07T02:36:16.199771
2026-08-07T02:36:16.199771,walmart.com,strawberries,5403,Urbana Supercenter,61802,1,39,Freeze Dried Strawberry Slices 3 oz,,False,,18.97,,,,,,,,0.0,0,,,,,,https://i5.walmartimages.com/seo/Freeze-Dried-Strawberry-Slices-3-oz_e149e320-fb18-48b7-87f2-3ab2d9693507.2b67ea0ad3befb198f7a21d453cff89e.webp,,https://www.walmart.com/ip/Freeze-Dried-Strawberry-Slices-3-oz/15055153939?classType=REGULAR,,,,,,,,,,,,,{'product_id': '15055153939'},,,,,,,,,,,,,49714,15441,15055153939,40.111637,-88.159385,2026-08-07T02:36:16.199771
2026-08-07T02:36:16.199771,walmart.com,strawberries,420,Wichita Falls Central E Freeway Supercenter,76306,1,37,"BEAR Fruit Dried Strawberries 90g, Imported from Britain",,False,,24.39,,,,,,,,0.0,0,,,,,,https://i5.walmartimages.com/seo/BEAR-Fruit-Dried-Strawberries-90g-Imported-from-Britain_24109d45-4fa4-4d8f-98dd-24b88ca73faf.75f18c46df9b64c36eff130b44f60199.jpeg,,https://www.walmart.com/ip/BEAR-Fruit-Dried-Strawberries-90g-Imported-from-Britain/19682817460?classType=REGULAR,,,,,,,,,,,,,{'product_id': '19682817460'},,,,,,,,,,,,,49714,15441,19682817460,33.950984,-98.529292,2026-08-07T02:36:16.199771
2026-08-07T02:36:16.199771,walmart.com,strawberries,5403,Urbana Supercenter,61802,1,40,"Freeze Dried Strawberries, 1 oz- Pack of 2",,False,,18.95,,,,,,,,0.0,0,,,,,,https://i5.walmartimages.com/seo/Freeze-Dried-Strawberries-1-oz-Pack-of-2_1f1324c9-2366-4ced-8315-3dcecffe7191.8a3f8d68a2787318f5766c32aa446eb3.jpeg,,https://www.walmart.com/ip/Freeze-Dried-Strawberries-1-oz-Pack-of-2/15691618473?classType=REGULAR,,,,,,,,,,,,,{'product_id': '15691618473'},,,,,,,,,,,,,49714,15441,15691618473,40.111637,-88.159385,2026-08-07T02:36:16.199771
2026-08-07T02:36:16.199771,walmart.com,strawberries,420,Wichita Falls Central E Freeway Supercenter,76306,1,40,"Balance of Nature Freeze-Dried Strawberries (5 Pack)  100% Real Fruit, Crunchy Strawberry Slices, Healthy Snack, Mouthwatering Nutrition, Gluten-Free, Vegan, No Sugar Added, Five 1.6 oz Bags",,False,,29.99,,,,,,,,3.0,4,,,,,,https://i5.walmartimages.com/seo/Balance-of-Nature-Freeze-Dried-Strawberries-No-Sugar-Added-1-6-oz-5-Pack_44ca59a2-73f7-4a04-87a9-589b1fc80351.1806b4a82ccc5e460fb3b932d8e32e60.jpeg,,https://www.walmart.com/ip/Balance-of-Nature-Freeze-Dried-Strawberries-No-Sugar-Added-1-6-oz-5-Pack/19690119699?classType=VARIANT,,,,,,,,,,,,,{'product_id': '19690119699'},,,,,,,,,,,,,49714,15441,19690119699,33.950984,-98.529292,2026-08-07T02:36:16.199771
2026-08-07T02:36:16.199771,walmart.com,strawberries,5027,Lancaster Supercenter,14043,1,1,"Fresh Strawberries, 1 lb Container",,False,['Overall pick'],2.38,,,,,,,,3.8,167998,,,,,,https://i5.walmartimages.com/seo/Fresh-Strawberries-1-lb-Container_b54a64ad-e961-46cf-b60c-bc763716fb0b.a481cdfd237c5ab5438d5c9e90bead07.jpeg,,https://www.walmart.com/ip/Fresh-Strawberries-1-lb-Container/44391605?classType=REGULAR&athbdg=L1200,,,,,,,,,,,,,{'product_id': '44391605'},,,,,,,,,,,,,49714,15441,44391605,42.882479,-78.694009,2026-08-07T02:36:16.199771
2026-08-07T02:36:16.199771,walmart.com,strawberries,5027,Lancaster Supercenter,14043,1,2,"Fresh Strawberries, 2 lb Container",,False,['Best seller'],4.52,,,,,,,,3.9,92419,,,,,,https://i5.walmartimages.com/seo/Fresh-Strawberries-2-lb-Container_dd2bcd97-25af-4a91-9258-989853e16b2f_1.36dd4f1579a25d423741d9970de3ddac.jpeg,,https://www.walmart.com/ip/Fresh-Strawberries-2-lb-Container/22660282?classType=REGULAR&athbdg=L1600,,,,,,,,,,,,,{'product_id': '22660282'},,,,,,,,,,,,,49714,15441,22660282,42.882479,-78.694009,2026-08-07T02:36:16.199771
2026-08-07T02:36:16.199771,walmart.com,strawberries,5027,Lancaster Supercenter,14043,1,3,"Fresh USDA Organic Strawberries, 1 lb Container",,False,['10K+ bought since yesterday'],3.33,,,,,,,,3.6,7254,,,,10000,,https://i5.walmartimages.com/seo/Fresh-USDA-Organic-Strawberries-1-lb-Container_d9df3e2b-85ca-40ea-9580-b907ef043406.a7afdd2ac762c18c954e62a470734b87.png,,https://www.walmart.com/ip/Fresh-USDA-Organic-Strawberries-1-lb-Container/45618183?classType=REGULAR&athbdg=L1102,,,,,,,,,,,,,{'product_id': '45618183'},,,,,,,,,,,,,49714,15441,45618183,42.882479,-78.694009,2026-08-07T02:36:16.199771
2026-08-07T02:36:16.199771,walmart.com,strawberries,5027,Lancaster Supercenter,14043,1,4,"Fresh Strawberries, 8.8 oz Container",,False,['10K+ bought since yesterday'],1.82,,,,,,,,3.8,12567,,,,10000,,https://i5.walmartimages.com/seo/Fresh-Strawberries-8-8-oz-Container_4be7094f-7907-4580-944d-3cd4c0b2d238.ffcf0a1145778a1e5f7c1cabef12c9fd.jpeg,,https://www.walmart.com/ip/Fresh-Strawberries-8-8-oz-Container/1175460573?classType=REGULAR&athbdg=L1102,,,,,,,,,,,,,{'product_id': '1175460573'},,,,,,,,,,,,,49714,15441,1175460573,42.882479,-78.694009,2026-08-07T02:36:16.199771
2026-08-07T02:36:16.199771,walmart.com,strawberries,5027,Lancaster Supercenter,14043,1,7,"Great Value Sliced Strawberries, 64 oz (Frozen)",,False,['5K+ bought since yesterday'],9.82,,,,,,,,4.7,8483,,,,5000,,https://i5.walmartimages.com/seo/Great-Value-Sliced-Strawberries-64-oz-Frozen_bec1b1a6-7179-4139-8b85-bff6202dda70_4.96ef909a06b019e320228b4a7a4f12f3.jpeg,,https://www.walmart.com/ip/Great-Value-Sliced-Strawberries-64-oz-Frozen/672666564?classType=REGULAR&athbdg=L1102,,,,,,,,,,,,,{'product_id': '672666564'},,,,,,,,,,,,,49714,15441,672666564,42.882479,-78.694009,2026-08-07T02:36:16.199771
2026-08-07T02:36:16.199771,walmart.com,strawberries,5027,Lancaster Supercenter,14043,1,9,"Commodity Fruit Whole Strawberry Piece, 30 Pound -- 1 each.",,False,,140.64,,,,,,,,1.0,2,,,,,,https://i5.walmartimages.com/seo/Commodity-Fruit-Whole-Strawberry-Piece-30-Pound-1-each_cea2a115-2819-444e-9e54-0e83bd5459f7.6b7febd8c01e24528174019cb3358daf.jpeg,,https://www.walmart.com/ip/Commodity-Fruit-Whole-Strawberry-Piece-30-Pound-1-each/151247942?classType=REGULAR,,,,,,,,,,,,,{'product_id': '151247942'},,,,,,,,,,,,,49714,15441,151247942,42.882479,-78.694009,2026-08-07T02:36:16.199771
2026-08-07T02:36:16.199771,walmart.com,strawberries,5027,Lancaster Supercenter,14043,1,10,"Great Value Sliced Strawberries with Sugar, 23.2 oz (Frozen)",,False,,5.44,,,,,,,,4.6,2991,,,,,,https://i5.walmartimages.com/seo/Great-Value-Sliced-Strawberries-with-Sugar-23-2-oz-Frozen_76fe351a-4a65-46fb-af6c-3b83443d255b.575c3e87b0b7f3af9a110c3ec34f1f23.jpeg,,https://www.walmart.com/ip/Great-Value-Sliced-Strawberries-with-Sugar-23-2-oz-Frozen/31712521?classType=REGULAR,,,,,,,,,,,,,{'product_id': '31712521'},,,,,,,,,,,,,49714,15441,31712521,42.882479,-78.694009,2026-08-07T02:36:16.199771
2026-08-07T02:36:16.199771,walmart.com,strawberries,5027,Lancaster Supercenter,14043,1,5,"Fresh Hydroponic Grown Strawberries, 1 lb Container",,False,,3.26,,,,,,,,3.2,293,,,,,,https://i5.walmartimages.com/seo/Fresh-Ocean-Spray-Hydroponic-Strawberries-1-lb-Container_b72a1d68-d4a1-4b9f-a42f-a0944ef1b8f9.7921f4e711ab8be32944328c3acbbb27.jpeg,,https://www.walmart.com/ip/Fresh-Ocean-Spray-Hydroponic-Strawberries-1-lb-Container/649701131?classType=REGULAR,,,,,,,,,,,,,{'product_id': '649701131'},,,,,,,,,,,,,49714,15441,649701131,42.882479,-78.694009,2026-08-07T02:36:16.199771
2026-08-07T02:36:16.199771,walmart.com,strawberries,5027,Lancaster Supercenter,14043,1,8,"Great Value Whole Strawberries, 64 oz (Frozen)",,False,,9.42,,,,,,,,4.7,4965,,,,,,https://i5.walmartimages.com/seo/Great-Value-Whole-Strawberries-64-oz-Frozen_c4e4ef22-2d66-413b-939d-565333deaef4.3a82c613d8beefa6a65578be554dbcd1.jpeg,,https://www.walmart.com/ip/Great-Value-Whole-Strawberries-64-oz-Frozen/44389039?classType=REGULAR,,,,,,,,,,,,,{'product_id': '44389039'},,,,,,,,,,,,,49714,15441,44389039,42.882479,-78.694009,2026-08-07T02:36:16.199771
2026-08-07T02:36:16.199771,walmart.com,strawberries,5027,Lancaster Supercenter,14043,1,6,"Great Value Whole Strawberries, 16 oz (Frozen)",,False,['Best seller'],2.86,,,,,,,,4.6,10262,,,,10000,,https://i5.walmartimages.com/seo/GV-Whole-Strawb-16oz_14b5eca6-798a-43fa-91be-f365ec3fc646.f54aab8f1878d45f752a6dfec54dad12.jpeg,,https://www.walmart.com/ip/GV-Whole-Strawb-16oz/10543663?classType=REGULAR&athbdg=L1600,,,,,,,,,,,,,{'product_id': '10543663'},,,,,,,,,,,,,49714,15441,10543663,42.882479,-78.694009,2026-08-07T02:36:16.199771
2026-08-07T02:36:16.199771,walmart.com,strawberries,5027,Lancaster Supercenter,14043,1,13,"Dole Individual Quick Frozen Strawberry, 30 Pound",,False,,158.44,,,,,,,,0.0,0,,,,,,https://i5.walmartimages.com/seo/Dole-Individual-Quick-Frozen-Strawberry-30-Pound_8cd14247-44f8-483b-8d1f-5b3807d2530e.c6cf3586864eb32ac445adf7ae5404a4.jpeg,,https://www.walmart.com/ip/Dole-Individual-Quick-Frozen-Strawberry-30-Pound/1891056080?classType=REGULAR,,,,,,,,,,,,,{'product_id': '1891056080'},,,,,,,,,,,,,49714,15441,1891056080,42.882479,-78.694009,2026-08-07T02:36:16.199771
2026-08-07T02:36:16.199771,walmart.com,strawberries,5027,Lancaster Supercenter,14043,1,14,"bettergoods Organic Dried Strawberries, 5 oz",,False,['Best seller'],7.12,,,,,,,,4.2,499,,,,,,https://i5.walmartimages.com/seo/bettergoods-Organic-Dried-Strawberries-5-oz_6f1d1da0-e77b-4353-af9d-334dea89adee.1dee10be180c621f4fa263c0a4c231b2.jpeg?odnHeight=180&odnWidth=180&odnBg=FFFFFF,,https://www.walmart.com/ip/bettergoods-Organic-Dried-Strawberries-5-oz/5464020048?classType=VARIANT,,,,,,,,,,,,,{'product_id': '5464020048'},,,,,,,,,,,,,49714,15441,5464020048,42.882479,-78.694009,2026-08-07T02:36:16.199771
2026-08-07T02:36:16.199771,walmart.com,strawberries,5027,Lancaster Supercenter,14043,1,11,"Dole Sliced Strawberry, 14 oz, 8 per Case",,False,,86.47,,,,,,,,3.0,1,,,,,,https://i5.walmartimages.com/seo/Dole-Sliced-Strawberry-14-oz-8-per-Case_67628534-7f4c-497d-a9d7-06fb36bfaee9.7e688b4ec63867c0edb58f5d4ae630c7.jpeg,,https://www.walmart.com/ip/Dole-Sliced-Strawberry-14-oz-8-per-Case/645793229?classType=REGULAR,,,,,,,,,,,,,{'product_id': '645793229'},,,,,,,,,,,,,49714,15441,645793229,42.882479,-78.694009,2026-08-07T02:36:16.199771
2026-08-07T02:36:16.199771,walmart.com,strawberries,5027,Lancaster Supercenter,14043,1,12,"Great Value Sliced Strawberries with Sugar, 15.5 oz (Frozen)",,False,,3.96,,,,,,,,4.5,2064,,,,,,https://i5.walmartimages.com/seo/Great-Value-Sliced-Strawberries-with-Sugar-15-5-oz-Frozen_832cb121-7cad-4dee-abb9-cda28cf80e36.f8c09a2e8a252a936220524c8e7e8e76.jpeg,,https://www.walmart.com/ip/Great-Value-Sliced-Strawberries-with-Sugar-15-5-oz-Frozen/22569731?classType=REGULAR,,,,,,,,,,,,,{'product_id': '22569731'},,,,,,,,,,,,,49714,15441,22569731,42.882479,-78.694009,2026-08-07T02:36:16.199771
2026-08-07T02:36:16.199771,walmart.com,strawberries,5027,Lancaster Supercenter,14043,1,15,"Dole Individual Quick Frozen Strawberry, 5 Pound -- 2 per case.",,False,,89.93,,,,,,,,0.0,0,,,,,,https://i5.walmartimages.com/seo/Dole-Individual-Quick-Frozen-Strawberry-5-Pound-2-per-case_42d8a431-e17d-4bfa-9aa0-42c37898c0dc.0cb8f85fe1438eb29183c4d77d78fdc1.jpeg,,https://www.walmart.com/ip/Dole-Individual-Quick-Frozen-Strawberry-5-Pound-2-per-case/960104993?classType=REGULAR,,,,,,,,,,,,,{'product_id': '960104993'},,,,,,,,,,,,,49714,15441,960104993,42.882479,-78.694009,2026-08-07T02:36:16.199771
2026-08-07T02:36:16.199771,walmart.com,strawberries,5027,Lancaster Supercenter,14043,1,16,"(6 pack) Augason Farms Freeze Dried Sliced Strawberries Can - Gluten Free Snack for Baking, Smoothies, and Emergency Storage - Healthy Individual Fruit Snacks – 6.5 Ounces (18 Servings)",,False,,119.88,,,,,,,,0.0,0,,,,,,https://i5.walmartimages.com/seo/6-pack-Augason-Farms-Freeze-Dried-Sliced-Strawberries-6-4-oz-No-10-Can_fa5b1700-d18e-468a-8b17-a539d9eb3981.eefa5a1baf4f027db39f248db9955e10.jpeg?odnHeight=180&odnWidth=180&odnBg=FFFFFF,,https://www.walmart.com/ip/6-pack-Augason-Farms-Freeze-Dried-Sliced-Strawberries-6-4-oz-No-10-Can/15382562000?classType=VARIANT,,,,,,,,,,,,,{'product_id': '15382562000'},,,,,,,,,,,,,49714,15441,15382562000,42.882479,-78.694009,2026-08-07T02:36:16.199771
2026-08-07T02:36:16.199771,walmart.com,strawberries,5027,Lancaster Supercenter,14043,1,17,"Simplot Classic Whole Strawberry Fruit, 10 Pound - 1 each.",,False,,92.56,,,,,,,,0.0,0,,,,,,https://i5.walmartimages.com/seo/Simplot-Classic-Whole-Strawberry-Fruit-10-Pound-1-each_d3090d40-d6c7-4e30-ab24-24511b4a761f.abc4979e5cd2c9e58f7e4692094097a8.jpeg,,https://www.walmart.com/ip/Simplot-Classic-Whole-Strawberry-Fruit-10-Pound-1-each/411691083?classType=REGULAR,,,,,,,,,,,,,{'product_id': '411691083'},,,,,,,,,,,,,49714,15441,411691083,42.882479,-78.694009,2026-08-07T02:36:16.199771
2026-08-07T02:36:16.199771,walmart.com,strawberries,5027,Lancaster Supercenter,14043,1,18,Happy Village Organic Soft Dried Strawberries 18 oz Resealable Pack,,False,,26.01,,,,,,,,4.5,54,,,,,,https://i5.walmartimages.com/seo/Happy-Village-Organic-Whole-Dried-Strawberries-18-OZ-Resealable-Pack-Soft-Juicy-Kosher-Non-GMO-Refined-Sugar-Organic-Apple-Juice-Infused-Organic-Drie_3e3dbd2a-21c8-4b00-b01c-5cc457202f52.4696598a6ed2b3ffa82f594b823d7292.jpeg,,https://www.walmart.com/ip/Happy-Village-Organic-Whole-Dried-Strawberries-18-OZ-Resealable-Pack-Soft-Juicy-Kosher-Non-GMO-No-Refined-Sugar-Apple-Juice-Infused-Strawberry/1676663793?classType=VARIANT,,,,,,,,,,,,,{'product_id': '1676663793'},,,,,,,,,,,,,49714,15441,1676663793,42.882479,-78.694009,2026-08-07T02:36:16.199771
2026-08-07T02:36:16.199771,walmart.com,strawberries,5027,Lancaster Supercenter,14043,1,19,"Dole Sliced Strawberry, 5 Pound - 2 per case.",,False,,98.02,,,,,,,,0.0,0,,,,,,https://i5.walmartimages.com/seo/Dole-Sliced-Strawberry-5-Pound-2-per-case_ee37a60b-9bde-41fc-b0b4-6821632b4320.b77a6366bda2ae0192768cb0e9666c0b.jpeg,,https://www.walmart.com/ip/Dole-Sliced-Strawberry-5-Pound-2-per-case/402465107?classType=REGULAR,,,,,,,,,,,,,{'product_id': '402465107'},,,,,,,,,,,,,49714,15441,402465107,42.882479,-78.694009,2026-08-07T02:36:16.199771
2026-08-07T02:36:16.199771,walmart.com,strawberries,5027,Lancaster Supercenter,14043,1,21,"Organic Freeze-Dried Strawberries, 1 Pound - Non-GMO, Kosher, Bulk - by Food to Live",,False,,74.38,,,,,,,,4.3,3,,,,,,https://i5.walmartimages.com/seo/Organic-Freeze-Dried-Strawberries-1-Pound-Non-GMO-Kosher-Bulk-by-Food-to-Live_c54b2692-2e58-4f54-bddb-ef9ecab4baac.72dd21d51f9c1e9dffffc1d132355130.jpeg,,https://www.walmart.com/ip/Organic-Freeze-Dried-Strawberries-1-Pound-Non-GMO-Kosher-Bulk-by-Food-to-Live/16242366408?classType=VARIANT,,,,,,,,,,,,,{'product_id': '16242366408'},,,,,,,,,,,,,49714,15441,16242366408,42.882479,-78.694009,2026-08-07T02:36:16.199771
2026-08-07T02:36:16.199771,walmart.com,strawberries,5027,Lancaster Supercenter,14043,1,23,"Happy Village Organic Soft Dried Strawberries On the Go, 15 x 1 oz Packs",,False,,28.99,,,,,,,,4.5,54,,,,,,https://i5.walmartimages.com/seo/Happy-Village-Organic-Soft-Dried-Strawberries-Go-3-Bags-15-Individual-Portion-Packs-Healthy-Organic-Non-GMO-Vegan-Kosher-Gluten-Free-Snack-Packs_7b721f74-6032-4434-889a-fb812d853b05.3f871b7fe4174b82bea6bd8b11ccb174.jpeg,,https://www.walmart.com/ip/Happy-Village-Organic-Soft-Dried-Strawberries-Go-3-Bags-15-Individual-Portion-Packs-Healthy-Organic-Non-GMO-Vegan-Kosher-Gluten-Free-Snack-Packs/19266959536?classType=VARIANT,,,,,,,,,,,,,{'product_id': '19266959536'},,,,,,,,,,,,,49714,15441,19266959536,42.882479,-78.694009,2026-08-07T02:36:16.199771
2026-08-07T02:36:16.199771,walmart.com,strawberries,5027,Lancaster Supercenter,14043,1,20,Trader Joe's Freeze Dried Strawberries Unsweetened Unsulfured Strawberry (1.2oz),,False,,9.23,,,,,,,,4.3,13,,,,,,https://i5.walmartimages.com/seo/Trader-Joe-s-Freeze-Dried-Strawberries-Unsweetened-Unsulfured-Strawberry-1-2oz_6510abbf-52b1-460d-9d85-fcac20e3ac3f.2f897210058e6bd4daea3a6a49dd4705.png,,https://www.walmart.com/ip/Trader-Joe-s-Freeze-Dried-Strawberries-Unsweetened-Unsulfured-Strawberry-1-2oz/15061871855?classType=REGULAR,,,,,,,,,,,,,{'product_id': '15061871855'},,,,,,,,,,,,,49714,15441,15061871855,42.882479,-78.694009,2026-08-07T02:36:16.199771
2026-08-07T02:36:16.199771,walmart.com,strawberries,5027,Lancaster Supercenter,14043,1,22,"Organic Freeze-Dried Strawberries, 1 Ounce  Non-GMO, Kosher, Bulk - by Food to Live",,False,,11.99,,,,,,,,4.3,3,,,,,,https://i5.walmartimages.com/seo/Organic-Freeze-Dried-Strawberries-1-Ounce-Non-GMO-Kosher-Bulk-by-Food-to-Live_63fc0cbc-4388-4433-9487-6c52e174b6c8.0d7dd8a20e056c67462845aa964a28c9.jpeg,,https://www.walmart.com/ip/Organic-Freeze-Dried-Strawberries-1-Ounce-Non-GMO-Kosher-Bulk-by-Food-to-Live/16294167610?classType=VARIANT,,,,,,,,,,,,,{'product_id': '16294167610'},,,,,,,,,,,,,49714,15441,16294167610,42.882479,-78.694009,2026-08-07T02:36:16.199771
2026-08-07T02:36:16.199771,walmart.com,strawberries,5027,Lancaster Supercenter,14043,1,25,ReadyWise Sliced Strawberries Whole Shelf-Stable 18 Servings,,False,,31.99,,,,,,,,2.8,4,,,,,,https://i5.walmartimages.com/seo/ReadyWise-Simple-Kitchen-FD-Sliced-Strawberries-18-Servings_69f83249-8c71-4d27-afed-a52d21aeddc3.fd1dad27307e2e73f6e7083f813e9993.jpeg,,https://www.walmart.com/ip/ReadyWise-Simple-Kitchen-FD-Sliced-Strawberries-18-Servings/1280619054?classType=REGULAR,,,,,,,,,,,,,{'product_id': '1280619054'},,,,,,,,,,,,,49714,15441,1280619054,42.882479,-78.694009,2026-08-07T02:36:16.199771
2026-08-07T02:36:16.199771,walmart.com,strawberries,5027,Lancaster Supercenter,14043,1,28,"Simply Nature Freeze Dried Strawberries Snack Pack Non-GMO, 6 Count, 2.1 Oz",,False,,19.99,,,,,,,,0.0,0,,,,,,https://i5.walmartimages.com/seo/Simply-Nature-Freeze-Dried-Strawberries-Snack-Pack-Non-GMO-6-Count-2-1-Oz_533640c2-5341-44cd-80c0-c88b0f0d4990.a02ba57972cfc49236f01780483abfeb.jpeg,,https://www.walmart.com/ip/Simply-Nature-Freeze-Dried-Strawberries-Snack-Pack-Non-GMO-6-Count-2-1-Oz/19868921819?classType=REGULAR,,,,,,,,,,,,,{'product_id': '19868921819'},,,,,,,,,,,,,49714,15441,19868921819,42.882479,-78.694009,2026-08-07T02:36:16.199771
2026-08-07T02:36:16.199771,walmart.com,strawberries,5027,Lancaster Supercenter,14043,1,24,"Organic Dried Strawberries, 2 Pounds  Non-GMO, Kosher, Sweetened  by Food to Live",,False,,48.66,,,,,,,,4.3,22,,,,,,https://i5.walmartimages.com/seo/Organic-Dried-Strawberries-2-Pounds-Non-GMO-Kosher-Sweetened-by-Food-to-Live_84b3350b-46a9-432e-a1e4-0b5200442d9a.652deedfefcba9a00df1647796cf258c.jpeg,,https://www.walmart.com/ip/Organic-Dried-Strawberries-2-Pounds-Non-GMO-Kosher-Sweetened-by-Food-to-Live/652044157?classType=VARIANT,,,,,,,,,,,,,{'product_id': '652044157'},,,,,,,,,,,,,49714,15441,652044157,42.882479,-78.694009,2026-08-07T02:36:16.199771
2026-08-07T02:36:16.199771,walmart.com,strawberries,5027,Lancaster Supercenter,14043,1,26,Fresh and Honest Foods 100% All Natural Freeze Dried Strawberries 6.3 OZ #10 Can,,False,,32.0,,,,,,,,3.8,5,,,,,,https://i5.walmartimages.com/seo/Fresh-and-Honest-Foods-100-All-Natural-Freeze-Dried-Strawberries-6-3-OZ-10-Can_d87f043b-b6be-4047-97cc-650f843d5782_2.4f26e6f398c50cf6cddfa3d36c9fb086.jpeg,,https://www.walmart.com/ip/Fresh-and-Honest-Foods-100-All-Natural-Freeze-Dried-Strawberries-6-3-OZ-10-Can/517722278?classType=REGULAR,,,,,,,,,,,,,{'product_id': '517722278'},,,,,,,,,,,,,49714,15441,517722278,42.882479,-78.694009,2026-08-07T02:36:16.199771
2026-08-07T02:36:16.199771,walmart.com,strawberries,5027,Lancaster Supercenter,14043,1,29,"Balance of Nature Freeze-Dried Strawberries (5 Pack)  100% Real Fruit, Crunchy Strawberry Slices, Healthy Snack, Mouthwatering Nutrition, Gluten-Free, Vegan, No Sugar Added, Five 1.6 oz Bags",,False,,29.99,,,,,,,,3.0,4,,,,,,https://i5.walmartimages.com/seo/Balance-of-Nature-Freeze-Dried-Strawberries-No-Sugar-Added-1-6-oz-5-Pack_44ca59a2-73f7-4a04-87a9-589b1fc80351.1806b4a82ccc5e460fb3b932d8e32e60.jpeg,,https://www.walmart.com/ip/Balance-of-Nature-Freeze-Dried-Strawberries-No-Sugar-Added-1-6-oz-5-Pack/19690119699?classType=VARIANT,,,,,,,,,,,,,{'product_id': '19690119699'},,,,,,,,,,,,,49714,15441,19690119699,42.882479,-78.694009,2026-08-07T02:36:16.199771
2026-08-07T02:36:16.199771,walmart.com,strawberries,5027,Lancaster Supercenter,14043,1,30,"Freeze-Dried Whole Strawberries, Unsliced | Family Party Size | 8 Ounce",,False,,20.46,,,,,,,,5.0,2,,,,,,https://i5.walmartimages.com/seo/Freeze-Dried-Whole-Strawberries-Unsliced-Family-Party-Size-8-Ounce_f9a710fc-03c3-48a5-aaf6-ba9eae862097.49482392ec5b1fa61f480aa82519a84b.png,,https://www.walmart.com/ip/Freeze-Dried-Whole-Strawberries-Unsliced-Family-Party-Size-8-Ounce/15228253752?classType=REGULAR,,,,,,,,,,,,,{'product_id': '15228253752'},,,,,,,,,,,,,49714,15441,15228253752,42.882479,-78.694009,2026-08-07T02:36:16.199771
2026-08-07T02:36:16.199771,walmart.com,strawberries,5027,Lancaster Supercenter,14043,1,34,"Organic Freeze-Dried Strawberries, 8 Ounces - Non-GMO, Kosher, Bulk - by Food to Live",,False,,38.75,,,,,,,,4.3,3,,,,,,https://i5.walmartimages.com/seo/Organic-Freeze-Dried-Strawberries-8-Ounces-Non-GMO-Kosher-Bulk-by-Food-to-Live_d64ce187-d447-49f0-9a3f-a51342d2b4e6.0825b13b0b937c64c61aba29d9739d74.jpeg,,https://www.walmart.com/ip/Organic-Freeze-Dried-Strawberries-8-Ounces-Non-GMO-Kosher-Bulk-by-Food-to-Live/16264674047?classType=VARIANT,,,,,,,,,,,,,{'product_id': '16264674047'},,,,,,,,,,,,,49714,15441,16264674047,42.882479,-78.694009,2026-08-07T02:36:16.199771
2026-08-07T02:36:16.199771,walmart.com,strawberries,5027,Lancaster Supercenter,14043,1,27,AUSPITEE Freeze Dried Strawberry Slices 140g(4.94oz) Pure Natural Dry Fruit for Snacks Cooking Yogurt,,False,,15.17,,,,,,,,4.9,12,,,,,,https://i5.walmartimages.com/seo/AUSPITEE-Freeze-Dried-Strawberry-Slices-140g-4-94oz-Pure-Natural-Dry-Fruit-for-Snacks-Cooking-Yogurt_d991d288-c41e-455e-b2a8-8d185831cf0f.26ac3d92f57094da5c9726586556629e.png,,https://www.walmart.com/ip/AUSPITEE-Freeze-Dried-Strawberry-Slices-140g-4-94oz-Pure-Natural-Dry-Fruit-for-Snacks-Cooking-Yogurt/18870622303?classType=REGULAR,,,,,,,,,,,,,{'product_id': '18870622303'},,,,,,,,,,,,,49714,15441,18870622303,42.882479,-78.694009,2026-08-07T02:36:16.199771
2026-08-07T02:36:16.199771,walmart.com,strawberries,5027,Lancaster Supercenter,14043,1,35,"CHAVI Freeze-Dried Strawberry  - Healthy 1 Ingredient Superfood - No Added Sugars or Preservatives - Non-GMO, Vegan, Gluten-Free | Long Shelf Life |",,False,,11.99,,,,,,,,3.9,8,,,,,,https://i5.walmartimages.com/seo/CHAVI-Freeze-Dried-Strawberry-Healthy-1-Ingredient-Superfood-Added-Sugars-Preservatives-Non-GMO-Vegan-Gluten-Free-Long-Shelf-Life-2-oz-Can_e536d0a3-2be0-46d9-a566-2155f902d147.2dddd19de52f56dbe5aca655f7781cbf.png,,https://www.walmart.com/ip/CHAVI-Freeze-Dried-Strawberry-Healthy-1-Ingredient-Superfood-Added-Sugars-Preservatives-Non-GMO-Vegan-Gluten-Free-Long-Shelf-Life-2-oz-Can/19870263158?classType=REGULAR,,,,,,,,,,,,,{'product_id': '19870263158'},,,,,,,,,,,,,49714,15441,19870263158,42.882479,-78.694009,2026-08-07T02:36:16.199771
2026-08-07T02:36:16.199771,walmart.com,strawberries,5027,Lancaster Supercenter,14043,1,36,Simple Truth Freeze-Dried Strawberries 1 oz. (Pack of 2),,False,,24.97,,,,,,,,5.0,1,,,,,,https://i5.walmartimages.com/seo/Simple-Truth-Freeze-Dried-Strawberries-1-oz-Pack-of-2_0db64d4e-bb3f-4019-bfd6-4d8f4cd3a572.8b1dcabee0e07b8383d529a82afbc50a.jpeg,,https://www.walmart.com/ip/Simple-Truth-Freeze-Dried-Strawberries-1-oz-Pack-of-2/970066855?classType=REGULAR,,,,,,,,,,,,,{'product_id': '970066855'},,,,,,,,,,,,,49714,15441,970066855,42.882479,-78.694009,2026-08-07T02:36:16.199771
2026-08-07T02:36:16.199771,walmart.com,strawberries,5027,Lancaster Supercenter,14043,1,31,"Volupta Premium Freeze Dried Strawberries, 5 Ounce",,False,,19.4,,,,,,,,2.0,3,,,,,,https://i5.walmartimages.com/seo/Volupta-Premium-Freeze-Dried-Strawberries-5-Ounce_f82a97d4-be5f-470d-86b7-59447a70118a.601ef7638f88e8073e38b369c0e5a7e7.jpeg,,https://www.walmart.com/ip/Volupta-Premium-Freeze-Dried-Strawberries-5-Ounce/17360007609?classType=REGULAR,,,,,,,,,,,,,{'product_id': '17360007609'},,,,,,,,,,,,,49714,15441,17360007609,42.882479,-78.694009,2026-08-07T02:36:16.199771
2026-08-07T02:36:16.199771,walmart.com,strawberries,5027,Lancaster Supercenter,14043,1,32,Future Essentials Freeze Dried Long Shelf Life Emergency Food Sliced Strawberries #2.5/ 2.2oz/Can- 12 Cans,,False,,249.0,,,,,,,,0.0,0,,,,,,https://i5.walmartimages.com/seo/Future-Essentials-Freeze-Dried-Long-Shelf-Life-Emergency-Food-Sliced-Strawberries-2-5-2-2oz-Can-12-Cans_232eed1c-6312-4173-8cde-41b7d7f02d2f.c7cae552b54b61b1a7200d5fbf3cfe64.png,,https://www.walmart.com/ip/Future-Essentials-Freeze-Dried-Long-Shelf-Life-Emergency-Food-Sliced-Strawberries-2-5-2-2oz-Can-12-Cans/1175074664?classType=REGULAR,,,,,,,,,,,,,{'product_id': '1175074664'},,,,,,,,,,,,,49714,15441,1175074664,42.882479,-78.694009,2026-08-07T02:36:16.199771
2026-08-07T02:36:16.199771,walmart.com,strawberries,5027,Lancaster Supercenter,14043,1,33,"BEAR Fruit Dried Strawberries 90g, Imported from Britain",,False,,24.39,,,,,,,,0.0,0,,,,,,https://i5.walmartimages.com/seo/BEAR-Fruit-Dried-Strawberries-90g-Imported-from-Britain_24109d45-4fa4-4d8f-98dd-24b88ca73faf.75f18c46df9b64c36eff130b44f60199.jpeg,,https://www.walmart.com/ip/BEAR-Fruit-Dried-Strawberries-90g-Imported-from-Britain/19682817460?classType=REGULAR,,,,,,,,,,,,,{'product_id': '19682817460'},,,,,,,,,,,,,49714,15441,19682817460,42.882479,-78.694009,2026-08-07T02:36:16.199771
2026-08-07T02:36:16.199771,walmart.com,strawberries,5027,Lancaster Supercenter,14043,1,38,Karen's Naturals Organic Just Strawberries 0.8 oz,,False,,9.56,,,,,,,,4.3,3,,,,,,https://i5.walmartimages.com/seo/Karens-Naturals-Karens-Naturals-Just-Strawberries-1-2-oz_4fafe290-dfc7-4f28-b014-f1240386d7c3.50cf957f13a2411833d8d3d3456cb0e7.jpeg,,https://www.walmart.com/ip/Karens-Naturals-Karens-Naturals-Just-Strawberries-1-2-oz/330141177?classType=REGULAR,,,,,,,,,,,,,{'product_id': '330141177'},,,,,,,,,,,,,49714,15441,330141177,42.882479,-78.694009,2026-08-07T02:36:16.199771
2026-08-07T02:36:16.199771,walmart.com,strawberries,5027,Lancaster Supercenter,14043,1,37,"Freeze Dried Strawberries, 1 oz- Pack of 3",,False,,21.99,,,,,,,,0.0,0,,,,,,https://i5.walmartimages.com/seo/Freeze-Dried-Strawberries-1-oz-Pack-of-3_1f1324c9-2366-4ced-8315-3dcecffe7191.8a3f8d68a2787318f5766c32aa446eb3.jpeg,,https://www.walmart.com/ip/Freeze-Dried-Strawberries-1-oz-Pack-of-3/15658501705?classType=REGULAR,,,,,,,,,,,,,{'product_id': '15658501705'},,,,,,,,,,,,,49714,15441,15658501705,42.882479,-78.694009,2026-08-07T02:36:16.199771
2026-08-07T02:36:16.199771,walmart.com,strawberries,5027,Lancaster Supercenter,14043,1,40,"swiig Freeze-Dried, Diced Strawberries 205g",,False,,38.29,,,,,,,,0.0,0,,,,,,https://i5.walmartimages.com/seo/swiig-Freeze-Dried-Diced-Strawberries-205g_a4f32191-6190-4ccc-8621-a3ef0df6aab0.b531cbd4c0d08490c3b0c6ed4ad2c964.jpeg,,https://www.walmart.com/ip/swiig-Freeze-Dried-Diced-Strawberries-205g/19644053840?classType=REGULAR,,,,,,,,,,,,,{'product_id': '19644053840'},,,,,,,,,,,,,49714,15441,19644053840,42.882479,-78.694009,2026-08-07T02:36:16.199771
2026-08-07T02:36:16.199771,walmart.com,strawberries,5027,Lancaster Supercenter,14043,1,39,(2 packs) Trader Joe's Freeze Dried Strawberries Unsweetened Unsulfured Strawberry (2x1.2oz),,False,,17.24,,,,,,,,2.7,6,,,,,,https://i5.walmartimages.com/seo/2-packs-Trader-Joe-s-Freeze-Dried-Strawberries-Unsweetened-Unsulfured-Strawberry-2x1-2oz_ce67e652-991a-457f-8e8d-e51fa13d6273.8990ea0539878b364c2bc2aaa740af3f.png,,https://www.walmart.com/ip/2-packs-Trader-Joe-s-Freeze-Dried-Strawberries-Unsweetened-Unsulfured-Strawberry-2x1-2oz/15744420405?classType=REGULAR,,,,,,,,,,,,,{'product_id': '15744420405'},,,,,,,,,,,,,49714,15441,15744420405,42.882479,-78.694009,2026-08-07T02:36:16.199771
2026-08-07T02:36:16.199771,walmart.com,strawberries,173,Potosi Supercenter,63664,1,1,"Fresh Strawberries, 1 lb Container",,False,['Overall pick'],2.38,,,,,,,,3.8,167998,,,,,,https://i5.walmartimages.com/seo/Fresh-Strawberries-1-lb-Container_b54a64ad-e961-46cf-b60c-bc763716fb0b.a481cdfd237c5ab5438d5c9e90bead07.jpeg,,https://www.walmart.com/ip/Fresh-Strawberries-1-lb-Container/44391605?classType=REGULAR&athbdg=L1200,,,,,,,,,,,,,{'product_id': '44391605'},,,,,,,,,,,,,49714,15441,44391605,37.923785,-90.771554,2026-08-07T02:36:16.199771
2026-08-07T02:36:16.199771,walmart.com,strawberries,173,Potosi Supercenter,63664,1,2,"Fresh Strawberries, 2 lb Container",,False,['Best seller'],4.52,,,,,,,,3.9,92419,,,,,,https://i5.walmartimages.com/seo/Fresh-Strawberries-2-lb-Container_dd2bcd97-25af-4a91-9258-989853e16b2f_1.36dd4f1579a25d423741d9970de3ddac.jpeg,,https://www.walmart.com/ip/Fresh-Strawberries-2-lb-Container/22660282?classType=REGULAR&athbdg=L1600,,,,,,,,,,,,,{'product_id': '22660282'},,,,,,,,,,,,,49714,15441,22660282,37.923785,-90.771554,2026-08-07T02:36:16.199771
2026-08-07T02:36:16.199771,walmart.com,strawberries,173,Potosi Supercenter,63664,1,6,"Great Value Sliced Strawberries, 64 oz (Frozen)",,False,['5K+ bought since yesterday'],9.82,,,,,,,,4.7,8483,,,,5000,,https://i5.walmartimages.com/seo/Great-Value-Sliced-Strawberries-64-oz-Frozen_bec1b1a6-7179-4139-8b85-bff6202dda70_4.96ef909a06b019e320228b4a7a4f12f3.jpeg,,https://www.walmart.com/ip/Great-Value-Sliced-Strawberries-64-oz-Frozen/672666564?classType=REGULAR&athbdg=L1102,,,,,,,,,,,,,{'product_id': '672666564'},,,,,,,,,,,,,49714,15441,672666564,37.923785,-90.771554,2026-08-07T02:36:16.199771
2026-08-07T02:36:16.199771,walmart.com,strawberries,173,Potosi Supercenter,63664,1,7,"Great Value Whole Strawberries, 64 oz (Frozen)",,False,,9.42,,,,,,,,4.7,4965,,,,,,https://i5.walmartimages.com/seo/Great-Value-Whole-Strawberries-64-oz-Frozen_c4e4ef22-2d66-413b-939d-565333deaef4.3a82c613d8beefa6a65578be554dbcd1.jpeg,,https://www.walmart.com/ip/Great-Value-Whole-Strawberries-64-oz-Frozen/44389039?classType=REGULAR,,,,,,,,,,,,,{'product_id': '44389039'},,,,,,,,,,,,,49714,15441,44389039,37.923785,-90.771554,2026-08-07T02:36:16.199771
2026-08-07T02:36:16.199771,walmart.com,strawberries,173,Potosi Supercenter,63664,1,8,"Commodity Fruit Whole Strawberry Piece, 30 Pound -- 1 each.",,False,,140.64,,,,,,,,1.0,2,,,,,,https://i5.walmartimages.com/seo/Commodity-Fruit-Whole-Strawberry-Piece-30-Pound-1-each_cea2a115-2819-444e-9e54-0e83bd5459f7.6b7febd8c01e24528174019cb3358daf.jpeg,,https://www.walmart.com/ip/Commodity-Fruit-Whole-Strawberry-Piece-30-Pound-1-each/151247942?classType=REGULAR,,,,,,,,,,,,,{'product_id': '151247942'},,,,,,,,,,,,,49714,15441,151247942,37.923785,-90.771554,2026-08-07T02:36:16.199771
2026-08-07T02:36:16.199771,walmart.com,strawberries,173,Potosi Supercenter,63664,1,10,"Great Value Sliced Strawberries with Sugar, 23.2 oz (Frozen)",,False,,5.44,,,,,,,,4.6,2991,,,,,,https://i5.walmartimages.com/seo/Great-Value-Sliced-Strawberries-with-Sugar-23-2-oz-Frozen_76fe351a-4a65-46fb-af6c-3b83443d255b.575c3e87b0b7f3af9a110c3ec34f1f23.jpeg,,https://www.walmart.com/ip/Great-Value-Sliced-Strawberries-with-Sugar-23-2-oz-Frozen/31712521?classType=REGULAR,,,,,,,,,,,,,{'product_id': '31712521'},,,,,,,,,,,,,49714,15441,31712521,37.923785,-90.771554,2026-08-07T02:36:16.199771
2026-08-07T02:36:16.199771,walmart.com,strawberries,173,Potosi Supercenter,63664,1,11,"Dole Individual Quick Frozen Strawberry, 30 Pound",,False,,158.44,,,,,,,,0.0,0,,,,,,https://i5.walmartimages.com/seo/Dole-Individual-Quick-Frozen-Strawberry-30-Pound_8cd14247-44f8-483b-8d1f-5b3807d2530e.c6cf3586864eb32ac445adf7ae5404a4.jpeg,,https://www.walmart.com/ip/Dole-Individual-Quick-Frozen-Strawberry-30-Pound/1891056080?classType=REGULAR,,,,,,,,,,,,,{'product_id': '1891056080'},,,,,,,,,,,,,49714,15441,1891056080,37.923785,-90.771554,2026-08-07T02:36:16.199771
2026-08-07T02:36:16.199771,walmart.com,strawberries,173,Potosi Supercenter,63664,1,3,"Fresh USDA Organic Strawberries, 1 lb Container",,False,['10K+ bought since yesterday'],3.33,,,,,,,,3.6,7254,,,,10000,,https://i5.walmartimages.com/seo/Fresh-USDA-Organic-Strawberries-1-lb-Container_d9df3e2b-85ca-40ea-9580-b907ef043406.a7afdd2ac762c18c954e62a470734b87.png,,https://www.walmart.com/ip/Fresh-USDA-Organic-Strawberries-1-lb-Container/45618183?classType=REGULAR&athbdg=L1102,,,,,,,,,,,,,{'product_id': '45618183'},,,,,,,,,,,,,49714,15441,45618183,37.923785,-90.771554,2026-08-07T02:36:16.199771
2026-08-07T02:36:16.199771,walmart.com,strawberries,173,Potosi Supercenter,63664,1,4,"Fresh Strawberries, 8.8 oz Container",,False,['10K+ bought since yesterday'],1.82,,,,,,,,3.8,12567,,,,10000,,https://i5.walmartimages.com/seo/Fresh-Strawberries-8-8-oz-Container_4be7094f-7907-4580-944d-3cd4c0b2d238.ffcf0a1145778a1e5f7c1cabef12c9fd.jpeg,,https://www.walmart.com/ip/Fresh-Strawberries-8-8-oz-Container/1175460573?classType=REGULAR&athbdg=L1102,,,,,,,,,,,,,{'product_id': '1175460573'},,,,,,,,,,,,,49714,15441,1175460573,37.923785,-90.771554,2026-08-07T02:36:16.199771
2026-08-07T02:36:16.199771,walmart.com,strawberries,173,Potosi Supercenter,63664,1,5,"Great Value Whole Strawberries, 16 oz (Frozen)",,False,['Best seller'],2.86,,,,,,,,4.6,10262,,,,10000,,https://i5.walmartimages.com/seo/GV-Whole-Strawb-16oz_14b5eca6-798a-43fa-91be-f365ec3fc646.f54aab8f1878d45f752a6dfec54dad12.jpeg,,https://www.walmart.com/ip/GV-Whole-Strawb-16oz/10543663?classType=REGULAR&athbdg=L1600,,,,,,,,,,,,,{'product_id': '10543663'},,,,,,,,,,,,,49714,15441,10543663,37.923785,-90.771554,2026-08-07T02:36:16.199771
2026-08-07T02:36:16.199771,walmart.com,strawberries,173,Potosi Supercenter,63664,1,12,"Dole Individual Quick Frozen Strawberry, 5 Pound -- 2 per case.",,False,,89.93,,,,,,,,0.0,0,,,,,,https://i5.walmartimages.com/seo/Dole-Individual-Quick-Frozen-Strawberry-5-Pound-2-per-case_42d8a431-e17d-4bfa-9aa0-42c37898c0dc.0cb8f85fe1438eb29183c4d77d78fdc1.jpeg,,https://www.walmart.com/ip/Dole-Individual-Quick-Frozen-Strawberry-5-Pound-2-per-case/960104993?classType=REGULAR,,,,,,,,,,,,,{'product_id': '960104993'},,,,,,,,,,,,,49714,15441,960104993,37.923785,-90.771554,2026-08-07T02:36:16.199771
2026-08-07T02:36:16.199771,walmart.com,strawberries,173,Potosi Supercenter,63664,1,13,"Simplot Classic Whole Strawberry Fruit, 10 Pound - 1 each.",,False,,92.56,,,,,,,,0.0,0,,,,,,https://i5.walmartimages.com/seo/Simplot-Classic-Whole-Strawberry-Fruit-10-Pound-1-each_d3090d40-d6c7-4e30-ab24-24511b4a761f.abc4979e5cd2c9e58f7e4692094097a8.jpeg,,https://www.walmart.com/ip/Simplot-Classic-Whole-Strawberry-Fruit-10-Pound-1-each/411691083?classType=REGULAR,,,,,,,,,,,,,{'product_id': '411691083'},,,,,,,,,,,,,49714,15441,411691083,37.923785,-90.771554,2026-08-07T02:36:16.199771
2026-08-07T02:36:16.199771,walmart.com,strawberries,173,Potosi Supercenter,63664,1,9,"Dole Sliced Strawberry, 14 oz, 8 per Case",,False,,86.47,,,,,,,,3.0,1,,,,,,https://i5.walmartimages.com/seo/Dole-Sliced-Strawberry-14-oz-8-per-Case_67628534-7f4c-497d-a9d7-06fb36bfaee9.7e688b4ec63867c0edb58f5d4ae630c7.jpeg,,https://www.walmart.com/ip/Dole-Sliced-Strawberry-14-oz-8-per-Case/645793229?classType=REGULAR,,,,,,,,,,,,,{'product_id': '645793229'},,,,,,,,,,,,,49714,15441,645793229,37.923785,-90.771554,2026-08-07T02:36:16.199771
2026-08-07T02:36:16.199771,walmart.com,strawberries,173,Potosi Supercenter,63664,1,16,"bettergoods Organic Dried Strawberries, 5 oz",,False,,7.12,,,,,,,,4.2,499,,,,,,https://i5.walmartimages.com/seo/bettergoods-Organic-Dried-Strawberries-5-oz_6f1d1da0-e77b-4353-af9d-334dea89adee.1dee10be180c621f4fa263c0a4c231b2.jpeg?odnHeight=180&odnWidth=180&odnBg=FFFFFF,,https://www.walmart.com/ip/bettergoods-Organic-Dried-Strawberries-5-oz/5464020048?classType=VARIANT,,,,,,,,,,,,,{'product_id': '5464020048'},,,,,,,,,,,,,49714,15441,5464020048,37.923785,-90.771554,2026-08-07T02:36:16.199771
2026-08-07T02:36:16.199771,walmart.com,strawberries,173,Potosi Supercenter,63664,1,17,"Dried Sweetened Strawberries by Its Delish, 10 lbs",,False,,107.0,,,,,,,,4.3,21,,,,,,https://i5.walmartimages.com/seo/Dried-Sweetened-Strawberries-by-Its-Delish-10-lbs_4eccefce-4bec-4c2b-b576-9771063436c0.a967e7c8cd3dfcf595bfa72e97624bfd.jpeg,,https://www.walmart.com/ip/Dried-Sweetened-Strawberries-by-Its-Delish-10-lbs/770977252?classType=VARIANT,,,,,,,,,,,,,{'product_id': '770977252'},,,,,,,,,,,,,49714,15441,770977252,37.923785,-90.771554,2026-08-07T02:36:16.199771
2026-08-07T02:36:16.199771,walmart.com,strawberries,173,Potosi Supercenter,63664,1,14,"Great Value Sliced Strawberries with Sugar, 15.5 oz (Frozen)",,False,,3.96,,,,,,,,4.5,2064,,,,,,https://i5.walmartimages.com/seo/Great-Value-Sliced-Strawberries-with-Sugar-15-5-oz-Frozen_832cb121-7cad-4dee-abb9-cda28cf80e36.f8c09a2e8a252a936220524c8e7e8e76.jpeg,,https://www.walmart.com/ip/Great-Value-Sliced-Strawberries-with-Sugar-15-5-oz-Frozen/22569731?classType=REGULAR,,,,,,,,,,,,,{'product_id': '22569731'},,,,,,,,,,,,,49714,15441,22569731,37.923785,-90.771554,2026-08-07T02:36:16.199771
2026-08-07T02:36:16.199771,walmart.com,strawberries,173,Potosi Supercenter,63664,1,15,"(6 pack) Augason Farms Freeze Dried Sliced Strawberries Can - Gluten Free Snack for Baking, Smoothies, and Emergency Storage - Healthy Individual Fruit Snacks – 6.5 Ounces (18 Servings)",,False,,119.88,,,,,,,,0.0,0,,,,,,https://i5.walmartimages.com/seo/6-pack-Augason-Farms-Freeze-Dried-Sliced-Strawberries-6-4-oz-No-10-Can_fa5b1700-d18e-468a-8b17-a539d9eb3981.eefa5a1baf4f027db39f248db9955e10.jpeg?odnHeight=180&odnWidth=180&odnBg=FFFFFF,,https://www.walmart.com/ip/6-pack-Augason-Farms-Freeze-Dried-Sliced-Strawberries-6-4-oz-No-10-Can/15382562000?classType=VARIANT,,,,,,,,,,,,,{'product_id': '15382562000'},,,,,,,,,,,,,49714,15441,15382562000,37.923785,-90.771554,2026-08-07T02:36:16.199771
2026-08-07T02:36:16.199771,walmart.com,strawberries,173,Potosi Supercenter,63664,1,19,"Organic Dried Strawberries, 4 Pounds  Non-GMO, Kosher, Sweetened  by Food to Live",,False,,79.52,,,,,,,,4.3,22,,,,,,https://i5.walmartimages.com/seo/Organic-Dried-Strawberries-4-Pounds-Non-GMO-Kosher-Sweetened-by-Food-to-Live_84b3350b-46a9-432e-a1e4-0b5200442d9a.652deedfefcba9a00df1647796cf258c.jpeg,,https://www.walmart.com/ip/Organic-Dried-Strawberries-4-Pounds-Non-GMO-Kosher-Sweetened-by-Food-to-Live/170251660?classType=VARIANT,,,,,,,,,,,,,{'product_id': '170251660'},,,,,,,,,,,,,49714,15441,170251660,37.923785,-90.771554,2026-08-07T02:36:16.199771
2026-08-07T02:36:16.199771,walmart.com,strawberries,173,Potosi Supercenter,63664,1,18,"Organic Freeze-Dried Strawberries, 1 Pound - Non-GMO, Kosher, Bulk - by Food to Live",,False,,74.38,,,,,,,,4.3,3,,,,,,https://i5.walmartimages.com/seo/Organic-Freeze-Dried-Strawberries-1-Pound-Non-GMO-Kosher-Bulk-by-Food-to-Live_c54b2692-2e58-4f54-bddb-ef9ecab4baac.72dd21d51f9c1e9dffffc1d132355130.jpeg,,https://www.walmart.com/ip/Organic-Freeze-Dried-Strawberries-1-Pound-Non-GMO-Kosher-Bulk-by-Food-to-Live/16242366408?classType=VARIANT,,,,,,,,,,,,,{'product_id': '16242366408'},,,,,,,,,,,,,49714,15441,16242366408,37.923785,-90.771554,2026-08-07T02:36:16.199771
2026-08-07T02:36:16.199771,walmart.com,strawberries,173,Potosi Supercenter,63664,1,21,Future Essentials Freeze Dried Long Shelf Life Emergency Food Sliced Strawberries #2.5/ 2.2oz/Can- 12 Cans,,False,,249.0,,,,,,,,0.0,0,,,,,,https://i5.walmartimages.com/seo/Future-Essentials-Freeze-Dried-Long-Shelf-Life-Emergency-Food-Sliced-Strawberries-2-5-2-2oz-Can-12-Cans_232eed1c-6312-4173-8cde-41b7d7f02d2f.c7cae552b54b61b1a7200d5fbf3cfe64.png,,https://www.walmart.com/ip/Future-Essentials-Freeze-Dried-Long-Shelf-Life-Emergency-Food-Sliced-Strawberries-2-5-2-2oz-Can-12-Cans/1175074664?classType=REGULAR,,,,,,,,,,,,,{'product_id': '1175074664'},,,,,,,,,,,,,49714,15441,1175074664,37.923785,-90.771554,2026-08-07T02:36:16.199771
2026-08-07T02:36:16.199771,walmart.com,strawberries,173,Potosi Supercenter,63664,1,20,"Organic Dried Strawberries, 2 Pounds  Non-GMO, Kosher, Sweetened  by Food to Live",,False,,48.66,,,,,,,,4.3,22,,,,,,https://i5.walmartimages.com/seo/Organic-Dried-Strawberries-2-Pounds-Non-GMO-Kosher-Sweetened-by-Food-to-Live_84b3350b-46a9-432e-a1e4-0b5200442d9a.652deedfefcba9a00df1647796cf258c.jpeg,,https://www.walmart.com/ip/Organic-Dried-Strawberries-2-Pounds-Non-GMO-Kosher-Sweetened-by-Food-to-Live/652044157?classType=VARIANT,,,,,,,,,,,,,{'product_id': '652044157'},,,,,,,,,,,,,49714,15441,652044157,37.923785,-90.771554,2026-08-07T02:36:16.199771
2026-08-07T02:36:16.199771,walmart.com,strawberries,173,Potosi Supercenter,63664,1,24,"swiig Freeze-Dried, Diced Strawberries 205g",,False,,38.29,,,,,,,,0.0,0,,,,,,https://i5.walmartimages.com/seo/swiig-Freeze-Dried-Diced-Strawberries-205g_a4f32191-6190-4ccc-8621-a3ef0df6aab0.b531cbd4c0d08490c3b0c6ed4ad2c964.jpeg,,https://www.walmart.com/ip/swiig-Freeze-Dried-Diced-Strawberries-205g/19644053840?classType=REGULAR,,,,,,,,,,,,,{'product_id': '19644053840'},,,,,,,,,,,,,49714,15441,19644053840,37.923785,-90.771554,2026-08-07T02:36:16.199771
2026-08-07T02:36:16.199771,walmart.com,strawberries,173,Potosi Supercenter,63664,1,25,"NY SPICE SHOP Whole Dried Strawberries - 3 Pound - Dried Whole Strawberries - Chewy Strawberry Treats - Dried Strawberry Snacks - Vibrant Whole Berry Treats for Toppings, Mixes & Everyday Use",,False,,47.99,,,,,,,,4.2,28,,,,,,https://i5.walmartimages.com/seo/NY-SPICE-SHOP-Dried-Whole-Strawberry-3-Pound-Dried-Strawberries-Natural-Dry-Fruits_701123a9-32bd-44a8-8be6-2be21a242276.dd65300a86f2462349f3fac8d30d0db7.jpeg,,https://www.walmart.com/ip/NY-SPICE-SHOP-Dried-Whole-Strawberry-3-Pound-Dried-Strawberries-Natural-Dry-Fruits/3144525957?classType=VARIANT,,,,,,,,,,,,,{'product_id': '3144525957'},,,,,,,,,,,,,49714,15441,3144525957,37.923785,-90.771554,2026-08-07T02:36:16.199771
2026-08-07T02:36:16.199771,walmart.com,strawberries,173,Potosi Supercenter,63664,1,26,"Dried Sweetened Strawberries by Its Delish, 2 lbs",,False,,31.99,,,,,,,,4.3,21,,,,,,https://i5.walmartimages.com/seo/Dried-Sweetened-Strawberries-by-Its-Delish-2-lbs_0bca079b-04eb-414b-aec1-2ac63d11f22e.be90c81917c58cecd461b91c7f969c98.jpeg,,https://www.walmart.com/ip/Dried-Sweetened-Strawberries-by-Its-Delish-2-lbs/125646004?classType=VARIANT,,,,,,,,,,,,,{'product_id': '125646004'},,,,,,,,,,,,,49714,15441,125646004,37.923785,-90.771554,2026-08-07T02:36:16.199771
2026-08-07T02:36:16.199771,walmart.com,strawberries,173,Potosi Supercenter,63664,1,28,"Volupta Premium Freeze Dried Strawberries, 5 Ounce",,False,,19.4,,,,,,,,2.0,3,,,,,,https://i5.walmartimages.com/seo/Volupta-Premium-Freeze-Dried-Strawberries-5-Ounce_f82a97d4-be5f-470d-86b7-59447a70118a.601ef7638f88e8073e38b369c0e5a7e7.jpeg,,https://www.walmart.com/ip/Volupta-Premium-Freeze-Dried-Strawberries-5-Ounce/17360007609?classType=REGULAR,,,,,,,,,,,,,{'product_id': '17360007609'},,,,,,,,,,,,,49714,15441,17360007609,37.923785,-90.771554,2026-08-07T02:36:16.199771
2026-08-07T02:36:16.199771,walmart.com,strawberries,173,Potosi Supercenter,63664,1,22,Happy Village Organic Soft Dried Strawberries 18 oz Resealable Pack,,False,,26.01,,,,,,,,4.5,54,,,,,,https://i5.walmartimages.com/seo/Happy-Village-Organic-Whole-Dried-Strawberries-18-OZ-Resealable-Pack-Soft-Juicy-Kosher-Non-GMO-Refined-Sugar-Organic-Apple-Juice-Infused-Organic-Drie_3e3dbd2a-21c8-4b00-b01c-5cc457202f52.4696598a6ed2b3ffa82f594b823d7292.jpeg,,https://www.walmart.com/ip/Happy-Village-Organic-Whole-Dried-Strawberries-18-OZ-Resealable-Pack-Soft-Juicy-Kosher-Non-GMO-No-Refined-Sugar-Apple-Juice-Infused-Strawberry/1676663793?classType=VARIANT,,,,,,,,,,,,,{'product_id': '1676663793'},,,,,,,,,,,,,49714,15441,1676663793,37.923785,-90.771554,2026-08-07T02:36:16.199771
2026-08-07T02:36:16.199771,walmart.com,strawberries,173,Potosi Supercenter,63664,1,23,"Dole Sliced Strawberry, 5 Pound - 2 per case.",,False,,98.02,,,,,,,,0.0,0,,,,,,https://i5.walmartimages.com/seo/Dole-Sliced-Strawberry-5-Pound-2-per-case_ee37a60b-9bde-41fc-b0b4-6821632b4320.b77a6366bda2ae0192768cb0e9666c0b.jpeg,,https://www.walmart.com/ip/Dole-Sliced-Strawberry-5-Pound-2-per-case/402465107?classType=REGULAR,,,,,,,,,,,,,{'product_id': '402465107'},,,,,,,,,,,,,49714,15441,402465107,37.923785,-90.771554,2026-08-07T02:36:16.199771
2026-08-07T02:36:16.199771,walmart.com,strawberries,173,Potosi Supercenter,63664,1,29,"Dried Sweetened Strawberries by Its Delish, 5 lbs",,False,,57.99,,,,,,,,4.3,21,,,,,,https://i5.walmartimages.com/seo/Dried-Sweetened-Strawberries-by-Its-Delish-5-lbs_4eccefce-4bec-4c2b-b576-9771063436c0.a967e7c8cd3dfcf595bfa72e97624bfd.jpeg,,https://www.walmart.com/ip/Dried-Sweetened-Strawberries-by-Its-Delish-5-lbs/718134255?classType=VARIANT,,,,,,,,,,,,,{'product_id': '718134255'},,,,,,,,,,,,,49714,15441,718134255,37.923785,-90.771554,2026-08-07T02:36:16.199771
2026-08-07T02:36:16.199771,walmart.com,strawberries,173,Potosi Supercenter,63664,1,27,(Pack of 6) Sunny Fruit Organic Dried Strawberries 3.5 Oz,,False,,56.99,,,,,,,,0.0,0,,,,,,https://i5.walmartimages.com/seo/Pack-of-6-Sunny-Fruit-Organic-Dried-Strawberries-3-5-Oz_9ef053f8-715c-4628-be2c-c3d0f07aaa13.9816c17d234de0f2e9bd50888c3fb870.png,,https://www.walmart.com/ip/Pack-of-6-Sunny-Fruit-Organic-Dried-Strawberries-3-5-Oz/18243070086?classType=VARIANT,,,,,,,,,,,,,{'product_id': '18243070086'},,,,,,,,,,,,,49714,15441,18243070086,37.923785,-90.771554,2026-08-07T02:36:16.199771
2026-08-07T02:36:16.199771,walmart.com,strawberries,173,Potosi Supercenter,63664,1,30,"Freeze-Dried Whole Strawberries, Unsliced | Family Party Size | 8 Ounce",,False,,20.46,,,,,,,,5.0,2,,,,,,https://i5.walmartimages.com/seo/Freeze-Dried-Whole-Strawberries-Unsliced-Family-Party-Size-8-Ounce_f9a710fc-03c3-48a5-aaf6-ba9eae862097.49482392ec5b1fa61f480aa82519a84b.png,,https://www.walmart.com/ip/Freeze-Dried-Whole-Strawberries-Unsliced-Family-Party-Size-8-Ounce/15228253752?classType=REGULAR,,,,,,,,,,,,,{'product_id': '15228253752'},,,,,,,,,,,,,49714,15441,15228253752,37.923785,-90.771554,2026-08-07T02:36:16.199771
2026-08-07T02:36:16.199771,walmart.com,strawberries,173,Potosi Supercenter,63664,1,31,"Organic Freeze-Dried Strawberries, 1 Ounce  Non-GMO, Kosher, Bulk - by Food to Live",,False,,11.99,,,,,,,,4.3,3,,,,,,https://i5.walmartimages.com/seo/Organic-Freeze-Dried-Strawberries-1-Ounce-Non-GMO-Kosher-Bulk-by-Food-to-Live_63fc0cbc-4388-4433-9487-6c52e174b6c8.0d7dd8a20e056c67462845aa964a28c9.jpeg,,https://www.walmart.com/ip/Organic-Freeze-Dried-Strawberries-1-Ounce-Non-GMO-Kosher-Bulk-by-Food-to-Live/16294167610?classType=VARIANT,,,,,,,,,,,,,{'product_id': '16294167610'},,,,,,,,,,,,,49714,15441,16294167610,37.923785,-90.771554,2026-08-07T02:36:16.199771
2026-08-07T02:36:16.199771,walmart.com,strawberries,173,Potosi Supercenter,63664,1,32,"Happy Village Organic Soft Dried Strawberries On the Go, 15 x 1 oz Packs",,False,,28.99,,,,,,,,4.5,54,,,,,,https://i5.walmartimages.com/seo/Happy-Village-Organic-Soft-Dried-Strawberries-Go-3-Bags-15-Individual-Portion-Packs-Healthy-Organic-Non-GMO-Vegan-Kosher-Gluten-Free-Snack-Packs_7b721f74-6032-4434-889a-fb812d853b05.3f871b7fe4174b82bea6bd8b11ccb174.jpeg,,https://www.walmart.com/ip/Happy-Village-Organic-Soft-Dried-Strawberries-Go-3-Bags-15-Individual-Portion-Packs-Healthy-Organic-Non-GMO-Vegan-Kosher-Gluten-Free-Snack-Packs/19266959536?classType=VARIANT,,,,,,,,,,,,,{'product_id': '19266959536'},,,,,,,,,,,,,49714,15441,19266959536,37.923785,-90.771554,2026-08-07T02:36:16.199771
2026-08-07T02:36:16.199771,walmart.com,strawberries,173,Potosi Supercenter,63664,1,35,Simply Nature NON-GMO Freeze Dried Strawberries 1.0oz 28g (2 Bags),,False,,15.99,,,,,,,,0.0,0,,,,,,https://i5.walmartimages.com/seo/Simply-Nature-NON-GMO-Freeze-Dried-Strawberries-1-0oz-28g-2-Bags_5cffe8f3-8548-4168-bf17-0489ba23fe18.79ec6d8b66e562a3406106ef84426494.jpeg,,https://www.walmart.com/ip/Simply-Nature-NON-GMO-Freeze-Dried-Strawberries-1-0oz-28g-2-Bags/2133632943?classType=REGULAR,,,,,,,,,,,,,{'product_id': '2133632943'},,,,,,,,,,,,,49714,15441,2133632943,37.923785,-90.771554,2026-08-07T02:36:16.199771
2026-08-07T02:36:16.199771,walmart.com,strawberries,173,Potosi Supercenter,63664,1,33,Fresh and Honest Foods 100% All Natural Freeze Dried Strawberries 6.3 OZ #10 Can,,False,,32.0,,,,,,,,3.8,5,,,,,,https://i5.walmartimages.com/seo/Fresh-and-Honest-Foods-100-All-Natural-Freeze-Dried-Strawberries-6-3-OZ-10-Can_d87f043b-b6be-4047-97cc-650f843d5782_2.4f26e6f398c50cf6cddfa3d36c9fb086.jpeg,,https://www.walmart.com/ip/Fresh-and-Honest-Foods-100-All-Natural-Freeze-Dried-Strawberries-6-3-OZ-10-Can/517722278?classType=REGULAR,,,,,,,,,,,,,{'product_id': '517722278'},,,,,,,,,,,,,49714,15441,517722278,37.923785,-90.771554,2026-08-07T02:36:16.199771
2026-08-07T02:36:16.199771,walmart.com,strawberries,173,Potosi Supercenter,63664,1,34,WinCrest Dried Candied Strawberries - 5 Lb Case,,False,,54.99,,,,,,,,0.0,0,,,,,,https://i5.walmartimages.com/seo/WinCrest-Dried-Candied-Strawberries-5-Lb-Case_cfbb5c30-836b-4337-bbb4-6a1a07d977fe.0151e29d92dadeee3cbaf26103ad5ec4.jpeg,,https://www.walmart.com/ip/WinCrest-Dried-Candied-Strawberries-5-Lb-Case/2155949213?classType=REGULAR,,,,,,,,,,,,,{'product_id': '2155949213'},,,,,,,,,,,,,49714,15441,2155949213,37.923785,-90.771554,2026-08-07T02:36:16.199771
2026-08-07T02:36:16.199771,walmart.com,strawberries,173,Potosi Supercenter,63664,1,36,"Organic Freeze-Dried Strawberries, 8 Ounces - Non-GMO, Kosher, Bulk - by Food to Live",,False,,38.75,,,,,,,,4.3,3,,,,,,https://i5.walmartimages.com/seo/Organic-Freeze-Dried-Strawberries-8-Ounces-Non-GMO-Kosher-Bulk-by-Food-to-Live_d64ce187-d447-49f0-9a3f-a51342d2b4e6.0825b13b0b937c64c61aba29d9739d74.jpeg,,https://www.walmart.com/ip/Organic-Freeze-Dried-Strawberries-8-Ounces-Non-GMO-Kosher-Bulk-by-Food-to-Live/16264674047?classType=VARIANT,,,,,,,,,,,,,{'product_id': '16264674047'},,,,,,,,,,,,,49714,15441,16264674047,37.923785,-90.771554,2026-08-07T02:36:16.199771
2026-08-07T02:36:16.199771,walmart.com,strawberries,173,Potosi Supercenter,63664,1,38,Lybelu New Dried Strawberries  4 Ounces,,False,,11.5,,,,,,,,0.0,0,,,,,,https://i5.walmartimages.com/seo/Lybelu-New-Dried-Strawberries-4-Ounces_02933d5f-a94f-4de4-a4e6-c3ec2c329902.c75ae13d34a89330a9c1c36b67a88b3d.jpeg,,https://www.walmart.com/ip/Lybelu-New-Dried-Strawberries-4-Ounces/2133642105?classType=REGULAR,,,,,,,,,,,,,{'product_id': '2133642105'},,,,,,,,,,,,,49714,15441,2133642105,37.923785,-90.771554,2026-08-07T02:36:16.199771
2026-08-07T02:36:16.199771,walmart.com,strawberries,173,Potosi Supercenter,63664,1,37,"BEAR Fruit Dried Strawberries 90g, Imported from Britain",,False,,24.39,,,,,,,,0.0,0,,,,,,https://i5.walmartimages.com/seo/BEAR-Fruit-Dried-Strawberries-90g-Imported-from-Britain_24109d45-4fa4-4d8f-98dd-24b88ca73faf.75f18c46df9b64c36eff130b44f60199.jpeg,,https://www.walmart.com/ip/BEAR-Fruit-Dried-Strawberries-90g-Imported-from-Britain/19682817460?classType=REGULAR,,,,,,,,,,,,,{'product_id': '19682817460'},,,,,,,,,,,,,49714,15441,19682817460,37.923785,-90.771554,2026-08-07T02:36:16.199771
2026-08-07T02:36:16.199771,walmart.com,strawberries,173,Potosi Supercenter,63664,1,39,Simple Truth Freeze-Dried Strawberries 1 oz. (Pack of 2),,False,,24.97,,,,,,,,5.0,1,,,,,,https://i5.walmartimages.com/seo/Simple-Truth-Freeze-Dried-Strawberries-1-oz-Pack-of-2_0db64d4e-bb3f-4019-bfd6-4d8f4cd3a572.8b1dcabee0e07b8383d529a82afbc50a.jpeg,,https://www.walmart.com/ip/Simple-Truth-Freeze-Dried-Strawberries-1-oz-Pack-of-2/970066855?classType=REGULAR,,,,,,,,,,,,,{'product_id': '970066855'},,,,,,,,,,,,,49714,15441,970066855,37.923785,-90.771554,2026-08-07T02:36:16.199771
2026-08-07T02:36:16.199771,walmart.com,strawberries,173,Potosi Supercenter,63664,1,40,"Simply Nature Freeze Dried Strawberries Snack Pack Non-GMO, 6 Count, 2.1 Oz",,False,,19.99,,,,,,,,0.0,0,,,,,,https://i5.walmartimages.com/seo/Simply-Nature-Freeze-Dried-Strawberries-Snack-Pack-Non-GMO-6-Count-2-1-Oz_533640c2-5341-44cd-80c0-c88b0f0d4990.a02ba57972cfc49236f01780483abfeb.jpeg,,https://www.walmart.com/ip/Simply-Nature-Freeze-Dried-Strawberries-Snack-Pack-Non-GMO-6-Count-2-1-Oz/19868921819?classType=REGULAR,,,,,,,,,,,,,{'product_id': '19868921819'},,,,,,,,,,,,,49714,15441,19868921819,37.923785,-90.771554,2026-08-07T02:36:16.199771
2026-08-07T02:36:16.199771,walmart.com,strawberries,4065,Wilmington Market St Supercenter,28411,1,1,"Fresh Strawberries, 2 lb Container",,False,['Overall pick'],4.52,,,,,,,,3.9,92419,,,,,,https://i5.walmartimages.com/seo/Fresh-Strawberries-2-lb-Container_dd2bcd97-25af-4a91-9258-989853e16b2f_1.36dd4f1579a25d423741d9970de3ddac.jpeg,,https://www.walmart.com/ip/Fresh-Strawberries-2-lb-Container/22660282?classType=REGULAR&athbdg=L1600,,,,,,,,,,,,,{'product_id': '22660282'},,,,,,,,,,,,,49714,15441,22660282,34.295974,-77.799157,2026-08-07T02:36:16.199771
2026-08-07T02:36:16.199771,walmart.com,strawberries,4065,Wilmington Market St Supercenter,28411,1,2,"Fresh USDA Organic Strawberries, 1 lb Container",,False,['10K+ bought since yesterday'],3.33,,,,,,,,3.6,7254,,,,10000,,https://i5.walmartimages.com/seo/Fresh-USDA-Organic-Strawberries-1-lb-Container_d9df3e2b-85ca-40ea-9580-b907ef043406.a7afdd2ac762c18c954e62a470734b87.png,,https://www.walmart.com/ip/Fresh-USDA-Organic-Strawberries-1-lb-Container/45618183?classType=REGULAR&athbdg=L1102,,,,,,,,,,,,,{'product_id': '45618183'},,,,,,,,,,,,,49714,15441,45618183,34.295974,-77.799157,2026-08-07T02:36:16.199771
2026-08-07T02:36:16.199771,walmart.com,strawberries,4065,Wilmington Market St Supercenter,28411,1,3,"Fresh Strawberries, 8.8 oz Container",,False,['10K+ bought since yesterday'],1.82,,,,,,,,3.8,12567,,,,10000,,https://i5.walmartimages.com/seo/Fresh-Strawberries-8-8-oz-Container_4be7094f-7907-4580-944d-3cd4c0b2d238.ffcf0a1145778a1e5f7c1cabef12c9fd.jpeg,,https://www.walmart.com/ip/Fresh-Strawberries-8-8-oz-Container/1175460573?classType=REGULAR&athbdg=L1102,,,,,,,,,,,,,{'product_id': '1175460573'},,,,,,,,,,,,,49714,15441,1175460573,34.295974,-77.799157,2026-08-07T02:36:16.199771
2026-08-07T02:36:16.199771,walmart.com,strawberries,4065,Wilmington Market St Supercenter,28411,1,4,"Great Value Whole Strawberries, 16 oz (Frozen)",,False,['Best seller'],2.86,,,,,,,,4.6,10262,,,,10000,,https://i5.walmartimages.com/seo/GV-Whole-Strawb-16oz_14b5eca6-798a-43fa-91be-f365ec3fc646.f54aab8f1878d45f752a6dfec54dad12.jpeg,,https://www.walmart.com/ip/GV-Whole-Strawb-16oz/10543663?classType=REGULAR&athbdg=L1600,,,,,,,,,,,,,{'product_id': '10543663'},,,,,,,,,,,,,49714,15441,10543663,34.295974,-77.799157,2026-08-07T02:36:16.199771
2026-08-07T02:36:16.199771,walmart.com,strawberries,4065,Wilmington Market St Supercenter,28411,1,8,"Dole Sliced Strawberry, 14 oz, 8 per Case",,False,,86.47,,,,,,,,3.0,1,,,,,,https://i5.walmartimages.com/seo/Dole-Sliced-Strawberry-14-oz-8-per-Case_67628534-7f4c-497d-a9d7-06fb36bfaee9.7e688b4ec63867c0edb58f5d4ae630c7.jpeg,,https://www.walmart.com/ip/Dole-Sliced-Strawberry-14-oz-8-per-Case/645793229?classType=REGULAR,,,,,,,,,,,,,{'product_id': '645793229'},,,,,,,,,,,,,49714,15441,645793229,34.295974,-77.799157,2026-08-07T02:36:16.199771
2026-08-07T02:36:16.199771,walmart.com,strawberries,4065,Wilmington Market St Supercenter,28411,1,5,"Great Value Sliced Strawberries, 64 oz (Frozen)",,False,['5K+ bought since yesterday'],9.82,,,,,,,,4.7,8483,,,,5000,,https://i5.walmartimages.com/seo/Great-Value-Sliced-Strawberries-64-oz-Frozen_bec1b1a6-7179-4139-8b85-bff6202dda70_4.96ef909a06b019e320228b4a7a4f12f3.jpeg,,https://www.walmart.com/ip/Great-Value-Sliced-Strawberries-64-oz-Frozen/672666564?classType=REGULAR&athbdg=L1102,,,,,,,,,,,,,{'product_id': '672666564'},,,,,,,,,,,,,49714,15441,672666564,34.295974,-77.799157,2026-08-07T02:36:16.199771
2026-08-07T02:36:16.199771,walmart.com,strawberries,4065,Wilmington Market St Supercenter,28411,1,6,"Great Value Whole Strawberries, 64 oz (Frozen)",,False,,9.42,,,,,,,,4.7,4965,,,,,,https://i5.walmartimages.com/seo/Great-Value-Whole-Strawberries-64-oz-Frozen_c4e4ef22-2d66-413b-939d-565333deaef4.3a82c613d8beefa6a65578be554dbcd1.jpeg,,https://www.walmart.com/ip/Great-Value-Whole-Strawberries-64-oz-Frozen/44389039?classType=REGULAR,,,,,,,,,,,,,{'product_id': '44389039'},,,,,,,,,,,,,49714,15441,44389039,34.295974,-77.799157,2026-08-07T02:36:16.199771
2026-08-07T02:36:16.199771,walmart.com,strawberries,4065,Wilmington Market St Supercenter,28411,1,7,"Commodity Fruit Whole Strawberry Piece, 30 Pound -- 1 each.",,False,,140.64,,,,,,,,1.0,2,,,,,,https://i5.walmartimages.com/seo/Commodity-Fruit-Whole-Strawberry-Piece-30-Pound-1-each_cea2a115-2819-444e-9e54-0e83bd5459f7.6b7febd8c01e24528174019cb3358daf.jpeg,,https://www.walmart.com/ip/Commodity-Fruit-Whole-Strawberry-Piece-30-Pound-1-each/151247942?classType=REGULAR,,,,,,,,,,,,,{'product_id': '151247942'},,,,,,,,,,,,,49714,15441,151247942,34.295974,-77.799157,2026-08-07T02:36:16.199771
2026-08-07T02:36:16.199771,walmart.com,strawberries,4065,Wilmington Market St Supercenter,28411,1,9,"Dole Individual Quick Frozen Strawberry, 30 Pound",,False,,158.44,,,,,,,,0.0,0,,,,,,https://i5.walmartimages.com/seo/Dole-Individual-Quick-Frozen-Strawberry-30-Pound_8cd14247-44f8-483b-8d1f-5b3807d2530e.c6cf3586864eb32ac445adf7ae5404a4.jpeg,,https://www.walmart.com/ip/Dole-Individual-Quick-Frozen-Strawberry-30-Pound/1891056080?classType=REGULAR,,,,,,,,,,,,,{'product_id': '1891056080'},,,,,,,,,,,,,49714,15441,1891056080,34.295974,-77.799157,2026-08-07T02:36:16.199771
2026-08-07T02:36:16.199771,walmart.com,strawberries,4065,Wilmington Market St Supercenter,28411,1,11,"Great Value Sliced Strawberries with Sugar, 15.5 oz (Frozen)",,False,,3.96,,,,,,,,4.5,2064,,,,,,https://i5.walmartimages.com/seo/Great-Value-Sliced-Strawberries-with-Sugar-15-5-oz-Frozen_832cb121-7cad-4dee-abb9-cda28cf80e36.f8c09a2e8a252a936220524c8e7e8e76.jpeg,,https://www.walmart.com/ip/Great-Value-Sliced-Strawberries-with-Sugar-15-5-oz-Frozen/22569731?classType=REGULAR,,,,,,,,,,,,,{'product_id': '22569731'},,,,,,,,,,,,,49714,15441,22569731,34.295974,-77.799157,2026-08-07T02:36:16.199771
2026-08-07T02:36:16.199771,walmart.com,strawberries,4065,Wilmington Market St Supercenter,28411,1,10,"Dole Individual Quick Frozen Strawberry, 5 Pound -- 2 per case.",,False,,89.93,,,,,,,,0.0,0,,,,,,https://i5.walmartimages.com/seo/Dole-Individual-Quick-Frozen-Strawberry-5-Pound-2-per-case_42d8a431-e17d-4bfa-9aa0-42c37898c0dc.0cb8f85fe1438eb29183c4d77d78fdc1.jpeg,,https://www.walmart.com/ip/Dole-Individual-Quick-Frozen-Strawberry-5-Pound-2-per-case/960104993?classType=REGULAR,,,,,,,,,,,,,{'product_id': '960104993'},,,,,,,,,,,,,49714,15441,960104993,34.295974,-77.799157,2026-08-07T02:36:16.199771
2026-08-07T02:36:16.199771,walmart.com,strawberries,4065,Wilmington Market St Supercenter,28411,1,12,"Simplot Classic Whole Strawberry Fruit, 10 Pound - 1 each.",,False,,92.56,,,,,,,,0.0,0,,,,,,https://i5.walmartimages.com/seo/Simplot-Classic-Whole-Strawberry-Fruit-10-Pound-1-each_d3090d40-d6c7-4e30-ab24-24511b4a761f.abc4979e5cd2c9e58f7e4692094097a8.jpeg,,https://www.walmart.com/ip/Simplot-Classic-Whole-Strawberry-Fruit-10-Pound-1-each/411691083?classType=REGULAR,,,,,,,,,,,,,{'product_id': '411691083'},,,,,,,,,,,,,49714,15441,411691083,34.295974,-77.799157,2026-08-07T02:36:16.199771
2026-08-07T02:36:16.199771,walmart.com,strawberries,4065,Wilmington Market St Supercenter,28411,1,13,"bettergoods Organic Dried Strawberries, 5 oz",,False,,7.12,,,,,,,,4.2,499,,,,,,https://i5.walmartimages.com/seo/bettergoods-Organic-Dried-Strawberries-5-oz_6f1d1da0-e77b-4353-af9d-334dea89adee.1dee10be180c621f4fa263c0a4c231b2.jpeg?odnHeight=180&odnWidth=180&odnBg=FFFFFF,,https://www.walmart.com/ip/bettergoods-Organic-Dried-Strawberries-5-oz/5464020048?classType=VARIANT,,,,,,,,,,,,,{'product_id': '5464020048'},,,,,,,,,,,,,49714,15441,5464020048,34.295974,-77.799157,2026-08-07T02:36:16.199771
2026-08-07T02:36:16.199771,walmart.com,strawberries,4065,Wilmington Market St Supercenter,28411,1,16,"Dried Sweetened Strawberries by Its Delish, 10 lbs",,False,,107.0,,,,,,,,4.3,21,,,,,,https://i5.walmartimages.com/seo/Dried-Sweetened-Strawberries-by-Its-Delish-10-lbs_4eccefce-4bec-4c2b-b576-9771063436c0.a967e7c8cd3dfcf595bfa72e97624bfd.jpeg,,https://www.walmart.com/ip/Dried-Sweetened-Strawberries-by-Its-Delish-10-lbs/770977252?classType=VARIANT,,,,,,,,,,,,,{'product_id': '770977252'},,,,,,,,,,,,,49714,15441,770977252,34.295974,-77.799157,2026-08-07T02:36:16.199771
2026-08-07T02:36:16.199771,walmart.com,strawberries,4065,Wilmington Market St Supercenter,28411,1,14,"(6 pack) Augason Farms Freeze Dried Sliced Strawberries Can - Gluten Free Snack for Baking, Smoothies, and Emergency Storage - Healthy Individual Fruit Snacks – 6.5 Ounces (18 Servings)",,False,,119.88,,,,,,,,0.0,0,,,,,,https://i5.walmartimages.com/seo/6-pack-Augason-Farms-Freeze-Dried-Sliced-Strawberries-6-4-oz-No-10-Can_fa5b1700-d18e-468a-8b17-a539d9eb3981.eefa5a1baf4f027db39f248db9955e10.jpeg?odnHeight=180&odnWidth=180&odnBg=FFFFFF,,https://www.walmart.com/ip/6-pack-Augason-Farms-Freeze-Dried-Sliced-Strawberries-6-4-oz-No-10-Can/15382562000?classType=VARIANT,,,,,,,,,,,,,{'product_id': '15382562000'},,,,,,,,,,,,,49714,15441,15382562000,34.295974,-77.799157,2026-08-07T02:36:16.199771
2026-08-07T02:36:16.199771,walmart.com,strawberries,4065,Wilmington Market St Supercenter,28411,1,18,"Organic Dried Strawberries, 2 Pounds  Non-GMO, Kosher, Sweetened  by Food to Live",,False,,48.66,,,,,,,,4.3,22,,,,,,https://i5.walmartimages.com/seo/Organic-Dried-Strawberries-2-Pounds-Non-GMO-Kosher-Sweetened-by-Food-to-Live_84b3350b-46a9-432e-a1e4-0b5200442d9a.652deedfefcba9a00df1647796cf258c.jpeg,,https://www.walmart.com/ip/Organic-Dried-Strawberries-2-Pounds-Non-GMO-Kosher-Sweetened-by-Food-to-Live/652044157?classType=VARIANT,,,,,,,,,,,,,{'product_id': '652044157'},,,,,,,,,,,,,49714,15441,652044157,34.295974,-77.799157,2026-08-07T02:36:16.199771
2026-08-07T02:36:16.199771,walmart.com,strawberries,4065,Wilmington Market St Supercenter,28411,1,20,Happy Village Organic Soft Dried Strawberries 18 oz Resealable Pack,,False,,26.01,,,,,,,,4.5,54,,,,,,https://i5.walmartimages.com/seo/Happy-Village-Organic-Whole-Dried-Strawberries-18-OZ-Resealable-Pack-Soft-Juicy-Kosher-Non-GMO-Refined-Sugar-Organic-Apple-Juice-Infused-Organic-Drie_3e3dbd2a-21c8-4b00-b01c-5cc457202f52.4696598a6ed2b3ffa82f594b823d7292.jpeg,,https://www.walmart.com/ip/Happy-Village-Organic-Whole-Dried-Strawberries-18-OZ-Resealable-Pack-Soft-Juicy-Kosher-Non-GMO-No-Refined-Sugar-Apple-Juice-Infused-Strawberry/1676663793?classType=VARIANT,,,,,,,,,,,,,{'product_id': '1676663793'},,,,,,,,,,,,,49714,15441,1676663793,34.295974,-77.799157,2026-08-07T02:36:16.199771
2026-08-07T02:36:16.199771,walmart.com,strawberries,4065,Wilmington Market St Supercenter,28411,1,22,"swiig Freeze-Dried, Diced Strawberries 205g",,False,,38.29,,,,,,,,0.0,0,,,,,,https://i5.walmartimages.com/seo/swiig-Freeze-Dried-Diced-Strawberries-205g_a4f32191-6190-4ccc-8621-a3ef0df6aab0.b531cbd4c0d08490c3b0c6ed4ad2c964.jpeg,,https://www.walmart.com/ip/swiig-Freeze-Dried-Diced-Strawberries-205g/19644053840?classType=REGULAR,,,,,,,,,,,,,{'product_id': '19644053840'},,,,,,,,,,,,,49714,15441,19644053840,34.295974,-77.799157,2026-08-07T02:36:16.199771
2026-08-07T02:36:16.199771,walmart.com,strawberries,4065,Wilmington Market St Supercenter,28411,1,15,"Organic Freeze-Dried Strawberries, 1 Pound - Non-GMO, Kosher, Bulk - by Food to Live",,False,,74.38,,,,,,,,4.3,3,,,,,,https://i5.walmartimages.com/seo/Organic-Freeze-Dried-Strawberries-1-Pound-Non-GMO-Kosher-Bulk-by-Food-to-Live_c54b2692-2e58-4f54-bddb-ef9ecab4baac.72dd21d51f9c1e9dffffc1d132355130.jpeg,,https://www.walmart.com/ip/Organic-Freeze-Dried-Strawberries-1-Pound-Non-GMO-Kosher-Bulk-by-Food-to-Live/16242366408?classType=VARIANT,,,,,,,,,,,,,{'product_id': '16242366408'},,,,,,,,,,,,,49714,15441,16242366408,34.295974,-77.799157,2026-08-07T02:36:16.199771
2026-08-07T02:36:16.199771,walmart.com,strawberries,4065,Wilmington Market St Supercenter,28411,1,17,"Organic Dried Strawberries, 4 Pounds  Non-GMO, Kosher, Sweetened  by Food to Live",,False,,79.52,,,,,,,,4.3,22,,,,,,https://i5.walmartimages.com/seo/Organic-Dried-Strawberries-4-Pounds-Non-GMO-Kosher-Sweetened-by-Food-to-Live_84b3350b-46a9-432e-a1e4-0b5200442d9a.652deedfefcba9a00df1647796cf258c.jpeg,,https://www.walmart.com/ip/Organic-Dried-Strawberries-4-Pounds-Non-GMO-Kosher-Sweetened-by-Food-to-Live/170251660?classType=VARIANT,,,,,,,,,,,,,{'product_id': '170251660'},,,,,,,,,,,,,49714,15441,170251660,34.295974,-77.799157,2026-08-07T02:36:16.199771
2026-08-07T02:36:16.199771,walmart.com,strawberries,4065,Wilmington Market St Supercenter,28411,1,19,Future Essentials Freeze Dried Long Shelf Life Emergency Food Sliced Strawberries #2.5/ 2.2oz/Can- 12 Cans,,False,,249.0,,,,,,,,0.0,0,,,,,,https://i5.walmartimages.com/seo/Future-Essentials-Freeze-Dried-Long-Shelf-Life-Emergency-Food-Sliced-Strawberries-2-5-2-2oz-Can-12-Cans_232eed1c-6312-4173-8cde-41b7d7f02d2f.c7cae552b54b61b1a7200d5fbf3cfe64.png,,https://www.walmart.com/ip/Future-Essentials-Freeze-Dried-Long-Shelf-Life-Emergency-Food-Sliced-Strawberries-2-5-2-2oz-Can-12-Cans/1175074664?classType=REGULAR,,,,,,,,,,,,,{'product_id': '1175074664'},,,,,,,,,,,,,49714,15441,1175074664,34.295974,-77.799157,2026-08-07T02:36:16.199771
2026-08-07T02:36:16.199771,walmart.com,strawberries,4065,Wilmington Market St Supercenter,28411,1,21,"Dole Sliced Strawberry, 5 Pound - 2 per case.",,False,,98.02,,,,,,,,0.0,0,,,,,,https://i5.walmartimages.com/seo/Dole-Sliced-Strawberry-5-Pound-2-per-case_ee37a60b-9bde-41fc-b0b4-6821632b4320.b77a6366bda2ae0192768cb0e9666c0b.jpeg,,https://www.walmart.com/ip/Dole-Sliced-Strawberry-5-Pound-2-per-case/402465107?classType=REGULAR,,,,,,,,,,,,,{'product_id': '402465107'},,,,,,,,,,,,,49714,15441,402465107,34.295974,-77.799157,2026-08-07T02:36:16.199771
2026-08-07T02:36:16.199771,walmart.com,strawberries,4065,Wilmington Market St Supercenter,28411,1,24,"Dried Sweetened Strawberries by Its Delish, 2 lbs",,False,,31.99,,,,,,,,4.3,21,,,,,,https://i5.walmartimages.com/seo/Dried-Sweetened-Strawberries-by-Its-Delish-2-lbs_0bca079b-04eb-414b-aec1-2ac63d11f22e.be90c81917c58cecd461b91c7f969c98.jpeg,,https://www.walmart.com/ip/Dried-Sweetened-Strawberries-by-Its-Delish-2-lbs/125646004?classType=VARIANT,,,,,,,,,,,,,{'product_id': '125646004'},,,,,,,,,,,,,49714,15441,125646004,34.295974,-77.799157,2026-08-07T02:36:16.199771
2026-08-07T02:36:16.199771,walmart.com,strawberries,4065,Wilmington Market St Supercenter,28411,1,23,"NY SPICE SHOP Whole Dried Strawberries - 3 Pound - Dried Whole Strawberries - Chewy Strawberry Treats - Dried Strawberry Snacks - Vibrant Whole Berry Treats for Toppings, Mixes & Everyday Use",,False,,47.99,,,,,,,,4.2,28,,,,,,https://i5.walmartimages.com/seo/NY-SPICE-SHOP-Dried-Whole-Strawberry-3-Pound-Dried-Strawberries-Natural-Dry-Fruits_701123a9-32bd-44a8-8be6-2be21a242276.dd65300a86f2462349f3fac8d30d0db7.jpeg,,https://www.walmart.com/ip/NY-SPICE-SHOP-Dried-Whole-Strawberry-3-Pound-Dried-Strawberries-Natural-Dry-Fruits/3144525957?classType=VARIANT,,,,,,,,,,,,,{'product_id': '3144525957'},,,,,,,,,,,,,49714,15441,3144525957,34.295974,-77.799157,2026-08-07T02:36:16.199771
2026-08-07T02:36:16.199771,walmart.com,strawberries,4065,Wilmington Market St Supercenter,28411,1,26,"Freeze-Dried Whole Strawberries, Unsliced | Family Party Size | 8 Ounce",,False,,20.46,,,,,,,,5.0,2,,,,,,https://i5.walmartimages.com/seo/Freeze-Dried-Whole-Strawberries-Unsliced-Family-Party-Size-8-Ounce_f9a710fc-03c3-48a5-aaf6-ba9eae862097.49482392ec5b1fa61f480aa82519a84b.png,,https://www.walmart.com/ip/Freeze-Dried-Whole-Strawberries-Unsliced-Family-Party-Size-8-Ounce/15228253752?classType=REGULAR,,,,,,,,,,,,,{'product_id': '15228253752'},,,,,,,,,,,,,49714,15441,15228253752,34.295974,-77.799157,2026-08-07T02:36:16.199771
2026-08-07T02:36:16.199771,walmart.com,strawberries,4065,Wilmington Market St Supercenter,28411,1,25,(Pack of 6) Sunny Fruit Organic Dried Strawberries 3.5 Oz,,False,,56.99,,,,,,,,0.0,0,,,,,,https://i5.walmartimages.com/seo/Pack-of-6-Sunny-Fruit-Organic-Dried-Strawberries-3-5-Oz_9ef053f8-715c-4628-be2c-c3d0f07aaa13.9816c17d234de0f2e9bd50888c3fb870.png,,https://www.walmart.com/ip/Pack-of-6-Sunny-Fruit-Organic-Dried-Strawberries-3-5-Oz/18243070086?classType=VARIANT,,,,,,,,,,,,,{'product_id': '18243070086'},,,,,,,,,,,,,49714,15441,18243070086,34.295974,-77.799157,2026-08-07T02:36:16.199771
2026-08-07T02:36:16.199771,walmart.com,strawberries,4065,Wilmington Market St Supercenter,28411,1,30,"Happy Village Organic Soft Dried Strawberries On the Go, 15 x 1 oz Packs",,False,,28.99,,,,,,,,4.5,54,,,,,,https://i5.walmartimages.com/seo/Happy-Village-Organic-Soft-Dried-Strawberries-Go-3-Bags-15-Individual-Portion-Packs-Healthy-Organic-Non-GMO-Vegan-Kosher-Gluten-Free-Snack-Packs_7b721f74-6032-4434-889a-fb812d853b05.3f871b7fe4174b82bea6bd8b11ccb174.jpeg,,https://www.walmart.com/ip/Happy-Village-Organic-Soft-Dried-Strawberries-Go-3-Bags-15-Individual-Portion-Packs-Healthy-Organic-Non-GMO-Vegan-Kosher-Gluten-Free-Snack-Packs/19266959536?classType=VARIANT,,,,,,,,,,,,,{'product_id': '19266959536'},,,,,,,,,,,,,49714,15441,19266959536,34.295974,-77.799157,2026-08-07T02:36:16.199771
2026-08-07T02:36:16.199771,walmart.com,strawberries,4065,Wilmington Market St Supercenter,28411,1,27,"Volupta Premium Freeze Dried Strawberries, 5 Ounce",,False,,19.4,,,,,,,,2.0,3,,,,,,https://i5.walmartimages.com/seo/Volupta-Premium-Freeze-Dried-Strawberries-5-Ounce_f82a97d4-be5f-470d-86b7-59447a70118a.601ef7638f88e8073e38b369c0e5a7e7.jpeg,,https://www.walmart.com/ip/Volupta-Premium-Freeze-Dried-Strawberries-5-Ounce/17360007609?classType=REGULAR,,,,,,,,,,,,,{'product_id': '17360007609'},,,,,,,,,,,,,49714,15441,17360007609,34.295974,-77.799157,2026-08-07T02:36:16.199771
2026-08-07T02:36:16.199771,walmart.com,strawberries,4065,Wilmington Market St Supercenter,28411,1,28,"Dried Sweetened Strawberries by Its Delish, 5 lbs",,False,,57.99,,,,,,,,4.3,21,,,,,,https://i5.walmartimages.com/seo/Dried-Sweetened-Strawberries-by-Its-Delish-5-lbs_4eccefce-4bec-4c2b-b576-9771063436c0.a967e7c8cd3dfcf595bfa72e97624bfd.jpeg,,https://www.walmart.com/ip/Dried-Sweetened-Strawberries-by-Its-Delish-5-lbs/718134255?classType=VARIANT,,,,,,,,,,,,,{'product_id': '718134255'},,,,,,,,,,,,,49714,15441,718134255,34.295974,-77.799157,2026-08-07T02:36:16.199771
2026-08-07T02:36:16.199771,walmart.com,strawberries,4065,Wilmington Market St Supercenter,28411,1,29,"Organic Freeze-Dried Strawberries, 1 Ounce  Non-GMO, Kosher, Bulk - by Food to Live",,False,,11.99,,,,,,,,4.3,3,,,,,,https://i5.walmartimages.com/seo/Organic-Freeze-Dried-Strawberries-1-Ounce-Non-GMO-Kosher-Bulk-by-Food-to-Live_63fc0cbc-4388-4433-9487-6c52e174b6c8.0d7dd8a20e056c67462845aa964a28c9.jpeg,,https://www.walmart.com/ip/Organic-Freeze-Dried-Strawberries-1-Ounce-Non-GMO-Kosher-Bulk-by-Food-to-Live/16294167610?classType=VARIANT,,,,,,,,,,,,,{'product_id': '16294167610'},,,,,,,,,,,,,49714,15441,16294167610,34.295974,-77.799157,2026-08-07T02:36:16.199771
2026-08-07T02:36:16.199771,walmart.com,strawberries,4065,Wilmington Market St Supercenter,28411,1,33,WinCrest Dried Candied Strawberries - 5 Lb Case,,False,,54.99,,,,,,,,0.0,0,,,,,,https://i5.walmartimages.com/seo/WinCrest-Dried-Candied-Strawberries-5-Lb-Case_cfbb5c30-836b-4337-bbb4-6a1a07d977fe.0151e29d92dadeee3cbaf26103ad5ec4.jpeg,,https://www.walmart.com/ip/WinCrest-Dried-Candied-Strawberries-5-Lb-Case/2155949213?classType=REGULAR,,,,,,,,,,,,,{'product_id': '2155949213'},,,,,,,,,,,,,49714,15441,2155949213,34.295974,-77.799157,2026-08-07T02:36:16.199771
2026-08-07T02:36:16.199771,walmart.com,strawberries,4065,Wilmington Market St Supercenter,28411,1,32,"Organic Freeze-Dried Strawberries, 8 Ounces - Non-GMO, Kosher, Bulk - by Food to Live",,False,,38.75,,,,,,,,4.3,3,,,,,,https://i5.walmartimages.com/seo/Organic-Freeze-Dried-Strawberries-8-Ounces-Non-GMO-Kosher-Bulk-by-Food-to-Live_d64ce187-d447-49f0-9a3f-a51342d2b4e6.0825b13b0b937c64c61aba29d9739d74.jpeg,,https://www.walmart.com/ip/Organic-Freeze-Dried-Strawberries-8-Ounces-Non-GMO-Kosher-Bulk-by-Food-to-Live/16264674047?classType=VARIANT,,,,,,,,,,,,,{'product_id': '16264674047'},,,,,,,,,,,,,49714,15441,16264674047,34.295974,-77.799157,2026-08-07T02:36:16.199771
2026-08-07T02:36:16.199771,walmart.com,strawberries,4065,Wilmington Market St Supercenter,28411,1,31,Fresh and Honest Foods 100% All Natural Freeze Dried Strawberries 6.3 OZ #10 Can,,False,,32.0,,,,,,,,3.8,5,,,,,,https://i5.walmartimages.com/seo/Fresh-and-Honest-Foods-100-All-Natural-Freeze-Dried-Strawberries-6-3-OZ-10-Can_d87f043b-b6be-4047-97cc-650f843d5782_2.4f26e6f398c50cf6cddfa3d36c9fb086.jpeg,,https://www.walmart.com/ip/Fresh-and-Honest-Foods-100-All-Natural-Freeze-Dried-Strawberries-6-3-OZ-10-Can/517722278?classType=REGULAR,,,,,,,,,,,,,{'product_id': '517722278'},,,,,,,,,,,,,49714,15441,517722278,34.295974,-77.799157,2026-08-07T02:36:16.199771
2026-08-07T02:36:16.199771,walmart.com,strawberries,4065,Wilmington Market St Supercenter,28411,1,34,Simply Nature NON-GMO Freeze Dried Strawberries 1.0oz 28g (2 Bags),,False,,15.99,,,,,,,,0.0,0,,,,,,https://i5.walmartimages.com/seo/Simply-Nature-NON-GMO-Freeze-Dried-Strawberries-1-0oz-28g-2-Bags_5cffe8f3-8548-4168-bf17-0489ba23fe18.79ec6d8b66e562a3406106ef84426494.jpeg,,https://www.walmart.com/ip/Simply-Nature-NON-GMO-Freeze-Dried-Strawberries-1-0oz-28g-2-Bags/2133632943?classType=REGULAR,,,,,,,,,,,,,{'product_id': '2133632943'},,,,,,,,,,,,,49714,15441,2133632943,34.295974,-77.799157,2026-08-07T02:36:16.199771
2026-08-07T02:36:16.199771,walmart.com,strawberries,4065,Wilmington Market St Supercenter,28411,1,35,"2PK - Simply Nature Freeze Dried Strawberries, 1.2 oz",,False,,18.35,,,,,,,,5.0,2,,,,,,https://i5.walmartimages.com/seo/2PK-Simply-Nature-Freeze-Dried-Strawberries-1-2-oz_59b8931c-340c-4afe-a5d5-75a5cf47a4b3.30753aca40d5eb78083c106e9fe62b1e.jpeg,,https://www.walmart.com/ip/2PK-Simply-Nature-Freeze-Dried-Strawberries-1-2-oz/13515070098?classType=REGULAR,,,,,,,,,,,,,{'product_id': '13515070098'},,,,,,,,,,,,,49714,15441,13515070098,34.295974,-77.799157,2026-08-07T02:36:16.199771
2026-08-07T02:36:16.199771,walmart.com,strawberries,4065,Wilmington Market St Supercenter,28411,1,38,Simple Truth Freeze-Dried Strawberries 1 oz. (Pack of 2),,False,,24.97,,,,,,,,5.0,1,,,,,,https://i5.walmartimages.com/seo/Simple-Truth-Freeze-Dried-Strawberries-1-oz-Pack-of-2_0db64d4e-bb3f-4019-bfd6-4d8f4cd3a572.8b1dcabee0e07b8383d529a82afbc50a.jpeg,,https://www.walmart.com/ip/Simple-Truth-Freeze-Dried-Strawberries-1-oz-Pack-of-2/970066855?classType=REGULAR,,,,,,,,,,,,,{'product_id': '970066855'},,,,,,,,,,,,,49714,15441,970066855,34.295974,-77.799157,2026-08-07T02:36:16.199771
2026-08-07T02:36:16.199771,walmart.com,strawberries,4065,Wilmington Market St Supercenter,28411,1,39,"Simply Nature Freeze Dried Strawberries Snack Pack Non-GMO, 6 Count, 2.1 Oz",,False,,19.99,,,,,,,,0.0,0,,,,,,https://i5.walmartimages.com/seo/Simply-Nature-Freeze-Dried-Strawberries-Snack-Pack-Non-GMO-6-Count-2-1-Oz_533640c2-5341-44cd-80c0-c88b0f0d4990.a02ba57972cfc49236f01780483abfeb.jpeg,,https://www.walmart.com/ip/Simply-Nature-Freeze-Dried-Strawberries-Snack-Pack-Non-GMO-6-Count-2-1-Oz/19868921819?classType=REGULAR,,,,,,,,,,,,,{'product_id': '19868921819'},,,,,,,,,,,,,49714,15441,19868921819,34.295974,-77.799157,2026-08-07T02:36:16.199771
2026-08-07T02:36:16.199771,walmart.com,strawberries,4065,Wilmington Market St Supercenter,28411,1,36,"BEAR Fruit Dried Strawberries 90g, Imported from Britain",,False,,24.39,,,,,,,,0.0,0,,,,,,https://i5.walmartimages.com/seo/BEAR-Fruit-Dried-Strawberries-90g-Imported-from-Britain_24109d45-4fa4-4d8f-98dd-24b88ca73faf.75f18c46df9b64c36eff130b44f60199.jpeg,,https://www.walmart.com/ip/BEAR-Fruit-Dried-Strawberries-90g-Imported-from-Britain/19682817460?classType=REGULAR,,,,,,,,,,,,,{'product_id': '19682817460'},,,,,,,,,,,,,49714,15441,19682817460,34.295974,-77.799157,2026-08-07T02:36:16.199771
2026-08-07T02:36:16.199771,walmart.com,strawberries,4065,Wilmington Market St Supercenter,28411,1,37,Lybelu New Dried Strawberries  4 Ounces,,False,,11.5,,,,,,,,0.0,0,,,,,,https://i5.walmartimages.com/seo/Lybelu-New-Dried-Strawberries-4-Ounces_02933d5f-a94f-4de4-a4e6-c3ec2c329902.c75ae13d34a89330a9c1c36b67a88b3d.jpeg,,https://www.walmart.com/ip/Lybelu-New-Dried-Strawberries-4-Ounces/2133642105?classType=REGULAR,,,,,,,,,,,,,{'product_id': '2133642105'},,,,,,,,,,,,,49714,15441,2133642105,34.295974,-77.799157,2026-08-07T02:36:16.199771
2026-08-07T02:36:16.199771,walmart.com,strawberries,4065,Wilmington Market St Supercenter,28411,1,40,(2 packs) Trader Joe's Freeze Dried Strawberries Unsweetened Unsulfured Strawberry (2x1.2oz),,False,,17.24,,,,,,,,2.7,6,,,,,,https://i5.walmartimages.com/seo/2-packs-Trader-Joe-s-Freeze-Dried-Strawberries-Unsweetened-Unsulfured-Strawberry-2x1-2oz_ce67e652-991a-457f-8e8d-e51fa13d6273.8990ea0539878b364c2bc2aaa740af3f.png,,https://www.walmart.com/ip/2-packs-Trader-Joe-s-Freeze-Dried-Strawberries-Unsweetened-Unsulfured-Strawberry-2x1-2oz/15744420405?classType=REGULAR,,,,,,,,,,,,,{'product_id': '15744420405'},,,,,,,,,,,,,49714,15441,15744420405,34.295974,-77.799157,2026-08-07T02:36:16.199771
2026-08-07T02:36:16.199771,walmart.com,strawberries,263,Frisco 16600 Farm To Market Rd 423 Supercenter,75034,1,2,"Fresh Strawberries, 2 lb Container",,False,['Best seller'],4.52,,,,,,,,3.9,92419,,,,,,https://i5.walmartimages.com/seo/Fresh-Strawberries-2-lb-Container_dd2bcd97-25af-4a91-9258-989853e16b2f_1.36dd4f1579a25d423741d9970de3ddac.jpeg,,https://www.walmart.com/ip/Fresh-Strawberries-2-lb-Container/22660282?classType=REGULAR&athbdg=L1600,,,,,,,,,,,,,{'product_id': '22660282'},,,,,,,,,,,,,49714,15441,22660282,33.216605,-96.878367,2026-08-07T02:36:16.199771
2026-08-07T02:36:16.199771,walmart.com,strawberries,263,Frisco 16600 Farm To Market Rd 423 Supercenter,75034,1,1,"Fresh Strawberries, 1 lb Container",,False,['Overall pick'],2.38,,,,,,,,3.8,167998,,,,,,https://i5.walmartimages.com/seo/Fresh-Strawberries-1-lb-Container_b54a64ad-e961-46cf-b60c-bc763716fb0b.a481cdfd237c5ab5438d5c9e90bead07.jpeg,,https://www.walmart.com/ip/Fresh-Strawberries-1-lb-Container/44391605?classType=REGULAR&athbdg=L1200,,,,,,,,,,,,,{'product_id': '44391605'},,,,,,,,,,,,,49714,15441,44391605,33.216605,-96.878367,2026-08-07T02:36:16.199771
2026-08-07T02:36:16.199771,walmart.com,strawberries,263,Frisco 16600 Farm To Market Rd 423 Supercenter,75034,1,5,"Great Value Whole Strawberries, 16 oz (Frozen)",,False,['Best seller'],2.86,,,,,,,,4.6,10262,,,,10000,,https://i5.walmartimages.com/seo/GV-Whole-Strawb-16oz_14b5eca6-798a-43fa-91be-f365ec3fc646.f54aab8f1878d45f752a6dfec54dad12.jpeg,,https://www.walmart.com/ip/GV-Whole-Strawb-16oz/10543663?classType=REGULAR&athbdg=L1600,,,,,,,,,,,,,{'product_id': '10543663'},,,,,,,,,,,,,49714,15441,10543663,33.216605,-96.878367,2026-08-07T02:36:16.199771
2026-08-07T02:36:16.199771,walmart.com,strawberries,263,Frisco 16600 Farm To Market Rd 423 Supercenter,75034,1,6,"Great Value Sliced Strawberries, 64 oz (Frozen)",,False,['5K+ bought since yesterday'],9.82,,,,,,,,4.7,8483,,,,5000,,https://i5.walmartimages.com/seo/Great-Value-Sliced-Strawberries-64-oz-Frozen_bec1b1a6-7179-4139-8b85-bff6202dda70_4.96ef909a06b019e320228b4a7a4f12f3.jpeg,,https://www.walmart.com/ip/Great-Value-Sliced-Strawberries-64-oz-Frozen/672666564?classType=REGULAR&athbdg=L1102,,,,,,,,,,,,,{'product_id': '672666564'},,,,,,,,,,,,,49714,15441,672666564,33.216605,-96.878367,2026-08-07T02:36:16.199771
2026-08-07T02:36:16.199771,walmart.com,strawberries,263,Frisco 16600 Farm To Market Rd 423 Supercenter,75034,1,3,"Fresh USDA Organic Strawberries, 1 lb Container",,False,['10K+ bought since yesterday'],3.33,,,,,,,,3.6,7254,,,,10000,,https://i5.walmartimages.com/seo/Fresh-USDA-Organic-Strawberries-1-lb-Container_d9df3e2b-85ca-40ea-9580-b907ef043406.a7afdd2ac762c18c954e62a470734b87.png,,https://www.walmart.com/ip/Fresh-USDA-Organic-Strawberries-1-lb-Container/45618183?classType=REGULAR&athbdg=L1102,,,,,,,,,,,,,{'product_id': '45618183'},,,,,,,,,,,,,49714,15441,45618183,33.216605,-96.878367,2026-08-07T02:36:16.199771
2026-08-07T02:36:16.199771,walmart.com,strawberries,263,Frisco 16600 Farm To Market Rd 423 Supercenter,75034,1,4,"Fresh Strawberries, 8.8 oz Container",,False,['10K+ bought since yesterday'],1.82,,,,,,,,3.8,12567,,,,10000,,https://i5.walmartimages.com/seo/Fresh-Strawberries-8-8-oz-Container_4be7094f-7907-4580-944d-3cd4c0b2d238.ffcf0a1145778a1e5f7c1cabef12c9fd.jpeg,,https://www.walmart.com/ip/Fresh-Strawberries-8-8-oz-Container/1175460573?classType=REGULAR&athbdg=L1102,,,,,,,,,,,,,{'product_id': '1175460573'},,,,,,,,,,,,,49714,15441,1175460573,33.216605,-96.878367,2026-08-07T02:36:16.199771
2026-08-07T02:36:16.199771,walmart.com,strawberries,263,Frisco 16600 Farm To Market Rd 423 Supercenter,75034,1,7,"Great Value Whole Strawberries, 64 oz (Frozen)",,False,,9.42,,,,,,,,4.7,4965,,,,,,https://i5.walmartimages.com/seo/Great-Value-Whole-Strawberries-64-oz-Frozen_c4e4ef22-2d66-413b-939d-565333deaef4.3a82c613d8beefa6a65578be554dbcd1.jpeg,,https://www.walmart.com/ip/Great-Value-Whole-Strawberries-64-oz-Frozen/44389039?classType=REGULAR,,,,,,,,,,,,,{'product_id': '44389039'},,,,,,,,,,,,,49714,15441,44389039,33.216605,-96.878367,2026-08-07T02:36:16.199771
2026-08-07T02:36:16.199771,walmart.com,strawberries,263,Frisco 16600 Farm To Market Rd 423 Supercenter,75034,1,8,"Commodity Fruit Whole Strawberry Piece, 30 Pound -- 1 each.",,False,,140.64,,,,,,,,1.0,2,,,,,,https://i5.walmartimages.com/seo/Commodity-Fruit-Whole-Strawberry-Piece-30-Pound-1-each_cea2a115-2819-444e-9e54-0e83bd5459f7.6b7febd8c01e24528174019cb3358daf.jpeg,,https://www.walmart.com/ip/Commodity-Fruit-Whole-Strawberry-Piece-30-Pound-1-each/151247942?classType=REGULAR,,,,,,,,,,,,,{'product_id': '151247942'},,,,,,,,,,,,,49714,15441,151247942,33.216605,-96.878367,2026-08-07T02:36:16.199771
2026-08-07T02:36:16.199771,walmart.com,strawberries,263,Frisco 16600 Farm To Market Rd 423 Supercenter,75034,1,10,"Dole Sliced Strawberry, 14 oz, 8 per Case",,False,,86.47,,,,,,,,3.0,1,,,,,,https://i5.walmartimages.com/seo/Dole-Sliced-Strawberry-14-oz-8-per-Case_67628534-7f4c-497d-a9d7-06fb36bfaee9.7e688b4ec63867c0edb58f5d4ae630c7.jpeg,,https://www.walmart.com/ip/Dole-Sliced-Strawberry-14-oz-8-per-Case/645793229?classType=REGULAR,,,,,,,,,,,,,{'product_id': '645793229'},,,,,,,,,,,,,49714,15441,645793229,33.216605,-96.878367,2026-08-07T02:36:16.199771
2026-08-07T02:36:16.199771,walmart.com,strawberries,263,Frisco 16600 Farm To Market Rd 423 Supercenter,75034,1,9,"Great Value Sliced Strawberries with Sugar, 23.2 oz (Frozen)",,False,,5.44,,,,,,,,4.6,2991,,,,,,https://i5.walmartimages.com/seo/Great-Value-Sliced-Strawberries-with-Sugar-23-2-oz-Frozen_76fe351a-4a65-46fb-af6c-3b83443d255b.575c3e87b0b7f3af9a110c3ec34f1f23.jpeg,,https://www.walmart.com/ip/Great-Value-Sliced-Strawberries-with-Sugar-23-2-oz-Frozen/31712521?classType=REGULAR,,,,,,,,,,,,,{'product_id': '31712521'},,,,,,,,,,,,,49714,15441,31712521,33.216605,-96.878367,2026-08-07T02:36:16.199771
2026-08-07T02:36:16.199771,walmart.com,strawberries,263,Frisco 16600 Farm To Market Rd 423 Supercenter,75034,1,14,"Simplot Classic Whole Strawberry Fruit, 10 Pound - 1 each.",,False,,92.56,,,,,,,,0.0,0,,,,,,https://i5.walmartimages.com/seo/Simplot-Classic-Whole-Strawberry-Fruit-10-Pound-1-each_d3090d40-d6c7-4e30-ab24-24511b4a761f.abc4979e5cd2c9e58f7e4692094097a8.jpeg,,https://www.walmart.com/ip/Simplot-Classic-Whole-Strawberry-Fruit-10-Pound-1-each/411691083?classType=REGULAR,,,,,,,,,,,,,{'product_id': '411691083'},,,,,,,,,,,,,49714,15441,411691083,33.216605,-96.878367,2026-08-07T02:36:16.199771
2026-08-07T02:36:16.199771,walmart.com,strawberries,263,Frisco 16600 Farm To Market Rd 423 Supercenter,75034,1,11,"Dole Individual Quick Frozen Strawberry, 30 Pound",,False,,158.44,,,,,,,,0.0,0,,,,,,https://i5.walmartimages.com/seo/Dole-Individual-Quick-Frozen-Strawberry-30-Pound_8cd14247-44f8-483b-8d1f-5b3807d2530e.c6cf3586864eb32ac445adf7ae5404a4.jpeg,,https://www.walmart.com/ip/Dole-Individual-Quick-Frozen-Strawberry-30-Pound/1891056080?classType=REGULAR,,,,,,,,,,,,,{'product_id': '1891056080'},,,,,,,,,,,,,49714,15441,1891056080,33.216605,-96.878367,2026-08-07T02:36:16.199771
2026-08-07T02:36:16.199771,walmart.com,strawberries,263,Frisco 16600 Farm To Market Rd 423 Supercenter,75034,1,12,"Dole Individual Quick Frozen Strawberry, 5 Pound -- 2 per case.",,False,,89.93,,,,,,,,0.0,0,,,,,,https://i5.walmartimages.com/seo/Dole-Individual-Quick-Frozen-Strawberry-5-Pound-2-per-case_42d8a431-e17d-4bfa-9aa0-42c37898c0dc.0cb8f85fe1438eb29183c4d77d78fdc1.jpeg,,https://www.walmart.com/ip/Dole-Individual-Quick-Frozen-Strawberry-5-Pound-2-per-case/960104993?classType=REGULAR,,,,,,,,,,,,,{'product_id': '960104993'},,,,,,,,,,,,,49714,15441,960104993,33.216605,-96.878367,2026-08-07T02:36:16.199771
2026-08-07T02:36:16.199771,walmart.com,strawberries,263,Frisco 16600 Farm To Market Rd 423 Supercenter,75034,1,16,"(6 pack) Augason Farms Freeze Dried Sliced Strawberries Can - Gluten Free Snack for Baking, Smoothies, and Emergency Storage - Healthy Individual Fruit Snacks – 6.5 Ounces (18 Servings)",,False,,119.88,,,,,,,,0.0,0,,,,,,https://i5.walmartimages.com/seo/6-pack-Augason-Farms-Freeze-Dried-Sliced-Strawberries-6-4-oz-No-10-Can_fa5b1700-d18e-468a-8b17-a539d9eb3981.eefa5a1baf4f027db39f248db9955e10.jpeg?odnHeight=180&odnWidth=180&odnBg=FFFFFF,,https://www.walmart.com/ip/6-pack-Augason-Farms-Freeze-Dried-Sliced-Strawberries-6-4-oz-No-10-Can/15382562000?classType=VARIANT,,,,,,,,,,,,,{'product_id': '15382562000'},,,,,,,,,,,,,49714,15441,15382562000,33.216605,-96.878367,2026-08-07T02:36:16.199771
2026-08-07T02:36:16.199771,walmart.com,strawberries,263,Frisco 16600 Farm To Market Rd 423 Supercenter,75034,1,13,"Great Value Sliced Strawberries with Sugar, 15.5 oz (Frozen)",,False,,3.96,,,,,,,,4.5,2064,,,,,,https://i5.walmartimages.com/seo/Great-Value-Sliced-Strawberries-with-Sugar-15-5-oz-Frozen_832cb121-7cad-4dee-abb9-cda28cf80e36.f8c09a2e8a252a936220524c8e7e8e76.jpeg,,https://www.walmart.com/ip/Great-Value-Sliced-Strawberries-with-Sugar-15-5-oz-Frozen/22569731?classType=REGULAR,,,,,,,,,,,,,{'product_id': '22569731'},,,,,,,,,,,,,49714,15441,22569731,33.216605,-96.878367,2026-08-07T02:36:16.199771
2026-08-07T02:36:16.199771,walmart.com,strawberries,263,Frisco 16600 Farm To Market Rd 423 Supercenter,75034,1,15,"bettergoods Organic Dried Strawberries, 5 oz",,False,,7.12,,,,,,,,4.2,499,,,,,,https://i5.walmartimages.com/seo/bettergoods-Organic-Dried-Strawberries-5-oz_6f1d1da0-e77b-4353-af9d-334dea89adee.1dee10be180c621f4fa263c0a4c231b2.jpeg?odnHeight=180&odnWidth=180&odnBg=FFFFFF,,https://www.walmart.com/ip/bettergoods-Organic-Dried-Strawberries-5-oz/5464020048?classType=VARIANT,,,,,,,,,,,,,{'product_id': '5464020048'},,,,,,,,,,,,,49714,15441,5464020048,33.216605,-96.878367,2026-08-07T02:36:16.199771
2026-08-07T02:36:16.199771,walmart.com,strawberries,263,Frisco 16600 Farm To Market Rd 423 Supercenter,75034,1,17,"Dried Sweetened Strawberries by Its Delish, 10 lbs",,False,,107.0,,,,,,,,4.3,21,,,,,,https://i5.walmartimages.com/seo/Dried-Sweetened-Strawberries-by-Its-Delish-10-lbs_4eccefce-4bec-4c2b-b576-9771063436c0.a967e7c8cd3dfcf595bfa72e97624bfd.jpeg,,https://www.walmart.com/ip/Dried-Sweetened-Strawberries-by-Its-Delish-10-lbs/770977252?classType=VARIANT,,,,,,,,,,,,,{'product_id': '770977252'},,,,,,,,,,,,,49714,15441,770977252,33.216605,-96.878367,2026-08-07T02:36:16.199771
2026-08-07T02:36:16.199771,walmart.com,strawberries,263,Frisco 16600 Farm To Market Rd 423 Supercenter,75034,1,18,"Organic Freeze-Dried Strawberries, 1 Pound - Non-GMO, Kosher, Bulk - by Food to Live",,False,,74.38,,,,,,,,4.3,3,,,,,,https://i5.walmartimages.com/seo/Organic-Freeze-Dried-Strawberries-1-Pound-Non-GMO-Kosher-Bulk-by-Food-to-Live_c54b2692-2e58-4f54-bddb-ef9ecab4baac.72dd21d51f9c1e9dffffc1d132355130.jpeg,,https://www.walmart.com/ip/Organic-Freeze-Dried-Strawberries-1-Pound-Non-GMO-Kosher-Bulk-by-Food-to-Live/16242366408?classType=VARIANT,,,,,,,,,,,,,{'product_id': '16242366408'},,,,,,,,,,,,,49714,15441,16242366408,33.216605,-96.878367,2026-08-07T02:36:16.199771
2026-08-07T02:36:16.199771,walmart.com,strawberries,263,Frisco 16600 Farm To Market Rd 423 Supercenter,75034,1,20,"Organic Dried Strawberries, 2 Pounds  Non-GMO, Kosher, Sweetened  by Food to Live",,False,,48.66,,,,,,,,4.3,22,,,,,,https://i5.walmartimages.com/seo/Organic-Dried-Strawberries-2-Pounds-Non-GMO-Kosher-Sweetened-by-Food-to-Live_84b3350b-46a9-432e-a1e4-0b5200442d9a.652deedfefcba9a00df1647796cf258c.jpeg,,https://www.walmart.com/ip/Organic-Dried-Strawberries-2-Pounds-Non-GMO-Kosher-Sweetened-by-Food-to-Live/652044157?classType=VARIANT,,,,,,,,,,,,,{'product_id': '652044157'},,,,,,,,,,,,,49714,15441,652044157,33.216605,-96.878367,2026-08-07T02:36:16.199771
2026-08-07T02:36:16.199771,walmart.com,strawberries,263,Frisco 16600 Farm To Market Rd 423 Supercenter,75034,1,21,Future Essentials Freeze Dried Long Shelf Life Emergency Food Sliced Strawberries #2.5/ 2.2oz/Can- 12 Cans,,False,,249.0,,,,,,,,0.0,0,,,,,,https://i5.walmartimages.com/seo/Future-Essentials-Freeze-Dried-Long-Shelf-Life-Emergency-Food-Sliced-Strawberries-2-5-2-2oz-Can-12-Cans_232eed1c-6312-4173-8cde-41b7d7f02d2f.c7cae552b54b61b1a7200d5fbf3cfe64.png,,https://www.walmart.com/ip/Future-Essentials-Freeze-Dried-Long-Shelf-Life-Emergency-Food-Sliced-Strawberries-2-5-2-2oz-Can-12-Cans/1175074664?classType=REGULAR,,,,,,,,,,,,,{'product_id': '1175074664'},,,,,,,,,,,,,49714,15441,1175074664,33.216605,-96.878367,2026-08-07T02:36:16.199771
2026-08-07T02:36:16.199771,walmart.com,strawberries,263,Frisco 16600 Farm To Market Rd 423 Supercenter,75034,1,19,"Organic Dried Strawberries, 4 Pounds  Non-GMO, Kosher, Sweetened  by Food to Live",,False,,79.52,,,,,,,,4.3,22,,,,,,https://i5.walmartimages.com/seo/Organic-Dried-Strawberries-4-Pounds-Non-GMO-Kosher-Sweetened-by-Food-to-Live_84b3350b-46a9-432e-a1e4-0b5200442d9a.652deedfefcba9a00df1647796cf258c.jpeg,,https://www.walmart.com/ip/Organic-Dried-Strawberries-4-Pounds-Non-GMO-Kosher-Sweetened-by-Food-to-Live/170251660?classType=VARIANT,,,,,,,,,,,,,{'product_id': '170251660'},,,,,,,,,,,,,49714,15441,170251660,33.216605,-96.878367,2026-08-07T02:36:16.199771
2026-08-07T02:36:16.199771,walmart.com,strawberries,263,Frisco 16600 Farm To Market Rd 423 Supercenter,75034,1,22,Happy Village Organic Soft Dried Strawberries 18 oz Resealable Pack,,False,,26.01,,,,,,,,4.5,54,,,,,,https://i5.walmartimages.com/seo/Happy-Village-Organic-Whole-Dried-Strawberries-18-OZ-Resealable-Pack-Soft-Juicy-Kosher-Non-GMO-Refined-Sugar-Organic-Apple-Juice-Infused-Organic-Drie_3e3dbd2a-21c8-4b00-b01c-5cc457202f52.4696598a6ed2b3ffa82f594b823d7292.jpeg,,https://www.walmart.com/ip/Happy-Village-Organic-Whole-Dried-Strawberries-18-OZ-Resealable-Pack-Soft-Juicy-Kosher-Non-GMO-No-Refined-Sugar-Apple-Juice-Infused-Strawberry/1676663793?classType=VARIANT,,,,,,,,,,,,,{'product_id': '1676663793'},,,,,,,,,,,,,49714,15441,1676663793,33.216605,-96.878367,2026-08-07T02:36:16.199771
2026-08-07T02:36:16.199771,walmart.com,strawberries,263,Frisco 16600 Farm To Market Rd 423 Supercenter,75034,1,23,"Dole Sliced Strawberry, 5 Pound - 2 per case.",,False,,98.02,,,,,,,,0.0,0,,,,,,https://i5.walmartimages.com/seo/Dole-Sliced-Strawberry-5-Pound-2-per-case_ee37a60b-9bde-41fc-b0b4-6821632b4320.b77a6366bda2ae0192768cb0e9666c0b.jpeg,,https://www.walmart.com/ip/Dole-Sliced-Strawberry-5-Pound-2-per-case/402465107?classType=REGULAR,,,,,,,,,,,,,{'product_id': '402465107'},,,,,,,,,,,,,49714,15441,402465107,33.216605,-96.878367,2026-08-07T02:36:16.199771
2026-08-07T02:36:16.199771,walmart.com,strawberries,263,Frisco 16600 Farm To Market Rd 423 Supercenter,75034,1,25,"NY SPICE SHOP Whole Dried Strawberries - 3 Pound - Dried Whole Strawberries - Chewy Strawberry Treats - Dried Strawberry Snacks - Vibrant Whole Berry Treats for Toppings, Mixes & Everyday Use",,False,,47.99,,,,,,,,4.2,28,,,,,,https://i5.walmartimages.com/seo/NY-SPICE-SHOP-Dried-Whole-Strawberry-3-Pound-Dried-Strawberries-Natural-Dry-Fruits_701123a9-32bd-44a8-8be6-2be21a242276.dd65300a86f2462349f3fac8d30d0db7.jpeg,,https://www.walmart.com/ip/NY-SPICE-SHOP-Dried-Whole-Strawberry-3-Pound-Dried-Strawberries-Natural-Dry-Fruits/3144525957?classType=VARIANT,,,,,,,,,,,,,{'product_id': '3144525957'},,,,,,,,,,,,,49714,15441,3144525957,33.216605,-96.878367,2026-08-07T02:36:16.199771
2026-08-07T02:36:16.199771,walmart.com,strawberries,263,Frisco 16600 Farm To Market Rd 423 Supercenter,75034,1,26,"Dried Sweetened Strawberries by Its Delish, 2 lbs",,False,,31.99,,,,,,,,4.3,21,,,,,,https://i5.walmartimages.com/seo/Dried-Sweetened-Strawberries-by-Its-Delish-2-lbs_0bca079b-04eb-414b-aec1-2ac63d11f22e.be90c81917c58cecd461b91c7f969c98.jpeg,,https://www.walmart.com/ip/Dried-Sweetened-Strawberries-by-Its-Delish-2-lbs/125646004?classType=VARIANT,,,,,,,,,,,,,{'product_id': '125646004'},,,,,,,,,,,,,49714,15441,125646004,33.216605,-96.878367,2026-08-07T02:36:16.199771
2026-08-07T02:36:16.199771,walmart.com,strawberries,263,Frisco 16600 Farm To Market Rd 423 Supercenter,75034,1,27,(Pack of 6) Sunny Fruit Organic Dried Strawberries 3.5 Oz,,False,,56.99,,,,,,,,0.0,0,,,,,,https://i5.walmartimages.com/seo/Pack-of-6-Sunny-Fruit-Organic-Dried-Strawberries-3-5-Oz_9ef053f8-715c-4628-be2c-c3d0f07aaa13.9816c17d234de0f2e9bd50888c3fb870.png,,https://www.walmart.com/ip/Pack-of-6-Sunny-Fruit-Organic-Dried-Strawberries-3-5-Oz/18243070086?classType=VARIANT,,,,,,,,,,,,,{'product_id': '18243070086'},,,,,,,,,,,,,49714,15441,18243070086,33.216605,-96.878367,2026-08-07T02:36:16.199771
2026-08-07T02:36:16.199771,walmart.com,strawberries,263,Frisco 16600 Farm To Market Rd 423 Supercenter,75034,1,24,"swiig Freeze-Dried, Diced Strawberries 205g",,False,,38.29,,,,,,,,0.0,0,,,,,,https://i5.walmartimages.com/seo/swiig-Freeze-Dried-Diced-Strawberries-205g_a4f32191-6190-4ccc-8621-a3ef0df6aab0.b531cbd4c0d08490c3b0c6ed4ad2c964.jpeg,,https://www.walmart.com/ip/swiig-Freeze-Dried-Diced-Strawberries-205g/19644053840?classType=REGULAR,,,,,,,,,,,,,{'product_id': '19644053840'},,,,,,,,,,,,,49714,15441,19644053840,33.216605,-96.878367,2026-08-07T02:36:16.199771
2026-08-07T02:36:16.199771,walmart.com,strawberries,263,Frisco 16600 Farm To Market Rd 423 Supercenter,75034,1,29,"Volupta Premium Freeze Dried Strawberries, 5 Ounce",,False,,19.4,,,,,,,,2.0,3,,,,,,https://i5.walmartimages.com/seo/Volupta-Premium-Freeze-Dried-Strawberries-5-Ounce_f82a97d4-be5f-470d-86b7-59447a70118a.601ef7638f88e8073e38b369c0e5a7e7.jpeg,,https://www.walmart.com/ip/Volupta-Premium-Freeze-Dried-Strawberries-5-Ounce/17360007609?classType=REGULAR,,,,,,,,,,,,,{'product_id': '17360007609'},,,,,,,,,,,,,49714,15441,17360007609,33.216605,-96.878367,2026-08-07T02:36:16.199771
2026-08-07T02:36:16.199771,walmart.com,strawberries,263,Frisco 16600 Farm To Market Rd 423 Supercenter,75034,1,28,"Freeze-Dried Whole Strawberries, Unsliced | Family Party Size | 8 Ounce",,False,,20.46,,,,,,,,5.0,2,,,,,,https://i5.walmartimages.com/seo/Freeze-Dried-Whole-Strawberries-Unsliced-Family-Party-Size-8-Ounce_f9a710fc-03c3-48a5-aaf6-ba9eae862097.49482392ec5b1fa61f480aa82519a84b.png,,https://www.walmart.com/ip/Freeze-Dried-Whole-Strawberries-Unsliced-Family-Party-Size-8-Ounce/15228253752?classType=REGULAR,,,,,,,,,,,,,{'product_id': '15228253752'},,,,,,,,,,,,,49714,15441,15228253752,33.216605,-96.878367,2026-08-07T02:36:16.199771
2026-08-07T02:36:16.199771,walmart.com,strawberries,263,Frisco 16600 Farm To Market Rd 423 Supercenter,75034,1,30,"Dried Sweetened Strawberries by Its Delish, 5 lbs",,False,,57.99,,,,,,,,4.3,21,,,,,,https://i5.walmartimages.com/seo/Dried-Sweetened-Strawberries-by-Its-Delish-5-lbs_4eccefce-4bec-4c2b-b576-9771063436c0.a967e7c8cd3dfcf595bfa72e97624bfd.jpeg,,https://www.walmart.com/ip/Dried-Sweetened-Strawberries-by-Its-Delish-5-lbs/718134255?classType=VARIANT,,,,,,,,,,,,,{'product_id': '718134255'},,,,,,,,,,,,,49714,15441,718134255,33.216605,-96.878367,2026-08-07T02:36:16.199771
2026-08-07T02:36:16.199771,walmart.com,strawberries,263,Frisco 16600 Farm To Market Rd 423 Supercenter,75034,1,31,"Organic Freeze-Dried Strawberries, 1 Ounce  Non-GMO, Kosher, Bulk - by Food to Live",,False,,11.99,,,,,,,,4.3,3,,,,,,https://i5.walmartimages.com/seo/Organic-Freeze-Dried-Strawberries-1-Ounce-Non-GMO-Kosher-Bulk-by-Food-to-Live_63fc0cbc-4388-4433-9487-6c52e174b6c8.0d7dd8a20e056c67462845aa964a28c9.jpeg,,https://www.walmart.com/ip/Organic-Freeze-Dried-Strawberries-1-Ounce-Non-GMO-Kosher-Bulk-by-Food-to-Live/16294167610?classType=VARIANT,,,,,,,,,,,,,{'product_id': '16294167610'},,,,,,,,,,,,,49714,15441,16294167610,33.216605,-96.878367,2026-08-07T02:36:16.199771
2026-08-07T02:36:16.199771,walmart.com,strawberries,263,Frisco 16600 Farm To Market Rd 423 Supercenter,75034,1,32,"Happy Village Organic Soft Dried Strawberries On the Go, 15 x 1 oz Packs",,False,,28.99,,,,,,,,4.5,54,,,,,,https://i5.walmartimages.com/seo/Happy-Village-Organic-Soft-Dried-Strawberries-Go-3-Bags-15-Individual-Portion-Packs-Healthy-Organic-Non-GMO-Vegan-Kosher-Gluten-Free-Snack-Packs_7b721f74-6032-4434-889a-fb812d853b05.3f871b7fe4174b82bea6bd8b11ccb174.jpeg,,https://www.walmart.com/ip/Happy-Village-Organic-Soft-Dried-Strawberries-Go-3-Bags-15-Individual-Portion-Packs-Healthy-Organic-Non-GMO-Vegan-Kosher-Gluten-Free-Snack-Packs/19266959536?classType=VARIANT,,,,,,,,,,,,,{'product_id': '19266959536'},,,,,,,,,,,,,49714,15441,19266959536,33.216605,-96.878367,2026-08-07T02:36:16.199771
2026-08-07T02:36:16.199771,walmart.com,strawberries,263,Frisco 16600 Farm To Market Rd 423 Supercenter,75034,1,33,Fresh and Honest Foods 100% All Natural Freeze Dried Strawberries 6.3 OZ #10 Can,,False,,32.0,,,,,,,,3.8,5,,,,,,https://i5.walmartimages.com/seo/Fresh-and-Honest-Foods-100-All-Natural-Freeze-Dried-Strawberries-6-3-OZ-10-Can_d87f043b-b6be-4047-97cc-650f843d5782_2.4f26e6f398c50cf6cddfa3d36c9fb086.jpeg,,https://www.walmart.com/ip/Fresh-and-Honest-Foods-100-All-Natural-Freeze-Dried-Strawberries-6-3-OZ-10-Can/517722278?classType=REGULAR,,,,,,,,,,,,,{'product_id': '517722278'},,,,,,,,,,,,,49714,15441,517722278,33.216605,-96.878367,2026-08-07T02:36:16.199771
2026-08-07T02:36:16.199771,walmart.com,strawberries,263,Frisco 16600 Farm To Market Rd 423 Supercenter,75034,1,34,"Organic Freeze-Dried Strawberries, 8 Ounces - Non-GMO, Kosher, Bulk - by Food to Live",,False,,38.75,,,,,,,,4.3,3,,,,,,https://i5.walmartimages.com/seo/Organic-Freeze-Dried-Strawberries-8-Ounces-Non-GMO-Kosher-Bulk-by-Food-to-Live_d64ce187-d447-49f0-9a3f-a51342d2b4e6.0825b13b0b937c64c61aba29d9739d74.jpeg,,https://www.walmart.com/ip/Organic-Freeze-Dried-Strawberries-8-Ounces-Non-GMO-Kosher-Bulk-by-Food-to-Live/16264674047?classType=VARIANT,,,,,,,,,,,,,{'product_id': '16264674047'},,,,,,,,,,,,,49714,15441,16264674047,33.216605,-96.878367,2026-08-07T02:36:16.199771
2026-08-07T02:36:16.199771,walmart.com,strawberries,263,Frisco 16600 Farm To Market Rd 423 Supercenter,75034,1,36,Simply Nature NON-GMO Freeze Dried Strawberries 1.0oz 28g (2 Bags),,False,,15.99,,,,,,,,0.0,0,,,,,,https://i5.walmartimages.com/seo/Simply-Nature-NON-GMO-Freeze-Dried-Strawberries-1-0oz-28g-2-Bags_5cffe8f3-8548-4168-bf17-0489ba23fe18.79ec6d8b66e562a3406106ef84426494.jpeg,,https://www.walmart.com/ip/Simply-Nature-NON-GMO-Freeze-Dried-Strawberries-1-0oz-28g-2-Bags/2133632943?classType=REGULAR,,,,,,,,,,,,,{'product_id': '2133632943'},,,,,,,,,,,,,49714,15441,2133632943,33.216605,-96.878367,2026-08-07T02:36:16.199771
2026-08-07T02:36:16.199771,walmart.com,strawberries,263,Frisco 16600 Farm To Market Rd 423 Supercenter,75034,1,37,"2PK - Simply Nature Freeze Dried Strawberries, 1.2 oz",,False,,18.35,,,,,,,,5.0,2,,,,,,https://i5.walmartimages.com/seo/2PK-Simply-Nature-Freeze-Dried-Strawberries-1-2-oz_59b8931c-340c-4afe-a5d5-75a5cf47a4b3.30753aca40d5eb78083c106e9fe62b1e.jpeg,,https://www.walmart.com/ip/2PK-Simply-Nature-Freeze-Dried-Strawberries-1-2-oz/13515070098?classType=REGULAR,,,,,,,,,,,,,{'product_id': '13515070098'},,,,,,,,,,,,,49714,15441,13515070098,33.216605,-96.878367,2026-08-07T02:36:16.199771
2026-08-07T02:36:16.199771,walmart.com,strawberries,263,Frisco 16600 Farm To Market Rd 423 Supercenter,75034,1,35,WinCrest Dried Candied Strawberries - 5 Lb Case,,False,,54.99,,,,,,,,0.0,0,,,,,,https://i5.walmartimages.com/seo/WinCrest-Dried-Candied-Strawberries-5-Lb-Case_cfbb5c30-836b-4337-bbb4-6a1a07d977fe.0151e29d92dadeee3cbaf26103ad5ec4.jpeg,,https://www.walmart.com/ip/WinCrest-Dried-Candied-Strawberries-5-Lb-Case/2155949213?classType=REGULAR,,,,,,,,,,,,,{'product_id': '2155949213'},,,,,,,,,,,,,49714,15441,2155949213,33.216605,-96.878367,2026-08-07T02:36:16.199771
2026-08-07T02:36:16.199771,walmart.com,strawberries,263,Frisco 16600 Farm To Market Rd 423 Supercenter,75034,1,38,"BEAR Fruit Dried Strawberries 90g, Imported from Britain",,False,,24.39,,,,,,,,0.0,0,,,,,,https://i5.walmartimages.com/seo/BEAR-Fruit-Dried-Strawberries-90g-Imported-from-Britain_24109d45-4fa4-4d8f-98dd-24b88ca73faf.75f18c46df9b64c36eff130b44f60199.jpeg,,https://www.walmart.com/ip/BEAR-Fruit-Dried-Strawberries-90g-Imported-from-Britain/19682817460?classType=REGULAR,,,,,,,,,,,,,{'product_id': '19682817460'},,,,,,,,,,,,,49714,15441,19682817460,33.216605,-96.878367,2026-08-07T02:36:16.199771
2026-08-07T02:36:16.199771,walmart.com,strawberries,263,Frisco 16600 Farm To Market Rd 423 Supercenter,75034,1,39,Simple Truth Freeze-Dried Strawberries 1 oz. (Pack of 2),,False,,24.97,,,,,,,,5.0,1,,,,,,https://i5.walmartimages.com/seo/Simple-Truth-Freeze-Dried-Strawberries-1-oz-Pack-of-2_0db64d4e-bb3f-4019-bfd6-4d8f4cd3a572.8b1dcabee0e07b8383d529a82afbc50a.jpeg,,https://www.walmart.com/ip/Simple-Truth-Freeze-Dried-Strawberries-1-oz-Pack-of-2/970066855?classType=REGULAR,,,,,,,,,,,,,{'product_id': '970066855'},,,,,,,,,,,,,49714,15441,970066855,33.216605,-96.878367,2026-08-07T02:36:16.199771
2026-08-07T02:36:16.199771,walmart.com,strawberries,263,Frisco 16600 Farm To Market Rd 423 Supercenter,75034,1,40,"Simply Nature Freeze Dried Strawberries Snack Pack Non-GMO, 6 Count, 2.1 Oz",,False,,19.99,,,,,,,,0.0,0,,,,,,https://i5.walmartimages.com/seo/Simply-Nature-Freeze-Dried-Strawberries-Snack-Pack-Non-GMO-6-Count-2-1-Oz_533640c2-5341-44cd-80c0-c88b0f0d4990.a02ba57972cfc49236f01780483abfeb.jpeg,,https://www.walmart.com/ip/Simply-Nature-Freeze-Dried-Strawberries-Snack-Pack-Non-GMO-6-Count-2-1-Oz/19868921819?classType=REGULAR,,,,,,,,,,,,,{'product_id': '19868921819'},,,,,,,,,,,,,49714,15441,19868921819,33.216605,-96.878367,2026-08-07T02:36:16.199771
2026-08-07T02:36:16.199771,walmart.com,strawberries,2213,Saint Louis Telegraph Rd Supercenter,63125,1,1,"Fresh Strawberries, 1 lb Container",,False,['Overall pick'],2.38,,,,,,,,3.8,167998,,,,,,https://i5.walmartimages.com/seo/Fresh-Strawberries-1-lb-Container_b54a64ad-e961-46cf-b60c-bc763716fb0b.a481cdfd237c5ab5438d5c9e90bead07.jpeg,,https://www.walmart.com/ip/Fresh-Strawberries-1-lb-Container/44391605?classType=REGULAR&athbdg=L1200,,,,,,,,,,,,,{'product_id': '44391605'},,,,,,,,,,,,,49714,15441,44391605,38.494617,-90.296084,2026-08-07T02:36:16.199771
2026-08-07T02:36:16.199771,walmart.com,strawberries,2213,Saint Louis Telegraph Rd Supercenter,63125,1,2,"Fresh Strawberries, 2 lb Container",,False,['Best seller'],4.52,,,,,,,,3.9,92419,,,,,,https://i5.walmartimages.com/seo/Fresh-Strawberries-2-lb-Container_dd2bcd97-25af-4a91-9258-989853e16b2f_1.36dd4f1579a25d423741d9970de3ddac.jpeg,,https://www.walmart.com/ip/Fresh-Strawberries-2-lb-Container/22660282?classType=REGULAR&athbdg=L1600,,,,,,,,,,,,,{'product_id': '22660282'},,,,,,,,,,,,,49714,15441,22660282,38.494617,-90.296084,2026-08-07T02:36:16.199771
2026-08-07T02:36:26.333962,walmart.com,strawberries,2213,Saint Louis Telegraph Rd Supercenter,63125,1,3,"Fresh USDA Organic Strawberries, 1 lb Container",,False,['10K+ bought since yesterday'],3.33,,,,,,,,3.6,7254,,,,10000,,https://i5.walmartimages.com/seo/Fresh-USDA-Organic-Strawberries-1-lb-Container_d9df3e2b-85ca-40ea-9580-b907ef043406.a7afdd2ac762c18c954e62a470734b87.png,,https://www.walmart.com/ip/Fresh-USDA-Organic-Strawberries-1-lb-Container/45618183?classType=REGULAR&athbdg=L1102,,,,,,,,,,,,,{'product_id': '45618183'},,,,,,,,,,,,,49714,15441,45618183,38.494617,-90.296084,2026-08-07T02:36:26.333962
2026-08-07T02:36:26.333962,walmart.com,strawberries,2213,Saint Louis Telegraph Rd Supercenter,63125,1,4,"Fresh Strawberries, 8.8 oz Container",,False,['10K+ bought since yesterday'],1.82,,,,,,,,3.8,12567,,,,10000,,https://i5.walmartimages.com/seo/Fresh-Strawberries-8-8-oz-Container_4be7094f-7907-4580-944d-3cd4c0b2d238.ffcf0a1145778a1e5f7c1cabef12c9fd.jpeg,,https://www.walmart.com/ip/Fresh-Strawberries-8-8-oz-Container/1175460573?classType=REGULAR&athbdg=L1102,,,,,,,,,,,,,{'product_id': '1175460573'},,,,,,,,,,,,,49714,15441,1175460573,38.494617,-90.296084,2026-08-07T02:36:26.333962
2026-08-07T02:36:26.333962,walmart.com,strawberries,2213,Saint Louis Telegraph Rd Supercenter,63125,1,6,"Great Value Whole Strawberries, 16 oz (Frozen)",,False,['Best seller'],2.86,,,,,,,,4.6,10262,,,,10000,,https://i5.walmartimages.com/seo/GV-Whole-Strawb-16oz_14b5eca6-798a-43fa-91be-f365ec3fc646.f54aab8f1878d45f752a6dfec54dad12.jpeg,,https://www.walmart.com/ip/GV-Whole-Strawb-16oz/10543663?classType=REGULAR&athbdg=L1600,,,,,,,,,,,,,{'product_id': '10543663'},,,,,,,,,,,,,49714,15441,10543663,38.494617,-90.296084,2026-08-07T02:36:26.333962
2026-08-07T02:36:26.333962,walmart.com,strawberries,2213,Saint Louis Telegraph Rd Supercenter,63125,1,5,"Fresh Hydroponic Grown Strawberries, 1 lb Container",,False,,3.26,,,,,,,,3.2,293,,,,,,https://i5.walmartimages.com/seo/Fresh-Ocean-Spray-Hydroponic-Strawberries-1-lb-Container_b72a1d68-d4a1-4b9f-a42f-a0944ef1b8f9.7921f4e711ab8be32944328c3acbbb27.jpeg,,https://www.walmart.com/ip/Fresh-Ocean-Spray-Hydroponic-Strawberries-1-lb-Container/649701131?classType=REGULAR,,,,,,,,,,,,,{'product_id': '649701131'},,,,,,,,,,,,,49714,15441,649701131,38.494617,-90.296084,2026-08-07T02:36:26.333962
2026-08-07T02:36:26.333962,walmart.com,strawberries,2213,Saint Louis Telegraph Rd Supercenter,63125,1,9,"Commodity Fruit Whole Strawberry Piece, 30 Pound -- 1 each.",,False,,140.64,,,,,,,,1.0,2,,,,,,https://i5.walmartimages.com/seo/Commodity-Fruit-Whole-Strawberry-Piece-30-Pound-1-each_cea2a115-2819-444e-9e54-0e83bd5459f7.6b7febd8c01e24528174019cb3358daf.jpeg,,https://www.walmart.com/ip/Commodity-Fruit-Whole-Strawberry-Piece-30-Pound-1-each/151247942?classType=REGULAR,,,,,,,,,,,,,{'product_id': '151247942'},,,,,,,,,,,,,49714,15441,151247942,38.494617,-90.296084,2026-08-07T02:36:26.333962
2026-08-07T02:36:26.333962,walmart.com,strawberries,2213,Saint Louis Telegraph Rd Supercenter,63125,1,10,"Dole Sliced Strawberry, 14 oz, 8 per Case",,False,,86.47,,,,,,,,3.0,1,,,,,,https://i5.walmartimages.com/seo/Dole-Sliced-Strawberry-14-oz-8-per-Case_67628534-7f4c-497d-a9d7-06fb36bfaee9.7e688b4ec63867c0edb58f5d4ae630c7.jpeg,,https://www.walmart.com/ip/Dole-Sliced-Strawberry-14-oz-8-per-Case/645793229?classType=REGULAR,,,,,,,,,,,,,{'product_id': '645793229'},,,,,,,,,,,,,49714,15441,645793229,38.494617,-90.296084,2026-08-07T02:36:26.333962
2026-08-07T02:36:26.333962,walmart.com,strawberries,2213,Saint Louis Telegraph Rd Supercenter,63125,1,11,"Great Value Sliced Strawberries with Sugar, 23.2 oz (Frozen)",,False,,5.44,,,,,,,,4.6,2991,,,,,,https://i5.walmartimages.com/seo/Great-Value-Sliced-Strawberries-with-Sugar-23-2-oz-Frozen_76fe351a-4a65-46fb-af6c-3b83443d255b.575c3e87b0b7f3af9a110c3ec34f1f23.jpeg,,https://www.walmart.com/ip/Great-Value-Sliced-Strawberries-with-Sugar-23-2-oz-Frozen/31712521?classType=REGULAR,,,,,,,,,,,,,{'product_id': '31712521'},,,,,,,,,,,,,49714,15441,31712521,38.494617,-90.296084,2026-08-07T02:36:26.333962
2026-08-07T02:36:26.333962,walmart.com,strawberries,2213,Saint Louis Telegraph Rd Supercenter,63125,1,7,"Great Value Whole Strawberries, 64 oz (Frozen)",,False,,9.42,,,,,,,,4.7,4965,,,,,,https://i5.walmartimages.com/seo/Great-Value-Whole-Strawberries-64-oz-Frozen_c4e4ef22-2d66-413b-939d-565333deaef4.3a82c613d8beefa6a65578be554dbcd1.jpeg,,https://www.walmart.com/ip/Great-Value-Whole-Strawberries-64-oz-Frozen/44389039?classType=REGULAR,,,,,,,,,,,,,{'product_id': '44389039'},,,,,,,,,,,,,49714,15441,44389039,38.494617,-90.296084,2026-08-07T02:36:26.333962
2026-08-07T02:36:26.333962,walmart.com,strawberries,2213,Saint Louis Telegraph Rd Supercenter,63125,1,8,"Great Value Organic Whole Strawberries, 10 oz (Frozen)",,False,,2.64,,,,,,,,4.4,725,,,,,,https://i5.walmartimages.com/seo/Great-Value-Organic-Whole-Strawberries-10-oz-Frozen_f93c0976-aab9-4d98-854d-00862c228d14_2.5916adeda594e610dd09d0bcf71954d4.jpeg,,https://www.walmart.com/ip/Great-Value-Organic-Whole-Strawberries-10-oz-Frozen/12329751?classType=REGULAR,,,,,,,,,,,,,{'product_id': '12329751'},,,,,,,,,,,,,49714,15441,12329751,38.494617,-90.296084,2026-08-07T02:36:26.333962
2026-08-07T02:36:26.333962,walmart.com,strawberries,2213,Saint Louis Telegraph Rd Supercenter,63125,1,12,"Dole Individual Quick Frozen Strawberry, 30 Pound",,False,,158.44,,,,,,,,0.0,0,,,,,,https://i5.walmartimages.com/seo/Dole-Individual-Quick-Frozen-Strawberry-30-Pound_8cd14247-44f8-483b-8d1f-5b3807d2530e.c6cf3586864eb32ac445adf7ae5404a4.jpeg,,https://www.walmart.com/ip/Dole-Individual-Quick-Frozen-Strawberry-30-Pound/1891056080?classType=REGULAR,,,,,,,,,,,,,{'product_id': '1891056080'},,,,,,,,,,,,,49714,15441,1891056080,38.494617,-90.296084,2026-08-07T02:36:26.333962
2026-08-07T02:36:26.333962,walmart.com,strawberries,2213,Saint Louis Telegraph Rd Supercenter,63125,1,14,"Simplot Classic Whole Strawberry Fruit, 10 Pound - 1 each.",,False,,92.56,,,,,,,,0.0,0,,,,,,https://i5.walmartimages.com/seo/Simplot-Classic-Whole-Strawberry-Fruit-10-Pound-1-each_d3090d40-d6c7-4e30-ab24-24511b4a761f.abc4979e5cd2c9e58f7e4692094097a8.jpeg,,https://www.walmart.com/ip/Simplot-Classic-Whole-Strawberry-Fruit-10-Pound-1-each/411691083?classType=REGULAR,,,,,,,,,,,,,{'product_id': '411691083'},,,,,,,,,,,,,49714,15441,411691083,38.494617,-90.296084,2026-08-07T02:36:26.333962
2026-08-07T02:36:26.333962,walmart.com,strawberries,2213,Saint Louis Telegraph Rd Supercenter,63125,1,18,"Organic Freeze-Dried Strawberries, 1 Pound - Non-GMO, Kosher, Bulk - by Food to Live",,False,,74.38,,,,,,,,4.3,3,,,,,,https://i5.walmartimages.com/seo/Organic-Freeze-Dried-Strawberries-1-Pound-Non-GMO-Kosher-Bulk-by-Food-to-Live_c54b2692-2e58-4f54-bddb-ef9ecab4baac.72dd21d51f9c1e9dffffc1d132355130.jpeg,,https://www.walmart.com/ip/Organic-Freeze-Dried-Strawberries-1-Pound-Non-GMO-Kosher-Bulk-by-Food-to-Live/16242366408?classType=VARIANT,,,,,,,,,,,,,{'product_id': '16242366408'},,,,,,,,,,,,,49714,15441,16242366408,38.494617,-90.296084,2026-08-07T02:36:26.333962
2026-08-07T02:36:26.333962,walmart.com,strawberries,2213,Saint Louis Telegraph Rd Supercenter,63125,1,19,"Dried Sweetened Strawberries by Its Delish, 10 lbs",,False,,107.0,,,,,,,,4.3,21,,,,,,https://i5.walmartimages.com/seo/Dried-Sweetened-Strawberries-by-Its-Delish-10-lbs_4eccefce-4bec-4c2b-b576-9771063436c0.a967e7c8cd3dfcf595bfa72e97624bfd.jpeg,,https://www.walmart.com/ip/Dried-Sweetened-Strawberries-by-Its-Delish-10-lbs/770977252?classType=VARIANT,,,,,,,,,,,,,{'product_id': '770977252'},,,,,,,,,,,,,49714,15441,770977252,38.494617,-90.296084,2026-08-07T02:36:26.333962
2026-08-07T02:36:26.333962,walmart.com,strawberries,2213,Saint Louis Telegraph Rd Supercenter,63125,1,17,"(6 pack) Augason Farms Freeze Dried Sliced Strawberries Can - Gluten Free Snack for Baking, Smoothies, and Emergency Storage - Healthy Individual Fruit Snacks – 6.5 Ounces (18 Servings)",,False,,119.88,,,,,,,,0.0,0,,,,,,https://i5.walmartimages.com/seo/6-pack-Augason-Farms-Freeze-Dried-Sliced-Strawberries-6-4-oz-No-10-Can_fa5b1700-d18e-468a-8b17-a539d9eb3981.eefa5a1baf4f027db39f248db9955e10.jpeg?odnHeight=180&odnWidth=180&odnBg=FFFFFF,,https://www.walmart.com/ip/6-pack-Augason-Farms-Freeze-Dried-Sliced-Strawberries-6-4-oz-No-10-Can/15382562000?classType=VARIANT,,,,,,,,,,,,,{'product_id': '15382562000'},,,,,,,,,,,,,49714,15441,15382562000,38.494617,-90.296084,2026-08-07T02:36:26.333962
2026-08-07T02:36:26.333962,walmart.com,strawberries,2213,Saint Louis Telegraph Rd Supercenter,63125,1,13,"Dole Individual Quick Frozen Strawberry, 5 Pound -- 2 per case.",,False,,89.93,,,,,,,,0.0,0,,,,,,https://i5.walmartimages.com/seo/Dole-Individual-Quick-Frozen-Strawberry-5-Pound-2-per-case_42d8a431-e17d-4bfa-9aa0-42c37898c0dc.0cb8f85fe1438eb29183c4d77d78fdc1.jpeg,,https://www.walmart.com/ip/Dole-Individual-Quick-Frozen-Strawberry-5-Pound-2-per-case/960104993?classType=REGULAR,,,,,,,,,,,,,{'product_id': '960104993'},,,,,,,,,,,,,49714,15441,960104993,38.494617,-90.296084,2026-08-07T02:36:26.333962
2026-08-07T02:36:26.333962,walmart.com,strawberries,2213,Saint Louis Telegraph Rd Supercenter,63125,1,15,"Great Value Sliced Strawberries with Sugar, 15.5 oz (Frozen)",,False,,3.96,,,,,,,,4.5,2064,,,,,,https://i5.walmartimages.com/seo/Great-Value-Sliced-Strawberries-with-Sugar-15-5-oz-Frozen_832cb121-7cad-4dee-abb9-cda28cf80e36.f8c09a2e8a252a936220524c8e7e8e76.jpeg,,https://www.walmart.com/ip/Great-Value-Sliced-Strawberries-with-Sugar-15-5-oz-Frozen/22569731?classType=REGULAR,,,,,,,,,,,,,{'product_id': '22569731'},,,,,,,,,,,,,49714,15441,22569731,38.494617,-90.296084,2026-08-07T02:36:26.333962
2026-08-07T02:36:26.333962,walmart.com,strawberries,2213,Saint Louis Telegraph Rd Supercenter,63125,1,16,"bettergoods Organic Dried Strawberries, 5 oz",,False,,7.12,,,,,,,,4.2,499,,,,,,https://i5.walmartimages.com/seo/bettergoods-Organic-Dried-Strawberries-5-oz_6f1d1da0-e77b-4353-af9d-334dea89adee.1dee10be180c621f4fa263c0a4c231b2.jpeg?odnHeight=180&odnWidth=180&odnBg=FFFFFF,,https://www.walmart.com/ip/bettergoods-Organic-Dried-Strawberries-5-oz/5464020048?classType=VARIANT,,,,,,,,,,,,,{'product_id': '5464020048'},,,,,,,,,,,,,49714,15441,5464020048,38.494617,-90.296084,2026-08-07T02:36:26.333962
2026-08-07T02:36:26.333962,walmart.com,strawberries,2213,Saint Louis Telegraph Rd Supercenter,63125,1,20,"Organic Dried Strawberries, 4 Pounds  Non-GMO, Kosher, Sweetened  by Food to Live",,False,,79.52,,,,,,,,4.3,22,,,,,,https://i5.walmartimages.com/seo/Organic-Dried-Strawberries-4-Pounds-Non-GMO-Kosher-Sweetened-by-Food-to-Live_84b3350b-46a9-432e-a1e4-0b5200442d9a.652deedfefcba9a00df1647796cf258c.jpeg,,https://www.walmart.com/ip/Organic-Dried-Strawberries-4-Pounds-Non-GMO-Kosher-Sweetened-by-Food-to-Live/170251660?classType=VARIANT,,,,,,,,,,,,,{'product_id': '170251660'},,,,,,,,,,,,,49714,15441,170251660,38.494617,-90.296084,2026-08-07T02:36:26.333962
