id,created_at,Store_No,Name,Latitude,Longitude,Address,Street,City,State,Zip_Code,County,Phone,Provider,Status,Country,mc_location_id
10766,2026-07-17T18:14:32.770Z,440-002,"Aldi, Chicago",41.930834,-87.742776,"4627 W Diversey Ave, Chicago, IL, 60639",4627 W Diversey Ave,Chicago,IL,60639,,,ALDI,active,USA,1314038
10748,2026-07-17T18:14:32.770Z,440-003,"Aldi, Chicago",41.963809,-87.65686,"4500 N Broadway, Chicago, IL, 60640",4500 N Broadway,Chicago,IL,60640,,,ALDI,active,USA,1314029
10764,2026-07-17T18:14:32.770Z,440-004,"Aldi, Chicago",41.896805,-87.708447,"800 N Kedzie Ave, Chicago, IL, 60651",800 N Kedzie Ave,Chicago,IL,60651,,,ALDI,active,USA,1314045
12491,2026-07-17T18:14:36.487Z,440-005,"Aldi, Schiller Park",41.955037,-87.860003,"9310 Irving Park Road, Schiller Park, IL, 60176",9310 Irving Park Road,Schiller Park,IL,60176,,,ALDI,active,USA,1314023
10745,2026-07-17T18:14:32.770Z,440-006,"Aldi, Chicago",41.97254,-87.727802,"5001 N Pulaski, Chicago, IL, 60630",5001 N Pulaski,Chicago,IL,60630,,,ALDI,active,USA,1312019
12631,2026-07-17T18:14:36.877Z,440-007,"Aldi, Streamwood",42.01299,-88.14699,"960 S Barrington Road, Streamwood, IL, 60107",960 S Barrington Road,Streamwood,IL,60107,,,ALDI,active,USA,1314445
11256,2026-07-17T18:14:34.070Z,440-009,"Aldi, Glen Ellyn",41.860493,-88.057236,"700 Roosevelt Road, Glen Ellyn, IL, 60137",700 Roosevelt Road,Glen Ellyn,IL,60137,,,ALDI,active,USA,1312645
10913,2026-07-17T18:14:32.770Z,440-010,"Aldi, Crystal Lake",42.225634,-88.313026,"5831 Northwest Hwy, Crystal Lake, IL, 60014",5831 Northwest Hwy,Crystal Lake,IL,60014,,,ALDI,active,USA,1312580
10681,2026-07-17T18:14:32.256Z,440-012,"Aldi, Cary",42.219591,-88.264448,"3340 Three Oaks Rd, Cary, IL, 60013",3340 Three Oaks Rd,Cary,IL,60013,,,ALDI,active,USA,1312676
10747,2026-07-17T18:14:32.770Z,440-013,"Aldi, Chicago",41.903854,-87.634466,"201 W Division St, Chicago, IL, 60610",201 W Division St,Chicago,IL,60610,,,ALDI,active,USA,1314022
12849,2026-07-17T18:14:37.179Z,440-014,"Aldi, West Chicago",41.901497,-88.201806,"978 N Neltnor Blvd, West Chicago, IL, 60185",978 N Neltnor Blvd,West Chicago,IL,60185,,,ALDI,active,USA,1312632
10497,2026-07-17T18:14:31.811Z,440-015,"Aldi, Bellwood",41.884115,-87.883672,"400 Mannheim Rd, Bellwood, IL, 60104",400 Mannheim Rd,Bellwood,IL,60104,,,ALDI,active,USA,1312685
10770,2026-07-17T18:14:32.770Z,440-016,"Aldi, Chicago",41.907241,-87.736651,"1440 N Kostner Avenue, Chicago, IL, 60651",1440 N Kostner Avenue,Chicago,IL,60651,,,ALDI,active,USA,1314031
11056,2026-07-17T18:14:33.514Z,440-017,"Aldi, Elk Grove Village",42.00049,-88.044607,"905 Meacham Rd, Elk Grove Village, IL, 60007",905 Meacham Rd,Elk Grove Village,IL,60007,,,ALDI,active,USA,1312570
11241,2026-07-17T18:14:34.070Z,440-018,"Aldi, Geneva",41.88825,-88.287976,"975 E State Street, Geneva, IL, 60134",975 E State Street,Geneva,IL,60134,,,ALDI,active,USA,1312648
11908,2026-07-17T18:14:35.558Z,440-019,"Aldi, Montgomery",41.718875,-88.378075,"2050 Mayfield Dr, Montgomery, IL, 60538",2050 Mayfield Dr,Montgomery,IL,60538,,,ALDI,active,USA,1312176
10436,2026-07-17T18:14:31.811Z,440-020,"Aldi, Aurora",41.757018,-88.280987,"1410 E New York Street, Aurora, IL, 60505",1410 E New York Street,Aurora,IL,60505,,,ALDI,active,USA,1314050
11922,2026-07-17T18:14:35.558Z,440-021,"Aldi, Morton Grove",42.05464,-87.82233,"7905 Golf Road, Morton Grove, IL, 60053",7905 Golf Road,Morton Grove,IL,60053,,,ALDI,active,USA,1312635
11799,2026-07-17T18:14:35.558Z,440-023,"Aldi, Mchenry",42.3591,-88.264477,"2226 N Richmond Rd, Mchenry, IL, 60051",2226 N Richmond Rd,Mchenry,IL,60051,,,ALDI,active,USA,1312591
12878,2026-07-17T18:14:37.179Z,440-024,"Aldi, Wheaton",41.833141,-88.104663,"20 W Loop Rd, Wheaton, IL, 60189",20 W Loop Rd,Wheaton,IL,60189,,,ALDI,active,USA,1312668
10530,2026-07-17T18:14:31.811Z,440-025,"Aldi, Bloomingdale",41.939777,-88.135919,"525 West Army Trail Road, Bloomingdale, IL, 60108",525 West Army Trail Road,Bloomingdale,IL,60108,,,ALDI,active,USA,1312582
10756,2026-07-17T18:14:32.770Z,440-026,"Aldi, Chicago",41.928598,-87.674797,"2600 N Clybourn Avenue, Chicago, IL, 60614",2600 N Clybourn Avenue,Chicago,IL,60614,,,ALDI,active,USA,1314060
12763,2026-07-17T18:14:37.179Z,440-028,"Aldi, Villa Park",41.859366,-87.978901,"1630 S Ardmore, Villa Park, IL, 60181",1630 S Ardmore,Villa Park,IL,60181,,,ALDI,active,USA,1312643
10675,2026-07-17T18:14:32.256Z,440-029,"Aldi, Carpentersville",42.106394,-88.29149,"90 S Western, Carpentersville, IL, 60110",90 S Western,Carpentersville,IL,60110,,,ALDI,active,USA,1312614
10754,2026-07-17T18:14:32.770Z,440-030,"Aldi, Chicago",41.928649,-87.728767,"4030 W Wrightwood Ave, Chicago, IL, 60639",4030 W Wrightwood Ave,Chicago,IL,60639,,,ALDI,active,USA,1314053
11254,2026-07-17T18:14:34.070Z,440-031,"Aldi, Glendale Heights",41.936104,-88.081206,"203 East Army Trail, Glendale Heights, IL, 60139",203 East Army Trail,Glendale Heights,IL,60139,,,ALDI,active,USA,1312616
10340,2026-07-17T18:14:31.811Z,440-033,"Aldi, Addison",41.948824,-88.035144,"1038 N Rohlwing Rd, Addison, IL, 60101",1038 N Rohlwing Rd,Addison,IL,60101,,,ALDI,active,USA,1314052
10750,2026-07-17T18:14:32.770Z,440-034,"Aldi, Chicago",41.925948,-87.788649,"6520 W Fullerton Ave, Chicago, IL, 60707",6520 W Fullerton Ave,Chicago,IL,60707,,,ALDI,active,USA,1314034
11356,2026-07-17T18:14:34.665Z,440-035,"Aldi, Harwood Heights",41.965491,-87.806099,"4703 N Harlem, Harwood Heights, IL, 60706",4703 N Harlem,Harwood Heights,IL,60706,,,ALDI,active,USA,1312593
12764,2026-07-17T18:14:37.179Z,440-036,"Aldi, Villa Park",41.90584,-87.989422,"400 W North Avenue, Villa Park, IL, 60181",400 W North Avenue,Villa Park,IL,60181,,,ALDI,active,USA,1312588
10362,2026-07-17T18:14:31.811Z,440-037,"Aldi, Algonquin",42.158693,-88.336505,"1100 South Randall Road, Algonquin, IL, 60102",1100 South Randall Road,Algonquin,IL,60102,,,ALDI,active,USA,1312594
11053,2026-07-17T18:14:33.514Z,440-038,"Aldi, Elgin",42.02722,-88.337026,"215 South Randall Road, Elgin, IL, 60123",215 South Randall Road,Elgin,IL,60123,,,ALDI,active,USA,1312693
12378,2026-07-17T18:14:36.487Z,440-039,"Aldi, Rochelle",41.937165,-89.067594,"1251 N Seventh St, Rochelle, IL, 61068",1251 N Seventh St,Rochelle,IL,61068,,,ALDI,active,USA,1312585
11971,2026-07-17T18:14:35.837Z,440-040,"Aldi, N. Aurora",41.808895,-88.351792,"199 Miller Drive, N Aurora, IL, 60542",199 Miller Drive,N Aurora,IL,60542,,,ALDI,active,USA,1314046
12010,2026-07-17T18:14:35.837Z,440-041,"Aldi, Niles",42.012709,-87.783145,"6250 W Touhy Ave, Niles, IL, 60714",6250 W Touhy Ave,Niles,IL,60714,,,ALDI,active,USA,1312672
10466,2026-07-17T18:14:31.811Z,440-042,"Aldi, Batavia",41.858499,-88.342775,"451 N Randall, Batavia, IL, 60510",451 N Randall,Batavia,IL,60510,,,ALDI,active,USA,1312700
12610,2026-07-17T18:14:36.877Z,440-043,"Aldi, St. Charles",41.913547,-88.347477,"2670 W Main Street, St Charles, IL, 60174",2670 W Main Street,St Charles,IL,60174,,,ALDI,active,USA,1314444
11818,2026-07-17T18:14:35.558Z,440-044,"Aldi, Melrose Park",41.909898,-87.849149,"1345 W North Ave, Melrose Park, IL, 60160",1345 W North Ave,Melrose Park,IL,60160,,,ALDI,active,USA,1312584
10963,2026-07-17T18:14:33.514Z,440-046,"Aldi, Dekalb",41.954014,-88.720642,"2540 Sycamore Road, Dekalb, IL, 60115",2540 Sycamore Road,Dekalb,IL,60115,,,ALDI,active,USA,1312665
12641,2026-07-17T18:14:36.877Z,440-047,"Aldi, Sugar Grove",41.7757,-88.443569,"11 W Park Ave, Sugar Grove, IL, 60554",11 W Park Ave,Sugar Grove,IL,60554,,,ALDI,active,USA,1314032
11257,2026-07-17T18:14:34.070Z,440-048,"Aldi, Glenview",42.102006,-87.810999,"2195 Willow Road, Glenview, IL, 60025",2195 Willow Road,Glenview,IL,60025,,,ALDI,active,USA,1312675
12030,2026-07-17T18:14:35.837Z,440-049,"Aldi, Northlake",41.907506,-87.906507,"50 W North Avenue, Northlake, IL, 60164",50 W North Avenue,Northlake,IL,60164,,,ALDI,active,USA,1312694
11052,2026-07-17T18:14:33.514Z,440-050,"Aldi, Elgin",42.045053,-88.260462,"799 Summit St, Elgin, IL, 60120",799 Summit St,Elgin,IL,60120,,,ALDI,active,USA,1312640
10617,2026-07-17T18:14:32.256Z,440-051,"Aldi, Buffalo Grove",42.140182,-87.985854,"1202 W Dundee Road, Buffalo Grove, IL, 60089",1202 W Dundee Road,Buffalo Grove,IL,60089,,,ALDI,active,USA,1314027
10440,2026-07-17T18:14:31.811Z,440-052,"Aldi, Aurora",41.765583,-88.372279,"2275 W Galena Blvd, Aurora, IL, 60506",2275 W Galena Blvd,Aurora,IL,60506,,,ALDI,active,USA,1312623
11693,2026-07-17T18:14:35.092Z,440-053,"Aldi, Lisle",41.785079,-88.072902,"5525 Route 53, Lisle, IL, 60532",5525 Route 53,Lisle,IL,60532,,,ALDI,active,USA,1312656
12392,2026-07-17T18:14:36.487Z,440-054,"Aldi, Rockford",42.3163664,-89.11173346,"3801 W Riverside Blvd, Rockford, IL, 61101",3801 W Riverside Blvd,Rockford,IL,61101,,,ALDI,active,USA,1312695
10412,2026-07-17T18:14:31.811Z,440-055,"Aldi, Arlington Heights",42.051902,-87.975653,"550 East Golf Road, Arlington Heights, IL, 60005",550 East Golf Road,Arlington Heights,IL,60005,,,ALDI,active,USA,1314041
12548,2026-07-17T18:14:36.877Z,440-057,"Aldi, Skokie",42.024936,-87.748591,"4833 Oakton Street, Skokie, IL, 60077",4833 Oakton Street,Skokie,IL,60077,,,ALDI,active,USA,1314042
10774,2026-07-17T18:14:32.770Z,440-058,"Aldi, Chicago",41.961048,-87.689894,"2431 West Montrose, Chicago, IL, 60618",2431 West Montrose,Chicago,IL,60618,,,ALDI,active,USA,1312577
11196,2026-07-17T18:14:34.070Z,440-059,"Aldi, Freeport",42.280963,-89.629853,"726 W South St, Freeport, IL, 61032",726 W South St,Freeport,IL,61032,,,ALDI,active,USA,1312574
11437,2026-07-17T18:14:34.665Z,440-061,"Aldi, Huntley",42.150402,-88.434005,"12300 Princeton Drive, Huntley, IL, 60142",12300 Princeton Drive,Huntley,IL,60142,,,ALDI,active,USA,1312536
10762,2026-07-17T18:14:32.770Z,440-062,"Aldi, Chicago",41.994404,-87.699891,"6220 N California, Chicago, IL, 60659",6220 N California,Chicago,IL,60659,,,ALDI,active,USA,1312175
11392,2026-07-17T18:14:34.665Z,440-063,"Aldi, Hoffman Estates",42.046139,-88.087768,"375 W Higgins Rd, Hoffman Estates, IL, 60169",375 W Higgins Rd,Hoffman Estates,IL,60169,,,ALDI,active,USA,1312017
10769,2026-07-17T18:14:32.770Z,440-064,"Aldi, Chicago",41.913896,-87.68176,"1753 N Milwaukee Ave, Chicago, IL, 60647",1753 N Milwaukee Ave,Chicago,IL,60647,,,ALDI,active,USA,1312016
10757,2026-07-17T18:14:32.770Z,440-065,"Aldi, Chicago",41.99495,-87.66041,"6221 N Broadway, Chicago, IL, 60660",6221 N Broadway,Chicago,IL,60660,,,ALDI,active,USA,1312177
11931,2026-07-17T18:14:35.558Z,440-066,"Aldi, Mount Prospect",42.068656,-87.922015,"1000 Mt Prospect Plaza, Mount Prospect, IL, 60056",1000 Mt Prospect Plaza,Mount Prospect,IL,60056,,,ALDI,active,USA,1312641
10502,2026-07-17T18:14:31.811Z,440-067,"Aldi, Belvidere",42.26718,-88.850133,"1021 N State Street, Belvidere, IL, 61008",1021 N State Street,Belvidere,IL,61008,,,ALDI,active,USA,1312620
11087,2026-07-17T18:14:33.514Z,440-068,"Aldi, Evanston",42.027628,-87.704586,"2211 Oakton St, Evanston, IL, 60202",2211 Oakton St,Evanston,IL,60202,,,ALDI,active,USA,1312581
11723,2026-07-17T18:14:35.092Z,440-069,"Aldi, Loves Park",42.31692,-89.03584,"6350 Forest Hills Rd, Loves Park, IL, 61111",6350 Forest Hills Rd,Loves Park,IL,61111,,,ALDI,active,USA,1312644
12391,2026-07-17T18:14:36.487Z,440-070,"Aldi, Rockford",42.236964,-89.057056,"2680 20th Street, Rockford, IL, 61109",2680 20th Street,Rockford,IL,61109,,,ALDI,active,USA,1312619
10990,2026-07-17T18:14:33.514Z,440-071,"Aldi, Des Plaines",42.028568,-87.892879,"1365 Lee St, Des Plaines, IL, 60018",1365 Lee St,Des Plaines,IL,60018,,,ALDI,active,USA,1314024
12868,2026-07-17T18:14:37.179Z,440-072,"Aldi, Westmont",41.771598,-87.973763,"6415 S Cass Ave, Westmont, IL, 60559",6415 S Cass Ave,Westmont,IL,60559,,,ALDI,active,USA,1312613
11741,2026-07-17T18:14:35.558Z,440-073,"Aldi, Machesney Park",42.364907,-89.023974,"1545 W Lane Road, Machesney Park, IL, 61115",1545 W Lane Road,Machesney Park,IL,61115,,,ALDI,active,USA,1312608
12133,2026-07-17T18:14:35.837Z,440-074,"Aldi, Oswego",41.706043,-88.300596,"540 5th St, Oswego, IL, 60543",540 5th St,Oswego,IL,60543,,,ALDI,active,USA,1312663
12390,2026-07-17T18:14:36.487Z,440-075,"Aldi, Rockford",42.270112,-88.98567,"6650 E State St, Rockford, IL, 61108",6650 E State St,Rockford,IL,61108,,,ALDI,active,USA,1312621
10674,2026-07-17T18:14:32.256Z,440-076,"Aldi, Carol Stream",41.895176,-88.103159,"330 S Schmale Road, Carol Stream, IL, 60188",330 S Schmale Road,Carol Stream,IL,60188,,,ALDI,active,USA,1312681
12489,2026-07-17T18:14:36.487Z,440-077,"Aldi, Schaumburg",42.069319,-88.042999,"1412 E Algonquin Rd, Schaumburg, IL, 60173",1412 E Algonquin Rd,Schaumburg,IL,60173,,,ALDI,active,USA,1312592
10439,2026-07-17T18:14:31.811Z,440-078,"Aldi, Aurora",41.754016,-88.207638,"4444 Ogden Ave, Aurora, IL, 60504",4444 Ogden Ave,Aurora,IL,60504,,,ALDI,active,USA,1312673
11958,2026-07-17T18:14:35.837Z,440-079,"Aldi, Naperville",41.794623,-88.12152,"1440 Naperville/Wheaton Rd, Naperville, IL, 60563",1440 Naperville/Wheaton Rd,Naperville,IL,60563,,,ALDI,active,USA,1314438
10940,2026-07-17T18:14:33.514Z,440-080,"Aldi, Darien",41.750726,-88.001333,"2251 75th St, Darien, IL, 60561",2251 75th St,Darien,IL,60561,,,ALDI,active,USA,1312587
11005,2026-07-17T18:14:33.514Z,440-081,"Aldi, Downers Grove",41.81003,-87.986593,"28 Ogden Ave, Downers Grove, IL, 60515",28 Ogden Ave,Downers Grove,IL,60515,,,ALDI,active,USA,1312658
10771,2026-07-17T18:14:32.770Z,440-082,"Aldi, Chicago",41.939853,-87.711855,"3320 B W Belmont, Chicago, IL, 60618",3320 B W Belmont,Chicago,IL,60618,,,ALDI,active,USA,1312629
10759,2026-07-17T18:14:32.770Z,440-083,"Aldi, Chicago",41.952796,-87.744704,"3930 N Kilpatrick Ave, Chicago, IL, 60641",3930 N Kilpatrick Ave,Chicago,IL,60641,,,ALDI,active,USA,1312554
12934,2026-07-17T18:14:37.357Z,440-084,"Aldi, Woodstock",42.2962,-88.42477,"1270 Lake Ave, Woodstock, IL, 60098",1270 Lake Ave,Woodstock,IL,60098,,,ALDI,active,USA,1312655
12159,2026-07-17T18:14:36.171Z,440-085,"Aldi, Palatine",42.137187,-88.024699,"761 E Dundee Rd, Palatine, IL, 60074",761 E Dundee Rd,Palatine,IL,60074,,,ALDI,active,USA,1312647
11710,2026-07-17T18:14:35.092Z,440-086,"Aldi, Lombard",41.858852,-88.019753,"205 West Roosevelt Road, Lombard, IL, 60148",205 West Roosevelt Road,Lombard,IL,60148,,,ALDI,active,USA,1312633
10583,2026-07-17T18:14:32.256Z,440-087,"Aldi, Broadview",41.850294,-87.844551,"1001 Cermak Road, Broadview, IL, 60155",1001 Cermak Road,Broadview,IL,60155,,,ALDI,active,USA,1312661
10462,2026-07-17T18:14:31.811Z,440-089,"Aldi, Bartlett",41.98799,-88.18194,"200 E Devon, Bartlett, IL, 60103",200 E Devon,Bartlett,IL,60103,,,ALDI,active,USA,1312649
10761,2026-07-17T18:14:32.770Z,440-090,"Aldi, Chicago",41.932374,-87.766638,"2828 N Central, Chicago, IL, 60634",2828 N Central,Chicago,IL,60634,,,ALDI,active,USA,1314051
12312,2026-07-17T18:14:36.171Z,440-092,"Aldi, Prospect Heights",42.102232,-87.965965,"1432 E Rand Rd, Prospect Heights, IL, 60070",1432 E Rand Rd,Prospect Heights,IL,60070,,,ALDI,active,USA,1314035
11957,2026-07-17T18:14:35.837Z,440-095,"Aldi, Naperville",41.715563,-88.207296,"2708 Showplace Dr, Naperville, IL, 60564",2708 Showplace Dr,Naperville,IL,60564,,,ALDI,active,USA,1312572
10758,2026-07-17T18:14:32.770Z,440-104,"Aldi, Chicago",41.89,-87.63,"30 W Huron St, Chicago, IL, 60654",30 W Huron St,Chicago,IL,60654,,,ALDI,active,USA,1314063
11150,2026-07-17T18:14:34.070Z,440-107,"Aldi, Forest Park",41.88240688,-87.80515053,"215 Harlem Ave, Forest Park, IL, 60130",215 Harlem Ave,Forest Park,IL,60130,,,ALDI,active,USA,1312537
11772,2026-07-17T18:14:35.558Z,441-001,"Aldi, Marion",37.742,-88.9412,"1305 North Russell Street, Marion, IL, 62959",1305 North Russell Street,Marion,IL,62959,,,ALDI,active,USA,1312611
12871,2026-07-17T18:14:37.179Z,441-002,"Aldi, West Plains",36.7432,-91.8703,"1210 Missouri Ave, West Plains, MO, 65775",1210 Missouri Ave,West Plains,MO,65775,,,ALDI,active,USA,1313533
11112,2026-07-17T18:14:33.514Z,441-003,"Aldi, Farmington",37.7939,-90.4386,"787 Maple Valley Center, Farmington, MO, 63640",787 Maple Valley Center,Farmington,MO,63640,,,ALDI,active,USA,1312920
11121,2026-07-17T18:14:33.514Z,441-004,"Aldi, Fenton",38.5113,-90.4429,"60 Fenton Plaza, Fenton, MO, 63026",60 Fenton Plaza,Fenton,MO,63026,,,ALDI,active,USA,1313530
12806,2026-07-17T18:14:37.179Z,441-005,"Aldi, Washington",38.535746,-90.980145,"3142 Phoenix Center Dr, Washington, MO, 63090",3142 Phoenix Center Dr,Washington,MO,63090,,,ALDI,active,USA,1313535
10490,2026-07-17T18:14:31.811Z,441-006,"Aldi, Bellefontaine Neighbors",38.7691,-90.2209,"10800 Bellefontaine Road, Bellefontaine Neighbors, MO, 63137",10800 Bellefontaine Road,Bellefontaine Neighbors,MO,63137,,,ALDI,active,USA,1314338
11599,2026-07-17T18:14:35.092Z,441-007,"Aldi, Lake Saint Louis",38.7664,-90.7811,"464 Hawk Ridge Trail, Lake Saint Louis, MO, 63367",464 Hawk Ridge Trail,Lake Saint Louis,MO,63367,,,ALDI,active,USA,1313107
11489,2026-07-17T18:14:34.665Z,441-008,"Aldi, Jacksonville",39.7228,-90.2254,"329 East Morton, Jacksonville, IL, 62650",329 East Morton,Jacksonville,IL,62650,,,ALDI,active,USA,1312628
12654,2026-07-17T18:14:36.877Z,441-009,"Aldi, Swansea",38.5326,-89.9845,"1708 North Illinois, Swansea, IL, 62226",1708 North Illinois,Swansea,IL,62226,,,ALDI,active,USA,1312576
10413,2026-07-17T18:14:31.811Z,441-010,"Aldi, Arnold",38.4396,-90.3797,"2154 Michigan Avenue, Arnold, MO, 63010",2154 Michigan Avenue,Arnold,MO,63010,,,ALDI,active,USA,1312917
10912,2026-07-17T18:14:32.770Z,441-011,"Aldi, Crystal City",38.2262,-90.385,"700 South Truman Blvd, Crystal City, MO, 63019",700 South Truman Blvd,Crystal City,MO,63019,,,ALDI,active,USA,1312938
11061,2026-07-17T18:14:33.514Z,441-012,"Aldi, Ellisville",38.594309,-90.587417,"15907 Manchester Road, Ellisville, MO, 63011",15907 Manchester Road,Ellisville,MO,63011,,,ALDI,active,USA,1312947
11102,2026-07-17T18:14:33.514Z,441-013,"Aldi, Fairview Heights",38.586258,-89.987556,"5925 N Illinois St, Fairview Heights, IL, 62208",5925 N Illinois St,Fairview Heights,IL,62208,,,ALDI,active,USA,1314428
12077,2026-07-17T18:14:35.837Z,441-014,"Aldi, O Fallon",38.5919,-89.9342,"1635 West Us Highway 50, O Fallon, IL, 62269",1635 West Us Highway 50,O Fallon,IL,62269,,,ALDI,active,USA,1312709
11549,2026-07-17T18:14:35.092Z,441-015,"Aldi, Keokuk",40.4212,-91.4095,"3379 Main Street, Keokuk, IA, 52632",3379 Main Street,Keokuk,IA,52632,,,ALDI,active,USA,1312549
12643,2026-07-17T18:14:36.877Z,441-016,"Aldi, Sullivan",38.2208,-91.1584,"320 Park Ridge Road, Sullivan, MO, 63080",320 Park Ridge Road,Sullivan,MO,63080,,,ALDI,active,USA,1312933
12676,2026-07-17T18:14:36.877Z,441-017,"Aldi, Taylorville",39.5655,-89.3105,"1303 West Burnett Dr, Taylorville, IL, 62568",1303 West Burnett Dr,Taylorville,IL,62568,,,ALDI,active,USA,1312538
12754,2026-07-17T18:14:37.179Z,441-018,"Aldi, Vandalia",38.9758,-89.101,"1500 North Eighth Street, Vandalia, IL, 62471",1500 North Eighth Street,Vandalia,IL,62471,,,ALDI,active,USA,1312609
12444,2026-07-17T18:14:36.487Z,441-019,"Aldi, Saint Louis",38.5728,-90.2821,"6601 Gravois Ave, Saint Louis, MO, 63116",6601 Gravois Ave,Saint Louis,MO,63116,,,ALDI,active,USA,1313527
11341,2026-07-17T18:14:34.665Z,441-020,"Aldi, Hannibal",39.7224,-91.3948,"4419 Mcmasters Avenue, Hannibal, MO, 63401",4419 Mcmasters Avenue,Hannibal,MO,63401,,,ALDI,active,USA,1313528
10453,2026-07-17T18:14:31.811Z,441-021,"Aldi, Ballwin",38.5912,-90.531,"14654 Manchester, Ballwin, MO, 63011",14654 Manchester,Ballwin,MO,63011,,,ALDI,active,USA,1312929
10377,2026-07-17T18:14:31.811Z,441-022,"Aldi, Alton",38.9156,-90.1454,"2822 Homer Adams Parkway, Alton, IL, 62002",2822 Homer Adams Parkway,Alton,IL,62002,,,ALDI,active,USA,1312568
12078,2026-07-17T18:14:35.837Z,441-023,"Aldi, O Fallon",38.8008,-90.6988,"8615 Veteran's Memorial Dr, O Fallon, MO, 63366",8615 Veteran's Memorial Dr,O Fallon,MO,63366,,,ALDI,active,USA,1312943
12842,2026-07-17T18:14:37.179Z,441-024,"Aldi, Wentzville",38.812007,-90.875564,"150 Crossroads South Dr, Wentzville, MO, 63385",150 Crossroads South Dr,Wentzville,MO,63385,,,ALDI,active,USA,1313521
10700,2026-07-17T18:14:32.256Z,441-025,"Aldi, Centralia",38.5332,-89.1471,"300 Aaron Parkway, Centralia, IL, 62801",300 Aaron Parkway,Centralia,IL,62801,,,ALDI,active,USA,1312712
12442,2026-07-17T18:14:36.487Z,441-026,"Aldi, Saint Louis",38.5349,-90.2871,"1033 Lemay Ferry, Saint Louis, MO, 63125",1033 Lemay Ferry,Saint Louis,MO,63125,,,ALDI,active,USA,1312937
11278,2026-07-17T18:14:34.070Z,441-027,"Aldi, Granite City",38.749335,-90.124619,"1412 Schaeffer Road, Granite City, IL, 62040",1412 Schaeffer Road,Granite City,IL,62040,,,ALDI,active,USA,1312575
12321,2026-07-17T18:14:36.171Z,441-028,"Aldi, Quincy",39.9358,-91.3596,"3511 Broadway, Quincy, IL, 62301",3511 Broadway,Quincy,IL,62301,,,ALDI,active,USA,1312657
10907,2026-07-17T18:14:32.770Z,441-029,"Aldi, Creve Coeur",38.6708,-90.4423,"11745 Olive Blvd, Creve Coeur, MO, 63141",11745 Olive Blvd,Creve Coeur,MO,63141,,,ALDI,active,USA,1312946
12433,2026-07-17T18:14:36.487Z,441-030,"Aldi, Saint Charles",38.7723,-90.4956,"1335 Bass Pro Drive, Saint Charles, MO, 63301",1335 Bass Pro Drive,Saint Charles,MO,63301,,,ALDI,active,USA,1312924
12628,2026-07-17T18:14:36.877Z,441-031,"Aldi, St. Peters",38.7911,-90.6258,"343 MId Rivers Mall Dr, St Peters, MO, 63376",343 MId Rivers Mall Dr,St Peters,MO,63376,,,ALDI,active,USA,1314340
11140,2026-07-17T18:14:34.070Z,441-032,"Aldi, Florissant",38.8046,-90.3075,"2505 North Highway 67, Florissant, MO, 63033",2505 North Highway 67,Florissant,MO,63033,,,ALDI,active,USA,1312931
10635,2026-07-17T18:14:32.256Z,441-033,"Aldi, Cahokia",38.5601,-90.1715,"1233 Camp Jackson Road, Cahokia, IL, 62206",1233 Camp Jackson Road,Cahokia,IL,62206,,,ALDI,active,USA,1314054
12281,2026-07-17T18:14:36.171Z,441-034,"Aldi, Poplar Bluff",36.7625,-90.4117,"601 North Westwood, Poplar Bluff, MO, 63901",601 North Westwood,Poplar Bluff,MO,63901,,,ALDI,active,USA,1312915
12717,2026-07-17T18:14:36.877Z,441-035,"Aldi, Troy",38.977681,-90.984754,"6 The Plaza, Troy, MO, 63379",6 The Plaza,Troy,MO,63379,,,ALDI,active,USA,1313534
12572,2026-07-17T18:14:36.877Z,441-036,"Aldi, Sparta",38.1383,-89.7035,"1250 N Market St, Sparta, IL, 62286",1250 N Market St,Sparta,IL,62286,,,ALDI,active,USA,1314056
11139,2026-07-17T18:14:34.070Z,441-037,"Aldi, Florissant",38.7736,-90.2799,"11296 W Florissant, Florissant, MO, 63033",11296 W Florissant,Florissant,MO,63033,,,ALDI,active,USA,1312948
10576,2026-07-17T18:14:32.256Z,441-038,"Aldi, Bridgeton",38.7507,-90.4288,"12290 St Charles Rock Road, Bridgeton, MO, 63044",12290 St Charles Rock Road,Bridgeton,MO,63044,,,ALDI,active,USA,1312934
11124,2026-07-17T18:14:33.514Z,441-039,"Aldi, Ferguson",38.7422,-90.303,"21 Adams Avenue, Ferguson, MO, 63135",21 Adams Avenue,Ferguson,MO,63135,,,ALDI,active,USA,1314166
10667,2026-07-17T18:14:32.256Z,441-040,"Aldi, Carbondale",37.7315,-89.1922,"1232 East Main, Carbondale, IL, 62901",1232 East Main,Carbondale,IL,62901,,,ALDI,active,USA,1314431
10989,2026-07-17T18:14:33.514Z,441-041,"Aldi, Des Peres",38.6039,-90.4387,"12145 Manchester Rd, Des Peres, MO, 63131",12145 Manchester Rd,Des Peres,MO,63131,,,ALDI,active,USA,1313477
12431,2026-07-17T18:14:36.487Z,441-042,"Aldi, Saint Ann",38.731904,-90.391067,"10680 St Charles Rock Road, Saint Ann, MO, 63074",10680 St Charles Rock Road,Saint Ann,MO,63074,,,ALDI,active,USA,1312941
12740,2026-07-17T18:14:37.179Z,441-043,"Aldi, University City",38.6731,-90.3369,"7701 Olive Blvd, University City, MO, 63130",7701 Olive Blvd,University City,MO,63130,,,ALDI,active,USA,1313526
10906,2026-07-17T18:14:32.770Z,441-044,"Aldi, Crestwood",38.558717,-90.389404,"311 Watson Plz, Crestwood, MO, 63126",311 Watson Plz,Crestwood,MO,63126,,,ALDI,active,USA,1312923
12529,2026-07-17T18:14:36.487Z,441-045,"Aldi, Shrewsbury",38.5812,-90.3241,"7369 Watson Rd, Shrewsbury, MO, 63119",7369 Watson Rd,Shrewsbury,MO,63119,,,ALDI,active,USA,1313481
12627,2026-07-17T18:14:36.877Z,441-046,"Aldi, St. Peters",38.7437,-90.5912,"1665 Jungermann Rd, St Peters, MO, 63304",1665 Jungermann Rd,St Peters,MO,63304,,,ALDI,active,USA,1312954
11766,2026-07-17T18:14:35.558Z,441-047,"Aldi, Maplewood",38.6135,-90.3276,"7725 Manchester Road, Maplewood, MO, 63143",7725 Manchester Road,Maplewood,MO,63143,,,ALDI,active,USA,1314341
12441,2026-07-17T18:14:36.487Z,441-048,"Aldi, Saint Louis",38.6608,-90.2181,"3616 Natural Bridge, Saint Louis, MO, 63107",3616 Natural Bridge,Saint Louis,MO,63107,,,ALDI,active,USA,1312217
10738,2026-07-17T18:14:32.770Z,441-049,"Aldi, Chesterfield",38.6674,-90.608,"300 Thf Blvd, Chesterfield, MO, 63005",300 Thf Blvd,Chesterfield,MO,63005,,,ALDI,active,USA,1312949
11251,2026-07-17T18:14:34.070Z,441-050,"Aldi, Glen Carbon",38.7737,-89.9552,"16 Cottonwood Road, Glen Carbon, IL, 62034",16 Cottonwood Road,Glen Carbon,IL,62034,,,ALDI,active,USA,1312651
11563,2026-07-17T18:14:35.092Z,441-051,"Aldi, Kirkwood",38.564069,-90.407266,"1125 S Kirkwood Rd, Kirkwood, MO, 63122",1125 S Kirkwood Rd,Kirkwood,MO,63122,,,ALDI,active,USA,1312919
10840,2026-07-17T18:14:32.770Z,441-053,"Aldi, Collinsville",38.6904,-89.9726,"1716 Vandalia Street, Collinsville, IL, 62234",1716 Vandalia Street,Collinsville,IL,62234,,,ALDI,active,USA,1312612
12443,2026-07-17T18:14:36.487Z,441-054,"Aldi, Saint Louis",38.6524,-90.2629,"702 N Kingshighway Blvd, Saint Louis, MO, 63108",702 N Kingshighway Blvd,Saint Louis,MO,63108,,,ALDI,active,USA,1312922
11504,2026-07-17T18:14:34.665Z,441-055,"Aldi, Jennings",38.7278,-90.2724,"8445 Lucas & Hunt Road, Jennings, MO, 63136",8445 Lucas & Hunt Road,Jennings,MO,63136,,,ALDI,active,USA,1312216
11290,2026-07-17T18:14:34.070Z,441-056,"Aldi, Green Park",38.514213,-90.339767,"11185 South Towne Sq, Green Park, MO, 63123",11185 South Towne Sq,Green Park,MO,63123,,,ALDI,active,USA,1313513
12445,2026-07-17T18:14:36.487Z,441-057,"Aldi, Saint Louis",38.593264,-90.250807,"3865 Gravois Ave, Saint Louis, MO, 63116",3865 Gravois Ave,Saint Louis,MO,63116,,,ALDI,active,USA,1312955
12408,2026-07-17T18:14:36.487Z,441-058,"Aldi, Rolla",37.943783,-91.775468,"500 Hwy 72 West, Rolla, MO, 65401",500 Hwy 72 West,Rolla,MO,65401,,,ALDI,active,USA,1313524
12932,2026-07-17T18:14:37.179Z,441-059,"Aldi, Wood River",38.8689,-90.0675,"399 Wesley Drive, Wood River, IL, 62095",399 Wesley Drive,Wood River,IL,62095,,,ALDI,active,USA,1312711
11349,2026-07-17T18:14:34.665Z,441-060,"Aldi, Harrisburg",37.7444,-88.5248,"740 North Commercial Street, Harrisburg, IL, 62946",740 North Commercial Street,Harrisburg,IL,62946,,,ALDI,active,USA,1314049
12736,2026-07-17T18:14:37.179Z,441-061,"Aldi, Union",38.431924,-90.967922,"1631 Denmark Road, Union, MO, 63084",1631 Denmark Road,Union,MO,63084,,,ALDI,active,USA,1313482
11515,2026-07-17T18:14:34.665Z,441-062,"Aldi, Jonesboro",35.8132,-90.6774,"2610 S Caraway Road, Jonesboro, AR, 72401",2610 S Caraway Road,Jonesboro,AR,72401,,,ALDI,active,USA,1312237
12801,2026-07-17T18:14:37.179Z,441-063,"Aldi, Warrenton",38.8243,-91.1394,"531 Anwijo Way, Warrenton, MO, 63383",531 Anwijo Way,Warrenton,MO,63383,,,ALDI,active,USA,1312944
12176,2026-07-17T18:14:36.171Z,441-064,"Aldi, Paragould",36.059933,-90.524743,"2810 W Kingshighway, Paragould, AR, 72450",2810 W Kingshighway,Paragould,AR,72450,,,ALDI,active,USA,1314361
10492,2026-07-17T18:14:31.811Z,441-065,"Aldi, Belleville",38.519701,-89.931765,"1805 Carlyle Ave, Belleville, IL, 62221",1805 Carlyle Ave,Belleville,IL,62221,,,ALDI,active,USA,1312677
12394,2026-07-17T18:14:36.487Z,441-066,"Aldi, Rock Hill",38.609119,-90.365242,"9530 Manchester Rd, Rock Hill, MO, 63119",9530 Manchester Rd,Rock Hill,MO,63119,,,ALDI,active,USA,1312913
12432,2026-07-17T18:14:36.487Z,441-067,"Aldi, Saint Charles",38.783081,-90.529666,"1095 Regency Parkway, Saint Charles, MO, 63303",1095 Regency Parkway,Saint Charles,MO,63303,,,ALDI,active,USA,1312927
11383,2026-07-17T18:14:34.665Z,441-068,"Aldi, High Ridge",38.46294,-90.528589,"1025 Crossroads Pl, High Ridge, MO, 63049",1025 Crossroads Pl,High Ridge,MO,63049,,,ALDI,active,USA,1313525
12732,2026-07-17T18:14:36.877Z,441-069,"Aldi, Twin Oaks",38.56853,-90.49534,"1144 Meramec Station Rd, Twin Oaks, MO, 63021",1144 Meramec Station Rd,Twin Oaks,MO,63021,,,ALDI,active,USA,1312928
10847,2026-07-17T18:14:32.770Z,441-070,"Aldi, Columbia",38.957646,-92.295029,"2901 E Business Loop 70, Columbia, MO, 65201",2901 E Business Loop 70,Columbia,MO,65201,,,ALDI,active,USA,1312918
11047,2026-07-17T18:14:33.514Z,441-071,"Aldi, Effingham",39.1303,-88.559,"908 North Keller Drive, Effingham, IL, 62401",908 North Keller Drive,Effingham,IL,62401,,,ALDI,active,USA,1312618
11596,2026-07-17T18:14:35.092Z,441-072,"Aldi, Lake Ozark",38.177551,-92.613416,"800 Kestrel Ln, Lake Ozark, MO, 65049",800 Kestrel Ln,Lake Ozark,MO,65049,,,ALDI,active,USA,1313483
12137,2026-07-17T18:14:36.171Z,441-073,"Aldi, Ottumwa",41.0154,-92.4385,"940 Quincy Avenue, Ottumwa, IA, 52501",940 Quincy Avenue,Ottumwa,IA,52501,,,ALDI,active,USA,1312546
11562,2026-07-17T18:14:35.092Z,441-074,"Aldi, Kirksville",40.2141,-92.5838,"2115 N Baltimore, Kirksville, MO, 63501",2115 N Baltimore,Kirksville,MO,63501,,,ALDI,active,USA,1312909
11930,2026-07-17T18:14:35.558Z,441-076,"Aldi, Mount Pleasant",40.9639,-91.5336,"1309 East Washington, Mount Pleasant, IA, 52641",1309 East Washington,Mount Pleasant,IA,52641,,,ALDI,active,USA,1312534
11157,2026-07-17T18:14:34.070Z,441-077,"Aldi, Fort Madison",40.6313,-91.3147,"927 Avenue G, Fort Madison, IA, 52627",927 Avenue G,Fort Madison,IA,52627,,,ALDI,active,USA,1312601
12208,2026-07-17T18:14:36.171Z,441-078,"Aldi, Perryville",37.729038,-89.884503,"300 N Perryville Blvd, Perryville, MO, 63775",300 N Perryville Blvd,Perryville,MO,63775,,,ALDI,active,USA,1312930
11479,2026-07-17T18:14:34.665Z,441-079,"Aldi, Jackson",37.36792,-89.63989,"2502 East Jackson Blvd, Jackson, MO, 63755",2502 East Jackson Blvd,Jackson,MO,63755,,,ALDI,active,USA,1312950
11785,2026-07-17T18:14:35.558Z,441-080,"Aldi, Maryland Heights",38.71346,-90.45568,"12632 Dorsett Road, Maryland Heights, MO, 63043",12632 Dorsett Road,Maryland Heights,MO,63043,,,ALDI,active,USA,1312916
12634,2026-07-17T18:14:36.877Z,441-081,"Aldi, St. Robert",37.8116,-92.14312,"477 Vfw Memorial Dr, St Robert, MO, 65584",477 Vfw Memorial Dr,St Robert,MO,65584,,,ALDI,active,USA,1313531
11889,2026-07-17T18:14:35.558Z,441-082,"Aldi, Moberly",39.4421,-92.4308,"400 Hwy 24 East, Moberly, MO, 65270",400 Hwy 24 East,Moberly,MO,65270,,,ALDI,active,USA,1312932
11837,2026-07-17T18:14:35.558Z,441-083,"Aldi, Mexico",39.1466,-91.8916,"2875 S Clark Street, Mexico, MO, 65265",2875 S Clark Street,Mexico,MO,65265,,,ALDI,active,USA,1313520
10848,2026-07-17T18:14:32.770Z,441-084,"Aldi, Columbia",38.9668,-92.3488,"807 Business Loop 70 West, Columbia, MO, 65203",807 Business Loop 70 West,Columbia,MO,65203,,,ALDI,active,USA,1312942
11501,2026-07-17T18:14:34.665Z,441-085,"Aldi, Jefferson City",38.580159,-92.210165,"2413 Missouri Blvd, Jefferson City, MO, 65109",2413 Missouri Blvd,Jefferson City,MO,65109,,,ALDI,active,USA,1312908
10846,2026-07-17T18:14:32.770Z,441-086,"Aldi, Columbia",38.912285,-92.326206,"1000 East Green Meadows Rd, Columbia, MO, 65201",1000 East Green Meadows Rd,Columbia,MO,65201,,,ALDI,active,USA,1312903
12440,2026-07-17T18:14:36.487Z,441-087,"Aldi, Saint Louis",38.493253,-90.381707,"13047 Butler Crest Drive, Saint Louis, MO, 63128",13047 Butler Crest Drive,Saint Louis,MO,63128,,,ALDI,active,USA,1312921
11138,2026-07-17T18:14:34.070Z,441-088,"Aldi, Florissant",38.80703,-90.36054,"240 Howdershell Road, Florissant, MO, 63031",240 Howdershell Road,Florissant,MO,63031,,,ALDI,active,USA,1312945
10984,2026-07-17T18:14:33.514Z,441-089,"Aldi, Desloge",37.877032,-90.512118,"404 N State St, Desloge, MO, 63601",404 N State St,Desloge,MO,63601,,,ALDI,active,USA,1313476
10469,2026-07-17T18:14:31.811Z,441-090,"Aldi, Batesville",35.76532,-91.61295,"23 Eagle Mountain Blvd, Batesville, AR, 72501",23 Eagle Mountain Blvd,Batesville,AR,72501,,,ALDI,active,USA,1314362
11933,2026-07-17T18:14:35.558Z,441-091,"Aldi, Mount Vernon",38.316,-88.935,"201 South Davidson Ave, Mount Vernon, IL, 62864",201 South Davidson Ave,Mount Vernon,IL,62864,,,ALDI,active,USA,1312666
10872,2026-07-17T18:14:32.770Z,441-093,"Aldi, Conway",35.06276,-92.41327,"1272 South Amity Road, Conway, AR, 72032",1272 South Amity Road,Conway,AR,72032,,,ALDI,active,USA,1312239
12533,2026-07-17T18:14:36.487Z,441-094,"Aldi, Sikeston",36.8697,-89.5792,"1045 South Main, Sikeston, MO, 63801",1045 South Main,Sikeston,MO,63801,,,ALDI,active,USA,1313514
10633,2026-07-17T18:14:32.256Z,441-096,"Aldi, Cabot",34.981008,-92.031001,"1118 West Main St, Cabot, AR, 72023",1118 West Main St,Cabot,AR,72023,,,ALDI,active,USA,1314359
11694,2026-07-17T18:14:35.092Z,441-097,"Aldi, Litchfield",39.182059,-89.669056,"20 Litchfield Plaza, Litchfield, IL, 62056",20 Litchfield Plaza,Litchfield,IL,62056,,,ALDI,active,USA,1314447
10665,2026-07-17T18:14:32.256Z,441-098,"Aldi, Cape Girardeau",37.3061,-89.5505,"2145 Independence, Cape Girardeau, MO, 63703",2145 Independence,Cape Girardeau,MO,63703,,,ALDI,active,USA,1314342
11205,2026-07-17T18:14:34.070Z,441-102,"Aldi, Fulton",38.861754,-91.94401,"1503 North Bluff St, Fulton, MO, 65251",1503 North Bluff St,Fulton,MO,65251,,,ALDI,active,USA,1313478
12094,2026-07-17T18:14:35.837Z,441-103,"Aldi, Olivette",38.673656,-90.365961,"9175 Olive Crossing, Olivette, MO, 63132",9175 Olive Crossing,Olivette,MO,63132,,,ALDI,active,USA,1312939
11084,2026-07-17T18:14:33.514Z,441-104,"Aldi, Eureka",38.50442,-90.65217,"1421 W 5th St, Eureka, MO, 63025",1421 W 5th St,Eureka,MO,63025,,,ALDI,active,USA,1688687
11700,2026-07-17T18:14:35.092Z,441-110,"Aldi, Little Rock",34.75237,-92.41425,"12309 Chenal Parkway, Little Rock, AR, 72211",12309 Chenal Parkway,Little Rock,AR,72211,,,ALDI,active,USA,1312252
12523,2026-07-17T18:14:36.487Z,441-113,"Aldi, Sherwood",34.839085,-92.232075,"9215 Highway 107, Sherwood, AR, 72120",9215 Highway 107,Sherwood,AR,72120,,,ALDI,active,USA,1314360
12034,2026-07-17T18:14:35.837Z,441-115,"Aldi, North Little Rock",34.78773,-92.22072,"4220 E Mccain Blvd, North Little Rock, AR, 72117",4220 E Mccain Blvd,North Little Rock,AR,72117,,,ALDI,active,USA,1314358
12426,2026-07-17T18:14:36.487Z,441-116,"Aldi, Russellville",35.2778,-93.10548,"2400 E Main Street, Russellville, AR, 72802",2400 E Main Street,Russellville,AR,72802,,,ALDI,active,USA,1566611
12494,2026-07-17T18:14:36.487Z,441-117,"Aldi, Searcy",35.2393,-91.7068,"2550 E Beebe Capps Expy, Searcy, AR, 72143",2550 E Beebe Capps Expy,Searcy,AR,72143,,,ALDI,active,USA,1691295
12765,2026-07-17T18:14:37.179Z,444-001,"Aldi, Vincennes",38.6594,-87.5102,"220 Kimmell Road, Vincennes, IN, 47591",220 Kimmell Road,Vincennes,IN,47591,,,ALDI,active,USA,1312741
11089,2026-07-17T18:14:33.514Z,444-002,"Aldi, Evansville",37.992164,-87.473243,"6434 Oak Grove Rd, Evansville, IN, 47715",6434 Oak Grove Rd,Evansville,IN,47715,,,ALDI,active,USA,1312022
11088,2026-07-17T18:14:33.514Z,444-003,"Aldi, Evansville",37.976637,-87.626394,"214 S Rosenberger Ave, Evansville, IN, 47712",214 S Rosenberger Ave,Evansville,IN,47712,,,ALDI,active,USA,1312734
12146,2026-07-17T18:14:36.171Z,444-004,"Aldi, Owensboro",37.756402,-87.064908,"2945 Highway 54, Owensboro, KY, 42303",2945 Highway 54,Owensboro,KY,42303,,,ALDI,active,USA,1312803
12209,2026-07-17T18:14:36.171Z,444-005,"Aldi, Peru",40.746479,-86.097654,"970 W Main St, Peru, IN, 46970",970 W Main St,Peru,IN,46970,,,ALDI,active,USA,1314065
11938,2026-07-17T18:14:35.837Z,444-006,"Aldi, Muncie",40.220095,-85.388249,"210 W Mcgalliard, Muncie, IN, 47303",210 W Mcgalliard,Muncie,IN,47303,,,ALDI,active,USA,1312745
11574,2026-07-17T18:14:35.092Z,444-007,"Aldi, Kokomo",40.471331,-86.110014,"1381 S Reed Road, Kokomo, IN, 46902",1381 S Reed Road,Kokomo,IN,46902,,,ALDI,active,USA,1312027
10852,2026-07-17T18:14:32.770Z,444-008,"Aldi, Columbus",39.215366,-85.881057,"1505 N National Road, Columbus, IN, 47201",1505 N National Road,Columbus,IN,47201,,,ALDI,active,USA,1312758
12013,2026-07-17T18:14:35.837Z,444-009,"Aldi, Noblesville",40.036096,-85.997546,"16971 Clover Rd, Noblesville, IN, 46060",16971 Clover Rd,Noblesville,IN,46060,,,ALDI,active,USA,1312777
11986,2026-07-17T18:14:35.837Z,444-010,"Aldi, New Castle",39.930517,-85.383577,"107 S Memorial Dr, New Castle, IN, 47362",107 S Memorial Dr,New Castle,IN,47362,,,ALDI,active,USA,1312178
11055,2026-07-17T18:14:33.514Z,444-011,"Aldi, Elizabethtown",37.725927,-85.884348,"1504 N Dixie Hwy, Elizabethtown, KY, 42701",1504 N Dixie Hwy,Elizabethtown,KY,42701,,,ALDI,active,USA,1312811
11284,2026-07-17T18:14:34.070Z,444-012,"Aldi, Greencastle",39.647968,-86.828251,"65 Putnam Plaza, Greencastle, IN, 46135",65 Putnam Plaza,Greencastle,IN,46135,,,ALDI,active,USA,1312179
11436,2026-07-17T18:14:34.665Z,444-013,"Aldi, Huntington",40.901756,-85.507838,"450 Frontage Rd, Huntington, IN, 46750",450 Frontage Rd,Huntington,IN,46750,,,ALDI,active,USA,1314067
12364,2026-07-17T18:14:36.487Z,444-014,"Aldi, Richmond",39.82984,-84.84187,"4401 National Rd E Ste 1, Richmond, IN, 47374",4401 National Rd E Ste 1,Richmond,IN,47374,,,ALDI,active,USA,1314073
11286,2026-07-17T18:14:34.070Z,444-015,"Aldi, Greenfield",39.810067,-85.772292,"1780 Muskegon Lane, Greenfield, IN, 46140",1780 Muskegon Lane,Greenfield,IN,46140,,,ALDI,active,USA,1314081
11774,2026-07-17T18:14:35.558Z,444-018,"Aldi, Marion",40.54354,-85.672823,"2007 S Western Ave, Marion, IN, 46953",2007 S Western Ave,Marion,IN,46953,,,ALDI,active,USA,1312557
11308,2026-07-17T18:14:34.070Z,444-020,"Aldi, Greenwood",39.611435,-86.159585,"300 S State Road 135, Greenwood, IN, 46142",300 S State Road 135,Greenwood,IN,46142,,,ALDI,active,USA,1312615
11187,2026-07-17T18:14:34.070Z,444-021,"Aldi, Frankfort",40.278296,-86.479692,"2465 E Wabash Street, Frankfort, IN, 46041",2465 E Wabash Street,Frankfort,IN,46041,,,ALDI,active,USA,1314086
11309,2026-07-17T18:14:34.070Z,444-022,"Aldi, Greenwood",39.594836,-86.101951,"1595 Us 31 S, Greenwood, IN, 46143",1595 Us 31 S,Greenwood,IN,46143,,,ALDI,active,USA,1312749
12510,2026-07-17T18:14:36.487Z,444-023,"Aldi, Seymour",38.957552,-85.861841,"1710 E Tipton St, Seymour, IN, 47274",1710 E Tipton St,Seymour,IN,47274,,,ALDI,active,USA,1314066
10437,2026-07-17T18:14:31.811Z,444-026,"Aldi, Aurora",39.077116,-84.89521,"13938 Wilson Creek Rd, Aurora, IN, 47001",13938 Wilson Creek Rd,Aurora,IN,47001,,,ALDI,active,USA,1314072
11708,2026-07-17T18:14:35.092Z,444-027,"Aldi, Logansport",40.75655,-86.309728,"4129 E Market Street, Logansport, IN, 46947",4129 E Market Street,Logansport,IN,46947,,,ALDI,active,USA,1314074
10486,2026-07-17T18:14:31.811Z,444-028,"Aldi, Bedford",38.868547,-86.518156,"908 Constitution Ave, Bedford, IN, 47421",908 Constitution Ave,Bedford,IN,47421,,,ALDI,active,USA,1314088
10534,2026-07-17T18:14:32.256Z,444-029,"Aldi, Bloomington",39.165946,-86.496258,"2813 E 3rd St, Bloomington, IN, 47401",2813 E 3rd St,Bloomington,IN,47401,,,ALDI,active,USA,1312759
10531,2026-07-17T18:14:31.811Z,444-030,"Aldi, Bloomington",39.147258,-86.5763,"2035 S Liberty Dr, Bloomington, IN, 47403",2035 S Liberty Dr,Bloomington,IN,47403,,,ALDI,active,USA,1312760
11173,2026-07-17T18:14:34.070Z,444-031,"Aldi, Fort Wayne",41.075711,-85.199614,"4466 Illinois Road, Fort Wayne, IN, 46804",4466 Illinois Road,Fort Wayne,IN,46804,,,ALDI,active,USA,1312757
11176,2026-07-17T18:14:34.070Z,444-032,"Aldi, Fort Wayne",41.173848,-85.168567,"10007 Lima Rd, Fort Wayne, IN, 46818",10007 Lima Rd,Fort Wayne,IN,46818,,,ALDI,active,USA,1312564
11174,2026-07-17T18:14:34.070Z,444-033,"Aldi, Fort Wayne",41.018318,-85.11139,"7325 S Anthony Blvd, Fort Wayne, IN, 46816",7325 S Anthony Blvd,Fort Wayne,IN,46816,,,ALDI,active,USA,1314079
11502,2026-07-17T18:14:34.665Z,444-034,"Aldi, Jeffersonville",38.327328,-85.712874,"3131 E 10th St, Jeffersonville, IN, 47130",3131 E 10th St,Jeffersonville,IN,47130,,,ALDI,active,USA,1314075
12325,2026-07-17T18:14:36.171Z,444-035,"Aldi, Radcliff",37.846112,-85.944576,"601 North Dixie Blvd, Radcliff, KY, 40160",601 North Dixie Blvd,Radcliff,KY,40160,,,ALDI,active,USA,1314101
11721,2026-07-17T18:14:35.092Z,444-036,"Aldi, Louisville",38.167385,-85.82818,"5109 Dixie Hwy, Louisville, KY, 40216",5109 Dixie Hwy,Louisville,KY,40216,,,ALDI,active,USA,1314102
11979,2026-07-17T18:14:35.837Z,444-037,"Aldi, New Albany",38.3246,-85.818652,"3118 Grant Line Road, New Albany, IN, 47150",3118 Grant Line Road,New Albany,IN,47150,,,ALDI,active,USA,1312754
11722,2026-07-17T18:14:35.092Z,444-038,"Aldi, Louisville",38.195046,-85.730819,"3442 Preston Highway, Louisville, KY, 40213",3442 Preston Highway,Louisville,KY,40213,,,ALDI,active,USA,1314099
11717,2026-07-17T18:14:35.092Z,444-039,"Aldi, Louisville",38.187721,-85.636701,"4301 Bardstown Rd, Louisville, KY, 40218",4301 Bardstown Rd,Louisville,KY,40218,,,ALDI,active,USA,1312798
11720,2026-07-17T18:14:35.092Z,444-040,"Aldi, Louisville",38.140212,-85.665941,"4901 Outer Loop Ste 128, Louisville, KY, 40219",4901 Outer Loop Ste 128,Louisville,KY,40219,,,ALDI,active,USA,1314103
11718,2026-07-17T18:14:35.092Z,444-041,"Aldi, Louisville",38.295575,-85.554095,"10620 Westport Rd, Louisville, KY, 40241",10620 Westport Rd,Louisville,KY,40241,,,ALDI,active,USA,1312804
11719,2026-07-17T18:14:35.092Z,444-042,"Aldi, Louisville",38.235215,-85.575951,"825 S Hurstbourne Pkwy, Louisville, KY, 40222",825 S Hurstbourne Pkwy,Louisville,KY,40222,,,ALDI,active,USA,1312818
11186,2026-07-17T18:14:34.070Z,444-043,"Aldi, Frankfort",38.166697,-84.899693,"1300 Us Hwy 127, Frankfort, KY, 40601",1300 Us Hwy 127,Frankfort,KY,40601,,,ALDI,active,USA,1312817
11857,2026-07-17T18:14:35.558Z,444-044,"Aldi, Middletown",38.2472135,-85.5252315,"220 Juneau Drive, Middletown, KY, 40243",220 Juneau Drive,Middletown,KY,40243,,,ALDI,active,USA,1312815
10850,2026-07-17T18:14:32.770Z,444-047,"Aldi, Columbia City",41.168515,-85.493515,"551 N Line St, Columbia City, IN, 46725",551 N Line St,Columbia City,IN,46725,,,ALDI,active,USA,1312737
10902,2026-07-17T18:14:32.770Z,444-049,"Aldi, Crawfordsville",40.06083,-86.89554,"1620 S Us Highway 231, Crawfordsville, IN, 47933",1620 S Us Highway 231,Crawfordsville,IN,47933,,,ALDI,active,USA,1312771
11647,2026-07-17T18:14:35.092Z,444-050,"Aldi, Lebanon",40.072938,-86.473006,"2465 North Lebanon St, Lebanon, IN, 46052",2465 North Lebanon St,Lebanon,IN,46052,,,ALDI,active,USA,1314082
10605,2026-07-17T18:14:32.256Z,444-051,"Aldi, Brownsburg",39.857753,-86.385962,"406 E Northfield Dr, Brownsburg, IN, 46112",406 E Northfield Dr,Brownsburg,IN,46112,,,ALDI,active,USA,1312023
11175,2026-07-17T18:14:34.070Z,444-053,"Aldi, Fort Wayne",41.1808,-85.087431,"10511 Dupont Oaks Blvd, Fort Wayne, IN, 46845",10511 Dupont Oaks Blvd,Fort Wayne,IN,46845,,,ALDI,active,USA,1312730
11939,2026-07-17T18:14:35.837Z,444-054,"Aldi, Muncie",40.164344,-85.382647,"3221 S Madison St, Muncie, IN, 47302",3221 S Madison St,Muncie,IN,47302,,,ALDI,active,USA,1314084
12258,2026-07-17T18:14:36.171Z,444-055,"Aldi, Plainfield",39.715235,-86.367696,"2382 E Main Street, Plainfield, IN, 46168",2382 E Main Street,Plainfield,IN,46168,,,ALDI,active,USA,1312750
10444,2026-07-17T18:14:31.811Z,444-056,"Aldi, Avon",39.761452,-86.349961,"9779 E Us Hwy 36, Avon, IN, 46123",9779 E Us Hwy 36,Avon,IN,46123,,,ALDI,active,USA,1312026
11172,2026-07-17T18:14:34.070Z,444-057,"Aldi, Fort Wayne",41.121863,-85.134751,"4750 Coldwater Rd, Fort Wayne, IN, 46825",4750 Coldwater Rd,Fort Wayne,IN,46825,,,ALDI,active,USA,1312563
11296,2026-07-17T18:14:34.070Z,444-058,"Aldi, Greensburg",39.35325,-85.478908,"1700 North Lincoln St, Greensburg, IN, 47240",1700 North Lincoln St,Greensburg,IN,47240,,,ALDI,active,USA,1314089
11577,2026-07-17T18:14:35.092Z,444-059,"Aldi, Lafayette",40.406048,-86.856639,"957 Sagamore Pkwy S, Lafayette, IN, 47905",957 Sagamore Pkwy S,Lafayette,IN,47905,,,ALDI,active,USA,1312732
12859,2026-07-17T18:14:37.179Z,444-060,"Aldi, West Lafayette",40.454186,-86.908798,"210 Sagamore Pkwy W, West Lafayette, IN, 47906",210 Sagamore Pkwy W,West Lafayette,IN,47906,,,ALDI,active,USA,1312747
12365,2026-07-17T18:14:36.487Z,444-063,"Aldi, Richmond",37.7305,-84.287444,"798 Eastern Byp, Richmond, KY, 40475",798 Eastern Byp,Richmond,KY,40475,,,ALDI,active,USA,1314100
12682,2026-07-17T18:14:36.877Z,444-064,"Aldi, Terre Haute",39.438048,-87.332397,"2322 Sr 46, Terre Haute, IN, 47803",2322 Sr 46,Terre Haute,IN,47803,,,ALDI,active,USA,1314069
12681,2026-07-17T18:14:36.877Z,444-065,"Aldi, Terre Haute",39.400299,-87.403171,"5501 S Us Hwy 41, Terre Haute, IN, 47802",5501 S Us Hwy 41,Terre Haute,IN,47802,,,ALDI,active,USA,1312780
11747,2026-07-17T18:14:35.558Z,444-066,"Aldi, Madison",38.776201,-85.385561,"202 Franks Dr, Madison, IN, 47250",202 Franks Dr,Madison,IN,47250,,,ALDI,active,USA,1314080
11243,2026-07-17T18:14:34.070Z,444-067,"Aldi, Georgetown",38.184008,-84.562471,"135 American Path, Georgetown, KY, 40324",135 American Path,Georgetown,KY,40324,,,ALDI,active,USA,1312812
11677,2026-07-17T18:14:35.092Z,444-068,"Aldi, Lexington",38.073881,-84.483164,"1509 Colesbury Circle, Lexington, KY, 40511",1509 Colesbury Circle,Lexington,KY,40511,,,ALDI,active,USA,1314104
11676,2026-07-17T18:14:35.092Z,444-069,"Aldi, Lexington",37.985051,-84.528529,"126 Rojay Drive, Lexington, KY, 40503",126 Rojay Drive,Lexington,KY,40503,,,ALDI,active,USA,1312813
10670,2026-07-17T18:14:32.256Z,444-070,"Aldi, Carmel",40.001235,-86.129329,"14620 Greyhound Plaza, Carmel, IN, 46032",14620 Greyhound Plaza,Carmel,IN,46032,,,ALDI,active,USA,1312740
11459,2026-07-17T18:14:34.665Z,444-071,"Aldi, Indianapolis",39.77286,-85.990897,"9989 E Washington St, Indianapolis, IN, 46229",9989 E Washington St,Indianapolis,IN,46229,,,ALDI,active,USA,1314070
11457,2026-07-17T18:14:34.665Z,444-072,"Aldi, Indianapolis",39.907267,-86.221991,"8404 Michigan Rd, Indianapolis, IN, 46268",8404 Michigan Rd,Indianapolis,IN,46268,,,ALDI,active,USA,1314083
11462,2026-07-17T18:14:34.665Z,444-073,"Aldi, Indianapolis",39.667725,-86.080595,"6835 S Emerson Ave, Indianapolis, IN, 46237",6835 S Emerson Ave,Indianapolis,IN,46237,,,ALDI,active,USA,1312025
11127,2026-07-17T18:14:33.514Z,444-074,"Aldi, Fishers",39.959735,-85.995949,"9774 E 116th St, Fishers, IN, 46037",9774 E 116th St,Fishers,IN,46037,,,ALDI,active,USA,1312743
11460,2026-07-17T18:14:34.665Z,444-075,"Aldi, Indianapolis",39.848738,-86.121062,"5235 N Keystone Ave, Indianapolis, IN, 46220",5235 N Keystone Ave,Indianapolis,IN,46220,,,ALDI,active,USA,1312773
11456,2026-07-17T18:14:34.665Z,444-076,"Aldi, Indianapolis",39.723208,-86.149552,"2955 Madison Ave, Indianapolis, IN, 46225",2955 Madison Ave,Indianapolis,IN,46225,,,ALDI,active,USA,1314076
12576,2026-07-17T18:14:36.877Z,444-077,"Aldi, Speedway",39.802885,-86.271051,"2502 Founders Square Dr, Speedway, IN, 46224",2502 Founders Square Dr,Speedway,IN,46224,,,ALDI,active,USA,1312779
11454,2026-07-17T18:14:34.665Z,444-078,"Aldi, Indianapolis",39.770726,-86.052099,"6691 E Washington St, Indianapolis, IN, 46219",6691 E Washington St,Indianapolis,IN,46219,,,ALDI,active,USA,1314071
11461,2026-07-17T18:14:34.665Z,444-079,"Aldi, Indianapolis",39.835875,-86.247718,"4470 Lafayette Road, Indianapolis, IN, 46254",4470 Lafayette Road,Indianapolis,IN,46254,,,ALDI,active,USA,1312748
11453,2026-07-17T18:14:34.665Z,444-081,"Aldi, Indianapolis",39.85635,-85.983269,"10325 Pendleton Pike, Indianapolis, IN, 46236",10325 Pendleton Pike,Indianapolis,IN,46236,,,ALDI,active,USA,1312733
10389,2026-07-17T18:14:31.811Z,444-082,"Aldi, Anderson",40.062748,-85.66144,"1428 E 53rd St, Anderson, IN, 46013",1428 E 53rd St,Anderson,IN,46013,,,ALDI,active,USA,1314068
12521,2026-07-17T18:14:36.487Z,444-083,"Aldi, Shelbyville",39.525197,-85.743835,"2695 East Range Road, Shelbyville, IN, 46176",2695 East Range Road,Shelbyville,IN,46176,,,ALDI,active,USA,1314064
10671,2026-07-17T18:14:32.256Z,444-085,"Aldi, Carmel",39.940228,-86.238917,"10584 Workout Way, Carmel, IN, 46032",10584 Workout Way,Carmel,IN,46032,,,ALDI,active,USA,1312024
11455,2026-07-17T18:14:34.665Z,444-086,"Aldi, Indianapolis",39.914066,-86.135348,"1440 E 86th St, Indianapolis, IN, 46240",1440 E 86th St,Indianapolis,IN,46240,,,ALDI,active,USA,1312653
12960,2026-07-17T18:14:37.357Z,444-087,"Aldi, Zionsville",39.947853,-86.346039,"6479 Center Drive, Zionsville, IN, 46075",6479 Center Drive,Zionsville,IN,46075,,,ALDI,active,USA,1312753
11458,2026-07-17T18:14:34.665Z,444-088,"Aldi, Indianapolis",39.904108,-86.082471,"5151 E 82nd Street, Indianapolis, IN, 46250",5151 E 82nd Street,Indianapolis,IN,46250,,,ALDI,active,USA,1312775
12854,2026-07-17T18:14:37.179Z,444-089,"Aldi, Westfield",40.04212,-86.15904,"54 E Spring MIll Pointe Dri, Westfield, IN, 46074",54 E Spring MIll Pointe Dri,Westfield,IN,46074,,,ALDI,active,USA,1312752
12886,2026-07-17T18:14:37.179Z,446-001,"Aldi, Wichita",37.678045,-97.243183,"8011 E Kellogg Dr, Wichita, KS, 67207",8011 E Kellogg Dr,Wichita,KS,67207,,,ALDI,active,USA,1312797
11352,2026-07-17T18:14:34.665Z,446-002,"Aldi, Harrisonville",38.654004,-94.362514,"1801 West Mechanic St, Harrisonville, MO, 64701",1801 West Mechanic St,Harrisonville,MO,64701,,,ALDI,active,USA,1312912
10569,2026-07-17T18:14:32.256Z,446-003,"Aldi, Branson",36.674674,-93.229529,"1231 Branson Hills Prkwy, Branson, MO, 65616",1231 Branson Hills Prkwy,Branson,MO,65616,,,ALDI,active,USA,1312907
11166,2026-07-17T18:14:34.070Z,446-005,"Aldi, Fort Smith",35.328456,-94.411486,"2201 S Zero St, Fort Smith, AR, 72901",2201 S Zero St,Fort Smith,AR,72901,,,ALDI,active,USA,1311982
11657,2026-07-17T18:14:35.092Z,446-006,"Aldi, Lee's Summit",38.927425,-94.392426,"560 Nw Chipman Rd, Lee's Summit, MO, 64086",560 Nw Chipman Rd,Lee's Summit,MO,64086,,,ALDI,active,USA,1313517
12087,2026-07-17T18:14:35.837Z,446-007,"Aldi, Olathe",38.88958244,-94.8360274,"600 N Millridge Street, Olathe, KS, 66061",600 N Millridge Street,Olathe,KS,66061,,,ALDI,active,USA,1312793
12141,2026-07-17T18:14:36.171Z,446-008,"Aldi, Overland Park",38.840624,-94.666527,"15891 Metcalf Ave, Overland Park, KS, 66223",15891 Metcalf Ave,Overland Park,KS,66223,,,ALDI,active,USA,1312028
12705,2026-07-17T18:14:36.877Z,446-009,"Aldi, Topeka",39.09197,-95.677867,"2320 Nw Clay Street, Topeka, KS, 66618",2320 Nw Clay Street,Topeka,KS,66618,,,ALDI,active,USA,1312809
12100,2026-07-17T18:14:35.837Z,446-010,"Aldi, Omaha",41.234998,-96.216229,"19261 Gold Street, Omaha, NE, 68130",19261 Gold Street,Omaha,NE,68130,,,ALDI,active,USA,1313027
11197,2026-07-17T18:14:34.070Z,446-011,"Aldi, Fremont",41.450549,-96.452141,"3650 E Elk Ln, Fremont, NE, 68025",3650 E Elk Ln,Fremont,NE,68025,,,ALDI,active,USA,1313028
10799,2026-07-17T18:14:32.770Z,446-012,"Aldi, Claremore",36.292473,-95.628202,"1700 S Scissortail Ave, Claremore, OK, 74017",1700 S Scissortail Ave,Claremore,OK,74017,,,ALDI,active,USA,1312094
11527,2026-07-17T18:14:34.665Z,446-013,"Aldi, Kansas City",39.127587,-94.834447,"1945 N 110th St, Kansas City, KS, 66111",1945 N 110th St,Kansas City,KS,66111,,,ALDI,active,USA,1312794
12466,2026-07-17T18:14:36.487Z,446-014,"Aldi, Sand Springs",36.13614,-96.112744,"101 W Alexander Blvd, Sand Springs, OK, 74063",101 W Alexander Blvd,Sand Springs,OK,74063,,,ALDI,active,USA,1313952
11651,2026-07-17T18:14:35.092Z,446-015,"Aldi, Lebanon",37.676172,-92.656545,"668 S Jefferson, Lebanon, MO, 65536",668 S Jefferson,Lebanon,MO,65536,,,ALDI,active,USA,1312935
12439,2026-07-17T18:14:36.487Z,446-016,"Aldi, Saint Joseph",39.736287,-94.799743,"3201 South Belt Hwy, Saint Joseph, MO, 64503",3201 South Belt Hwy,Saint Joseph,MO,64503,,,ALDI,active,USA,1313516
12722,2026-07-17T18:14:36.877Z,446-017,"Aldi, Tulsa",36.076668,-95.885081,"8221 E 61st Street Suite S, Tulsa, OK, 74133",8221 E 61st Street Suite S,Tulsa,OK,74133,,,ALDI,active,USA,1313958
11953,2026-07-17T18:14:35.837Z,446-018,"Aldi, Muskogee",35.771184,-95.366816,"436 W Shawnee Street, Muskogee, OK, 74401",436 W Shawnee Street,Muskogee,OK,74401,,,ALDI,active,USA,1312090
12725,2026-07-17T18:14:36.877Z,446-019,"Aldi, Tulsa",36.045135,-96.003685,"8205 S Olympia Ave, Tulsa, OK, 74132",8205 S Olympia Ave,Tulsa,OK,74132,,,ALDI,active,USA,1313271
12724,2026-07-17T18:14:36.877Z,446-020,"Aldi, Tulsa",36.014595,-95.884268,"8207 E 103rd Street, Tulsa, OK, 74133",8207 E 103rd Street,Tulsa,OK,74133,,,ALDI,active,USA,1312093
10588,2026-07-17T18:14:32.256Z,446-021,"Aldi, Broken Arrow",36.061961,-95.820913,"2400 W Kenosha Street, Broken Arrow, OK, 74012",2400 W Kenosha Street,Broken Arrow,OK,74012,,,ALDI,active,USA,1313279
10461,2026-07-17T18:14:31.811Z,446-022,"Aldi, Bartlesville",36.711507,-95.936262,"2553 Se Washington Blvd, Bartlesville, OK, 74006",2553 Se Washington Blvd,Bartlesville,OK,74006,,,ALDI,active,USA,1313298
12721,2026-07-17T18:14:36.877Z,446-023,"Aldi, Tulsa",36.132707,-95.834042,"12572 E 21st Street, Tulsa, OK, 74129",12572 E 21st Street,Tulsa,OK,74129,,,ALDI,active,USA,1313953
12143,2026-07-17T18:14:36.171Z,446-024,"Aldi, Owasso",36.287999,-95.839577,"9259 N Owasso Expy, Owasso, OK, 74055",9259 N Owasso Expy,Owasso,OK,74055,,,ALDI,active,USA,1313302
11685,2026-07-17T18:14:35.092Z,446-025,"Aldi, Lincoln",40.814428,-96.606644,"8350 O Street, Lincoln, NE, 68510",8350 O Street,Lincoln,NE,68510,,,ALDI,active,USA,1313033
11529,2026-07-17T18:14:34.665Z,446-026,"Aldi, Kansas City",39.257382,-94.650454,"8780 N Ambassador Drive, Kansas City, MO, 64154",8780 N Ambassador Drive,Kansas City,MO,64154,,,ALDI,active,USA,1314339
11684,2026-07-17T18:14:35.092Z,446-027,"Aldi, Lincoln",40.724181,-96.681773,"8701 S 28th Street, Lincoln, NE, 68516",8701 S 28th Street,Lincoln,NE,68516,,,ALDI,active,USA,1313034
11530,2026-07-17T18:14:34.665Z,446-031,"Aldi, Kansas City",39.104464,-94.563179,"721 Paseo Blvd, Kansas City, MO, 64106",721 Paseo Blvd,Kansas City,MO,64106,,,ALDI,active,USA,1311979
11536,2026-07-17T18:14:35.092Z,446-032,"Aldi, Kansas City",39.242764,-94.465962,"8251 Oxford Ave, Kansas City, MO, 64158",8251 Oxford Ave,Kansas City,MO,64158,,,ALDI,active,USA,1312926
12355,2026-07-17T18:14:36.487Z,446-033,"Aldi, Republic",37.132395,-93.456437,"1434 Us Hwy 60 E, Republic, MO, 65738",1434 Us Hwy 60 E,Republic,MO,65738,,,ALDI,active,USA,1313515
11976,2026-07-17T18:14:35.837Z,446-034,"Aldi, Neosho",36.842776,-94.393763,"2551 Lusk Dr, Neosho, MO, 64850",2551 Lusk Dr,Neosho,MO,64850,,,ALDI,active,USA,1312953
11517,2026-07-17T18:14:34.665Z,446-035,"Aldi, Joplin",37.061831,-94.532835,"2630 Mcclelland Blvd, Joplin, MO, 64804",2630 Mcclelland Blvd,Joplin,MO,64804,,,ALDI,active,USA,1313522
12012,2026-07-17T18:14:35.837Z,446-036,"Aldi, Nixa",37.046267,-93.304239,"310 N Old Wilderness Rd, Nixa, MO, 65714",310 N Old Wilderness Rd,Nixa,MO,65714,,,ALDI,active,USA,1312905
12752,2026-07-17T18:14:37.179Z,446-037,"Aldi, Van Buren",35.471936,-94.356992,"2309 Fayetteville Rd, Van Buren, AR, 72956",2309 Fayetteville Rd,Van Buren,AR,72956,,,ALDI,active,USA,1313826
10508,2026-07-17T18:14:31.811Z,446-038,"Aldi, Bentonville",36.357874,-94.224048,"1006 Sw 14th St, Bentonville, AR, 72712",1006 Sw 14th St,Bentonville,AR,72712,,,ALDI,active,USA,1312254
12534,2026-07-17T18:14:36.877Z,446-039,"Aldi, Siloam Springs",36.180114,-94.513216,"2802 Hwy 412 East, Siloam Springs, AR, 72761",2802 Hwy 412 East,Siloam Springs,AR,72761,,,ALDI,active,USA,1313827
10494,2026-07-17T18:14:31.811Z,446-040,"Aldi, Bellevue",41.160226,-95.943531,"2112 Cornhusker, Bellevue, NE, 68123",2112 Cornhusker,Bellevue,NE,68123,,,ALDI,active,USA,1313029
12097,2026-07-17T18:14:35.837Z,446-041,"Aldi, Omaha",41.214489,-95.95792,"4525 Dahlman Ave, Omaha, NE, 68107",4525 Dahlman Ave,Omaha,NE,68107,,,ALDI,active,USA,1313889
12096,2026-07-17T18:14:35.837Z,446-042,"Aldi, Omaha",41.23282,-96.12078,"13215 West Center Road, Omaha, NE, 68144",13215 West Center Road,Omaha,NE,68144,,,ALDI,active,USA,1312040
12098,2026-07-17T18:14:35.837Z,446-043,"Aldi, Omaha",41.302755,-95.955882,"4801 N 30th St, Omaha, NE, 68111",4801 N 30th St,Omaha,NE,68111,,,ALDI,active,USA,1312169
11167,2026-07-17T18:14:34.070Z,446-044,"Aldi, Fort Smith",35.345393,-94.338858,"8400 Phoenix Avenue, Fort Smith, AR, 72903",8400 Phoenix Avenue,Fort Smith,AR,72903,,,ALDI,active,USA,1313825
11350,2026-07-17T18:14:34.665Z,446-045,"Aldi, Harrison",36.259336,-93.125438,"1105 Hwy 62/65 North, Harrison, AR, 72601",1105 Hwy 62/65 North,Harrison,AR,72601,,,ALDI,active,USA,1312238
12099,2026-07-17T18:14:35.837Z,446-046,"Aldi, Omaha",41.29172,-96.185486,"17240 Evans St, Omaha, NE, 68116",17240 Evans St,Omaha,NE,68116,,,ALDI,active,USA,1313032
12888,2026-07-17T18:14:37.179Z,446-047,"Aldi, Wichita",37.643406,-97.351455,"2826 S Seneca, Wichita, KS, 67217",2826 S Seneca,Wichita,KS,67217,,,ALDI,active,USA,1312180
12095,2026-07-17T18:14:35.837Z,446-048,"Aldi, Omaha",41.252266,-96.022545,"885 S 72nd St, Omaha, NE, 68114",885 S 72nd St,Omaha,NE,68114,,,ALDI,active,USA,1313035
11534,2026-07-17T18:14:35.092Z,446-049,"Aldi, Kansas City",38.991599,-94.592771,"7511 Wornall Road, Kansas City, MO, 64114",7511 Wornall Road,Kansas City,MO,64114,,,ALDI,active,USA,1312910
12890,2026-07-17T18:14:37.179Z,446-050,"Aldi, Wichita",37.696619,-97.463619,"765 N Maize Rd, Wichita, KS, 67212",765 N Maize Rd,Wichita,KS,67212,,,ALDI,active,USA,1312783
12140,2026-07-17T18:14:36.171Z,446-051,"Aldi, Overland Park",38.88477,-94.68549,"8640 W 135th Street, Overland Park, KS, 66223",8640 W 135th Street,Overland Park,KS,66223,,,ALDI,active,USA,1312789
12515,2026-07-17T18:14:36.487Z,446-052,"Aldi, Shawnee",39.006988,-94.761872,"15105 W 67th, Shawnee, KS, 66217",15105 W 67th,Shawnee,KS,66217,,,ALDI,active,USA,1312030
11664,2026-07-17T18:14:35.092Z,446-053,"Aldi, Lenexa",38.969892,-94.768913,"15751 W 87th Street Prkwy, Lenexa, KS, 66219",15751 W 87th Street Prkwy,Lenexa,KS,66219,,,ALDI,active,USA,1312786
12706,2026-07-17T18:14:36.877Z,446-054,"Aldi, Topeka",39.039181,-95.766474,"1530 Sw Arvonia, Topeka, KS, 66615",1530 Sw Arvonia,Topeka,KS,66615,,,ALDI,active,USA,1312029
10500,2026-07-17T18:14:31.811Z,446-055,"Aldi, Belton",38.813246,-94.517956,"1011 E North Avenue, Belton, MO, 64012",1011 E North Avenue,Belton,MO,64012,,,ALDI,active,USA,1313536
11093,2026-07-17T18:14:33.514Z,446-056,"Aldi, Excelsior Springs",39.33369,-94.264733,"2351 Vintage Ct, Excelsior Springs, MO, 64024",2351 Vintage Ct,Excelsior Springs,MO,64024,,,ALDI,active,USA,1312904
11658,2026-07-17T18:14:35.092Z,446-057,"Aldi, Lee's Summit",38.901451,-94.362406,"600 Se Oldham Parkway, Lee's Summit, MO, 64081",600 Se Oldham Parkway,Lee's Summit,MO,64081,,,ALDI,active,USA,1313484
11449,2026-07-17T18:14:34.665Z,446-058,"Aldi, Independence",39.07751,-94.388107,"16007 E 23rd St, Independence, MO, 64055",16007 E 23rd St,Independence,MO,64055,,,ALDI,active,USA,1313532
12406,2026-07-17T18:14:36.487Z,446-059,"Aldi, Roeland Park",39.040847,-94.639164,"4801 Roe Blvd, Roeland Park, KS, 66205",4801 Roe Blvd,Roeland Park,KS,66205,,,ALDI,active,USA,1312782
12457,2026-07-17T18:14:36.487Z,446-060,"Aldi, Salina",38.797556,-97.612224,"2403 South 9th St, Salina, KS, 67401",2403 South 9th St,Salina,KS,67401,,,ALDI,active,USA,1312785
11451,2026-07-17T18:14:34.665Z,446-061,"Aldi, Independence",39.050998,-94.449225,"11004 East Us Hwy 40, Independence, MO, 64055",11004 East Us Hwy 40,Independence,MO,64055,,,ALDI,active,USA,1312906
11248,2026-07-17T18:14:34.070Z,446-062,"Aldi, Gladstone",39.23253,-94.577634,"7604 N Oak, Gladstone, MO, 64118",7604 N Oak,Gladstone,MO,64118,,,ALDI,active,USA,1313518
11533,2026-07-17T18:14:34.665Z,446-064,"Aldi, Kansas City",38.93442,-94.50707,"10475 Blue Ridge Blvd, Kansas City, MO, 64134",10475 Blue Ridge Blvd,Kansas City,MO,64134,,,ALDI,active,USA,1313479
10680,2026-07-17T18:14:32.256Z,446-065,"Aldi, Carthage",37.145994,-94.309106,"2442 Grand Ave, Carthage, MO, 64836",2442 Grand Ave,Carthage,MO,64836,,,ALDI,active,USA,1314163
12887,2026-07-17T18:14:37.179Z,446-066,"Aldi, Wichita",37.725518,-97.363827,"2323 N Amidon, Wichita, KS, 67204",2323 N Amidon,Wichita,KS,67204,,,ALDI,active,USA,1314091
12593,2026-07-17T18:14:36.877Z,446-067,"Aldi, Springfield",37.161165,-93.290383,"421 E Battlefield, Springfield, MO, 65807",421 E Battlefield,Springfield,MO,65807,,,ALDI,active,USA,1312951
11778,2026-07-17T18:14:35.558Z,446-068,"Aldi, Marshall",39.110134,-93.212412,"975 W College Ave, Marshall, MO, 65340",975 W College Ave,Marshall,MO,65340,,,ALDI,active,USA,1312215
12139,2026-07-17T18:14:36.171Z,446-069,"Aldi, Overland Park",38.956629,-94.682176,"8333 W 95th, Overland Park, KS, 66212",8333 W 95th,Overland Park,KS,66212,,,ALDI,active,USA,1312788
12799,2026-07-17T18:14:37.179Z,446-070,"Aldi, Warrensburg",38.782616,-93.736745,"1115 N Simpson Dr, Warrensburg, MO, 64093",1115 N Simpson Dr,Warrensburg,MO,64093,,,ALDI,active,USA,1312940
11445,2026-07-17T18:14:34.665Z,446-071,"Aldi, Hutchinson",38.07434,-97.898046,"1711 N Waldron St, Hutchinson, KS, 67502",1711 N Waldron St,Hutchinson,KS,67502,,,ALDI,active,USA,1312784
12591,2026-07-17T18:14:36.877Z,446-072,"Aldi, Springfield",37.241169,-93.263992,"1645 E Kearney, Springfield, MO, 65803",1645 E Kearney,Springfield,MO,65803,,,ALDI,active,USA,1312911
12407,2026-07-17T18:14:36.487Z,446-073,"Aldi, Rogers",36.333432,-94.135976,"1316 West Walnut, Rogers, AR, 72756",1316 West Walnut,Rogers,AR,72756,,,ALDI,active,USA,1312253
10894,2026-07-17T18:14:32.770Z,446-074,"Aldi, Council Bluffs",41.229055,-95.846496,"3135 Manawa Centre Dr, Council Bluffs, IA, 51501",3135 Manawa Centre Dr,Council Bluffs,IA,51501,,,ALDI,active,USA,1312539
12101,2026-07-17T18:14:35.837Z,446-075,"Aldi, Omaha",41.291113,-96.051923,"3433 N 90th Street, Omaha, NE, 68134",3433 N 90th Street,Omaha,NE,68134,,,ALDI,active,USA,1312039
11115,2026-07-17T18:14:33.514Z,446-076,"Aldi, Fayetteville",36.051576,-94.20653,"3214 W Martin Luther King, Fayetteville, AR, 72704",3214 W Martin Luther King,Fayetteville,AR,72704,,,ALDI,active,USA,1312255
12438,2026-07-17T18:14:36.487Z,446-077,"Aldi, Saint Joseph",39.807467,-94.816651,"4132 N Belt Hwy, Saint Joseph, MO, 64506",4132 N Belt Hwy,Saint Joseph,MO,64506,,,ALDI,active,USA,1313480
11535,2026-07-17T18:14:35.092Z,446-078,"Aldi, Kansas City",39.010524,-94.573687,"6415 Troost, Kansas City, MO, 64131",6415 Troost,Kansas City,MO,64131,,,ALDI,active,USA,1314165
12583,2026-07-17T18:14:36.877Z,446-079,"Aldi, Springdale",36.165856,-94.142521,"2009 S Thompson, Springdale, AR, 72764",2009 S Thompson,Springdale,AR,72764,,,ALDI,active,USA,1312240
10548,2026-07-17T18:14:32.256Z,446-080,"Aldi, Bolivar",37.593378,-93.405662,"700 E San Martin, Bolivar, MO, 65613",700 E San Martin,Bolivar,MO,65613,,,ALDI,active,USA,1312952
10538,2026-07-17T18:14:32.256Z,446-081,"Aldi, Blue Springs",39.013372,-94.271397,"530 S 7 Hwy, Blue Springs, MO, 64014",530 S 7 Hwy,Blue Springs,MO,64014,,,ALDI,active,USA,1313529
12889,2026-07-17T18:14:37.179Z,446-082,"Aldi, Wichita",37.722198,-97.258169,"6835 E 21st Street, Wichita, KS, 67206",6835 E 21st Street,Wichita,KS,67206,,,ALDI,active,USA,1314092
12707,2026-07-17T18:14:36.877Z,446-083,"Aldi, Topeka",39.014236,-95.682727,"105 Sw 29th Street, Topeka, KS, 66611",105 Sw 29th Street,Topeka,KS,66611,,,ALDI,active,USA,1314095
11532,2026-07-17T18:14:34.665Z,446-084,"Aldi, Kansas City",39.115964,-94.689841,"4805 State Ave, Kansas City, KS, 66102",4805 State Ave,Kansas City,KS,66102,,,ALDI,active,USA,1314094
10982,2026-07-17T18:14:33.514Z,446-085,"Aldi, Derby",37.564772,-97.24448,"1719 N Rock Road, Derby, KS, 67037",1719 N Rock Road,Derby,KS,67037,,,ALDI,active,USA,1314090
11643,2026-07-17T18:14:35.092Z,446-086,"Aldi, Lawrence",38.929076,-95.261081,"3025 Iowa Street, Lawrence, KS, 66046",3025 Iowa Street,Lawrence,KS,66046,,,ALDI,active,USA,1312791
12496,2026-07-17T18:14:36.487Z,446-088,"Aldi, Sedalia",38.711331,-93.275473,"3701 W Broadway, Sedalia, MO, 65301",3701 W Broadway,Sedalia,MO,65301,,,ALDI,active,USA,1313519
12242,2026-07-17T18:14:36.171Z,446-089,"Aldi, Pittsburg",37.43999,-94.706183,"3109 N Broadway, Pittsburg, KS, 66762",3109 N Broadway,Pittsburg,KS,66762,,,ALDI,active,USA,1312790
11065,2026-07-17T18:14:33.514Z,446-090,"Aldi, Emporia",38.426256,-96.217085,"2331 Industrial Rd, Emporia, KS, 66801",2331 Industrial Rd,Emporia,KS,66801,,,ALDI,active,USA,1312795
11528,2026-07-17T18:14:34.665Z,446-091,"Aldi, Kansas City",39.10563,-94.507878,"6300 Independence Ave, Kansas City, MO, 64125",6300 Independence Ave,Kansas City,MO,64125,,,ALDI,active,USA,1314164
11531,2026-07-17T18:14:34.665Z,446-092,"Aldi, Kansas City",39.056581,-94.554169,"3830 Prospect Ave, Kansas City, MO, 64128",3830 Prospect Ave,Kansas City,MO,64128,,,ALDI,active,USA,1314167
12342,2026-07-17T18:14:36.487Z,446-093,"Aldi, Raytown",38.993947,-94.474402,"9215 E 350 Hwy, Raytown, MO, 64133",9215 E 350 Hwy,Raytown,MO,64133,,,ALDI,active,USA,1312925
12089,2026-07-17T18:14:35.837Z,446-094,"Aldi, Olathe",38.850753,-94.819775,"20250 W 154th Street, Olathe, KS, 66062",20250 W 154th Street,Olathe,KS,66062,,,ALDI,active,USA,1312796
12088,2026-07-17T18:14:35.837Z,446-095,"Aldi, Olathe",38.915347,-94.763142,"15290 W 119th St, Olathe, KS, 66062",15290 W 119th St,Olathe,KS,66062,,,ALDI,active,USA,1312808
11760,2026-07-17T18:14:35.558Z,446-096,"Aldi, Manhattan",39.180002,-96.554539,"140 E Poyntz, Manhattan, KS, 66502",140 E Poyntz,Manhattan,KS,66502,,,ALDI,active,USA,1312807
11518,2026-07-17T18:14:34.665Z,446-097,"Aldi, Joplin",37.070287,-94.475576,"3205 E 20th St, Joplin, MO, 64801",3205 E 20th St,Joplin,MO,64801,,,ALDI,active,USA,1314162
11619,2026-07-17T18:14:35.092Z,446-098,"Aldi, Lansing",39.268384,-94.900831,"1217 N Main, Lansing, KS, 66043",1217 N Main,Lansing,KS,66043,,,ALDI,active,USA,1312787
12589,2026-07-17T18:14:36.877Z,446-101,"Aldi, Springfield",37.181676,-93.238092,"2847 E Sunshine Street, Springfield, MO, 65804",2847 E Sunshine Street,Springfield,MO,65804,,,ALDI,active,USA,1312936
11519,2026-07-17T18:14:34.665Z,446-102,"Aldi, Junction City",39.022696,-96.821429,"520 East Chestnut Street, Junction City, KS, 66441",520 East Chestnut Street,Junction City,KS,66441,,,ALDI,active,USA,1314093
11537,2026-07-17T18:14:35.092Z,446-103,"Aldi, Kansas City",39.20916,-94.64465,"6238 North Chatham Ave, Kansas City, MO, 64151",6238 North Chatham Ave,Kansas City,MO,64151,,,ALDI,active,USA,1313108
10587,2026-07-17T18:14:32.256Z,446-104,"Aldi, Broken Arrow",35.987542,-95.795538,"525 W Tucson St, Broken Arrow, OK, 74011",525 W Tucson St,Broken Arrow,OK,74011,,,ALDI,active,USA,1313275
12175,2026-07-17T18:14:36.171Z,446-105,"Aldi, Papillion",41.16391,-96.02075,"9549 South 71st Plaza, Papillion, NE, 68133",9549 South 71st Plaza,Papillion,NE,68133,,,ALDI,active,USA,1313030
12581,2026-07-17T18:14:36.877Z,446-106,"Aldi, Springdale",36.193033,-94.18556,"5001 Elm Springs Rd, Springdale, AR, 72762",5001 Elm Springs Rd,Springdale,AR,72762,,,ALDI,active,USA,1312241
12723,2026-07-17T18:14:36.877Z,446-107,"Aldi, Tulsa",36.123948,-95.939501,"2711 South Harvard Ave, Tulsa, OK, 74114",2711 South Harvard Ave,Tulsa,OK,74114,,,ALDI,active,USA,1312088
11526,2026-07-17T18:14:34.665Z,446-108,"Aldi, Kansas City",39.18434,-94.57406,"4851 N Oak Trafficway, Kansas City, MO, 64118",4851 N Oak Trafficway,Kansas City,MO,64118,,,ALDI,active,USA,1312914
12138,2026-07-17T18:14:36.171Z,446-111,"Aldi, Overland Park",38.91147,-94.66529,"12055 Metcalf Avenue, Overland Park, KS, 66213",12055 Metcalf Avenue,Overland Park,KS,66213,,,ALDI,active,USA,1312031
10820,2026-07-17T18:14:32.770Z,446-112,"Aldi, Clinton",38.363567,-93.754935,"612 South Pawnee Street, Clinton, MO, 64735",612 South Pawnee Street,Clinton,MO,64735,,,ALDI,active,USA,1313523
11311,2026-07-17T18:14:34.070Z,446-114,"Aldi, Gretna",41.14766,-96.217911,"19311 Oakmont Dr, Gretna, NE, 68028",19311 Oakmont Dr,Gretna,NE,68028,,,ALDI,active,USA,1313031
12154,2026-07-17T18:14:36.171Z,446-116,"Aldi, Ozark",37.00608,-93.22746,"1979 W Waverly St, Ozark, MO, 65721",1979 W Waverly St,Ozark,MO,65721,,,ALDI,active,USA,1314168
10838,2026-07-17T18:14:32.770Z,460-002,"Aldi, Collingdale",39.9091272,-75.2863334,"1205 Macdade Blvd, Collingdale, PA, 19023",1205 Macdade Blvd,Collingdale,PA,19023,,,ALDI,active,USA,1313306
12714,2026-07-17T18:14:36.877Z,460-004,"Aldi, Trenton",40.19006,-74.71296,"2735 S Broad Street, Trenton, NJ, 08610",2735 S Broad Street,Trenton,NJ,08610,,,ALDI,active,USA,2014402
11249,2026-07-17T18:14:34.070Z,460-005,"Aldi, Glassboro",39.721114,-75.112293,"812 N Delsea Dr, Glassboro, NJ, 08028",812 N Delsea Dr,Glassboro,NJ,08028,,,ALDI,active,USA,2014405
11038,2026-07-17T18:14:33.514Z,460-006,"Aldi, East Windsor",40.273412,-74.541051,"440 Us Highway 130, East Windsor, NJ, 08520",440 Us Highway 130,East Windsor,NJ,08520,,,ALDI,active,USA,2014417
11729,2026-07-17T18:14:35.092Z,460-007,"Aldi, Lumberton",39.9816192,-74.7882459,"1636 Route 38, Lumberton, NJ, 08048",1636 Route 38,Lumberton,NJ,8048,,,ALDI,active,USA,1942097
12219,2026-07-17T18:14:36.171Z,460-008,"Aldi, Philadelphia",40.085292,-75.045687,"9303 Krewstown Road, Philadelphia, PA, 19115",9303 Krewstown Road,Philadelphia,PA,19115,,,ALDI,active,USA,1313988
10368,2026-07-17T18:14:31.811Z,460-009,"Aldi, Allentown",40.639033,-75.430048,"1856 Catasauqua Road, Allentown, PA, 18109",1856 Catasauqua Road,Allentown,PA,18109,,,ALDI,active,USA,1313982
11618,2026-07-17T18:14:35.092Z,460-010,"Aldi, Lansdowne",39.9372958,-75.275335,"48 W Baltimore Ave, Lansdowne, PA, 19050",48 W Baltimore Ave,Lansdowne,PA,19050,,,ALDI,active,USA,1313977
12229,2026-07-17T18:14:36.171Z,460-011,"Aldi, Philadelphia",40.0466141,-75.1444566,"6119 N Broad Street, Philadelphia, PA, 19141",6119 N Broad Street,Philadelphia,PA,19141,,,ALDI,active,USA,1313980
12216,2026-07-17T18:14:36.171Z,460-012,"Aldi, Philadelphia",40.055278,-75.0498,"7900 Roosevelt Blvd, Philadelphia, PA, 19152",7900 Roosevelt Blvd,Philadelphia,PA,19152,,,ALDI,active,USA,1313985
12559,2026-07-17T18:14:36.877Z,460-013,"Aldi, Souderton",40.315314,-75.309897,"703 Route 113, Souderton, PA, 18964",703 Route 113,Souderton,PA,18964,,,ALDI,active,USA,1313962
10505,2026-07-17T18:14:31.811Z,460-014,"Aldi, Bensalem",40.1366351,-74.9620919,"620 Rockhill Dr, Bensalem, PA, 19020",620 Rockhill Dr,Bensalem,PA,19020,,,ALDI,active,USA,1313358
10575,2026-07-17T18:14:32.256Z,460-015,"Aldi, Bridgeton",39.46237,-75.20961,"18 Cornwell Drive, Bridgeton, NJ, 08302",18 Cornwell Drive,Bridgeton,NJ,08302,,,ALDI,active,USA,2014360
12318,2026-07-17T18:14:36.171Z,460-016,"Aldi, Quakertown",40.45955,-75.36873,"606 N West End Blvd, Quakertown, PA, 18951",606 N West End Blvd,Quakertown,PA,18951,,,ALDI,active,USA,1313364
11094,2026-07-17T18:14:33.514Z,460-017,"Aldi, Exton",40.0265815,-75.6342693,"190 W Lincoln Highway, Exton, PA, 19341",190 W Lincoln Highway,Exton,PA,19341,,,ALDI,active,USA,1313368
10831,2026-07-17T18:14:32.770Z,460-018,"Aldi, Coatesville",39.9838033,-75.8721212,"154 Airport Road, Coatesville, PA, 19320",154 Airport Road,Coatesville,PA,19320,,,ALDI,active,USA,1312113
10496,2026-07-17T18:14:31.811Z,460-019,"Aldi, Bellmawr",39.86576,-75.086826,"156 W Browning Road, Bellmawr, NJ, 08031",156 W Browning Road,Bellmawr,NJ,8031,,,ALDI,active,USA,1941756
11073,2026-07-17T18:14:33.514Z,460-020,"Aldi, Ephrata",40.166848,-76.159499,"830 East Main Street, Ephrata, PA, 17522",830 East Main Street,Ephrata,PA,17522,,,ALDI,active,USA,1313355
11973,2026-07-17T18:14:35.837Z,460-021,"Aldi, Nazareth",40.731533,-75.307397,"4034 Jandy Blvd, Nazareth, PA, 18064",4034 Jandy Blvd,Nazareth,PA,18064,,,ALDI,active,USA,1313316
10550,2026-07-17T18:14:32.256Z,460-022,"Aldi, Bordentown",40.139515,-74.708557,"262c Route 130, Bordentown, NJ, 08505",262c Route 130,Bordentown,NJ,8505,,,ALDI,active,USA,1941760
11668,2026-07-17T18:14:35.092Z,460-023,"Aldi, Levittown",40.1420169,-74.8471874,"2990 Edgely Road, Levittown, PA, 19057",2990 Edgely Road,Levittown,PA,19057,,,ALDI,active,USA,1313393
12224,2026-07-17T18:14:36.171Z,460-024,"Aldi, Philadelphia",39.9787666,-75.2725048,"1911 N 76th Street, Philadelphia, PA, 19151",1911 N 76th Street,Philadelphia,PA,19151,,,ALDI,active,USA,1313386
11650,2026-07-17T18:14:35.092Z,460-025,"Aldi, Lebanon",40.3456,-76.39411,"105 North 11th Avenue, Lebanon, PA, 17046",105 North 11th Avenue,Lebanon,PA,17046,,,ALDI,active,USA,1313314
12026,2026-07-17T18:14:35.837Z,460-026,"Aldi, North Bergen",40.80728,-74.01618,"8101 Tonnelle Avenue, North Bergen, NJ, 07047",8101 Tonnelle Avenue,North Bergen,NJ,07047,,,ALDI,active,USA,2014381
11707,2026-07-17T18:14:35.092Z,460-027,"Aldi, Lodi",40.87559,-74.08608,"4 Memorial Dr Ste 1, Lodi, NJ, 07644",4 Memorial Dr Ste 1,Lodi,NJ,7644,,,ALDI,active,USA,1942096
12735,2026-07-17T18:14:37.179Z,460-028,"Aldi, Union",40.69983,-74.28126,"1020 Commerce Avenue, Union, NJ, 07083",1020 Commerce Avenue,Union,NJ,7083,,,ALDI,active,USA,1942214
11776,2026-07-17T18:14:35.558Z,460-029,"Aldi, Marlton",39.8963208,-74.9395071,"651 Route 70 West, Marlton, NJ, 08053",651 Route 70 West,Marlton,NJ,8053,,,ALDI,active,USA,1942100
12728,2026-07-17T18:14:36.877Z,460-030,"Aldi, Turnersville",39.744047,-75.0476343,"4601 Route 42, Turnersville, NJ, 08012",4601 Route 42,Turnersville,NJ,08012,,,ALDI,active,USA,2014356
11035,2026-07-17T18:14:33.514Z,460-031,"Aldi, East Rutherford",40.83114,-74.09295,"59 Route 17 South, East Rutherford, NJ, 07073",59 Route 17 South,East Rutherford,NJ,07073,,,ALDI,active,USA,2014404
10818,2026-07-17T18:14:32.770Z,460-032,"Aldi, Clifton",40.87725,-74.13631,"56 Lakeview Ave, Clifton, NJ, 07011",56 Lakeview Ave,Clifton,NJ,7011,,,ALDI,active,USA,1942051
12241,2026-07-17T18:14:36.171Z,460-033,"Aldi, Piscataway",40.55185,-74.4396,"1321 Centennial Avenue, Piscataway, NJ, 08854",1321 Centennial Avenue,Piscataway,NJ,8854,,,ALDI,active,USA,1942184
12389,2026-07-17T18:14:36.487Z,460-034,"Aldi, Rockaway",40.8896552,-74.5168573,"212 Route 46 East, Rockaway, NJ, 07866",212 Route 46 East,Rockaway,NJ,07866,,,ALDI,active,USA,2014379
11425,2026-07-17T18:14:34.665Z,460-035,"Aldi, Howell",40.129081,-74.223835,"5010 Us Highway 9, Howell, NJ, 07731",5010 Us Highway 9,Howell,NJ,7731,,,ALDI,active,USA,1942089
12569,2026-07-17T18:14:36.877Z,460-036,"Aldi, South Plainfield",40.5785261,-74.3891278,"907 Oak Tree Ave, South Plainfield, NJ, 07080",907 Oak Tree Ave,South Plainfield,NJ,7080,,,ALDI,active,USA,1942203
11360,2026-07-17T18:14:34.665Z,460-037,"Aldi, Hazlet",40.416862,-74.180932,"3020 Route 35, Hazlet, NJ, 07730",3020 Route 35,Hazlet,NJ,7730,,,ALDI,active,USA,1942088
12925,2026-07-17T18:14:37.179Z,460-038,"Aldi, Woodbridge",40.53624,-74.29873,"450 King Georges Rd, Woodbridge, NJ, 07095",450 King Georges Rd,Woodbridge,NJ,07095,,,ALDI,active,USA,2014396
12228,2026-07-17T18:14:36.171Z,460-039,"Aldi, Philadelphia",40.006873,-75.098433,"3975 Castor Avenue, Philadelphia, PA, 19124",3975 Castor Avenue,Philadelphia,PA,19124,,,ALDI,active,USA,1313347
11615,2026-07-17T18:14:35.092Z,460-041,"Aldi, Langhorne",40.177677,-74.876948,"2339 E Lincoln Hwy, Langhorne, PA, 19047",2339 E Lincoln Hwy,Langhorne,PA,19047,,,ALDI,active,USA,1312096
10536,2026-07-17T18:14:32.256Z,460-042,"Aldi, Blue Bell",40.1661492,-75.2900063,"930 Dekalb Pike, Blue Bell, PA, 19422",930 Dekalb Pike,Blue Bell,PA,19422,,,ALDI,active,USA,1313966
12225,2026-07-17T18:14:36.171Z,460-043,"Aldi, Philadelphia",39.9760574,-75.1890341,"3101 West Girard Avenue, Philadelphia, PA, 19130",3101 West Girard Avenue,Philadelphia,PA,19130,,,ALDI,active,USA,1313983
12802,2026-07-17T18:14:37.179Z,460-044,"Aldi, Warrington",40.213948,-75.141249,"100 Easton Rd, Warrington, PA, 18976",100 Easton Rd,Warrington,PA,18976,,,ALDI,active,USA,1313333
12021,2026-07-17T18:14:35.837Z,460-045,"Aldi, Norristown",40.13021,-75.39924,"550 S Trooper Road, Norristown, PA, 19403",550 S Trooper Road,Norristown,PA,19403,,,ALDI,active,USA,1313343
11926,2026-07-17T18:14:35.558Z,460-046,"Aldi, Mount Laurel",39.9717103,-74.8758882,"3105 Route 38, Mount Laurel, NJ, 08054",3105 Route 38,Mount Laurel,NJ,08054,,,ALDI,active,USA,2014416
12903,2026-07-17T18:14:37.179Z,460-047,"Aldi, Willow Grove",40.140342,-75.116339,"1955 Davisville Road, Willow Grove, PA, 19090",1955 Davisville Road,Willow Grove,PA,19090,,,ALDI,active,USA,1313325
10506,2026-07-17T18:14:31.811Z,460-048,"Aldi, Bensalem",40.090411,-74.9411559,"1445 Street Road, Bensalem, PA, 19020",1445 Street Road,Bensalem,PA,19020,,,ALDI,active,USA,1313967
12227,2026-07-17T18:14:36.171Z,460-049,"Aldi, Philadelphia",40.0067687,-75.0997979,"5200 Whiteaker Ave, Philadelphia, PA, 19124",5200 Whiteaker Ave,Philadelphia,PA,19124,,,ALDI,active,USA,1313976
12223,2026-07-17T18:14:36.171Z,460-050,"Aldi, Philadelphia",39.9148865,-75.1507829,"2603 S Front Street, Philadelphia, PA, 19148",2603 S Front Street,Philadelphia,PA,19148,,,ALDI,active,USA,1313296
12703,2026-07-17T18:14:36.877Z,460-051,"Aldi, Toms River",39.970929,-74.2357698,"740 Route 37 West, Toms River, NJ, 08755",740 Route 37 West,Toms River,NJ,08755,,,ALDI,active,USA,2014384
10839,2026-07-17T18:14:32.770Z,460-052,"Aldi, Collingswood",39.9204609,-75.0924049,"30 White Horse Pike, Collingswood, NJ, 08107",30 White Horse Pike,Collingswood,NJ,08107,,,ALDI,active,USA,2014418
12217,2026-07-17T18:14:36.171Z,460-054,"Aldi, Philadelphia",39.9583039,-75.2105977,"4421 Market St, Philadelphia, PA, 19104",4421 Market St,Philadelphia,PA,19104,,,ALDI,active,USA,1313965
12766,2026-07-17T18:14:37.179Z,460-055,"Aldi, Vineland",39.4336887,-75.0407607,"3880 S Delsea Dr, Vineland, NJ, 08360",3880 S Delsea Dr,Vineland,NJ,08360,,,ALDI,active,USA,2014408
11043,2026-07-17T18:14:33.514Z,460-056,"Aldi, Edgewater Park",40.0398176,-74.9176108,"4225 Route 130, Edgewater Park, NJ, 08010",4225 Route 130,Edgewater Park,NJ,08010,,,ALDI,active,USA,2014385
12863,2026-07-17T18:14:37.179Z,460-057,"Aldi, West Long Branch",40.2962262,-74.0279063,"200 State Route 36, West Long Branch, NJ, 07764",200 State Route 36,West Long Branch,NJ,7764,,,ALDI,active,USA,1941793
12941,2026-07-17T18:14:37.357Z,460-058,"Aldi, Wyncote",40.0771185,-75.1621073,"8200 Ogontz Avenue, Wyncote, PA, 19095",8200 Ogontz Avenue,Wyncote,PA,19095,,,ALDI,active,USA,1313969
11756,2026-07-17T18:14:35.558Z,460-059,"Aldi, Manahawkin",39.703687,-74.276482,"451 Martin Truex Jr Blvd, Manahawkin, NJ, 08050",451 Martin Truex Jr Blvd,Manahawkin,NJ,8050,,,ALDI,active,USA,1942098
11322,2026-07-17T18:14:34.070Z,460-060,"Aldi, Hackensack",40.894403,-74.038854,"492 Main St, Hackensack, NJ, 07601",492 Main St,Hackensack,NJ,7601,,,ALDI,active,USA,1942083
11092,2026-07-17T18:14:33.514Z,460-061,"Aldi, Ewing",40.24552,-74.7624,"1650 N Olden Ave, Ewing, NJ, 08638",1650 N Olden Ave,Ewing,NJ,08638,,,ALDI,active,USA,2014412
12344,2026-07-17T18:14:36.487Z,460-062,"Aldi, Reading",40.387302,-75.928227,"3520 N Fifth Street Hwy, Reading, PA, 19605",3520 N Fifth Street Hwy,Reading,PA,19605,,,ALDI,active,USA,1313987
11983,2026-07-17T18:14:35.837Z,460-063,"Aldi, New Brunswick",40.48446,-74.47584,"6 Van Dyke Avenue, New Brunswick, NJ, 08901",6 Van Dyke Avenue,New Brunswick,NJ,8901,,,ALDI,active,USA,1942172
12025,2026-07-17T18:14:35.837Z,460-064,"Aldi, North Bergen",40.77362,-74.036499,"2819 John F Kennedy Blvd W, North Bergen, NJ, 07047",2819 John F Kennedy Blvd W,North Bergen,NJ,7047,,,ALDI,active,USA,1942178
12370,2026-07-17T18:14:36.487Z,460-065,"Aldi, Rio Grande",39.016754,-74.876934,"3201 Route 9 S, Rio Grande, NJ, 08242",3201 Route 9 S,Rio Grande,NJ,08242,,,ALDI,active,USA,2014365
12413,2026-07-17T18:14:36.487Z,460-066,"Aldi, Roselle",40.64756,-74.24783,"1235 St George Avenue, Roselle, NJ, 07203",1235 St George Avenue,Roselle,NJ,7203,,,ALDI,active,USA,1942195
10733,2026-07-17T18:14:32.256Z,460-067,"Aldi, Cherry Hill",39.9402904,-75.020835,"2110 Route 38 Unit 1a, Cherry Hill, NJ, 08002",2110 Route 38 Unit 1a,Cherry Hill,NJ,8002,,,ALDI,active,USA,1941769
11683,2026-07-17T18:14:35.092Z,460-068,"Aldi, Limerick",40.215192,-75.502792,"33 W Ridge Pike Ste 407, Limerick, PA, 19468",33 W Ridge Pike Ste 407,Limerick,PA,19468,,,ALDI,active,USA,1312102
10574,2026-07-17T18:14:32.256Z,460-069,"Aldi, Brick",40.064984,-74.136047,"780 Route 70, Brick, NJ, 08723",780 Route 70,Brick,NJ,8723,,,ALDI,active,USA,1941763
10528,2026-07-17T18:14:31.811Z,460-070,"Aldi, Bloomfield",40.782512,-74.192517,"244 Bloomfield Ave, Bloomfield, NJ, 07003",244 Bloomfield Ave,Bloomfield,NJ,07003,,,ALDI,active,USA,2014355
11689,2026-07-17T18:14:35.092Z,460-071,"Aldi, Linden",40.6115287,-74.2547164,"1705 W Edgar Road, Linden, NJ, 07036",1705 W Edgar Road,Linden,NJ,7036,,,ALDI,active,USA,1942093
12879,2026-07-17T18:14:37.179Z,460-072,"Aldi, Whitehall",40.6427329,-75.4937852,"2540 Macarthur Road, Whitehall, PA, 18052",2540 Macarthur Road,Whitehall,PA,18052,,,ALDI,active,USA,1313277
12303,2026-07-17T18:14:36.171Z,460-073,"Aldi, Pottsville",40.705478,-76.186783,"384 Pottsville Saint Clair, Pottsville, PA, 17901",384 Pottsville Saint Clair,Pottsville,PA,17901,,,ALDI,active,USA,1313326
12255,2026-07-17T18:14:36.171Z,460-074,"Aldi, Pittston",41.3211625,-75.7642347,"5000 N Township Blvd, Pittston, PA, 18640",5000 N Township Blvd,Pittston,PA,18640,,,ALDI,active,USA,1313399
12928,2026-07-17T18:14:37.179Z,460-075,"Aldi, Woodbury",39.835367,-75.155659,"203 S Broad St, Woodbury, NJ, 08096",203 S Broad St,Woodbury,NJ,08096,,,ALDI,active,USA,2014368
11048,2026-07-17T18:14:33.514Z,460-076,"Aldi, Egg Harbor Twsp",39.4370047,-74.6148731,"6028 Black Horse Pike, Egg Harbor Twsp, NJ, 08234",6028 Black Horse Pike,Egg Harbor Twsp,NJ,8234,,,ALDI,active,USA,1942070
11045,2026-07-17T18:14:33.514Z,460-077,"Aldi, Edison",40.527464,-74.384955,"2140 Route 27, Edison, NJ, 08817",2140 Route 27,Edison,NJ,8817,,,ALDI,active,USA,1942069
10511,2026-07-17T18:14:31.811Z,460-078,"Aldi, Berwick",41.04787,-76.26621,"1890 W Front Street, Berwick, PA, 18603",1890 W Front Street,Berwick,PA,18603,,,ALDI,active,USA,1313344
12343,2026-07-17T18:14:36.487Z,460-079,"Aldi, Reading",40.29782,-75.9485,"1010 Cedar Top Road, Reading, PA, 19607",1010 Cedar Top Road,Reading,PA,19607,,,ALDI,active,USA,1312110
10369,2026-07-17T18:14:31.811Z,460-080,"Aldi, Allentown",40.55624,-75.58286,"950 MIll Creek Road Suite A, Allentown, PA, 18106",950 MIll Creek Road Suite A,Allentown,PA,18106,,,ALDI,active,USA,1313281
11032,2026-07-17T18:14:33.514Z,460-081,"Aldi, Easton",40.67484,-75.2463,"2510 Freemansburg Avenue, Easton, PA, 18045",2510 Freemansburg Avenue,Easton,PA,18045,,,ALDI,active,USA,1313329
12345,2026-07-17T18:14:36.487Z,460-082,"Aldi, Reading",40.30595,-75.85812,"4703 Perkiomen Ave, Reading, PA, 19606",4703 Perkiomen Ave,Reading,PA,19606,,,ALDI,active,USA,1312106
12512,2026-07-17T18:14:36.487Z,460-084,"Aldi, Shamokin Dam",40.8477445,-76.8218159,"3152 N Susquehanna Trail, Shamokin Dam, PA, 17876",3152 N Susquehanna Trail,Shamokin Dam,PA,17876,,,ALDI,active,USA,1313273
12636,2026-07-17T18:14:36.877Z,460-085,"Aldi, Stroudsburg",40.98765,-75.20737,"700 N Ninth Street, Stroudsburg, PA, 18360",700 N Ninth Street,Stroudsburg,PA,18360,,,ALDI,active,USA,1313289
12052,2026-07-17T18:14:35.837Z,460-086,"Aldi, North Wales",40.2084218,-75.2295569,"1210 Bethlehem Pike, North Wales, PA, 19454",1210 Bethlehem Pike,North Wales,PA,19454,,,ALDI,active,USA,1313973
12492,2026-07-17T18:14:36.487Z,460-087,"Aldi, Scranton",41.46988,-75.64115,"1115 Scranton Carbondale Hw, Scranton, PA, 18508",1115 Scranton Carbondale Hw,Scranton,PA,18508,,,ALDI,active,USA,1313340
11661,2026-07-17T18:14:35.092Z,460-088,"Aldi, Lehighton",40.8190467,-75.7301865,"876 Blakeslee Blvd Drive E, Lehighton, PA, 18235",876 Blakeslee Blvd Drive E,Lehighton,PA,18235,,,ALDI,active,USA,1313374
11332,2026-07-17T18:14:34.070Z,460-090,"Aldi, Hamilton",40.2286022,-74.6648293,"1250 Route 33, Hamilton, NJ, 08690",1250 Route 33,Hamilton,NJ,08690,,,ALDI,active,USA,2014367
12220,2026-07-17T18:14:36.171Z,460-091,"Aldi, Philadelphia",40.0679505,-75.0088972,"3320 Grant Ave Ste A, Philadelphia, PA, 19114",3320 Grant Ave Ste A,Philadelphia,PA,19114,,,ALDI,active,USA,1313309
11910,2026-07-17T18:14:35.558Z,460-093,"Aldi, Montoursville",41.24647,-76.95271,"2595 Wilmont Drive, Montoursville, PA, 17754",2595 Wilmont Drive,Montoursville,PA,17754,,,ALDI,active,USA,1313293
11361,2026-07-17T18:14:34.665Z,460-094,"Aldi, Hazle Township",40.98229,-76.01806,"316 Laurel Mall Drive, Hazle Township, PA, 18202",316 Laurel Mall Drive,Hazle Township,PA,18202,,,ALDI,active,USA,1313389
12630,2026-07-17T18:14:36.877Z,460-095,"Aldi, Stratford",39.8409672,-75.0178926,"1102 White Horse Pike, Stratford, NJ, 08084",1102 White Horse Pike,Stratford,NJ,08084,,,ALDI,active,USA,2014354
12302,2026-07-17T18:14:36.171Z,460-096,"Aldi, Pottstown",40.2356745,-75.6195644,"297 Armand Hammer Blvd, Pottstown, PA, 19464",297 Armand Hammer Blvd,Pottstown,PA,19464,,,ALDI,active,USA,1313322
11558,2026-07-17T18:14:35.092Z,460-097,"Aldi, Kingston",41.25799,-75.88396,"481 Pierce Street, Kingston, PA, 18704",481 Pierce Street,Kingston,PA,18704,,,ALDI,active,USA,1313356
12274,2026-07-17T18:14:36.171Z,460-101,"Aldi, Pocono Summit",41.117469,-75.381982,"2995 Sr 940, Pocono Summit, PA, 18346",2995 Sr 940,Pocono Summit,PA,18346,,,ALDI,active,USA,1313353
10830,2026-07-17T18:14:32.770Z,460-102,"Aldi, Coal Township",40.78799,-76.5079908,"9267 State Route 61, Coal Township, PA, 17866",9267 State Route 61,Coal Township,PA,17866,,,ALDI,active,USA,1313349
11026,2026-07-17T18:14:33.514Z,460-103,"Aldi, East Brunswick",40.429369,-74.386456,"50 Race Track Road, East Brunswick, NJ, 08816",50 Race Track Road,East Brunswick,NJ,08816,,,ALDI,active,USA,2014371
12778,2026-07-17T18:14:37.179Z,460-104,"Aldi, Voorhees",39.833269,-74.925697,"142 Route 73, Voorhees, NJ, 08043",142 Route 73,Voorhees,NJ,08043,,,ALDI,active,USA,2014398
11330,2026-07-17T18:14:34.070Z,460-106,"Aldi, Hamburg",40.561834,-76.008273,"15 Wilderness Trl, Hamburg, PA, 19526",15 Wilderness Trl,Hamburg,PA,19526,,,ALDI,active,USA,1313330
12090,2026-07-17T18:14:35.837Z,460-108,"Aldi, Old Bridge",40.447957,-74.29503,"1043 Route 9, Old Bridge, NJ, 08857",1043 Route 9,Old Bridge,NJ,8857,,,ALDI,active,USA,1942182
11755,2026-07-17T18:14:35.558Z,460-109,"Aldi, Malvern",40.0505259,-75.526278,"11 Matthews Road, Malvern, PA, 19355",11 Matthews Road,Malvern,PA,19355,,,ALDI,active,USA,1312108
12230,2026-07-17T18:14:36.171Z,460-111,"Aldi, Phillipsburg",40.674265,-75.140415,"1316 Us-22, Phillipsburg, NJ, 08865",1316 Us-22,Phillipsburg,NJ,08865,,,ALDI,active,USA,2014373
12726,2026-07-17T18:14:36.877Z,460-112,"Aldi, Tunkhannock",41.5243934,-75.9516453,"811 Hunter Hwy, Tunkhannock, PA, 18657",811 Hunter Hwy,Tunkhannock,PA,18657,,,ALDI,active,USA,1312097
11131,2026-07-17T18:14:33.514Z,460-113,"Aldi, Flemington",40.50609549,-74.84831466,"325 Route 202, Flemington, NJ, 08822",325 Route 202,Flemington,NJ,8822,,,ALDI,active,USA,1942076
11151,2026-07-17T18:14:34.070Z,460-126,"Aldi, Forked River",39.8490236,-74.1895485,"300 N Main St, Forked River, NJ, 08731",300 N Main St,Forked River,NJ,08731,,,ALDI,active,USA,2014409
11555,2026-07-17T18:14:35.092Z,460-141,"Aldi, King Of Prussia",40.0948149,-75.3613135,"197 E Dekalb Pike Ste 300, King Of Prussia, PA, 19406",197 E Dekalb Pike Ste 300,King Of Prussia,PA,19406,,,ALDI,active,USA,1312104
10783,2026-07-17T18:14:32.770Z,460-143,"Aldi, Christiana",39.6698364,-75.6659497,"323 W Main St, Christiana, DE, 19702",323 W Main St,Christiana,DE,19702,,,ALDI,active,USA,1312356
11617,2026-07-17T18:14:35.092Z,460-144,"Aldi, Lansdale",40.263281,-75.31679,"2333 Welsh Rd Unit A4, Lansdale, PA, 19446",2333 Welsh Rd Unit A4,Lansdale,PA,19446,,,ALDI,active,USA,1313321
12301,2026-07-17T18:14:36.171Z,460-145,"Aldi, Pottstown",40.2529756,-75.6659629,"223 Shoemaker Rd Ste 123, Pottstown, PA, 19464",223 Shoemaker Rd Ste 123,Pottstown,PA,19464,,,ALDI,active,USA,1313282
12531,2026-07-17T18:14:36.487Z,460-146,"Aldi, Sicklerville",39.744375,-74.9947532,"500 Cross Keys Rd Bldg 600, Sicklerville, NJ, 08081",500 Cross Keys Rd Bldg 600,Sicklerville,NJ,08081,,,ALDI,active,USA,2014357
12788,2026-07-17T18:14:37.179Z,460-148,"Aldi, Wall Township",40.157128,-74.054603,"1919 Route 35, Wall Township, NJ, 07719",1919 Route 35,Wall Township,NJ,07719,,,ALDI,active,USA,2014392
12907,2026-07-17T18:14:37.179Z,460-149,"Aldi, Wilmington",39.7277,-75.6476,"2205 Farrand Dr, Wilmington, DE, 19808",2205 Farrand Dr,Wilmington,DE,19808,,,ALDI,active,USA,1313783
10535,2026-07-17T18:14:32.256Z,460-152,"Aldi, Bloomsburg",41.0164672,-76.4903398,"177 Columbia Mall Dr, Bloomsburg, PA, 17815",177 Columbia Mall Dr,Bloomsburg,PA,17815,,,ALDI,active,USA,1312114
11703,2026-07-17T18:14:35.092Z,460-153,"Aldi, Livingston",40.79859,-74.343927,"277 Eisenhower Pkwy, Livingston, NJ, 07039",277 Eisenhower Pkwy,Livingston,NJ,7039,,,ALDI,active,USA,1942095
11918,2026-07-17T18:14:35.558Z,460-154,"Aldi, Morganville",40.363603,-74.302519,"623 Texas Road, Morganville, NJ, 07751",623 Texas Road,Morganville,NJ,7751,,,ALDI,active,USA,1942166
10595,2026-07-17T18:14:32.256Z,460-159,"Aldi, Brookhaven",39.8771936,-75.3957419,"4801 Edgemont Avenue, Brookhaven, PA, 19015",4801 Edgemont Avenue,Brookhaven,PA,19015,,,ALDI,active,USA,1313974
12847,2026-07-17T18:14:37.179Z,460-160,"Aldi, West Chester",39.9678339,-75.5923288,"833 Paoli Pike, West Chester, PA, 19380",833 Paoli Pike,West Chester,PA,19380,,,ALDI,active,USA,1313383
12226,2026-07-17T18:14:36.171Z,460-161,"Aldi, Philadelphia",39.9395479,-75.1809467,"2103 Washington Ave, Philadelphia, PA, 19146",2103 Washington Ave,Philadelphia,PA,19146,,,ALDI,active,USA,1313342
12704,2026-07-17T18:14:36.877Z,460-162,"Aldi, Toms River",40.043227,-74.230265,"86 Route 70, Toms River, NJ, 08755",86 Route 70,Toms River,NJ,08755,,,ALDI,active,USA,2014393
11897,2026-07-17T18:14:35.558Z,460-163,"Aldi, Monmouth Junction",40.3826195,-74.5736307,"4180 Us-1 400c, Monmouth Junction, NJ, 08852",4180 Us-1 400c,Monmouth Junction,NJ,8852,,,ALDI,active,USA,1942164
12691,2026-07-17T18:14:36.877Z,460-164,"Aldi, Thorndale",39.9949942,-75.7620548,"3205 E Lincoln Hwy, Thorndale, PA, 19372",3205 E Lincoln Hwy,Thorndale,PA,19372,,,ALDI,active,USA,1313312
11195,2026-07-17T18:14:34.070Z,460-165,"Aldi, Freehold",40.245368,-74.280027,"3681 Route 9, Freehold, NJ, 07728",3681 Route 9,Freehold,NJ,07728,,,ALDI,active,USA,2014394
12893,2026-07-17T18:14:37.179Z,460-167,"Aldi, Wilkes Barre",41.24,-75.87,"908 Wilkes Barre Township B, Wilkes Barre, PA, 18702",908 Wilkes Barre Township B,Wilkes Barre,PA,18702,,,ALDI,active,USA,1313401
12793,2026-07-17T18:14:37.179Z,460-168,"Aldi, Warminster",40.1919192,-75.074851,"260 E Street Rd, Warminster, PA, 18974",260 E Street Rd,Warminster,PA,18974,,,ALDI,active,USA,1313332
12222,2026-07-17T18:14:36.171Z,460-169,"Aldi, Philadelphia",39.9664329,-75.1601276,"1300 Fairmount Ave, Philadelphia, PA, 19123",1300 Fairmount Ave,Philadelphia,PA,19123,,,ALDI,active,USA,1313310
12711,2026-07-17T18:14:36.877Z,460-172,"Aldi, Totowa",40.895639,-74.231473,"465 Route 46, Totowa, NJ, 07512",465 Route 46,Totowa,NJ,07512,,,ALDI,active,USA,2014403
11669,2026-07-17T18:14:35.092Z,460-175,"Aldi, Lewisburg",40.9944804,-76.8753883,"115 Zeigler Rd, Lewisburg, PA, 17837",115 Zeigler Rd,Lewisburg,PA,17837,,,ALDI,active,USA,1313304
12336,2026-07-17T18:14:36.487Z,460-176,"Aldi, Ramsey",41.072422,-74.138791,"1300 Route 17 N, Ramsey, NJ, 07446",1300 Route 17 N,Ramsey,NJ,7446,,,ALDI,active,USA,1942190
10870,2026-07-17T18:14:32.770Z,460-177,"Aldi, Conshohocken",40.098413,-75.302132,"104 Alan Wood Road, Conshohocken, PA, 19428",104 Alan Wood Road,Conshohocken,PA,19428,,,ALDI,active,USA,1313357
12221,2026-07-17T18:14:36.171Z,460-181,"Aldi, Philadelphia",39.918012,-75.184405,"2830a S 20th St, Philadelphia, PA, 19145",2830a S 20th St,Philadelphia,PA,19145,,,ALDI,active,USA,1313294
12944,2026-07-17T18:14:37.357Z,460-182,"Aldi, Wyomissing",40.345495,-75.971382,"1065 Woodland Road, Wyomissing, PA, 19610",1065 Woodland Road,Wyomissing,PA,19610,,,ALDI,active,USA,1313274
10509,2026-07-17T18:14:31.811Z,460-183,"Aldi, Bergenfield",40.9147488,-73.9965867,"433 S Washington Ave, Bergenfield, NJ, 07621",433 S Washington Ave,Bergenfield,NJ,7621,,,ALDI,active,USA,1941758
12812,2026-07-17T18:14:37.179Z,460-185,"Aldi, Watchung",40.6414914,-74.4151177,"1581 Route 22, Watchung, NJ, 07069",1581 Route 22,Watchung,NJ,07069,,,ALDI,active,USA,2014389
12897,2026-07-17T18:14:37.179Z,460-186,"Aldi, Williamsport",41.2517093,-77.0471697,"1804 Lycoming Creek Rd, Williamsport, PA, 17701",1804 Lycoming Creek Rd,Williamsport,PA,17701,,,ALDI,active,USA,1313295
10370,2026-07-17T18:14:31.811Z,460-189,"Aldi, Allentown",40.579932,-75.524713,"3235 Hamilton Blvd, Allentown, PA, 18103",3235 Hamilton Blvd,Allentown,PA,18103,,,ALDI,active,USA,1313328
12218,2026-07-17T18:14:36.171Z,460-191,"Aldi, Philadelphia",40.1047293,-75.0025659,"12002 Roosevelt Blvd Bldg 3, Philadelphia, PA, 19116",12002 Roosevelt Blvd Bldg 3,Philadelphia,PA,19116,,,ALDI,active,USA,1313380
12931,2026-07-17T18:14:37.179Z,460-192,"Aldi, Woodlyn",39.8766322,-75.3463382,"1300 Macdade Blvd, Woodlyn, PA, 19094",1300 Macdade Blvd,Woodlyn,PA,19094,,,ALDI,active,USA,1313367
10980,2026-07-17T18:14:33.514Z,460-202,"Aldi, Deptford",39.82746,-75.09759,"1755 Deptford Center Road, Deptford, NJ, 08096",1755 Deptford Center Road,Deptford,NJ,08096,,,ALDI,active,USA,2014358
10515,2026-07-17T18:14:31.811Z,460-203,"Aldi, Bethlehem",40.6735064,-75.3455889,"3833 Nazareth Pike, Bethlehem, PA, 18020",3833 Nazareth Pike,Bethlehem,PA,18020,,,ALDI,active,USA,1313377
11977,2026-07-17T18:14:35.837Z,460-204,"Aldi, Neptune",40.2241067,-74.0340089,"722 State Route 35 S, Neptune, NJ, 07753",722 State Route 35 S,Neptune,NJ,7753,,,ALDI,active,USA,1942170
12215,2026-07-17T18:14:36.171Z,460-205,"Aldi, Philadelphia",39.99297,-75.1017416,"3500 Aramingo Avenue, Philadelphia, PA, 19134",3500 Aramingo Avenue,Philadelphia,PA,19134,,,ALDI,active,USA,1313384
12592,2026-07-17T18:14:36.877Z,460-207,"Aldi, Springfield",40.68621,-74.32233,"240 Route 22, Springfield, NJ, 07081",240 Route 22,Springfield,NJ,07081,,,ALDI,active,USA,2014390
12528,2026-07-17T18:14:36.487Z,460-209,"Aldi, Shrewsbury",40.33659,-74.0747467,"179 Newman Springs Rd E, Shrewsbury, NJ, 07702",179 Newman Springs Rd E,Shrewsbury,NJ,07702,,,ALDI,active,USA,2014374
11323,2026-07-17T18:14:34.070Z,460-211,"Aldi, Hackettstown",40.83962,-74.82248,"215 Mountain Ave, Hackettstown, NJ, 07840",215 Mountain Ave,Hackettstown,NJ,7840,,,ALDI,active,USA,1942084
12908,2026-07-17T18:14:37.179Z,460-213,"Aldi, Wilmington",39.8113188,-75.5540243,"4130 Concord Pike, Wilmington, DE, 19803",4130 Concord Pike,Wilmington,DE,19803,,,ALDI,active,USA,1312359
10338,2026-07-17T18:14:31.811Z,460-214,"Aldi, Absecon",39.434197,-74.513539,"676 White Horse Pike Unit 2, Absecon, NJ, 08201",676 White Horse Pike Unit 2,Absecon,NJ,8201,,,ALDI,active,USA,1941755
12833,2026-07-17T18:14:37.179Z,460-218,"Aldi, Wayne",40.954605,-74.22059,"625 Hamburg Tpke, Wayne, NJ, 07470",625 Hamburg Tpke,Wayne,NJ,7470,,,ALDI,active,USA,1941788
10623,2026-07-17T18:14:32.256Z,460-230,"Aldi, Burlington",40.05649,-74.84452,"1801 Mount Holly Road, Burlington, NJ, 08016",1801 Mount Holly Road,Burlington,NJ,08016,,,ALDI,active,USA,2014362
11932,2026-07-17T18:14:35.558Z,461-001,"Aldi, Mount Vernon",40.40392,-82.44431,"1545 Coshocton Ave, Mount Vernon, OH, 43050",1545 Coshocton Ave,Mount Vernon,OH,43050,,,ALDI,active,USA,1313176
10969,2026-07-17T18:14:33.514Z,461-002,"Aldi, Delaware",40.29555,-83.03568,"973 Sunbury Rd, Delaware, OH, 43015",973 Sunbury Rd,Delaware,OH,43015,,,ALDI,active,USA,1313200
11670,2026-07-17T18:14:35.092Z,461-003,"Aldi, Lewis Center",40.17334,-83.02052,"8156 Orange Centre Dr, Lewis Center, OH, 43035",8156 Orange Centre Dr,Lewis Center,OH,43035,,,ALDI,active,USA,1313178
10643,2026-07-17T18:14:32.256Z,461-004,"Aldi, Cambridge",39.98963,-81.57251,"61240 Southgate Rd, Cambridge, OH, 43725",61240 Southgate Rd,Cambridge,OH,43725,,,ALDI,active,USA,1313265
12853,2026-07-17T18:14:37.179Z,461-005,"Aldi, Westerville",40.095046,-82.923786,"5996 Westerville Rd, Westerville, OH, 43081",5996 Westerville Rd,Westerville,OH,43081,,,ALDI,active,USA,1313187
12305,2026-07-17T18:14:36.171Z,461-006,"Aldi, Powell",40.15398,-83.09156,"9965 Sawmill Parkway, Powell, OH, 43065",9965 Sawmill Parkway,Powell,OH,43065,,,ALDI,active,USA,1313230
12233,2026-07-17T18:14:36.171Z,461-007,"Aldi, Pickerington",39.918945,-82.780417,"1400 Hill Rd North, Pickerington, OH, 43147",1400 Hill Rd North,Pickerington,OH,43147,,,ALDI,active,USA,1313228
12958,2026-07-17T18:14:37.357Z,461-008,"Aldi, Zanesville",39.98613,-82.02149,"3500 Maple Ave, Zanesville, OH, 43701",3500 Maple Ave,Zanesville,OH,43701,,,ALDI,active,USA,1313264
10418,2026-07-17T18:14:31.811Z,461-009,"Aldi, Ashland",38.494032,-82.668866,"130 Russell Rd, Ashland, KY, 41101",130 Russell Rd,Ashland,KY,41101,,,ALDI,active,USA,1312810
11317,2026-07-17T18:14:34.070Z,461-010,"Aldi, Groveport",39.89421,-82.88331,"3945 South Hamilton Rd, Groveport, OH, 43125",3945 South Hamilton Rd,Groveport,OH,43125,,,ALDI,active,USA,1314493
11222,2026-07-17T18:14:34.070Z,461-011,"Aldi, Gallipolis",38.830197,-82.162014,"176 Upper River Rd, Gallipolis, OH, 45631",176 Upper River Rd,Gallipolis,OH,45631,,,ALDI,active,USA,1313945
11768,2026-07-17T18:14:35.558Z,461-012,"Aldi, Marietta",39.4063,-81.42039,"708 Pike St, Marietta, OH, 45750",708 Pike St,Marietta,OH,45750,,,ALDI,active,USA,1313247
12297,2026-07-17T18:14:36.171Z,461-013,"Aldi, Portsmouth",38.7405,-82.969313,"2339 Gallia St, Portsmouth, OH, 45662",2339 Gallia St,Portsmouth,OH,45662,,,ALDI,active,USA,1313936
10423,2026-07-17T18:14:31.811Z,461-014,"Aldi, Athens",39.3373,-82.0659,"932 E State St, Athens, OH, 45701",932 E State St,Athens,OH,45701,,,ALDI,active,USA,1313269
11014,2026-07-17T18:14:33.514Z,461-015,"Aldi, Dunbar",38.36161,-81.73817,"434 12th St, Dunbar, WV, 25064",434 12th St,Dunbar,WV,25064,,,ALDI,active,USA,1314326
11426,2026-07-17T18:14:34.665Z,461-016,"Aldi, Huber Heights",39.84385,-84.11501,"6300 Brandt Pike, Huber Heights, OH, 45424",6300 Brandt Pike,Huber Heights,OH,45424,,,ALDI,active,USA,1313239
12945,2026-07-17T18:14:37.357Z,461-017,"Aldi, Xenia",39.690719,-83.965383,"37 Hospitality Dr, Xenia, OH, 45385",37 Hospitality Dr,Xenia,OH,45385,,,ALDI,active,USA,1312087
12762,2026-07-17T18:14:37.179Z,461-018,"Aldi, Vienna",39.313507,-81.552644,"1400 Grand Central Ave, Vienna, WV, 26105",1400 Grand Central Ave,Vienna,WV,26105,,,ALDI,active,USA,1313737
11333,2026-07-17T18:14:34.070Z,461-019,"Aldi, Hamilton",39.42322,-84.594732,"1431 Main St, Hamilton, OH, 45013",1431 Main St,Hamilton,OH,45013,,,ALDI,active,USA,1313935
11786,2026-07-17T18:14:35.558Z,461-020,"Aldi, Marysville",40.24141,-83.34044,"15740 Us Highway 36, Marysville, OH, 43040",15740 Us Highway 36,Marysville,OH,43040,,,ALDI,active,USA,1313248
10854,2026-07-17T18:14:32.770Z,461-022,"Aldi, Columbus",40.06335,-83.09247,"4664 Sawmill Rd, Columbus, OH, 43220",4664 Sawmill Rd,Columbus,OH,43220,,,ALDI,active,USA,1313207
10855,2026-07-17T18:14:32.770Z,461-023,"Aldi, Columbus",39.95054,-83.1463,"5487 W Broad St, Columbus, OH, 43228",5487 W Broad St,Columbus,OH,43228,,,ALDI,active,USA,1313925
11384,2026-07-17T18:14:34.665Z,461-024,"Aldi, Hilliard",40.030731,-83.136274,"4489 Cemetery Rd, Hilliard, OH, 43026",4489 Cemetery Rd,Hilliard,OH,43026,,,ALDI,active,USA,1313246
10791,2026-07-17T18:14:32.770Z,461-025,"Aldi, Cincinnati",39.172,-84.4276,"5505 Ridge Ave, Cincinnati, OH, 45213",5505 Ridge Ave,Cincinnati,OH,45213,,,ALDI,active,USA,1312076
12256,2026-07-17T18:14:36.171Z,461-027,"Aldi, Plain City",40.110091,-83.190818,"7390 State Route 161 E, Plain City, OH, 43064",7390 State Route 161 E,Plain City,OH,43064,,,ALDI,active,USA,1313220
10863,2026-07-17T18:14:32.770Z,461-029,"Aldi, Columbus",40.013006,-82.995205,"2395 Silver Dr, Columbus, OH, 43211",2395 Silver Dr,Columbus,OH,43211,,,ALDI,active,USA,1312073
11773,2026-07-17T18:14:35.558Z,461-030,"Aldi, Marion",40.58234,-83.07874,"1916 Mrn Mt Gilead Rd, Marion, OH, 43302",1916 Mrn Mt Gilead Rd,Marion,OH,43302,,,ALDI,active,USA,1313928
10698,2026-07-17T18:14:32.256Z,461-031,"Aldi, Celina",40.55743,-84.53848,"2001 Havemann Rd, Celina, OH, 45822",2001 Havemann Rd,Celina,OH,45822,,,ALDI,active,USA,1313163
10489,2026-07-17T18:14:31.811Z,461-032,"Aldi, Bellefontaine",40.33007,-83.76062,"2175 Us Highway 68 S, Bellefontaine, OH, 43311",2175 Us Highway 68 S,Bellefontaine,OH,43311,,,ALDI,active,USA,1312075
10780,2026-07-17T18:14:32.770Z,461-033,"Aldi, Chillicothe",39.357976,-82.975021,"1075 N Bridge Street, Chillicothe, OH, 45601",1075 N Bridge Street,Chillicothe,OH,45601,,,ALDI,active,USA,1314491
10797,2026-07-17T18:14:32.770Z,461-034,"Aldi, Circleville",39.5886,-82.955704,"23455 Us Highway 23 S, Circleville, OH, 43113",23455 Us Highway 23 S,Circleville,OH,43113,,,ALDI,active,USA,1313950
10650,2026-07-17T18:14:32.256Z,461-035,"Aldi, Canal Winchester",39.855794,-82.826086,"720 W Waterloo St, Canal Winchester, OH, 43110",720 W Waterloo St,Canal Winchester,OH,43110,,,ALDI,active,USA,1313173
11980,2026-07-17T18:14:35.837Z,461-036,"Aldi, Newark",40.08395,-82.42612,"1350 N 21st St, Newark, OH, 43055",1350 N 21st St,Newark,OH,43055,,,ALDI,active,USA,1313216
10860,2026-07-17T18:14:32.770Z,461-037,"Aldi, Columbus",40.06934,-82.86373,"5531 N Hamilton Rd, Columbus, OH, 43230",5531 N Hamilton Rd,Columbus,OH,43230,,,ALDI,active,USA,1313174
12356,2026-07-17T18:14:36.487Z,461-038,"Aldi, Reynoldsburg",39.9857,-82.78147,"8301 E Broad St, Reynoldsburg, OH, 43068",8301 E Broad St,Reynoldsburg,OH,43068,,,ALDI,active,USA,1312079
10862,2026-07-17T18:14:32.770Z,461-039,"Aldi, Columbus",39.887403,-82.996943,"3600 S High St, Columbus, OH, 43207",3600 S High St,Columbus,OH,43207,,,ALDI,active,USA,1313939
10794,2026-07-17T18:14:32.770Z,461-040,"Aldi, Cincinnati",39.131867,-84.611148,"5555 Glenway Ave, Cincinnati, OH, 45238",5555 Glenway Ave,Cincinnati,OH,45238,,,ALDI,active,USA,1313166
10790,2026-07-17T18:14:32.770Z,461-041,"Aldi, Cincinnati",39.252926,-84.420783,"10400 Reading Rd, Cincinnati, OH, 45241",10400 Reading Rd,Cincinnati,OH,45241,,,ALDI,active,USA,1313937
11070,2026-07-17T18:14:33.514Z,461-042,"Aldi, Englewood",39.861558,-84.281511,"1190 S Main St, Englewood, OH, 45322",1190 S Main St,Englewood,OH,45322,,,ALDI,active,USA,1312069
10795,2026-07-17T18:14:32.770Z,461-043,"Aldi, Cincinnati",39.29173,-84.30023,"9450 Fields Ertel Rd, Cincinnati, OH, 45249",9450 Fields Ertel Rd,Cincinnati,OH,45249,,,ALDI,active,USA,1313218
10793,2026-07-17T18:14:32.770Z,461-044,"Aldi, Cincinnati",39.07347,-84.31548,"8594 Beechmont Ave, Cincinnati, OH, 45255",8594 Beechmont Ave,Cincinnati,OH,45255,,,ALDI,active,USA,1314221
11097,2026-07-17T18:14:33.514Z,461-045,"Aldi, Fairfield",39.341373,-84.561248,"5065 Pleasant Ave, Fairfield, OH, 45014",5065 Pleasant Ave,Fairfield,OH,45014,,,ALDI,active,USA,1313181
12532,2026-07-17T18:14:36.487Z,461-046,"Aldi, Sidney",40.28828,-84.19318,"2500 Michigan St, Sidney, OH, 45365",2500 Michigan St,Sidney,OH,45365,,,ALDI,active,USA,1313190
11648,2026-07-17T18:14:35.092Z,461-047,"Aldi, Lebanon",39.45175,-84.18004,"1280 Columbus Ave, Lebanon, OH, 45036",1280 Columbus Ave,Lebanon,OH,45036,,,ALDI,active,USA,1313175
12811,2026-07-17T18:14:37.179Z,461-048,"Aldi, Washington Court House",39.52129,-83.46106,"200 Commerce Blvd, Washington Court House, OH, 43160",200 Commerce Blvd,Washington Court House,OH,43160,,,ALDI,active,USA,1314348
12909,2026-07-17T18:14:37.179Z,461-049,"Aldi, Wilmington",39.45148,-83.79681,"1801 Rombach Ave, Wilmington, OH, 45177",1801 Rombach Ave,Wilmington,OH,45177,,,ALDI,active,USA,1313943
10861,2026-07-17T18:14:32.770Z,461-050,"Aldi, Columbus",39.94544,-83.03398,"1331 W Mound St, Columbus, OH, 43223",1331 W Mound St,Columbus,OH,43223,,,ALDI,active,USA,1313949
11316,2026-07-17T18:14:34.070Z,461-051,"Aldi, Grove City",39.882454,-83.066584,"2398 Stringtown Road, Grove City, OH, 43123",2398 Stringtown Road,Grove City,OH,43123,,,ALDI,active,USA,1312064
12881,2026-07-17T18:14:37.179Z,461-052,"Aldi, Whitehall",39.95542,-82.89635,"3831 E Main St, Whitehall, OH, 43213",3831 E Main St,Whitehall,OH,43213,,,ALDI,active,USA,1313165
10859,2026-07-17T18:14:32.770Z,461-053,"Aldi, Columbus",40.06059,-82.957603,"2296 Morse Rd, Columbus, OH, 43229",2296 Morse Rd,Columbus,OH,43229,,,ALDI,active,USA,1313199
11362,2026-07-17T18:14:34.665Z,461-054,"Aldi, Heath",40.027389,-82.44905,"963b Hebron Rd, Heath, OH, 43056",963b Hebron Rd,Heath,OH,43056,,,ALDI,active,USA,1313177
10792,2026-07-17T18:14:32.770Z,461-055,"Aldi, Cincinnati",39.24423,-84.594209,"9490 Colerain Ave, Cincinnati, OH, 45251",9490 Colerain Ave,Cincinnati,OH,45251,,,ALDI,active,USA,1313940
12582,2026-07-17T18:14:36.877Z,461-056,"Aldi, Springdale",39.286521,-84.462796,"425 E Kemper Road, Springdale, OH, 45246",425 E Kemper Road,Springdale,OH,45246,,,ALDI,active,USA,1313215
11868,2026-07-17T18:14:35.558Z,461-057,"Aldi, Milford",39.197479,-84.22903,"5959 Lorven Dr, Milford, OH, 45150",5959 Lorven Dr,Milford,OH,45150,,,ALDI,active,USA,1313204
11136,2026-07-17T18:14:34.070Z,461-058,"Aldi, Florence",39.011852,-84.645053,"5475 Houston Road, Florence, KY, 41042",5475 Houston Road,Florence,KY,41042,,,ALDI,active,USA,1312799
10789,2026-07-17T18:14:32.770Z,461-059,"Aldi, Cincinnati",39.09173,-84.26522,"821 Clepper Ln, Cincinnati, OH, 45245",821 Clepper Ln,Cincinnati,OH,45245,,,ALDI,active,USA,1313180
12240,2026-07-17T18:14:36.171Z,461-060,"Aldi, Piqua",40.1498,-84.21218,"1243 E Ash St Ste 100, Piqua, OH, 45356",1243 E Ash St Ste 100,Piqua,OH,45356,,,ALDI,active,USA,1313938
11302,2026-07-17T18:14:34.070Z,461-061,"Aldi, Greenville",40.114091,-84.622039,"415 Wagner Ave, Greenville, OH, 45331",415 Wagner Ave,Greenville,OH,45331,,,ALDI,active,USA,1314490
10948,2026-07-17T18:14:33.514Z,461-062,"Aldi, Dayton",39.840597,-84.192351,"6415 Miller Ln, Dayton, OH, 45414",6415 Miller Ln,Dayton,OH,45414,,,ALDI,active,USA,1312077
10699,2026-07-17T18:14:32.256Z,461-063,"Aldi, Centerville",39.646669,-84.107983,"6250 Wilmington Pike, Centerville, OH, 45459",6250 Wilmington Pike,Centerville,OH,45459,,,ALDI,active,USA,1312078
11853,2026-07-17T18:14:35.558Z,461-064,"Aldi, Middletown",39.49753,-84.33447,"3634 S Dixie Hwy, Middletown, OH, 45005",3634 S Dixie Hwy,Middletown,OH,45005,,,ALDI,active,USA,1313261
12848,2026-07-17T18:14:37.179Z,461-065,"Aldi, West Chester",39.35317,-84.37676,"7910 Tylersville Square Dr, West Chester, OH, 45069",7910 Tylersville Square Dr,West Chester,OH,45069,,,ALDI,active,USA,1313260
12588,2026-07-17T18:14:36.877Z,461-066,"Aldi, Springfield",39.95327,-83.82905,"2091 N Bechtle Ave, Springfield, OH, 45504",2091 N Bechtle Ave,Springfield,OH,45504,,,ALDI,active,USA,1313183
12715,2026-07-17T18:14:36.877Z,461-068,"Aldi, Troy",40.05276,-84.237774,"50 Troy Town Dr, Troy, OH, 45373",50 Troy Town Dr,Troy,OH,45373,,,ALDI,active,USA,1312074
12744,2026-07-17T18:14:37.179Z,461-069,"Aldi, Urbana",40.106905,-83.736358,"741 Scioto St, Urbana, OH, 43078",741 Scioto St,Urbana,OH,43078,,,ALDI,active,USA,1313217
11682,2026-07-17T18:14:35.092Z,461-070,"Aldi, Lima",40.76927,-84.163886,"3285 Elida Rd, Lima, OH, 45805",3285 Elida Rd,Lima,OH,45805,,,ALDI,active,USA,1313172
11681,2026-07-17T18:14:35.092Z,461-071,"Aldi, Lima",40.730149,-84.063685,"2290 Harding Highway, Lima, OH, 45804",2290 Harding Highway,Lima,OH,45804,,,ALDI,active,USA,1313237
12790,2026-07-17T18:14:37.179Z,461-072,"Aldi, Wapakoneta",40.56501,-84.17795,"1246 Bellefontaine St, Wapakoneta, OH, 45895",1246 Bellefontaine St,Wapakoneta,OH,45895,,,ALDI,active,USA,1314222
10853,2026-07-17T18:14:32.770Z,461-073,"Aldi, Columbus",40.074235,-83.019437,"5455 N High Street, Columbus, OH, 43214",5455 N High Street,Columbus,OH,43214,,,ALDI,active,USA,1313266
11609,2026-07-17T18:14:35.092Z,461-074,"Aldi, Lancaster",39.733761,-82.620798,"1904 N Memorial Dr, Lancaster, OH, 43130",1904 N Memorial Dr,Lancaster,OH,43130,,,ALDI,active,USA,1312082
10482,2026-07-17T18:14:31.811Z,461-075,"Aldi, Beavercreek",39.758833,-84.052248,"2451 Lakeview Dr, Beavercreek, OH, 45431",2451 Lakeview Dr,Beavercreek,OH,45431,,,ALDI,active,USA,1313170
10947,2026-07-17T18:14:33.514Z,461-076,"Aldi, Dayton",39.636985,-84.217869,"2619 Miamisburg Centerville, Dayton, OH, 45459",2619 Miamisburg Centerville,Dayton,OH,45459,,,ALDI,active,USA,1313189
11551,2026-07-17T18:14:35.092Z,461-077,"Aldi, Kettering",39.70256,-84.12917,"1940 E Dorothy Ln, Kettering, OH, 45420",1940 E Dorothy Ln,Kettering,OH,45420,,,ALDI,active,USA,1313263
12742,2026-07-17T18:14:37.179Z,461-078,"Aldi, Upper Arlington",40.023676,-83.057783,"3280 Tremont Road, Upper Arlington, OH, 43221",3280 Tremont Road,Upper Arlington,OH,43221,,,ALDI,active,USA,1313262
11385,2026-07-17T18:14:34.665Z,461-079,"Aldi, Hilliard",39.98848,-83.148742,"1786 Hilliard Rome Rd, Hilliard, OH, 43026",1786 Hilliard Rome Rd,Hilliard,OH,43026,,,ALDI,active,USA,1313232
10715,2026-07-17T18:14:32.256Z,461-080,"Aldi, Charleston",38.318624,-81.717222,"2810 Mountaineer Blvd, Charleston, WV, 25309",2810 Mountaineer Blvd,Charleston,WV,25309,,,ALDI,active,USA,1313738
11443,2026-07-17T18:14:34.665Z,461-081,"Aldi, Hurricane",38.458674,-81.932465,"103 Liberty Square, Hurricane, WV, 25526",103 Liberty Square,Hurricane,WV,25526,,,ALDI,active,USA,1312151
12178,2026-07-17T18:14:36.171Z,461-082,"Aldi, Parkersburg",39.221902,-81.545989,"56 Bosley Parkway, Parkersburg, WV, 26101",56 Bosley Parkway,Parkersburg,WV,26101,,,ALDI,active,USA,1314328
10856,2026-07-17T18:14:32.770Z,461-083,"Aldi, Columbus",39.987924,-83.029325,"1393 Edgehill Rd, Columbus, OH, 43212",1393 Edgehill Rd,Columbus,OH,43212,,,ALDI,active,USA,1313258
11978,2026-07-17T18:14:35.837Z,461-084,"Aldi, New Albany",40.090678,-82.794409,"9895 Johnstown Rd, New Albany, OH, 43054",9895 Johnstown Rd,New Albany,OH,43054,,,ALDI,active,USA,1312072
11999,2026-07-17T18:14:35.837Z,461-085,"Aldi, Newport",39.085713,-84.484918,"1301 Monmouth Street, Newport, KY, 41071",1301 Monmouth Street,Newport,KY,41071,,,ALDI,active,USA,1312800
11679,2026-07-17T18:14:35.092Z,461-086,"Aldi, Liberty Township",39.418368,-84.474928,"5418 Liberty Square Dr, Liberty Township, OH, 45011",5418 Liberty Square Dr,Liberty Township,OH,45011,,,ALDI,active,USA,1313245
11450,2026-07-17T18:14:34.665Z,461-087,"Aldi, Independence",38.92784,-84.541785,"2000 Harris Pike, Independence, KY, 41051",2000 Harris Pike,Independence,KY,41051,,,ALDI,active,USA,1314097
10460,2026-07-17T18:14:31.811Z,461-088,"Aldi, Barboursville",38.413862,-82.287979,"35 Tanyard Station Dr, Barboursville, WV, 25504",35 Tanyard Station Dr,Barboursville,WV,25504,,,ALDI,active,USA,1313732
10485,2026-07-17T18:14:31.811Z,461-089,"Aldi, Beckley",37.808847,-81.183645,"21 By Pass Plaza Shpg Ctr, Beckley, WV, 25801",21 By Pass Plaza Shpg Ctr,Beckley,WV,25801,,,ALDI,active,USA,1314327
12570,2026-07-17T18:14:36.877Z,461-094,"Aldi, South Point",38.41672,-82.51106,"228 Township Rd 1430, South Point, OH, 45680",228 Township Rd 1430,South Point,OH,45680,,,ALDI,active,USA,1312083
10468,2026-07-17T18:14:31.811Z,461-095,"Aldi, Batavia Twp",39.03895,-84.23195,"1386 State Route 125, Batavia Twp, OH, 45102",1386 State Route 125,Batavia Twp,OH,45102,,,ALDI,active,USA,1314227
11712,2026-07-17T18:14:35.092Z,461-101,"Aldi, London",39.909206,-83.425582,"1050 Eagleton Boulevard, London, OH, 43140",1050 Eagleton Boulevard,London,OH,43140,,,ALDI,active,USA,1313201
11386,2026-07-17T18:14:34.665Z,461-102,"Aldi, Hillsboro",39.22704,-83.61422,"211 Harry Sauner Road, Hillsboro, OH, 45133",211 Harry Sauner Road,Hillsboro,OH,45133,,,ALDI,active,USA,1312068
12580,2026-07-17T18:14:36.877Z,461-199,"Aldi, Springboro",39.561248,-84.261278,"827 W Central Ave, Springboro, OH, 45066",827 W Central Ave,Springboro,OH,45066,,,ALDI,active,USA,1312086
11887,2026-07-17T18:14:35.558Z,462-002,"Aldi, Mishawaka",41.709435,-86.181141,"210 W Douglas Road, Mishawaka, IN, 46545",210 W Douglas Road,Mishawaka,IN,46545,,,ALDI,active,USA,1312772
11265,2026-07-17T18:14:34.070Z,462-003,"Aldi, Goshen",41.55974,-85.7931,"2036 Lincolnway East, Goshen, IN, 46526",2036 Lincolnway East,Goshen,IN,46526,,,ALDI,active,USA,1312729
11264,2026-07-17T18:14:34.070Z,462-004,"Aldi, Goshen",41.62417,-85.9059,"2815 County Home Road, Goshen, IN, 46526",2815 County Home Road,Goshen,IN,46526,,,ALDI,active,USA,1312738
11259,2026-07-17T18:14:34.070Z,462-006,"Aldi, Glenwood",41.547,-87.635233,"18901 S Halsted Street, Glenwood, IL, 60425",18901 S Halsted Street,Glenwood,IL,60425,,,ALDI,active,USA,1312637
12272,2026-07-17T18:14:36.171Z,462-007,"Aldi, Plymouth",41.36095,-86.32874,"2170 North Oak Road, Plymouth, IN, 46563",2170 North Oak Road,Plymouth,IN,46563,,,ALDI,active,USA,1312751
10746,2026-07-17T18:14:32.770Z,462-010,"Aldi, Chicago",41.81046,-87.723275,"4501 S Pulaski, Chicago, IL, 60632",4501 S Pulaski,Chicago,IL,60632,,,ALDI,active,USA,1314020
12285,2026-07-17T18:14:36.171Z,462-011,"Aldi, Portage",41.55025,-87.1919,"5761 Us Highway 6, Portage, IN, 46368",5761 Us Highway 6,Portage,IN,46368,,,ALDI,active,USA,1312742
10788,2026-07-17T18:14:32.770Z,462-012,"Aldi, Cicero",41.8514,-87.7407,"4630 W Cermak Road, Cicero, IL, 60804",4630 W Cermak Road,Cicero,IL,60804,,,ALDI,active,USA,1314440
10577,2026-07-17T18:14:32.256Z,462-013,"Aldi, Bridgeview",41.74986,-87.799913,"7802 S Harlem Ave, Bridgeview, IL, 60455",7802 S Harlem Ave,Bridgeview,IL,60455,,,ALDI,active,USA,1312699
10752,2026-07-17T18:14:32.770Z,462-014,"Aldi, Chicago",41.86746,-87.76512,"5629 W Fillmore St, Chicago, IL, 60644",5629 W Fillmore St,Chicago,IL,60644,,,ALDI,active,USA,1314043
10775,2026-07-17T18:14:32.770Z,462-015,"Aldi, Chicago Heights",41.50587,-87.66574,"527 W 14th St, Chicago Heights, IL, 60411",527 W 14th St,Chicago Heights,IL,60411,,,ALDI,active,USA,1312018
10375,2026-07-17T18:14:31.811Z,462-017,"Aldi, Alsip",41.687303,-87.7401689,"11340 Scicero Ave, Alsip, IL, 60803",11340 Scicero Ave,Alsip,IL,60803,,,ALDI,active,USA,1312636
11335,2026-07-17T18:14:34.665Z,462-018,"Aldi, Hammond",41.6334539,-87.508742,"4415 Calumet Avenue, Hammond, IN, 46327",4415 Calumet Avenue,Hammond,IN,46327,,,ALDI,active,USA,1314085
11334,2026-07-17T18:14:34.665Z,462-020,"Aldi, Hammond",41.59528,-87.5002,"6518 Columbia Ave, Hammond, IN, 46320",6518 Columbia Ave,Hammond,IN,46320,,,ALDI,active,USA,1314078
12490,2026-07-17T18:14:36.487Z,462-021,"Aldi, Schererville",41.499845,-87.473237,"795 Deer Creek Drive, Schererville, IN, 46375",795 Deer Creek Drive,Schererville,IN,46375,,,ALDI,active,USA,1312731
10537,2026-07-17T18:14:32.256Z,462-022,"Aldi, Blue Island",41.67118,-87.68049,"12215 Western Avenue, Blue Island, IL, 60406",12215 Western Avenue,Blue Island,IL,60406,,,ALDI,active,USA,1314021
11057,2026-07-17T18:14:33.514Z,462-024,"Aldi, Elkhart",41.724909,-85.98065,"2810 Emerson Dr, Elkhart, IN, 46514",2810 Emerson Dr,Elkhart,IN,46514,,,ALDI,active,USA,1312556
10910,2026-07-17T18:14:32.770Z,462-025,"Aldi, Crown Point",41.42467,-87.3376,"845 N Superior Drive, Crown Point, IN, 46307",845 N Superior Drive,Crown Point,IN,46307,,,ALDI,active,USA,1312792
10767,2026-07-17T18:14:32.770Z,462-026,"Aldi, Chicago",41.70408,-87.52602,"10532 S Indianapolis Ave, Chicago, IL, 60617",10532 S Indianapolis Ave,Chicago,IL,60617,,,ALDI,active,USA,1314037
12047,2026-07-17T18:14:35.837Z,462-027,"Aldi, North Riverside",41.849951,-87.810635,"7517 W Cermak Rd, North Riverside, IL, 60546",7517 W Cermak Rd,North Riverside,IL,60546,,,ALDI,active,USA,1312714
10744,2026-07-17T18:14:32.770Z,462-028,"Aldi, Chicago",41.8032804,-87.7038426,"4934 S Kedzie Ave, Chicago, IL, 60632",4934 S Kedzie Ave,Chicago,IL,60632,,,ALDI,active,USA,1314025
11235,2026-07-17T18:14:34.070Z,462-029,"Aldi, Gary",41.558449,-87.354684,"3311 Grant Street, Gary, IN, 46408",3311 Grant Street,Gary,IN,46408,,,ALDI,active,USA,1314087
10772,2026-07-17T18:14:32.770Z,462-030,"Aldi, Chicago",41.83792,-87.70519,"3030 S Kedzie Ave, Chicago, IL, 60623",3030 S Kedzie Ave,Chicago,IL,60623,,,ALDI,active,USA,1314028
12437,2026-07-17T18:14:36.487Z,462-031,"Aldi, Saint John",41.43858,-87.4675,"9921 Earl Drive, Saint John, IN, 46373",9921 Earl Drive,Saint John,IN,46373,,,ALDI,active,USA,1312739
10776,2026-07-17T18:14:32.770Z,462-032,"Aldi, Chicago Ridge",41.71704,-87.77985,"9640 Ridgeland Ave, Chicago Ridge, IL, 60415",9640 Ridgeland Ave,Chicago Ridge,IL,60415,,,ALDI,active,USA,1312569
10641,2026-07-17T18:14:32.256Z,462-033,"Aldi, Calumet City",41.59212,-87.5595,"1490 Torrence Avenue, Calumet City, IL, 60409",1490 Torrence Avenue,Calumet City,IL,60409,,,ALDI,active,USA,1312706
12562,2026-07-17T18:14:36.877Z,462-034,"Aldi, South Bend",41.629,-86.24847,"202 E Ireland Road, South Bend, IN, 46614",202 E Ireland Road,South Bend,IN,46614,,,ALDI,active,USA,1312755
10391,2026-07-17T18:14:31.811Z,462-035,"Aldi, Angola",41.6548475,-84.9995065,"1806 North Wayne Street, Angola, IN, 46703",1806 North Wayne Street,Angola,IN,46703,,,ALDI,active,USA,1312652
12751,2026-07-17T18:14:37.179Z,462-037,"Aldi, Valparaiso",41.46879,-87.0253,"2906 Laporte Avenue, Valparaiso, IN, 46383",2906 Laporte Avenue,Valparaiso,IN,46383,,,ALDI,active,USA,1312735
12803,2026-07-17T18:14:37.179Z,462-038,"Aldi, Warsaw",41.247899,-85.821904,"945 N Parker St, Warsaw, IN, 46582",945 N Parker St,Warsaw,IN,46582,,,ALDI,active,USA,1312776
11622,2026-07-17T18:14:35.092Z,462-039,"Aldi, Lansing",41.56433,-87.52915,"3602 Ridge Road, Lansing, IL, 60438",3602 Ridge Road,Lansing,IL,60438,,,ALDI,active,USA,1312713
12750,2026-07-17T18:14:37.179Z,462-040,"Aldi, Valparaiso",41.46244,-87.08893,"2352 Morthland Dr, Valparaiso, IN, 46385",2352 Morthland Dr,Valparaiso,IN,46385,,,ALDI,active,USA,1312781
12060,2026-07-17T18:14:35.837Z,462-041,"Aldi, Oak Forest",41.586835,-87.719863,"4250 167th St, Oak Forest, IL, 60452",4250 167th St,Oak Forest,IL,60452,,,ALDI,active,USA,1312541
12566,2026-07-17T18:14:36.877Z,462-044,"Aldi, South Holland",41.600328,-87.591021,"1051 E 162nd Street, South Holland, IL, 60473",1051 E 162nd Street,South Holland,IL,60473,,,ALDI,active,USA,1312610
11581,2026-07-17T18:14:35.092Z,462-045,"Aldi, Lagrange Park",41.80769,-87.86932,"333 N Lagrange Rd, Lagrange Park, IL, 60526",333 N Lagrange Rd,Lagrange Park,IL,60526,,,ALDI,active,USA,1312662
10751,2026-07-17T18:14:32.770Z,462-047,"Aldi, Chicago",41.80878,-87.663,"1508 W 47th Street, Chicago, IL, 60609",1508 W 47th Street,Chicago,IL,60609,,,ALDI,active,USA,1314434
10905,2026-07-17T18:14:32.770Z,462-048,"Aldi, Crestwood",41.654575,-87.739853,"4820 Cal Sag Rd, Crestwood, IL, 60418",4820 Cal Sag Rd,Crestwood,IL,60418,,,ALDI,active,USA,1312583
10741,2026-07-17T18:14:32.770Z,462-049,"Aldi, Chesterton",41.615611,-87.040188,"750 Indian Boundary Rd, Chesterton, IN, 46304",750 Indian Boundary Rd,Chesterton,IN,46304,,,ALDI,active,USA,1312778
11627,2026-07-17T18:14:35.092Z,462-051,"Aldi, Laporte",41.616201,-86.731811,"199 Pine Lake Ave, Laporte, IN, 46350",199 Pine Lake Ave,Laporte,IN,46350,,,ALDI,active,USA,1312728
11792,2026-07-17T18:14:35.558Z,462-052,"Aldi, Matteson",41.51303,-87.73186,"20713 South Cicero Avenue, Matteson, IL, 60443",20713 South Cicero Avenue,Matteson,IL,60443,,,ALDI,active,USA,1312578
10749,2026-07-17T18:14:32.770Z,462-053,"Aldi, Chicago",41.791603,-87.801151,"5501 S Harlem Ave, Chicago, IL, 60638",5501 S Harlem Ave,Chicago,IL,60638,,,ALDI,active,USA,1314030
11336,2026-07-17T18:14:34.665Z,462-056,"Aldi, Hammond",41.57019,-87.47592,"7925 Indianapolis Blvd, Hammond, IN, 46324",7925 Indianapolis Blvd,Hammond,IN,46324,,,ALDI,active,USA,1312756
11234,2026-07-17T18:14:34.070Z,462-057,"Aldi, Gary",41.54929,-87.41048,"5995 W Ridge Road, Gary, IN, 46408",5995 W Ridge Road,Gary,IN,46408,,,ALDI,active,USA,1312555
10374,2026-07-17T18:14:31.811Z,462-059,"Aldi, Alsip",41.67381,-87.71944,"12050 S Pulaski Rd, Alsip, IL, 60803",12050 S Pulaski Rd,Alsip,IL,60803,,,ALDI,active,USA,1314040
11391,2026-07-17T18:14:34.665Z,462-060,"Aldi, Hodgkins",41.778433,-87.862679,"9430 Joliet Rd, Hodgkins, IL, 60525",9430 Joliet Rd,Hodgkins,IL,60525,,,ALDI,active,USA,1312667
10773,2026-07-17T18:14:32.770Z,462-062,"Aldi, Chicago",41.85226,-87.66941,"1739 West Cermak Rd, Chicago, IL, 60608",1739 West Cermak Rd,Chicago,IL,60608,,,ALDI,active,USA,1314026
10760,2026-07-17T18:14:32.770Z,462-066,"Aldi, Chicago",41.77446,-87.6053,"6621 S Cottage Grove Ave, Chicago, IL, 60637",6621 S Cottage Grove Ave,Chicago,IL,60637,,,ALDI,active,USA,1314346
11090,2026-07-17T18:14:33.514Z,462-067,"Aldi, Evergreen Park",41.734736,-87.70407,"3231 W 87th Street, Evergreen Park, IL, 60805",3231 W 87th Street,Evergreen Park,IL,60805,,,ALDI,active,USA,1314033
12561,2026-07-17T18:14:36.877Z,462-068,"Aldi, South Bend",41.7212744,-86.294005,"3502 N Bendix Drive, South Bend, IN, 46628",3502 N Bendix Drive,South Bend,IN,46628,,,ALDI,active,USA,1312736
10432,2026-07-17T18:14:31.811Z,462-069,"Aldi, Auburn",41.365512,-85.079002,"207 Touring Dr, Auburn, IN, 46706",207 Touring Dr,Auburn,IN,46706,,,ALDI,active,USA,1314077
11848,2026-07-17T18:14:35.558Z,462-073,"Aldi, Michigan City",41.67664,-86.89324,"5102 Franklin Street, Michigan City, IN, 46360",5102 Franklin Street,Michigan City,IN,46360,,,ALDI,active,USA,1312744
11831,2026-07-17T18:14:35.558Z,462-074,"Aldi, Merrillville",41.4711,-87.33752,"10 W 81st Avenue, Merrillville, IN, 46410",10 W 81st Avenue,Merrillville,IN,46410,,,ALDI,active,USA,1312774
10999,2026-07-17T18:14:33.514Z,462-075,"Aldi, Dixmoor",41.6249,-87.6743,"14529 Western Ave, Dixmoor, IL, 60426",14529 Western Ave,Dixmoor,IL,60426,,,ALDI,active,USA,1314044
10487,2026-07-17T18:14:31.811Z,462-076,"Aldi, Bedford Park",41.76529,-87.74204,"7020 S Cicero Avenue, Bedford Park, IL, 60638",7020 S Cicero Avenue,Bedford Park,IL,60638,,,ALDI,active,USA,1312720
11724,2026-07-17T18:14:35.092Z,462-078,"Aldi, Lowell",41.289297,-87.3990569,"1720 E Commercial Ave, Lowell, IN, 46356",1720 E Commercial Ave,Lowell,IN,46356,,,ALDI,active,USA,1312625
10763,2026-07-17T18:14:32.770Z,462-079,"Aldi, Chicago",41.75318,-87.58798,"7800 South Chicago Ave, Chicago, IL, 60619",7800 South Chicago Ave,Chicago,IL,60619,,,ALDI,active,USA,1314048
10768,2026-07-17T18:14:32.770Z,462-083,"Aldi, Chicago",41.741022,-87.7405569,"8333 South Cicero Ave, Chicago, IL, 60652",8333 South Cicero Ave,Chicago,IL,60652,,,ALDI,active,USA,1314036
10642,2026-07-17T18:14:32.256Z,462-085,"Aldi, Calumet Park",41.656887,-87.659706,"13085 S Ashland Avenue, Calumet Park, IL, 60827",13085 S Ashland Avenue,Calumet Park,IL,60827,,,ALDI,active,USA,1314058
11738,2026-07-17T18:14:35.558Z,462-086,"Aldi, Lyons",41.820747,-87.8043779,"7235 39th St, Lyons, IL, 60534",7235 39th St,Lyons,IL,60534,,,ALDI,active,USA,1314059
10755,2026-07-17T18:14:32.770Z,462-088,"Aldi, Chicago",41.73537,-87.63199,"8500 S Holland Road, Chicago, IL, 60620",8500 S Holland Road,Chicago,IL,60620,,,ALDI,active,USA,1312705
10743,2026-07-17T18:14:32.770Z,462-092,"Aldi, Chicago",41.7798245,-87.6407256,"620 W 63rd St, Chicago, IL, 60621",620 W 63rd St,Chicago,IL,60621,,,ALDI,active,USA,1312707
10753,2026-07-17T18:14:32.770Z,462-094,"Aldi, Chicago",41.78386,-87.68329,"6025 S Western Ave, Chicago, IL, 60636",6025 S Western Ave,Chicago,IL,60636,,,ALDI,active,USA,1312688
10765,2026-07-17T18:14:32.770Z,462-095,"Aldi, Chicago",41.7225436,-87.567004,"2333 E 95th St, Chicago, IL, 60617",2333 E 95th St,Chicago,IL,60617,,,ALDI,active,USA,1312646
11091,2026-07-17T18:14:33.514Z,462-097,"Aldi, Evergreen Park",41.72067,-87.68609,"2541 W 95th Street, Evergreen Park, IL, 60805",2541 W 95th Street,Evergreen Park,IL,60805,,,ALDI,active,USA,1312579
11850,2026-07-17T18:14:35.558Z,463-001,"Aldi, Middleburg Heights",41.373036,-81.829673,"18324 Bagley Road, Middleburg Heights, OH, 44130",18324 Bagley Road,Middleburg Heights,OH,44130,,,ALDI,active,USA,1312193
12419,2026-07-17T18:14:36.487Z,463-002,"Aldi, Rossford",41.548493,-83.584393,"9806 South Compass Dr, Rossford, OH, 43460",9806 South Compass Dr,Rossford,OH,43460,,,ALDI,active,USA,1313256
11198,2026-07-17T18:14:34.070Z,463-003,"Aldi, Fremont",41.374483,-83.115791,"2096 Enterprise Drive, Fremont, OH, 43420",2096 Enterprise Drive,Fremont,OH,43420,,,ALDI,active,USA,1313951
11811,2026-07-17T18:14:35.558Z,463-004,"Aldi, Medina",41.158239,-81.861162,"1150 N Court St, Medina, OH, 44256",1150 N Court St,Medina,OH,44256,,,ALDI,active,USA,1313223
12517,2026-07-17T18:14:36.487Z,463-005,"Aldi, Sheffield Village",41.424802,-82.079103,"5216 Detroit Rd, Sheffield Village, OH, 44035",5216 Detroit Rd,Sheffield Village,OH,44035,,,ALDI,active,USA,1313924
11998,2026-07-17T18:14:35.837Z,463-006,"Aldi, New Philadelphia",40.494372,-81.469983,"1187 W High Street, New Philadelphia, OH, 44663",1187 W High Street,New Philadelphia,OH,44663,,,ALDI,active,USA,1312085
11100,2026-07-17T18:14:33.514Z,463-008,"Aldi, Fairlawn",41.132852,-81.637747,"120 S Cleveland Massillon, Fairlawn, OH, 44333",120 S Cleveland Massillon,Fairlawn,OH,44333,,,ALDI,active,USA,1313185
12937,2026-07-17T18:14:37.357Z,463-009,"Aldi, Wooster",40.827493,-81.907433,"2249 Akron Rd, Wooster, OH, 44691",2249 Akron Rd,Wooster,OH,44691,,,ALDI,active,USA,1314349
12054,2026-07-17T18:14:35.837Z,463-010,"Aldi, Norwalk",41.259067,-82.613805,"195 Milan Ave, Norwalk, OH, 44857",195 Milan Ave,Norwalk,OH,44857,,,ALDI,active,USA,1313196
10344,2026-07-17T18:14:31.811Z,463-011,"Aldi, Akron",41.067321,-81.526411,"772 S Main St, Akron, OH, 44311",772 S Main St,Akron,OH,44311,,,ALDI,active,USA,1313926
11740,2026-07-17T18:14:35.558Z,463-012,"Aldi, Macedonia",41.315257,-81.525314,"371 East Aurora Road, Macedonia, OH, 44067",371 East Aurora Road,Macedonia,OH,44067,,,ALDI,active,USA,1313229
12405,2026-07-17T18:14:36.487Z,463-013,"Aldi, Rocky River",41.459994,-81.855923,"21329 Center Ridge Road, Rocky River, OH, 44116",21329 Center Ridge Road,Rocky River,OH,44116,,,ALDI,active,USA,1313205
12456,2026-07-17T18:14:36.487Z,463-014,"Aldi, Salem",40.900562,-80.824846,"2495 East State Street, Salem, OH, 44460",2495 East State Street,Salem,OH,44460,,,ALDI,active,USA,1313267
10420,2026-07-17T18:14:31.811Z,463-015,"Aldi, Ashtabula",41.877812,-80.754654,"3124 North Ridge East, Ashtabula, OH, 44004",3124 North Ridge East,Ashtabula,OH,44004,,,ALDI,active,USA,1312173
12157,2026-07-17T18:14:36.171Z,463-016,"Aldi, Painesville",41.688539,-81.288475,"2045 Mentor Avenue, Painesville, OH, 44077",2045 Mentor Avenue,Painesville,OH,44077,,,ALDI,active,USA,1313191
12506,2026-07-17T18:14:36.487Z,463-017,"Aldi, Seven Hills",41.367465,-81.683596,"7305 Broadview Road, Seven Hills, OH, 44131",7305 Broadview Road,Seven Hills,OH,44131,,,ALDI,active,USA,1313194
11812,2026-07-17T18:14:35.558Z,463-018,"Aldi, Medina",41.135547,-81.810192,"3444 Medina Road, Medina, OH, 44256",3444 Medina Road,Medina,OH,44256,,,ALDI,active,USA,1312067
10712,2026-07-17T18:14:32.256Z,463-019,"Aldi, Chardon",41.584281,-81.213013,"302 Center Street, Chardon, OH, 44024",302 Center Street,Chardon,OH,44024,,,ALDI,active,USA,1312062
12655,2026-07-17T18:14:36.877Z,463-020,"Aldi, Sylvania",41.706345,-83.667286,"5539 Monroe Street, Sylvania, OH, 43560",5539 Monroe Street,Sylvania,OH,43560,,,ALDI,active,USA,1313222
12700,2026-07-17T18:14:36.877Z,463-022,"Aldi, Toledo",41.722392,-83.512977,"1430 East Alexis Road, Toledo, OH, 43612",1430 East Alexis Road,Toledo,OH,43612,,,ALDI,active,USA,1314350
11852,2026-07-17T18:14:35.558Z,463-023,"Aldi, Middlefield",41.462107,-81.084466,"15611 W High St, Middlefield, OH, 44062",15611 W High St,Middlefield,OH,44062,,,ALDI,active,USA,1313932
12739,2026-07-17T18:14:37.179Z,463-024,"Aldi, Uniontown",40.951313,-81.465775,"4055 Massillon Road, Uniontown, OH, 44685",4055 Massillon Road,Uniontown,OH,44685,,,ALDI,active,USA,1313193
10816,2026-07-17T18:14:32.770Z,463-025,"Aldi, Cleveland",41.456135,-81.689787,"3586 Steel Yard Drive, Cleveland, OH, 44109",3586 Steel Yard Drive,Cleveland,OH,44109,,,ALDI,active,USA,1313946
12795,2026-07-17T18:14:37.179Z,463-026,"Aldi, Warren",41.255312,-80.85833,"2774 Parkman Road Nw, Warren, OH, 44485",2774 Parkman Road Nw,Warren,OH,44485,,,ALDI,active,USA,1314351
10348,2026-07-17T18:14:31.811Z,463-027,"Aldi, Akron",41.107205,-81.467458,"1620 Brittain Road, Akron, OH, 44310",1620 Brittain Road,Akron,OH,44310,,,ALDI,active,USA,1313934
10419,2026-07-17T18:14:31.811Z,463-028,"Aldi, Ashland",40.857871,-82.270766,"1033 Commerce Parkway, Ashland, OH, 44805",1033 Commerce Parkway,Ashland,OH,44805,,,ALDI,active,USA,1313268
10601,2026-07-17T18:14:32.256Z,463-029,"Aldi, Brooklyn",41.420529,-81.75955,"5170 Tiedeman Rd, Brooklyn, OH, 44144",5170 Tiedeman Rd,Brooklyn,OH,44144,,,ALDI,active,USA,1313192
10346,2026-07-17T18:14:31.811Z,463-030,"Aldi, Akron",41.036307,-81.490562,"1333 South Arlington St, Akron, OH, 44306",1333 South Arlington St,Akron,OH,44306,,,ALDI,active,USA,1313929
12950,2026-07-17T18:14:37.357Z,463-031,"Aldi, Youngstown",41.145594,-80.66387,"3497 Belmont Ave, Youngstown, OH, 44505",3497 Belmont Ave,Youngstown,OH,44505,,,ALDI,active,USA,1314225
11394,2026-07-17T18:14:34.665Z,463-032,"Aldi, Holland",41.611181,-83.71156,"7101 Spring Meadows West, Holland, OH, 43528",7101 Spring Meadows West,Holland,OH,43528,,,ALDI,active,USA,1313219
11603,2026-07-17T18:14:35.092Z,463-033,"Aldi, Lakewood",41.478475,-81.769957,"1600 W 117th Street, Lakewood, OH, 44107",1600 W 117th Street,Lakewood,OH,44107,,,ALDI,active,USA,1313257
10813,2026-07-17T18:14:32.770Z,463-034,"Aldi, Cleveland",41.470051,-81.608474,"10815 Kinsman, Cleveland, OH, 44104",10815 Kinsman,Cleveland,OH,44104,,,ALDI,active,USA,1313927
10345,2026-07-17T18:14:31.811Z,463-035,"Aldi, Akron",41.056587,-81.582705,"2100 Romig Road, Akron, OH, 44320",2100 Romig Road,Akron,OH,44320,,,ALDI,active,USA,1313947
10442,2026-07-17T18:14:31.811Z,463-036,"Aldi, Austintown",41.0989,-80.772273,"5863 Mahoning Avenue, Austintown, OH, 44515",5863 Mahoning Avenue,Austintown,OH,44515,,,ALDI,active,USA,1312070
10540,2026-07-17T18:14:32.256Z,463-037,"Aldi, Boardman",41.031664,-80.635433,"6600 South Avenue, Boardman, OH, 44512",6600 South Avenue,Boardman,OH,44512,,,ALDI,active,USA,1312080
12635,2026-07-17T18:14:36.877Z,463-038,"Aldi, Strongsville",41.31181,-81.834017,"14267 Pearl Road, Strongsville, OH, 44136",14267 Pearl Road,Strongsville,OH,44136,,,ALDI,active,USA,1312063
11828,2026-07-17T18:14:35.558Z,463-039,"Aldi, Mentor",41.662378,-81.359158,"7885 Mentor Avenue, Mentor, OH, 44060",7885 Mentor Avenue,Mentor,OH,44060,,,ALDI,active,USA,1313238
11082,2026-07-17T18:14:33.514Z,463-040,"Aldi, Euclid",41.609141,-81.525978,"22300 Lake Shore Blvd, Euclid, OH, 44123",22300 Lake Shore Blvd,Euclid,OH,44123,,,ALDI,active,USA,1314352
11126,2026-07-17T18:14:33.514Z,463-041,"Aldi, Findlay",41.054954,-83.597504,"2227 Tiffin Ave, Findlay, OH, 45840",2227 Tiffin Ave,Findlay,OH,45840,,,ALDI,active,USA,1313941
11748,2026-07-17T18:14:35.558Z,463-042,"Aldi, Madison",41.803627,-81.05511,"6521 N Ridge Road, Madison, OH, 44057",6521 N Ridge Road,Madison,OH,44057,,,ALDI,active,USA,1312081
11354,2026-07-17T18:14:34.665Z,463-043,"Aldi, Hartville",40.968916,-81.353638,"1250 W Maple Street, Hartville, OH, 44632",1250 W Maple Street,Hartville,OH,44632,,,ALDI,active,USA,1313236
12936,2026-07-17T18:14:37.357Z,463-044,"Aldi, Wooster",40.845582,-81.942915,"3743 Burbank Road, Wooster, OH, 44691",3743 Burbank Road,Wooster,OH,44691,,,ALDI,active,USA,1313213
10445,2026-07-17T18:14:31.811Z,463-045,"Aldi, Avon",41.468028,-82.018597,"35920 Chester Road, Avon, OH, 44011",35920 Chester Road,Avon,OH,44011,,,ALDI,active,USA,1313231
10438,2026-07-17T18:14:31.811Z,463-046,"Aldi, Aurora",41.356355,-81.388302,"7050 Aurora Road, Aurora, OH, 44202",7050 Aurora Road,Aurora,OH,44202,,,ALDI,active,USA,1313212
12043,2026-07-17T18:14:35.837Z,463-047,"Aldi, North Randall",41.430888,-81.526874,"4650 Northfield Rd, North Randall, OH, 44128",4650 Northfield Rd,North Randall,OH,44128,,,ALDI,active,USA,1313944
12104,2026-07-17T18:14:35.837Z,463-048,"Aldi, Ontario",40.778711,-82.591068,"955 N Lexington-Springmill, Ontario, OH, 44906",955 N Lexington-Springmill,Ontario,OH,44906,,,ALDI,active,USA,1313210
12180,2026-07-17T18:14:36.171Z,463-049,"Aldi, Parma",41.406364,-81.693516,"1770 Snow Road, Parma, OH, 44134",1770 Snow Road,Parma,OH,44134,,,ALDI,active,USA,1313221
12694,2026-07-17T18:14:36.877Z,463-051,"Aldi, Tiffin",41.109777,-83.211158,"2124 West Market Street, Tiffin, OH, 44883",2124 West Market Street,Tiffin,OH,44883,,,ALDI,active,USA,1314226
12046,2026-07-17T18:14:35.837Z,463-052,"Aldi, North Ridgeville",41.392627,-82.007077,"35111 Center Ridge Road, North Ridgeville, OH, 44039",35111 Center Ridge Road,North Ridgeville,OH,44039,,,ALDI,active,USA,1313253
12340,2026-07-17T18:14:36.487Z,463-053,"Aldi, Ravenna",41.156584,-81.221524,"1350 E Main Street, Ravenna, OH, 44266",1350 E Main Street,Ravenna,OH,44266,,,ALDI,active,USA,1313224
10658,2026-07-17T18:14:32.256Z,463-054,"Aldi, Canton",40.854329,-81.424894,"4082 Belden Village Avenw, Canton, OH, 44718",4082 Belden Village Avenw,Canton,OH,44718,,,ALDI,active,USA,1313162
10892,2026-07-17T18:14:32.770Z,463-055,"Aldi, Coshocton",40.261864,-81.870859,"811 South Second Street, Coshocton, OH, 43812",811 South Second Street,Coshocton,OH,43812,,,ALDI,active,USA,1313948
12904,2026-07-17T18:14:37.179Z,463-056,"Aldi, Willowick",41.64147,-81.47097,"30960 Lake Shore Blvd, Willowick, OH, 44095",30960 Lake Shore Blvd,Willowick,OH,44095,,,ALDI,active,USA,1313167
12797,2026-07-17T18:14:37.179Z,463-057,"Aldi, Warren",41.210037,-80.739153,"2425 Niles Cortland Rd Se, Warren, OH, 44484",2425 Niles Cortland Rd Se,Warren,OH,44484,,,ALDI,active,USA,1313242
10384,2026-07-17T18:14:31.811Z,463-058,"Aldi, Amherst",41.415545,-82.206856,"2241 Kresge Drive, Amherst, OH, 44001",2241 Kresge Drive,Amherst,OH,44001,,,ALDI,active,USA,1313198
11735,2026-07-17T18:14:35.558Z,463-060,"Aldi, Lyndhurst",41.519111,-81.494464,"5144 Mayfield Road, Lyndhurst, OH, 44124",5144 Mayfield Road,Lyndhurst,OH,44124,,,ALDI,active,USA,1313184
12112,2026-07-17T18:14:35.837Z,463-061,"Aldi, Oregon",41.636726,-83.458388,"3728 Navarre Avenue, Oregon, OH, 43616",3728 Navarre Avenue,Oregon,OH,43616,,,ALDI,active,USA,1314224
12467,2026-07-17T18:14:36.487Z,463-062,"Aldi, Sandusky",41.424865,-82.679724,"3612 Milan Road, Sandusky, OH, 44870",3612 Milan Road,Sandusky,OH,44870,,,ALDI,active,USA,1313209
10371,2026-07-17T18:14:31.811Z,463-063,"Aldi, Alliance",40.90136,-81.141819,"2150 W State St, Alliance, OH, 44601",2150 W State St,Alliance,OH,44601,,,ALDI,active,USA,1313188
10811,2026-07-17T18:14:32.770Z,463-066,"Aldi, Cleveland",41.503882,-81.636558,"7500 Euclid Avenue, Cleveland, OH, 44103",7500 Euclid Avenue,Cleveland,OH,44103,,,ALDI,active,USA,1313942
10962,2026-07-17T18:14:33.514Z,463-067,"Aldi, Defiance",41.299879,-84.362224,"950 N Clinton Street, Defiance, OH, 43512",950 N Clinton Street,Defiance,OH,43512,,,ALDI,active,USA,1313254
12037,2026-07-17T18:14:35.837Z,463-068,"Aldi, North Olmsted",41.420974,-81.903048,"4692 Great Northern Blvd, North Olmsted, OH, 44070",4692 Great Northern Blvd,North Olmsted,OH,44070,,,ALDI,active,USA,1313186
12626,2026-07-17T18:14:36.877Z,463-069,"Aldi, Stow",41.159421,-81.401647,"3804 Fishcreek Road, Stow, OH, 44224",3804 Fishcreek Road,Stow,OH,44224,,,ALDI,active,USA,1313182
12861,2026-07-17T18:14:37.179Z,463-070,"Aldi, Westlake",41.462168,-81.959825,"30700 Detroit Road, Westlake, OH, 44145",30700 Detroit Road,Westlake,OH,44145,,,ALDI,active,USA,1313202
10555,2026-07-17T18:14:32.256Z,463-071,"Aldi, Bowling Green",41.360202,-83.651853,"1010 S Main St, Bowling Green, OH, 43402",1010 S Main St,Bowling Green,OH,43402,,,ALDI,active,USA,1314223
10607,2026-07-17T18:14:32.256Z,463-072,"Aldi, Brunswick",41.239202,-81.837722,"4221 Center Rd, Brunswick, OH, 44212",4221 Center Rd,Brunswick,OH,44212,,,ALDI,active,USA,1313259
12781,2026-07-17T18:14:37.179Z,463-073,"Aldi, Wadsworth",41.049188,-81.726613,"174 Park Centre Drive, Wadsworth, OH, 44281",174 Park Centre Drive,Wadsworth,OH,44281,,,ALDI,active,USA,1313233
10891,2026-07-17T18:14:32.770Z,463-074,"Aldi, Cortland",41.275732,-80.775194,"2120 Elm Street, Cortland, OH, 44410",2120 Elm Street,Cortland,OH,44410,,,ALDI,active,USA,1313255
11796,2026-07-17T18:14:35.558Z,463-075,"Aldi, Mayfield Heights",41.523109,-81.437544,"1385 Som Center Road, Mayfield Heights, OH, 44124",1385 Som Center Road,Mayfield Heights,OH,44124,,,ALDI,active,USA,1313203
11791,2026-07-17T18:14:35.558Z,463-076,"Aldi, Massillon",40.757633,-81.516845,"3541 Erie Street South, Massillon, OH, 44646",3541 Erie Street South,Massillon,OH,44646,,,ALDI,active,USA,1312065
12902,2026-07-17T18:14:37.179Z,463-077,"Aldi, Willoughby Hills",41.586218,-81.479179,"2821 Bishop Road, Willoughby Hills, OH, 44092",2821 Bishop Road,Willoughby Hills,OH,44092,,,ALDI,active,USA,1313931
12556,2026-07-17T18:14:36.877Z,463-078,"Aldi, Solon",41.390285,-81.437267,"6217 Som Center Road, Solon, OH, 44139",6217 Som Center Road,Solon,OH,44139,,,ALDI,active,USA,1313244
10611,2026-07-17T18:14:32.256Z,463-079,"Aldi, Bucyrus",40.81173,-82.94457,"1885 E Mansfield Street, Bucyrus, OH, 44820",1885 E Mansfield Street,Bucyrus,OH,44820,,,ALDI,active,USA,1313168
10584,2026-07-17T18:14:32.256Z,463-080,"Aldi, Broadview Hts",41.314305,-81.690094,"1500 Royalton Road, Broadview Hts, OH, 44147",1500 Royalton Road,Broadview Hts,OH,44147,,,ALDI,active,USA,1312066
12065,2026-07-17T18:14:35.837Z,463-082,"Aldi, Oberlin",41.160419,-82.125805,"14885 State Route 58, Oberlin, OH, 44074",14885 State Route 58,Oberlin,OH,44074,,,ALDI,active,USA,1313171
11548,2026-07-17T18:14:35.092Z,463-083,"Aldi, Kent",41.100798,-81.389539,"110 Brimfield Ridge Circle, Kent, OH, 44240",110 Brimfield Ridge Circle,Kent,OH,44240,,,ALDI,active,USA,1313241
10815,2026-07-17T18:14:32.770Z,463-084,"Aldi, Cleveland",41.452984,-81.799638,"14651 Lorain Avenue, Cleveland, OH, 44111",14651 Lorain Avenue,Cleveland,OH,44111,,,ALDI,active,USA,1313164
10704,2026-07-17T18:14:32.256Z,463-085,"Aldi, Chagrin Falls",41.414561,-81.342753,"8368 Washington St, Chagrin Falls, OH, 44023",8368 Washington St,Chagrin Falls,OH,44023,,,ALDI,active,USA,1313179
12027,2026-07-17T18:14:35.837Z,463-086,"Aldi, North Canton",40.903874,-81.405082,"8100 Cleveland Ave Nw, North Canton, OH, 44720",8100 Cleveland Ave Nw,North Canton,OH,44720,,,ALDI,active,USA,1312084
12901,2026-07-17T18:14:37.179Z,463-087,"Aldi, Willoughby",41.62753,-81.42795,"37100 Euclid Avenue, Willoughby, OH, 44094",37100 Euclid Avenue,Willoughby,OH,44094,,,ALDI,active,USA,1313243
11064,2026-07-17T18:14:33.514Z,463-088,"Aldi, Elyria",41.34245,-82.06692,"38275 Chestnut Ridge Rd, Elyria, OH, 44035",38275 Chestnut Ridge Rd,Elyria,OH,44035,,,ALDI,active,USA,1313208
11790,2026-07-17T18:14:35.558Z,463-089,"Aldi, Massillon",40.797465,-81.485085,"2624 Lincoln Way East, Massillon, OH, 44646",2624 Lincoln Way East,Massillon,OH,44646,,,ALDI,active,USA,1313227
10655,2026-07-17T18:14:32.256Z,463-090,"Aldi, Canton",40.838025,-81.328141,"3715 Harmont Ave Ne, Canton, OH, 44705",3715 Harmont Ave Ne,Canton,OH,44705,,,ALDI,active,USA,1313214
12633,2026-07-17T18:14:36.877Z,463-091,"Aldi, Streetsboro",41.246862,-81.358363,"9570 State Route 14, Streetsboro, OH, 44241",9570 State Route 14,Streetsboro,OH,44241,,,ALDI,active,USA,1313197
11851,2026-07-17T18:14:35.558Z,463-092,"Aldi, Middleburg Heights",41.381412,-81.789001,"6820 Pearl Rd, Middleburg Heights, OH, 44130",6820 Pearl Rd,Middleburg Heights,OH,44130,,,ALDI,active,USA,1313169
10347,2026-07-17T18:14:31.811Z,463-093,"Aldi, Akron",41.110984,-81.576176,"1890 West Market St Ste 200, Akron, OH, 44313",1890 West Market St Ste 200,Akron,OH,44313,,,ALDI,active,USA,1313249
10653,2026-07-17T18:14:32.256Z,463-094,"Aldi, Canfield",41.023773,-80.726831,"4165 Westford Dr, Canfield, OH, 44406",4165 Westford Dr,Canfield,OH,44406,,,ALDI,active,USA,1314492
12275,2026-07-17T18:14:36.171Z,463-095,"Aldi, Poland",41.023262,-80.592179,"3236 Center Rd, Poland, OH, 44514",3236 Center Rd,Poland,OH,44514,,,ALDI,active,USA,1313211
12699,2026-07-17T18:14:36.877Z,463-096,"Aldi, Toledo",41.675569,-83.709154,"3160 Percentum Rd, Toledo, OH, 43617",3160 Percentum Rd,Toledo,OH,43617,,,ALDI,active,USA,1313206
12800,2026-07-17T18:14:37.179Z,463-097,"Aldi, Warrensville Hts",41.445885,-81.496355,"4087 Richmond Rd, Warrensville Hts, OH, 44122",4087 Richmond Rd,Warrensville Hts,OH,44122,,,ALDI,active,USA,1313240
11227,2026-07-17T18:14:34.070Z,463-098,"Aldi, Garfield Heights",41.399412,-81.595874,"12782 Rockside Rd, Garfield Heights, OH, 44125",12782 Rockside Rd,Garfield Heights,OH,44125,,,ALDI,active,USA,1313933
10343,2026-07-17T18:14:31.811Z,463-102,"Aldi, Akron",40.99056,-81.49151,"2981 S Arlington Rd, Akron, OH, 44312",2981 S Arlington Rd,Akron,OH,44312,,,ALDI,active,USA,1313234
12181,2026-07-17T18:14:36.171Z,463-103,"Aldi, Parma",41.379659,-81.733563,"6805 Ridge Rd, Parma, OH, 44129",6805 Ridge Rd,Parma,OH,44129,,,ALDI,active,USA,1313235
12058,2026-07-17T18:14:35.837Z,464-001,"Aldi, Oak Creek",42.921683,-87.949011,"6810 South 27th Street, Oak Creek, WI, 53154",6810 South 27th Street,Oak Creek,WI,53154,,,ALDI,active,USA,1313682
11771,2026-07-17T18:14:35.558Z,464-002,"Aldi, Marinette",45.074964,-87.660325,"2871 Roosevelt Road, Marinette, WI, 54143",2871 Roosevelt Road,Marinette,WI,54143,,,ALDI,active,USA,1313669
12648,2026-07-17T18:14:36.877Z,464-003,"Aldi, Sun Prairie",43.168297,-89.265684,"750 Bunny Trail, Sun Prairie, WI, 53590",750 Bunny Trail,Sun Prairie,WI,53590,,,ALDI,active,USA,1313677
11128,2026-07-17T18:14:33.514Z,464-004,"Aldi, Fitchburg",43.01515,-89.47865,"6261 Mckee Road, Fitchburg, WI, 53719",6261 Mckee Road,Fitchburg,WI,53719,,,ALDI,active,USA,1313714
12625,2026-07-17T18:14:36.877Z,464-005,"Aldi, Stoughton",42.921468,-89.252598,"1399 Us Highway 51, Stoughton, WI, 53589",1399 Us Highway 51,Stoughton,WI,53589,,,ALDI,active,USA,1314571
12826,2026-07-17T18:14:37.179Z,464-006,"Aldi, Waunakee",43.174047,-89.462855,"5805 County Road Q, Waunakee, WI, 53597",5805 County Road Q,Waunakee,WI,53597,,,ALDI,active,USA,1688688
11546,2026-07-17T18:14:35.092Z,464-007,"Aldi, Kenosha",42.605467,-87.877298,"3524 57th Avenue, Kenosha, WI, 53144",3524 57th Avenue,Kenosha,WI,53144,,,ALDI,active,USA,1313723
12923,2026-07-17T18:14:37.179Z,464-008,"Aldi, Wisconsin Rapids",44.381096,-89.816478,"1211 8th Street South, Wisconsin Rapids, WI, 54494",1211 8th Street South,Wisconsin Rapids,WI,54494,,,ALDI,active,USA,1313706
12568,2026-07-17T18:14:36.877Z,464-009,"Aldi, South Milwaukee",42.90017,-87.864345,"3105 S Chicago Avenue, South Milwaukee, WI, 53172",3105 S Chicago Avenue,South Milwaukee,WI,53172,,,ALDI,active,USA,1314586
12843,2026-07-17T18:14:37.179Z,464-010,"Aldi, West Allis",43.011189,-88.044886,"1712 S 108th Street, West Allis, WI, 53214",1712 S 108th Street,West Allis,WI,53214,,,ALDI,active,USA,1314337
12829,2026-07-17T18:14:37.179Z,464-011,"Aldi, Wauwatosa",43.075945,-88.064572,"12120 W Burleigh Street, Wauwatosa, WI, 53222",12120 W Burleigh Street,Wauwatosa,WI,53222,,,ALDI,active,USA,1314587
10459,2026-07-17T18:14:31.811Z,464-012,"Aldi, Baraboo",43.47563,-89.767882,"614 West Pine Street, Baraboo, WI, 53913",614 West Pine Street,Baraboo,WI,53913,,,ALDI,active,USA,1313676
11144,2026-07-17T18:14:34.070Z,464-013,"Aldi, Fond Du Lac",43.783086,-88.486333,"N6666 Rolling Meadows Drive, Fond Du Lac, WI, 54937",N6666 Rolling Meadows Drive,Fond Du Lac,WI,54937,,,ALDI,active,USA,1313702
11878,2026-07-17T18:14:35.558Z,464-014,"Aldi, Milwaukee",43.114206,-87.965714,"5301 N Hopkins, Milwaukee, WI, 53209",5301 N Hopkins,Milwaukee,WI,53209,,,ALDI,active,USA,1314322
12212,2026-07-17T18:14:36.171Z,464-015,"Aldi, Pewaukee",43.084554,-88.240256,"1201 George Towne Drive, Pewaukee, WI, 53072",1201 George Towne Drive,Pewaukee,WI,53072,,,ALDI,active,USA,1313713
10604,2026-07-17T18:14:32.256Z,464-016,"Aldi, Brown Deer",43.178799,-87.993216,"6720 W Brown Deer Road, Brown Deer, WI, 53223",6720 W Brown Deer Road,Brown Deer,WI,53223,,,ALDI,active,USA,1314329
12323,2026-07-17T18:14:36.171Z,464-017,"Aldi, Racine",42.69694,-87.865815,"6925 Durand Avenue, Racine, WI, 53406",6925 Durand Avenue,Racine,WI,53406,,,ALDI,active,USA,1313666
10593,2026-07-17T18:14:32.256Z,464-018,"Aldi, Brookfield",43.03558,-88.15562,"19555 W Bluemound, Brookfield, WI, 53045",19555 W Bluemound,Brookfield,WI,53045,,,ALDI,active,USA,1313695
11875,2026-07-17T18:14:35.558Z,464-019,"Aldi, Milwaukee",43.089031,-87.90903,"225 East Capitol Drive, Milwaukee, WI, 53212",225 East Capitol Drive,Milwaukee,WI,53212,,,ALDI,active,USA,1314335
11781,2026-07-17T18:14:35.558Z,464-020,"Aldi, Marshfield",44.68948,-90.159363,"2107 North Peach Avenue, Marshfield, WI, 54449",2107 North Peach Avenue,Marshfield,WI,54449,,,ALDI,active,USA,1312149
11750,2026-07-17T18:14:35.558Z,464-021,"Aldi, Madison",43.120183,-89.316855,"3925 Lien Road, Madison, WI, 53704",3925 Lien Road,Madison,WI,53704,,,ALDI,active,USA,1313700
11749,2026-07-17T18:14:35.558Z,464-022,"Aldi, Madison",43.056145,-89.525938,"8222 Watts Road, Madison, WI, 53719",8222 Watts Road,Madison,WI,53719,,,ALDI,active,USA,1313711
11289,2026-07-17T18:14:34.070Z,464-023,"Aldi, Greenfield",42.95899,-87.972035,"4615 W Layton Avenue, Greenfield, WI, 53220",4615 W Layton Avenue,Greenfield,WI,53220,,,ALDI,active,USA,1313715
11353,2026-07-17T18:14:34.665Z,464-024,"Aldi, Hartford",43.31679,-88.350164,"1589 E Sumner St, Hartford, WI, 53027",1589 E Sumner St,Hartford,WI,53027,,,ALDI,active,USA,1313699
11826,2026-07-17T18:14:35.558Z,464-025,"Aldi, Menomonee Falls",43.163593,-88.064737,"N80w12540 Leon Rd, Menomonee Falls, WI, 53051",N80w12540 Leon Rd,Menomonee Falls,WI,53051,,,ALDI,active,USA,1313683
12820,2026-07-17T18:14:37.179Z,464-026,"Aldi, Watertown",43.177267,-88.732184,"1520 South Church Street, Watertown, WI, 53094",1520 South Church Street,Watertown,WI,53094,,,ALDI,active,USA,1313688
12075,2026-07-17T18:14:35.837Z,464-027,"Aldi, Oconomowoc",43.083289,-88.471475,"1521 Olympia Fields Dr, Oconomowoc, WI, 53066",1521 Olympia Fields Dr,Oconomowoc,WI,53066,,,ALDI,active,USA,1313680
12324,2026-07-17T18:14:36.171Z,464-028,"Aldi, Racine",42.758317,-87.801243,"3110 Douglas Avenue, Racine, WI, 53402",3110 Douglas Avenue,Racine,WI,53402,,,ALDI,active,USA,1314321
12513,2026-07-17T18:14:36.487Z,464-029,"Aldi, Shawano",44.782621,-88.579312,"1253 East Green Bay Street, Shawano, WI, 54166",1253 East Green Bay Street,Shawano,WI,54166,,,ALDI,active,USA,1313667
11282,2026-07-17T18:14:34.070Z,464-030,"Aldi, Green Bay",44.485626,-87.960337,"2440 East Mason Street, Green Bay, WI, 54302",2440 East Mason Street,Green Bay,WI,54302,,,ALDI,active,USA,1313697
12844,2026-07-17T18:14:37.179Z,464-031,"Aldi, West Bend",43.40615,-88.181865,"1114 South Main Street, West Bend, WI, 53095",1114 South Main Street,West Bend,WI,53095,,,ALDI,active,USA,1313665
11283,2026-07-17T18:14:34.070Z,464-032,"Aldi, Green Bay",44.526603,-88.061283,"1560 Western Avenue, Green Bay, WI, 54303",1560 Western Avenue,Green Bay,WI,54303,,,ALDI,active,USA,1313710
12422,2026-07-17T18:14:36.487Z,464-033,"Aldi, Round Lake Beach",42.3795,-88.08486,"74 West Rollins Road, Round Lake Beach, IL, 60073",74 West Rollins Road,Round Lake Beach,IL,60073,,,ALDI,active,USA,1314433
11761,2026-07-17T18:14:35.558Z,464-034,"Aldi, Manitowoc",44.077136,-87.69996,"4111 Harbor Town Lane, Manitowoc, WI, 54220",4111 Harbor Town Lane,Manitowoc,WI,54220,,,ALDI,active,USA,1313724
12827,2026-07-17T18:14:37.179Z,464-035,"Aldi, Waupaca",44.357326,-89.109823,"1040 West Fulton Street, Waupaca, WI, 54981",1040 West Fulton Street,Waupaca,WI,54981,,,ALDI,active,USA,1312147
11949,2026-07-17T18:14:35.837Z,464-036,"Aldi, Muskego",42.919063,-88.106114,"S69w15361 Janesville Rd, Muskego, WI, 53150",S69w15361 Janesville Rd,Muskego,WI,53150,,,ALDI,active,USA,1313671
11975,2026-07-17T18:14:35.837Z,464-037,"Aldi, Neenah",44.17448,-88.485734,"927 S Green Bay Road, Neenah, WI, 54956",927 S Green Bay Road,Neenah,WI,54956,,,ALDI,active,USA,1313673
12828,2026-07-17T18:14:37.179Z,464-038,"Aldi, Wausau",44.917023,-89.648875,"225805 Rib Mountain Dr, Wausau, WI, 54401",225805 Rib Mountain Dr,Wausau,WI,54401,,,ALDI,active,USA,1313718
12284,2026-07-17T18:14:36.171Z,464-039,"Aldi, Portage",43.570658,-89.469191,"2941 New Pinery Road, Portage, WI, 53901",2941 New Pinery Road,Portage,WI,53901,,,ALDI,active,USA,1313689
11879,2026-07-17T18:14:35.558Z,464-040,"Aldi, Milwaukee",42.987875,-87.986729,"5811 W Oklahoma Avenue, Milwaukee, WI, 53219",5811 W Oklahoma Avenue,Milwaukee,WI,53219,,,ALDI,active,USA,1314333
11077,2026-07-17T18:14:33.514Z,464-041,"Aldi, Escanaba",45.749648,-87.083967,"2520 3rd Ave N, Escanaba, MI, 49829",2520 3rd Ave N,Escanaba,MI,49829,,,ALDI,active,USA,1312895
11252,2026-07-17T18:14:34.070Z,464-042,"Aldi, Glendale",43.142031,-87.913223,"6825 N Port Washington Rd, Glendale, WI, 53217",6825 N Port Washington Rd,Glendale,WI,53217,,,ALDI,active,USA,1313681
11266,2026-07-17T18:14:34.070Z,464-043,"Aldi, Grafton",43.321931,-87.924957,"1120 N Port Washington Rd, Grafton, WI, 53024",1120 N Port Washington Rd,Grafton,WI,53024,,,ALDI,active,USA,1314567
12823,2026-07-17T18:14:37.179Z,464-044,"Aldi, Waukegan",42.339554,-87.895463,"1050 S Waukegan Rd, Waukegan, IL, 60085",1050 S Waukegan Rd,Waukegan,IL,60085,,,ALDI,active,USA,1314432
11937,2026-07-17T18:14:35.837Z,464-046,"Aldi, Mukwonago",42.849793,-88.317279,"111 E Wolf Run, Mukwonago, WI, 53149",111 E Wolf Run,Mukwonago,WI,53149,,,ALDI,active,USA,1313696
12357,2026-07-17T18:14:36.487Z,464-047,"Aldi, Rhinelander",45.6337,-89.39056,"1405 Lincoln Street, Rhinelander, WI, 54501",1405 Lincoln Street,Rhinelander,WI,54501,,,ALDI,active,USA,1313679
10499,2026-07-17T18:14:31.811Z,464-048,"Aldi, Beloit",42.52305,-88.98423,"2780 Milwaukee Road, Beloit, WI, 53511",2780 Milwaukee Road,Beloit,WI,53511,,,ALDI,active,USA,1313704
12825,2026-07-17T18:14:37.179Z,464-049,"Aldi, Waukesha",42.992458,-88.266618,"2210 W Saint Paul Ave, Waukesha, WI, 53188",2210 W Saint Paul Ave,Waukesha,WI,53188,,,ALDI,active,USA,1313701
10968,2026-07-17T18:14:33.514Z,464-050,"Aldi, Delavan",42.628585,-88.607512,"2027 East Geneva, Delavan, WI, 53115",2027 East Geneva,Delavan,WI,53115,,,ALDI,active,USA,1313694
12617,2026-07-17T18:14:36.877Z,464-051,"Aldi, Stevens Point",44.524135,-89.506809,"5632 Highway 10 East, Stevens Point, WI, 54481",5632 Highway 10 East,Stevens Point,WI,54481,,,ALDI,active,USA,1313685
12701,2026-07-17T18:14:36.877Z,464-052,"Aldi, Tomah",44.01674,-90.50655,"1844 North Superior, Tomah, WI, 54660",1844 North Superior,Tomah,WI,54660,,,ALDI,active,USA,1313717
10978,2026-07-17T18:14:33.514Z,464-053,"Aldi, De Pere",44.452684,-88.087655,"1100 Main Avenue, De Pere, WI, 54115",1100 Main Avenue,De Pere,WI,54115,,,ALDI,active,USA,1313698
10421,2026-07-17T18:14:31.811Z,464-054,"Aldi, Ashwaubenon",44.483866,-88.070916,"2492 S Oneida St, Ashwaubenon, WI, 54304",2492 S Oneida St,Ashwaubenon,WI,54304,,,ALDI,active,USA,1313691
12822,2026-07-17T18:14:37.179Z,464-055,"Aldi, Waukegan",42.382787,-87.85651,"1620 North Lewis Ave, Waukegan, IL, 60085",1620 North Lewis Ave,Waukegan,IL,60085,,,ALDI,active,USA,1314062
11587,2026-07-17T18:14:35.092Z,464-056,"Aldi, Lake Geneva",42.591159,-88.415102,"200 N Edwards Blvd Ste 1, Lake Geneva, WI, 53147",200 N Edwards Blvd Ste 1,Lake Geneva,WI,53147,,,ALDI,active,USA,1313674
12639,2026-07-17T18:14:36.877Z,464-057,"Aldi, Suamico",44.593076,-88.073499,"2324 Lineville Rd, Suamico, WI, 54313",2324 Lineville Rd,Suamico,WI,54313,,,ALDI,active,USA,1313672
11900,2026-07-17T18:14:35.558Z,464-058,"Aldi, Monroe",42.603144,-89.666001,"640 Eighth Street, Monroe, WI, 53566",640 Eighth Street,Monroe,WI,53566,,,ALDI,active,USA,1314332
12824,2026-07-17T18:14:37.179Z,464-059,"Aldi, Waukesha",43.013334,-88.201557,"1663 Arcadian Avenue, Waukesha, WI, 53186",1663 Arcadian Avenue,Waukesha,WI,53186,,,ALDI,active,USA,1313693
11940,2026-07-17T18:14:35.837Z,464-060,"Aldi, Mundelein",42.252454,-88.019523,"730 South Route 83, Mundelein, IL, 60060",730 South Route 83,Mundelein,IL,60060,,,ALDI,active,USA,1312630
12759,2026-07-17T18:14:37.179Z,464-061,"Aldi, Vernon Hills",42.259642,-87.949721,"1800 N Milwaukee Avenue, Vernon Hills, IL, 60061",1800 N Milwaukee Avenue,Vernon Hills,IL,60061,,,ALDI,active,USA,1314437
11321,2026-07-17T18:14:34.070Z,464-062,"Aldi, Gurnee",42.386778,-87.987263,"7520 Grand Ave, Gurnee, IL, 60031",7520 Grand Ave,Gurnee,IL,60031,,,ALDI,active,USA,1312624
12412,2026-07-17T18:14:36.487Z,464-063,"Aldi, Roscoe",42.457247,-89.024105,"4786 E Rockton Rd, Roscoe, IL, 61073",4786 E Rockton Rd,Roscoe,IL,61073,,,ALDI,active,USA,1312642
11607,2026-07-17T18:14:35.092Z,464-065,"Aldi, Lake Zurich",42.18075,-88.08129,"981 S Rand Road, Lake Zurich, IL, 60047",981 S Rand Road,Lake Zurich,IL,60047,,,ALDI,active,USA,1312721
12777,2026-07-17T18:14:37.179Z,464-066,"Aldi, Volo",42.36197,-88.16763,"2741 Hartigan Rd, Volo, IL, 60020",2741 Hartigan Rd,Volo,IL,60020,,,ALDI,active,USA,1314429
11245,2026-07-17T18:14:34.070Z,464-067,"Aldi, Germantown",43.192989,-88.143429,"N96w18838 County Line Rd, Germantown, WI, 53022",N96w18838 County Line Rd,Germantown,WI,53022,,,ALDI,active,USA,1313703
10402,2026-07-17T18:14:31.811Z,464-068,"Aldi, Appleton",44.262274,-88.43241,"116 North Linwood, Appleton, WI, 54914",116 North Linwood,Appleton,WI,54914,,,ALDI,active,USA,1313712
10403,2026-07-17T18:14:31.811Z,464-069,"Aldi, Appleton",44.2406,-88.3592,"2310 S Kensington Dr, Appleton, WI, 54915",2310 S Kensington Dr,Appleton,WI,54915,,,ALDI,active,USA,1313668
10398,2026-07-17T18:14:31.811Z,464-070,"Aldi, Antioch",42.465477,-88.063121,"1390 Deep Lake Road, Antioch, IL, 60002",1390 Deep Lake Road,Antioch,IL,60002,,,ALDI,active,USA,1314439
11499,2026-07-17T18:14:34.665Z,464-071,"Aldi, Janesville",42.716975,-88.981093,"2901 Deerfield Dr, Janesville, WI, 53546",2901 Deerfield Dr,Janesville,WI,53546,,,ALDI,active,USA,1313720
12884,2026-07-17T18:14:37.179Z,464-072,"Aldi, Whitewater",42.835397,-88.758057,"1380 W Main Street, Whitewater, WI, 53190",1380 W Main Street,Whitewater,WI,53190,,,ALDI,active,USA,1313708
11287,2026-07-17T18:14:34.070Z,464-073,"Aldi, Greenfield",42.967371,-88.049157,"4225 S 108th Street, Greenfield, WI, 53228",4225 S 108th Street,Greenfield,WI,53228,,,ALDI,active,USA,1313727
11877,2026-07-17T18:14:35.558Z,464-076,"Aldi, Milwaukee",43.090598,-87.996409,"6700 W Capitol Drive, Milwaukee, WI, 53216",6700 W Capitol Drive,Milwaukee,WI,53216,,,ALDI,active,USA,1314331
12959,2026-07-17T18:14:37.357Z,464-077,"Aldi, Zion",42.443043,-87.82504,"2861 Sheridan Road, Zion, IL, 60099",2861 Sheridan Road,Zion,IL,60099,,,ALDI,active,USA,1314347
12270,2026-07-17T18:14:36.171Z,464-078,"Aldi, Platteville",42.733562,-90.449581,"1530 E Bus Hwy 151, Platteville, WI, 53818",1530 E Bus Hwy 151,Platteville,WI,53818,,,ALDI,active,USA,1313687
12306,2026-07-17T18:14:36.171Z,464-079,"Aldi, Prairie Du Chien",43.01843,-91.11316,"37547 Us Highway 18, Prairie Du Chien, WI, 53821",37547 Us Highway 18,Prairie Du Chien,WI,53821,,,ALDI,active,USA,1314569
11009,2026-07-17T18:14:33.514Z,464-080,"Aldi, Dubuque",42.514144,-90.742081,"2160 Holliday Dr, Dubuque, IA, 52002",2160 Holliday Dr,Dubuque,IA,52002,,,ALDI,active,USA,1312598
11010,2026-07-17T18:14:33.514Z,464-081,"Aldi, Dubuque",42.490947,-90.700469,"2596 Dodge St, Dubuque, IA, 52003",2596 Dodge St,Dubuque,IA,52003,,,ALDI,active,USA,1312540
12573,2026-07-17T18:14:36.877Z,464-082,"Aldi, Sparta",43.938927,-90.833963,"1650 W Wisconsin St, Sparta, WI, 54656",1650 W Wisconsin St,Sparta,WI,54656,,,ALDI,active,USA,1313692
10624,2026-07-17T18:14:32.256Z,464-083,"Aldi, Burlington",42.70261,-88.249134,"2009 Lynch Way, Burlington, WI, 53105",2009 Lynch Way,Burlington,WI,53105,,,ALDI,active,USA,1314572
10483,2026-07-17T18:14:31.811Z,464-084,"Aldi, Beaver Dam",43.478865,-88.820611,"1733 North Spring Street, Beaver Dam, WI, 53916",1733 North Spring Street,Beaver Dam,WI,53916,,,ALDI,active,USA,1313719
12865,2026-07-17T18:14:37.179Z,464-085,"Aldi, West Milwaukee",43.01154,-87.96668,"1740 Miller Park Way, West Milwaukee, WI, 53214",1740 Miller Park Way,West Milwaukee,WI,53214,,,ALDI,active,USA,1313721
10404,2026-07-17T18:14:31.811Z,464-086,"Aldi, Appleton",44.285971,-88.415114,"2702 N Richmond Street, Appleton, WI, 54911",2702 N Richmond Street,Appleton,WI,54911,,,ALDI,active,USA,1313705
11874,2026-07-17T18:14:35.558Z,464-087,"Aldi, Milwaukee",43.016052,-87.9579,"1441 South 35th Street, Milwaukee, WI, 53215",1441 South 35th Street,Milwaukee,WI,53215,,,ALDI,active,USA,1313722
11876,2026-07-17T18:14:35.558Z,464-088,"Aldi, Milwaukee",42.995612,-87.929485,"1325 W Cleveland Ave, Milwaukee, WI, 53215",1325 W Cleveland Ave,Milwaukee,WI,53215,,,ALDI,active,USA,1314330
11994,2026-07-17T18:14:35.837Z,464-090,"Aldi, New London",44.412817,-88.740747,"1820 North Shawano Street, New London, WI, 54961",1820 North Shawano Street,New London,WI,54961,,,ALDI,active,USA,1313709
12057,2026-07-17T18:14:35.837Z,464-091,"Aldi, Oak Creek",42.901734,-87.918375,"410 W Drexel Avenue, Oak Creek, WI, 53154",410 W Drexel Avenue,Oak Creek,WI,53154,,,ALDI,active,USA,1313675
10964,2026-07-17T18:14:33.514Z,464-092,"Aldi, Delafield",43.04954,-88.37176,"2840 Heritage Dr, Delafield, WI, 53018",2840 Heritage Dr,Delafield,WI,53018,,,ALDI,active,USA,1313707
12516,2026-07-17T18:14:36.487Z,464-094,"Aldi, Sheboygan",43.744739,-87.742685,"919 South Taylor, Sheboygan, WI, 53081",919 South Taylor,Sheboygan,WI,53081,,,ALDI,active,USA,1313686
12132,2026-07-17T18:14:35.837Z,464-095,"Aldi, Oshkosh",43.997106,-88.579545,"1995 South Koeller Street, Oshkosh, WI, 54902",1995 South Koeller Street,Oshkosh,WI,54902,,,ALDI,active,USA,1314336
11545,2026-07-17T18:14:35.092Z,464-096,"Aldi, Kenosha",42.567507,-87.885271,"6404 75th Street, Kenosha, WI, 53142",6404 75th Street,Kenosha,WI,53142,,,ALDI,active,USA,1314566
10397,2026-07-17T18:14:31.811Z,464-097,"Aldi, Antigo",45.159534,-89.147006,"2019 Neva Rd, Antigo, WI, 54409",2019 Neva Rd,Antigo,WI,54409,,,ALDI,active,USA,1313725
12869,2026-07-17T18:14:37.179Z,464-098,"Aldi, Weston",44.904485,-89.582378,"3311 Schofield Avenue, Weston, WI, 54476",3311 Schofield Avenue,Weston,WI,54476,,,ALDI,active,USA,1313726
12774,2026-07-17T18:14:37.179Z,464-114,"Aldi, Viroqua",43.56917,-90.887806,"1023 N Main St, Viroqua, WI, 54665",1023 N Main St,Viroqua,WI,54665,,,ALDI,active,USA,1313684
11473,2026-07-17T18:14:34.665Z,464-141,"Aldi, Iron Mountain",45.809986,-88.034309,"2025 S Stephenson Ave, Iron Mountain, MI, 49801",2025 S Stephenson Ave,Iron Mountain,MI,49801,,,ALDI,active,USA,1313491
10493,2026-07-17T18:14:31.811Z,464-172,"Aldi, Bellevue",44.46034,-87.98461,"1961 Town Hall Road, Bellevue, WI, 54311",1961 Town Hall Road,Bellevue,WI,54311,,,ALDI,active,USA,1314334
12271,2026-07-17T18:14:36.171Z,465-002,"Aldi, Plattsburgh",44.698706,-73.481145,"328 Cornelia Street, Plattsburgh, NY, 12901",328 Cornelia Street,Plattsburgh,NY,12901,,,ALDI,active,USA,1314484
11754,2026-07-17T18:14:35.558Z,465-003,"Aldi, Malone",44.846562,-74.318153,"3324 State Route 11, Malone, NY, 12953",3324 State Route 11,Malone,NY,12953,,,ALDI,active,USA,1314218
12657,2026-07-17T18:14:36.877Z,465-004,"Aldi, Syracuse",42.982095,-76.141741,"6111 S Salina Street, Syracuse, NY, 13205",6111 S Salina Street,Syracuse,NY,13205,,,ALDI,active,USA,1314210
10647,2026-07-17T18:14:32.256Z,465-005,"Aldi, Camillus",43.051918,-76.26353,"3747 Milton Ave, Camillus, NY, 13031",3747 Milton Ave,Camillus,NY,13031,,,ALDI,active,USA,1313080
12300,2026-07-17T18:14:36.171Z,465-006,"Aldi, Potsdam",44.66628,-75.028015,"7495 Us Highway Route 11, Potsdam, NY, 13676",7495 Us Highway Route 11,Potsdam,NY,13676,,,ALDI,active,USA,1314219
11737,2026-07-17T18:14:35.558Z,465-007,"Aldi, Lyons",43.059469,-77.002221,"20 State Route 31, Lyons, NY, 14489",20 State Route 31,Lyons,NY,14489,,,ALDI,active,USA,1313121
12488,2026-07-17T18:14:36.487Z,465-008,"Aldi, Sayre",41.987553,-76.545301,"2756 Elmira St, Sayre, PA, 18840",2756 Elmira St,Sayre,PA,18840,,,ALDI,active,USA,1312112
12049,2026-07-17T18:14:35.837Z,465-009,"Aldi, North Syracuse",43.113976,-76.145282,"3512 Brewerton Rd, North Syracuse, NY, 13212",3512 Brewerton Rd,North Syracuse,NY,13212,,,ALDI,active,USA,1313020
11118,2026-07-17T18:14:33.514Z,465-010,"Aldi, Fayetteville",43.029967,-76.050854,"6820 East Genesee Street, Fayetteville, NY, 13066",6820 East Genesee Street,Fayetteville,NY,13066,,,ALDI,active,USA,1313150
11477,2026-07-17T18:14:34.665Z,465-011,"Aldi, Ithaca",42.449439,-76.507009,"505 Third St, Ithaca, NY, 14850",505 Third St,Ithaca,NY,14850,,,ALDI,active,USA,1313135
10651,2026-07-17T18:14:32.256Z,465-012,"Aldi, Canandaigua",42.87737,-77.246893,"3138 County Rd 10, Canandaigua, NY, 14424",3138 County Rd 10,Canandaigua,NY,14424,,,ALDI,active,USA,1313143
12819,2026-07-17T18:14:37.179Z,465-014,"Aldi, Watertown",43.97634,-75.941516,"1165 Arsenal St, Watertown, NY, 13601",1165 Arsenal St,Watertown,NY,13601,,,ALDI,active,USA,1313136
12409,2026-07-17T18:14:36.487Z,465-015,"Aldi, Rome",43.211689,-75.464565,"205 S Madison St, Rome, NY, 13440",205 S Madison St,Rome,NY,13440,,,ALDI,active,USA,1313160
10787,2026-07-17T18:14:32.770Z,465-016,"Aldi, Cicero",43.174604,-76.106641,"5962 State Route 31, Cicero, NY, 13039",5962 State Route 31,Cicero,NY,13039,,,ALDI,active,USA,1313105
12658,2026-07-17T18:14:36.877Z,465-017,"Aldi, Syracuse",43.05338,-76.172837,"1055 West Genesee Street, Syracuse, NY, 13204",1055 West Genesee Street,Syracuse,NY,13204,,,ALDI,active,USA,1314215
11206,2026-07-17T18:14:34.070Z,465-018,"Aldi, Fulton",43.313865,-76.403884,"555 South 4th Street, Fulton, NY, 13069",555 South 4th Street,Fulton,NY,13069,,,ALDI,active,USA,1313142
10430,2026-07-17T18:14:31.811Z,465-019,"Aldi, Auburn",42.950006,-76.548582,"217 Grant Ave, Auburn, NY, 13021",217 Grant Ave,Auburn,NY,13021,,,ALDI,active,USA,1313091
11406,2026-07-17T18:14:34.665Z,465-020,"Aldi, Hornell",42.3667,-77.6726,"1191 County Rd 66, Hornell, NY, 14843",1191 County Rd 66,Hornell,NY,14843,,,ALDI,active,USA,1314200
12134,2026-07-17T18:14:36.171Z,465-021,"Aldi, Oswego",43.46113,-76.47867,"290 State Route 104, Oswego, NY, 13126",290 State Route 104,Oswego,NY,13126,,,ALDI,active,USA,1314216
12381,2026-07-17T18:14:36.487Z,465-022,"Aldi, Rochester",43.171838,-77.627037,"400 Lake Ave, Rochester, NY, 14608",400 Lake Ave,Rochester,NY,14608,,,ALDI,active,USA,1313923
12079,2026-07-17T18:14:35.837Z,465-023,"Aldi, Ogdensburg",44.693033,-75.472994,"1101 Park Street, Ogdensburg, NY, 13669",1101 Park Street,Ogdensburg,NY,13669,,,ALDI,active,USA,1314193
12656,2026-07-17T18:14:36.877Z,465-024,"Aldi, Syracuse",43.052457,-76.114511,"2015 Erie Blvd, Syracuse, NY, 13224",2015 Erie Blvd,Syracuse,NY,13224,,,ALDI,active,USA,1314196
12315,2026-07-17T18:14:36.171Z,465-025,"Aldi, Pulaski",43.559239,-76.121769,"3863 Rome Road, Pulaski, NY, 13142",3863 Rome Road,Pulaski,NY,13142,,,ALDI,active,USA,1313127
12846,2026-07-17T18:14:37.179Z,465-027,"Aldi, West Carthage",43.968972,-75.623626,"14 N Broad St, West Carthage, NY, 13619",14 N Broad St,West Carthage,NY,13619,,,ALDI,active,USA,1314214
11086,2026-07-17T18:14:33.514Z,465-028,"Aldi, Evans Mills",44.046339,-75.83813,"26163 Us Route 11, Evans Mills, NY, 13637",26163 Us Route 11,Evans Mills,NY,13637,,,ALDI,active,USA,1313090
11789,2026-07-17T18:14:35.558Z,465-029,"Aldi, Massena",44.927307,-74.876851,"2 Malby Ave, Massena, NY, 13662",2 Malby Ave,Massena,NY,13662,,,ALDI,active,USA,1312046
11448,2026-07-17T18:14:34.665Z,465-031,"Aldi, Ilion",43.018901,-75.031364,"166 Central Avenue, Ilion, NY, 13357",166 Central Avenue,Ilion,NY,13357,,,ALDI,active,USA,1313119
11702,2026-07-17T18:14:35.092Z,465-032,"Aldi, Liverpool",43.18361,-76.239139,"3942 St Rt 31, Liverpool, NY, 13090",3942 St Rt 31,Liverpool,NY,13090,,,ALDI,active,USA,1313082
12505,2026-07-17T18:14:36.487Z,465-033,"Aldi, Seneca Falls",42.90475,-76.8283,"2065 Route 5 & 20, Seneca Falls, NY, 13148",2065 Route 5 & 20,Seneca Falls,NY,13148,,,ALDI,active,USA,1313117
10652,2026-07-17T18:14:32.256Z,465-034,"Aldi, Canastota",43.068887,-75.754912,"3348 Seneca Turnpike, Canastota, NY, 13032",3348 Seneca Turnpike,Canastota,NY,13032,,,ALDI,active,USA,1313144
11987,2026-07-17T18:14:35.837Z,465-035,"Aldi, New Hartford",43.082006,-75.325863,"8432 Seneca Turnpike, New Hartford, NY, 13413",8432 Seneca Turnpike,New Hartford,NY,13413,,,ALDI,active,USA,1313659
12948,2026-07-17T18:14:37.357Z,465-036,"Aldi, Yorkville",43.112897,-75.276257,"315 Oriskany Blvd, Yorkville, NY, 13495",315 Oriskany Blvd,Yorkville,NY,13495,,,ALDI,active,USA,1314202
12746,2026-07-17T18:14:37.179Z,465-037,"Aldi, Utica",43.116188,-75.207702,"121 Herkimer Road, Utica, NY, 13502",121 Herkimer Road,Utica,NY,13502,,,ALDI,active,USA,1313128
12199,2026-07-17T18:14:36.171Z,465-039,"Aldi, Penn Yan",42.659059,-77.056537,"204 Liberty Street, Penn Yan, NY, 14527",204 Liberty Street,Penn Yan,NY,14527,,,ALDI,active,USA,1313129
10451,2026-07-17T18:14:31.811Z,465-040,"Aldi, Baldwinsville",43.151034,-76.350122,"2254 Downer Street, Baldwinsville, NY, 13027",2254 Downer Street,Baldwinsville,NY,13027,,,ALDI,active,USA,1313093
11701,2026-07-17T18:14:35.092Z,465-041,"Aldi, Liverpool",43.127917,-76.220397,"7421 Oswego Rd, Liverpool, NY, 13090",7421 Oswego Rd,Liverpool,NY,13090,,,ALDI,active,USA,1313096
11279,2026-07-17T18:14:34.070Z,465-042,"Aldi, Greece",43.25075,-77.695836,"714 Long Pond Rd, Greece, NY, 14612",714 Long Pond Rd,Greece,NY,14612,,,ALDI,active,USA,1313146
11813,2026-07-17T18:14:35.558Z,465-043,"Aldi, Medina",43.206287,-78.395688,"11248 Maple Ridge Road, Medina, NY, 14103",11248 Maple Ridge Road,Medina,NY,14103,,,ALDI,active,USA,1313124
12105,2026-07-17T18:14:35.837Z,465-045,"Aldi, Ontario",43.22528,-77.28088,"1903 State Route 104, Ontario, NY, 14519",1903 State Route 104,Ontario,NY,14519,,,ALDI,active,USA,1314199
12479,2026-07-17T18:14:36.487Z,465-046,"Aldi, Saranac Lake",44.312485,-74.114939,"587 Lake Flower Ave, Saranac Lake, NY, 12983",587 Lake Flower Ave,Saranac Lake,NY,12983,,,ALDI,active,USA,1313085
11036,2026-07-17T18:14:33.514Z,465-047,"Aldi, East Syracuse",43.064153,-76.059771,"6633 Manlius Center Road, East Syracuse, NY, 13057",6633 Manlius Center Road,East Syracuse,NY,13057,,,ALDI,active,USA,1313155
11111,2026-07-17T18:14:33.514Z,465-048,"Aldi, Farmington",42.971888,-77.354683,"1302 State Route 332, Farmington, NY, 14425",1302 State Route 332,Farmington,NY,14425,,,ALDI,active,USA,1313133
10519,2026-07-17T18:14:31.811Z,465-049,"Aldi, Binghamton",42.150778,-75.899616,"1149 Upper Front Street, Binghamton, NY, 13905",1149 Upper Front Street,Binghamton,NY,13905,,,ALDI,active,USA,1313092
12760,2026-07-17T18:14:37.179Z,465-050,"Aldi, Vestal",42.086723,-76.0547,"134 Vestal Parkway West, Vestal, NY, 13850",134 Vestal Parkway West,Vestal,NY,13850,,,ALDI,active,USA,1314194
12597,2026-07-17T18:14:36.877Z,465-051,"Aldi, Springville",42.50482,-78.69102,"175 S Cascade Dr, Springville, NY, 14141",175 S Cascade Dr,Springville,NY,14141,,,ALDI,active,USA,1314487
10979,2026-07-17T18:14:33.514Z,465-052,"Aldi, Depew",42.879106,-78.695818,"4931 Transit Road, Depew, NY, 14043",4931 Transit Road,Depew,NY,14043,,,ALDI,active,USA,1314198
12385,2026-07-17T18:14:36.487Z,465-055,"Aldi, Rochester",43.121922,-77.596107,"1925 S Clinton Ave, Rochester, NY, 14618",1925 S Clinton Ave,Rochester,NY,14618,,,ALDI,active,USA,1312051
11476,2026-07-17T18:14:34.665Z,465-057,"Aldi, Ithaca",42.483318,-76.482877,"2309 North Triphammer Rd, Ithaca, NY, 14850",2309 North Triphammer Rd,Ithaca,NY,14850,,,ALDI,active,USA,1312057
11063,2026-07-17T18:14:33.514Z,465-058,"Aldi, Elmira",42.08439,-76.80383,"110 W Hudson St, Elmira, NY, 14904",110 W Hudson St,Elmira,NY,14904,,,ALDI,active,USA,1312146
11408,2026-07-17T18:14:34.665Z,465-059,"Aldi, Horseheads",42.159169,-76.859744,"1700 County Route 64, Horseheads, NY, 14845",1700 County Route 64,Horseheads,NY,14845,,,ALDI,active,USA,1312049
12158,2026-07-17T18:14:36.171Z,465-060,"Aldi, Painted Post",42.153291,-77.105223,"3133 Silverback Lane, Painted Post, NY, 14870",3133 Silverback Lane,Painted Post,NY,14870,,,ALDI,active,USA,1312060
12712,2026-07-17T18:14:36.877Z,465-061,"Aldi, Towanda",41.770454,-76.416297,"1112 Golden Mile Rd, Towanda, PA, 18848",1112 Golden Mile Rd,Towanda,PA,18848,,,ALDI,active,USA,1312101
12145,2026-07-17T18:14:36.171Z,465-062,"Aldi, Owego",42.096565,-76.233658,"1150 State Route 17c, Owego, NY, 13827",1150 State Route 17c,Owego,NY,13827,,,ALDI,active,USA,1313130
10691,2026-07-17T18:14:32.256Z,465-063,"Aldi, Cazenovia",42.924472,-75.838748,"120 Nelson St, Cazenovia, NY, 13035",120 Nelson St,Cazenovia,NY,13035,,,ALDI,active,USA,1313152
12055,2026-07-17T18:14:35.837Z,465-064,"Aldi, Norwich",42.55015,-75.524789,"6134 State Hwy 12, Norwich, NY, 13815",6134 State Hwy 12,Norwich,NY,13815,,,ALDI,active,USA,1313138
12103,2026-07-17T18:14:35.837Z,465-065,"Aldi, Oneonta",42.447995,-75.052216,"763 State Highway 28, Oneonta, NY, 13820",763 State Highway 28,Oneonta,NY,13820,,,ALDI,active,USA,1313118
12379,2026-07-17T18:14:36.487Z,465-067,"Aldi, Rochester",43.1478,-77.5547,"175 North Winton Road, Rochester, NY, 14610",175 North Winton Road,Rochester,NY,14610,,,ALDI,active,USA,1314212
12382,2026-07-17T18:14:36.487Z,465-068,"Aldi, Rochester",43.108256,-77.746534,"3170 Chili Ave Ste T3, Rochester, NY, 14624",3170 Chili Ave Ste T3,Rochester,NY,14624,,,ALDI,active,USA,1313139
11025,2026-07-17T18:14:33.514Z,465-069,"Aldi, East Amherst",43.021654,-78.697765,"9290-9300 Transit Road, East Amherst, NY, 14051",9290-9300 Transit Road,East Amherst,NY,14051,,,ALDI,active,USA,1313100
11329,2026-07-17T18:14:34.070Z,465-070,"Aldi, Hamburg",42.732803,-78.826529,"5999 South Park Ave, Hamburg, NY, 14075",5999 South Park Ave,Hamburg,NY,14075,,,ALDI,active,USA,1313083
11507,2026-07-17T18:14:34.665Z,465-071,"Aldi, Johnson City",42.123094,-75.969961,"560 Harry L Dr Ste 50, Johnson City, NY, 13790",560 Harry L Dr Ste 50,Johnson City,NY,13790,,,ALDI,active,USA,1312052
12380,2026-07-17T18:14:36.487Z,465-072,"Aldi, Rochester",43.20023,-77.570564,"1733 E Ridge Rd, Rochester, NY, 14622",1733 E Ridge Rd,Rochester,NY,14622,,,ALDI,active,USA,1313016
12196,2026-07-17T18:14:36.171Z,465-073,"Aldi, Penfield",43.131209,-77.438251,"2208 Penfield Road, Penfield, NY, 14526",2208 Penfield Road,Penfield,NY,14526,,,ALDI,active,USA,1313161
10615,2026-07-17T18:14:32.256Z,465-074,"Aldi, Buffalo",42.982044,-78.867329,"1820 Sheridan Dr, Buffalo, NY, 14223",1820 Sheridan Dr,Buffalo,NY,14223,,,ALDI,active,USA,1314192
10383,2026-07-17T18:14:31.811Z,465-075,"Aldi, Amherst",42.99198,-78.813391,"4030 Maple Rd, Amherst, NY, 14226",4030 Maple Rd,Amherst,NY,14226,,,ALDI,active,USA,1313018
12384,2026-07-17T18:14:36.487Z,465-076,"Aldi, Rochester",43.086337,-77.627242,"615 Jefferson Rd, Rochester, NY, 14623",615 Jefferson Rd,Rochester,NY,14623,,,ALDI,active,USA,1313137
12872,2026-07-17T18:14:37.179Z,465-077,"Aldi, West Seneca",42.866618,-78.786098,"865 Harlem Rd, West Seneca, NY, 14224",865 Harlem Rd,West Seneca,NY,14224,,,ALDI,active,USA,1314208
11472,2026-07-17T18:14:34.665Z,465-078,"Aldi, Irondequoit",43.208782,-77.600389,"2194 Hudson Avenue, Irondequoit, NY, 14617",2194 Hudson Avenue,Irondequoit,NY,14617,,,ALDI,active,USA,1314211
11238,2026-07-17T18:14:34.070Z,465-079,"Aldi, Gates",43.166594,-77.693473,"8 Spencerport Rd, Gates, NY, 14606",8 Spencerport Rd,Gates,NY,14606,,,ALDI,active,USA,1314213
10616,2026-07-17T18:14:32.256Z,465-080,"Aldi, Buffalo",42.95432,-78.87984,"2090 Elmwood Ave, Buffalo, NY, 14207",2090 Elmwood Ave,Buffalo,NY,14207,,,ALDI,active,USA,1312053
11280,2026-07-17T18:14:34.070Z,465-081,"Aldi, Greece",43.224817,-77.65765,"3600 Mt Read Boulevard, Greece, NY, 14616",3600 Mt Read Boulevard,Greece,NY,14616,,,ALDI,active,USA,1313021
11705,2026-07-17T18:14:35.092Z,465-082,"Aldi, Lockport",43.151971,-78.697745,"601 South Transit, Lockport, NY, 14094",601 South Transit,Lockport,NY,14094,,,ALDI,active,USA,1313120
12008,2026-07-17T18:14:35.837Z,465-083,"Aldi, Niagara Falls",43.106579,-78.992735,"6035 Porter Road, Niagara Falls, NY, 14305",6035 Porter Road,Niagara Falls,NY,14305,,,ALDI,active,USA,1313102
10613,2026-07-17T18:14:32.256Z,465-084,"Aldi, Buffalo",42.893897,-78.837864,"998 Broadway Street, Buffalo, NY, 14212",998 Broadway Street,Buffalo,NY,14212,,,ALDI,active,USA,1314201
10732,2026-07-17T18:14:32.256Z,465-085,"Aldi, Cheektowaga",42.906042,-78.774803,"1685 Walden Avenue, Cheektowaga, NY, 14225",1685 Walden Avenue,Cheektowaga,NY,14225,,,ALDI,active,USA,1313079
11101,2026-07-17T18:14:33.514Z,465-086,"Aldi, Fairport",43.068459,-77.445686,"6687 Pittsford-Palmyra Road, Fairport, NY, 14450",6687 Pittsford-Palmyra Road,Fairport,NY,14450,,,ALDI,active,USA,1314489
12898,2026-07-17T18:14:37.179Z,465-087,"Aldi, Williamsville",42.97757,-78.733083,"5435 Sheridan Drive, Williamsville, NY, 14221",5435 Sheridan Drive,Williamsville,NY,14221,,,ALDI,active,USA,1313088
10585,2026-07-17T18:14:32.256Z,465-088,"Aldi, Brockport",43.194919,-77.945557,"4899 Lake Road, Brockport, NY, 14420",4899 Lake Road,Brockport,NY,14420,,,ALDI,active,USA,1312050
12899,2026-07-17T18:14:37.179Z,465-089,"Aldi, Williamsville",42.963704,-78.694866,"4259 Transit Rd, Williamsville, NY, 14221",4259 Transit Rd,Williamsville,NY,14221,,,ALDI,active,USA,1313094
12050,2026-07-17T18:14:35.837Z,465-090,"Aldi, North Tonawanda",43.055406,-78.826757,"3939 Niagara Falls Blvd, North Tonawanda, NY, 14120",3939 Niagara Falls Blvd,North Tonawanda,NY,14120,,,ALDI,active,USA,1314486
10467,2026-07-17T18:14:31.811Z,465-091,"Aldi, Batavia",42.995825,-78.1633859,"587 E Main St Suite 200, Batavia, NY, 14020",587 E Main St Suite 200,Batavia,NY,14020,,,ALDI,active,USA,1313658
12873,2026-07-17T18:14:37.179Z,465-092,"Aldi, West Seneca",42.830469,-78.781746,"1980 Ridge Rd, West Seneca, NY, 14224",1980 Ridge Rd,West Seneca,NY,14224,,,ALDI,active,USA,1313125
12839,2026-07-17T18:14:37.179Z,465-093,"Aldi, Webster",43.206836,-77.465806,"915 Ridge Rd, Webster, NY, 14580",915 Ridge Rd,Webster,NY,14580,,,ALDI,active,USA,1312061
10527,2026-07-17T18:14:31.811Z,465-094,"Aldi, Blasdell",42.782121,-78.812518,"3750 Mckinley Parkway, Blasdell, NY, 14219",3750 Mckinley Parkway,Blasdell,NY,14219,,,ALDI,active,USA,1313077
11240,2026-07-17T18:14:34.070Z,465-095,"Aldi, Geneseo",42.798846,-77.780301,"4566 Morganview Rd, Geneseo, NY, 14454",4566 Morganview Rd,Geneseo,NY,14454,,,ALDI,active,USA,1313104
10890,2026-07-17T18:14:32.770Z,465-096,"Aldi, Cortland",42.575763,-76.215472,"908 Route 13, Cortland, NY, 13045",908 Route 13,Cortland,NY,13045,,,ALDI,active,USA,1313132
10614,2026-07-17T18:14:32.256Z,465-097,"Aldi, Buffalo",42.94856,-78.829681,"3060 Main St, Buffalo, NY, 14214",3060 Main St,Buffalo,NY,14214,,,ALDI,active,USA,1314217
12111,2026-07-17T18:14:35.837Z,465-098,"Aldi, Orchard Park",42.795522,-78.752248,"3366 Orchard Park Road, Orchard Park, NY, 14127",3366 Orchard Park Road,Orchard Park,NY,14127,,,ALDI,active,USA,1313087
11512,2026-07-17T18:14:34.665Z,465-110,"Aldi, Johnstown",43.01626,-74.36124,"266 N Comrie Ave, Johnstown, NY, 12095",266 N Comrie Ave,Johnstown,NY,12095,,,ALDI,active,USA,1313145
10452,2026-07-17T18:14:31.811Z,465-117,"Aldi, Ballston Spa",43.01129,-73.8488,"2008 Doubleday Ave, Ballston Spa, NY, 12020",2008 Doubleday Ave,Ballston Spa,NY,12020,,,ALDI,active,USA,1314207
12320,2026-07-17T18:14:36.171Z,465-118,"Aldi, Queensbury",43.329002,-73.67204,"763 Glen St, Queensbury, NY, 12804",763 Glen St,Queensbury,NY,12804,,,ALDI,active,USA,1313123
12354,2026-07-17T18:14:36.487Z,465-180,"Aldi, Rensselaer",42.65679,-73.69403,"500 N Greenbush Rd, Rensselaer, NY, 12144",500 N Greenbush Rd,Rensselaer,NY,12144,,,ALDI,active,USA,1313156
10842,2026-07-17T18:14:32.770Z,465-181,"Aldi, Colonie",42.73472,-73.8523,"1885 Central Avenue, Colonie, NY, 12205",1885 Central Avenue,Colonie,NY,12205,,,ALDI,active,USA,1313017
12718,2026-07-17T18:14:36.877Z,465-182,"Aldi, Troy",42.741576,-73.649822,"662 Hoosick Road, Troy, NY, 12180",662 Hoosick Road,Troy,NY,12180,,,ALDI,active,USA,1313095
11258,2026-07-17T18:14:34.070Z,465-183,"Aldi, Glenville",42.8739,-73.9311,"303 Saratoga Road, Glenville, NY, 12302",303 Saratoga Road,Glenville,NY,12302,,,ALDI,active,USA,1313158
10819,2026-07-17T18:14:32.770Z,465-228,"Aldi, Clifton Park",42.85976,-73.76495,"1681 Rt 9, Clifton Park, NY, 12065",1681 Rt 9,Clifton Park,NY,12065,,,ALDI,active,USA,1313098
12421,2026-07-17T18:14:36.487Z,465-235,"Aldi, Rotterdam",42.79096,-73.98004,"3075 Broadway, Rotterdam, NY, 12306",3075 Broadway,Rotterdam,NY,12306,,,ALDI,active,USA,1313153
10386,2026-07-17T18:14:31.811Z,465-237,"Aldi, Amsterdam",42.96861,-74.1875,"4888 State Hwy 30, Amsterdam, NY, 12010",4888 State Hwy 30,Amsterdam,NY,12010,,,ALDI,active,USA,1313122
12483,2026-07-17T18:14:36.487Z,465-250,"Aldi, Saratoga Springs",43.106397,-73.744656,"3 Marketplace Rd, Saratoga Springs, NY, 12866",3 Marketplace Rd,Saratoga Springs,NY,12866,,,ALDI,active,USA,1313097
10724,2026-07-17T18:14:32.256Z,466-002,"Aldi, Charlotte",35.120145,-80.955977,"10710 South Tryon Street, Charlotte, NC, 28273",10710 South Tryon Street,Charlotte,NC,28273,,,ALDI,active,USA,1314181
12646,2026-07-17T18:14:36.877Z,466-003,"Aldi, Sumter",33.944003,-80.36879,"829 Broad Street, Sumter, SC, 29150",829 Broad Street,Sumter,SC,29150,,,ALDI,active,USA,1313591
11665,2026-07-17T18:14:35.092Z,466-004,"Aldi, Lenoir",35.916088,-81.521166,"205 Wilkesboro Blvd - Ne, Lenoir, NC, 28645",205 Wilkesboro Blvd - Ne,Lenoir,NC,28645,,,ALDI,active,USA,1314173
11793,2026-07-17T18:14:35.558Z,466-005,"Aldi, Matthews",35.120963,-80.728977,"555 West John Street, Matthews, NC, 28105",555 West John Street,Matthews,NC,28105,,,ALDI,active,USA,1313013
12832,2026-07-17T18:14:37.179Z,466-006,"Aldi, Waxhaw",34.961004,-80.760292,"2909 S Providence Road, Waxhaw, NC, 28173",2909 S Providence Road,Waxhaw,NC,28173,,,ALDI,active,USA,1312984
10351,2026-07-17T18:14:31.811Z,466-007,"Aldi, Albemarle",35.347837,-80.163768,"1920 E Main Street, Albemarle, NC, 28001",1920 E Main Street,Albemarle,NC,28001,,,ALDI,active,USA,1314180
11208,2026-07-17T18:14:34.070Z,466-008,"Aldi, Fuquay Varina",35.592701,-78.775827,"1375 North Main Street, Fuquay Varina, NC, 27526",1375 North Main Street,Fuquay Varina,NC,27526,,,ALDI,active,USA,1313000
10498,2026-07-17T18:14:31.811Z,466-009,"Aldi, Belmont",35.251557,-81.045902,"6402 Wilkinson Blvd, Belmont, NC, 28012",6402 Wilkinson Blvd,Belmont,NC,28012,,,ALDI,active,USA,1314185
11210,2026-07-17T18:14:34.070Z,466-010,"Aldi, Gaffney",35.092793,-81.662118,"1560 W Floyd Baker Blvd, Gaffney, SC, 29341",1560 W Floyd Baker Blvd,Gaffney,SC,29341,,,ALDI,active,USA,1314010
12607,2026-07-17T18:14:36.877Z,466-011,"Aldi, Statesville",35.815412,-80.878817,"125 North Pointe Blvd, Statesville, NC, 28625",125 North Pointe Blvd,Statesville,NC,28625,,,ALDI,active,USA,1314188
11291,2026-07-17T18:14:34.070Z,466-012,"Aldi, Greensboro",36.036996,-79.863517,"4222 W Gate City Blvd, Greensboro, NC, 27407",4222 W Gate City Blvd,Greensboro,NC,27407,,,ALDI,active,USA,1312186
12894,2026-07-17T18:14:37.179Z,466-013,"Aldi, Wilkesboro",36.14856,-81.199454,"1915 Us Hwy 421, Wilkesboro, NC, 28697",1915 Us Hwy 421,Wilkesboro,NC,28697,,,ALDI,active,USA,1314183
10719,2026-07-17T18:14:32.256Z,466-014,"Aldi, Charlotte",35.372513,-80.786123,"5817 Prosperity Church Road, Charlotte, NC, 28269",5817 Prosperity Church Road,Charlotte,NC,28269,,,ALDI,active,USA,1313022
12329,2026-07-17T18:14:36.171Z,466-015,"Aldi, Raleigh",35.836629,-78.615136,"4031 Wake Forest Rd, Raleigh, NC, 27609",4031 Wake Forest Rd,Raleigh,NC,27609,,,ALDI,active,USA,1314482
10720,2026-07-17T18:14:32.256Z,466-016,"Aldi, Charlotte",35.304218,-80.85926,"4120 Sunset Road, Charlotte, NC, 28216",4120 Sunset Road,Charlotte,NC,28216,,,ALDI,active,USA,1312187
11674,2026-07-17T18:14:35.092Z,466-017,"Aldi, Lexington",34.006545,-81.201833,"5182 Sunset Boulevard, Lexington, SC, 29072",5182 Sunset Boulevard,Lexington,SC,29072,,,ALDI,active,USA,1314503
12327,2026-07-17T18:14:36.171Z,466-018,"Aldi, Raleigh",35.794054,-78.547186,"2900 Sunrise Valley Place, Raleigh, NC, 27610",2900 Sunrise Valley Place,Raleigh,NC,27610,,,ALDI,active,USA,1313012
10684,2026-07-17T18:14:32.256Z,466-019,"Aldi, Cary",35.802906,-78.786266,"2303 Nw Maynard Rd, Cary, NC, 27513",2303 Nw Maynard Rd,Cary,NC,27513,,,ALDI,active,USA,1312997
10938,2026-07-17T18:14:33.514Z,466-020,"Aldi, Danville",36.582475,-79.427938,"3465 Riverside Dr, Danville, VA, 24541",3465 Riverside Dr,Danville,VA,24541,,,ALDI,active,USA,1314313
11550,2026-07-17T18:14:35.092Z,466-021,"Aldi, Kernersville",36.110181,-80.086926,"819 S Main St Suite D, Kernersville, NC, 27284",819 S Main St Suite D,Kernersville,NC,27284,,,ALDI,active,USA,1314178
11116,2026-07-17T18:14:33.514Z,466-022,"Aldi, Fayetteville",35.043885,-78.959471,"4920 Raeford Road, Fayetteville, NC, 28304",4920 Raeford Road,Fayetteville,NC,28304,,,ALDI,active,USA,1314179
11784,2026-07-17T18:14:35.558Z,466-023,"Aldi, Martinsville",36.698215,-79.891171,"388 Commonwealth Blvd W, Martinsville, VA, 24112",388 Commonwealth Blvd W,Martinsville,VA,24112,,,ALDI,active,USA,1314323
11292,2026-07-17T18:14:34.070Z,466-024,"Aldi, Greensboro",36.016402,-79.805674,"2920 Randleman Rd, Greensboro, NC, 27406",2920 Randleman Rd,Greensboro,NC,27406,,,ALDI,active,USA,1314186
11916,2026-07-17T18:14:35.558Z,466-025,"Aldi, Morganton",35.733163,-81.690044,"528 West Fleming Dr, Morganton, NC, 28655",528 West Fleming Dr,Morganton,NC,28655,,,ALDI,active,USA,1313888
12690,2026-07-17T18:14:36.877Z,466-026,"Aldi, Thomasville",35.864537,-80.070935,"1033 Randolph St Ste 1a, Thomasville, NC, 27360",1033 Randolph St Ste 1a,Thomasville,NC,27360,,,ALDI,active,USA,1314182
11381,2026-07-17T18:14:34.665Z,466-028,"Aldi, High Point",36.004023,-80.036616,"3306 N Main St, High Point, NC, 27265",3306 N Main St,High Point,NC,27265,,,ALDI,active,USA,1314177
12396,2026-07-17T18:14:36.487Z,466-029,"Aldi, Rockingham",34.916948,-79.734151,"723 Us Hwy 74e, Rockingham, NC, 28379",723 Us Hwy 74e,Rockingham,NC,28379,,,ALDI,active,USA,1314483
11230,2026-07-17T18:14:34.070Z,466-030,"Aldi, Garner",35.686941,-78.615179,"750 Timber Dr, Garner, NC, 27529",750 Timber Dr,Garner,NC,27529,,,ALDI,active,USA,1312973
11884,2026-07-17T18:14:35.558Z,466-031,"Aldi, Mint Hill",35.180234,-80.646142,"8000 Blair Rd Unit B, Mint Hill, NC, 28227",8000 Blair Rd Unit B,Mint Hill,NC,28227,,,ALDI,active,USA,1312968
12108,2026-07-17T18:14:35.837Z,466-032,"Aldi, Orangeburg",33.525652,-80.88624,"2690 North Road, Orangeburg, SC, 29118",2690 North Road,Orangeburg,SC,29118,,,ALDI,active,USA,1313995
11347,2026-07-17T18:14:34.665Z,466-033,"Aldi, Harrisburg",35.32427,-80.643573,"3891 Main St, Harrisburg, NC, 28075",3891 Main St,Harrisburg,NC,28075,,,ALDI,active,USA,1313009
11463,2026-07-17T18:14:34.665Z,466-034,"Aldi, Indian Land",34.994371,-80.85553,"9553 Charlotte Hwy, Indian Land, SC, 29707",9553 Charlotte Hwy,Indian Land,SC,29707,,,ALDI,active,USA,1314496
10977,2026-07-17T18:14:33.514Z,466-035,"Aldi, Denver",35.447723,-81.003781,"7208 Nc 73 Hwy, Denver, NC, 28037",7208 Nc 73 Hwy,Denver,NC,28037,,,ALDI,active,USA,1314187
12644,2026-07-17T18:14:36.877Z,466-036,"Aldi, Summerville",33.031323,-80.166665,"1001 N Main Street, Summerville, SC, 29483",1001 N Main Street,Summerville,SC,29483,,,ALDI,active,USA,1313595
11728,2026-07-17T18:14:35.092Z,466-037,"Aldi, Lumberton",34.644276,-78.998908,"3725 Fayetteville Road, Lumberton, NC, 28358",3725 Fayetteville Road,Lumberton,NC,28358,,,ALDI,active,USA,1314231
10845,2026-07-17T18:14:32.770Z,466-039,"Aldi, Columbia",34.054226,-81.161037,"6075 St Andrews Road S, Columbia, SC, 29212",6075 St Andrews Road S,Columbia,SC,29212,,,ALDI,active,USA,1313598
12645,2026-07-17T18:14:36.877Z,466-041,"Aldi, Summerville",32.951481,-80.164314,"10015 Dorchester Rd, Summerville, SC, 29485",10015 Dorchester Rd,Summerville,SC,29485,,,ALDI,active,USA,1314505
12377,2026-07-17T18:14:36.487Z,466-042,"Aldi, Roanoke",37.316258,-79.961373,"1521 Hershberger Rd Nw, Roanoke, VA, 24012",1521 Hershberger Rd Nw,Roanoke,VA,24012,,,ALDI,active,USA,1314584
10415,2026-07-17T18:14:31.811Z,466-043,"Aldi, Asheboro",35.696705,-79.787776,"1318 E Dixie Dr, Asheboro, NC, 27203",1318 E Dixie Dr,Asheboro,NC,27203,,,ALDI,active,USA,1313004
12036,2026-07-17T18:14:35.837Z,466-044,"Aldi, North Myrtle Beach",33.831515,-78.676594,"244 N Hwy 17, North Myrtle Beach, SC, 29582",244 N Hwy 17,North Myrtle Beach,SC,29582,,,ALDI,active,USA,1313371
11913,2026-07-17T18:14:35.558Z,466-045,"Aldi, Mooresville",35.58794,-80.835811,"132 E Plaza Dr, Mooresville, NC, 28115",132 E Plaza Dr,Mooresville,NC,28115,,,ALDI,active,USA,1312979
10844,2026-07-17T18:14:32.770Z,466-046,"Aldi, Columbia",33.960524,-80.938823,"7610 Garners Ferry Rd, Columbia, SC, 29209",7610 Garners Ferry Rd,Columbia,SC,29209,,,ALDI,active,USA,1314011
12850,2026-07-17T18:14:37.179Z,466-047,"Aldi, West Columbia",33.979783,-81.116455,"2930 Augusta Road, West Columbia, SC, 29170",2930 Augusta Road,West Columbia,SC,29170,,,ALDI,active,USA,1313998
11133,2026-07-17T18:14:33.514Z,466-049,"Aldi, Florence",34.190119,-79.822977,"2367 David H Mcleod Blvd, Florence, SC, 29501",2367 David H Mcleod Blvd,Florence,SC,29501,,,ALDI,active,USA,1313997
11237,2026-07-17T18:14:34.070Z,466-050,"Aldi, Gastonia",35.25815,-81.11996,"3201 East Franklin Blvd, Gastonia, NC, 28056",3201 East Franklin Blvd,Gastonia,NC,28056,,,ALDI,active,USA,1312975
11928,2026-07-17T18:14:35.558Z,466-051,"Aldi, Mount Pleasant",32.806372,-79.881749,"613 Johnnie Dodds Blvd, Mount Pleasant, SC, 29464",613 Johnnie Dodds Blvd,Mount Pleasant,SC,29464,,,ALDI,active,USA,1314501
11954,2026-07-17T18:14:35.837Z,466-052,"Aldi, Myrtle Beach",33.642088,-78.986648,"2625 Beaver Run Boulevard, Myrtle Beach, SC, 29575",2625 Beaver Run Boulevard,Myrtle Beach,SC,29575,,,ALDI,active,USA,1313414
10687,2026-07-17T18:14:32.256Z,466-059,"Aldi, Cary",35.760624,-78.781875,"1315 Kildaire Farm Rd, Cary, NC, 27511",1315 Kildaire Farm Rd,Cary,NC,27511,,,ALDI,active,USA,1314172
12469,2026-07-17T18:14:36.487Z,466-060,"Aldi, Sanford",35.454607,-79.137254,"2903 South Horner Boulevard, Sanford, NC, 27332",2903 South Horner Boulevard,Sanford,NC,27332,,,ALDI,active,USA,1313003
10871,2026-07-17T18:14:32.770Z,466-061,"Aldi, Conway",33.862503,-79.092571,"2904 Church Street, Conway, SC, 29526",2904 Church Street,Conway,SC,29526,,,ALDI,active,USA,1314002
11232,2026-07-17T18:14:34.070Z,466-062,"Aldi, Garner",35.611896,-78.555093,"5142 Veterans Parkway, Garner, NC, 27529",5142 Veterans Parkway,Garner,NC,27529,,,ALDI,active,USA,1312988
12328,2026-07-17T18:14:36.171Z,466-063,"Aldi, Raleigh",35.87206,-78.67897,"6300 Creedmoor Rd, Raleigh, NC, 27612",6300 Creedmoor Rd,Raleigh,NC,27612,,,ALDI,active,USA,1312980
10682,2026-07-17T18:14:32.256Z,466-064,"Aldi, Cary",35.824004,-78.900889,"225 Dogwood Tree Ln, Cary, NC, 27519",225 Dogwood Tree Ln,Cary,NC,27519,,,ALDI,active,USA,1312983
10721,2026-07-17T18:14:32.256Z,466-065,"Aldi, Charlotte",35.185057,-80.761388,"4006 Connection Point Blvd, Charlotte, NC, 28212",4006 Connection Point Blvd,Charlotte,NC,28212,,,ALDI,active,USA,1312999
11509,2026-07-17T18:14:34.665Z,466-066,"Aldi, Johnson City",36.314105,-82.381546,"1400 W Market St, Johnson City, TN, 37604",1400 W Market St,Johnson City,TN,37604,,,ALDI,active,USA,1313540
11557,2026-07-17T18:14:35.092Z,466-067,"Aldi, Kingsport",36.549031,-82.492915,"2617 East Stone Drive, Kingsport, TN, 37660",2617 East Stone Drive,Kingsport,TN,37660,,,ALDI,active,USA,1314512
10580,2026-07-17T18:14:32.256Z,466-068,"Aldi, Bristol",36.630383,-82.144026,"720 Merchant Trce, Bristol, VA, 24202",720 Merchant Trce,Bristol,VA,24202,,,ALDI,active,USA,1314316
11285,2026-07-17T18:14:34.070Z,466-069,"Aldi, Greeneville",36.184004,-82.75964,"3800 E Andrew Johnson Hwy, Greeneville, TN, 37745",3800 E Andrew Johnson Hwy,Greeneville,TN,37745,,,ALDI,active,USA,1314240
11974,2026-07-17T18:14:35.837Z,466-071,"Aldi, N Charleston",32.942952,-80.039962,"7620 Rivers Ave Suite 100, N Charleston, SC, 29406",7620 Rivers Ave Suite 100,N Charleston,SC,29406,,,ALDI,active,USA,1314499
11120,2026-07-17T18:14:33.514Z,466-072,"Aldi, Fayetteville",35.131102,-78.878878,"5201 Ramsey St, Fayetteville, NC, 28311",5201 Ramsey St,Fayetteville,NC,28311,,,ALDI,active,USA,1314175
10622,2026-07-17T18:14:32.256Z,466-073,"Aldi, Burlington",36.085061,-79.460126,"1801 South Church Street, Burlington, NC, 27215",1801 South Church Street,Burlington,NC,27215,,,ALDI,active,USA,1312989
10784,2026-07-17T18:14:32.770Z,466-074,"Aldi, Christiansburg",37.16068,-80.420699,"2265 N Franklin St, Christiansburg, VA, 24073",2265 N Franklin St,Christiansburg,VA,24073,,,ALDI,active,USA,1313653
11236,2026-07-17T18:14:34.070Z,466-075,"Aldi, Gastonia",35.234428,-81.169528,"2108 Union Road, Gastonia, NC, 28054",2108 Union Road,Gastonia,NC,28054,,,ALDI,active,USA,1312219
11134,2026-07-17T18:14:34.070Z,466-076,"Aldi, Florence",34.158913,-79.76584,"1814 S Irby Street, Florence, SC, 29505",1814 S Irby Street,Florence,SC,29505,,,ALDI,active,USA,1314015
11898,2026-07-17T18:14:35.558Z,466-077,"Aldi, Monroe",34.997241,-80.543649,"1404 W Roosevelt Blvd, Monroe, NC, 28110",1404 W Roosevelt Blvd,Monroe,NC,28110,,,ALDI,active,USA,1312994
12393,2026-07-17T18:14:36.487Z,466-079,"Aldi, Rock Hill",34.98276,-81.09137,"4952 Old York Rd, Rock Hill, SC, 29732",4952 Old York Rd,Rock Hill,SC,29732,,,ALDI,active,USA,1313593
11378,2026-07-17T18:14:34.665Z,466-080,"Aldi, Hickory",35.706612,-81.31079,"1545 8th Street Drive Se, Hickory, NC, 28602",1545 8th Street Drive Se,Hickory,NC,28602,,,ALDI,active,USA,1312987
11688,2026-07-17T18:14:35.092Z,466-081,"Aldi, Lincolnton",35.493178,-81.247129,"529 North Generals Blvd, Lincolnton, NC, 28092",529 North Generals Blvd,Lincolnton,NC,28092,,,ALDI,active,USA,1314229
11673,2026-07-17T18:14:35.092Z,466-082,"Aldi, Lexington",35.815358,-80.245091,"101 N Talbert Blvd, Lexington, NC, 27292",101 N Talbert Blvd,Lexington,NC,27292,,,ALDI,active,USA,1314230
11525,2026-07-17T18:14:34.665Z,466-083,"Aldi, Kannapolis",35.486149,-80.611922,"600 S Cannon Blvd, Kannapolis, NC, 28083",600 S Cannon Blvd,Kannapolis,NC,28083,,,ALDI,active,USA,1312188
12395,2026-07-17T18:14:36.487Z,466-084,"Aldi, Rock Hill",34.968345,-80.991704,"1182 North Anderson Road, Rock Hill, SC, 29730",1182 North Anderson Road,Rock Hill,SC,29730,,,ALDI,active,USA,1314495
12917,2026-07-17T18:14:37.179Z,466-085,"Aldi, Winston-Salem",36.054194,-80.25842,"2715 Peters Creek Parkway, Winston-Salem, NC, 27127",2715 Peters Creek Parkway,Winston-Salem,NC,27127,,,ALDI,active,USA,1314485
10722,2026-07-17T18:14:32.256Z,466-086,"Aldi, Charlotte",35.164496,-80.878811,"5550 Old Pineville Road, Charlotte, NC, 28217",5550 Old Pineville Road,Charlotte,NC,28217,,,ALDI,active,USA,1312986
10725,2026-07-17T18:14:32.256Z,466-087,"Aldi, Charlotte",35.237094,-80.8804,"2526 Freedom Drive, Charlotte, NC, 28208",2526 Freedom Drive,Charlotte,NC,28208,,,ALDI,active,USA,1313007
10717,2026-07-17T18:14:32.256Z,466-088,"Aldi, Charlotte",35.201283,-80.734521,"6454 Albemarle Road, Charlotte, NC, 28212",6454 Albemarle Road,Charlotte,NC,28212,,,ALDI,active,USA,1312189
12460,2026-07-17T18:14:36.487Z,466-089,"Aldi, Salisbury",35.649405,-80.457411,"115 South Avalon Drive, Salisbury, NC, 28146",115 South Avalon Drive,Salisbury,NC,28146,,,ALDI,active,USA,1312982
10808,2026-07-17T18:14:32.770Z,466-090,"Aldi, Clemmons",36.03225,-80.380628,"2455 Market Center Dr, Clemmons, NC, 27012",2455 Market Center Dr,Clemmons,NC,27012,,,ALDI,active,USA,1312978
10873,2026-07-17T18:14:32.770Z,466-091,"Aldi, Conway",33.783623,-78.98918,"101 Wild Wing Boulevard, Conway, SC, 29526",101 Wild Wing Boulevard,Conway,SC,29526,,,ALDI,active,USA,1313999
12330,2026-07-17T18:14:36.171Z,466-092,"Aldi, Raleigh",35.868863,-78.583116,"6101 Capital Boulevard, Raleigh, NC, 27616",6101 Capital Boulevard,Raleigh,NC,27616,,,ALDI,active,USA,1313005
12916,2026-07-17T18:14:37.179Z,466-093,"Aldi, Winston-Salem",36.17384,-80.278431,"5622 W Hanes MIll Rd, Winston-Salem, NC, 27105",5622 W Hanes MIll Rd,Winston-Salem,NC,27105,,,ALDI,active,USA,1314232
10868,2026-07-17T18:14:32.770Z,466-095,"Aldi, Concord",35.392457,-80.62107,"961 Concord Parkway South, Concord, NC, 28027",961 Concord Parkway South,Concord,NC,28027,,,ALDI,active,USA,1312964
12518,2026-07-17T18:14:36.487Z,466-096,"Aldi, Shelby",35.277905,-81.53528,"413 Earl Road, Shelby, NC, 28150",413 Earl Road,Shelby,NC,28150,,,ALDI,active,USA,1312972
11147,2026-07-17T18:14:34.070Z,466-097,"Aldi, Forest City",35.339023,-81.904711,"1916 College Ave, Forest City, NC, 28043",1916 College Ave,Forest City,NC,28043,,,ALDI,active,USA,1314170
11382,2026-07-17T18:14:34.665Z,466-101,"Aldi, High Point",35.927683,-79.986956,"2651 S Main St, High Point, NC, 27263",2651 S Main St,High Point,NC,27263,,,ALDI,active,USA,1314184
11613,2026-07-17T18:14:35.092Z,466-102,"Aldi, Lancaster",34.736455,-80.775779,"1201 Old Charlotte Rd, Lancaster, SC, 29720",1201 Old Charlotte Rd,Lancaster,SC,29720,,,ALDI,active,USA,1314013
11158,2026-07-17T18:14:34.070Z,466-103,"Aldi, Fort MIll",35.051964,-80.991359,"3665 Vandora Springs Rd, Fort MIll, SC, 29708",3665 Vandora Springs Rd,Fort MIll,SC,29708,,,ALDI,active,USA,1314498
11119,2026-07-17T18:14:33.514Z,466-104,"Aldi, Fayetteville",35.027603,-79.050437,"7640 South Raeford Road, Fayetteville, NC, 28304",7640 South Raeford Road,Fayetteville,NC,28304,,,ALDI,active,USA,1312971
11465,2026-07-17T18:14:34.665Z,466-105,"Aldi, Indian Trail",35.063294,-80.634915,"5704 W Hwy 74, Indian Trail, NC, 28079",5704 W Hwy 74,Indian Trail,NC,28079,,,ALDI,active,USA,1312996
10849,2026-07-17T18:14:32.770Z,466-106,"Aldi, Columbia",34.140545,-80.943194,"1240 Longreen Pkwy, Columbia, SC, 29229",1240 Longreen Pkwy,Columbia,SC,29229,,,ALDI,active,USA,1313597
10723,2026-07-17T18:14:32.256Z,466-107,"Aldi, Charlotte",35.092227,-80.86848,"10629 Park Rd, Charlotte, NC, 28210",10629 Park Rd,Charlotte,NC,28210,,,ALDI,active,USA,1312981
12783,2026-07-17T18:14:37.179Z,466-109,"Aldi, Wake Forest",35.948455,-78.535493,"2132 South Main St, Wake Forest, NC, 27587",2132 South Main St,Wake Forest,NC,27587,,,ALDI,active,USA,1313014
11021,2026-07-17T18:14:33.514Z,466-110,"Aldi, Durham",35.900572,-78.9602,"7906 Nc Hwy 751, Durham, NC, 27713",7906 Nc Hwy 751,Durham,NC,27713,,,ALDI,active,USA,1312966
11675,2026-07-17T18:14:35.092Z,466-111,"Aldi, Lexington",33.908151,-81.227006,"5548 Platt Springs Road, Lexington, SC, 29073",5548 Platt Springs Road,Lexington,SC,29073,,,ALDI,active,USA,1314500
11397,2026-07-17T18:14:34.665Z,466-116,"Aldi, Holly Springs",35.633536,-78.828441,"7400 Gb Alford Hwy, Holly Springs, NC, 27540",7400 Gb Alford Hwy,Holly Springs,NC,27540,,,ALDI,active,USA,1312965
12459,2026-07-17T18:14:36.487Z,466-117,"Aldi, Salisbury",35.669567,-80.498831,"920 Jake Alexander Blvd W, Salisbury, NC, 28147",920 Jake Alexander Blvd W,Salisbury,NC,28147,,,ALDI,active,USA,1313887
11434,2026-07-17T18:14:34.665Z,466-118,"Aldi, Huntersville",35.40934,-80.85452,"14126 S Statesville Rd, Huntersville, NC, 28078",14126 S Statesville Rd,Huntersville,NC,28078,,,ALDI,active,USA,1314481
11293,2026-07-17T18:14:34.070Z,466-119,"Aldi, Greensboro",36.110806,-79.883135,"1507 New Garden Rd, Greensboro, NC, 27410",1507 New Garden Rd,Greensboro,NC,27410,,,ALDI,active,USA,1312977
11464,2026-07-17T18:14:34.665Z,466-126,"Aldi, Indian Land",34.940605,-80.837841,"7864 Charlotte Hwy, Indian Land, SC, 29707",7864 Charlotte Hwy,Indian Land,SC,29707,,,ALDI,active,USA,1313370
11934,2026-07-17T18:14:35.837Z,466-127,"Aldi, Mt Airy",36.477819,-80.619379,"1215 State Street, Mt Airy, NC, 27030",1215 State Street,Mt Airy,NC,27030,,,ALDI,active,USA,1314189
11294,2026-07-17T18:14:34.070Z,466-140,"Aldi, Greensboro",36.11409,-79.83624,"2965 Battleground Ave, Greensboro, NC, 27408",2965 Battleground Ave,Greensboro,NC,27408,,,ALDI,active,USA,1312992
11263,2026-07-17T18:14:34.070Z,466-141,"Aldi, Goose Creek",33.00479,-80.04467,"205 St James Ave, Goose Creek, SC, 29445",205 St James Ave,Goose Creek,SC,29445,,,ALDI,active,USA,1313589
11935,2026-07-17T18:14:35.837Z,466-143,"Aldi, Mt Pleasant",32.867631,-79.780533,"3153 N Highway 17, Mt Pleasant, SC, 29466",3153 N Highway 17,Mt Pleasant,SC,29466,,,ALDI,active,USA,1313592
11471,2026-07-17T18:14:34.665Z,466-144,"Aldi, Irmo",34.125597,-81.224105,"1169 Dutch Fork Rd, Irmo, SC, 29063",1169 Dutch Fork Rd,Irmo,SC,29063,,,ALDI,active,USA,1313600
10718,2026-07-17T18:14:32.256Z,466-145,"Aldi, Charlotte",35.31747,-80.73894,"9609 N Tryon Street, Charlotte, NC, 28262",9609 N Tryon Street,Charlotte,NC,28262,,,ALDI,active,USA,1313023
12187,2026-07-17T18:14:36.171Z,466-146,"Aldi, Pawleys Island",33.43736,-79.13289,"75 Petigru Drive, Pawleys Island, SC, 29585",75 Petigru Drive,Pawleys Island,SC,29585,,,ALDI,active,USA,1313409
10335,2026-07-17T18:14:31.811Z,466-152,"Aldi, Aberdeen",35.151852,-79.416224,"1500 N Sandhills Blvd, Aberdeen, NC, 28315",1500 N Sandhills Blvd,Aberdeen,NC,28315,,,ALDI,active,USA,1314176
10399,2026-07-17T18:14:31.811Z,466-153,"Aldi, Apex",35.759419,-78.874874,"1770 W Williams St, Apex, NC, 27523",1770 W Williams St,Apex,NC,27523,,,ALDI,active,USA,1312967
10887,2026-07-17T18:14:32.770Z,466-154,"Aldi, Cornelius",35.483659,-80.881931,"18027 Liath Way, Cornelius, NC, 28031",18027 Liath Way,Cornelius,NC,28031,,,ALDI,active,USA,1312970
11387,2026-07-17T18:14:34.665Z,466-155,"Aldi, Hillsborough",36.055893,-79.079568,"2010 Nc Hwy 86 S, Hillsborough, NC, 27278",2010 Nc Hwy 86 S,Hillsborough,NC,27278,,,ALDI,active,USA,1312991
11508,2026-07-17T18:14:34.665Z,466-156,"Aldi, Johnson City",36.374296,-82.405715,"108 Whitewood Blvd, Johnson City, TN, 37601",108 Whitewood Blvd,Johnson City,TN,37601,,,ALDI,active,USA,1314511
10713,2026-07-17T18:14:32.256Z,466-157,"Aldi, Charleston",32.736458,-79.965209,"856 Folly Road, Charleston, SC, 29412",856 Folly Road,Charleston,SC,29412,,,ALDI,active,USA,1314497
10366,2026-07-17T18:14:31.811Z,467-001,"Aldi, Allendale",42.9666,-85.91915,"11162 Farmway Dr, Allendale, MI, 49401",11162 Farmway Dr,Allendale,MI,49401,,,ALDI,active,USA,1314472
10529,2026-07-17T18:14:31.811Z,467-002,"Aldi, Bloomfield Hills",42.611343,-83.301643,"1967 Stelegraph Rd, Bloomfield Hills, MI, 48302",1967 Stelegraph Rd,Bloomfield Hills,MI,48302,,,ALDI,active,USA,1314477
12693,2026-07-17T18:14:36.877Z,467-003,"Aldi, Three Rivers",41.932046,-85.649721,"1220 W Broadway St, Three Rivers, MI, 49093",1220 W Broadway St,Three Rivers,MI,49093,,,ALDI,active,USA,1312122
11704,2026-07-17T18:14:35.092Z,467-004,"Aldi, Livonia",42.384636,-83.332183,"29330 Schoolcraft Rd, Livonia, MI, 48150",29330 Schoolcraft Rd,Livonia,MI,48150,,,ALDI,active,USA,1312893
10507,2026-07-17T18:14:31.811Z,467-005,"Aldi, Benton Harbor",42.087208,-86.420814,"1700 Pipestone Road, Benton Harbor, MI, 49022",1700 Pipestone Road,Benton Harbor,MI,49022,,,ALDI,active,USA,1312890
12565,2026-07-17T18:14:36.877Z,467-006,"Aldi, South Haven",42.401895,-86.249777,"4353 73rd Street, South Haven, MI, 49090",4353 73rd Street,South Haven,MI,49090,,,ALDI,active,USA,1313419
12845,2026-07-17T18:14:37.179Z,467-007,"Aldi, West Branch",44.253281,-84.22476,"2883 Cook Rd, West Branch, MI, 48661",2883 Cook Rd,West Branch,MI,48661,,,ALDI,active,USA,1312889
11950,2026-07-17T18:14:35.837Z,467-008,"Aldi, Muskegon",43.202844,-86.264836,"2715 Henry Street, Muskegon, MI, 49441",2715 Henry Street,Muskegon,MI,49441,,,ALDI,active,USA,1312725
11952,2026-07-17T18:14:35.837Z,467-009,"Aldi, Muskegon",43.155062,-86.201272,"1760 E Sternberg Rd, Muskegon, MI, 49444",1760 E Sternberg Rd,Muskegon,MI,49444,,,ALDI,active,USA,1313428
11726,2026-07-17T18:14:35.092Z,467-010,"Aldi, Ludington",43.955007,-86.399335,"4833 W Us-10, Ludington, MI, 49431",4833 W Us-10,Ludington,MI,49431,,,ALDI,active,USA,1312887
10518,2026-07-17T18:14:31.811Z,467-011,"Aldi, Big Rapids",43.6874479,-85.513218,"21481 Perry, Big Rapids, MI, 49307",21481 Perry,Big Rapids,MI,49307,,,ALDI,active,USA,1312717
10634,2026-07-17T18:14:32.256Z,467-012,"Aldi, Cadillac",44.282089,-85.396153,"9051 E 34 Rd, Cadillac, MI, 49601",9051 E 34 Rd,Cadillac,MI,49601,,,ALDI,active,USA,1312183
12713,2026-07-17T18:14:36.877Z,467-013,"Aldi, Traverse City",44.722782,-85.635567,"3123 W South Airport, Traverse City, MI, 49684",3123 W South Airport,Traverse City,MI,49684,,,ALDI,active,USA,1314466
12211,2026-07-17T18:14:36.171Z,467-014,"Aldi, Petoskey",45.347355,-84.97147,"2130 Anderson Rd, Petoskey, MI, 49770",2130 Anderson Rd,Petoskey,MI,49770,,,ALDI,active,USA,1312726
11276,2026-07-17T18:14:34.070Z,467-015,"Aldi, Grand Rapids",42.912181,-85.614553,"2120 28th Street Se, Grand Rapids, MI, 49508",2120 28th Street Se,Grand Rapids,MI,49508,,,ALDI,active,USA,1312884
12786,2026-07-17T18:14:37.179Z,467-016,"Aldi, Walker",42.967501,-85.775609,"146 Wilson Ave W, Walker, MI, 49534",146 Wilson Ave W,Walker,MI,49534,,,ALDI,active,USA,1312761
11620,2026-07-17T18:14:35.092Z,467-017,"Aldi, Lansing",42.739113,-84.630075,"5625 W Saginaw Hwy, Lansing, MI, 48917",5625 W Saginaw Hwy,Lansing,MI,48917,,,ALDI,active,USA,1312894
12081,2026-07-17T18:14:35.837Z,467-018,"Aldi, Okemos",42.730548,-84.412781,"5165 Marsh Rd, Okemos, MI, 48864",5165 Marsh Rd,Okemos,MI,48864,,,ALDI,active,USA,1313417
11621,2026-07-17T18:14:35.092Z,467-019,"Aldi, Lansing",42.662139,-84.537793,"6555 Pennsylvania Ave, Lansing, MI, 48911",6555 Pennsylvania Ave,Lansing,MI,48911,,,ALDI,active,USA,1312764
11277,2026-07-17T18:14:34.070Z,467-020,"Aldi, Grandville",42.882492,-85.744847,"3269 Century Center St Sw, Grandville, MI, 49418",3269 Century Center St Sw,Grandville,MI,49418,,,ALDI,active,USA,1314462
11595,2026-07-17T18:14:35.092Z,467-021,"Aldi, Lake Orion",42.707481,-83.296127,"475 Brown Ave, Lake Orion, MI, 48359",475 Brown Ave,Lake Orion,MI,48359,,,ALDI,active,USA,1312115
10475,2026-07-17T18:14:31.811Z,467-022,"Aldi, Battle Creek",42.298711,-85.215443,"870 W Columbia Ave, Battle Creek, MI, 49015",870 W Columbia Ave,Battle Creek,MI,49015,,,ALDI,active,USA,1314154
10866,2026-07-17T18:14:32.770Z,467-023,"Aldi, Comstock Park",43.038464,-85.690621,"4101 Alpine Avenue Nw, Comstock Park, MI, 49321",4101 Alpine Avenue Nw,Comstock Park,MI,49321,,,ALDI,active,USA,1313435
11122,2026-07-17T18:14:33.514Z,467-024,"Aldi, Fenton",42.78984,-83.73245,"3235 Owen Rd, Fenton, MI, 48430",3235 Owen Rd,Fenton,MI,48430,,,ALDI,active,USA,1312123
11396,2026-07-17T18:14:34.665Z,467-025,"Aldi, Holland",42.776433,-86.081633,"571 E 24th Street, Holland, MI, 49423",571 E 24th Street,Holland,MI,49423,,,ALDI,active,USA,1312724
11503,2026-07-17T18:14:34.665Z,467-026,"Aldi, Jenison",42.90314,-85.789887,"302 Chicago Drive, Jenison, MI, 49428",302 Chicago Drive,Jenison,MI,49428,,,ALDI,active,USA,1312121
11469,2026-07-17T18:14:34.665Z,467-027,"Aldi, Ionia",42.942298,-85.074103,"3065 S State Rd, Ionia, MI, 48846",3065 S State Rd,Ionia,MI,48846,,,ALDI,active,USA,1312117
11274,2026-07-17T18:14:34.070Z,467-028,"Aldi, Grand Rapids",42.911144,-85.540097,"5114 28th St Se Ste B, Grand Rapids, MI, 49512",5114 28th St Se Ste B,Grand Rapids,MI,49512,,,ALDI,active,USA,1313424
11273,2026-07-17T18:14:34.070Z,467-029,"Aldi, Grand Rapids",42.999602,-85.593051,"3101 Knapp St Ne, Grand Rapids, MI, 49525",3101 Knapp St Ne,Grand Rapids,MI,49525,,,ALDI,active,USA,1312885
11480,2026-07-17T18:14:34.665Z,467-030,"Aldi, Jackson",42.259463,-84.426939,"1100 W North Street, Jackson, MI, 49202",1100 W North Street,Jackson,MI,49202,,,ALDI,active,USA,1312719
11395,2026-07-17T18:14:34.665Z,467-031,"Aldi, Holland",42.819824,-86.090897,"12511 Felch St, Holland, MI, 49424",12511 Felch St,Holland,MI,49424,,,ALDI,active,USA,1313421
11268,2026-07-17T18:14:34.070Z,467-032,"Aldi, Grand Blanc",42.93767,-83.64524,"6248 S Saginaw Rd, Grand Blanc, MI, 48439",6248 S Saginaw Rd,Grand Blanc,MI,48439,,,ALDI,active,USA,1314467
11239,2026-07-17T18:14:34.070Z,467-033,"Aldi, Gaylord",45.027903,-84.698877,"1366 W Main Street, Gaylord, MI, 49735",1366 W Main Street,Gaylord,MI,49735,,,ALDI,active,USA,1313426
10826,2026-07-17T18:14:32.770Z,467-034,"Aldi, Clio",43.17864,-83.77173,"4460 W Vienna Rd, Clio, MI, 48420",4460 W Vienna Rd,Clio,MI,48420,,,ALDI,active,USA,1312763
10946,2026-07-17T18:14:33.514Z,467-035,"Aldi, Davison",43.01926,-83.56306,"7480 E Court Street, Davison, MI, 48423",7480 E Court Street,Davison,MI,48423,,,ALDI,active,USA,1312770
10739,2026-07-17T18:14:32.770Z,467-037,"Aldi, Chesterfield",42.67149,-82.82703,"50700 Waterside Dr, Chesterfield, MI, 48051",50700 Waterside Dr,Chesterfield,MI,48051,,,ALDI,active,USA,1314463
11357,2026-07-17T18:14:34.665Z,467-038,"Aldi, Hastings",42.648954,-85.307029,"1455 W State St, Hastings, MI, 49058",1455 W State St,Hastings,MI,49058,,,ALDI,active,USA,1312766
10636,2026-07-17T18:14:32.256Z,467-039,"Aldi, Caledonia",42.84598,-85.61703,"1849 Marketplace Dr Se, Caledonia, MI, 49316",1849 Marketplace Dr Se,Caledonia,MI,49316,,,ALDI,active,USA,1313423
12283,2026-07-17T18:14:36.171Z,467-040,"Aldi, Portage",42.226204,-85.587119,"6291 S Westnedge, Portage, MI, 49002",6291 S Westnedge,Portage,MI,49002,,,ALDI,active,USA,1312727
11522,2026-07-17T18:14:34.665Z,467-041,"Aldi, Kalamazoo",42.295591,-85.654036,"5317 W Main St, Kalamazoo, MI, 49009",5317 W Main St,Kalamazoo,MI,49009,,,ALDI,active,USA,1314474
11523,2026-07-17T18:14:34.665Z,467-042,"Aldi, Kalamazoo",42.316874,-85.534348,"3720 Gull Road, Kalamazoo, MI, 49048",3720 Gull Road,Kalamazoo,MI,49048,,,ALDI,active,USA,1314139
12262,2026-07-17T18:14:36.171Z,467-043,"Aldi, Plainwell",42.450392,-85.67302,"1323 W M-89 Hwy, Plainwell, MI, 49080",1323 W M-89 Hwy,Plainwell,MI,49080,,,ALDI,active,USA,1313433
10798,2026-07-17T18:14:32.770Z,467-044,"Aldi, Clare",43.83636,-84.76819,"10451 S Clare Ave, Clare, MI, 48617",10451 S Clare Ave,Clare,MI,48617,,,ALDI,active,USA,1313492
11624,2026-07-17T18:14:35.092Z,467-045,"Aldi, Lapeer",43.040164,-83.319098,"815 East St, Lapeer, MI, 48446",815 East St,Lapeer,MI,48446,,,ALDI,active,USA,1313490
10474,2026-07-17T18:14:31.811Z,467-046,"Aldi, Battle Creek",42.262346,-85.178613,"12765 Harper Village Dr, Battle Creek, MI, 49014",12765 Harper Village Dr,Battle Creek,MI,49014,,,ALDI,active,USA,1314461
11554,2026-07-17T18:14:35.092Z,467-047,"Aldi, Kimball",42.9099,-82.5013,"4584 Gratiot Rd, Kimball, MI, 48074",4584 Gratiot Rd,Kimball,MI,48074,,,ALDI,active,USA,1313436
12952,2026-07-17T18:14:37.357Z,467-048,"Aldi, Ypsilanti",42.242033,-83.679901,"3299 Carpenter Rd, Ypsilanti, MI, 48197",3299 Carpenter Rd,Ypsilanti,MI,48197,,,ALDI,active,USA,1313493
10579,2026-07-17T18:14:32.256Z,467-049,"Aldi, Brighton",42.545276,-83.788049,"8385 W Grand River, Brighton, MI, 48116",8385 W Grand River,Brighton,MI,48116,,,ALDI,active,USA,1313416
11154,2026-07-17T18:14:34.070Z,467-050,"Aldi, Fort Gratiot",43.030316,-82.45892,"4189 24th Avenue, Fort Gratiot, MI, 48059",4189 24th Avenue,Fort Gratiot,MI,48059,,,ALDI,active,USA,1313485
11424,2026-07-17T18:14:34.665Z,467-051,"Aldi, Howell",42.599048,-83.908907,"2260 E Grand River Ave, Howell, MI, 48843",2260 E Grand River Ave,Howell,MI,48843,,,ALDI,active,USA,1314478
10395,2026-07-17T18:14:31.811Z,467-052,"Aldi, Ann Arbor",42.285223,-83.779134,"2340 Dexter Ave, Ann Arbor, MI, 48103",2340 Dexter Ave,Ann Arbor,MI,48103,,,ALDI,active,USA,1312718
11936,2026-07-17T18:14:35.837Z,467-053,"Aldi, Mt. Pleasant",43.574863,-84.757145,"4512 E Blue Grass Rd, Mt Pleasant, MI, 48858",4512 E Blue Grass Rd,Mt Pleasant,MI,48858,,,ALDI,active,USA,1313425
12428,2026-07-17T18:14:36.487Z,467-054,"Aldi, Saginaw",43.436384,-84.035344,"6015 State Street, Saginaw, MI, 48603",6015 State Street,Saginaw,MI,48603,,,ALDI,active,USA,1313430
10629,2026-07-17T18:14:32.256Z,467-055,"Aldi, Burton",43.020552,-83.634177,"1054 Center Road, Burton, MI, 48509",1054 Center Road,Burton,MI,48509,,,ALDI,active,USA,1312214
12430,2026-07-17T18:14:36.487Z,467-056,"Aldi, Saginaw",43.484087,-83.975278,"5275 Bay Road, Saginaw, MI, 48604",5275 Bay Road,Saginaw,MI,48604,,,ALDI,active,USA,1314150
11859,2026-07-17T18:14:35.558Z,467-057,"Aldi, Midland",43.661766,-84.241409,"1200 Joe Mann Blvd, Midland, MI, 48642",1200 Joe Mann Blvd,Midland,MI,48642,,,ALDI,active,USA,1313427
10477,2026-07-17T18:14:31.811Z,467-058,"Aldi, Bay City",43.620669,-83.913356,"4101 North Euclid Avenue, Bay City, MI, 48706",4101 North Euclid Avenue,Bay City,MI,48706,,,ALDI,active,USA,1314151
10825,2026-07-17T18:14:32.770Z,467-059,"Aldi, Clinton Township",42.600958,-82.971539,"41500 Hayes Rd, Clinton Township, MI, 48038",41500 Hayes Rd,Clinton Township,MI,48038,,,ALDI,active,USA,1314144
12930,2026-07-17T18:14:37.179Z,467-060,"Aldi, Woodhaven",42.141506,-83.22778,"20076 West Rd, Woodhaven, MI, 48183",20076 West Rd,Woodhaven,MI,48183,,,ALDI,active,USA,1314479
12939,2026-07-17T18:14:37.357Z,467-061,"Aldi, Wyandotte",42.202999,-83.17979,"2931 Fort St, Wyandotte, MI, 48192",2931 Fort St,Wyandotte,MI,48192,,,ALDI,active,USA,1312715
12951,2026-07-17T18:14:37.357Z,467-062,"Aldi, Ypsilanti",42.22074,-83.61925,"1420 S Huron St, Ypsilanti, MI, 48197",1420 S Huron St,Ypsilanti,MI,48197,,,ALDI,active,USA,1312881
12753,2026-07-17T18:14:37.179Z,467-063,"Aldi, Van Buren Township",42.229614,-83.4845075,"10017 Belleville Rd, Van Buren Township, MI, 48111",10017 Belleville Rd,Van Buren Township,MI,48111,,,ALDI,active,USA,1312892
12148,2026-07-17T18:14:36.171Z,467-064,"Aldi, Owosso",42.997329,-84.138217,"1630 E Main Street, Owosso, MI, 48867",1630 E Main Street,Owosso,MI,48867,,,ALDI,active,USA,1314152
12815,2026-07-17T18:14:37.179Z,467-065,"Aldi, Waterford",42.661247,-83.387551,"5038 Highland Rd, Waterford, MI, 48327",5038 Highland Rd,Waterford,MI,48327,,,ALDI,active,USA,1312184
10659,2026-07-17T18:14:32.256Z,467-066,"Aldi, Canton",42.321504,-83.456377,"42053 Ford Rd, Canton, MI, 48187",42053 Ford Rd,Canton,MI,48187,,,ALDI,active,USA,1313434
12862,2026-07-17T18:14:37.179Z,467-067,"Aldi, Westland",42.304771,-83.38766,"707 S Wayne Rd, Westland, MI, 48186",707 S Wayne Rd,Westland,MI,48186,,,ALDI,active,USA,1314140
11380,2026-07-17T18:14:34.665Z,467-068,"Aldi, Highland Park",42.409887,-83.101229,"15111 Woodward Ave, Highland Park, MI, 48203",15111 Woodward Ave,Highland Park,MI,48203,,,ALDI,active,USA,1314138
11034,2026-07-17T18:14:33.514Z,467-069,"Aldi, Eastpointe",42.466055,-82.923917,"18867 E 9 Mile Rd, Eastpointe, MI, 48021",18867 E 9 Mile Rd,Eastpointe,MI,48021,,,ALDI,active,USA,1314146
10991,2026-07-17T18:14:33.514Z,467-070,"Aldi, Detroit",42.448964,-82.970171,"15415 Gratiot Ave, Detroit, MI, 48205",15415 Gratiot Ave,Detroit,MI,48205,,,ALDI,active,USA,1314136
12563,2026-07-17T18:14:36.877Z,467-071,"Aldi, Southgate",42.198048,-83.221116,"17379 Eureka Road, Southgate, MI, 48195",17379 Eureka Road,Southgate,MI,48195,,,ALDI,active,USA,1314147
10992,2026-07-17T18:14:33.514Z,467-072,"Aldi, Detroit",42.386255,-82.948972,"14708 Mack Ave, Detroit, MI, 48215",14708 Mack Ave,Detroit,MI,48215,,,ALDI,active,USA,1312116
10341,2026-07-17T18:14:31.811Z,467-073,"Aldi, Adrian",41.874039,-84.035316,"1427 E Us 223, Adrian, MI, 49221",1427 E Us 223,Adrian,MI,49221,,,ALDI,active,USA,1312722
11125,2026-07-17T18:14:33.514Z,467-074,"Aldi, Ferndale",42.446486,-83.154114,"8228 W Eight Mile Rd, Ferndale, MI, 48220",8228 W Eight Mile Rd,Ferndale,MI,48220,,,ALDI,active,USA,1314148
11224,2026-07-17T18:14:34.070Z,467-077,"Aldi, Garden City",42.324958,-83.336975,"30005 Ford Road, Garden City, MI, 48135",30005 Ford Road,Garden City,MI,48135,,,ALDI,active,USA,1314149
12346,2026-07-17T18:14:36.487Z,467-078,"Aldi, Redford",42.432364,-83.298855,"25851 Grand River Avenue, Redford, MI, 48240",25851 Grand River Avenue,Redford,MI,48240,,,ALDI,active,USA,1313431
10823,2026-07-17T18:14:32.770Z,467-079,"Aldi, Clinton Township",42.543749,-82.904925,"33650 Gratiot Avenue, Clinton Township, MI, 48035",33650 Gratiot Avenue,Clinton Township,MI,48035,,,ALDI,active,USA,1314143
12942,2026-07-17T18:14:37.357Z,467-080,"Aldi, Wyoming",42.912513,-85.684871,"2840 Clyde Park Ave Sw, Wyoming, MI, 49509",2840 Clyde Park Ave Sw,Wyoming,MI,49509,,,ALDI,active,USA,1312124
11132,2026-07-17T18:14:33.514Z,467-081,"Aldi, Flint",43.002879,-83.763578,"4270 Corunna Road, Flint, MI, 48532",4270 Corunna Road,Flint,MI,48532,,,ALDI,active,USA,1314153
11142,2026-07-17T18:14:34.070Z,467-082,"Aldi, Flushing",43.060963,-83.785577,"5340 W Pierson Rd, Flushing, MI, 48433",5340 W Pierson Rd,Flushing,MI,48433,,,ALDI,active,USA,1314142
10824,2026-07-17T18:14:32.770Z,467-084,"Aldi, Clinton Township",42.592074,-82.901107,"39827 S Groesbeck Hwy, Clinton Township, MI, 48036",39827 S Groesbeck Hwy,Clinton Township,MI,48036,,,ALDI,active,USA,1312769
12520,2026-07-17T18:14:36.487Z,467-085,"Aldi, Shelby Township",42.642931,-83.031705,"47342 Van Dyke Ave, Shelby Township, MI, 48317",47342 Van Dyke Ave,Shelby Township,MI,48317,,,ALDI,active,USA,1313494
10834,2026-07-17T18:14:32.770Z,467-086,"Aldi, Coldwater",41.935723,-84.966439,"811 E Chicago Street, Coldwater, MI, 49036",811 E Chicago Street,Coldwater,MI,49036,,,ALDI,active,USA,1314137
12943,2026-07-17T18:14:37.357Z,467-087,"Aldi, Wyoming",42.866304,-85.671046,"289 54th Street Sw, Wyoming, MI, 49548",289 54th Street Sw,Wyoming,MI,49548,,,ALDI,active,USA,1314475
12062,2026-07-17T18:14:35.837Z,467-088,"Aldi, Oak Park",42.485461,-83.200918,"26300 Greenfield Road, Oak Park, MI, 48237",26300 Greenfield Road,Oak Park,MI,48237,,,ALDI,active,USA,1314135
12615,2026-07-17T18:14:36.877Z,467-089,"Aldi, Sterling Heights",42.544392,-83.028077,"34030 Van Dyke Avenue, Sterling Heights, MI, 48312",34030 Van Dyke Avenue,Sterling Heights,MI,48312,,,ALDI,active,USA,1314476
12716,2026-07-17T18:14:36.877Z,467-090,"Aldi, Troy",42.565424,-83.089934,"2967 E Big Beaver, Troy, MI, 48083",2967 E Big Beaver,Troy,MI,48083,,,ALDI,active,USA,1314145
11687,2026-07-17T18:14:35.092Z,467-091,"Aldi, Lincoln Park",42.250214,-83.175082,"1200 Southfield Road, Lincoln Park, MI, 48146",1200 Southfield Road,Lincoln Park,MI,48146,,,ALDI,active,USA,1314141
11113,2026-07-17T18:14:33.514Z,467-092,"Aldi, Farmington Hills",42.5243,-83.358793,"30790 Orchard Lake Rd, Farmington Hills, MI, 48334",30790 Orchard Lake Rd,Farmington Hills,MI,48334,,,ALDI,active,USA,1314471
10864,2026-07-17T18:14:32.770Z,467-093,"Aldi, Commerce Twp",42.555941,-83.439536,"2155 Haggerty Rd, Commerce Twp, MI, 48390",2155 Haggerty Rd,Commerce Twp,MI,48390,,,ALDI,active,USA,1313415
12924,2026-07-17T18:14:37.179Z,467-094,"Aldi, Wixom",42.503385,-83.537061,"28971 S Wixom Rd, Wixom, MI, 48393",28971 S Wixom Rd,Wixom,MI,48393,,,ALDI,active,USA,1312883
10804,2026-07-17T18:14:32.770Z,467-095,"Aldi, Clawson",42.532193,-83.161423,"1035 W 14 Mile Rd, Clawson, MI, 48017",1035 W 14 Mile Rd,Clawson,MI,48017,,,ALDI,active,USA,1312716
12387,2026-07-17T18:14:36.487Z,467-096,"Aldi, Rochester Hills",42.664296,-83.133971,"1106 S Rochester Rd, Rochester Hills, MI, 48307",1106 S Rochester Rd,Rochester Hills,MI,48307,,,ALDI,active,USA,1313432
12347,2026-07-17T18:14:36.487Z,467-097,"Aldi, Redford",42.359299,-83.276282,"9009 Telegraph Rd, Redford, MI, 48239",9009 Telegraph Rd,Redford,MI,48239,,,ALDI,active,USA,1314473
12798,2026-07-17T18:14:37.179Z,467-098,"Aldi, Warren",42.508427,-83.048703,"29475 Mound Rd, Warren, MI, 48092",29475 Mound Rd,Warren,MI,48092,,,ALDI,active,USA,1312213
10697,2026-07-17T18:14:32.256Z,467-102,"Aldi, Cedar Springs",43.22052,-85.57876,"14050 Edgerton Ave, Cedar Springs, MI, 49319",14050 Edgerton Ave,Cedar Springs,MI,49319,,,ALDI,active,USA,1314464
11951,2026-07-17T18:14:35.837Z,467-103,"Aldi, Muskegon",43.23588,-86.20272,"1680 East Apple Ave, Muskegon, MI, 49442",1680 East Apple Ave,Muskegon,MI,49442,,,ALDI,active,USA,1313495
12418,2026-07-17T18:14:36.487Z,467-104,"Aldi, Roseville",42.48527,-82.9454,"25671 Gratiot Avenue, Roseville, MI, 48066",25671 Gratiot Avenue,Roseville,MI,48066,,,ALDI,active,USA,1314465
10367,2026-07-17T18:14:31.811Z,467-105,"Aldi, Allen Park",42.27916,-83.21504,"23035 West Outer Drive, Allen Park, MI, 48101",23035 West Outer Drive,Allen Park,MI,48101,,,ALDI,active,USA,1312896
11306,2026-07-17T18:14:34.070Z,467-107,"Aldi, Greenville",43.17663,-85.28713,"2009 W Washington St, Greenville, MI, 48838",2009 W Washington St,Greenville,MI,48838,,,ALDI,active,USA,1312768
11430,2026-07-17T18:14:34.665Z,467-108,"Aldi, Hudsonville",42.84177,-85.86104,"4010 32nd Avenue, Hudsonville, MI, 49426",4010 32nd Avenue,Hudsonville,MI,49426,,,ALDI,active,USA,1313486
12883,2026-07-17T18:14:37.179Z,467-109,"Aldi, White Lake",42.658693,-83.465015,"9054 Highland Road, White Lake, MI, 48386",9054 Highland Road,White Lake,MI,48386,,,ALDI,active,USA,1313422
10373,2026-07-17T18:14:31.811Z,467-110,"Aldi, Alpena",45.06282,-83.48802,"1051 Crittenden Ct, Alpena, MI, 49707",1051 Crittenden Ct,Alpena,MI,49707,,,ALDI,active,USA,1312888
11478,2026-07-17T18:14:34.665Z,467-111,"Aldi, Jackson",42.25417,-84.36621,"3021 East Michigan Ave, Jackson, MI, 49202",3021 East Michigan Ave,Jackson,MI,49202,,,ALDI,active,USA,1312118
10673,2026-07-17T18:14:32.256Z,467-112,"Aldi, Caro",43.50199,-83.38085,"1181 E Caro Rd, Caro, MI, 48723",1181 E Caro Rd,Caro,MI,48723,,,ALDI,active,USA,1312762
12638,2026-07-17T18:14:36.877Z,467-113,"Aldi, Sturgis",41.790209,-85.43046,"811 S Centerville Rd, Sturgis, MI, 49091",811 S Centerville Rd,Sturgis,MI,49091,,,ALDI,active,USA,1313418
12519,2026-07-17T18:14:36.487Z,467-114,"Aldi, Shelby Township",42.62999,-82.98433,"14257 Hall Rd, Shelby Township, MI, 48315",14257 Hall Rd,Shelby Township,MI,48315,,,ALDI,active,USA,1312765
11199,2026-07-17T18:14:34.070Z,467-115,"Aldi, Fremont",43.4679,-85.98024,"7215 W 48th St, Fremont, MI, 49412",7215 W 48th St,Fremont,MI,49412,,,ALDI,active,USA,1312120
11901,2026-07-17T18:14:35.558Z,467-116,"Aldi, Monroe",41.93966,-83.40558,"1270 N Telegraph Rd, Monroe, MI, 48162",1270 N Telegraph Rd,Monroe,MI,48162,,,ALDI,active,USA,1312882
10952,2026-07-17T18:14:33.514Z,467-117,"Aldi, Dearborn Heights",42.26985,-83.2723,"24130 Van Born Road, Dearborn Heights, MI, 48125",24130 Van Born Road,Dearborn Heights,MI,48125,,,ALDI,active,USA,1312891
11860,2026-07-17T18:14:35.558Z,467-118,"Aldi, Midland",43.60553,-84.16865,"4801 Bay City Rd, Midland, MI, 48642",4801 Bay City Rd,Midland,MI,48642,,,ALDI,active,USA,1312723
12618,2026-07-17T18:14:36.877Z,467-119,"Aldi, Stevensville",42.02534,-86.52108,"5110 Red Arrow Hwy, Stevensville, MI, 49127",5110 Red Arrow Hwy,Stevensville,MI,49127,,,ALDI,active,USA,1313488
12282,2026-07-17T18:14:36.171Z,467-140,"Aldi, Portage",42.24422,-85.59138,"5070 S Westnedge Ave, Portage, MI, 49002",5070 S Westnedge Ave,Portage,MI,49002,,,ALDI,active,USA,1313429
12388,2026-07-17T18:14:36.487Z,467-141,"Aldi, Rochester Hills",42.6414,-83.20244,"2636 South Adams Road, Rochester Hills, MI, 48309",2636 South Adams Road,Rochester Hills,MI,48309,,,ALDI,active,USA,1312886
11388,2026-07-17T18:14:34.665Z,467-143,"Aldi, Hillsdale",41.95178,-84.65968,"3751 West Carleton Rd, Hillsdale, MI, 49242",3751 West Carleton Rd,Hillsdale,MI,49242,,,ALDI,active,USA,1313420
11270,2026-07-17T18:14:34.070Z,467-144,"Aldi, Grand Haven",43.0312,-86.21564,"17233 Hayes St, Grand Haven, MI, 49417",17233 Hayes St,Grand Haven,MI,49417,,,ALDI,active,USA,1312746
12011,2026-07-17T18:14:35.837Z,467-145,"Aldi, Niles",41.79862,-86.24924,"1832 S 11th St, Niles, MI, 49120",1832 S 11th St,Niles,MI,49120,,,ALDI,active,USA,1313487
12674,2026-07-17T18:14:36.877Z,467-149,"Aldi, Taylor",42.19514,-83.26043,"23351 Eureka Rd, Taylor, MI, 48180",23351 Eureka Rd,Taylor,MI,48180,,,ALDI,active,USA,1312119
11129,2026-07-17T18:14:33.514Z,467-156,"Aldi, Flat Rock",42.10672,-83.28679,"27319 Telegraph Road, Flat Rock, MI, 48134",27319 Telegraph Road,Flat Rock,MI,48134,,,ALDI,active,USA,1312767
12880,2026-07-17T18:14:37.179Z,467-157,"Aldi, Whitehall",43.40873,-86.32215,"3255 Colby Rd Ste B, Whitehall, MI, 49461",3255 Colby Rd Ste B,Whitehall,MI,49461,,,ALDI,active,USA,1313489
11220,2026-07-17T18:14:34.070Z,468-002,"Aldi, Galesburg",40.980027,-90.365063,"2660 North Seminary Street, Galesburg, IL, 61401",2660 North Seminary Street,Galesburg,IL,61401,,,ALDI,active,USA,1312627
11742,2026-07-17T18:14:35.558Z,468-003,"Aldi, Macomb",40.459572,-90.648987,"1540 East Jackson Street, Macomb, IL, 61455",1540 East Jackson Street,Macomb,IL,61455,,,ALDI,active,USA,1312684
12584,2026-07-17T18:14:36.877Z,468-004,"Aldi, Springfield",39.75089,-89.7103,"3425 Freedom Drive, Springfield, IL, 62704",3425 Freedom Drive,Springfield,IL,62704,,,ALDI,active,USA,1312686
11947,2026-07-17T18:14:35.837Z,468-005,"Aldi, Muscatine",41.4594,-91.01964,"3200 Northport Drive, Muscatine, IA, 52761",3200 Northport Drive,Muscatine,IA,52761,,,ALDI,active,USA,1312597
11706,2026-07-17T18:14:35.092Z,468-007,"Aldi, Lockport",41.59442,-88.02722,"16060 South Farrell Road, Lockport, IL, 60441",16060 South Farrell Road,Lockport,IL,60441,,,ALDI,active,USA,1314057
12018,2026-07-17T18:14:35.837Z,468-008,"Aldi, Normal",40.51582,-88.95204,"301 Greenbriar Drive, Normal, IL, 61761",301 Greenbriar Drive,Normal,IL,61761,,,ALDI,active,USA,1312689
10547,2026-07-17T18:14:32.256Z,468-009,"Aldi, Bolingbrook",41.68952,-88.07019,"351 Brookview Lane, Bolingbrook, IL, 60440",351 Brookview Lane,Bolingbrook,IL,60440,,,ALDI,active,USA,1312682
12205,2026-07-17T18:14:36.171Z,468-010,"Aldi, Peoria",40.729237,-89.612141,"3420 North University Stree, Peoria, IL, 61604",3420 North University Stree,Peoria,IL,61604,,,ALDI,active,USA,1312659
12612,2026-07-17T18:14:36.877Z,468-011,"Aldi, Sterling",41.81041,-89.65462,"3409 East Lincolnway, Sterling, IL, 61081",3409 East Lincolnway,Sterling,IL,61081,,,ALDI,active,USA,1314442
12310,2026-07-17T18:14:36.171Z,468-012,"Aldi, Princeton",41.39319,-89.46607,"146 Backbone Rd E, Princeton, IL, 61356",146 Backbone Rd E,Princeton,IL,61356,,,ALDI,active,USA,1312626
12210,2026-07-17T18:14:36.171Z,468-013,"Aldi, Peru",41.33988,-89.11801,"951 Shooting Park Road, Peru, IL, 61354",951 Shooting Park Road,Peru,IL,61354,,,ALDI,active,USA,1312692
10546,2026-07-17T18:14:32.256Z,468-014,"Aldi, Bolingbrook",41.725736,-88.036893,"734 East Boughton Road, Bolingbrook, IL, 60440",734 East Boughton Road,Bolingbrook,IL,60440,,,ALDI,active,USA,1312698
10942,2026-07-17T18:14:33.514Z,468-015,"Aldi, Davenport",41.5368,-90.57476,"1702 Brady Street, Davenport, IA, 52803",1702 Brady Street,Davenport,IA,52803,,,ALDI,active,USA,1312551
10545,2026-07-17T18:14:32.256Z,468-016,"Aldi, Bolingbrook",41.7047578,-88.1274252,"317 N Weber Rd, Bolingbrook, IL, 60490",317 N Weber Rd,Bolingbrook,IL,60490,,,ALDI,active,USA,1312704
11919,2026-07-17T18:14:35.558Z,468-018,"Aldi, Morris",41.3866,-88.4178,"355 East Us Route 6, Morris, IL, 60450",355 East Us Route 6,Morris,IL,60450,,,ALDI,active,USA,1312013
10822,2026-07-17T18:14:32.770Z,468-019,"Aldi, Clinton",41.814843,-90.247195,"2575 Lincoln Way, Clinton, IA, 52732",2575 Lincoln Way,Clinton,IA,52732,,,ALDI,active,USA,1312603
12587,2026-07-17T18:14:36.877Z,468-020,"Aldi, Springfield",39.841127,-89.605536,"2731 North Dirksen Parkway, Springfield, IL, 62702",2731 North Dirksen Parkway,Springfield,IL,62702,,,ALDI,active,USA,1314443
12260,2026-07-17T18:14:36.171Z,468-022,"Aldi, Plainfield",41.631037,-88.201995,"13843 S Route 59, Plainfield, IL, 60544",13843 S Route 59,Plainfield,IL,60544,,,ALDI,active,USA,1312634
11894,2026-07-17T18:14:35.558Z,468-023,"Aldi, Moline",41.49066,-90.47688,"4211 Avenue Of The Cities, Moline, IL, 61265",4211 Avenue Of The Cities,Moline,IL,61265,,,ALDI,active,USA,1312638
11686,2026-07-17T18:14:35.092Z,468-024,"Aldi, Lincoln",40.15851,-89.40193,"2500 Woodlawn Road, Lincoln, IL, 62656",2500 Woodlawn Road,Lincoln,IL,62656,,,ALDI,active,USA,1314345
12397,2026-07-17T18:14:36.487Z,468-025,"Aldi, Rock Island",41.49208,-90.54812,"1880 38th Street, Rock Island, IL, 61201",1880 38th Street,Rock Island,IL,61201,,,ALDI,active,USA,1312710
11000,2026-07-17T18:14:33.514Z,468-026,"Aldi, Dixon",41.82386,-89.47314,"1760 South Galena Avenue, Dixon, IL, 61021",1760 South Galena Avenue,Dixon,IL,61021,,,ALDI,active,USA,1312664
12192,2026-07-17T18:14:36.171Z,468-027,"Aldi, Pekin",40.54536,-89.59675,"3475 Court Street, Pekin, IL, 61554",3475 Court Street,Pekin,IL,61554,,,ALDI,active,USA,1314446
10953,2026-07-17T18:14:33.514Z,468-028,"Aldi, Decatur",39.81682,-88.87911,"2075 S Mount Zion Rd, Decatur, IL, 62521",2075 S Mount Zion Rd,Decatur,IL,62521,,,ALDI,active,USA,1312571
11185,2026-07-17T18:14:34.070Z,468-031,"Aldi, Frankfort",41.5224,-87.85144,"20230 Lagrange Road, Frankfort, IL, 60423",20230 Lagrange Road,Frankfort,IL,60423,,,ALDI,active,USA,1312683
11895,2026-07-17T18:14:35.558Z,468-033,"Aldi, Moline",41.46888,-90.52732,"710 42nd Avenue Drive, Moline, IL, 61265",710 42nd Avenue Drive,Moline,IL,61265,,,ALDI,active,USA,1312020
12264,2026-07-17T18:14:36.171Z,468-034,"Aldi, Plano",41.653647,-88.567441,"7030 Burroughs Avenue, Plano, IL, 60545",7030 Burroughs Avenue,Plano,IL,60545,,,ALDI,active,USA,1312678
10656,2026-07-17T18:14:32.256Z,468-036,"Aldi, Canton",40.55647,-90.028516,"20 North 5th Avenue, Canton, IL, 61520",20 North 5th Avenue,Canton,IL,61520,,,ALDI,active,USA,1312622
11794,2026-07-17T18:14:35.558Z,468-037,"Aldi, Mattoon",39.48319,-88.32968,"1220 Fort Worth Way, Mattoon, IL, 61938",1220 Fort Worth Way,Mattoon,IL,61938,,,ALDI,active,USA,1312639
11524,2026-07-17T18:14:34.665Z,468-038,"Aldi, Kankakee",41.08338,-87.87015,"2705 South Schuyler Avenue, Kankakee, IL, 60901",2705 South Schuyler Avenue,Kankakee,IL,60901,,,ALDI,active,USA,1312654
10553,2026-07-17T18:14:32.256Z,468-039,"Aldi, Bourbonnais",41.189148,-87.851418,"2051 N State Route 50, Bourbonnais, IL, 60914",2051 N State Route 50,Bourbonnais,IL,60914,,,ALDI,active,USA,1312553
11513,2026-07-17T18:14:34.665Z,468-040,"Aldi, Joliet",41.523177,-88.146599,"2601 W Jefferson St, Joliet, IL, 60435",2601 W Jefferson St,Joliet,IL,60435,,,ALDI,active,USA,1314061
12526,2026-07-17T18:14:36.487Z,468-042,"Aldi, Shorewood",41.535519,-88.202067,"665 Brook Forest Ave, Shorewood, IL, 60404",665 Brook Forest Ave,Shorewood,IL,60404,,,ALDI,active,USA,1312696
12259,2026-07-17T18:14:36.171Z,468-044,"Aldi, Plainfield",41.56351,-88.20149,"2301 Route 59, Plainfield, IL, 60586",2301 Route 59,Plainfield,IL,60586,,,ALDI,active,USA,1312660
11514,2026-07-17T18:14:34.665Z,468-045,"Aldi, Joliet",41.57344,-88.15595,"3080 Hennepin Drive, Joliet, IL, 60431",3080 Hennepin Drive,Joliet,IL,60431,,,ALDI,active,USA,1314436
12632,2026-07-17T18:14:36.877Z,468-046,"Aldi, Streator",41.1412,-88.83505,"1725 N Bloomington Street, Streator, IL, 61364",1725 N Bloomington Street,Streator,IL,61364,,,ALDI,active,USA,1314039
12949,2026-07-17T18:14:37.357Z,468-047,"Aldi, Yorkville",41.66013,-88.44144,"1610 Bridge Street, Yorkville, IL, 60560",1610 Bridge Street,Yorkville,IL,60560,,,ALDI,active,USA,1312701
10955,2026-07-17T18:14:33.514Z,468-048,"Aldi, Decatur",39.877865,-88.951861,"510 E Pershing Rd, Decatur, IL, 62526",510 E Pershing Rd,Decatur,IL,62526,,,ALDI,active,USA,1312690
12136,2026-07-17T18:14:36.171Z,468-049,"Aldi, Ottawa",41.3699,-88.83429,"2710 Columbus Street, Ottawa, IL, 61350",2710 Columbus Street,Ottawa,IL,61350,,,ALDI,active,USA,1312631
12257,2026-07-17T18:14:36.171Z,468-050,"Aldi, Plainfield",41.56585,-88.2746,"2450 Ridge Rd, Plainfield, IL, 60586",2450 Ridge Rd,Plainfield,IL,60586,,,ALDI,active,USA,1314430
12279,2026-07-17T18:14:36.171Z,468-051,"Aldi, Pontiac",40.87184,-88.65782,"701 Rittenhouse Drive, Pontiac, IL, 61764",701 Rittenhouse Drive,Pontiac,IL,61764,,,ALDI,active,USA,1312590
10532,2026-07-17T18:14:31.811Z,468-054,"Aldi, Bloomington",40.4867903,-89.0353411,"907 Maple Hill Rd, Bloomington, IL, 61705",907 Maple Hill Rd,Bloomington,IL,61705,,,ALDI,active,USA,1312703
10533,2026-07-17T18:14:31.811Z,468-055,"Aldi, Bloomington",40.45961,-88.961179,"2121 Village Lane, Bloomington, IL, 61704",2121 Village Lane,Bloomington,IL,61704,,,ALDI,active,USA,1312674
10881,2026-07-17T18:14:32.770Z,468-056,"Aldi, Coralville",41.700246,-91.610793,"2750 Heartland Dr, Coralville, IA, 52241",2750 Heartland Dr,Coralville,IA,52241,,,ALDI,active,USA,1312595
12033,2026-07-17T18:14:35.837Z,468-057,"Aldi, North Liberty",41.75431,-91.60814,"725 Hwy 965 Ne, North Liberty, IA, 52317",725 Hwy 965 Ne,North Liberty,IA,52317,,,ALDI,active,USA,1312567
11775,2026-07-17T18:14:35.558Z,468-058,"Aldi, Marion",42.03667,-91.55585,"1001 50th Street, Marion, IA, 52302",1001 50th Street,Marion,IA,52302,,,ALDI,active,USA,1312015
12590,2026-07-17T18:14:36.877Z,468-059,"Aldi, Springfield",39.7477,-89.6412,"3736 Octavus Via, Springfield, IL, 62703",3736 Octavus Via,Springfield,IL,62703,,,ALDI,active,USA,1312670
11033,2026-07-17T18:14:33.514Z,468-060,"Aldi, East Peoria",40.67388,-89.5845,"251 Clock Tower Dr, East Peoria, IL, 61611",251 Clock Tower Dr,East Peoria,IL,61611,,,ALDI,active,USA,1312708
10696,2026-07-17T18:14:32.256Z,468-061,"Aldi, Cedar Rapids",42.03346,-91.68568,"5425 Blairs Forest Blvd Ne, Cedar Rapids, IA, 52402",5425 Blairs Forest Blvd Ne,Cedar Rapids,IA,52402,,,ALDI,active,USA,1312605
10694,2026-07-17T18:14:32.256Z,468-062,"Aldi, Cedar Rapids",41.96072,-91.71754,"1860 Edgewood Road Sw, Cedar Rapids, IA, 52404",1860 Edgewood Road Sw,Cedar Rapids,IA,52404,,,ALDI,active,USA,1312545
12411,2026-07-17T18:14:36.487Z,468-063,"Aldi, Romeoville",41.61059,-88.12403,"398 South Weber Road, Romeoville, IL, 60446",398 South Weber Road,Romeoville,IL,60446,,,ALDI,active,USA,1312669
10695,2026-07-17T18:14:32.256Z,468-064,"Aldi, Cedar Rapids",42.029498,-91.627521,"180 Collins Road Ne Suite D, Cedar Rapids, IA, 52402",180 Collins Road Ne Suite D,Cedar Rapids,IA,52402,,,ALDI,active,USA,1312558
11399,2026-07-17T18:14:34.665Z,468-065,"Aldi, Homer Glen",41.63029,-87.92595,"14245 South Greystone Drive, Homer Glen, IL, 60491",14245 South Greystone Drive,Homer Glen,IL,60491,,,ALDI,active,USA,1314435
11663,2026-07-17T18:14:35.092Z,468-066,"Aldi, Lemont",41.65521,-87.99803,"1237 South State Street, Lemont, IL, 60439",1237 South State Street,Lemont,IL,60439,,,ALDI,active,USA,1312671
11470,2026-07-17T18:14:34.665Z,468-067,"Aldi, Iowa City",41.646408,-91.549434,"760 Ruppert Road, Iowa City, IA, 52246",760 Ruppert Road,Iowa City,IA,52246,,,ALDI,active,USA,1312604
10625,2026-07-17T18:14:32.256Z,468-068,"Aldi, Burlington",40.814234,-91.136519,"3135 Agency Street, Burlington, IA, 52601",3135 Agency Street,Burlington,IA,52601,,,ALDI,active,USA,1312543
12204,2026-07-17T18:14:36.171Z,468-070,"Aldi, Peoria",40.79911,-89.63211,"9129 N Allen Rd, Peoria, IL, 61615",9129 N Allen Rd,Peoria,IL,61615,,,ALDI,active,USA,1312586
10714,2026-07-17T18:14:32.256Z,468-073,"Aldi, Charleston",39.487394,-88.156563,"2240 Shawnee Dr, Charleston, IL, 61920",2240 Shawnee Dr,Charleston,IL,61920,,,ALDI,active,USA,1314047
12113,2026-07-17T18:14:35.837Z,468-076,"Aldi, Orland Hills",41.5987,-87.8456,"9271 West 159th Street, Orland Hills, IL, 60487",9271 West 159th Street,Orland Hills,IL,60487,,,ALDI,active,USA,1312589
12697,2026-07-17T18:14:36.877Z,468-077,"Aldi, Tinley Park",41.600438,-87.796379,"16000 Harlem Ave, Tinley Park, IL, 60477",16000 Harlem Ave,Tinley Park,IL,60477,,,ALDI,active,USA,1312650
10517,2026-07-17T18:14:31.811Z,468-079,"Aldi, Bettendorf",41.555975,-90.483041,"3221 Devils Glen Road, Bettendorf, IA, 52722",3221 Devils Glen Road,Bettendorf,IA,52722,,,ALDI,active,USA,1312547
10943,2026-07-17T18:14:33.514Z,468-080,"Aldi, Davenport",41.57342,-90.53105,"5262 Elmore Avenue, Davenport, IA, 52807",5262 Elmore Avenue,Davenport,IA,52807,,,ALDI,active,USA,1312560
10945,2026-07-17T18:14:33.514Z,468-081,"Aldi, Davenport",41.560435,-90.628956,"3643 W Kimberly Rd, Davenport, IA, 52806",3643 W Kimberly Rd,Davenport,IA,52806,,,ALDI,active,USA,1312014
11993,2026-07-17T18:14:35.837Z,468-083,"Aldi, New Lenox",41.51276,-87.95843,"351 East Lincoln Highway, New Lenox, IL, 60451",351 East Lincoln Highway,New Lenox,IL,60451,,,ALDI,active,USA,1312680
12538,2026-07-17T18:14:36.877Z,468-084,"Aldi, Silvis",41.497636,-90.404616,"1210 18th Street, Silvis, IL, 61282",1210 18th Street,Silvis,IL,61282,,,ALDI,active,USA,1312679
11921,2026-07-17T18:14:35.558Z,468-085,"Aldi, Morton",40.628137,-89.463728,"100 E Courtland St, Morton, IL, 61550",100 E Courtland St,Morton,IL,61550,,,ALDI,active,USA,1312691
12805,2026-07-17T18:14:37.179Z,468-086,"Aldi, Washington",40.707952,-89.460301,"1997 Freedom Parkway, Washington, IL, 61571",1997 Freedom Parkway,Washington,IL,61571,,,ALDI,active,USA,1312573
10464,2026-07-17T18:14:31.811Z,468-087,"Aldi, Bartonville",40.64497,-89.680753,"3701 S Airport Rd, Bartonville, IL, 61607",3701 S Airport Rd,Bartonville,IL,61607,,,ALDI,active,USA,1312021
10937,2026-07-17T18:14:33.514Z,468-089,"Aldi, Danville",40.113855,-87.635223,"502 South Gilbert Street, Danville, IL, 61832",502 South Gilbert Street,Danville,IL,61832,,,ALDI,active,USA,1312617
10707,2026-07-17T18:14:32.256Z,468-090,"Aldi, Champaign",40.14875,-88.25623,"801 West Interstate Drive, Champaign, IL, 61822",801 West Interstate Drive,Champaign,IL,61822,,,ALDI,active,USA,1312607
12743,2026-07-17T18:14:37.179Z,468-091,"Aldi, Urbana",40.11386,-88.16423,"3102 East University Avenue, Urbana, IL, 61802",3102 East University Avenue,Urbana,IL,61802,,,ALDI,active,USA,1312687
12487,2026-07-17T18:14:36.487Z,468-092,"Aldi, Savoy",40.060896,-88.251098,"605 N Dunlap Ave, Savoy, IL, 61874",605 N Dunlap Ave,Savoy,IL,61874,,,ALDI,active,USA,1312697
10552,2026-07-17T18:14:32.256Z,468-093,"Aldi, Bourbonnais",41.162056,-87.892987,"950 Main St Nw, Bourbonnais, IL, 60914",950 Main St Nw,Bourbonnais,IL,60914,,,ALDI,active,USA,1314441
12128,2026-07-17T18:14:35.837Z,468-096,"Aldi, Orland Park",41.6511,-87.85264,"13145 Lagrange Road, Orland Park, IL, 60462",13145 Lagrange Road,Orland Park,IL,60462,,,ALDI,active,USA,1314055
12129,2026-07-17T18:14:35.837Z,468-097,"Aldi, Orland Park",41.564944,-87.89105,"11200 W 179th St, Orland Park, IL, 60467",11200 W 179th St,Orland Park,IL,60467,,,ALDI,active,USA,1312702
11653,2026-07-17T18:14:35.092Z,469-002,"Aldi, Leechburg",40.60547,-79.60684,"451 Hyde Park Rd Ste 270, Leechburg, PA, 15656",451 Hyde Park Rd Ste 270,Leechburg,PA,15656,,,ALDI,active,USA,1313280
12882,2026-07-17T18:14:37.179Z,469-003,"Aldi, White Hall",39.426489,-80.186764,"2600 Middletown Cmns 239, White Hall, WV, 26554",2600 Middletown Cmns 239,White Hall,WV,26554,,,ALDI,active,USA,1313742
12841,2026-07-17T18:14:37.179Z,469-004,"Aldi, Weirton",40.4001286,-80.55217561,"248 Three Springs Drive, Weirton, WV, 26062",248 Three Springs Drive,Weirton,WV,26062,,,ALDI,active,USA,1313741
12599,2026-07-17T18:14:36.877Z,469-005,"Aldi, Star City",39.656652,-79.988381,"3519 Monongahela Boulevard, Star City, WV, 26505",3519 Monongahela Boulevard,Star City,WV,26505,,,ALDI,active,USA,1313734
10801,2026-07-17T18:14:32.770Z,469-006,"Aldi, Clarksburg",39.260757,-80.284385,"555 Emily Dr, Clarksburg, WV, 26301",555 Emily Dr,Clarksburg,WV,26301,,,ALDI,active,USA,1313740
11929,2026-07-17T18:14:35.558Z,469-007,"Aldi, Mount Pleasant",40.125437,-79.550669,"100 Crossroads Plaza, Mount Pleasant, PA, 15666",100 Crossroads Plaza,Mount Pleasant,PA,15666,,,ALDI,active,USA,1313984
12738,2026-07-17T18:14:37.179Z,469-008,"Aldi, Uniontown",39.912921,-79.747002,"650 W Main St, Uniontown, PA, 15401",650 W Main St,Uniontown,PA,15401,,,ALDI,active,USA,1313305
10491,2026-07-17T18:14:31.811Z,469-009,"Aldi, Belle Vernon",40.135951,-79.841032,"780 Rostraver Road, Belle Vernon, PA, 15012",780 Rostraver Road,Belle Vernon,PA,15012,,,ALDI,active,USA,1313365
12836,2026-07-17T18:14:37.179Z,469-010,"Aldi, Waynesburg",39.898217,-80.146678,"210 Greene Plaza, Waynesburg, PA, 15370",210 Greene Plaza,Waynesburg,PA,15370,,,ALDI,active,USA,1313986
12748,2026-07-17T18:14:37.179Z,469-011,"Aldi, Valencia",40.69447022,-79.97247463,"1300 Robert William Dr, Valencia, PA, 16059",1300 Robert William Dr,Valencia,PA,16059,,,ALDI,active,USA,1313287
11297,2026-07-17T18:14:34.070Z,469-012,"Aldi, Greensburg",40.307178,-79.590399,"6207 Us-30 Suite 1027, Greensburg, PA, 15601",6207 Us-30 Suite 1027,Greensburg,PA,15601,,,ALDI,active,USA,1313336
11344,2026-07-17T18:14:34.665Z,469-013,"Aldi, Harmony",40.81227,-80.12703,"236 Perry Hwy, Harmony, PA, 16037",236 Perry Hwy,Harmony,PA,16037,,,ALDI,active,USA,1313396
12253,2026-07-17T18:14:36.171Z,469-015,"Aldi, Pittsburgh",40.48343,-79.94855,"450 56th St, Pittsburgh, PA, 15201",450 56th St,Pittsburgh,PA,15201,,,ALDI,active,USA,1313388
11924,2026-07-17T18:14:35.558Z,469-016,"Aldi, Moundsville",39.92779,-80.7501,"200 Lafayette Ave, Moundsville, WV, 26041",200 Lafayette Ave,Moundsville,WV,26041,,,ALDI,active,USA,1313736
11075,2026-07-17T18:14:33.514Z,469-017,"Aldi, Erie",42.15114,-79.995625,"4728 Buffalo Road, Erie, PA, 16510",4728 Buffalo Road,Erie,PA,16510,,,ALDI,active,USA,1313337
11371,2026-07-17T18:14:34.665Z,469-019,"Aldi, Hermitage",41.234604,-80.456749,"2909 E State St, Hermitage, PA, 16148",2909 E State St,Hermitage,PA,16148,,,ALDI,active,USA,1313382
11076,2026-07-17T18:14:33.514Z,469-020,"Aldi, Erie",42.101159,-80.140001,"2647 West 12th Street, Erie, PA, 16505",2647 West 12th Street,Erie,PA,16505,,,ALDI,active,USA,1313398
11074,2026-07-17T18:14:33.514Z,469-021,"Aldi, Erie",42.05118,-80.086364,"2222 Downs Drive, Erie, PA, 16509",2222 Downs Drive,Erie,PA,16509,,,ALDI,active,USA,1313331
11029,2026-07-17T18:14:33.514Z,469-023,"Aldi, East Liverpool",40.672319,-80.583052,"15849 Sr 170, East Liverpool, OH, 43920",15849 Sr 170,East Liverpool,OH,43920,,,ALDI,active,USA,1313930
12616,2026-07-17T18:14:36.877Z,469-024,"Aldi, Steubenville",40.369962,-80.672203,"4150 Mall Drive, Steubenville, OH, 43952",4150 Mall Drive,Steubenville,OH,43952,,,ALDI,active,USA,1312071
12434,2026-07-17T18:14:36.487Z,469-025,"Aldi, Saint Clairsville",40.078093,-80.871248,"68525 Addie Way, Saint Clairsville, OH, 43950",68525 Addie Way,Saint Clairsville,OH,43950,,,ALDI,active,USA,1313195
12602,2026-07-17T18:14:36.877Z,469-026,"Aldi, State College",40.83539,-77.80115,"780 Benner Pike, State College, PA, 16801",780 Benner Pike,State College,PA,16801,,,ALDI,active,USA,1313335
12603,2026-07-17T18:14:36.877Z,469-027,"Aldi, State College",40.80878,-77.9015,"1798 N Atherton Street, State College, PA, 16803",1798 N Atherton Street,State College,PA,16803,,,ALDI,active,USA,1313324
10378,2026-07-17T18:14:31.811Z,469-029,"Aldi, Altoona",40.49684,-78.388798,"1706 Mcmahon Road, Altoona, PA, 16602",1706 Mcmahon Road,Altoona,PA,16602,,,ALDI,active,USA,1313400
11452,2026-07-17T18:14:34.665Z,469-030,"Aldi, Indiana",40.602639,-79.190498,"2910 Oakland Avenue, Indiana, PA, 15701",2910 Oakland Avenue,Indiana,PA,15701,,,ALDI,active,USA,1313352
11511,2026-07-17T18:14:34.665Z,469-031,"Aldi, Johnstown",40.29706,-78.837876,"475 Galleria Drive, Johnstown, PA, 15904",475 Galleria Drive,Johnstown,PA,15904,,,ALDI,active,USA,1313379
12622,2026-07-17T18:14:36.877Z,469-032,"Aldi, St. Marys",41.41164,-78.56169,"818 South St Marys Street, St Marys, PA, 15857",818 South St Marys Street,St Marys,PA,15857,,,ALDI,active,USA,1313320
10899,2026-07-17T18:14:32.770Z,469-033,"Aldi, Cranberry",41.35148,-79.712545,"2415 State Rt 257, Cranberry, PA, 16319",2415 State Rt 257,Cranberry,PA,16319,,,ALDI,active,USA,1313351
11040,2026-07-17T18:14:33.514Z,469-034,"Aldi, Ebensburg",40.471354,-78.753131,"4490 Admiral Peary Hwy, Ebensburg, PA, 15931",4490 Admiral Peary Hwy,Ebensburg,PA,15931,,,ALDI,active,USA,1313346
11062,2026-07-17T18:14:33.514Z,469-035,"Aldi, Ellwood City",40.84614,-80.26413,"230 Route 288, Ellwood City, PA, 16117",230 Route 288,Ellwood City,PA,16117,,,ALDI,active,USA,1312109
11435,2026-07-17T18:14:34.665Z,469-037,"Aldi, Huntingdon",40.48257,-78.01571,"7495 Huntingdon Plz, Huntingdon, PA, 16652",7495 Huntingdon Plz,Huntingdon,PA,16652,,,ALDI,active,USA,1313362
11985,2026-07-17T18:14:35.837Z,469-038,"Aldi, New Castle",41.01521,-80.396159,"275 Dworman Ln, New Castle, PA, 16101",275 Dworman Ln,New Castle,PA,16101,,,ALDI,active,USA,1312099
10631,2026-07-17T18:14:32.256Z,469-039,"Aldi, Butler",40.876093,-79.945002,"300 Butler Commons, Butler, PA, 16001",300 Butler Commons,Butler,PA,16001,,,ALDI,active,USA,1313311
11917,2026-07-17T18:14:35.558Z,469-040,"Aldi, Morgantown",39.628918,-79.93195,"1351 Earl L Core Road, Morgantown, WV, 26505",1351 Earl L Core Road,Morgantown,WV,26505,,,ALDI,active,USA,1313735
11295,2026-07-17T18:14:34.070Z,469-041,"Aldi, Greensburg",40.301057,-79.521801,"119 Triangle Drive, Greensburg, PA, 15601",119 Triangle Drive,Greensburg,PA,15601,,,ALDI,active,USA,1313391
10447,2026-07-17T18:14:31.811Z,469-042,"Aldi, Baden",40.62733,-80.227242,"351 Logan Lane, Baden, PA, 15005",351 Logan Lane,Baden,PA,15005,,,ALDI,active,USA,1312174
11315,2026-07-17T18:14:34.070Z,469-043,"Aldi, Grove City",41.166896,-80.110493,"2 Pine Grv Village Drive, Grove City, PA, 16127",2 Pine Grv Village Drive,Grove City,PA,16127,,,ALDI,active,USA,1313387
12051,2026-07-17T18:14:35.837Z,469-044,"Aldi, North Versailles",40.369743,-79.779143,"100 Aldi Drive, North Versailles, PA, 15137",100 Aldi Drive,North Versailles,PA,15137,,,ALDI,active,USA,1313372
12247,2026-07-17T18:14:36.171Z,469-045,"Aldi, Pittsburgh",40.511982,-79.945041,"880 Butler Street, Pittsburgh, PA, 15223",880 Butler Street,Pittsburgh,PA,15223,,,ALDI,active,USA,1313283
11902,2026-07-17T18:14:35.558Z,469-046,"Aldi, Monroeville",40.444462,-79.712707,"1766 Golden Mile Highway, Monroeville, PA, 15146",1766 Golden Mile Highway,Monroeville,PA,15146,,,ALDI,active,USA,1313288
12864,2026-07-17T18:14:37.179Z,469-047,"Aldi, West Mifflin",40.340386,-79.954579,"239 Clairton Blvd, West Mifflin, PA, 15236",239 Clairton Blvd,West Mifflin,PA,15236,,,ALDI,active,USA,1312098
11903,2026-07-17T18:14:35.558Z,469-048,"Aldi, Monroeville",40.438539,-79.773,"3995 William Penn Highway, Monroeville, PA, 15146",3995 William Penn Highway,Monroeville,PA,15146,,,ALDI,active,USA,1312105
11805,2026-07-17T18:14:35.558Z,469-049,"Aldi, Meadville",41.623539,-80.20591,"16500 Conneaut Lake Road, Meadville, PA, 16335",16500 Conneaut Lake Road,Meadville,PA,16335,,,ALDI,active,USA,1313286
10800,2026-07-17T18:14:32.770Z,469-050,"Aldi, Clarion",41.197132,-79.392386,"22827 Route 68, Clarion, PA, 16214",22827 Route 68,Clarion,PA,16214,,,ALDI,active,USA,1313971
12810,2026-07-17T18:14:37.179Z,469-051,"Aldi, Washington",40.182418,-80.224213,"18 Trinity Point Drive, Washington, PA, 15301",18 Trinity Point Drive,Washington,PA,15301,,,ALDI,active,USA,1313381
12252,2026-07-17T18:14:36.171Z,469-052,"Aldi, Pittsburgh",40.457504,-80.166729,"100 Costco Drive, Pittsburgh, PA, 15205",100 Costco Drive,Pittsburgh,PA,15205,,,ALDI,active,USA,1313308
10514,2026-07-17T18:14:31.811Z,469-053,"Aldi, Bethel Park",40.335431,-80.02287,"5169 Library Road, Bethel Park, PA, 15102",5169 Library Road,Bethel Park,PA,15102,,,ALDI,active,USA,1313394
12198,2026-07-17T18:14:36.171Z,469-054,"Aldi, Penn Hills",40.463707,-79.827303,"16 Federal Drive, Penn Hills, PA, 15235",16 Federal Drive,Penn Hills,PA,15235,,,ALDI,active,USA,1313991
11148,2026-07-17T18:14:34.070Z,469-056,"Aldi, Forest Hills",40.416161,-79.848821,"2348 Ardmore Blvd, Forest Hills, PA, 15221",2348 Ardmore Blvd,Forest Hills,PA,15221,,,ALDI,active,USA,1313978
11305,2026-07-17T18:14:34.070Z,469-057,"Aldi, Greenville",41.412658,-80.357458,"33 Williamson Road, Greenville, PA, 16125",33 Williamson Road,Greenville,PA,16125,,,ALDI,active,USA,1313981
11896,2026-07-17T18:14:35.558Z,469-058,"Aldi, Monaca",40.678772,-80.30957,"101 Center Commons Blvd, Monaca, PA, 15061",101 Center Commons Blvd,Monaca,PA,15061,,,ALDI,active,USA,1313366
11634,2026-07-17T18:14:35.092Z,469-059,"Aldi, Latrobe",40.2867,-79.388734,"2301 Sharky's Drive, Latrobe, PA, 15650",2301 Sharky's Drive,Latrobe,PA,15650,,,ALDI,active,USA,1312100
12673,2026-07-17T18:14:36.877Z,469-060,"Aldi, Tarentum",40.56868,-79.802573,"1040 Village Center Drive, Tarentum, PA, 15084",1040 Village Center Drive,Tarentum,PA,15084,,,ALDI,active,USA,1313392
11992,2026-07-17T18:14:35.837Z,469-061,"Aldi, New Kensington",40.59028,-79.74937,"100 Tarentum Bridge Road, New Kensington, PA, 15068",100 Tarentum Bridge Road,New Kensington,PA,15068,,,ALDI,active,USA,1312095
10484,2026-07-17T18:14:31.811Z,469-062,"Aldi, Beaver Falls",40.774004,-80.372182,"2580 Constitution Blvd, Beaver Falls, PA, 15010",2580 Constitution Blvd,Beaver Falls,PA,15010,,,ALDI,active,USA,1313385
12317,2026-07-17T18:14:36.171Z,469-063,"Aldi, Punxsutawney",40.941725,-78.980484,"545 W Mahoning Street, Punxsutawney, PA, 15767",545 W Mahoning Street,Punxsutawney,PA,15767,,,ALDI,active,USA,1313989
11568,2026-07-17T18:14:35.092Z,469-064,"Aldi, Kittanning",40.81477,-79.544653,"12 Hilltop Plaza, Kittanning, PA, 16201",12 Hilltop Plaza,Kittanning,PA,16201,,,ALDI,active,USA,1313964
11911,2026-07-17T18:14:35.558Z,469-065,"Aldi, Moon Township",40.517798,-80.217141,"2830 Gracy Ctrway Ste100, Moon Township, PA, 15108",2830 Gracy Ctrway Ste100,Moon Township,PA,15108,,,ALDI,active,USA,1313339
10626,2026-07-17T18:14:32.256Z,469-066,"Aldi, Burnham",40.62975,-77.5809,"339 West Freedom Avenue, Burnham, PA, 17009",339 West Freedom Avenue,Burnham,PA,17009,,,ALDI,active,USA,1313979
12029,2026-07-17T18:14:35.837Z,469-067,"Aldi, North Huntingdon",40.318698,-79.693947,"8775 Norwin Avenue, North Huntingdon, PA, 15642",8775 Norwin Avenue,North Huntingdon,PA,15642,,,ALDI,active,USA,1313334
10372,2026-07-17T18:14:31.811Z,469-068,"Aldi, Allison Park",40.589194,-79.948487,"4578 Route 8, Allison Park, PA, 15101",4578 Route 8,Allison Park,PA,15101,,,ALDI,active,USA,1313270
12246,2026-07-17T18:14:36.171Z,469-069,"Aldi, Pittsburgh",40.55111,-80.022671,"6290 Northway Drive, Pittsburgh, PA, 15237",6290 Northway Drive,Pittsburgh,PA,15237,,,ALDI,active,USA,1313291
10900,2026-07-17T18:14:32.770Z,469-070,"Aldi, Cranberry Township",40.682383,-80.103589,"20111 Route 19, Cranberry Township, PA, 16066",20111 Route 19,Cranberry Township,PA,16066,,,ALDI,active,USA,1313348
12248,2026-07-17T18:14:36.171Z,469-072,"Aldi, Pittsburgh",40.384091,-80.014093,"3089 Sussex Avenue, Pittsburgh, PA, 15226",3089 Sussex Avenue,Pittsburgh,PA,15226,,,ALDI,active,USA,1313315
11801,2026-07-17T18:14:35.558Z,469-073,"Aldi, Mckees Rocks",40.465765,-80.055964,"114 Chartiers Ave, Mckees Rocks, PA, 15136",114 Chartiers Ave,Mckees Rocks,PA,15136,,,ALDI,active,USA,1313990
12558,2026-07-17T18:14:36.877Z,469-074,"Aldi, Somerset",40.037022,-79.073134,"1606 North Center Ave, Somerset, PA, 15501",1606 North Center Ave,Somerset,PA,15501,,,ALDI,active,USA,1313307
11008,2026-07-17T18:14:33.514Z,469-075,"Aldi, Dubois",41.123675,-78.726817,"5700 Shaffer Road, Dubois, PA, 15801",5700 Shaffer Road,Dubois,PA,15801,,,ALDI,active,USA,1312111
12895,2026-07-17T18:14:37.179Z,469-076,"Aldi, Wilkinsburg",40.44576,-79.88909,"401 Penn Ave, Wilkinsburg, PA, 15221",401 Penn Ave,Wilkinsburg,PA,15221,,,ALDI,active,USA,1313397
12877,2026-07-17T18:14:37.179Z,469-077,"Aldi, Wexford",40.630231,-80.05567,"11800 Perry Highway, Wexford, PA, 15090",11800 Perry Highway,Wexford,PA,15090,,,ALDI,active,USA,1313345
11803,2026-07-17T18:14:35.558Z,469-078,"Aldi, Mcmurray",40.267014,-80.127326,"4041 Washington Road, Mcmurray, PA, 15317",4041 Washington Road,Mcmurray,PA,15317,,,ALDI,active,USA,1313317
12250,2026-07-17T18:14:36.171Z,469-079,"Aldi, Pittsburgh",40.427552,-79.96783,"2628 East Carson Street, Pittsburgh, PA, 15203",2628 East Carson Street,Pittsburgh,PA,15203,,,ALDI,active,USA,1313975
12245,2026-07-17T18:14:36.171Z,469-080,"Aldi, Pittsburgh",40.458438,-79.934727,"5631 Baum Boulevard, Pittsburgh, PA, 15206",5631 Baum Boulevard,Pittsburgh,PA,15206,,,ALDI,active,USA,1313970
10578,2026-07-17T18:14:32.256Z,469-081,"Aldi, Bridgeville",40.354106,-80.112892,"3013 Washington Pike, Bridgeville, PA, 15017",3013 Washington Pike,Bridgeville,PA,15017,,,ALDI,active,USA,1313292
10564,2026-07-17T18:14:32.256Z,469-083,"Aldi, Bradford",41.979525,-78.678869,"1033 East Main Street, Bradford, PA, 16701",1033 East Main Street,Bradford,PA,16701,,,ALDI,active,USA,1313963
12092,2026-07-17T18:14:35.837Z,469-084,"Aldi, Olean",42.076375,-78.461766,"2731 West State Street, Olean, NY, 14760",2731 West State Street,Olean,NY,14760,,,ALDI,active,USA,1313159
11019,2026-07-17T18:14:33.514Z,469-086,"Aldi, Dunkirk",42.460423,-79.313915,"3878 Vineyard Drive, Dunkirk, NY, 14048",3878 Vineyard Drive,Dunkirk,NY,14048,,,ALDI,active,USA,1313101
11498,2026-07-17T18:14:34.665Z,469-087,"Aldi, Jamestown",42.098785,-79.289841,"930 Fairmount Avenue, Jamestown, NY, 14701",930 Fairmount Avenue,Jamestown,NY,14701,,,ALDI,active,USA,1313141
12796,2026-07-17T18:14:37.179Z,469-088,"Aldi, Warren",41.895834,-79.149892,"3917 Market Street, Warren, PA, 16365",3917 Market Street,Warren,PA,16365,,,ALDI,active,USA,1313285
11800,2026-07-17T18:14:35.558Z,469-089,"Aldi, Mckeesport",40.327856,-79.838685,"300 Eden Park Boulevard, Mckeesport, PA, 15132",300 Eden Park Boulevard,Mckeesport,PA,15132,,,ALDI,active,USA,1313961
12197,2026-07-17T18:14:36.171Z,469-090,"Aldi, Penn Hills",40.477511,-79.786034,"7350 Saltsburg Road, Penn Hills, PA, 15235",7350 Saltsburg Road,Penn Hills,PA,15235,,,ALDI,active,USA,1313284
12244,2026-07-17T18:14:36.171Z,469-091,"Aldi, Pittsburgh",40.464522,-79.939418,"5200 Penn Avenue, Pittsburgh, PA, 15224",5200 Penn Avenue,Pittsburgh,PA,15224,,,ALDI,active,USA,1312103
12243,2026-07-17T18:14:36.171Z,469-092,"Aldi, Pittsburgh",40.342632,-79.984238,"5239 Brownsville Rd, Pittsburgh, PA, 15236",5239 Brownsville Rd,Pittsburgh,PA,15236,,,ALDI,active,USA,1313360
12249,2026-07-17T18:14:36.171Z,469-093,"Aldi, Pittsburgh",40.536736,-80.012713,"7221 Mcknight Road, Pittsburgh, PA, 15237",7221 Mcknight Road,Pittsburgh,PA,15237,,,ALDI,active,USA,1313290
10364,2026-07-17T18:14:31.811Z,469-094,"Aldi, Aliquippa",40.607142,-80.277263,"2011 Sheffield Road, Aliquippa, PA, 15001",2011 Sheffield Road,Aliquippa,PA,15001,,,ALDI,active,USA,1313363
10632,2026-07-17T18:14:32.256Z,469-095,"Aldi, Butler",40.882548,-79.897953,"196 Bon Aire Plaza, Butler, PA, 16001",196 Bon Aire Plaza,Butler,PA,16001,,,ALDI,active,USA,1313338
10672,2026-07-17T18:14:32.256Z,469-096,"Aldi, Carnegie",40.397596,-80.085244,"1160 Washington Avenue, Carnegie, PA, 15106",1160 Washington Avenue,Carnegie,PA,15106,,,ALDI,active,USA,1313303
11401,2026-07-17T18:14:34.665Z,469-097,"Aldi, Homestead",40.407516,-79.912514,"127 East 7th Avenue, Homestead, PA, 15120",127 East 7th Avenue,Homestead,PA,15120,,,ALDI,active,USA,1313375
11639,2026-07-17T18:14:35.092Z,469-098,"Aldi, Lavale",39.62647,-78.840247,"12405 Winchester Rd Sw, Lavale, MD, 21502",12405 Winchester Rd Sw,Lavale,MD,21502,,,ALDI,active,USA,1312879
12251,2026-07-17T18:14:36.171Z,469-103,"Aldi, Pittsburgh",40.40587,-80.03596,"2515 Banksville Rd, Pittsburgh, PA, 15216",2515 Banksville Rd,Pittsburgh,PA,15216,,,ALDI,active,USA,1313376
10882,2026-07-17T18:14:32.770Z,470-002,"Aldi, Corbin",36.97039,-84.090731,"24 S Hwy 1223, Corbin, KY, 40701",24 S Hwy 1223,Corbin,KY,40701,,,ALDI,active,USA,1314098
10572,2026-07-17T18:14:32.256Z,470-003,"Aldi, Brentwood",35.966075,-86.814895,"1701 Mallory Lane, Brentwood, TN, 37027",1701 Mallory Lane,Brentwood,TN,37027,,,ALDI,active,USA,1314517
11787,2026-07-17T18:14:35.558Z,470-005,"Aldi, Maryville",35.719787,-84.010038,"2235 Us Hwy 411 S, Maryville, TN, 37801",2235 Us Hwy 411 S,Maryville,TN,37801,,,ALDI,active,USA,1314513
11114,2026-07-17T18:14:33.514Z,470-006,"Aldi, Farragut",35.881621,-84.156476,"170 Brooklawn Street, Farragut, TN, 37934",170 Brooklawn Street,Farragut,TN,37934,,,ALDI,active,USA,1312141
11666,2026-07-17T18:14:35.092Z,470-007,"Aldi, Lenoir City",35.811513,-84.262569,"725 Us Hwy 321 N, Lenoir City, TN, 37771",725 Us Hwy 321 N,Lenoir City,TN,37771,,,ALDI,active,USA,1313560
11571,2026-07-17T18:14:35.092Z,470-008,"Aldi, Knoxville",36.0350303,-83.8687981,"5416 Millertown Pike, Knoxville, TN, 37924",5416 Millertown Pike,Knoxville,TN,37924,,,ALDI,active,USA,1314250
11920,2026-07-17T18:14:35.558Z,470-009,"Aldi, Morristown",36.192905,-83.361783,"154 W Pin Lane, Morristown, TN, 37814",154 W Pin Lane,Morristown,TN,37814,,,ALDI,active,USA,1314239
11570,2026-07-17T18:14:35.092Z,470-010,"Aldi, Knoxville",36.004207,-84.023232,"2801 Schaad Rd, Knoxville, TN, 37921",2801 Schaad Rd,Knoxville,TN,37921,,,ALDI,active,USA,1314241
11573,2026-07-17T18:14:35.092Z,470-011,"Aldi, Knoxville",36.08435,-83.93422,"4109 E Emory Rd, Knoxville, TN, 37938",4109 E Emory Rd,Knoxville,TN,37938,,,ALDI,active,USA,1313545
11572,2026-07-17T18:14:35.092Z,470-012,"Aldi, Knoxville",35.909991,-84.090304,"110 Moss Grove Blvd, Knoxville, TN, 37922",110 Moss Grove Blvd,Knoxville,TN,37922,,,ALDI,active,USA,1313544
10353,2026-07-17T18:14:31.811Z,470-013,"Aldi, Alcoa",35.773474,-83.98966,"836 Louisville Rd, Alcoa, TN, 37701",836 Louisville Rd,Alcoa,TN,37701,,,ALDI,active,USA,1313556
12064,2026-07-17T18:14:35.837Z,470-014,"Aldi, Oak Ridge",36.00355,-84.24722,"111 Woodland Terrace E, Oak Ridge, TN, 37830",111 Woodland Terrace E,Oak Ridge,TN,37830,,,ALDI,active,USA,1314245
11569,2026-07-17T18:14:35.092Z,470-015,"Aldi, Knoxville",35.937557,-83.989897,"5220 Kingston Pike, Knoxville, TN, 37919",5220 Kingston Pike,Knoxville,TN,37919,,,ALDI,active,USA,1314246
12509,2026-07-17T18:14:36.487Z,470-016,"Aldi, Sevierville",35.876673,-83.57337,"538 Winfield-Dunn Parkway, Sevierville, TN, 37876",538 Winfield-Dunn Parkway,Sevierville,TN,37876,,,ALDI,active,USA,1314236
11744,2026-07-17T18:14:35.558Z,470-017,"Aldi, Madison",36.262101,-86.71159,"135 S Gallatin Pike, Madison, TN, 37115",135 S Gallatin Pike,Madison,TN,37115,,,ALDI,active,USA,1314248
11941,2026-07-17T18:14:35.837Z,470-018,"Aldi, Murfreesboro",35.905647,-86.384613,"3267 Memorial Blvd, Murfreesboro, TN, 37129",3267 Memorial Blvd,Murfreesboro,TN,37129,,,ALDI,active,USA,1314243
11405,2026-07-17T18:14:34.665Z,470-019,"Aldi, Hopkinsville",36.845297,-87.484029,"2554 Ft Campbell Blvd, Hopkinsville, KY, 42240",2554 Ft Campbell Blvd,Hopkinsville,KY,42240,,,ALDI,active,USA,1314096
10803,2026-07-17T18:14:32.770Z,470-020,"Aldi, Clarksville",36.5713,-87.407007,"1570 Fort Campbell Blvd, Clarksville, TN, 37042",1570 Fort Campbell Blvd,Clarksville,TN,37042,,,ALDI,active,USA,1313562
11590,2026-07-17T18:14:35.092Z,470-022,"Aldi, Lakeland",35.206138,-89.730429,"9970 Us Hwy 64, Lakeland, TN, 38002",9970 Us Hwy 64,Lakeland,TN,38002,,,ALDI,active,USA,1313551
11942,2026-07-17T18:14:35.837Z,470-023,"Aldi, Murfreesboro",35.77761,-86.401205,"3439 South Church Street, Murfreesboro, TN, 37127",3439 South Church Street,Murfreesboro,TN,37127,,,ALDI,active,USA,1314510
10995,2026-07-17T18:14:33.514Z,470-024,"Aldi, Dickson",36.049302,-87.362032,"781 Hwy 46 S, Dickson, TN, 37055",781 Hwy 46 S,Dickson,TN,37055,,,ALDI,active,USA,1314251
12554,2026-07-17T18:14:36.877Z,470-025,"Aldi, Smyrna",35.971462,-86.507833,"407 S Lowry St, Smyrna, TN, 37167",407 S Lowry St,Smyrna,TN,37167,,,ALDI,active,USA,1314017
10875,2026-07-17T18:14:32.770Z,470-026,"Aldi, Cookeville",36.15372,-85.499887,"442 S Jefferson Ave, Cookeville, TN, 38501",442 S Jefferson Ave,Cookeville,TN,38501,,,ALDI,active,USA,1314237
11404,2026-07-17T18:14:34.665Z,470-027,"Aldi, Hoover",33.354608,-86.8473,"1025 Marble Terrace, Hoover, AL, 35244",1025 Marble Terrace,Hoover,AL,35244,,,ALDI,active,USA,1312243
11431,2026-07-17T18:14:34.665Z,470-029,"Aldi, Hueytown",33.45239,-86.96887,"2891 Allison-Bonnett Memori, Hueytown, AL, 35023",2891 Allison-Bonnett Memori,Hueytown,AL,35023,,,ALDI,active,USA,1313731
12150,2026-07-17T18:14:36.171Z,470-030,"Aldi, Oxford",33.609614,-85.825809,"75 Holmes Dr, Oxford, AL, 36203",75 Holmes Dr,Oxford,AL,36203,,,ALDI,active,USA,1312246
10513,2026-07-17T18:14:31.811Z,470-031,"Aldi, Bessemer",33.358984,-87.000026,"710 Academy Dr, Bessemer, AL, 35022",710 Academy Dr,Bessemer,AL,35022,,,ALDI,active,USA,1312220
12193,2026-07-17T18:14:36.171Z,470-032,"Aldi, Pelham",33.34377,-86.795147,"200 Big Mtn Rd, Pelham, AL, 35124",200 Big Mtn Rd,Pelham,AL,35124,,,ALDI,active,USA,1313820
10521,2026-07-17T18:14:31.811Z,470-033,"Aldi, Birmingham",33.530445,-86.727346,"7400 Crestwood Blvd, Birmingham, AL, 35210",7400 Crestwood Blvd,Birmingham,AL,35210,,,ALDI,active,USA,1312160
10520,2026-07-17T18:14:31.811Z,470-034,"Aldi, Birmingham",33.59821,-86.6943,"520 Gene Reed Rd, Birmingham, AL, 35215",520 Gene Reed Rd,Birmingham,AL,35215,,,ALDI,active,USA,1313816
10522,2026-07-17T18:14:31.811Z,470-035,"Aldi, Birmingham",33.610533,-86.623596,"5485 Patrick Way, Birmingham, AL, 35235",5485 Patrick Way,Birmingham,AL,35235,,,ALDI,active,USA,1312228
11402,2026-07-17T18:14:34.665Z,470-036,"Aldi, Homewood",33.463862,-86.821484,"428 Green Springs Hwy, Homewood, AL, 35209",428 Green Springs Hwy,Homewood,AL,35209,,,ALDI,active,USA,1311980
11207,2026-07-17T18:14:34.070Z,470-037,"Aldi, Fultondale",33.608232,-86.80169,"1601 Morris Ave, Fultondale, AL, 35068",1601 Morris Ave,Fultondale,AL,35068,,,ALDI,active,USA,1312158
10349,2026-07-17T18:14:31.811Z,470-038,"Aldi, Alabaster",33.240018,-86.815485,"113 Simmsville Rd, Alabaster, AL, 35007",113 Simmsville Rd,Alabaster,AL,35007,,,ALDI,active,USA,1314357
10915,2026-07-17T18:14:32.770Z,470-039,"Aldi, Cullman",34.153472,-86.84209,"1831 Cherokee Ave Sw, Cullman, AL, 35055",1831 Cherokee Ave Sw,Cullman,AL,35055,,,ALDI,active,USA,1313823
10843,2026-07-17T18:14:32.770Z,470-040,"Aldi, Columbia",35.59041,-87.0479,"311 S James Campbell Blvd, Columbia, TN, 38401",311 S James Campbell Blvd,Columbia,TN,38401,,,ALDI,active,USA,1312140
11943,2026-07-17T18:14:35.837Z,470-041,"Aldi, Murfreesboro",35.85416,-86.43216,"640 Robert Rose Dr, Murfreesboro, TN, 37129",640 Robert Rose Dr,Murfreesboro,TN,37129,,,ALDI,active,USA,1314515
11649,2026-07-17T18:14:35.092Z,470-042,"Aldi, Lebanon",36.19003652,-86.29729414,"108 Circle Dr, Lebanon, TN, 37087",108 Circle Dr,Lebanon,TN,37087,,,ALDI,active,USA,1313550
10556,2026-07-17T18:14:32.256Z,470-043,"Aldi, Bowling Green",36.952243,-86.443317,"1455 Campbell Ln, Bowling Green, KY, 42104",1455 Campbell Ln,Bowling Green,KY,42104,,,ALDI,active,USA,1312814
12557,2026-07-17T18:14:36.877Z,470-044,"Aldi, Somerset",37.036874,-84.627519,"4105 Hwy 27 S, Somerset, KY, 42501",4105 Hwy 27 S,Somerset,KY,42501,,,ALDI,active,USA,1314105
11966,2026-07-17T18:14:35.837Z,470-045,"Aldi, Nashville",36.088164,-86.650808,"1911 Ransom Pl, Nashville, TN, 37217",1911 Ransom Pl,Nashville,TN,37217,,,ALDI,active,USA,1313543
11965,2026-07-17T18:14:35.837Z,470-046,"Aldi, Nashville",36.14516,-86.8739,"405 American Rd, Nashville, TN, 37209",405 American Rd,Nashville,TN,37209,,,ALDI,active,USA,1313565
11967,2026-07-17T18:14:35.837Z,470-047,"Aldi, Nashville",36.183397,-86.747358,"615 Gallatin Ave, Nashville, TN, 37206",615 Gallatin Ave,Nashville,TN,37206,,,ALDI,active,USA,1313539
11968,2026-07-17T18:14:35.837Z,470-048,"Aldi, Nashville",36.0905,-86.732207,"3758 Nolensville Pike, Nashville, TN, 37211",3758 Nolensville Pike,Nashville,TN,37211,,,ALDI,active,USA,1313546
12586,2026-07-17T18:14:36.877Z,470-049,"Aldi, Springfield",36.486889,-86.884685,"3438 Tom Austin Hwy, Springfield, TN, 37172",3438 Tom Austin Hwy,Springfield,TN,37172,,,ALDI,active,USA,1314238
10571,2026-07-17T18:14:32.256Z,470-050,"Aldi, Brentwood",35.99502,-86.68686,"7117 Southpoint Pkwy, Brentwood, TN, 37027",7117 Southpoint Pkwy,Brentwood,TN,37027,,,ALDI,active,USA,1312142
11372,2026-07-17T18:14:34.665Z,470-051,"Aldi, Hermitage",36.214385,-86.591784,"4751 Lebanon Pike, Hermitage, TN, 37076",4751 Lebanon Pike,Hermitage,TN,37076,,,ALDI,active,USA,1313549
11189,2026-07-17T18:14:34.070Z,470-052,"Aldi, Franklin",35.91212,-86.831883,"209 South Royal Oaks Blvd, Franklin, TN, 37064",209 South Royal Oaks Blvd,Franklin,TN,37064,,,ALDI,active,USA,1313563
12595,2026-07-17T18:14:36.877Z,470-053,"Aldi, Spring Hill",35.776491,-86.917541,"4917 Main St, Spring Hill, TN, 37174",4917 Main St,Spring Hill,TN,37174,,,ALDI,active,USA,1313567
12720,2026-07-17T18:14:36.877Z,470-054,"Aldi, Tullahoma",35.389529,-86.23697,"2014 N Jackson St, Tullahoma, TN, 37388",2014 N Jackson St,Tullahoma,TN,37388,,,ALDI,active,USA,1314242
11925,2026-07-17T18:14:35.558Z,470-055,"Aldi, Mount Juliet",36.17627,-86.5119,"315 N Mt Juliet Rd, Mount Juliet, TN, 37122",315 N Mt Juliet Rd,Mount Juliet,TN,37122,,,ALDI,active,USA,1313554
11367,2026-07-17T18:14:34.665Z,470-056,"Aldi, Hendersonville",36.321492,-86.601735,"217 Indian Lake Blvd 700, Hendersonville, TN, 37075",217 Indian Lake Blvd 700,Hendersonville,TN,37075,,,ALDI,active,USA,1314514
10936,2026-07-17T18:14:33.514Z,470-057,"Aldi, Danville",37.630442,-84.776193,"909 Hustonville Rd, Danville, KY, 40422",909 Hustonville Rd,Danville,KY,40422,,,ALDI,active,USA,1312801
11969,2026-07-17T18:14:35.837Z,470-058,"Aldi, Nashville",36.075279,-86.917582,"7035 Highway 70 S, Nashville, TN, 37221",7035 Highway 70 S,Nashville,TN,37221,,,ALDI,active,USA,1313568
10886,2026-07-17T18:14:32.770Z,470-059,"Aldi, Corinth",34.914518,-88.499195,"1825 South Harper Rd, Corinth, MS, 38834",1825 South Harper Rd,Corinth,MS,38834,,,ALDI,active,USA,1314169
11221,2026-07-17T18:14:34.070Z,470-060,"Aldi, Gallatin",36.378403,-86.474611,"571 Village Green Dr, Gallatin, TN, 37066",571 Village Green Dr,Gallatin,TN,37066,,,ALDI,active,USA,1313561
12727,2026-07-17T18:14:36.877Z,470-061,"Aldi, Tupelo",34.3136,-88.70607,"3990 N Gloster St, Tupelo, MS, 38804",3990 N Gloster St,Tupelo,MS,38804,,,ALDI,active,USA,1312218
11824,2026-07-17T18:14:35.558Z,470-062,"Aldi, Memphis",35.211568,-89.917732,"3176 Austin Peay Hwy, Memphis, TN, 38128",3176 Austin Peay Hwy,Memphis,TN,38128,,,ALDI,active,USA,1314247
12156,2026-07-17T18:14:36.171Z,470-063,"Aldi, Paducah",37.074161,-88.691957,"5156 Hinkleville Rd, Paducah, KY, 42001",5156 Hinkleville Rd,Paducah,KY,42001,,,ALDI,active,USA,1312802
10884,2026-07-17T18:14:32.770Z,470-064,"Aldi, Cordova",35.169404,-89.792046,"1610 N Germantown Pkwy, Cordova, TN, 38016",1610 N Germantown Pkwy,Cordova,TN,38016,,,ALDI,active,USA,1313564
11822,2026-07-17T18:14:35.558Z,470-065,"Aldi, Memphis",35.05046,-89.81245,"7520 Winchester Rd, Memphis, TN, 38125",7520 Winchester Rd,Memphis,TN,38125,,,ALDI,active,USA,1314016
10463,2026-07-17T18:14:31.811Z,470-066,"Aldi, Bartlett",35.203728,-89.841656,"2867 Kirby Whitten Pkwy, Bartlett, TN, 38134",2867 Kirby Whitten Pkwy,Bartlett,TN,38134,,,ALDI,active,USA,1313538
12560,2026-07-17T18:14:36.877Z,470-067,"Aldi, Southaven",34.9636,-89.996898,"7051 Sleepy Hollow Dr, Southaven, MS, 38671",7051 Sleepy Hollow Dr,Southaven,MS,38671,,,ALDI,active,USA,1313112
11819,2026-07-17T18:14:35.558Z,470-068,"Aldi, Memphis",35.073111,-89.906286,"2765 S Perkins, Memphis, TN, 38118",2765 S Perkins,Memphis,TN,38118,,,ALDI,active,USA,1314249
11823,2026-07-17T18:14:35.558Z,470-069,"Aldi, Memphis",35.14953,-89.903483,"4720 Summer Ave, Memphis, TN, 38122",4720 Summer Ave,Memphis,TN,38122,,,ALDI,active,USA,1314018
11821,2026-07-17T18:14:35.558Z,470-070,"Aldi, Memphis",35.03833,-90.0245,"4056 Elvis Presley Blvd, Memphis, TN, 38116",4056 Elvis Presley Blvd,Memphis,TN,38116,,,ALDI,active,USA,1313566
10523,2026-07-17T18:14:31.811Z,470-072,"Aldi, Birmingham",33.42654,-86.702884,"4639 Hwy 280, Birmingham, AL, 35242",4639 Hwy 280,Birmingham,AL,35242,,,ALDI,active,USA,1312250
12093,2026-07-17T18:14:35.837Z,470-073,"Aldi, Olive Branch",34.96245,-89.87256,"6626 Goodman Rd, Olive Branch, MS, 38654",6626 Goodman Rd,Olive Branch,MS,38654,,,ALDI,active,USA,1312956
10837,2026-07-17T18:14:32.770Z,470-074,"Aldi, Collierville",35.04569,-89.6801,"523 W Poplar Ave, Collierville, TN, 38017",523 W Poplar Ave,Collierville,TN,38017,,,ALDI,active,USA,1314518
11481,2026-07-17T18:14:34.665Z,470-075,"Aldi, Jackson",35.67121,-88.85241,"6 Stonebridge Blvd, Jackson, TN, 38305",6 Stonebridge Blvd,Jackson,TN,38305,,,ALDI,active,USA,1314244
11407,2026-07-17T18:14:34.665Z,470-076,"Aldi, Horn Lake",34.962492,-90.061127,"4065 Goodman Rd W, Horn Lake, MS, 38637",4065 Goodman Rd W,Horn Lake,MS,38637,,,ALDI,active,USA,1312957
10426,2026-07-17T18:14:31.811Z,470-079,"Aldi, Athens",35.451026,-84.621023,"1518 Decatur Pike, Athens, TN, 37303",1518 Decatur Pike,Athens,TN,37303,,,ALDI,active,USA,1313541
11440,2026-07-17T18:14:34.665Z,470-080,"Aldi, Huntsville",34.612789,-86.56585,"11909 Memorial Pkwy S, Huntsville, AL, 35803",11909 Memorial Pkwy S,Huntsville,AL,35803,,,ALDI,active,USA,1312159
11442,2026-07-17T18:14:34.665Z,470-081,"Aldi, Huntsville",34.736724,-86.648936,"4710 University Dr Unit R1, Huntsville, AL, 35816",4710 University Dr Unit R1,Huntsville,AL,35816,,,ALDI,active,USA,1313815
11441,2026-07-17T18:14:34.665Z,470-082,"Aldi, Huntsville",34.817196,-86.495491,"2125 Winchester Rd Ne, Huntsville, AL, 35811",2125 Winchester Rd Ne,Huntsville,AL,35811,,,ALDI,active,USA,1312251
11439,2026-07-17T18:14:34.665Z,470-083,"Aldi, Huntsville",34.70633,-86.59047,"2900 Memorial Pkwy Sw Ste A, Huntsville, AL, 35801",2900 Memorial Pkwy Sw Ste A,Huntsville,AL,35801,,,ALDI,active,USA,1314353
11948,2026-07-17T18:14:35.837Z,470-084,"Aldi, Muscle Shoals",34.744373,-87.669486,"516 W Avalon Ave, Muscle Shoals, AL, 35661",516 W Avalon Ave,Muscle Shoals,AL,35661,,,ALDI,active,USA,1313822
11320,2026-07-17T18:14:34.070Z,470-085,"Aldi, Guntersville",34.29895,-86.266969,"11100 Us Hwy 431, Guntersville, AL, 35976",11100 Us Hwy 431,Guntersville,AL,35976,,,ALDI,active,USA,1312242
10425,2026-07-17T18:14:31.811Z,470-086,"Aldi, Athens",34.790527,-86.967968,"115 Us Hwy 72, Athens, AL, 35611",115 Us Hwy 72,Athens,AL,35611,,,ALDI,active,USA,1313824
10730,2026-07-17T18:14:32.256Z,470-087,"Aldi, Chattanooga",35.097667,-85.326153,"637 Mundy Street, Chattanooga, TN, 37405",637 Mundy Street,Chattanooga,TN,37405,,,ALDI,active,USA,1313557
12106,2026-07-17T18:14:35.837Z,470-088,"Aldi, Ooltewah",35.082411,-85.059933,"5974 Elementary Way, Ooltewah, TN, 37363",5974 Elementary Way,Ooltewah,TN,37363,,,ALDI,active,USA,1313542
10817,2026-07-17T18:14:32.770Z,470-089,"Aldi, Cleveland",35.205809,-84.852641,"305 Paul Huff Pkwy Nw, Cleveland, TN, 37312",305 Paul Huff Pkwy Nw,Cleveland,TN,37312,,,ALDI,active,USA,1313559
10731,2026-07-17T18:14:32.256Z,470-090,"Aldi, Chattanooga",35.033123,-85.15134,"2020 Gunbarrel Rd Ste 154, Chattanooga, TN, 37421",2020 Gunbarrel Rd Ste 154,Chattanooga,TN,37421,,,ALDI,active,USA,1314509
10729,2026-07-17T18:14:32.256Z,470-091,"Aldi, Chattanooga",35.01821,-85.2044,"5706 Lee Hwy, Chattanooga, TN, 37421",5706 Lee Hwy,Chattanooga,TN,37421,,,ALDI,active,USA,1312212
11390,2026-07-17T18:14:34.665Z,470-092,"Aldi, Hixson",35.143375,-85.247991,"5510 Hwy 153 Ste 1, Hixson, TN, 37343",5510 Hwy 153 Ste 1,Hixson,TN,37343,,,ALDI,active,USA,1313558
10932,2026-07-17T18:14:32.770Z,470-093,"Aldi, Dalton",34.76192,-84.9317,"2210 E Walnut Ave, Dalton, GA, 30721",2210 E Walnut Ave,Dalton,GA,30721,,,ALDI,active,USA,1312167
11203,2026-07-17T18:14:34.070Z,470-094,"Aldi, Ft. Oglethorpe",34.94851,-85.232041,"1999 Battlefield Pkwy, Ft Oglethorpe, GA, 30742",1999 Battlefield Pkwy,Ft Oglethorpe,GA,30742,,,ALDI,active,USA,1313871
11209,2026-07-17T18:14:34.070Z,470-095,"Aldi, Gadsden",34.010296,-85.993368,"200 N Hood Ave, Gadsden, AL, 35903",200 N Hood Ave,Gadsden,AL,35903,,,ALDI,active,USA,1313821
11135,2026-07-17T18:14:34.070Z,470-096,"Aldi, Florence",34.84187,-87.63994,"411 Cox Creek Pkwy, Florence, AL, 35630",411 Cox Creek Pkwy,Florence,AL,35630,,,ALDI,active,USA,1313814
11746,2026-07-17T18:14:35.558Z,470-097,"Aldi, Madison",34.755889,-86.736152,"7676 Hwy 72 W, Madison, AL, 35758",7676 Hwy 72 W,Madison,AL,35758,,,ALDI,active,USA,1313819
10957,2026-07-17T18:14:33.514Z,470-098,"Aldi, Decatur",34.56383,-87.01017,"1413 Beltline Rd Sw, Decatur, AL, 35601",1413 Beltline Rd Sw,Decatur,AL,35601,,,ALDI,active,USA,1312236
10396,2026-07-17T18:14:31.811Z,470-101,"Aldi, Anniston",33.714948,-85.81875,"5303 Mcclellan Blvd, Anniston, AL, 36206",5303 Mcclellan Blvd,Anniston,AL,36206,,,ALDI,active,USA,1314356
11944,2026-07-17T18:14:35.837Z,470-102,"Aldi, Murfreesboro",35.843823,-86.484837,"5109 Franklin Road, Murfreesboro, TN, 37128",5109 Franklin Road,Murfreesboro,TN,37128,,,ALDI,active,USA,1313548
11745,2026-07-17T18:14:35.558Z,470-106,"Aldi, Madison",34.682615,-86.735632,"8455 Madison Blvd, Madison, AL, 35758",8455 Madison Blvd,Madison,AL,35758,,,ALDI,active,USA,1312247
11870,2026-07-17T18:14:35.558Z,470-108,"Aldi, Millington",35.363066,-89.890624,"8699 Us Hwy 51 North Unit, Millington, TN, 38053",8699 Us Hwy 51 North Unit,Millington,TN,38053,,,ALDI,active,USA,1313555
10814,2026-07-17T18:14:32.770Z,470-110,"Aldi, Cleveland",35.128404,-84.864599,"2385 Mcgrady Drive Se, Cleveland, TN, 37323",2385 Mcgrady Drive Se,Cleveland,TN,37323,,,ALDI,active,USA,1313552
10802,2026-07-17T18:14:32.770Z,470-113,"Aldi, Clarksville",36.586548,-87.293601,"2829 Wilma Rudolph Blvd, Clarksville, TN, 37040",2829 Wilma Rudolph Blvd,Clarksville,TN,37040,,,ALDI,active,USA,1313547
11641,2026-07-17T18:14:35.092Z,470-115,"Aldi, La Vergne",36.016905,-86.561891,"5331 Murfreesboro Rd, La Vergne, TN, 37086",5331 Murfreesboro Rd,La Vergne,TN,37086,,,ALDI,active,USA,1314516
11751,2026-07-17T18:14:35.558Z,470-116,"Aldi, Madisonville",37.348923,-87.49082,"535 Whittington Dr, Madisonville, KY, 42431",535 Whittington Dr,Madisonville,KY,42431,,,ALDI,active,USA,1312816
11820,2026-07-17T18:14:35.558Z,470-117,"Aldi, Memphis",35.138205,-90.035074,"785 Union Ave, Memphis, TN, 38103",785 Union Ave,Memphis,TN,38103,,,ALDI,active,USA,1313553
10512,2026-07-17T18:14:31.811Z,470-195,"Aldi, Bessemer",33.33556,-86.91927,"2910 Morgan Road Suite 128, Bessemer, AL, 35022",2910 Morgan Road Suite 128,Bessemer,AL,35022,,,ALDI,active,USA,1312234
12326,2026-07-17T18:14:36.171Z,470-242,"Aldi, Rainbow City",33.96088,-86.03755,"3331 Rainbow Dr, Rainbow City, AL, 35906",3331 Rainbow Dr,Rainbow City,AL,35906,,,ALDI,active,USA,1312222
12239,2026-07-17T18:14:36.171Z,470-250,"Aldi, Pinson",33.695625,-86.679776,"4701 Pinson Blvd, Pinson, AL, 35126",4701 Pinson Blvd,Pinson,AL,35126,,,ALDI,active,USA,1311983
11447,2026-07-17T18:14:34.665Z,471-006,"Aldi, Hyattsville",38.95575,-76.96393,"3025 Hamilton Street, Hyattsville, MD, 20782",3025 Hamilton Street,Hyattsville,MD,20782,,,ALDI,active,USA,1314128
11782,2026-07-17T18:14:35.558Z,471-007,"Aldi, Martinsburg",39.48106,-77.95868,"32 Triamigas Dr, Martinsburg, WV, 25404",32 Triamigas Dr,Martinsburg,WV,25404,,,ALDI,active,USA,1313733
11616,2026-07-17T18:14:35.092Z,471-008,"Aldi, Lanham",38.96426,-76.84711,"9343 Annapolis Road, Lanham, MD, 20706",9343 Annapolis Road,Lanham,MD,20706,,,ALDI,active,USA,1314130
12911,2026-07-17T18:14:37.179Z,471-010,"Aldi, Winchester",39.11864,-78.19554,"221 Kernstown Commons Blvd, Winchester, VA, 22602",221 Kernstown Commons Blvd,Winchester,VA,22602,,,ALDI,active,USA,1314534
10716,2026-07-17T18:14:32.256Z,471-011,"Aldi, Charles Town",39.30271,-77.81621,"1147 Marlowe Road, Charles Town, WV, 25414",1147 Marlowe Road,Charles Town,WV,25414,,,ALDI,active,USA,1313739
12809,2026-07-17T18:14:37.179Z,471-014,"Aldi, Washington",38.9015,-76.97898,"901 17th Street Ne, Washington, DC, 20002",901 17th Street Ne,Washington,DC,20002,,,ALDI,active,USA,1312354
12807,2026-07-17T18:14:37.179Z,471-015,"Aldi, Washington",38.89993,-76.99462,"801 H St Ne, Washington, DC, 20002",801 H St Ne,Washington,DC,20002,,,ALDI,active,USA,1313782
11060,2026-07-17T18:14:33.514Z,471-016,"Aldi, Elkton",39.60521,-75.78625,"98 Chesapeake Blvd, Elkton, MD, 21921",98 Chesapeake Blvd,Elkton,MD,21921,,,ALDI,active,USA,1312853
10457,2026-07-17T18:14:31.811Z,471-017,"Aldi, Baltimore",39.33671,-76.48422,"8670 Pulaski Highway, Baltimore, MD, 21237",8670 Pulaski Highway,Baltimore,MD,21237,,,ALDI,active,USA,1314129
11017,2026-07-17T18:14:33.514Z,471-018,"Aldi, Dundalk",39.27848,-76.503298,"1401-A1 Merritt Blvd, Dundalk, MD, 21222",1401-A1 Merritt Blvd,Dundalk,MD,21222,,,ALDI,active,USA,1312823
12153,2026-07-17T18:14:36.171Z,471-019,"Aldi, Oxon Hill",38.80259,-76.98955,"6301 Livingston Road Ste B, Oxon Hill, MD, 20745",6301 Livingston Road Ste B,Oxon Hill,MD,20745,,,ALDI,active,USA,1314127
10458,2026-07-17T18:14:31.811Z,471-020,"Aldi, Baltimore",39.33748,-76.55061,"4212 Frankford Avenue, Baltimore, MD, 21206",4212 Frankford Avenue,Baltimore,MD,21206,,,ALDI,active,USA,1314120
12339,2026-07-17T18:14:36.487Z,471-021,"Aldi, Randallstown",39.36323,-76.77821,"8608-A Liberty Road, Randallstown, MD, 21133",8608-A Liberty Road,Randallstown,MD,21133,,,ALDI,active,USA,1314123
11080,2026-07-17T18:14:33.514Z,471-022,"Aldi, Essex",39.316577,-76.45042,"1600 Old Eastern Avenue, Essex, MD, 21221",1600 Old Eastern Avenue,Essex,MD,21221,,,ALDI,active,USA,1312821
11250,2026-07-17T18:14:34.070Z,471-023,"Aldi, Glen Burnie",39.1942,-76.61174,"6639 D Governor Ritchie Hwy, Glen Burnie, MD, 21061",6639 D Governor Ritchie Hwy,Glen Burnie,MD,21061,,,ALDI,active,USA,1312862
10998,2026-07-17T18:14:33.514Z,471-025,"Aldi, District Heights",38.85349,-76.89885,"6301 Marlboro Pike, District Heights, MD, 20747",6301 Marlboro Pike,District Heights,MD,20747,,,ALDI,active,USA,1312851
10454,2026-07-17T18:14:31.811Z,471-026,"Aldi, Baltimore",39.25862,-76.66229,"3140 Washington Blvd, Baltimore, MD, 21230",3140 Washington Blvd,Baltimore,MD,21230,,,ALDI,active,USA,1312901
10361,2026-07-17T18:14:31.811Z,471-027,"Aldi, Alexandria",38.7345,-77.10021,"8256 Richmond Highway, Alexandria, VA, 22309",8256 Richmond Highway,Alexandria,VA,22309,,,ALDI,active,USA,1314314
11044,2026-07-17T18:14:33.514Z,471-028,"Aldi, Edgewood",39.43487,-76.32694,"1312 Business Center Way, Edgewood, MD, 21040",1312 Business Center Way,Edgewood,MD,21040,,,ALDI,active,USA,1314125
12659,2026-07-17T18:14:36.877Z,471-029,"Aldi, Takoma Park",38.98636,-76.98674,"7609 New Hampshire Avenue, Takoma Park, MD, 20912",7609 New Hampshire Avenue,Takoma Park,MD,20912,,,ALDI,active,USA,1314131
10455,2026-07-17T18:14:31.811Z,471-030,"Aldi, Baltimore",39.295101,-76.571605,"3250 East Fayette Street, Baltimore, MD, 21224",3250 East Fayette Street,Baltimore,MD,21224,,,ALDI,active,USA,1314124
10456,2026-07-17T18:14:31.811Z,471-031,"Aldi, Baltimore",39.33528,-76.675993,"3601 West Cold Spring Lane, Baltimore, MD, 21215",3601 West Cold Spring Lane,Baltimore,MD,21215,,,ALDI,active,USA,1314133
11325,2026-07-17T18:14:34.070Z,471-032,"Aldi, Hagerstown",39.63577,-77.7099,"565 Dual Highway, Hagerstown, MD, 21740",565 Dual Highway,Hagerstown,MD,21740,,,ALDI,active,USA,1312182
12353,2026-07-17T18:14:36.487Z,471-033,"Aldi, Reisterstown",39.44359,-76.81127,"11716 B Reisterstown Road, Reisterstown, MD, 21136",11716 B Reisterstown Road,Reisterstown,MD,21136,,,ALDI,active,USA,1312848
12184,2026-07-17T18:14:36.171Z,471-034,"Aldi, Pasadena",39.12401,-76.58877,"8124 Ritchie Highway, Pasadena, MD, 21122",8124 Ritchie Highway,Pasadena,MD,21122,,,ALDI,active,USA,1314132
10649,2026-07-17T18:14:32.256Z,471-036,"Aldi, Camp Springs",38.80076,-76.90829,"6400 Allentown Road, Camp Springs, MD, 20748",6400 Allentown Road,Camp Springs,MD,20748,,,ALDI,active,USA,1314119
10554,2026-07-17T18:14:32.256Z,471-037,"Aldi, Bowie",38.98263,-76.73055,"6810 Racetrack Road, Bowie, MD, 20715",6810 Racetrack Road,Bowie,MD,20715,,,ALDI,active,USA,1312865
10690,2026-07-17T18:14:32.256Z,471-039,"Aldi, Catonsville",39.284673,-76.762872,"6503a Baltimore National Pk, Catonsville, MD, 21228",6503a Baltimore National Pk,Catonsville,MD,21228,,,ALDI,active,USA,1312900
11191,2026-07-17T18:14:34.070Z,471-040,"Aldi, Frederick",39.41471,-77.44449,"1080 West Patrick Street, Frederick, MD, 21703",1080 West Patrick Street,Frederick,MD,21703,,,ALDI,active,USA,1314126
10742,2026-07-17T18:14:32.770Z,471-041,"Aldi, Cheverly",38.93219,-76.90017,"6524 Landover Road, Cheverly, MD, 20785",6524 Landover Road,Cheverly,MD,20785,,,ALDI,active,USA,1314134
11244,2026-07-17T18:14:34.070Z,471-042,"Aldi, Germantown",39.1988,-77.2472,"20904 Frederick Road, Germantown, MD, 20876",20904 Frederick Road,Germantown,MD,20876,,,ALDI,active,USA,1312181
12866,2026-07-17T18:14:37.179Z,471-043,"Aldi, Westminster",39.585318,-76.989943,"400 Englar Road Suite B, Westminster, MD, 21157",400 Englar Road Suite B,Westminster,MD,21157,,,ALDI,active,USA,1312857
10334,2026-07-17T18:14:31.811Z,471-044,"Aldi, Aberdeen",39.496608,-76.178982,"746 South Philadelphia Blvd, Aberdeen, MD, 21001",746 South Philadelphia Blvd,Aberdeen,MD,21001,,,ALDI,active,USA,1312878
10501,2026-07-17T18:14:31.811Z,471-045,"Aldi, Beltsville",39.03281,-76.91185,"10912 Baltimore Ave, Beltsville, MD, 20705",10912 Baltimore Ave,Beltsville,MD,20705,,,ALDI,active,USA,1314115
11218,2026-07-17T18:14:34.070Z,471-046,"Aldi, Gaithersburg",39.142023,-77.223589,"608 Quince Orchard Road, Gaithersburg, MD, 20878",608 Quince Orchard Road,Gaithersburg,MD,20878,,,ALDI,active,USA,1314118
12056,2026-07-17T18:14:35.837Z,471-048,"Aldi, Nottingham",39.394587,-76.485597,"8808 Belair Road, Nottingham, MD, 21236",8808 Belair Road,Nottingham,MD,21236,,,ALDI,active,USA,1312846
12147,2026-07-17T18:14:36.171Z,471-049,"Aldi, Owings Mills",39.404039,-76.761232,"9616 Reisterstown Rd 101, Owings Mills, MD, 21117",9616 Reisterstown Rd 101,Owings Mills,MD,21117,,,ALDI,active,USA,1312899
10908,2026-07-17T18:14:32.770Z,471-050,"Aldi, Crofton",39.019463,-76.69739,"2109 Concord Blvd, Crofton, MD, 21114",2109 Concord Blvd,Crofton,MD,21114,,,ALDI,active,USA,1312866
11190,2026-07-17T18:14:34.070Z,471-051,"Aldi, Frederick",39.3861,-77.404555,"5600-B Urbana Pike, Frederick, MD, 21704",5600-B Urbana Pike,Frederick,MD,21704,,,ALDI,active,USA,1312863
11636,2026-07-17T18:14:35.092Z,471-052,"Aldi, Laurel",39.083716,-76.865139,"14100 Baltimore Ave Ste 103, Laurel, MD, 20707",14100 Baltimore Ave Ste 103,Laurel,MD,20707,,,ALDI,active,USA,1314121
10711,2026-07-17T18:14:32.256Z,471-053,"Aldi, Chantilly",38.893928,-77.427902,"13920a Lee Jackson Mem Hwy, Chantilly, VA, 20151",13920a Lee Jackson Mem Hwy,Chantilly,VA,20151,,,ALDI,active,USA,1314550
11096,2026-07-17T18:14:33.514Z,471-054,"Aldi, Fairfax",38.852214,-77.324384,"11001 Lee Hwy Ste G, Fairfax, VA, 22030",11001 Lee Hwy Ste G,Fairfax,VA,22030,,,ALDI,active,USA,1313650
10835,2026-07-17T18:14:32.770Z,471-056,"Aldi, College Park",38.99692,-76.90804,"8904 62nd Avenue, College Park, MD, 20740",8904 62nd Avenue,College Park,MD,20740,,,ALDI,active,USA,1312856
10666,2026-07-17T18:14:32.256Z,471-057,"Aldi, Capitol Heights",38.8671,-76.8537,"1741 Ritchie Station Ct, Capitol Heights, MD, 20743",1741 Ritchie Station Ct,Capitol Heights,MD,20743,,,ALDI,active,USA,1312849
12508,2026-07-17T18:14:36.487Z,471-059,"Aldi, Severna Park",39.082922,-76.551821,"464 Ritchie Hwy, Severna Park, MD, 21146",464 Ritchie Hwy,Severna Park,MD,21146,,,ALDI,active,USA,1312820
12594,2026-07-17T18:14:36.877Z,471-060,"Aldi, Springfield",38.783816,-77.184159,"6129 Backlick Road, Springfield, VA, 22150",6129 Backlick Road,Springfield,VA,22150,,,ALDI,active,USA,1314555
12613,2026-07-17T18:14:36.877Z,471-062,"Aldi, Sterling",39.034945,-77.407207,"21031 Tripleseven Road, Sterling, VA, 20165",21031 Tripleseven Road,Sterling,VA,20165,,,ALDI,active,USA,1314545
10355,2026-07-17T18:14:31.811Z,471-063,"Aldi, Alexandria",38.81171,-77.110518,"4580 Duke Street, Alexandria, VA, 22304",4580 Duke Street,Alexandria,VA,22304,,,ALDI,active,USA,1314324
10357,2026-07-17T18:14:31.811Z,471-065,"Aldi, Alexandria",38.828808,-77.109627,"4602 Kenmore Avenue, Alexandria, VA, 22304",4602 Kenmore Avenue,Alexandria,VA,22304,,,ALDI,active,USA,1313641
11202,2026-07-17T18:14:34.070Z,471-066,"Aldi, Front Royal",38.963895,-78.186823,"134 Riverton Commons Drive, Front Royal, VA, 22630",134 Riverton Commons Drive,Front Royal,VA,22630,,,ALDI,active,USA,1313654
10358,2026-07-17T18:14:31.811Z,471-067,"Aldi, Alexandria",38.820928,-77.053473,"425 E Monroe Ave, Alexandria, VA, 22301",425 E Monroe Ave,Alexandria,VA,22301,,,ALDI,active,USA,1314318
10393,2026-07-17T18:14:31.811Z,471-068,"Aldi, Annandale",38.834574,-77.187806,"7008 Columbia Pike, Annandale, VA, 22003",7008 Columbia Pike,Annandale,VA,22003,,,ALDI,active,USA,1314325
11104,2026-07-17T18:14:33.514Z,471-069,"Aldi, Falls Church",38.866385,-77.225617,"8100a Arlington Blvd, Falls Church, VA, 22042",8100a Arlington Blvd,Falls Church,VA,22042,,,ALDI,active,USA,1313644
12537,2026-07-17T18:14:36.877Z,471-070,"Aldi, Silver Spring",39.090508,-77.046866,"2223 Bel Pre Road, Silver Spring, MD, 20906",2223 Bel Pre Road,Silver Spring,MD,20906,,,ALDI,active,USA,1314114
11031,2026-07-17T18:14:33.514Z,471-071,"Aldi, Easton",38.772798,-76.059643,"8147 Ocean Gateway, Easton, MD, 21601",8147 Ocean Gateway,Easton,MD,21601,,,ALDI,active,USA,1312860
12535,2026-07-17T18:14:36.877Z,471-072,"Aldi, Silver Spring",39.009846,-77.041812,"9440 Georgia Avenue, Silver Spring, MD, 20910",9440 Georgia Avenue,Silver Spring,MD,20910,,,ALDI,active,USA,1314116
12458,2026-07-17T18:14:36.487Z,471-073,"Aldi, Salisbury",38.421047,-75.564184,"30248 Dagsboro Rd, Salisbury, MD, 21804",30248 Dagsboro Rd,Salisbury,MD,21804,,,ALDI,active,USA,1312870
11783,2026-07-17T18:14:35.558Z,471-074,"Aldi, Martinsburg",39.440147,-77.992666,"246 Retail Commons Pkwy, Martinsburg, WV, 25403",246 Retail Commons Pkwy,Martinsburg,WV,25403,,,ALDI,active,USA,1313728
11326,2026-07-17T18:14:34.070Z,471-075,"Aldi, Hagerstown",39.601204,-77.729553,"10447 Sharpsburg Pike, Hagerstown, MD, 21740",10447 Sharpsburg Pike,Hagerstown,MD,21740,,,ALDI,active,USA,1312875
10648,2026-07-17T18:14:32.256Z,471-076,"Aldi, Camp Hill",40.22739,-76.94083,"3437 Simpson Ferry Road, Camp Hill, PA, 17011",3437 Simpson Ferry Road,Camp Hill,PA,17011,,,ALDI,active,USA,1313378
11348,2026-07-17T18:14:34.665Z,471-077,"Aldi, Harrisburg",40.26056,-76.7748,"6445 Grayson Road, Harrisburg, PA, 17111",6445 Grayson Road,Harrisburg,PA,17111,,,ALDI,active,USA,1313390
11105,2026-07-17T18:14:33.514Z,471-078,"Aldi, Falls Church",38.879743,-77.172027,"155 Hillwood Avenue, Falls Church, VA, 22046",155 Hillwood Avenue,Falls Church,VA,22046,,,ALDI,active,USA,1313634
12946,2026-07-17T18:14:37.357Z,471-080,"Aldi, York",39.97748,-76.67563,"280 Northern Way, York, PA, 17402",280 Northern Way,York,PA,17402,,,ALDI,active,USA,1312107
12947,2026-07-17T18:14:37.357Z,471-081,"Aldi, York",39.981033,-76.753892,"905 Loucks Road, York, PA, 17404",905 Loucks Road,York,PA,17404,,,ALDI,active,USA,1313350
10488,2026-07-17T18:14:31.811Z,471-082,"Aldi, Bel Air",39.525902,-76.352157,"599 Baltimore Pike, Bel Air, MD, 21014",599 Baltimore Pike,Bel Air,MD,21014,,,ALDI,active,USA,1314122
11058,2026-07-17T18:14:33.514Z,471-083,"Aldi, Elkridge",39.185202,-76.794156,"8231 Gateway Overlook Drive, Elkridge, MD, 21075",8231 Gateway Overlook Drive,Elkridge,MD,21075,,,ALDI,active,USA,1312876
11051,2026-07-17T18:14:33.514Z,471-084,"Aldi, Eldersburg",39.405423,-76.948337,"1320 Liberty Rd Ste B, Eldersburg, MD, 21784",1320 Liberty Rd Ste B,Eldersburg,MD,21784,,,ALDI,active,USA,1312844
10582,2026-07-17T18:14:32.256Z,471-085,"Aldi, Broadlands",39.026946,-77.508545,"43150 Broadlands Ctr Pl 146, Broadlands, VA, 20148",43150 Broadlands Ctr Pl 146,Broadlands,VA,20148,,,ALDI,active,USA,1313639
11095,2026-07-17T18:14:33.514Z,471-086,"Aldi, Fairfax",38.856567,-77.391539,"13033 Fair Lakes Shop Ctr, Fairfax, VA, 22033",13033 Fair Lakes Shop Ctr,Fairfax,VA,22033,,,ALDI,active,USA,1314541
11346,2026-07-17T18:14:34.665Z,471-087,"Aldi, Harrisburg",40.304062,-76.810379,"4702 Jonestown Rd Ste B, Harrisburg, PA, 17109",4702 Jonestown Rd Ste B,Harrisburg,PA,17109,,,ALDI,active,USA,1313373
12614,2026-07-17T18:14:36.877Z,471-088,"Aldi, Sterling",38.943957,-77.519792,"24330 Liberty Harvest Ct, Sterling, VA, 20166",24330 Liberty Harvest Ct,Sterling,VA,20166,,,ALDI,active,USA,1313661
11342,2026-07-17T18:14:34.665Z,471-089,"Aldi, Hanover",39.82385,-76.98204,"391 Eisenhower Drive, Hanover, PA, 17331",391 Eisenhower Drive,Hanover,PA,17331,,,ALDI,active,USA,1313313
10706,2026-07-17T18:14:32.256Z,471-090,"Aldi, Chambersburg",39.938794,-77.631867,"561 Gateway Ave, Chambersburg, PA, 17201",561 Gateway Ave,Chambersburg,PA,17201,,,ALDI,active,USA,1313361
10669,2026-07-17T18:14:32.256Z,471-091,"Aldi, Carlisle",40.19611,-77.15651,"250 Westminster Drive, Carlisle, PA, 17013",250 Westminster Drive,Carlisle,PA,17013,,,ALDI,active,USA,1313354
11611,2026-07-17T18:14:35.092Z,471-094,"Aldi, Lancaster",40.02393,-76.207793,"2350 Lincoln Hwy East 750, Lancaster, PA, 17602",2350 Lincoln Hwy East 750,Lancaster,PA,17602,,,ALDI,active,USA,1313968
12835,2026-07-17T18:14:37.179Z,471-095,"Aldi, Waynesboro",39.745597,-77.55275,"1521 E Main St, Waynesboro, PA, 17268",1521 E Main St,Waynesboro,PA,17268,,,ALDI,active,USA,1313323
12524,2026-07-17T18:14:36.487Z,471-097,"Aldi, Shippensburg",40.057424,-77.498652,"40 Shippensburg Shop Ctr 4, Shippensburg, PA, 17257",40 Shippensburg Shop Ctr 4,Shippensburg,PA,17257,,,ALDI,active,USA,1313972
11345,2026-07-17T18:14:34.665Z,471-098,"Aldi, Harrisburg",40.33508,-76.84215,"2020 Eg Dr, Harrisburg, PA, 17110",2020 Eg Dr,Harrisburg,PA,17110,,,ALDI,active,USA,1313341
10645,2026-07-17T18:14:32.256Z,471-101,"Aldi, Cambridge",38.56342,-76.06526,"628 Sunburst Hwy, Cambridge, MD, 21613",628 Sunburst Hwy,Cambridge,MD,21613,,,ALDI,active,USA,1312843
11219,2026-07-17T18:14:34.070Z,471-102,"Aldi, Gaithersburg",39.1277,-77.1835,"737 S Frederick Ave, Gaithersburg, MD, 20877",737 S Frederick Ave,Gaithersburg,MD,20877,,,ALDI,active,USA,1312872
10646,2026-07-17T18:14:32.256Z,471-112,"Aldi, Camden",39.099052,-75.545975,"390 Walmart Drive, Camden, DE, 19934",390 Walmart Drive,Camden,DE,19934,,,ALDI,active,USA,1312357
11608,2026-07-17T18:14:35.092Z,471-118,"Aldi, Lancaster",40.07241,-76.321345,"1884 Fruitville Pike, Lancaster, PA, 17601",1884 Fruitville Pike,Lancaster,PA,17601,,,ALDI,active,USA,1313960
11003,2026-07-17T18:14:33.514Z,471-119,"Aldi, Dover",39.1638501,-75.5179462,"10 N Dupont Hwy, Dover, DE, 19901",10 N Dupont Hwy,Dover,DE,19901,,,ALDI,active,USA,1311984
12552,2026-07-17T18:14:36.877Z,471-127,"Aldi, Smyrna",39.2833401,-75.5981117,"1382 S Dupont Blvd, Smyrna, DE, 19977",1382 S Dupont Blvd,Smyrna,DE,19977,,,ALDI,active,USA,1312358
11655,2026-07-17T18:14:35.092Z,471-140,"Aldi, Leesburg",39.09564,-77.53215,"125 Robinson MIll Plz, Leesburg, VA, 20175",125 Robinson MIll Plz,Leesburg,VA,20175,,,ALDI,active,USA,1313649
10359,2026-07-17T18:14:31.811Z,471-141,"Aldi, Alexandria",38.7825,-77.0791,"6218 North Kings Highway, Alexandria, VA, 22303",6218 North Kings Highway,Alexandria,VA,22303,,,ALDI,active,USA,1314535
12696,2026-07-17T18:14:36.877Z,471-142,"Aldi, Timonium",39.432071,-76.620633,"1811 York Road, Timonium, MD, 21093",1811 York Road,Timonium,MD,21093,,,ALDI,active,USA,1312869
11343,2026-07-17T18:14:34.665Z,471-144,"Aldi, Hanover",39.15169,-76.729794,"7667 Arundel Mills Blvd, Hanover, MD, 21076",7667 Arundel Mills Blvd,Hanover,MD,21076,,,ALDI,active,USA,1312036
12399,2026-07-17T18:14:36.487Z,471-145,"Aldi, Rockville",39.065105,-77.128252,"1501 Rockville Pike, Rockville, MD, 20852",1501 Rockville Pike,Rockville,MD,20852,,,ALDI,active,USA,1312867
11806,2026-07-17T18:14:35.558Z,471-146,"Aldi, Mechanicsburg",40.247108,-77.018224,"6476 Carlisle Pike, Mechanicsburg, PA, 17050",6476 Carlisle Pike,Mechanicsburg,PA,17050,,,ALDI,active,USA,1313318
11217,2026-07-17T18:14:34.070Z,471-148,"Aldi, Gaithersburg",39.1716,-77.205391,"19150 Montgomery Village Av, Gaithersburg, MD, 20886",19150 Montgomery Village Av,Gaithersburg,MD,20886,,,ALDI,active,USA,1312822
12874,2026-07-17T18:14:37.179Z,471-152,"Aldi, West Springfield",38.780842,-77.235329,"6230 Rolling Rd Ste P, West Springfield, VA, 22152",6230 Rolling Rd Ste P,West Springfield,VA,22152,,,ALDI,active,USA,1314315
11856,2026-07-17T18:14:35.558Z,471-159,"Aldi, Middletown",39.449436,-75.730018,"1002 Bunker Hill Rd, Middletown, DE, 19709",1002 Bunker Hill Rd,Middletown,DE,19709,,,ALDI,active,USA,1312360
11612,2026-07-17T18:14:35.092Z,471-160,"Aldi, Lancaster",40.044185,-76.364433,"2210 Embassy Dr Bldg 3, Lancaster, PA, 17603",2210 Embassy Dr Bldg 3,Lancaster,PA,17603,,,ALDI,active,USA,1313359
11246,2026-07-17T18:14:34.070Z,471-167,"Aldi, Gettysburg",39.84145,-77.20437,"1115 York Rd, Gettysburg, PA, 17325",1115 York Rd,Gettysburg,PA,17325,,,ALDI,active,USA,1313319
11867,2026-07-17T18:14:35.558Z,471-168,"Aldi, Milford",38.91848,-75.43822,"696 N Dupont Blvd, Milford, DE, 19963",696 N Dupont Blvd,Milford,DE,19963,,,ALDI,active,USA,1311985
11871,2026-07-17T18:14:35.558Z,471-170,"Aldi, Millsboro",38.57257,-75.2877,"26684 Centerview Drive, Millsboro, DE, 19966",26684 Centerview Drive,Millsboro,DE,19966,,,ALDI,active,USA,1312361
10337,2026-07-17T18:14:31.811Z,471-172,"Aldi, Abingdon",39.46604,-76.31289,"3430 Emmorton Rd, Abingdon, MD, 21009",3430 Emmorton Rd,Abingdon,MD,21009,,,ALDI,active,USA,1312898
11171,2026-07-17T18:14:34.070Z,471-173,"Aldi, Fort Washington",38.74366,-76.99329,"10719 Indian Head Hwy, Fort Washington, MD, 20744",10719 Indian Head Hwy,Fort Washington,MD,20744,,,ALDI,active,USA,1312864
10394,2026-07-17T18:14:31.811Z,471-174,"Aldi, Annapolis",38.981668,-76.54634,"133 Holiday Court, Annapolis, MD, 21401",133 Holiday Court,Annapolis,MD,21401,,,ALDI,active,USA,1312902
10821,2026-07-17T18:14:32.770Z,471-175,"Aldi, Clinton",38.771043,-76.883153,"8827 Woodyard Road, Clinton, MD, 20735",8827 Woodyard Road,Clinton,MD,20735,,,ALDI,active,USA,1312880
11637,2026-07-17T18:14:35.092Z,471-176,"Aldi, Laurel",39.095851,-76.807411,"3331 B Corridor Marketplace, Laurel, MD, 20724",3331 B Corridor Marketplace,Laurel,MD,20724,,,ALDI,active,USA,1312871
12349,2026-07-17T18:14:36.487Z,471-178,"Aldi, Red Lion",39.9149,-76.6274,"3209 Cape Horn Rd, Red Lion, PA, 17356",3209 Cape Horn Rd,Red Lion,PA,17356,,,ALDI,active,USA,1313327
12808,2026-07-17T18:14:37.179Z,471-179,"Aldi, Washington",38.95451,-76.99973,"5300 South Dakota Ave Ne S, Washington, DC, 20011",5300 South Dakota Ave Ne S,Washington,DC,20011,,,ALDI,active,USA,1313781
11106,2026-07-17T18:14:33.514Z,471-180,"Aldi, Falls Church",38.851596,-77.126368,"5725 Columbia Pike, Falls Church, VA, 22041",5725 Columbia Pike,Falls Church,VA,22041,,,ALDI,active,USA,1314552
12536,2026-07-17T18:14:36.877Z,471-181,"Aldi, Silver Spring",39.0531,-76.957263,"12012 Cherry Hill Road, Silver Spring, MD, 20904",12012 Cherry Hill Road,Silver Spring,MD,20904,,,ALDI,active,USA,1312859
10360,2026-07-17T18:14:31.811Z,471-182,"Aldi, Alexandria",38.767902,-77.139613,"6001 Kingstowne Village Pkw, Alexandria, VA, 22315",6001 Kingstowne Village Pkw,Alexandria,VA,22315,,,ALDI,active,USA,1314562
12507,2026-07-17T18:14:36.487Z,471-183,"Aldi, Severn",39.14295,-76.65055,"7858 Quarterfield Rd Unit B, Severn, MD, 21144",7858 Quarterfield Rd Unit B,Severn,MD,21144,,,ALDI,active,USA,1312877
10510,2026-07-17T18:14:31.811Z,471-184,"Aldi, Berlin",38.3421,-75.16566,"11330 Samuel Bowen Blvd 600, Berlin, MD, 21811",11330 Samuel Bowen Blvd 600,Berlin,MD,21811,,,ALDI,active,USA,1312854
11359,2026-07-17T18:14:34.665Z,471-189,"Aldi, Haymarket",38.8135,-77.6418,"6701 Lea Berry Way, Haymarket, VA, 20169",6701 Lea Berry Way,Haymarket,VA,20169,,,ALDI,active,USA,1313633
12352,2026-07-17T18:14:36.487Z,471-190,"Aldi, Rehoboth Beach",38.7209,-75.1157,"19563 Coastal Hwy Ste 1, Rehoboth Beach, DE, 19971",19563 Coastal Hwy Ste 1,Rehoboth Beach,DE,19971,,,ALDI,active,USA,1312355
11547,2026-07-17T18:14:35.092Z,471-191,"Aldi, Kensington",39.04455,-77.1049,"5110 Nicholson Ln, Kensington, MD, 20895",5110 Nicholson Ln,Kensington,MD,20895,,,ALDI,active,USA,1312850
10832,2026-07-17T18:14:32.770Z,471-192,"Aldi, Cockeysville",39.46281,-76.63776,"9978 York Rd, Cockeysville, MD, 21030",9978 York Rd,Cockeysville,MD,21030,,,ALDI,active,USA,1312852
10974,2026-07-17T18:14:33.514Z,471-194,"Aldi, Denton",38.87306,-75.82456,"61 Denton Plz, Denton, MD, 21629",61 Denton Plz,Denton,MD,21629,,,ALDI,active,USA,1312868
10996,2026-07-17T18:14:33.514Z,471-196,"Aldi, Dillsburg",40.13169,-77.02164,"1350 Gettysburg Pike, Dillsburg, PA, 17019",1350 Gettysburg Pike,Dillsburg,PA,17019,,,ALDI,active,USA,1313395
12530,2026-07-17T18:14:36.487Z,471-197,"Aldi, Shrewsbury",39.770863,-76.665884,"648 E Forrest Ave, Shrewsbury, PA, 17349",648 E Forrest Ave,Shrewsbury,PA,17349,,,ALDI,active,USA,1313297
11108,2026-07-17T18:14:33.514Z,472-001,"Aldi, Fargo",46.863551,-96.854094,"4303 13th Avenue South, Fargo, ND, 58103",4303 13th Avenue South,Fargo,ND,58103,,,ALDI,active,USA,1313026
10997,2026-07-17T18:14:33.514Z,472-002,"Aldi, Dilworth",46.884775,-96.724619,"833 34th Street N, Dilworth, MN, 56529",833 34th Street N,Dilworth,MN,56529,,,ALDI,active,USA,1312131
10986,2026-07-17T18:14:33.514Z,472-003,"Aldi, Des Moines",41.63272,-93.6012,"3940 East 14th Street, Des Moines, IA, 50313",3940 East 14th Street,Des Moines,IA,50313,,,ALDI,active,USA,1312602
10851,2026-07-17T18:14:32.770Z,472-004,"Aldi, Columbia Heights",45.05979,-93.24636,"5025 Central Avenue, Columbia Heights, MN, 55421",5025 Central Avenue,Columbia Heights,MN,55421,,,ALDI,active,USA,1313467
10782,2026-07-17T18:14:32.770Z,472-005,"Aldi, Chippewa Falls",44.88675,-91.42,"3064 Commercial Boulevard, Chippewa Falls, WI, 54729",3064 Commercial Boulevard,Chippewa Falls,WI,54729,,,ALDI,active,USA,1314564
10710,2026-07-17T18:14:32.256Z,472-006,"Aldi, Chanhassen",44.86128,-93.535096,"551 W 78th St, Chanhassen, MN, 55317",551 W 78th St,Chanhassen,MN,55317,,,ALDI,active,USA,1313448
10476,2026-07-17T18:14:31.811Z,472-007,"Aldi, Baxter",46.362769,-94.243303,"14620 Dellwood Dr, Baxter, MN, 56425",14620 Dellwood Dr,Baxter,MN,56425,,,ALDI,active,USA,1313498
12063,2026-07-17T18:14:35.837Z,472-008,"Aldi, Oak Park Heights",45.035223,-92.826109,"13747 60th Street North, Oak Park Heights, MN, 55082",13747 60th Street North,Oak Park Heights,MN,55082,,,ALDI,active,USA,1313499
11041,2026-07-17T18:14:33.514Z,472-009,"Aldi, Eden Prairie",44.848323,-93.43949,"8595 Columbine Road, Eden Prairie, MN, 55344",8595 Columbine Road,Eden Prairie,MN,55344,,,ALDI,active,USA,1312127
11810,2026-07-17T18:14:35.558Z,472-010,"Aldi, Medina",45.0424,-93.5243,"100 Westfalen Trl, Medina, MN, 55340",100 Westfalen Trl,Medina,MN,55340,,,ALDI,active,USA,1313497
12929,2026-07-17T18:14:37.179Z,472-011,"Aldi, Woodbury",44.93823,-92.93606,"8472 Tamarack Bay, Woodbury, MN, 55125",8472 Tamarack Bay,Woodbury,MN,55125,,,ALDI,active,USA,1313509
11149,2026-07-17T18:14:34.070Z,472-012,"Aldi, Forest Lake",45.27623,-92.99726,"289 12th Street Sw, Forest Lake, MN, 55025",289 12th Street Sw,Forest Lake,MN,55025,,,ALDI,active,USA,1313460
12144,2026-07-17T18:14:36.171Z,472-013,"Aldi, Owatonna",44.096048,-93.257148,"2414 Hoffman Drive, Owatonna, MN, 55060",2414 Hoffman Drive,Owatonna,MN,55060,,,ALDI,active,USA,1313446
10893,2026-07-17T18:14:32.770Z,472-014,"Aldi, Cottage Grove",44.818731,-92.932154,"9010 Jamaica Avenue South, Cottage Grove, MN, 55016",9010 Jamaica Avenue South,Cottage Grove,MN,55016,,,ALDI,active,USA,1312138
12417,2026-07-17T18:14:36.487Z,472-015,"Aldi, Roseville",45.022645,-93.185222,"2005 Twin Lakes Parkway, Roseville, MN, 55113",2005 Twin Lakes Parkway,Roseville,MN,55113,,,ALDI,active,USA,1313501
10796,2026-07-17T18:14:32.770Z,472-016,"Aldi, Circle Pines",45.153995,-93.163993,"10216 Lexington Ave Ne, Circle Pines, MN, 55014",10216 Lexington Ave Ne,Circle Pines,MN,55014,,,ALDI,active,USA,1313462
10644,2026-07-17T18:14:32.256Z,472-017,"Aldi, Cambridge",45.573864,-93.198086,"160 Balsam Street N, Cambridge, MN, 55008",160 Balsam Street N,Cambridge,MN,55008,,,ALDI,active,USA,1313505
11446,2026-07-17T18:14:34.665Z,472-018,"Aldi, Hutchinson",44.870325,-94.378164,"1320 Highway 15 S Ste 101, Hutchinson, MN, 55350",1320 Highway 15 S Ste 101,Hutchinson,MN,55350,,,ALDI,active,USA,1312134
12900,2026-07-17T18:14:37.179Z,472-019,"Aldi, Willmar",45.104062,-95.038299,"495 19th St Se, Willmar, MN, 56201",495 19th St Se,Willmar,MN,56201,,,ALDI,active,USA,1313506
12544,2026-07-17T18:14:36.877Z,472-020,"Aldi, Sioux Falls",43.5199,-96.7703,"2808 S Louise Avenue, Sioux Falls, SD, 57106",2808 S Louise Avenue,Sioux Falls,SD,57106,,,ALDI,active,USA,1314506
12545,2026-07-17T18:14:36.877Z,472-021,"Aldi, Sioux Falls",43.5433,-96.6633,"5105 E Arrowhead Pkwy, Sioux Falls, SD, 57110",5105 E Arrowhead Pkwy,Sioux Falls,SD,57110,,,ALDI,active,USA,1313412
12546,2026-07-17T18:14:36.877Z,472-022,"Aldi, Sioux Falls",43.476135,-96.731847,"600 W 85th St, Sioux Falls, SD, 57108",600 W 85th St,Sioux Falls,SD,57108,,,ALDI,active,USA,1313413
11779,2026-07-17T18:14:35.558Z,472-024,"Aldi, Marshall",44.430008,-95.769577,"1400 Boyer Drive, Marshall, MN, 56258",1400 Boyer Drive,Marshall,MN,56258,,,ALDI,active,USA,1313475
12542,2026-07-17T18:14:36.877Z,472-025,"Aldi, Sioux City",42.533497,-96.370155,"3140 Floyd Blvd, Sioux City, IA, 51108",3140 Floyd Blvd,Sioux City,IA,51108,,,ALDI,active,USA,1312550
12780,2026-07-17T18:14:37.179Z,472-026,"Aldi, Waconia",44.83967,-93.79427,"10620 10th St W, Waconia, MN, 55387",10620 10th St W,Waconia,MN,55387,,,ALDI,active,USA,1313459
11909,2026-07-17T18:14:35.558Z,472-027,"Aldi, Monticello",45.286706,-93.802092,"9400 Cedar Street, Monticello, MN, 55362",9400 Cedar Street,Monticello,MN,55362,,,ALDI,active,USA,1312133
10728,2026-07-17T18:14:32.256Z,472-028,"Aldi, Chaska",44.834279,-93.601316,"1110 Hazeltine Boulevard, Chaska, MN, 55318",1110 Hazeltine Boulevard,Chaska,MN,55318,,,ALDI,active,USA,1313445
10985,2026-07-17T18:14:33.514Z,472-029,"Aldi, Des Moines",41.534381,-93.597639,"5512 Southeast 14th Street, Des Moines, IA, 50320",5512 Southeast 14th Street,Des Moines,IA,50320,,,ALDI,active,USA,1312596
12446,2026-07-17T18:14:36.487Z,472-032,"Aldi, Saint Louis Park",44.937793,-93.392733,"8950 Highway 7, Saint Louis Park, MN, 55426",8950 Highway 7,Saint Louis Park,MN,55426,,,ALDI,active,USA,1314469
12817,2026-07-17T18:14:37.179Z,472-033,"Aldi, Waterloo",42.46224,-92.3313,"1918 Schukei Road, Waterloo, IA, 50702",1918 Schukei Road,Waterloo,IA,50702,,,ALDI,active,USA,1312533
12745,2026-07-17T18:14:37.179Z,472-034,"Aldi, Urbandale",41.628406,-93.733094,"8400 Douglas Avenue, Urbandale, IA, 50322",8400 Douglas Avenue,Urbandale,IA,50322,,,ALDI,active,USA,1312481
10392,2026-07-17T18:14:31.811Z,472-035,"Aldi, Ankeny",41.748955,-93.599821,"2075 N Ankeny Boulevard, Ankeny, IA, 50023",2075 N Ankeny Boulevard,Ankeny,IA,50023,,,ALDI,active,USA,1312480
12821,2026-07-17T18:14:37.179Z,472-036,"Aldi, Waukee",41.614243,-93.854804,"1030 East Hickman Road, Waukee, IA, 50263",1030 East Hickman Road,Waukee,IA,50263,,,ALDI,active,USA,1312532
12450,2026-07-17T18:14:36.487Z,472-037,"Aldi, Saint Paul",44.976276,-93.042862,"1160 Clarence Street, Saint Paul, MN, 55106",1160 Clarence Street,Saint Paul,MN,55106,,,ALDI,active,USA,1313465
10987,2026-07-17T18:14:33.514Z,472-038,"Aldi, Des Moines",41.599968,-93.568862,"2543 East University, Des Moines, IA, 50317",2543 East University,Des Moines,IA,50317,,,ALDI,active,USA,1312542
11023,2026-07-17T18:14:33.514Z,472-039,"Aldi, Eagan",44.833996,-93.175173,"1550 Quarry Rd, Eagan, MN, 55121",1550 Quarry Rd,Eagan,MN,55121,,,ALDI,active,USA,1313508
12851,2026-07-17T18:14:37.179Z,472-040,"Aldi, West Des Moines",41.55844,-93.79252,"6050 Mills CIVic Parkway, West Des Moines, IA, 50266",6050 Mills CIVic Parkway,West Des Moines,IA,50266,,,ALDI,active,USA,1312565
10405,2026-07-17T18:14:31.811Z,472-041,"Aldi, Apple Valley",44.728551,-93.219959,"7589 153rd Street W, Apple Valley, MN, 55124",7589 153rd Street W,Apple Valley,MN,55124,,,ALDI,active,USA,1313458
10627,2026-07-17T18:14:32.256Z,472-042,"Aldi, Burnsville",44.747911,-93.295702,"1294 County Rd 42 W, Burnsville, MN, 55337",1294 County Rd 42 W,Burnsville,MN,55337,,,ALDI,active,USA,1313512
11780,2026-07-17T18:14:35.558Z,472-043,"Aldi, Marshalltown",42.016984,-92.913477,"2405 South Center Street, Marshalltown, IA, 50158",2405 South Center Street,Marshalltown,IA,50158,,,ALDI,active,USA,1312544
11827,2026-07-17T18:14:35.558Z,472-044,"Aldi, Menomonie",44.913048,-91.932748,"2505 Hils Court, Menomonie, WI, 54751",2505 Hils Court,Menomonie,WI,54751,,,ALDI,active,USA,1312148
12359,2026-07-17T18:14:36.487Z,472-045,"Aldi, Rice Lake",45.477554,-91.73657,"2200 South Main, Rice Lake, WI, 54868",2200 South Main,Rice Lake,WI,54868,,,ALDI,active,USA,1314565
12003,2026-07-17T18:14:35.837Z,472-046,"Aldi, New Richmond",45.099519,-92.537016,"1737 Dorset Lane, New Richmond, WI, 54017",1737 Dorset Lane,New Richmond,WI,54017,,,ALDI,active,USA,1313716
11788,2026-07-17T18:14:35.558Z,472-047,"Aldi, Mason City",43.1467,-93.2501,"520 Village Green Drive Sw, Mason City, IA, 50401",520 Village Green Drive Sw,Mason City,IA,50401,,,ALDI,active,USA,1312562
10382,2026-07-17T18:14:31.811Z,472-048,"Aldi, Ames",42.016968,-93.61217,"108 South 5th Street, Ames, IA, 50010",108 South 5th Street,Ames,IA,50010,,,ALDI,active,USA,1312606
12371,2026-07-17T18:14:36.487Z,472-049,"Aldi, River Falls",44.876303,-92.62182,"1567 Sullivan Ct, River Falls, WI, 54022",1567 Sullivan Ct,River Falls,WI,54022,,,ALDI,active,USA,1314570
10356,2026-07-17T18:14:31.811Z,472-050,"Aldi, Alexandria",45.84502,-95.385512,"600 50th Ave W, Alexandria, MN, 56308",600 50th Ave W,Alexandria,MN,56308,,,ALDI,active,USA,1312139
11123,2026-07-17T18:14:33.514Z,472-051,"Aldi, Fergus Falls",46.286712,-96.104438,"1802 W Lincoln Ave, Fergus Falls, MN, 56537",1802 W Lincoln Ave,Fergus Falls,MN,56537,,,ALDI,active,USA,1313442
12511,2026-07-17T18:14:36.487Z,472-052,"Aldi, Shakopee",44.776064,-93.419176,"7845 Old Carriage Court, Shakopee, MN, 55379",7845 Old Carriage Court,Shakopee,MN,55379,,,ALDI,active,USA,1313449
11039,2026-07-17T18:14:33.514Z,472-053,"Aldi, Eau Claire",44.77915,-91.4332,"3650 South Hastings Way, Eau Claire, WI, 54701",3650 South Hastings Way,Eau Claire,WI,54701,,,ALDI,active,USA,1313690
12102,2026-07-17T18:14:35.837Z,472-054,"Aldi, Onalaska",43.880406,-91.180516,"3133 Market Place Drive, Onalaska, WI, 54650",3133 Market Place Drive,Onalaska,WI,54650,,,ALDI,active,USA,1312194
12350,2026-07-17T18:14:36.487Z,472-055,"Aldi, Red Wing",44.5702,-92.5867,"160 Tyler Road N, Red Wing, MN, 55066",160 Tyler Road N,Red Wing,MN,55066,,,ALDI,active,USA,1313453
10602,2026-07-17T18:14:32.256Z,472-056,"Aldi, Brooklyn Park",45.09288,-93.3531,"7600 Brooklyn Boulevard, Brooklyn Park, MN, 55443",7600 Brooklyn Boulevard,Brooklyn Park,MN,55443,,,ALDI,active,USA,1314160
11697,2026-07-17T18:14:35.092Z,472-057,"Aldi, Little Canada",45.011492,-93.105301,"2350 Rice Street, Little Canada, MN, 55113",2350 Rice Street,Little Canada,MN,55113,,,ALDI,active,USA,1312135
11467,2026-07-17T18:14:34.665Z,472-058,"Aldi, Inver Grove Heights",44.85422,-93.0435,"6520 Cahill Avenue, Inver Grove Heights, MN, 55076",6520 Cahill Avenue,Inver Grove Heights,MN,55076,,,ALDI,active,USA,1312126
11153,2026-07-17T18:14:34.070Z,472-059,"Aldi, Fort Dodge",42.505969,-94.15933,"2736 1st Avenue South, Fort Dodge, IA, 50501",2736 1st Avenue South,Fort Dodge,IA,50501,,,ALDI,active,USA,1312561
12448,2026-07-17T18:14:36.487Z,472-060,"Aldi, Saint Paul",44.95059,-93.016,"2005 Suburban Avenue, Saint Paul, MN, 55119",2005 Suburban Avenue,Saint Paul,MN,55119,,,ALDI,active,USA,1313463
12414,2026-07-17T18:14:36.487Z,472-061,"Aldi, Rosemount",44.732347,-93.128962,"14995 South Robert Trail, Rosemount, MN, 55068",14995 South Robert Trail,Rosemount,MN,55068,,,ALDI,active,USA,1313504
10708,2026-07-17T18:14:32.256Z,472-062,"Aldi, Champlin",45.164995,-93.392537,"11620 Theatre Drive, Champlin, MN, 55316",11620 Theatre Drive,Champlin,MN,55316,,,ALDI,active,USA,1313439
11883,2026-07-17T18:14:35.558Z,472-063,"Aldi, Minnetonka",44.95291,-93.4194,"11100 Cedar Lake Road, Minnetonka, MN, 55305",11100 Cedar Lake Road,Minnetonka,MN,55305,,,ALDI,active,USA,1313470
10692,2026-07-17T18:14:32.256Z,472-064,"Aldi, Cedar Falls",42.48656,-92.44247,"315 Brandilynn Blvd, Cedar Falls, IA, 50613",315 Brandilynn Blvd,Cedar Falls,IA,50613,,,ALDI,active,USA,1312600
12361,2026-07-17T18:14:36.487Z,472-065,"Aldi, Richfield",44.88869,-93.30905,"6310 Penn Avenue South, Richfield, MN, 55423",6310 Penn Avenue South,Richfield,MN,55423,,,ALDI,active,USA,1313507
12451,2026-07-17T18:14:36.487Z,472-066,"Aldi, Saint Paul",44.95536,-93.14837,"1134 University Avenue West, Saint Paul, MN, 55104",1134 University Avenue West,Saint Paul,MN,55104,,,ALDI,active,USA,1313503
11882,2026-07-17T18:14:35.558Z,472-067,"Aldi, Minneapolis",44.96246,-93.2551,"1311 East Franklin Avenue, Minneapolis, MN, 55404",1311 East Franklin Avenue,Minneapolis,MN,55404,,,ALDI,active,USA,1314156
11881,2026-07-17T18:14:35.558Z,472-069,"Aldi, Minneapolis",44.95518,-93.28771,"2601 Lyndale Avenue South, Minneapolis, MN, 55408",2601 Lyndale Avenue South,Minneapolis,MN,55408,,,ALDI,active,USA,1312132
10876,2026-07-17T18:14:32.770Z,472-070,"Aldi, Coon Rapids",45.130702,-93.271746,"8800 Springbrook Dr Nw, Coon Rapids, MN, 55433",8800 Springbrook Dr Nw,Coon Rapids,MN,55433,,,ALDI,active,USA,1314158
10524,2026-07-17T18:14:31.811Z,472-071,"Aldi, Blaine",45.20579,-93.233,"12913 Central Avenue Ne, Blaine, MN, 55434",12913 Central Avenue Ne,Blaine,MN,55434,,,ALDI,active,USA,1314161
12383,2026-07-17T18:14:36.487Z,472-075,"Aldi, Rochester",44.005892,-92.466245,"1201 S Broadway Suite 220, Rochester, MN, 55904",1201 S Broadway Suite 220,Rochester,MN,55904,,,ALDI,active,USA,1313471
10441,2026-07-17T18:14:31.811Z,472-076,"Aldi, Austin",43.682152,-92.996492,"1700 17th St Nw, Austin, MN, 55912",1700 17th St Nw,Austin,MN,55912,,,ALDI,active,USA,1313441
12386,2026-07-17T18:14:36.487Z,472-077,"Aldi, Rochester",44.047299,-92.519617,"2215 Commerce Dr Nw, Rochester, MN, 55901",2215 Commerce Dr Nw,Rochester,MN,55901,,,ALDI,active,USA,1313468
11468,2026-07-17T18:14:34.665Z,472-078,"Aldi, Inver Grove Heights",44.882073,-93.079012,"1414 Mendota Rd, Inver Grove Heights, MN, 55077",1414 Mendota Rd,Inver Grove Heights,MN,55077,,,ALDI,active,USA,1312130
11762,2026-07-17T18:14:35.558Z,472-080,"Aldi, Mankato",44.166191,-93.962478,"1621 E Madison Avenue, Mankato, MN, 56001",1621 E Madison Avenue,Mankato,MN,56001,,,ALDI,active,USA,1312128
12006,2026-07-17T18:14:35.837Z,472-081,"Aldi, New Ulm",44.327027,-94.498248,"2101 N Highland Avenue, New Ulm, MN, 56073",2101 N Highland Avenue,New Ulm,MN,56073,,,ALDI,active,USA,1313473
11753,2026-07-17T18:14:35.558Z,472-082,"Aldi, Mahtomedi",45.049614,-92.980637,"750 Wildwood Road, Mahtomedi, MN, 55115",750 Wildwood Road,Mahtomedi,MN,55115,,,ALDI,active,USA,1313455
10911,2026-07-17T18:14:32.770Z,472-083,"Aldi, Crystal",45.055405,-93.364996,"5620 West Broadway, Crystal, MN, 55428",5620 West Broadway,Crystal,MN,55428,,,ALDI,active,USA,1313456
11765,2026-07-17T18:14:35.558Z,472-084,"Aldi, Maplewood",45.032084,-93.016699,"3000 White Bear Ave N, Maplewood, MN, 55109",3000 White Bear Ave N,Maplewood,MN,55109,,,ALDI,active,USA,1313452
10628,2026-07-17T18:14:32.256Z,472-085,"Aldi, Burnsville",44.78562,-93.254614,"1451 Riverwood Drive, Burnsville, MN, 55337",1451 Riverwood Drive,Burnsville,MN,55337,,,ALDI,active,USA,1312185
10877,2026-07-17T18:14:32.770Z,472-086,"Aldi, Coon Rapids",45.205812,-93.352902,"3410 Northdale Boulevard, Coon Rapids, MN, 55448",3410 Northdale Boulevard,Coon Rapids,MN,55448,,,ALDI,active,USA,1313438
11018,2026-07-17T18:14:33.514Z,472-087,"Aldi, Dundas",44.430084,-93.19216,"611 Stafford Road North, Dundas, MN, 55019",611 Stafford Road North,Dundas,MN,55019,,,ALDI,active,USA,1313466
11110,2026-07-17T18:14:33.514Z,472-088,"Aldi, Faribault",44.293645,-93.293803,"300 Park Avenue, Faribault, MN, 55021",300 Park Avenue,Faribault,MN,55021,,,ALDI,active,USA,1314480
11427,2026-07-17T18:14:34.665Z,472-089,"Aldi, Hudson",44.954417,-92.723424,"2401 Hanley Road, Hudson, WI, 54016",2401 Hanley Road,Hudson,WI,54016,,,ALDI,active,USA,1312150
12782,2026-07-17T18:14:37.179Z,472-090,"Aldi, Waite Park",45.548489,-94.22073,"256 2nd Street South, Waite Park, MN, 56387",256 2nd Street South,Waite Park,MN,56387,,,ALDI,active,USA,1313502
11699,2026-07-17T18:14:35.092Z,472-091,"Aldi, Little Falls",45.978726,-94.333775,"14986 18th St Ne, Little Falls, MN, 56345",14986 18th St Ne,Little Falls,MN,56345,,,ALDI,active,USA,1313496
11059,2026-07-17T18:14:33.514Z,472-092,"Aldi, Elk River",45.32689,-93.56341,"19620 Holt Street, Elk River, MN, 55330",19620 Holt Street,Elk River,MN,55330,,,ALDI,active,USA,1314159
11923,2026-07-17T18:14:35.558Z,472-093,"Aldi, Mounds View",45.106763,-93.209849,"2537 County Hwy 10 Ne, Mounds View, MN, 55112",2537 County Hwy 10 Ne,Mounds View,MN,55112,,,ALDI,active,USA,1313440
11764,2026-07-17T18:14:35.558Z,472-094,"Aldi, Maple Grove",45.12974,-93.482,"9610 Grove Circle North, Maple Grove, MN, 55369",9610 Grove Circle North,Maple Grove,MN,55369,,,ALDI,active,USA,1313469
12767,2026-07-17T18:14:37.179Z,472-095,"Aldi, Virginia",47.511008,-92.553505,"1414 S 12th Ave W Ste C, Virginia, MN, 55792",1414 S 12th Ave W Ste C,Virginia,MN,55792,,,ALDI,active,USA,1313437
11275,2026-07-17T18:14:34.070Z,472-096,"Aldi, Grand Rapids",47.217881,-93.527257,"85 Se 13th Street, Grand Rapids, MN, 55744",85 Se 13th Street,Grand Rapids,MN,55744,,,ALDI,active,USA,1313461
11012,2026-07-17T18:14:33.514Z,472-097,"Aldi, Duluth",46.805838,-92.166204,"1724 Mall Drive, Duluth, MN, 55811",1724 Mall Drive,Duluth,MN,55811,,,ALDI,active,USA,1313511
12650,2026-07-17T18:14:36.877Z,472-098,"Aldi, Superior",46.6861,-92.1049,"4429 Tower Avenue, Superior, WI, 54880",4429 Tower Avenue,Superior,WI,54880,,,ALDI,active,USA,1314568
10827,2026-07-17T18:14:32.770Z,472-101,"Aldi, Cloquet",46.713294,-92.464719,"131 Big Lake Road, Cloquet, MN, 55720",131 Big Lake Road,Cloquet,MN,55720,,,ALDI,active,USA,1314470
12311,2026-07-17T18:14:36.171Z,472-102,"Aldi, Princeton",45.574504,-93.603483,"1911 5th St N, Princeton, MN, 55371",1911 5th St N,Princeton,MN,55371,,,ALDI,active,USA,1313447
12362,2026-07-17T18:14:36.487Z,472-103,"Aldi, Richfield",44.86325,-93.290933,"860 West 78th Street, Richfield, MN, 55423",860 West 78th Street,Richfield,MN,55423,,,ALDI,active,USA,1313472
12416,2026-07-17T18:14:36.487Z,472-104,"Aldi, Roseville",44.992675,-93.149246,"1161 Larpenteur Avenue West, Roseville, MN, 55113",1161 Larpenteur Avenue West,Roseville,MN,55113,,,ALDI,active,USA,1312125
12449,2026-07-17T18:14:36.487Z,472-105,"Aldi, Saint Paul",44.902374,-93.170796,"2481 7th Street West, Saint Paul, MN, 55116",2481 7th Street West,Saint Paul,MN,55116,,,ALDI,active,USA,1313500
11880,2026-07-17T18:14:35.558Z,472-106,"Aldi, Minneapolis",44.9495,-93.2324,"2929 27th Ave S, Minneapolis, MN, 55406",2929 27th Ave S,Minneapolis,MN,55406,,,ALDI,active,USA,1313454
11600,2026-07-17T18:14:35.092Z,472-107,"Aldi, Lakeville",44.648662,-93.299139,"11542 207th Street West, Lakeville, MN, 55044",11542 207th Street West,Lakeville,MN,55044,,,ALDI,active,USA,1313443
10525,2026-07-17T18:14:31.811Z,472-108,"Aldi, Blaine",45.170523,-93.236105,"10985 Ulysses St Ne 200, Blaine, MN, 55434",10985 Ulysses St Ne 200,Blaine,MN,55434,,,ALDI,active,USA,1313451
11313,2026-07-17T18:14:34.070Z,472-109,"Aldi, Grimes",41.688909,-93.772221,"2055 East 1st Street, Grimes, IA, 50111",2055 East 1st Street,Grimes,IA,50111,,,ALDI,active,USA,1312552
10379,2026-07-17T18:14:31.811Z,472-110,"Aldi, Altoona",41.64645,-93.50272,"611 34th Ave Sw, Altoona, IA, 50009",611 34th Ave Sw,Altoona,IA,50009,,,ALDI,active,USA,1312599
12818,2026-07-17T18:14:37.179Z,472-111,"Aldi, Watertown",44.89087,-97.06897,"2822 8th Avenue Se, Watertown, SD, 57201",2822 8th Avenue Se,Watertown,SD,57201,,,ALDI,active,USA,1313537
11269,2026-07-17T18:14:34.070Z,472-112,"Aldi, Grand Forks",47.88782,-97.06896,"2771 32nd Avenue S, Grand Forks, ND, 58201",2771 32nd Avenue S,Grand Forks,ND,58201,,,ALDI,active,USA,1313024
11109,2026-07-17T18:14:33.514Z,472-113,"Aldi, Fargo",46.805213,-96.843868,"3760 51st Ave S, Fargo, ND, 58104",3760 51st Ave S,Fargo,ND,58104,,,ALDI,active,USA,1313025
10993,2026-07-17T18:14:33.514Z,472-114,"Aldi, Detroit Lakes",46.82643,-95.86885,"1305 Hwy 10 W, Detroit Lakes, MN, 56501",1305 Hwy 10 W,Detroit Lakes,MN,56501,,,ALDI,active,USA,1312137
12914,2026-07-17T18:14:37.179Z,472-116,"Aldi, Windsor Heights",41.5998,-93.7156,"7100 University Ave, Windsor Heights, IA, 50324",7100 University Ave,Windsor Heights,IA,50324,,,ALDI,active,USA,1312566
10503,2026-07-17T18:14:31.811Z,472-117,"Aldi, Bemidji",47.493527,-94.898441,"1313 Paul Bunyan Dr Nw, Bemidji, MN, 56601",1313 Paul Bunyan Dr Nw,Bemidji,MN,56601,,,ALDI,active,USA,1313464
12547,2026-07-17T18:14:36.877Z,472-118,"Aldi, Sioux Falls",43.6024,-96.7801,"4201 W 61st Circle North, Sioux Falls, SD, 57107",4201 W 61st Circle North,Sioux Falls,SD,57107,,,ALDI,active,USA,1314507
12915,2026-07-17T18:14:37.179Z,472-119,"Aldi, Winona",44.046883,-91.677116,"1443 Service Drive, Winona, MN, 55987",1443 Service Drive,Winona,MN,55987,,,ALDI,active,USA,1312129
12543,2026-07-17T18:14:36.877Z,472-126,"Aldi, Sioux City",42.4477,-96.3402,"5001 Sergeant Road Ste 140, Sioux City, IA, 51106",5001 Sergeant Road Ste 140,Sioux City,IA,51106,,,ALDI,active,USA,1312548
12484,2026-07-17T18:14:36.487Z,472-140,"Aldi, Sartell",45.597479,-94.190665,"32752 River Oaks Ln, Sartell, MN, 56303",32752 River Oaks Ln,Sartell,MN,56303,,,ALDI,active,USA,1313450
12135,2026-07-17T18:14:36.171Z,472-141,"Aldi, Otsego",45.277144,-93.566466,"8700 Parkview Ave Ne, Otsego, MN, 55330",8700 Parkview Ave Ne,Otsego,MN,55330,,,ALDI,active,USA,1313510
12179,2026-07-17T18:14:36.171Z,472-142,"Aldi, Park Rapids",46.921509,-95.03204,"1310 1st St E, Park Rapids, MN, 56470",1310 1st St E,Park Rapids,MN,56470,,,ALDI,active,USA,1313457
12337,2026-07-17T18:14:36.487Z,472-143,"Aldi, Ramsey",45.236849,-93.468703,"7992 Sunwood Drive Nw, Ramsey, MN, 55303",7992 Sunwood Drive Nw,Ramsey,MN,55303,,,ALDI,active,USA,1314468
11575,2026-07-17T18:14:35.092Z,472-144,"Aldi, La Crosse",43.76986,-91.21304,"4344 Mormon Coulee Road, La Crosse, WI, 54601",4344 Mormon Coulee Road,La Crosse,WI,54601,,,ALDI,active,USA,1313678
12059,2026-07-17T18:14:35.837Z,472-145,"Aldi, Oakdale",44.99825,-92.95198,"3504 Highpoint Dr N, Oakdale, MN, 55128",3504 Highpoint Dr N,Oakdale,MN,55128,,,ALDI,active,USA,1313474
12005,2026-07-17T18:14:35.837Z,472-146,"Aldi, Newton",41.696422,-93.01469,"375 Iowa Speedway Dr, Newton, IA, 50208",375 Iowa Speedway Dr,Newton,IA,50208,,,ALDI,active,USA,1312559
12830,2026-07-17T18:14:37.179Z,472-147,"Aldi, Waverly",42.70151,-92.47487,"2701 4th Street Sw, Waverly, IA, 50677",2701 4th Street Sw,Waverly,IA,50677,,,ALDI,active,USA,1312535
12236,2026-07-17T18:14:36.171Z,472-148,"Aldi, Pine City",45.818819,-92.980081,"100 Evergreen Sq Sw, Pine City, MN, 55063",100 Evergreen Sq Sw,Pine City,MN,55063,,,ALDI,active,USA,1313444
10596,2026-07-17T18:14:32.256Z,472-149,"Aldi, Brookings",44.3125,-96.7554,"3018 Pasqueflower Place, Brookings, SD, 57006",3018 Pasqueflower Place,Brookings,SD,57006,,,ALDI,active,USA,1314508
11377,2026-07-17T18:14:34.665Z,472-152,"Aldi, Hibbing",47.3988,-92.9578,"12060 Highway 169 W, Hibbing, MN, 55746",12060 Highway 169 W,Hibbing,MN,55746,,,ALDI,active,USA,1314155
10352,2026-07-17T18:14:31.811Z,472-153,"Aldi, Albert Lea",43.6603,-93.328,"1406 Blake Avenue, Albert Lea, MN, 56007",1406 Blake Avenue,Albert Lea,MN,56007,,,ALDI,active,USA,1312136
11691,2026-07-17T18:14:35.092Z,472-154,"Aldi, Lino Lakes",45.1634,-93.0258,"7085 Otter Lake Road, Lino Lakes, MN, 55038",7085 Otter Lake Road,Lino Lakes,MN,55038,,,ALDI,active,USA,1314157
12351,2026-07-17T18:14:36.487Z,473-001,"Aldi, Rego Park",40.73338,-73.86259,"61-11 Junction Boulevard, Rego Park, NY, 11374",61-11 Junction Boulevard,Rego Park,NY,11374,,,ALDI,active,USA,1314197
12007,2026-07-17T18:14:35.837Z,473-002,"Aldi, New York",40.79568,-73.93243,"517 East 117th Street, New York, NY, 10035",517 East 117th Street,New York,NY,10035,,,ALDI,active,USA,1314220
12186,2026-07-17T18:14:36.171Z,473-003,"Aldi, Patchogue",40.77709,-73.0321,"367 Sunrise Hwy W, Patchogue, NY, 11772",367 Sunrise Hwy W,Patchogue,NY,11772,,,ALDI,active,USA,1313131
12498,2026-07-17T18:14:36.487Z,473-004,"Aldi, Selden",40.86697,-73.0329,"614 Middle Country Road, Selden, NY, 11784",614 Middle Country Road,Selden,NY,11784,,,ALDI,active,USA,1313081
10589,2026-07-17T18:14:32.256Z,473-005,"Aldi, Bronx",40.8777,-73.9056,"5532 Broadway, Bronx, NY, 10463",5532 Broadway,Bronx,NY,10463,,,ALDI,active,USA,1313670
11559,2026-07-17T18:14:35.092Z,473-006,"Aldi, Kingston",41.9431,-73.987,"767-795 E Chester St, Kingston, NY, 12401",767-795 E Chester St,Kingston,NY,12401,,,ALDI,active,USA,1313078
10599,2026-07-17T18:14:32.256Z,473-007,"Aldi, Brooklyn",40.6558,-73.8684,"528 Gateway Drive, Brooklyn, NY, 11239",528 Gateway Drive,Brooklyn,NY,11239,,,ALDI,active,USA,1314204
10591,2026-07-17T18:14:32.256Z,473-008,"Aldi, Bronx",40.8194,-73.91296,"3006 3rd Avenue, Bronx, NY, 10455",3006 3rd Avenue,Bronx,NY,10455,,,ALDI,active,USA,1314203
10600,2026-07-17T18:14:32.256Z,473-009,"Aldi, Brooklyn",40.59146,-73.94008,"3785 Nostrand Avenue, Brooklyn, NY, 11235",3785 Nostrand Avenue,Brooklyn,NY,11235,,,ALDI,active,USA,1313657
11956,2026-07-17T18:14:35.837Z,473-011,"Aldi, Nanuet",41.09436,-74.00378,"195 East Route 59, Nanuet, NY, 10954",195 East Route 59,Nanuet,NY,10954,,,ALDI,active,USA,1313148
10478,2026-07-17T18:14:31.811Z,473-012,"Aldi, Bay Shore",40.7384,-73.2364,"1851 Sunrise Highway, Bay Shore, NY, 11706",1851 Sunrise Highway,Bay Shore,NY,11706,,,ALDI,active,USA,1313157
11588,2026-07-17T18:14:35.092Z,473-013,"Aldi, Lake Grove",40.86615,-73.13316,"139 Alexander Avenue, Lake Grove, NY, 11755",139 Alexander Avenue,Lake Grove,NY,11755,,,ALDI,active,USA,1313149
12372,2026-07-17T18:14:36.487Z,473-014,"Aldi, Riverhead",40.92395,-72.7034,"1773 Old Country Road, Riverhead, NY, 11901",1773 Old Country Road,Riverhead,NY,11901,,,ALDI,active,USA,1312192
11690,2026-07-17T18:14:35.092Z,473-015,"Aldi, Lindenhurst",40.68619,-73.35274,"481 Park Avenue, Lindenhurst, NY, 11757",481 Park Avenue,Lindenhurst,NY,11757,,,ALDI,active,USA,1312059
11428,2026-07-17T18:14:34.665Z,473-016,"Aldi, Hudson",42.25508,-73.76854,"157 Fairview Ave, Hudson, NY, 12534",157 Fairview Ave,Hudson,NY,12534,,,ALDI,active,USA,1313019
10592,2026-07-17T18:14:32.256Z,473-019,"Aldi, Bronx",40.86433,-73.83457,"1750 E Gun Hill Rd Suite B, Bronx, NY, 10469",1750 E Gun Hill Rd Suite B,Bronx,NY,10469,,,ALDI,active,USA,1313660
12585,2026-07-17T18:14:36.877Z,473-020,"Aldi, Springfield",42.14049,-72.50099,"1284 Boston Road, Springfield, MA, 01119",1284 Boston Road,Springfield,MA,1119,,,ALDI,active,USA,1942206
12875,2026-07-17T18:14:37.179Z,473-021,"Aldi, West Springfield",42.1284,-72.62574,"903 Riverdale Street, West Springfield, MA, 01089",903 Riverdale Street,West Springfield,MA,01089,,,ALDI,active,USA,2013845
10778,2026-07-17T18:14:32.770Z,473-022,"Aldi, Chicopee",42.17167,-72.57658,"505 Memorial Drive, Chicopee, MA, 01020",505 Memorial Drive,Chicopee,MA,1020,,,ALDI,active,USA,1941770
11324,2026-07-17T18:14:34.070Z,473-023,"Aldi, Hadley",42.35748,-72.55157,"354 Russell Street, Hadley, MA, 01035",354 Russell Street,Hadley,MA,01035,,,ALDI,active,USA,2013844
12254,2026-07-17T18:14:36.171Z,473-024,"Aldi, Pittsfield",42.46767,-73.206608,"898 Crane Avenue, Pittsfield, MA, 01201",898 Crane Avenue,Pittsfield,MA,01201,,,ALDI,active,USA,2013843
11510,2026-07-17T18:14:34.665Z,473-025,"Aldi, Johnston",41.815499,-71.497363,"1386 Atwood Avenue, Johnston, RI, 02919",1386 Atwood Avenue,Johnston,RI,2919,,,ALDI,active,USA,1942090
12022,2026-07-17T18:14:35.837Z,473-026,"Aldi, Northampton",42.333662,-72.63394,"303 King St Building 2, Northampton, MA, 01060",303 King St Building 2,Northampton,MA,1060,,,ALDI,active,USA,1942177
12341,2026-07-17T18:14:36.487Z,473-027,"Aldi, Raynham",41.90533,-71.04498,"600 South Street West, Raynham, MA, 02767",600 South Street West,Raynham,MA,02767,,,ALDI,active,USA,2013848
10504,2026-07-17T18:14:31.811Z,473-029,"Aldi, Bennington",42.89386,-73.19357,"10 Kocher Dr, Bennington, VT, 05201",10 Kocher Dr,Bennington,VT,05201,,,ALDI,active,USA,2015267
12427,2026-07-17T18:14:36.487Z,473-031,"Aldi, Rutland",43.58993,-72.97007,"263 S Main St, Rutland, VT, 05701",263 S Main St,Rutland,VT,5701,,,ALDI,active,USA,1942197
10570,2026-07-17T18:14:32.256Z,473-032,"Aldi, Brattleboro",42.87505,-72.56229,"762 Putney Rd, Brattleboro, VT, 05301",762 Putney Rd,Brattleboro,VT,5301,,,ALDI,active,USA,1941762
12048,2026-07-17T18:14:35.837Z,473-033,"Aldi, North Smithfield",41.9824,-71.51448,"11 Dowling Village Blvd, North Smithfield, RI, 02896",11 Dowling Village Blvd,North Smithfield,RI,2896,,,ALDI,active,USA,1942180
11855,2026-07-17T18:14:35.558Z,473-034,"Aldi, Middletown",41.55385,-72.68465,"671 Washington Street, Middletown, CT, 06457",671 Washington Street,Middletown,CT,06457,,,ALDI,active,USA,2013030
10901,2026-07-17T18:14:32.770Z,473-036,"Aldi, Cranston",41.79932,-71.44794,"1015 Cranston Street, Cranston, RI, 02920",1015 Cranston Street,Cranston,RI,02920,,,ALDI,active,USA,2014934
12804,2026-07-17T18:14:37.179Z,473-038,"Aldi, Warwick",41.68309,-71.50044,"444 Quaker Lane, Warwick, RI, 02886",444 Quaker Lane,Warwick,RI,02886,,,ALDI,active,USA,2014932
12425,2026-07-17T18:14:36.487Z,473-040,"Aldi, Rumford",41.85734,-71.35445,"70 Newport Avenue, Rumford, RI, 02916",70 Newport Avenue,Rumford,RI,02916,,,ALDI,active,USA,2014931
12313,2026-07-17T18:14:36.171Z,473-041,"Aldi, Providence",41.83617,-71.42859,"539 Smith Street, Providence, RI, 02908",539 Smith Street,Providence,RI,2908,,,ALDI,active,USA,1942189
12852,2026-07-17T18:14:37.179Z,473-042,"Aldi, Westerly",41.3623,-71.8101,"100 Franklin Street, Westerly, RI, 02891",100 Franklin Street,Westerly,RI,02891,,,ALDI,active,USA,2014935
12758,2026-07-17T18:14:37.179Z,473-043,"Aldi, Vernon",41.84264,-72.48838,"360 Talcottville Rd, Vernon, CT, 06066",360 Talcottville Rd,Vernon,CT,06066,,,ALDI,active,USA,2013041
11067,2026-07-17T18:14:33.514Z,473-044,"Aldi, Enfield",41.98989,-72.58104,"25 Hazard Ave Ste 7, Enfield, CT, 06082",25 Hazard Ave Ste 7,Enfield,CT,6082,,,ALDI,active,USA,1942071
11692,2026-07-17T18:14:35.092Z,473-045,"Aldi, Lisbon",41.56694,-72.0132,"175 River Road, Lisbon, CT, 06351",175 River Road,Lisbon,CT,06351,,,ALDI,active,USA,2013038
11854,2026-07-17T18:14:35.558Z,473-046,"Aldi, Middletown",41.52763,-71.29617,"872 West Main Road, Middletown, RI, 02842",872 West Main Road,Middletown,RI,02842,,,ALDI,active,USA,2014938
11028,2026-07-17T18:14:33.514Z,473-047,"Aldi, East Hartford",41.76455,-72.60874,"801 Silver Lane, East Hartford, CT, 06118",801 Silver Lane,East Hartford,CT,6118,,,ALDI,active,USA,1942064
12053,2026-07-17T18:14:35.837Z,473-048,"Aldi, North Windham",41.73899,-72.17921,"332 Boston Post Road, North Windham, CT, 06256",332 Boston Post Road,North Windham,CT,6256,,,ALDI,active,USA,1942181
10951,2026-07-17T18:14:33.514Z,473-049,"Aldi, Dayville",41.83922,-71.87307,"728 Hartford Pike, Dayville, CT, 06241",728 Hartford Pike,Dayville,CT,6241,,,ALDI,active,USA,1942058
12816,2026-07-17T18:14:37.179Z,473-051,"Aldi, Waterford",41.34208,-72.1257,"122 Boston Post Rd 124, Waterford, CT, 06385",122 Boston Post Rd 124,Waterford,CT,06385,,,ALDI,active,USA,2013010
11314,2026-07-17T18:14:34.070Z,473-052,"Aldi, Groton",41.34976,-72.055647,"688 Long Hill Road, Groton, CT, 06340",688 Long Hill Road,Groton,CT,6340,,,ALDI,active,USA,1942082
12567,2026-07-17T18:14:36.877Z,473-053,"Aldi, Southington",41.63891,-72.87232,"811 Queen Street, Southington, CT, 06489",811 Queen Street,Southington,CT,6489,,,ALDI,active,USA,1942202
10981,2026-07-17T18:14:33.514Z,473-054,"Aldi, Derby",41.3391,-73.0843,"72 Pershing Drive, Derby, CT, 06418",72 Pershing Drive,Derby,CT,06418,,,ALDI,active,USA,2013023
10933,2026-07-17T18:14:32.770Z,473-055,"Aldi, Danbury",41.40514,-73.4191,"63 Newtown Road, Danbury, CT, 06810",63 Newtown Road,Danbury,CT,6810,,,ALDI,active,USA,1942055
11858,2026-07-17T18:14:35.558Z,473-057,"Aldi, Middletown",41.4559,-74.39034,"341 State Route 211 East, Middletown, NY, 10940",341 State Route 211 East,Middletown,NY,10940,,,ALDI,active,USA,1313140
11995,2026-07-17T18:14:35.837Z,473-058,"Aldi, New Milford",41.55651,-73.41719,"125 Danbury Road, New Milford, CT, 06776",125 Danbury Road,New Milford,CT,06776,,,ALDI,active,USA,2013029
12710,2026-07-17T18:14:36.877Z,473-059,"Aldi, Torrington",41.80754,-73.11441,"320 East Elm St, Torrington, CT, 06790",320 East Elm St,Torrington,CT,06790,,,ALDI,active,USA,2013034
12787,2026-07-17T18:14:37.179Z,473-060,"Aldi, Wallingford",41.50601,-72.80993,"1248 S Broad St, Wallingford, CT, 06492",1248 S Broad St,Wallingford,CT,6492,,,ALDI,active,USA,1942218
11988,2026-07-17T18:14:35.837Z,473-061,"Aldi, New Haven",41.32048,-72.87002,"480 Foxon Boulevard, New Haven, CT, 06513",480 Foxon Boulevard,New Haven,CT,6513,,,ALDI,active,USA,1942173
10581,2026-07-17T18:14:32.256Z,473-062,"Aldi, Bristol",41.66648,-72.92216,"110 Middle St, Bristol, CT, 06010",110 Middle St,Bristol,CT,6010,,,ALDI,active,USA,1941765
12857,2026-07-17T18:14:37.179Z,473-063,"Aldi, West Haven",41.26848,-72.97852,"535 Saw MIll Rd, West Haven, CT, 06516",535 Saw MIll Rd,West Haven,CT,06516,,,ALDI,active,USA,2013019
12813,2026-07-17T18:14:37.179Z,473-064,"Aldi, Waterbury",41.53942,-72.99735,"464 Reidville Drive, Waterbury, CT, 06705",464 Reidville Drive,Waterbury,CT,6705,,,ALDI,active,USA,1942224
11990,2026-07-17T18:14:35.837Z,473-065,"Aldi, Newington",41.679,-72.71258,"2640 Berlin Turnpike, Newington, CT, 06111",2640 Berlin Turnpike,Newington,CT,06111,,,ALDI,active,USA,2013022
12624,2026-07-17T18:14:36.877Z,473-066,"Aldi, Stony Point",41.21757,-73.98451,"156 South Liberty Drive, Stony Point, NY, 10980",156 South Liberty Drive,Stony Point,NY,10980,,,ALDI,active,USA,1314205
11866,2026-07-17T18:14:35.558Z,473-067,"Aldi, Milford",41.22166,-73.07436,"238 Boston Post Road, Milford, CT, 06460",238 Boston Post Road,Milford,CT,6460,,,ALDI,active,USA,1942162
12814,2026-07-17T18:14:37.179Z,473-068,"Aldi, Waterbury",41.5796,-73.03069,"62 Chase Ave, Waterbury, CT, 06704",62 Chase Ave,Waterbury,CT,6704,,,ALDI,active,USA,1942223
12856,2026-07-17T18:14:37.179Z,473-069,"Aldi, West Hartford",41.73926,-72.71928,"511 New Park Avenue, West Hartford, CT, 06110",511 New Park Avenue,West Hartford,CT,06110,,,ALDI,active,USA,2013013
11982,2026-07-17T18:14:35.837Z,473-070,"Aldi, New Britain",41.69671,-72.7911,"693 Farmington Avenue, New Britain, CT, 06053",693 Farmington Avenue,New Britain,CT,6053,,,ALDI,active,USA,1942171
12791,2026-07-17T18:14:37.179Z,473-071,"Aldi, Wappingers Falls",41.61643,-73.91531,"1830 South Road, Wappingers Falls, NY, 12590",1830 South Road,Wappingers Falls,NY,12590,,,ALDI,active,USA,1314191
11984,2026-07-17T18:14:35.837Z,473-072,"Aldi, Newburgh",41.50293,-74.05197,"13 Rte 17k, Newburgh, NY, 12550",13 Rte 17k,Newburgh,NY,12550,,,ALDI,active,USA,1313154
12938,2026-07-17T18:14:37.357Z,473-073,"Aldi, Worcester",42.29489,-71.77442,"500 Lincoln Street, Worcester, MA, 01605",500 Lincoln Street,Worcester,MA,01605,,,ALDI,active,USA,2013860
11331,2026-07-17T18:14:34.070Z,473-074,"Aldi, Hamden",41.373003,-72.919283,"2300 Dixwell Avenue, Hamden, CT, 06514",2300 Dixwell Avenue,Hamden,CT,6514,,,ALDI,active,USA,1942086
11667,2026-07-17T18:14:35.092Z,473-075,"Aldi, Leominster",42.49801,-71.73102,"241 New Lancaster Road, Leominster, MA, 01453",241 New Lancaster Road,Leominster,MA,1453,,,ALDI,active,USA,1942092
12402,2026-07-17T18:14:36.487Z,473-076,"Aldi, Rocky Hill",41.67679,-72.65139,"1863 Silas Deane Highway, Rocky Hill, CT, 06067",1863 Silas Deane Highway,Rocky Hill,CT,6067,,,ALDI,active,USA,1942194
11865,2026-07-17T18:14:35.558Z,473-078,"Aldi, Milford",42.1508,-71.49851,"225 East Main Street, Milford, MA, 01757",225 East Main Street,Milford,MA,01757,,,ALDI,active,USA,2013862
11809,2026-07-17T18:14:35.558Z,473-079,"Aldi, Medford",42.40762,-71.083,"630 Fellsway, Medford, MA, 02155",630 Fellsway,Medford,MA,2155,,,ALDI,active,USA,1942101
10586,2026-07-17T18:14:32.256Z,473-080,"Aldi, Brockton",42.0924,-71.051169,"544 Westgate Drive, Brockton, MA, 02301",544 Westgate Drive,Brockton,MA,2301,,,ALDI,active,USA,1941766
12855,2026-07-17T18:14:37.179Z,473-085,"Aldi, Westfield",42.114227,-72.730833,"235 E Main St, Westfield, MA, 01085",235 E Main St,Westfield,MA,1085,,,ALDI,active,USA,1941790
11103,2026-07-17T18:14:33.514Z,473-086,"Aldi, Fall River",41.671675,-71.161826,"485 William S Canning Blvd, Fall River, MA, 02721",485 William S Canning Blvd,Fall River,MA,02721,,,ALDI,active,USA,2013853
11288,2026-07-17T18:14:34.070Z,473-087,"Aldi, Greenfield",42.58546,-72.62477,"220 Mohawk Trail, Greenfield, MA, 01301",220 Mohawk Trail,Greenfield,MA,1301,,,ALDI,active,USA,1942081
12792,2026-07-17T18:14:37.179Z,473-088,"Aldi, Wareham",41.7814,-70.7443,"2419 Cranberry Hwy Pmb E, Wareham, MA, 02571",2419 Cranberry Hwy Pmb E,Wareham,MA,2571,,,ALDI,active,USA,1942220
12273,2026-07-17T18:14:36.171Z,473-089,"Aldi, Plymouth",41.95021,-70.716,"246 Colony Place, Plymouth, MA, 02360",246 Colony Place,Plymouth,MA,2360,,,ALDI,active,USA,1942188
10867,2026-07-17T18:14:32.770Z,473-090,"Aldi, Concord",43.226064,-71.487121,"289 Loudon Rd, Concord, NH, 03301",289 Loudon Rd,Concord,NH,3301,,,ALDI,active,USA,1942053
11759,2026-07-17T18:14:35.558Z,473-091,"Aldi, Manchester",42.960379,-71.4389,"1111 South Willow Street, Manchester, NH, 03103",1111 South Willow Street,Manchester,NH,03103,,,ALDI,active,USA,2014346
11991,2026-07-17T18:14:35.837Z,473-092,"Aldi, Newington",43.0954302,-70.7967017,"2024 Woodbury Avenue, Newington, NH, 03801",2024 Woodbury Avenue,Newington,NH,3801,,,ALDI,active,USA,1942175
10983,2026-07-17T18:14:33.514Z,473-093,"Aldi, Derry",42.8969,-71.332,"30 Manchester Road, Derry, NH, 03038",30 Manchester Road,Derry,NH,03038,,,ALDI,active,USA,2014351
12493,2026-07-17T18:14:36.487Z,473-094,"Aldi, Seabrook",42.891914,-70.868752,"570 Lafayette Rd, Seabrook, NH, 03874",570 Lafayette Rd,Seabrook,NH,3874,,,ALDI,active,USA,1942199
11964,2026-07-17T18:14:35.837Z,473-095,"Aldi, Nashua",42.77753,-71.4949,"270 Amherst Street, Nashua, NH, 03063",270 Amherst Street,Nashua,NH,3063,,,ALDI,active,USA,1942168
11540,2026-07-17T18:14:35.092Z,473-096,"Aldi, Keene",42.93369,-72.2967,"478 West Street, Keene, NH, 03431",478 West Street,Keene,NH,03431,,,ALDI,active,USA,2014353
12263,2026-07-17T18:14:36.171Z,473-097,"Aldi, Plaistow",42.81732,-71.1024,"9 Plaistow Road, Plaistow, NH, 03865",9 Plaistow Road,Plaistow,NH,3865,,,ALDI,active,USA,1942187
12455,2026-07-17T18:14:36.487Z,473-098,"Aldi, Salem",42.74606,-71.20085,"541 South Broadway, Salem, NH, 03079",541 South Broadway,Salem,NH,03079,,,ALDI,active,USA,2014343
11004,2026-07-17T18:14:33.514Z,473-101,"Aldi, Dover",43.216167,-70.880238,"828 Central Avenue, Dover, NH, 03820",828 Central Avenue,Dover,NH,03820,,,ALDI,active,USA,2014349
12749,2026-07-17T18:14:37.179Z,473-103,"Aldi, Valley Stream",40.663552,-73.726443,"750 Sunrise Highway, Valley Stream, NY, 11581",750 Sunrise Highway,Valley Stream,NY,11581,,,ALDI,active,USA,1313147
10702,2026-07-17T18:14:32.256Z,473-104,"Aldi, Central Valley",41.312406,-74.133299,"45 Centre Drive, Central Valley, NY, 10917",45 Centre Drive,Central Valley,NY,10917,,,ALDI,active,USA,1313099
10654,2026-07-17T18:14:32.256Z,473-105,"Aldi, Canton",41.824377,-72.884812,"101 Albany Tpke 107, Canton, CT, 06019",101 Albany Tpke 107,Canton,CT,06019,,,ALDI,active,USA,2013026
12024,2026-07-17T18:14:35.837Z,473-106,"Aldi, North Babylon",40.73872,-73.31806,"1251 Deer Park Ave, North Babylon, NY, 11703",1251 Deer Park Ave,North Babylon,NY,11703,,,ALDI,active,USA,1313151
12571,2026-07-17T18:14:36.877Z,473-110,"Aldi, South Windsor",41.81391,-72.55282,"200 Gateway Drive, South Windsor, CT, 06074",200 Gateway Drive,South Windsor,CT,06074,,,ALDI,active,USA,2013027
12525,2026-07-17T18:14:36.487Z,473-112,"Aldi, Shirley",40.802722,-72.867099,"855 Montauk Highway, Shirley, NY, 11967",855 Montauk Highway,Shirley,NY,11967,,,ALDI,active,USA,1313084
11970,2026-07-17T18:14:35.837Z,473-113,"Aldi, Natick",42.304061,-71.379622,"321 Speen Street, Natick, MA, 01760",321 Speen Street,Natick,MA,1760,,,ALDI,active,USA,1942169
10597,2026-07-17T18:14:32.256Z,473-114,"Aldi, Brooklyn",40.63092,-73.94649,"1628 Flatbush Ave, Brooklyn, NY, 11210",1628 Flatbush Ave,Brooklyn,NY,11210,,,ALDI,active,USA,1314209
11037,2026-07-17T18:14:33.514Z,473-115,"Aldi, East Walpole",42.15574,-71.20144,"70 Boston Providence Tpke, East Walpole, MA, 02032",70 Boston Providence Tpke,East Walpole,MA,2032,,,ALDI,active,USA,1942066
10568,2026-07-17T18:14:32.256Z,473-116,"Aldi, Branford",41.276429,-72.827702,"1151 West Main St Unit 1, Branford, CT, 06405",1151 West Main St Unit 1,Branford,CT,6405,,,ALDI,active,USA,1941761
10941,2026-07-17T18:14:33.514Z,473-117,"Aldi, Dartmouth",41.641265,-70.989382,"200 N Dartmouth Mall, Dartmouth, MA, 02747",200 N Dartmouth Mall,Dartmouth,MA,02747,,,ALDI,active,USA,2013855
11098,2026-07-17T18:14:33.514Z,473-118,"Aldi, Fairfield",41.177486,-73.228433,"290 Tunxis Hill Road, Fairfield, CT, 06825",290 Tunxis Hill Road,Fairfield,CT,06825,,,ALDI,active,USA,2013008
11497,2026-07-17T18:14:34.665Z,473-119,"Aldi, Jamaica",40.705562,-73.791652,"92-29 168th Street, Jamaica, NY, 11433",92-29 168th Street,Jamaica,NY,11433,,,ALDI,active,USA,1314206
11808,2026-07-17T18:14:35.558Z,473-126,"Aldi, Medford",40.824984,-72.993339,"2799 Route 112, Medford, NY, 11763",2799 Route 112,Medford,NY,11763,,,ALDI,active,USA,1312058
10543,2026-07-17T18:14:32.256Z,473-127,"Aldi, Bohemia",40.764152,-73.094573,"5147 Sunrise Highway, Bohemia, NY, 11716",5147 Sunrise Highway,Bohemia,NY,11716,,,ALDI,active,USA,1312054
11363,2026-07-17T18:14:34.665Z,473-140,"Aldi, Hempstead",40.70568,-73.62419,"280 Peninsula Boulevard, Hempstead, NY, 11550",280 Peninsula Boulevard,Hempstead,NY,11550,,,ALDI,active,USA,1313106
11829,2026-07-17T18:14:35.558Z,473-141,"Aldi, Meriden",41.55199,-72.81139,"495 Chamberlain Highway, Meriden, CT, 06451",495 Chamberlain Highway,Meriden,CT,06451,,,ALDI,active,USA,2013025
10668,2026-07-17T18:14:32.256Z,473-142,"Aldi, Carle Place",40.7481,-73.61734,"221 Glen Cove Rd, Carle Place, NY, 11514",221 Glen Cove Rd,Carle Place,NY,11514,,,ALDI,active,USA,1313089
10701,2026-07-17T18:14:32.256Z,473-143,"Aldi, Central Islip",40.77036,-73.198492,"215 Carleton Avenue, Central Islip, NY, 11722",215 Carleton Avenue,Central Islip,NY,11722,,,ALDI,active,USA,1313103
12404,2026-07-17T18:14:36.487Z,473-144,"Aldi, Rocky Point",40.94582,-72.95824,"75 Route 25a, Rocky Point, NY, 11778",75 Route 25a,Rocky Point,NY,11778,,,ALDI,active,USA,1313015
10935,2026-07-17T18:14:33.514Z,473-146,"Aldi, Danvers",42.552149,-70.938807,"100 Independence Way, Danvers, MA, 01923",100 Independence Way,Danvers,MA,01923,,,ALDI,active,USA,2013854
12604,2026-07-17T18:14:36.877Z,473-147,"Aldi, Staten Island",40.55782,-74.16885,"3285 Richmond Avenue, Staten Island, NY, 10312",3285 Richmond Avenue,Staten Island,NY,10312,,,ALDI,active,USA,1312056
11030,2026-07-17T18:14:33.514Z,473-148,"Aldi, East Northport",40.83891,-73.31597,"4000 Jericho Turnpike, East Northport, NY, 11731",4000 Jericho Turnpike,East Northport,NY,11731,,,ALDI,active,USA,1313126
10590,2026-07-17T18:14:32.256Z,473-153,"Aldi, Bronx",40.85948,-73.89075,"4720 Third Avenue, Bronx, NY, 10458",4720 Third Avenue,Bronx,NY,10458,,,ALDI,active,USA,1314195
11226,2026-07-17T18:14:34.070Z,473-155,"Aldi, Gardner",42.558892,-71.989211,"360 Timpany Boulevard, Gardner, MA, 01440",360 Timpany Boulevard,Gardner,MA,01440,,,ALDI,active,USA,2013861
11899,2026-07-17T18:14:35.558Z,473-159,"Aldi, Monroe",41.29916111,-73.22712833,"201 Monroe Tpke, Monroe, CT, 06468",201 Monroe Tpke,Monroe,CT,06468,,,ALDI,active,USA,2013040
11598,2026-07-17T18:14:35.092Z,473-162,"Aldi, Lake Ronkonkoma",40.82431,-73.11066,"147 Ronkonkoma Avenue, Lake Ronkonkoma, NY, 11779",147 Ronkonkoma Avenue,Lake Ronkonkoma,NY,11779,,,ALDI,active,USA,1313086
12261,2026-07-17T18:14:36.171Z,473-164,"Aldi, Plainville",41.67304,-72.83896,"282 New Britain Avenue, Plainville, CT, 06062",282 New Britain Avenue,Plainville,CT,6062,,,ALDI,active,USA,1942186
10516,2026-07-17T18:14:31.811Z,473-165,"Aldi, Bethpage",40.72409,-73.48867,"3988 Hempstead Turnpike, Bethpage, NY, 11714",3988 Hempstead Turnpike,Bethpage,NY,11714,,,ALDI,active,USA,1312055
11107,2026-07-17T18:14:33.514Z,473-166,"Aldi, Falmouth",41.557204,-70.598454,"39 Davis Straits, Falmouth, MA, 02540",39 Davis Straits,Falmouth,MA,02540,,,ALDI,active,USA,2013858
12605,2026-07-17T18:14:36.877Z,473-174,"Aldi, Staten Island",40.56896,-74.10907,"430 New Dorp Lane, Staten Island, NY, 10306",430 New Dorp Lane,Staten Island,NY,10306,,,ALDI,active,USA,1313134
10598,2026-07-17T18:14:32.256Z,473-212,"Aldi, Brooklyn",40.68864,-73.9799,"625 Fulton St, Brooklyn, NY, 11201",625 Fulton St,Brooklyn,NY,11201,,,ALDI,active,USA,1314488
12470,2026-07-17T18:14:36.487Z,474-001,"Aldi, Sanford",28.812445,-81.323638,"4160 W State Road 46, Sanford, FL, 32771",4160 W State Road 46,Sanford,FL,32771,,,ALDI,active,USA,1312406
12471,2026-07-17T18:14:36.487Z,474-002,"Aldi, Sanford",28.759131,-81.284615,"3707 S Orlando Dr, Sanford, FL, 32773",3707 S Orlando Dr,Sanford,FL,32773,,,ALDI,active,USA,1314399
10401,2026-07-17T18:14:31.811Z,474-004,"Aldi, Apopka",28.67227,-81.479726,"1636 E Semoran Blvd, Apopka, FL, 32703",1636 E Semoran Blvd,Apopka,FL,32703,,,ALDI,active,USA,1312395
10376,2026-07-17T18:14:31.811Z,474-005,"Aldi, Altamonte Springs",28.664054,-81.42066,"924 State Road 436 1410, Altamonte Springs, FL, 32714",924 State Road 436 1410,Altamonte Springs,FL,32714,,,ALDI,active,USA,1312398
10689,2026-07-17T18:14:32.256Z,474-006,"Aldi, Casselberry",28.65875,-81.34031,"153 State Road 436, Casselberry, FL, 32730",153 State Road 436,Casselberry,FL,32730,,,ALDI,active,USA,1314425
12142,2026-07-17T18:14:36.171Z,474-007,"Aldi, Oviedo",28.652764,-81.209258,"1268 Alafaya Trail, Oviedo, FL, 32765",1268 Alafaya Trail,Oviedo,FL,32765,,,ALDI,active,USA,1312369
12920,2026-07-17T18:14:37.179Z,474-008,"Aldi, Winter Park",28.605262,-81.298003,"6766 Aloma Ave, Winter Park, FL, 32792",6766 Aloma Ave,Winter Park,FL,32792,,,ALDI,active,USA,1312503
10433,2026-07-17T18:14:31.811Z,474-009,"Aldi, Auburndale",28.056488,-81.814984,"2133 Us Highway 92 West, Auburndale, FL, 33823",2133 Us Highway 92 West,Auburndale,FL,33823,,,ALDI,active,USA,1313855
12074,2026-07-17T18:14:35.837Z,474-010,"Aldi, Ocoee",28.550767,-81.508322,"9250 W Colonial Dr, Ocoee, FL, 34761",9250 W Colonial Dr,Ocoee,FL,34761,,,ALDI,active,USA,1312514
12118,2026-07-17T18:14:35.837Z,474-011,"Aldi, Orlando",28.551368,-81.455355,"5524 W Colonial Dr Suite B, Orlando, FL, 32808",5524 W Colonial Dr Suite B,Orlando,FL,32808,,,ALDI,active,USA,1312198
12918,2026-07-17T18:14:37.179Z,474-012,"Aldi, Winter Garden",28.55215,-81.592118,"14001 W Colonial Dr, Winter Garden, FL, 34787",14001 W Colonial Dr,Winter Garden,FL,34787,,,ALDI,active,USA,1312420
12124,2026-07-17T18:14:35.837Z,474-013,"Aldi, Orlando",28.380263,-81.243593,"12817 Narcoossee Road, Orlando, FL, 32832",12817 Narcoossee Road,Orlando,FL,32832,,,ALDI,active,USA,1312397
10465,2026-07-17T18:14:31.811Z,474-014,"Aldi, Bartow",27.9048047,-81.840457,"1046 N Wilson Ave, Bartow, FL, 33830",1046 N Wilson Ave,Bartow,FL,33830,,,ALDI,active,USA,1312011
12126,2026-07-17T18:14:35.837Z,474-015,"Aldi, Orlando",28.571001,-81.233149,"10537 E Colonial Dr, Orlando, FL, 32817",10537 E Colonial Dr,Orlando,FL,32817,,,ALDI,active,USA,1313854
10810,2026-07-17T18:14:32.770Z,474-017,"Aldi, Clermont",28.534674,-81.73538,"2503 S Highway 27, Clermont, FL, 34711",2503 S Highway 27,Clermont,FL,34711,,,ALDI,active,USA,1312528
10944,2026-07-17T18:14:33.514Z,474-018,"Aldi, Davenport",28.259194,-81.588987,"7820 Osceola Polk Line Road, Davenport, FL, 33896",7820 Osceola Polk Line Road,Davenport,FL,33896,,,ALDI,active,USA,1313860
12120,2026-07-17T18:14:35.837Z,474-019,"Aldi, Orlando",28.510662,-81.236279,"10401 Curry Ford Road, Orlando, FL, 32825",10401 Curry Ford Road,Orlando,FL,32825,,,ALDI,active,USA,1312482
12119,2026-07-17T18:14:35.837Z,474-020,"Aldi, Orlando",28.519941,-81.312065,"1900 S Semoran Blvd, Orlando, FL, 32822",1900 S Semoran Blvd,Orlando,FL,32822,,,ALDI,active,USA,1313811
12117,2026-07-17T18:14:35.837Z,474-021,"Aldi, Orlando",28.497891,-81.396058,"4607 S Orange Blossom Trl, Orlando, FL, 32839",4607 S Orange Blossom Trl,Orlando,FL,32839,,,ALDI,active,USA,1314579
12115,2026-07-17T18:14:35.837Z,474-022,"Aldi, Orlando",28.464301,-81.273725,"7031 Narcoossee Rd, Orlando, FL, 32822",7031 Narcoossee Rd,Orlando,FL,32822,,,ALDI,active,USA,1312496
12116,2026-07-17T18:14:35.837Z,474-023,"Aldi, Orlando",28.451645,-81.385503,"765 W Sandlake Rd, Orlando, FL, 32809",765 W Sandlake Rd,Orlando,FL,32809,,,ALDI,active,USA,1312163
12127,2026-07-17T18:14:35.837Z,474-024,"Aldi, Orlando",28.386092,-81.402548,"12351 S Orange Blossom Tr, Orlando, FL, 32837",12351 S Orange Blossom Tr,Orlando,FL,32837,,,ALDI,active,USA,1313797
11567,2026-07-17T18:14:35.092Z,474-025,"Aldi, Kissimmee",28.34726,-81.364069,"1040 Buenaventura Blvd, Kissimmee, FL, 34743",1040 Buenaventura Blvd,Kissimmee,FL,34743,,,ALDI,active,USA,1313865
11565,2026-07-17T18:14:35.092Z,474-026,"Aldi, Kissimmee",28.332257,-81.495017,"5296 W Irlo Bronson Hwy, Kissimmee, FL, 34746",5296 W Irlo Bronson Hwy,Kissimmee,FL,34746,,,ALDI,active,USA,1314375
10809,2026-07-17T18:14:32.770Z,474-027,"Aldi, Clermont",28.3463056,-81.6653381,"9550 Us Highway 192, Clermont, FL, 34714",9550 Us Highway 192,Clermont,FL,34714,,,ALDI,active,USA,1314419
11566,2026-07-17T18:14:35.092Z,474-028,"Aldi, Kissimmee",28.30481,-81.45884,"4425 W Vine St, Kissimmee, FL, 34746",4425 W Vine St,Kissimmee,FL,34746,,,ALDI,active,USA,1312427
11564,2026-07-17T18:14:35.092Z,474-029,"Aldi, Kissimmee",28.14632,-81.448991,"864 Cypress Parkway, Kissimmee, FL, 34759",864 Cypress Parkway,Kissimmee,FL,34759,,,ALDI,active,USA,1312523
12435,2026-07-17T18:14:36.487Z,474-030,"Aldi, Saint Cloud",28.252407,-81.311803,"4056 13th Street, Saint Cloud, FL, 34769",4056 13th Street,Saint Cloud,FL,34769,,,ALDI,active,USA,1312530
11594,2026-07-17T18:14:35.092Z,474-031,"Aldi, Lakeland",28.103446,-81.972858,"4745 Us Hwy 98 North, Lakeland, FL, 33809",4745 Us Hwy 98 North,Lakeland,FL,33809,,,ALDI,active,USA,1312381
11393,2026-07-17T18:14:34.665Z,474-032,"Aldi, Holiday",28.197598,-82.740751,"2643 Us Hwy 19, Holiday, FL, 34691",2643 Us Hwy 19,Holiday,FL,34691,,,ALDI,active,USA,1314379
11327,2026-07-17T18:14:34.070Z,474-033,"Aldi, Haines City",28.120182,-81.640381,"35770 Highway 27, Haines City, FL, 33844",35770 Highway 27,Haines City,FL,33844,,,ALDI,active,USA,1312164
12919,2026-07-17T18:14:37.179Z,474-034,"Aldi, Winter Haven",28.01183,-81.731299,"333 Avenue K Sw, Winter Haven, FL, 33880",333 Avenue K Sw,Winter Haven,FL,33880,,,ALDI,active,USA,1312393
12495,2026-07-17T18:14:36.487Z,474-035,"Aldi, Sebring",27.507505,-81.49361,"2900 New Life Way, Sebring, FL, 33870",2900 New Life Way,Sebring,FL,33870,,,ALDI,active,USA,1313863
11601,2026-07-17T18:14:35.092Z,474-036,"Aldi, Lake Wales",27.956336,-81.62278,"753 Thompson Nursery Rd, Lake Wales, FL, 33859",753 Thompson Nursery Rd,Lake Wales,FL,33859,,,ALDI,active,USA,1312507
12066,2026-07-17T18:14:35.837Z,474-037,"Aldi, Ocala",29.208476,-82.067001,"2115 Ne 49th Court Rd, Ocala, FL, 34470",2115 Ne 49th Court Rd,Ocala,FL,34470,,,ALDI,active,USA,1312197
12069,2026-07-17T18:14:35.837Z,474-038,"Aldi, Ocala",29.163873,-82.164108,"2450 Sw 19th Ave Rd, Ocala, FL, 34471",2450 Sw 19th Ave Rd,Ocala,FL,34471,,,ALDI,active,USA,1312501
11576,2026-07-17T18:14:35.092Z,474-039,"Aldi, Lady Lake",28.959521,-81.963359,"13937 Us 441, Lady Lake, FL, 32159",13937 Us 441,Lady Lake,FL,32159,,,ALDI,active,USA,1312409
11656,2026-07-17T18:14:35.092Z,474-040,"Aldi, Leesburg",28.840655,-81.896984,"2241 N Citrus Suite 103, Leesburg, FL, 34748",2241 N Citrus Suite 103,Leesburg,FL,34748,,,ALDI,active,USA,1313858
12269,2026-07-17T18:14:36.171Z,474-041,"Aldi, Plant City",27.9787263,-82.12582,"3021 James L Redman Pkwy, Plant City, FL, 33566",3021 James L Redman Pkwy,Plant City,FL,33566,,,ALDI,active,USA,1312204
10566,2026-07-17T18:14:32.256Z,474-042,"Aldi, Brandon",27.938545,-82.276225,"620 E Brandon Blvd, Brandon, FL, 33511",620 E Brandon Blvd,Brandon,FL,33511,,,ALDI,active,USA,1312400
10565,2026-07-17T18:14:32.256Z,474-043,"Aldi, Brandon",27.921417,-82.316792,"1945-A W Lumsden Rd, Brandon, FL, 33511",1945-A W Lumsden Rd,Brandon,FL,33511,,,ALDI,active,USA,1312165
12091,2026-07-17T18:14:35.837Z,474-045,"Aldi, Oldsmar",28.045435,-82.678212,"3705 Tampa Road Suite 13, Oldsmar, FL, 34677",3705 Tampa Road Suite 13,Oldsmar,FL,34677,,,ALDI,active,USA,1312495
10603,2026-07-17T18:14:32.256Z,474-046,"Aldi, Brooksville",28.534641,-82.521737,"12261 Cortez Blvd, Brooksville, FL, 34613",12261 Cortez Blvd,Brooksville,FL,34613,,,ALDI,active,USA,1312529
10562,2026-07-17T18:14:32.256Z,474-047,"Aldi, Bradenton",27.461739,-82.609081,"4705 Cortez Road West, Bradenton, FL, 34210",4705 Cortez Road West,Bradenton,FL,34210,,,ALDI,active,USA,1314401
12892,2026-07-17T18:14:37.179Z,474-048,"Aldi, Wildwood",28.865964,-82.009138,"5643 Seven Mile Dr, Wildwood, FL, 34785",5643 Seven Mile Dr,Wildwood,FL,34785,,,ALDI,active,USA,1312344
12665,2026-07-17T18:14:36.877Z,474-051,"Aldi, Tampa",28.070279,-82.429774,"13514 University Plaza, Tampa, FL, 33613",13514 University Plaza,Tampa,FL,33613,,,ALDI,active,USA,1314580
12667,2026-07-17T18:14:36.877Z,474-052,"Aldi, Tampa",27.997863,-82.580163,"8521 W Hillsborough Ave, Tampa, FL, 33615",8521 W Hillsborough Ave,Tampa,FL,33615,,,ALDI,active,USA,1313809
12149,2026-07-17T18:14:36.171Z,474-053,"Aldi, Oxford",28.9267486,-82.0394097,"3915 E County Rd 466, Oxford, FL, 34484",3915 E County Rd 466,Oxford,FL,34484,,,ALDI,active,USA,1312413
12663,2026-07-17T18:14:36.877Z,474-055,"Aldi, Tampa",28.086075,-82.45845,"14933 N Florida Ave, Tampa, FL, 33613",14933 N Florida Ave,Tampa,FL,33613,,,ALDI,active,USA,1312343
10559,2026-07-17T18:14:32.256Z,474-056,"Aldi, Bradenton",27.439437,-82.574904,"5715 14th Street West, Bradenton, FL, 34207",5715 14th Street West,Bradenton,FL,34207,,,ALDI,active,USA,1312516
12237,2026-07-17T18:14:36.171Z,474-057,"Aldi, Pinellas Park",27.833152,-82.729187,"6700 66th St, Pinellas Park, FL, 33781",6700 66th St,Pinellas Park,FL,33781,,,ALDI,active,USA,1313789
11631,2026-07-17T18:14:35.092Z,474-059,"Aldi, Largo",27.927448,-82.789228,"1177 N Missouri Ave, Largo, FL, 33770",1177 N Missouri Ave,Largo,FL,33770,,,ALDI,active,USA,1314411
12501,2026-07-17T18:14:36.487Z,474-060,"Aldi, Seminole",27.84265,-82.786645,"7777 Seminole Blvd, Seminole, FL, 33772",7777 Seminole Blvd,Seminole,FL,33772,,,ALDI,active,USA,1312513
12669,2026-07-17T18:14:36.877Z,474-061,"Aldi, Tampa",28.042842,-82.581933,"10419 Sheldon Rd, Tampa, FL, 33626",10419 Sheldon Rd,Tampa,FL,33626,,,ALDI,active,USA,1311998
12238,2026-07-17T18:14:36.171Z,474-062,"Aldi, Pinellas Park",27.854241,-82.692772,"9021 Us Highway 19 North, Pinellas Park, FL, 33782",9021 Us Highway 19 North,Pinellas Park,FL,33782,,,ALDI,active,USA,1313785
10806,2026-07-17T18:14:32.770Z,474-063,"Aldi, Clearwater",27.996798,-82.730403,"24756 Us 19 North, Clearwater, FL, 33763",24756 Us 19 North,Clearwater,FL,33763,,,ALDI,active,USA,1313787
12596,2026-07-17T18:14:36.877Z,474-066,"Aldi, Spring Hill",28.452298,-82.632885,"1253 Wendy Court, Spring Hill, FL, 34607",1253 Wendy Court,Spring Hill,FL,34607,,,ALDI,active,USA,1312531
12292,2026-07-17T18:14:36.171Z,474-067,"Aldi, Port Richey",28.307017,-82.702174,"6815 Cinema Dr, Port Richey, FL, 34668",6815 Cinema Dr,Port Richey,FL,34668,,,ALDI,active,USA,1313839
11849,2026-07-17T18:14:35.558Z,474-068,"Aldi, Middleburg",30.108891,-81.823296,"1702 Blanding Blvd, Middleburg, FL, 32068",1702 Blanding Blvd,Middleburg,FL,32068,,,ALDI,active,USA,1312430
12608,2026-07-17T18:14:36.877Z,474-069,"Aldi, St. Augustine",29.870042,-81.325224,"1773 Us Hwy 1 S, St Augustine, FL, 32084",1773 Us Hwy 1 S,St Augustine,FL,32084,,,ALDI,active,USA,1312391
12454,2026-07-17T18:14:36.487Z,474-070,"Aldi, Saint. Petersburg",27.741936,-82.678362,"2900 34th Street South, Saint Petersburg, FL, 33711",2900 34th Street South,Saint Petersburg,FL,33711,,,ALDI,active,USA,1312385
11483,2026-07-17T18:14:34.665Z,474-073,"Aldi, Jacksonville",30.193214,-81.548747,"9041 Southside Blvd Unit118, Jacksonville, FL, 32256",9041 Southside Blvd Unit118,Jacksonville,FL,32256,,,ALDI,active,USA,1314378
12374,2026-07-17T18:14:36.487Z,474-078,"Aldi, Riverview",27.792969,-82.340977,"10220 Big Bend Rd, Riverview, FL, 33578",10220 Big Bend Rd,Riverview,FL,33578,,,ALDI,active,USA,1313788
11731,2026-07-17T18:14:35.092Z,474-079,"Aldi, Lutz",28.190488,-82.396477,"2215 Sun Vista Drive, Lutz, FL, 33559",2215 Sun Vista Drive,Lutz,FL,33559,,,ALDI,active,USA,1314414
11429,2026-07-17T18:14:34.665Z,474-080,"Aldi, Hudson",28.332665,-82.6684205,"12070 Little Rd, Hudson, FL, 34667",12070 Little Rd,Hudson,FL,34667,,,ALDI,active,USA,1312416
12375,2026-07-17T18:14:36.487Z,474-081,"Aldi, Riverview",27.865572,-82.326877,"8613 S Us Hwy 301, Riverview, FL, 33578",8613 S Us Hwy 301,Riverview,FL,33578,,,ALDI,active,USA,1312382
12076,2026-07-17T18:14:35.837Z,474-084,"Aldi, Odessa",28.189992,-82.614562,"12134 State Road 54, Odessa, FL, 33556",12134 State Road 54,Odessa,FL,33556,,,ALDI,active,USA,1312003
12664,2026-07-17T18:14:36.877Z,474-086,"Aldi, Tampa",28.13062,-82.37004,"18002 Highwoods Preserve Pk, Tampa, FL, 33647",18002 Highwoods Preserve Pk,Tampa,FL,33647,,,ALDI,active,USA,1312341
12436,2026-07-17T18:14:36.487Z,474-088,"Aldi, Saint Cloud",28.24536,-81.254652,"1400 E Irlo Bronson Mem Hwy, Saint Cloud, FL, 34771",1400 E Irlo Bronson Mem Hwy,Saint Cloud,FL,34771,,,ALDI,active,USA,1312499
12067,2026-07-17T18:14:35.837Z,474-089,"Aldi, Ocala",29.1117335,-82.022603,"7891 Bahia Rd, Ocala, FL, 34472",7891 Bahia Rd,Ocala,FL,34472,,,ALDI,active,USA,1312362
11652,2026-07-17T18:14:35.092Z,474-090,"Aldi, Lecanto",28.892381,-82.487412,"3155 W Norvell Bryant Hwy, Lecanto, FL, 34461",3155 W Norvell Bryant Hwy,Lecanto,FL,34461,,,ALDI,active,USA,1312004
12671,2026-07-17T18:14:36.877Z,474-094,"Aldi, Tampa",27.94,-82.52,"213 N Dale Mabry Hwy, Tampa, FL, 33609",213 N Dale Mabry Hwy,Tampa,FL,33609,,,ALDI,active,USA,1312431
12109,2026-07-17T18:14:35.837Z,474-096,"Aldi, Orange City",28.9187054,-81.2889593,"963 Harley Strickland Blvd, Orange City, FL, 32763",963 Harley Strickland Blvd,Orange City,FL,32763,,,ALDI,active,USA,1312387
12110,2026-07-17T18:14:35.837Z,474-098,"Aldi, Orange Park",30.148875,-81.75299,"661 Blanding Blvd Ste 301, Orange Park, FL, 32073",661 Blanding Blvd Ste 301,Orange Park,FL,32073,,,ALDI,active,USA,1314581
12956,2026-07-17T18:14:37.357Z,474-101,"Aldi, Yulee",30.629496,-81.55914,"463689 State Road 200, Yulee, FL, 32097",463689 State Road 200,Yulee,FL,32097,,,ALDI,active,USA,1312425
11584,2026-07-17T18:14:35.092Z,474-102,"Aldi, Lake City",30.178607,-82.665472,"2016 W Us Highway 90, Lake City, FL, 32055",2016 W Us Highway 90,Lake City,FL,32055,,,ALDI,active,USA,1313862
12070,2026-07-17T18:14:35.837Z,474-103,"Aldi, Ocala",29.092804,-82.244669,"7579 Sw Hwy 200, Ocala, FL, 34476",7579 Sw Hwy 200,Ocala,FL,34476,,,ALDI,active,USA,1311999
11491,2026-07-17T18:14:34.665Z,474-104,"Aldi, Jacksonville",30.301753,-81.763826,"7043 Normandy Blvd, Jacksonville, FL, 32205",7043 Normandy Blvd,Jacksonville,FL,32205,,,ALDI,active,USA,1313803
11488,2026-07-17T18:14:34.665Z,474-105,"Aldi, Jacksonville",30.264205,-81.529033,"4444 Town Center Parkway, Jacksonville, FL, 32246",4444 Town Center Parkway,Jacksonville,FL,32246,,,ALDI,active,USA,1314373
11484,2026-07-17T18:14:34.665Z,474-106,"Aldi, Jacksonville",30.318996,-81.557558,"9337 Atlantic Blvd Unit 1, Jacksonville, FL, 32225",9337 Atlantic Blvd Unit 1,Jacksonville,FL,32225,,,ALDI,active,USA,1312196
12166,2026-07-17T18:14:36.171Z,474-107,"Aldi, Palmetto",27.520187,-82.55952,"605 10th Street East, Palmetto, FL, 34221",605 10th Street East,Palmetto,FL,34221,,,ALDI,active,USA,1313784
11485,2026-07-17T18:14:34.665Z,474-108,"Aldi, Jacksonville",30.176923,-81.629152,"10950 San Jose Blvd, Jacksonville, FL, 32223",10950 San Jose Blvd,Jacksonville,FL,32223,,,ALDI,active,USA,1314382
11211,2026-07-17T18:14:34.070Z,474-109,"Aldi, Gainesville",29.626255,-82.381886,"3003 Clark Butler Blvd, Gainesville, FL, 32608",3003 Clark Butler Blvd,Gainesville,FL,32608,,,ALDI,active,USA,1312002
11495,2026-07-17T18:14:34.665Z,474-110,"Aldi, Jacksonville",30.195927,-81.822413,"9445 Argyle Forest Blvd, Jacksonville, FL, 32222",9445 Argyle Forest Blvd,Jacksonville,FL,32222,,,ALDI,active,USA,1313851
11494,2026-07-17T18:14:34.665Z,474-115,"Aldi, Jacksonville",30.485501,-81.636461,"15325 Max Leggett Pkwy 200, Jacksonville, FL, 32218",15325 Max Leggett Pkwy 200,Jacksonville,FL,32218,,,ALDI,active,USA,1314417
12453,2026-07-17T18:14:36.487Z,474-116,"Aldi, Saint Petersburg",27.787019,-82.678975,"1551 34th Street North, Saint Petersburg, FL, 33713",1551 34th Street North,Saint Petersburg,FL,33713,,,ALDI,active,USA,1312405
12647,2026-07-17T18:14:36.877Z,474-117,"Aldi, Sun City Center",27.711491,-82.335788,"4897 Sun City Center Blvd, Sun City Center, FL, 33573",4897 Sun City Center Blvd,Sun City Center,FL,33573,,,ALDI,active,USA,1314395
11085,2026-07-17T18:14:33.514Z,474-118,"Aldi, Eustis",28.821486,-81.669173,"17395 Us Hwy 441, Eustis, FL, 32726",17395 Us Hwy 441,Eustis,FL,32726,,,ALDI,active,USA,1314392
11216,2026-07-17T18:14:34.070Z,474-119,"Aldi, Gainesville",29.687575,-82.338206,"3773 Nw 13th Street, Gainesville, FL, 32609",3773 Nw 13th Street,Gainesville,FL,32609,,,ALDI,active,USA,1312525
10966,2026-07-17T18:14:33.514Z,474-126,"Aldi, Deland",29.054258,-81.305896,"1470 N Woodland Blvd, Deland, FL, 32720",1470 N Woodland Blvd,Deland,FL,32720,,,ALDI,active,USA,1312483
12621,2026-07-17T18:14:36.877Z,474-140,"Aldi, St. Johns",30.104564,-81.544283,"145 Harper Ln, St Johns, FL, 32259",145 Harper Ln,St Johns,FL,32259,,,ALDI,active,USA,1312374
11493,2026-07-17T18:14:34.665Z,474-141,"Aldi, Jacksonville",30.2877666,-81.636484,"3650 Phillips Highway, Jacksonville, FL, 32207",3650 Phillips Highway,Jacksonville,FL,32207,,,ALDI,active,USA,1312396
11730,2026-07-17T18:14:35.092Z,474-142,"Aldi, Lutz",28.193787,-82.5216,"2500 Skybrooke Blvd, Lutz, FL, 33558",2500 Skybrooke Blvd,Lutz,FL,33558,,,ALDI,active,USA,1314407
12162,2026-07-17T18:14:36.171Z,474-143,"Aldi, Palm Coast",29.5508036,-81.240034,"645 Palm Coast Parkway Sw, Palm Coast, FL, 32137",645 Palm Coast Parkway Sw,Palm Coast,FL,32137,,,ALDI,active,USA,1314384
10563,2026-07-17T18:14:32.256Z,474-145,"Aldi, Bradenton",27.486515,-82.457367,"8580 Heritage Green Way, Bradenton, FL, 34212",8580 Heritage Green Way,Bradenton,FL,34212,,,ALDI,active,USA,1312412
12497,2026-07-17T18:14:36.487Z,474-146,"Aldi, Seffner",27.981016,-82.303663,"11611 E Martin Luther King, Seffner, FL, 33584",11611 E Martin Luther King,Seffner,FL,33584,,,ALDI,active,USA,1312491
11482,2026-07-17T18:14:34.665Z,474-147,"Aldi, Jacksonville",30.27167,-81.73813,"3538 Blanding Blvd, Jacksonville, FL, 32210",3538 Blanding Blvd,Jacksonville,FL,32210,,,ALDI,active,USA,1566388
11020,2026-07-17T18:14:33.514Z,474-148,"Aldi, Dunnellon",29.06035,-82.453365,"11223 N Williams St Ste O, Dunnellon, FL, 34432",11223 N Williams St Ste O,Dunnellon,FL,34432,,,ALDI,active,USA,1313859
12182,2026-07-17T18:14:36.171Z,474-153,"Aldi, Parrish",27.544895,-82.474149,"8810 Us Hwy 301 N, Parrish, FL, 34219",8810 Us Hwy 301 N,Parrish,FL,34219,,,ALDI,active,USA,1312521
12452,2026-07-17T18:14:36.487Z,474-157,"Aldi, Saint Petersburg",27.79263,-82.73023,"6765 22nd Ave N, Saint Petersburg, FL, 33710",6765 22nd Ave N,Saint Petersburg,FL,33710,,,ALDI,active,USA,1312424
12913,2026-07-17T18:14:37.179Z,474-161,"Aldi, Windermere",28.4789995,-81.5815778,"5865 Winter Garden Vineland, Windermere, FL, 34786",5865 Winter Garden Vineland,Windermere,FL,34786,,,ALDI,active,USA,1312508
12122,2026-07-17T18:14:35.837Z,474-162,"Aldi, Orlando",28.3922767,-81.4864784,"11601 Regency Village Drive, Orlando, FL, 32821",11601 Regency Village Drive,Orlando,FL,32821,,,ALDI,active,USA,1314380
12125,2026-07-17T18:14:35.837Z,474-163,"Aldi, Orlando",28.551607,-81.341125,"3230 E Colonial Drive, Orlando, FL, 32803",3230 E Colonial Drive,Orlando,FL,32803,,,ALDI,active,USA,1312520
12123,2026-07-17T18:14:35.837Z,474-164,"Aldi, Orlando",28.569307,-81.416395,"1768 N John Young Pkwy, Orlando, FL, 32808",1768 N John Young Pkwy,Orlando,FL,32808,,,ALDI,active,USA,1314400
12921,2026-07-17T18:14:37.179Z,474-165,"Aldi, Winter Springs",28.695898,-81.263447,"1193 E State Road 434, Winter Springs, FL, 32708",1193 E State Road 434,Winter Springs,FL,32708,,,ALDI,active,USA,1314397
10965,2026-07-17T18:14:33.514Z,474-166,"Aldi, Deland",28.980713,-81.29882,"2701 S Woodland Blvd, Deland, FL, 32720",2701 S Woodland Blvd,Deland,FL,32720,,,ALDI,active,USA,1314396
11215,2026-07-17T18:14:34.070Z,474-169,"Aldi, Gainesville",29.65946,-82.46935,"791 Nw 120th Ter, Gainesville, FL, 32607",791 Nw 120th Ter,Gainesville,FL,32607,,,ALDI,active,USA,1566792
12600,2026-07-17T18:14:36.877Z,474-171,"Aldi, Starke",29.93426,-82.11748,"1371 S Walnut St, Starke, FL, 32091",1371 S Walnut St,Starke,FL,32091,,,ALDI,active,USA,1312199
12291,2026-07-17T18:14:36.171Z,474-172,"Aldi, Port Orange",29.107925,-81.03519,"5500 S Williamson Blvd, Port Orange, FL, 32128",5500 S Williamson Blvd,Port Orange,FL,32128,,,ALDI,active,USA,1312390
11490,2026-07-17T18:14:34.665Z,474-178,"Aldi, Jacksonville",30.3804,-81.69855,"2261 Edgewood Ave W, Jacksonville, FL, 32209",2261 Edgewood Ave W,Jacksonville,FL,32209,,,ALDI,active,USA,1313849
12500,2026-07-17T18:14:36.487Z,474-179,"Aldi, Seminole",27.84515,-82.81821,"12975 Park Blvd, Seminole, FL, 33776",12975 Park Blvd,Seminole,FL,33776,,,ALDI,active,USA,1313807
10805,2026-07-17T18:14:32.770Z,474-180,"Aldi, Clearwater",27.961729,-82.747783,"2150 Gulf To Bay Boulevard, Clearwater, FL, 33765",2150 Gulf To Bay Boulevard,Clearwater,FL,33765,,,ALDI,active,USA,1314388
11654,2026-07-17T18:14:35.092Z,474-181,"Aldi, Leesburg",28.7459,-81.87863,"27405 Us Hwy 27, Leesburg, FL, 34748",27405 Us Hwy 27,Leesburg,FL,34748,,,ALDI,active,USA,1313856
11591,2026-07-17T18:14:35.092Z,474-186,"Aldi, Lakeland",27.98255,-81.95623,"4532 S Florida Avenue, Lakeland, FL, 33813",4532 S Florida Avenue,Lakeland,FL,33813,,,ALDI,active,USA,1312414
12290,2026-07-17T18:14:36.171Z,474-187,"Aldi, Port Orange",29.11915,-80.99419,"4025 S Nova Road, Port Orange, FL, 32127",4025 S Nova Road,Port Orange,FL,32127,,,ALDI,active,USA,1566810
11214,2026-07-17T18:14:34.070Z,474-197,"Aldi, Gainesville",29.63778,-82.32912,"300 Sw 16th Avenue, Gainesville, FL, 32601",300 Sw 16th Avenue,Gainesville,FL,32601,,,ALDI,active,USA,1312429
11403,2026-07-17T18:14:34.665Z,474-198,"Aldi, Homosassa",28.80732,-82.57864,"3792 S Suncoast Blvd, Homosassa, FL, 34448",3792 S Suncoast Blvd,Homosassa,FL,34448,,,ALDI,active,USA,1312421
11695,2026-07-17T18:14:35.092Z,474-199,"Aldi, Lithia",27.8613,-82.20061,"16751 Fishhawk Blvd, Lithia, FL, 33547",16751 Fishhawk Blvd,Lithia,FL,33547,,,ALDI,active,USA,1313847
11496,2026-07-17T18:14:34.665Z,474-202,"Aldi, Jacksonville",30.3652,-81.59651,"6060 Fort Caroline Rd Ste 1, Jacksonville, FL, 32277",6060 Fort Caroline Rd Ste 1,Jacksonville,FL,32277,,,ALDI,active,USA,1312370
11130,2026-07-17T18:14:33.514Z,474-203,"Aldi, Fleming Island",30.10016,-81.71078,"1545 County Road 220, Fleming Island, FL, 32003",1545 County Road 220,Fleming Island,FL,32003,,,ALDI,active,USA,1312518
12481,2026-07-17T18:14:36.487Z,474-205,"Aldi, Sarasota",27.33611,-82.46076,"5400 Fruitville Rd, Sarasota, FL, 34232",5400 Fruitville Rd,Sarasota,FL,34232,,,ALDI,active,USA,1566386
10446,2026-07-17T18:14:31.811Z,474-209,"Aldi, Avon Park",27.58826,-81.51585,"802 Us Highway 27s, Avon Park, FL, 33825",802 Us Highway 27s,Avon Park,FL,33825,,,ALDI,active,USA,1312502
12168,2026-07-17T18:14:36.171Z,474-210,"Aldi, Palm Harbor",28.06726,-82.76268,"1360 Tampa Rd, Palm Harbor, FL, 34683",1360 Tampa Rd,Palm Harbor,FL,34683,,,ALDI,active,USA,1312522
11732,2026-07-17T18:14:35.092Z,474-211,"Aldi, Lutz",28.1406,-82.46153,"18407 Us Hwy 41, Lutz, FL, 33549",18407 Us Hwy 41,Lutz,FL,33549,,,ALDI,active,USA,1312498
12002,2026-07-17T18:14:35.837Z,474-212,"Aldi, New Port Richey",28.33395,-82.60328,"12124 Moon Lake Road, New Port Richey, FL, 34654",12124 Moon Lake Road,New Port Richey,FL,34654,,,ALDI,active,USA,1314422
12670,2026-07-17T18:14:36.877Z,474-214,"Aldi, Tampa",28.229639,-82.360176,"6425 County Line Rd, Tampa, FL, 33647",6425 County Line Rd,Tampa,FL,33647,,,ALDI,active,USA,1312157
10779,2026-07-17T18:14:32.770Z,474-216,"Aldi, Chiefland",29.49995,-82.87222,"2202 N Young Blvd, Chiefland, FL, 32626",2202 N Young Blvd,Chiefland,FL,32626,,,ALDI,active,USA,1566886
11602,2026-07-17T18:14:35.092Z,474-217,"Aldi, Lake Wales",27.89209,-81.55827,"1860 State Road 60 East, Lake Wales, FL, 33853",1860 State Road 60 East,Lake Wales,FL,33853,,,ALDI,active,USA,1313802
11068,2026-07-17T18:14:33.514Z,474-220,"Aldi, Englewood",26.934912,-82.270737,"4100 S Mccall Road, Englewood, FL, 34224",4100 S Mccall Road,Englewood,FL,34224,,,ALDI,active,USA,1312407
12620,2026-07-17T18:14:36.877Z,474-221,"Aldi, St Johns",30.10387,-81.47944,"100 Little Cypress Drive, St Johns, FL, 32259",100 Little Cypress Drive,St Johns,FL,32259,,,ALDI,active,USA,1566850
10914,2026-07-17T18:14:32.770Z,474-224,"Aldi, Crystal River",28.88348,-82.58062,"1651 Se Us Highway 19, Crystal River, FL, 34429",1651 Se Us Highway 19,Crystal River,FL,34429,,,ALDI,active,USA,1314381
11487,2026-07-17T18:14:34.665Z,474-225,"Aldi, Jacksonville",30.220234,-81.592812,"8775 Old Kings Road South, Jacksonville, FL, 32217",8775 Old Kings Road South,Jacksonville,FL,32217,,,ALDI,active,USA,1314420
12672,2026-07-17T18:14:36.877Z,474-226,"Aldi, Tampa",28.07121,-82.63318,"13016 Race Track Rd, Tampa, FL, 33626",13016 Race Track Rd,Tampa,FL,33626,,,ALDI,active,USA,1312504
10400,2026-07-17T18:14:31.811Z,474-227,"Aldi, Apollo Beach",27.75224,-82.41239,"252 Harbor Village Lane, Apollo Beach, FL, 33572",252 Harbor Village Lane,Apollo Beach,FL,33572,,,ALDI,active,USA,1312402
12121,2026-07-17T18:14:35.837Z,474-228,"Aldi, Orlando",28.52525,-81.46973,"1403 S Hiawassee Rd, Orlando, FL, 32835",1403 S Hiawassee Rd,Orlando,FL,32835,,,ALDI,active,USA,1312384
12068,2026-07-17T18:14:35.837Z,474-229,"Aldi, Ocala",29.0145,-82.17968,"184 Marion Oaks Blvd, Ocala, FL, 34473",184 Marion Oaks Blvd,Ocala,FL,34473,,,ALDI,active,USA,1312404
12130,2026-07-17T18:14:35.837Z,474-230,"Aldi, Ormond Beach",29.28258,-81.06836,"353 West Granada Blvd, Ormond Beach, FL, 32174",353 West Granada Blvd,Ormond Beach,FL,32174,,,ALDI,active,USA,1312208
10972,2026-07-17T18:14:33.514Z,474-231,"Aldi, Deltona",28.94518,-81.22459,"2880 Howland Boulevard, Deltona, FL, 32725",2880 Howland Boulevard,Deltona,FL,32725,,,ALDI,active,USA,1312486
11592,2026-07-17T18:14:35.092Z,474-232,"Aldi, Lakeland",27.93989,-81.97238,"6902 South Florida Ave, Lakeland, FL, 33813",6902 South Florida Ave,Lakeland,FL,33813,,,ALDI,active,USA,1312500
12666,2026-07-17T18:14:36.877Z,474-233,"Aldi, Tampa",27.93616,-82.48153,"2100 W Swann Ave, Tampa, FL, 33606",2100 W Swann Ave,Tampa,FL,33606,,,ALDI,active,USA,1312368
10630,2026-07-17T18:14:32.256Z,474-234,"Aldi, Bushnell",28.68252,-82.11234,"1122 N Main St, Bushnell, FL, 33513",1122 N Main St,Bushnell,FL,33513,,,ALDI,active,USA,1313805
11593,2026-07-17T18:14:35.092Z,474-235,"Aldi, Lakeland",28.0984,-81.9223,"2900 Lakeland Highlands Roa, Lakeland, FL, 33803",2900 Lakeland Highlands Roa,Lakeland,FL,33803,,,ALDI,active,USA,1312408
12287,2026-07-17T18:14:36.171Z,474-237,"Aldi, Port Charlotte",27.00421,-82.0529,"2000 Kings Highway, Port Charlotte, FL, 33980",2000 Kings Highway,Port Charlotte,FL,33980,,,ALDI,active,USA,1313845
11817,2026-07-17T18:14:35.558Z,474-238,"Aldi, Melbourne",28.13794,-80.58433,"961 E Eau Gallie Blvd, Melbourne, FL, 32937",961 E Eau Gallie Blvd,Melbourne,FL,32937,,,ALDI,active,USA,1312162
12299,2026-07-17T18:14:36.171Z,474-239,"Aldi, Port St John",28.4718,-80.76909,"6257 Us Hwy 1, Port St John, FL, 32927",6257 Us Hwy 1,Port St John,FL,32927,,,ALDI,active,USA,1313861
10560,2026-07-17T18:14:32.256Z,474-240,"Aldi, Bradenton",27.49471,-82.61943,"5805 Manatee Ave W, Bradenton, FL, 34209",5805 Manatee Ave W,Bradenton,FL,34209,,,ALDI,active,USA,1313866
12668,2026-07-17T18:14:36.877Z,474-241,"Aldi, Tampa",28.09533,-82.503231,"15692 N Dale Mabry, Tampa, FL, 33618",15692 N Dale Mabry,Tampa,FL,33618,,,ALDI,active,USA,1312403
12629,2026-07-17T18:14:36.877Z,474-243,"Aldi, St Petersburg",27.80261,-82.64543,"3327 9th Street N, St Petersburg, FL, 33704",3327 9th Street N,St Petersburg,FL,33704,,,ALDI,active,USA,1314406
10407,2026-07-17T18:14:31.811Z,474-249,"Aldi, Arcadia",27.210256,-81.839989,"1737 East Oak Street, Arcadia, FL, 34266",1737 East Oak Street,Arcadia,FL,34266,,,ALDI,active,USA,1312526
12686,2026-07-17T18:14:36.877Z,474-250,"Aldi, The Villages",28.90732,-81.97015,"820 Old Camp Rd, The Villages, FL, 32162",820 Old Camp Rd,The Villages,FL,32162,,,ALDI,active,USA,1312512
12482,2026-07-17T18:14:36.487Z,474-251,"Aldi, Sarasota",27.29821,-82.48356,"4230 Bee Ridge Road, Sarasota, FL, 34233",4230 Bee Ridge Road,Sarasota,FL,34233,,,ALDI,active,USA,1312423
12314,2026-07-17T18:14:36.171Z,475-001,"Aldi, Providence Village",33.2219,-96.9619,"26617 Us Hwy 380 E, Providence Village, TX, 76227",26617 Us Hwy 380 E,Providence Village,TX,76227,,,ALDI,active,USA,1314531
12082,2026-07-17T18:14:35.837Z,475-002,"Aldi, Oklahoma City",35.40613,-97.54916,"2150 Sw 59th Street, Oklahoma City, OK, 73119",2150 Sw 59th Street,Oklahoma City,OK,73119,,,ALDI,active,USA,1313252
11912,2026-07-17T18:14:35.558Z,475-004,"Aldi, Moore",35.32045,-97.49524,"601 Sw 19th Street, Moore, OK, 73160",601 Sw 19th Street,Moore,OK,73160,,,ALDI,active,USA,1313957
10922,2026-07-17T18:14:32.770Z,475-005,"Aldi, Dallas",32.99597,-96.85424,"3632 Frankford Rd Ste 200c, Dallas, TX, 75287",3632 Frankford Rd Ste 200c,Dallas,TX,75287,,,ALDI,active,USA,1314299
12955,2026-07-17T18:14:37.357Z,475-006,"Aldi, Yukon",35.47828,-97.76093,"935 N Cemetery Rd, Yukon, OK, 73099",935 N Cemetery Rd,Yukon,OK,73099,,,ALDI,active,USA,1313225
12514,2026-07-17T18:14:36.487Z,475-007,"Aldi, Shawnee",35.3792,-96.9304,"4640 N Kickapoo St, Shawnee, OK, 74804",4640 N Kickapoo St,Shawnee,OK,74804,,,ALDI,active,USA,1313278
11864,2026-07-17T18:14:35.558Z,475-009,"Aldi, Midwest City",35.45988,-97.40642,"601 S Air Depot, Midwest City, OK, 73110",601 S Air Depot,Midwest City,OK,73110,,,ALDI,active,USA,1313955
12278,2026-07-17T18:14:36.171Z,475-010,"Aldi, Ponca City",36.73871,-97.08328,"1000 E Prospect Ave, Ponca City, OK, 74601",1000 E Prospect Ave,Ponca City,OK,74601,,,ALDI,active,USA,1313300
12084,2026-07-17T18:14:35.837Z,475-011,"Aldi, Oklahoma City",35.55744,-97.63695,"6965 Nw Expressway, Oklahoma City, OK, 73132",6965 Nw Expressway,Oklahoma City,OK,73132,,,ALDI,active,USA,1313954
11071,2026-07-17T18:14:33.514Z,475-012,"Aldi, Enid",36.3907,-97.93842,"5001 W Garriott Rd, Enid, OK, 73703",5001 W Garriott Rd,Enid,OK,73703,,,ALDI,active,USA,1313301
12019,2026-07-17T18:14:35.837Z,475-013,"Aldi, Norman",35.2183,-97.4779,"2440 W Main St, Norman, OK, 73069",2440 W Main St,Norman,OK,73069,,,ALDI,active,USA,1313226
12085,2026-07-17T18:14:35.837Z,475-014,"Aldi, Oklahoma City",35.6043,-97.55029,"13301 N Penn Ave, Oklahoma City, OK, 73120",13301 N Penn Ave,Oklahoma City,OK,73120,,,ALDI,active,USA,1313299
10677,2026-07-17T18:14:32.256Z,475-015,"Aldi, Carrollton",32.99847,-96.90972,"3044 Old Denton Rd Ste 200, Carrollton, TX, 75007",3044 Old Denton Rd Ste 200,Carrollton,TX,75007,,,ALDI,active,USA,1314310
11834,2026-07-17T18:14:35.558Z,475-016,"Aldi, Mesquite",32.8136,-96.63507,"3635 Gus Thomasson Rd Ste A, Mesquite, TX, 75150",3635 Gus Thomasson Rd Ste A,Mesquite,TX,75150,,,ALDI,active,USA,1313620
12083,2026-07-17T18:14:35.837Z,475-017,"Aldi, Oklahoma City",35.49326,-97.62218,"6010 Nw 23rd, Oklahoma City, OK, 73127",6010 Nw 23rd,Oklahoma City,OK,73127,,,ALDI,active,USA,1313956
12619,2026-07-17T18:14:36.877Z,475-018,"Aldi, Stillwater",36.13427,-97.05146,"1188 N Perkins Rd, Stillwater, OK, 74075",1188 N Perkins Rd,Stillwater,OK,74075,,,ALDI,active,USA,1312089
10339,2026-07-17T18:14:31.811Z,475-019,"Aldi, Ada",34.79078,-96.6603,"1320 Lonnie Abbott, Ada, OK, 74820",1320 Lonnie Abbott,Ada,OK,74820,,,ALDI,active,USA,1313959
10924,2026-07-17T18:14:32.770Z,475-020,"Aldi, Dallas",32.76211,-96.68263,"2926 S Buckner Blvd, Dallas, TX, 75227",2926 S Buckner Blvd,Dallas,TX,75227,,,ALDI,active,USA,1314275
10409,2026-07-17T18:14:31.811Z,475-021,"Aldi, Ardmore",34.18068,-97.14222,"510 N Commerce St, Ardmore, OK, 73401",510 N Commerce St,Ardmore,OK,73401,,,ALDI,active,USA,1313251
11672,2026-07-17T18:14:35.092Z,475-022,"Aldi, Lewisville",33.06,-96.885,"6150 N Josey Lane, Lewisville, TX, 75056",6150 N Josey Lane,Lewisville,TX,75056,,,ALDI,active,USA,1313603
10930,2026-07-17T18:14:32.770Z,475-023,"Aldi, Dallas",32.9324,-96.80253,"13548 Preston Road, Dallas, TX, 75240",13548 Preston Road,Dallas,TX,75240,,,ALDI,active,USA,1314295
11152,2026-07-17T18:14:34.070Z,475-024,"Aldi, Forney",32.75615,-96.4376,"895 N Fm 548, Forney, TX, 75126",895 N Fm 548,Forney,TX,75126,,,ALDI,active,USA,1314273
11201,2026-07-17T18:14:34.070Z,475-025,"Aldi, Frisco",33.13617,-96.80437,"6951 Preston Rd, Frisco, TX, 75034",6951 Preston Rd,Frisco,TX,75034,,,ALDI,active,USA,1313613
12400,2026-07-17T18:14:36.487Z,475-026,"Aldi, Rockwall",32.88576,-96.47391,"3085 Ridge Road, Rockwall, TX, 75032",3085 Ridge Road,Rockwall,TX,75032,,,ALDI,active,USA,1313625
12733,2026-07-17T18:14:36.877Z,475-027,"Aldi, Tyler",32.3519,-95.3438,"200 Ssw Loop 323, Tyler, TX, 75702",200 Ssw Loop 323,Tyler,TX,75702,,,ALDI,active,USA,1313604
11716,2026-07-17T18:14:35.092Z,475-028,"Aldi, Longview",32.5271,-94.7822,"1725 W Loop 281, Longview, TX, 75604",1725 W Loop 281,Longview,TX,75604,,,ALDI,active,USA,1314530
11228,2026-07-17T18:14:34.070Z,475-029,"Aldi, Garland",32.93025,-96.6508,"1518 Buckingham Rd, Garland, TX, 75042",1518 Buckingham Rd,Garland,TX,75042,,,ALDI,active,USA,1314300
10927,2026-07-17T18:14:32.770Z,475-030,"Aldi, Dallas",32.90957,-96.71874,"9779 Forest Lane Suite 200c, Dallas, TX, 75243",9779 Forest Lane Suite 200c,Dallas,TX,75243,,,ALDI,active,USA,1314272
12265,2026-07-17T18:14:36.171Z,475-031,"Aldi, Plano",33.03029,-96.69905,"2400 K Ave, Plano, TX, 75074",2400 K Ave,Plano,TX,75074,,,ALDI,active,USA,1314269
12423,2026-07-17T18:14:36.487Z,475-032,"Aldi, Rowlett",32.9075,-96.56867,"3500 Lakeview Pkwy, Rowlett, TX, 75088",3500 Lakeview Pkwy,Rowlett,TX,75088,,,ALDI,active,USA,1314260
11046,2026-07-17T18:14:33.514Z,475-033,"Aldi, Edmond",35.653113,-97.496822,"1001 W Edmond Rd, Edmond, OK, 73003",1001 W Edmond Rd,Edmond,OK,73003,,,ALDI,active,USA,1313272
12360,2026-07-17T18:14:36.487Z,475-034,"Aldi, Richardson",32.94541,-96.69677,"1549 E Beltline Road, Richardson, TX, 75081",1549 E Beltline Road,Richardson,TX,75081,,,ALDI,active,USA,1314294
10926,2026-07-17T18:14:32.770Z,475-035,"Aldi, Dallas",32.85634,-96.75008,"5828 Abrams Road, Dallas, TX, 75214",5828 Abrams Road,Dallas,TX,75214,,,ALDI,active,USA,1314283
11698,2026-07-17T18:14:35.092Z,475-036,"Aldi, Little Elm",33.16863,-96.89311,"2650 Little Elm Parkway, Little Elm, TX, 75068",2650 Little Elm Parkway,Little Elm,TX,75068,,,ALDI,active,USA,1313636
10975,2026-07-17T18:14:33.514Z,475-037,"Aldi, Denton",33.19916,-97.09125,"1105 S Loop 288, Denton, TX, 76205",1105 S Loop 288,Denton,TX,76205,,,ALDI,active,USA,1313577
12177,2026-07-17T18:14:36.171Z,475-038,"Aldi, Paris",33.661053,-95.511518,"3510 Lamar Ave Ste 310, Paris, TX, 75460",3510 Lamar Ave Ste 310,Paris,TX,75460,,,ALDI,active,USA,1314303
12266,2026-07-17T18:14:36.171Z,475-040,"Aldi, Plano",33.02888,-96.76997,"2220 Coit Rd 250, Plano, TX, 75075",2220 Coit Rd 250,Plano,TX,75075,,,ALDI,active,USA,1313579
10889,2026-07-17T18:14:32.770Z,475-041,"Aldi, Corsicana",32.041578,-96.301272,"3623 W State Hwy 31, Corsicana, TX, 75110",3623 W State Hwy 31,Corsicana,TX,75110,,,ALDI,active,USA,1314306
10928,2026-07-17T18:14:32.770Z,475-042,"Aldi, Dallas",32.79403,-96.77667,"4120 Gaston Ave, Dallas, TX, 75246",4120 Gaston Ave,Dallas,TX,75246,,,ALDI,active,USA,1313572
10923,2026-07-17T18:14:32.770Z,475-043,"Aldi, Dallas",32.90907,-96.87109,"3128 Forest Ln Ste 245, Dallas, TX, 75234",3128 Forest Ln Ste 245,Dallas,TX,75234,,,ALDI,active,USA,1314277
10365,2026-07-17T18:14:31.811Z,475-044,"Aldi, Allen",33.1282,-96.6459,"1730 North Greenville Ave, Allen, TX, 75002",1730 North Greenville Ave,Allen,TX,75002,,,ALDI,active,USA,1313611
11301,2026-07-17T18:14:34.070Z,475-045,"Aldi, Greenville",33.1027,-96.1102,"6606 Wesley St, Greenville, TX, 75402",6606 Wesley St,Greenville,TX,75402,,,ALDI,active,USA,1313621
12940,2026-07-17T18:14:37.357Z,475-046,"Aldi, Wylie",33.01176,-96.59269,"3463 W Fm 544, Wylie, TX, 75098",3463 W Fm 544,Wylie,TX,75098,,,ALDI,active,USA,1313614
11802,2026-07-17T18:14:35.558Z,475-047,"Aldi, Mckinney",33.1523,-96.729,"8801 Stacy Rd, Mckinney, TX, 75070",8801 Stacy Rd,Mckinney,TX,75070,,,ALDI,active,USA,1313605
12522,2026-07-17T18:14:36.487Z,475-048,"Aldi, Sherman",33.67162,-96.60765,"3201 N Hwy 75 Suite 104, Sherman, TX, 75090",3201 N Hwy 75 Suite 104,Sherman,TX,75090,,,ALDI,active,USA,1314523
12401,2026-07-17T18:14:36.487Z,475-049,"Aldi, Rockwall",32.9707,-96.4656,"3251 N Goliad Street, Rockwall, TX, 75087",3251 N Goliad Street,Rockwall,TX,75087,,,ALDI,active,USA,1313585
10931,2026-07-17T18:14:32.770Z,475-050,"Aldi, Dallas",32.7593,-96.86355,"2505 Ft Worth Ave, Dallas, TX, 75211",2505 Ft Worth Ave,Dallas,TX,75211,,,ALDI,active,USA,1314297
11180,2026-07-17T18:14:34.070Z,475-051,"Aldi, Fort Worth",32.76374,-97.48528,"9660 Legacy Drive, Fort Worth, TX, 76108",9660 Legacy Drive,Fort Worth,TX,76108,,,ALDI,active,USA,1314301
12429,2026-07-17T18:14:36.487Z,475-052,"Aldi, Saginaw",32.87227,-97.37539,"901 N Saginaw Blvd, Saginaw, TX, 76179",901 N Saginaw Blvd,Saginaw,TX,76179,,,ALDI,active,USA,1314307
11444,2026-07-17T18:14:34.665Z,475-053,"Aldi, Hurst",32.84428,-97.18621,"1628 Precinct Line Rd, Hurst, TX, 76054",1628 Precinct Line Rd,Hurst,TX,76054,,,ALDI,active,USA,1313586
11229,2026-07-17T18:14:34.070Z,475-054,"Aldi, Garland",32.86362,-96.65115,"1601 Northwest Hwy, Garland, TX, 75041",1601 Northwest Hwy,Garland,TX,75041,,,ALDI,active,USA,1314270
11763,2026-07-17T18:14:35.558Z,475-055,"Aldi, Mansfield",32.60838,-97.11654,"3018 Matlock Road, Mansfield, TX, 76063",3018 Matlock Road,Mansfield,TX,76063,,,ALDI,active,USA,1313608
10925,2026-07-17T18:14:32.770Z,475-056,"Aldi, Dallas",32.7202,-96.8578,"2440 W Illinois Ave, Dallas, TX, 75233",2440 W Illinois Ave,Dallas,TX,75233,,,ALDI,active,USA,1314279
10410,2026-07-17T18:14:31.811Z,475-057,"Aldi, Arlington",32.65553,-97.13107,"1200 W Nathan Lowe Road, Arlington, TX, 76017",1200 W Nathan Lowe Road,Arlington,TX,76017,,,ALDI,active,USA,1314278
11475,2026-07-17T18:14:34.665Z,475-058,"Aldi, Irving",32.84555,-96.99225,"2926 N Beltline Rd, Irving, TX, 75062",2926 N Beltline Rd,Irving,TX,75062,,,ALDI,active,USA,1314520
12891,2026-07-17T18:14:37.179Z,475-059,"Aldi, Wichita Falls",33.87836,-98.53987,"3121 Lawrence Rd, Wichita Falls, TX, 76308",3121 Lawrence Rd,Wichita Falls,TX,76308,,,ALDI,active,USA,1314528
11181,2026-07-17T18:14:34.070Z,475-061,"Aldi, Fort Worth",32.74971,-97.43434,"700 Alta Mere Dr, Fort Worth, TX, 76116",700 Alta Mere Dr,Fort Worth,TX,76116,,,ALDI,active,USA,1314259
11671,2026-07-17T18:14:35.092Z,475-062,"Aldi, Lewisville",33.04255,-97.03503,"1585 W Main St, Lewisville, TX, 75067",1585 W Main St,Lewisville,TX,75067,,,ALDI,active,USA,1314521
10693,2026-07-17T18:14:32.256Z,475-063,"Aldi, Cedar Hill",32.59032,-96.92302,"805 E Beltline Rd, Cedar Hill, TX, 75104",805 E Beltline Rd,Cedar Hill,TX,75104,,,ALDI,active,USA,1314291
11016,2026-07-17T18:14:33.514Z,475-064,"Aldi, Duncanville",32.64803,-96.92557,"333 S Cedar Ridge, Duncanville, TX, 75116",333 S Cedar Ridge,Duncanville,TX,75116,,,ALDI,active,USA,1314261
10621,2026-07-17T18:14:32.256Z,475-065,"Aldi, Burleson",32.5244,-97.34396,"1201 Sw Wilshire Blvd, Burleson, TX, 76028",1201 Sw Wilshire Blvd,Burleson,TX,76028,,,ALDI,active,USA,1314282
11474,2026-07-17T18:14:34.665Z,475-066,"Aldi, Irving",32.81203,-96.93542,"912 E Irving Boulevard, Irving, TX, 75060",912 E Irving Boulevard,Irving,TX,75060,,,ALDI,active,USA,1314267
12044,2026-07-17T18:14:35.837Z,475-067,"Aldi, North Richland Hills",32.90801,-97.1907,"8537 Davis Blvd, North Richland Hills, TX, 76182",8537 Davis Blvd,North Richland Hills,TX,76182,,,ALDI,active,USA,1314290
12376,2026-07-17T18:14:36.487Z,475-068,"Aldi, Roanoke",33.014817,-97.219509,"1315 N Hwy 377, Roanoke, TX, 76262",1315 N Hwy 377,Roanoke,TX,76262,,,ALDI,active,USA,1314308
11182,2026-07-17T18:14:34.070Z,475-069,"Aldi, Fort Worth",32.89387,-97.26297,"5728 N Tarrant Pkwy, Fort Worth, TX, 76244",5728 N Tarrant Pkwy,Fort Worth,TX,76244,,,ALDI,active,USA,1314274
11272,2026-07-17T18:14:34.070Z,475-070,"Aldi, Grand Prairie",32.70955,-96.99942,"424 E Pioneer Pkwy, Grand Prairie, TX, 75051",424 E Pioneer Pkwy,Grand Prairie,TX,75051,,,ALDI,active,USA,1313583
11177,2026-07-17T18:14:34.070Z,475-071,"Aldi, Fort Worth",32.66699,-97.39984,"5617 S Hulen St, Fort Worth, TX, 76132",5617 S Hulen St,Fort Worth,TX,76132,,,ALDI,active,USA,1314305
10929,2026-07-17T18:14:32.770Z,475-072,"Aldi, Dallas",32.64948,-96.85934,"8034 Chrysalis Drive, Dallas, TX, 75237",8034 Chrysalis Drive,Dallas,TX,75237,,,ALDI,active,USA,1314311
11083,2026-07-17T18:14:33.514Z,475-073,"Aldi, Euless",32.83727,-97.1019,"1201 W Airport Fwy 201, Euless, TX, 76040",1201 W Airport Fwy 201,Euless,TX,76040,,,ALDI,active,USA,1313584
10988,2026-07-17T18:14:33.514Z,475-074,"Aldi, Desoto",32.603979,-96.85752,"102 W Pleasant Run Rd, Desoto, TX, 75115",102 W Pleasant Run Rd,Desoto,TX,75115,,,ALDI,active,USA,1314286
12779,2026-07-17T18:14:37.179Z,475-075,"Aldi, Waco",31.5302,-97.1895,"1220 N Valley Mills Dr, Waco, TX, 76710",1220 N Valley Mills Dr,Waco,TX,76710,,,ALDI,active,USA,1314258
11646,2026-07-17T18:14:35.092Z,475-077,"Aldi, Lawton",34.6185,-98.422,"935 Nw Sheridan Rd, Lawton, OK, 73505",935 Nw Sheridan Rd,Lawton,OK,73505,,,ALDI,active,USA,1312092
11328,2026-07-17T18:14:34.070Z,475-078,"Aldi, Haltom City",32.8063,-97.2646,"3173 Denton Hwy, Haltom City, TX, 76117",3173 Denton Hwy,Haltom City,TX,76117,,,ALDI,active,USA,1314288
12831,2026-07-17T18:14:37.179Z,475-079,"Aldi, Waxahachie",32.40656,-96.8436,"401 B North Us Hwy 77, Waxahachie, TX, 75165",401 B North Us Hwy 77,Waxahachie,TX,75165,,,ALDI,active,USA,1314302
11183,2026-07-17T18:14:34.070Z,475-080,"Aldi, Fort Worth",32.7543,-97.1704,"1620 Eastchase Pkwy, Fort Worth, TX, 76120",1620 Eastchase Pkwy,Fort Worth,TX,76120,,,ALDI,active,USA,1314276
12174,2026-07-17T18:14:36.171Z,475-081,"Aldi, Pantego",32.7218,-97.1478,"2417 W Park Row Blvd, Pantego, TX, 76013",2417 W Park Row Blvd,Pantego,TX,76013,,,ALDI,active,USA,1313618
12837,2026-07-17T18:14:37.179Z,475-082,"Aldi, Weatherford",32.73883,-97.7975,"1710 S Main Street, Weatherford, TX, 76086",1710 S Main Street,Weatherford,TX,76086,,,ALDI,active,USA,1314262
12020,2026-07-17T18:14:35.837Z,475-083,"Aldi, Norman",35.18,-97.4158,"3101 Classen Blvd, Norman, OK, 73071",3101 Classen Blvd,Norman,OK,73071,,,ALDI,active,USA,1313250
11267,2026-07-17T18:14:34.070Z,475-084,"Aldi, Granbury",32.43649,-97.7681,"1339 N Plaza Dr, Granbury, TX, 76048",1339 N Plaza Dr,Granbury,TX,76048,,,ALDI,active,USA,1314304
10606,2026-07-17T18:14:32.256Z,475-085,"Aldi, Brownwood",31.729185,-98.985872,"519 W Commerce Street, Brownwood, TX, 76801",519 W Commerce Street,Brownwood,TX,76801,,,ALDI,active,USA,1314253
11271,2026-07-17T18:14:34.070Z,475-086,"Aldi, Grand Prairie",32.6723,-97.0429,"2601 Bardin Rd, Grand Prairie, TX, 75052",2601 Bardin Rd,Grand Prairie,TX,75052,,,ALDI,active,USA,1313570
10885,2026-07-17T18:14:32.770Z,475-087,"Aldi, Corinth",33.1306,-97.0498,"3851 Fm 2181, Corinth, TX, 76210",3851 Fm 2181,Corinth,TX,76210,,,ALDI,active,USA,1314289
11179,2026-07-17T18:14:34.070Z,475-089,"Aldi, Fort Worth",32.90375,-97.3237,"8977 Tehama Ridge Parkway, Fort Worth, TX, 76177",8977 Tehama Ridge Parkway,Fort Worth,TX,76177,,,ALDI,active,USA,1313627
10411,2026-07-17T18:14:31.811Z,475-090,"Aldi, Arlington",32.6648,-97.2063,"5045 Little School Rd, Arlington, TX, 76017",5045 Little School Rd,Arlington,TX,76017,,,ALDI,active,USA,1313615
12611,2026-07-17T18:14:36.877Z,475-091,"Aldi, Stephenville",32.20305,-98.24323,"2865 West Washington Street, Stephenville, TX, 76401",2865 West Washington Street,Stephenville,TX,76401,,,ALDI,active,USA,1314524
11178,2026-07-17T18:14:34.070Z,475-093,"Aldi, Fort Worth",32.932009,-97.272706,"5129 Golden Triangle Blvd, Fort Worth, TX, 76244",5129 Golden Triangle Blvd,Fort Worth,TX,76244,,,ALDI,active,USA,1313635
10976,2026-07-17T18:14:33.514Z,475-094,"Aldi, Denton",33.2292,-97.1552,"1317 Ector Street, Denton, TX, 76201",1317 Ector Street,Denton,TX,76201,,,ALDI,active,USA,1313594
12086,2026-07-17T18:14:35.837Z,475-095,"Aldi, Oklahoma City",35.5204,-97.5657,"4805 N May Avenue, Oklahoma City, OK, 73112",4805 N May Avenue,Oklahoma City,OK,73112,,,ALDI,active,USA,1312091
12734,2026-07-17T18:14:37.179Z,475-096,"Aldi, Tyler",32.3475,-95.2673,"2660 E Front St, Tyler, TX, 75702",2660 E Front St,Tyler,TX,75702,,,ALDI,active,USA,1313578
11862,2026-07-17T18:14:35.558Z,475-097,"Aldi, Midlothian",32.4602,-97.0065,"300 Harvest Hill Dr, Midlothian, TX, 76065",300 Harvest Hill Dr,Midlothian,TX,76065,,,ALDI,active,USA,1313619
10807,2026-07-17T18:14:32.770Z,475-101,"Aldi, Cleburne",32.33538,-97.42436,"1708 W Henderson, Cleburne, TX, 76033",1708 W Henderson,Cleburne,TX,76033,,,ALDI,active,USA,1313575
11927,2026-07-17T18:14:35.558Z,475-102,"Aldi, Mount Pleasant",33.135,-94.9695,"2306 S Jefferson Ave No13, Mount Pleasant, TX, 75455",2306 S Jefferson Ave No13,Mount Pleasant,TX,75455,,,ALDI,active,USA,1314529
12527,2026-07-17T18:14:36.487Z,475-103,"Aldi, Shreveport",32.39016,-93.81377,"9503 Mansfield Rd, Shreveport, LA, 71118",9503 Mansfield Rd,Shreveport,LA,71118,,,ALDI,active,USA,1312826
10336,2026-07-17T18:14:31.811Z,475-104,"Aldi, Abilene",32.406242,-99.786866,"4765 Southwest Dr, Abilene, TX, 79606",4765 Southwest Dr,Abilene,TX,79606,,,ALDI,active,USA,1313581
12684,2026-07-17T18:14:36.877Z,475-105,"Aldi, Texarkana",33.45335,-94.08513,"2315 Richmond Rd Ste 1a, Texarkana, TX, 75503",2315 Richmond Rd Ste 1a,Texarkana,TX,75503,,,ALDI,active,USA,1313612
10551,2026-07-17T18:14:32.256Z,475-107,"Aldi, Bossier City",32.56304841,-93.71061523,"2900 Meadow Creek Dr, Bossier City, LA, 71111",2900 Meadow Creek Dr,Bossier City,LA,71111,,,ALDI,active,USA,1312819
12160,2026-07-17T18:14:36.171Z,475-108,"Aldi, Palestine",31.73573,-95.61207,"2117 South Loop 256, Palestine, TX, 75801",2117 South Loop 256,Palestine,TX,75801,,,ALDI,active,USA,1313576
11955,2026-07-17T18:14:35.837Z,475-111,"Aldi, Nacogdoches",31.65141,-94.65773,"4919 North St Suite 101, Nacogdoches, TX, 75965",4919 North St Suite 101,Nacogdoches,TX,75965,,,ALDI,active,USA,1313610
10777,2026-07-17T18:14:32.770Z,475-126,"Aldi, Chickasha",35.0265,-97.9365,"2318 S 4th St, Chickasha, OK, 73018",2318 S 4th St,Chickasha,OK,73018,,,ALDI,active,USA,1313276
10427,2026-07-17T18:14:31.811Z,476-001,"Aldi, Atlanta",33.8414549,-84.3729714,"3221 Peachtree Rd Ne 101, Atlanta, GA, 30305",3221 Peachtree Rd Ne 101,Atlanta,GA,30305,,,ALDI,active,USA,1312200
12189,2026-07-17T18:14:36.171Z,476-002,"Aldi, Peachtree Corners",33.952641,-84.235694,"6135 Peachtree Pkwy Ste 302, Peachtree Corners, GA, 30092",6135 Peachtree Pkwy Ste 302,Peachtree Corners,GA,30092,,,ALDI,active,USA,1314343
10424,2026-07-17T18:14:31.811Z,476-003,"Aldi, Athens",33.926596,-83.336871,"1055 Gaines School Rd 104, Athens, GA, 30605",1055 Gaines School Rd 104,Athens,GA,30605,,,ALDI,active,USA,1313869
10958,2026-07-17T18:14:33.514Z,476-004,"Aldi, Decatur",33.796123,-84.285242,"676 Decatur Village Way, Decatur, GA, 30033",676 Decatur Village Way,Decatur,GA,30033,,,ALDI,active,USA,1312462
12719,2026-07-17T18:14:36.877Z,476-005,"Aldi, Tucker",33.84576,-84.248937,"4135 Lavista Rd Ste C200, Tucker, GA, 30084",4135 Lavista Rd Ste C200,Tucker,GA,30084,,,ALDI,active,USA,1313886
12188,2026-07-17T18:14:36.171Z,476-007,"Aldi, Peachtree City",33.397852,-84.598462,"2709 Hwy 54, Peachtree City, GA, 30269",2709 Hwy 54,Peachtree City,GA,30269,,,ALDI,active,USA,1312209
11996,2026-07-17T18:14:35.837Z,476-008,"Aldi, Newnan",33.398554,-84.744322,"1064 Highway 34 East, Newnan, GA, 30265",1064 Highway 34 East,Newnan,GA,30265,,,ALDI,active,USA,1313880
11869,2026-07-17T18:14:35.558Z,476-009,"Aldi, Milledgeville",33.107459,-83.254318,"1978 North Columbia Street, Milledgeville, GA, 31061",1978 North Columbia Street,Milledgeville,GA,31061,,,ALDI,active,USA,1313879
11743,2026-07-17T18:14:35.558Z,476-010,"Aldi, Macon",32.821315,-83.710561,"4501 Log Cabin Dr, Macon, GA, 31204",4501 Log Cabin Dr,Macon,GA,31204,,,ALDI,active,USA,1313881
11002,2026-07-17T18:14:33.514Z,476-011,"Aldi, Douglasville",33.724304,-84.733697,"2990 Chapel Hill Rd, Douglasville, GA, 30135",2990 Chapel Hill Rd,Douglasville,GA,30135,,,ALDI,active,USA,1312433
12794,2026-07-17T18:14:37.179Z,476-012,"Aldi, Warner Robins",32.61676,-83.691268,"3003 Watson Blvd, Warner Robins, GA, 31093",3003 Watson Blvd,Warner Robins,GA,31093,,,ALDI,active,USA,1312458
12504,2026-07-17T18:14:36.487Z,476-013,"Aldi, Seneca",34.690188,-82.989912,"249 Applewood Center Place, Seneca, SC, 29678",249 Applewood Center Place,Seneca,SC,29678,,,ALDI,active,USA,1314006
11389,2026-07-17T18:14:34.665Z,476-014,"Aldi, Hiram",33.884356,-84.734354,"5746 Wendy Bagwell Pkwy, Hiram, GA, 30141",5746 Wendy Bagwell Pkwy,Hiram,GA,30141,,,ALDI,active,USA,1312456
11213,2026-07-17T18:14:34.070Z,476-015,"Aldi, Gainesville",34.298185,-83.854614,"834 B Dawsonville Hwy, Gainesville, GA, 30501",834 B Dawsonville Hwy,Gainesville,GA,30501,,,ALDI,active,USA,1313883
12420,2026-07-17T18:14:36.487Z,476-016,"Aldi, Roswell",34.039722,-84.347296,"600 Mansell Road, Roswell, GA, 30076",600 Mansell Road,Roswell,GA,30076,,,ALDI,active,USA,1312468
10422,2026-07-17T18:14:31.811Z,476-018,"Aldi, Athens",33.940166,-83.452539,"3400 Atlanta Hwy, Athens, GA, 30606",3400 Atlanta Hwy,Athens,GA,30606,,,ALDI,active,USA,1312202
11318,2026-07-17T18:14:34.070Z,476-019,"Aldi, Grovetown",33.478383,-82.199219,"3020 Gateway Boulevard, Grovetown, GA, 30813",3020 Gateway Boulevard,Grovetown,GA,30813,,,ALDI,active,USA,1312203
12468,2026-07-17T18:14:36.487Z,476-020,"Aldi, Sandy Springs",33.928087,-84.380164,"6336c Roswell Road, Sandy Springs, GA, 30328",6336c Roswell Road,Sandy Springs,GA,30328,,,ALDI,active,USA,1313873
10434,2026-07-17T18:14:31.811Z,476-021,"Aldi, Augusta",33.50643,-82.09244,"227 Bobby Jones Expressway, Augusta, GA, 30907",227 Bobby Jones Expressway,Augusta,GA,30907,,,ALDI,active,USA,1312461
11709,2026-07-17T18:14:35.092Z,476-022,"Aldi, Loganville",33.815649,-83.926032,"370 Athens Hwy, Loganville, GA, 30052",370 Athens Hwy,Loganville,GA,30052,,,ALDI,active,USA,1312476
10676,2026-07-17T18:14:32.256Z,476-023,"Aldi, Carrollton",33.550244,-85.074355,"1495 S Hwy 27, Carrollton, GA, 30117",1495 S Hwy 27,Carrollton,GA,30117,,,ALDI,active,USA,1312201
12912,2026-07-17T18:14:37.179Z,476-024,"Aldi, Winder",33.994184,-83.733039,"160 W May Street, Winder, GA, 30680",160 W May Street,Winder,GA,30680,,,ALDI,active,USA,1312442
12023,2026-07-17T18:14:35.837Z,476-025,"Aldi, North Augusta",33.508257,-81.959187,"1360 Knox Avenue, North Augusta, SC, 29841",1360 Knox Avenue,North Augusta,SC,29841,,,ALDI,active,USA,1314000
11506,2026-07-17T18:14:34.665Z,476-026,"Aldi, Johns Creek",34.045499,-84.221716,"10955 Jones Bridge Rd 134, Johns Creek, GA, 30022",10955 Jones Bridge Rd 134,Johns Creek,GA,30022,,,ALDI,active,USA,1312443
10921,2026-07-17T18:14:32.770Z,476-027,"Aldi, Dacula",34.068898,-83.909078,"3565 Braselton Highway, Dacula, GA, 30019",3565 Braselton Highway,Dacula,GA,30019,,,ALDI,active,USA,1312439
10679,2026-07-17T18:14:32.256Z,476-028,"Aldi, Cartersville",34.177237,-84.785233,"500 Rowland Springs Rd, Cartersville, GA, 30121",500 Rowland Springs Rd,Cartersville,GA,30121,,,ALDI,active,USA,1313867
11580,2026-07-17T18:14:35.092Z,476-029,"Aldi, Lagrange",33.051488,-85.029356,"427 New Franklin Road, Lagrange, GA, 30240",427 New Franklin Road,Lagrange,GA,30240,,,ALDI,active,USA,1313877
11873,2026-07-17T18:14:35.558Z,476-030,"Aldi, Milton",34.099829,-84.272161,"12990 Highway 9n Suite 107, Milton, GA, 30004",12990 Highway 9n Suite 107,Milton,GA,30004,,,ALDI,active,USA,1312477
11798,2026-07-17T18:14:35.558Z,476-031,"Aldi, Mcdonough",33.458192,-84.173204,"450 Jonesboro Rd, Mcdonough, GA, 30253",450 Jonesboro Rd,Mcdonough,GA,30253,,,ALDI,active,USA,1312469
12555,2026-07-17T18:14:36.877Z,476-032,"Aldi, Snellville",33.810739,-84.041867,"3340 Centerville Hwy, Snellville, GA, 30039",3340 Centerville Hwy,Snellville,GA,30039,,,ALDI,active,USA,1312435
12653,2026-07-17T18:14:36.877Z,476-033,"Aldi, Suwanee",34.048145,-84.09476,"1165 Peachtree Industrial B, Suwanee, GA, 30024",1165 Peachtree Industrial B,Suwanee,GA,30024,,,ALDI,active,USA,1313868
10917,2026-07-17T18:14:32.770Z,476-034,"Aldi, Cumming",34.161333,-84.115868,"1760 Buford Hwy, Cumming, GA, 30041",1760 Buford Hwy,Cumming,GA,30041,,,ALDI,active,USA,1312455
11680,2026-07-17T18:14:35.092Z,476-035,"Aldi, Lilburn",33.907719,-84.111034,"396 Pleasant Hill Road, Lilburn, GA, 30047",396 Pleasant Hill Road,Lilburn,GA,30047,,,ALDI,active,USA,1313837
11307,2026-07-17T18:14:34.070Z,476-036,"Aldi, Greenwood",34.217128,-82.182132,"1322 Montague Ave, Greenwood, SC, 29649",1322 Montague Ave,Greenwood,SC,29649,,,ALDI,active,USA,1314005
11212,2026-07-17T18:14:34.070Z,476-037,"Aldi, Gainesville",34.229391,-83.86673,"3640 Mundy MIll Rd Ste 132, Gainesville, GA, 30504",3640 Mundy MIll Rd Ste 132,Gainesville,GA,30504,,,ALDI,active,USA,1312432
11543,2026-07-17T18:14:35.092Z,476-038,"Aldi, Kennesaw",34.009914,-84.570903,"860 Cobb Pl Blvd Nw Ste 400, Kennesaw, GA, 30144",860 Cobb Pl Blvd Nw Ste 400,Kennesaw,GA,30144,,,ALDI,active,USA,1312436
12410,2026-07-17T18:14:36.487Z,476-040,"Aldi, Rome",34.259759,-85.167404,"836 Turner Mccall Blvd Sw, Rome, GA, 30161",836 Turner Mccall Blvd Sw,Rome,GA,30161,,,ALDI,active,USA,1312168
12675,2026-07-17T18:14:36.877Z,476-041,"Aldi, Taylors",34.907018,-82.328369,"3034 Wade Hampton Blvd, Taylors, SC, 29687",3034 Wade Hampton Blvd,Taylors,SC,29687,,,ALDI,active,USA,1313590
12933,2026-07-17T18:14:37.179Z,476-042,"Aldi, Woodstock",34.113312,-84.567396,"2014 Eagle Drive, Woodstock, GA, 30189",2014 Eagle Drive,Woodstock,GA,30189,,,ALDI,active,USA,1312472
10638,2026-07-17T18:14:32.256Z,476-043,"Aldi, Calhoun",34.471856,-84.923484,"647 Hwy 53 East, Calhoun, GA, 30701",647 Hwy 53 East,Calhoun,GA,30701,,,ALDI,active,USA,1313836
10342,2026-07-17T18:14:31.811Z,476-044,"Aldi, Aiken",33.50771,-81.709667,"2510 Whiskey Road, Aiken, SC, 29803",2510 Whiskey Road,Aiken,SC,29803,,,ALDI,active,USA,1313411
10657,2026-07-17T18:14:32.256Z,476-045,"Aldi, Canton",34.245683,-84.485672,"553 Riverstone Parkway, Canton, GA, 30114",553 Riverstone Parkway,Canton,GA,30114,,,ALDI,active,USA,1313838
10858,2026-07-17T18:14:32.770Z,476-047,"Aldi, Columbus",32.535788,-84.956447,"6301 Veterans Pkwy Ste 500, Columbus, GA, 31909",6301 Veterans Pkwy Ste 500,Columbus,GA,31909,,,ALDI,active,USA,1312210
10898,2026-07-17T18:14:32.770Z,476-048,"Aldi, Covington",33.607759,-83.826698,"11152 Highway 142 Ne, Covington, GA, 30014",11152 Highway 142 Ne,Covington,GA,30014,,,ALDI,active,USA,1312166
11339,2026-07-17T18:14:34.665Z,476-049,"Aldi, Hampton",33.441725,-84.322789,"11499 Tara Blvd, Hampton, GA, 30228",11499 Tara Blvd,Hampton,GA,30228,,,ALDI,active,USA,1313876
11696,2026-07-17T18:14:35.092Z,476-050,"Aldi, Lithonia",33.718056,-84.146685,"6650 Covington Hwy, Lithonia, GA, 30058",6650 Covington Hwy,Lithonia,GA,30058,,,ALDI,active,USA,1313872
11544,2026-07-17T18:14:35.092Z,476-051,"Aldi, Kennesaw",34.030275,-84.650716,"3076 Cobb Parkway Nw, Kennesaw, GA, 30152",3076 Cobb Parkway Nw,Kennesaw,GA,30152,,,ALDI,active,USA,1312451
11117,2026-07-17T18:14:33.514Z,476-052,"Aldi, Fayetteville",33.472556,-84.444585,"1060 Highway 85 North, Fayetteville, GA, 30214",1060 Highway 85 North,Fayetteville,GA,30214,,,ALDI,active,USA,1312450
12935,2026-07-17T18:14:37.357Z,476-053,"Aldi, Woodstock",34.088346,-84.469292,"200 West Village Dr, Woodstock, GA, 30188",200 West Village Dr,Woodstock,GA,30188,,,ALDI,active,USA,1312434
11011,2026-07-17T18:14:33.514Z,476-054,"Aldi, Duluth",33.971215,-84.147266,"2618 Pleasant Hill Road, Duluth, GA, 30096",2618 Pleasant Hill Road,Duluth,GA,30096,,,ALDI,active,USA,1314019
10836,2026-07-17T18:14:32.770Z,476-055,"Aldi, College Park",33.596478,-84.428016,"5820 Riverdale Road, College Park, GA, 30349",5820 Riverdale Road,College Park,GA,30349,,,ALDI,active,USA,1312206
10954,2026-07-17T18:14:33.514Z,476-056,"Aldi, Decatur",33.681288,-84.227937,"4900 Flat Shoals Parkway, Decatur, GA, 30034",4900 Flat Shoals Parkway,Decatur,GA,30034,,,ALDI,active,USA,1313885
10429,2026-07-17T18:14:31.811Z,476-057,"Aldi, Atlanta",33.858168,-84.310677,"3963 Buford Hwy, Atlanta, GA, 30345",3963 Buford Hwy,Atlanta,GA,30345,,,ALDI,active,USA,1313834
10428,2026-07-17T18:14:31.811Z,476-058,"Aldi, Atlanta",33.713859,-84.350003,"1461 Moreland Ave, Atlanta, GA, 30316",1461 Moreland Ave,Atlanta,GA,30316,,,ALDI,active,USA,1312448
10956,2026-07-17T18:14:33.514Z,476-059,"Aldi, Decatur",33.753847,-84.270688,"3480 Memorial Dr, Decatur, GA, 30032",3480 Memorial Dr,Decatur,GA,30032,,,ALDI,active,USA,1313875
11644,2026-07-17T18:14:35.092Z,476-060,"Aldi, Lawrenceville",33.968289,-84.028491,"996 Duluth Highway, Lawrenceville, GA, 30043",996 Duluth Highway,Lawrenceville,GA,30043,,,ALDI,active,USA,1312457
12553,2026-07-17T18:14:36.877Z,476-061,"Aldi, Smyrna",33.883794,-84.477168,"2589 Spring Rd, Smyrna, GA, 30080",2589 Spring Rd,Smyrna,GA,30080,,,ALDI,active,USA,1312474
11516,2026-07-17T18:14:34.665Z,476-063,"Aldi, Jonesboro",33.534191,-84.370102,"615 North Avenue, Jonesboro, GA, 30236",615 North Avenue,Jonesboro,GA,30236,,,ALDI,active,USA,1313874
12623,2026-07-17T18:14:36.877Z,476-064,"Aldi, Stockbridge",33.550974,-84.255325,"5420 North Henry Blvd, Stockbridge, GA, 30281",5420 North Henry Blvd,Stockbridge,GA,30281,,,ALDI,active,USA,1312211
11767,2026-07-17T18:14:35.558Z,476-065,"Aldi, Marietta",33.922334,-84.578586,"1260 Powder Springs Street, Marietta, GA, 30064",1260 Powder Springs Street,Marietta,GA,30064,,,ALDI,active,USA,1313835
10874,2026-07-17T18:14:32.770Z,476-066,"Aldi, Conyers",33.637762,-84.016493,"1794 Ga Highway 138, Conyers, GA, 30013",1794 Ga Highway 138,Conyers,GA,30013,,,ALDI,active,USA,1312445
11645,2026-07-17T18:14:35.092Z,476-067,"Aldi, Lawrenceville",33.901458,-84.005697,"1225 Scenic Highway, Lawrenceville, GA, 30045",1225 Scenic Highway,Lawrenceville,GA,30045,,,ALDI,active,USA,1313882
11770,2026-07-17T18:14:35.558Z,476-068,"Aldi, Marietta",33.96746,-84.491424,"2125 Roswell Rd Ste 30, Marietta, GA, 30062",2125 Roswell Rd Ste 30,Marietta,GA,30062,,,ALDI,active,USA,1313870
11739,2026-07-17T18:14:35.558Z,476-069,"Aldi, Mableton",33.831571,-84.576612,"5020 Floyd Road Sw, Mableton, GA, 30126",5020 Floyd Road Sw,Mableton,GA,30126,,,ALDI,active,USA,1312473
11366,2026-07-17T18:14:34.665Z,476-070,"Aldi, Hendersonville",35.332078,-82.449917,"110 Duncan Hill Road, Hendersonville, NC, 28792",110 Duncan Hill Road,Hendersonville,NC,28792,,,ALDI,active,USA,1312998
10416,2026-07-17T18:14:31.811Z,476-071,"Aldi, Asheville",35.5832,-82.604392,"1344 Patton Avenue, Asheville, NC, 28806",1344 Patton Avenue,Asheville,NC,28806,,,ALDI,active,USA,1312993
10408,2026-07-17T18:14:31.811Z,476-072,"Aldi, Arden",35.450624,-82.528661,"330 Airport Road, Arden, NC, 28704",330 Airport Road,Arden,NC,28704,,,ALDI,active,USA,1313001
12838,2026-07-17T18:14:37.179Z,476-073,"Aldi, Weaverville",35.702768,-82.563825,"58 Weaver Blvd, Weaverville, NC, 28787",58 Weaver Blvd,Weaverville,NC,28787,,,ALDI,active,USA,1313010
10417,2026-07-17T18:14:31.811Z,476-074,"Aldi, Asheville",35.577946,-82.511248,"480 Swannanoa River Road, Asheville, NC, 28805",480 Swannanoa River Road,Asheville,NC,28805,,,ALDI,active,USA,1312985
12503,2026-07-17T18:14:36.487Z,476-075,"Aldi, Seneca",34.695188,-82.874842,"13190 Clemson Blvd, Seneca, SC, 29678",13190 Clemson Blvd,Seneca,SC,29678,,,ALDI,active,USA,1313599
10388,2026-07-17T18:14:31.811Z,476-076,"Aldi, Anderson",34.488765,-82.673728,"624 Highway 28 Bypass, Anderson, SC, 29624",624 Highway 28 Bypass,Anderson,SC,29624,,,ALDI,active,USA,1314003
11300,2026-07-17T18:14:34.070Z,476-077,"Aldi, Greenville",34.88717,-82.392471,"510 Worley Road, Greenville, SC, 29609",510 Worley Road,Greenville,SC,29609,,,ALDI,active,USA,1314007
11299,2026-07-17T18:14:34.070Z,476-078,"Aldi, Greenville",34.7992,-82.3748,"100 Chalmers Road, Greenville, SC, 29605",100 Chalmers Road,Greenville,SC,29605,,,ALDI,active,USA,1314014
10390,2026-07-17T18:14:31.811Z,476-079,"Aldi, Anderson",34.559779,-82.693392,"4115 Clemson Blvd, Anderson, SC, 29621",4115 Clemson Blvd,Anderson,SC,29621,,,ALDI,active,USA,1314009
12486,2026-07-17T18:14:36.487Z,476-084,"Aldi, Savannah",32.04476,-81.07406,"1651 E Victory Dr, Savannah, GA, 31404",1651 E Victory Dr,Savannah,GA,31404,,,ALDI,active,USA,1312467
12606,2026-07-17T18:14:36.877Z,476-085,"Aldi, Statesboro",32.430085,-81.758609,"270 Henry Blvd, Statesboro, GA, 30458",270 Henry Blvd,Statesboro,GA,30458,,,ALDI,active,USA,1313833
10573,2026-07-17T18:14:32.256Z,476-087,"Aldi, Brevard",35.24487,-82.72412,"165 Asheville Hwy, Brevard, NC, 28712",165 Asheville Hwy,Brevard,NC,28712,,,ALDI,active,USA,1312995
12485,2026-07-17T18:14:36.487Z,476-088,"Aldi, Savannah",31.982078,-81.176781,"14070 Abercorn Street, Savannah, GA, 31419",14070 Abercorn Street,Savannah,GA,31419,,,ALDI,active,USA,1313878
12280,2026-07-17T18:14:36.171Z,476-089,"Aldi, Pooler",32.140139,-81.253189,"152 Traders Way, Pooler, GA, 31322",152 Traders Way,Pooler,GA,31322,,,ALDI,active,USA,1312447
11638,2026-07-17T18:14:35.092Z,476-090,"Aldi, Laurens",34.495824,-81.985015,"401 Exchange Dr, Laurens, SC, 29360",401 Exchange Dr,Laurens,SC,29360,,,ALDI,active,USA,1314008
12575,2026-07-17T18:14:36.877Z,476-091,"Aldi, Spartanburg",34.964127,-81.897325,"1605 E Main Street, Spartanburg, SC, 29307",1605 E Main Street,Spartanburg,SC,29307,,,ALDI,active,USA,1314004
11024,2026-07-17T18:14:33.514Z,476-092,"Aldi, Easley",34.825564,-82.543956,"4835 Calhoun Memorial Hwy, Easley, SC, 29640",4835 Calhoun Memorial Hwy,Easley,SC,29640,,,ALDI,active,USA,1313996
11310,2026-07-17T18:14:34.070Z,476-093,"Aldi, Greer",34.944388,-82.254219,"1050 W Wade Hampton Blvd, Greer, SC, 29650",1050 W Wade Hampton Blvd,Greer,SC,29650,,,ALDI,active,USA,1313408
10544,2026-07-17T18:14:32.256Z,476-094,"Aldi, Boiling Springs",35.050061,-81.987059,"4031 Hwy 9, Boiling Springs, SC, 29316",4031 Hwy 9,Boiling Springs,SC,29316,,,ALDI,active,USA,1313596
12574,2026-07-17T18:14:36.877Z,476-095,"Aldi, Spartanburg",34.931866,-81.990288,"150 E Blackstock Rd Ste B, Spartanburg, SC, 29301",150 E Blackstock Rd Ste B,Spartanburg,SC,29301,,,ALDI,active,USA,1314494
12541,2026-07-17T18:14:36.877Z,476-096,"Aldi, Simpsonville",34.711878,-82.255161,"655 Fairview Road Suite C, Simpsonville, SC, 29680",655 Fairview Road Suite C,Simpsonville,SC,29680,,,ALDI,active,USA,1314504
11304,2026-07-17T18:14:34.070Z,476-097,"Aldi, Greenville",34.820093,-82.271894,"1725 Woodruff Road, Greenville, SC, 29607",1725 Woodruff Road,Greenville,SC,29607,,,ALDI,active,USA,1313410
11298,2026-07-17T18:14:34.070Z,476-098,"Aldi, Greenville",34.854463,-82.457162,"6149 White Horse Road, Greenville, SC, 29611",6149 White Horse Road,Greenville,SC,29611,,,ALDI,active,USA,1314001
11312,2026-07-17T18:14:34.070Z,476-101,"Aldi, Griffin",33.246996,-84.288455,"1418 Highway 16 West, Griffin, GA, 30223",1418 Highway 16 West,Griffin,GA,30223,,,ALDI,active,USA,1313884
11500,2026-07-17T18:14:34.665Z,476-102,"Aldi, Jefferson",34.124351,-83.607112,"1718 Old Pendergrass Road, Jefferson, GA, 30549",1718 Old Pendergrass Road,Jefferson,GA,30549,,,ALDI,active,USA,1314344
12214,2026-07-17T18:14:36.171Z,476-106,"Aldi, Phenix City",32.496883,-85.044117,"3670 Marketplace Drive, Phenix City, AL, 36867",3670 Marketplace Drive,Phenix City,AL,36867,,,ALDI,active,USA,1312245
12235,2026-07-17T18:14:36.171Z,476-110,"Aldi, Piedmont",34.786614,-82.477013,"3340 Highway 153, Piedmont, SC, 29673",3340 Highway 153,Piedmont,SC,29673,,,ALDI,active,USA,1313601
11795,2026-07-17T18:14:35.558Z,476-112,"Aldi, Mauldin",34.7826,-82.31197,"209 N Main St, Mauldin, SC, 29662",209 N Main St,Mauldin,SC,29662,,,ALDI,active,USA,1313602
10619,2026-07-17T18:14:32.256Z,476-113,"Aldi, Buford",34.06024,-83.99364,"1705 Mall Of Ga Blvd Ste 3, Buford, GA, 30519",1705 Mall Of Ga Blvd Ste 3,Buford,GA,30519,,,ALDI,active,USA,1312465
10435,2026-07-17T18:14:31.811Z,476-115,"Aldi, Augusta",33.41127,-82.02742,"3121 Peach Orchard Road, Augusta, GA, 30906",3121 Peach Orchard Road,Augusta,GA,30906,,,ALDI,active,USA,1312444
11769,2026-07-17T18:14:35.558Z,476-116,"Aldi, Marietta",33.94582,-84.51744,"249 Cobb Parkway Se, Marietta, GA, 30060",249 Cobb Parkway Se,Marietta,GA,30060,,,ALDI,active,USA,1312475
12737,2026-07-17T18:14:37.179Z,476-117,"Aldi, Union City",33.568765,-84.541426,"4670 Jonesboro Rd, Union City, GA, 30291",4670 Jonesboro Rd,Union City,GA,30291,,,ALDI,active,USA,1312441
10812,2026-07-17T18:14:32.770Z,476-126,"Aldi, Cleveland",34.57968,-83.76653,"202 Parkway Plz, Cleveland, GA, 30528",202 Parkway Plz,Cleveland,GA,30528,,,ALDI,active,USA,1312479
10618,2026-07-17T18:14:32.256Z,476-127,"Aldi, Buford",34.10665,-83.87256,"7505 Spout Springs Rd, Buford, GA, 30519",7505 Spout Springs Rd,Buford,GA,30519,,,ALDI,active,USA,1312453
11188,2026-07-17T18:14:34.070Z,476-148,"Aldi, Franklin",35.164112,-83.371244,"1320 Siler Rd, Franklin, NC, 28734",1320 Siler Rd,Franklin,NC,28734,,,ALDI,active,USA,1313006
10857,2026-07-17T18:14:32.770Z,476-149,"Aldi, Columbus",32.47994,-84.94109,"3200 Macon Road, Columbus, GA, 31906",3200 Macon Road,Columbus,GA,31906,,,ALDI,active,USA,1312437
11007,2026-07-17T18:14:33.514Z,476-153,"Aldi, Dublin",32.54746,-82.96648,"2413 Us Hwy 80 W, Dublin, GA, 31021",2413 Us Hwy 80 W,Dublin,GA,31021,,,ALDI,active,USA,1312466
11614,2026-07-17T18:14:35.092Z,476-155,"Aldi, Landrum",35.17939,-82.161718,"1752 Hwy 14 E, Landrum, SC, 29356",1752 Hwy 14 E,Landrum,SC,29356,,,ALDI,active,USA,1313369
10526,2026-07-17T18:14:31.811Z,476-160,"Aldi, Blairsville",34.8826,-83.95142,"40 Farmers Market Way, Blairsville, GA, 30512",40 Farmers Market Way,Blairsville,GA,30512,,,ALDI,active,USA,1312470
10918,2026-07-17T18:14:32.770Z,476-162,"Aldi, Cumming",34.26823,-84.09329,"3610 Browns Bridge Rd, Cumming, GA, 30028",3610 Browns Bridge Rd,Cumming,GA,30028,,,ALDI,active,USA,1312471
11027,2026-07-17T18:14:33.514Z,476-164,"Aldi, East Ellijay",34.659773,-84.491898,"24 W Highlands Dr, East Ellijay, GA, 30540",24 W Highlands Dr,East Ellijay,GA,30540,,,ALDI,active,USA,1312478
11015,2026-07-17T18:14:33.514Z,476-166,"Aldi, Duncan",34.892407,-82.078064,"1907 E Main St, Duncan, SC, 29334",1907 E Main St,Duncan,SC,29334,,,ALDI,active,USA,1313407
11355,2026-07-17T18:14:34.665Z,476-168,"Aldi, Hartwell",34.35351,-82.90633,"1380 E Franklin St, Hartwell, GA, 30643",1380 E Franklin St,Hartwell,GA,30643,,,ALDI,active,USA,1312446
12688,2026-07-17T18:14:36.877Z,476-169,"Aldi, Thomaston",32.92289,-84.33321,"1058 Highway 19 N, Thomaston, GA, 30286",1058 Highway 19 N,Thomaston,GA,30286,,,ALDI,active,USA,1312463
10608,2026-07-17T18:14:32.256Z,476-170,"Aldi, Brunswick",31.2481339,-81.5065781,"341 Venture Dr, Brunswick, GA, 31525",341 Venture Dr,Brunswick,GA,31525,,,ALDI,active,USA,1312452
12447,2026-07-17T18:14:36.487Z,476-171,"Aldi, Saint Marys",30.75425,-81.5788,"2714 Osborne Rd, Saint Marys, GA, 31558",2714 Osborne Rd,Saint Marys,GA,31558,,,ALDI,active,USA,1312459
10480,2026-07-17T18:14:31.811Z,476-180,"Aldi, Beaufort",32.42239,-80.734761,"361 Robert Smalls Pkwy, Beaufort, SC, 29906",361 Robert Smalls Pkwy,Beaufort,SC,29906,,,ALDI,active,USA,1314012
10539,2026-07-17T18:14:32.256Z,476-181,"Aldi, Bluffton",32.25194,-80.84282,"1131 Fording Island Road, Bluffton, SC, 29910",1131 Fording Island Road,Bluffton,SC,29910,,,ALDI,active,USA,1314502
11556,2026-07-17T18:14:35.092Z,476-186,"Aldi, Kingsland",30.78453,-81.64922,"1390 Boone Street, Kingsland, GA, 31548",1390 Boone Street,Kingsland,GA,31548,,,ALDI,active,USA,1312007
11660,2026-07-17T18:14:35.092Z,477-002,"Aldi, Lehigh Acres",26.616824,-81.67086,"2803 Lee Blvd, Lehigh Acres, FL, 33971",2803 Lee Blvd,Lehigh Acres,FL,33971,,,ALDI,active,USA,1313853
12424,2026-07-17T18:14:36.487Z,477-003,"Aldi, Royal Palm Beach",26.704389,-80.201924,"1111 N State Road 7, Royal Palm Beach, FL, 33411",1111 N State Road 7,Royal Palm Beach,FL,33411,,,ALDI,active,USA,1312484
12316,2026-07-17T18:14:36.171Z,477-004,"Aldi, Punta Gorda",26.89452,-82.015233,"26279 Jones Loop Rd, Punta Gorda, FL, 33950",26279 Jones Loop Rd,Punta Gorda,FL,33950,,,ALDI,active,USA,1312492
10661,2026-07-17T18:14:32.256Z,477-005,"Aldi, Cape Coral",26.672665,-81.934696,"1843 Ne Pine Island Rd, Cape Coral, FL, 33909",1843 Ne Pine Island Rd,Cape Coral,FL,33909,,,ALDI,active,USA,1313848
11161,2026-07-17T18:14:34.070Z,477-006,"Aldi, Fort Myers",26.575883,-81.871129,"11281 S Cleveland Ave, Fort Myers, FL, 33907",11281 S Cleveland Ave,Fort Myers,FL,33907,,,ALDI,active,USA,1312373
11963,2026-07-17T18:14:35.837Z,477-007,"Aldi, Naples",26.153598,-81.720446,"4015 Santa Barbara Blvd 6, Naples, FL, 34104",4015 Santa Barbara Blvd 6,Naples,FL,34104,,,ALDI,active,USA,1314374
11960,2026-07-17T18:14:35.837Z,477-008,"Aldi, Naples",26.218751,-81.774485,"6171 Naples Blvd, Naples, FL, 34109",6171 Naples Blvd,Naples,FL,34109,,,ALDI,active,USA,1313841
11959,2026-07-17T18:14:35.837Z,477-009,"Aldi, Naples",26.059279,-81.699011,"13080 Tamiami Trl E, Naples, FL, 34114",13080 Tamiami Trl E,Naples,FL,34114,,,ALDI,active,USA,1313786
11847,2026-07-17T18:14:35.558Z,477-010,"Aldi, Miami Lakes",25.922031,-80.292548,"16367 Nw 57th Ave, Miami Lakes, FL, 33014",16367 Nw 57th Ave,Miami Lakes,FL,33014,,,ALDI,active,USA,1314424
12080,2026-07-17T18:14:35.837Z,477-011,"Aldi, Okeechobee",27.240594,-80.830792,"330 South Parrott Avenue, Okeechobee, FL, 34974",330 South Parrott Avenue,Okeechobee,FL,34974,,,ALDI,active,USA,1313801
12267,2026-07-17T18:14:36.171Z,477-012,"Aldi, Plantation",26.144876,-80.311101,"12190 West Sunrise Blvd, Plantation, FL, 33323",12190 West Sunrise Blvd,Plantation,FL,33323,,,ALDI,active,USA,1312401
11597,2026-07-17T18:14:35.092Z,477-013,"Aldi, Lake Park",26.798319,-80.084307,"220 North Congress Avenue, Lake Park, FL, 33403",220 North Congress Avenue,Lake Park,FL,33403,,,ALDI,active,USA,1312497
11542,2026-07-17T18:14:35.092Z,477-014,"Aldi, Kendall",25.68273,-80.459684,"16500 Sw 88th St, Kendall, FL, 33196",16500 Sw 88th St,Kendall,FL,33196,,,ALDI,active,USA,1313852
11845,2026-07-17T18:14:35.558Z,477-015,"Aldi, Miami",25.760423,-80.39135,"12010 Sw 8th St, Miami, FL, 33184",12010 Sw 8th St,Miami,FL,33184,,,ALDI,active,USA,1313808
11159,2026-07-17T18:14:34.070Z,477-016,"Aldi, Fort Myers",26.61062,-81.81916,"4560 Colonial Blvd, Fort Myers, FL, 33966",4560 Colonial Blvd,Fort Myers,FL,33966,,,ALDI,active,USA,1314426
11162,2026-07-17T18:14:34.070Z,477-017,"Aldi, Fort Myers",26.494589,-81.934561,"10991 Saxum Dr, Fort Myers, FL, 33908",10991 Saxum Dr,Fort Myers,FL,33908,,,ALDI,active,USA,1312419
12167,2026-07-17T18:14:36.171Z,477-018,"Aldi, Palmetto Bay",25.63071,-80.339103,"15033 S Dixie Hwy, Palmetto Bay, FL, 33176",15033 S Dixie Hwy,Palmetto Bay,FL,33176,,,ALDI,active,USA,1313799
11606,2026-07-17T18:14:35.092Z,477-019,"Aldi, Lake Worth",26.5713,-80.117812,"4730 Hypoluxo Rd, Lake Worth, FL, 33463",4730 Hypoluxo Rd,Lake Worth,FL,33463,,,ALDI,active,USA,1312380
10558,2026-07-17T18:14:32.256Z,477-020,"Aldi, Boynton Beach",26.526886,-80.098337,"3452 W Boynton Beach Blvd, Boynton Beach, FL, 33436",3452 W Boynton Beach Blvd,Boynton Beach,FL,33436,,,ALDI,active,USA,1312005
10662,2026-07-17T18:14:32.256Z,477-022,"Aldi, Cape Coral",26.611386,-81.938757,"2301 Del Prado Blvd S 1030, Cape Coral, FL, 33990",2301 Del Prado Blvd S 1030,Cape Coral,FL,33990,,,ALDI,active,USA,1313810
11081,2026-07-17T18:14:33.514Z,477-023,"Aldi, Estero",26.451624,-81.819464,"19951 S Tamiami Trl, Estero, FL, 33928",19951 S Tamiami Trl,Estero,FL,33928,,,ALDI,active,USA,1312494
11961,2026-07-17T18:14:35.837Z,477-024,"Aldi, Naples",26.273922,-81.69187,"8660 Addison Place Dr, Naples, FL, 34119",8660 Addison Place Dr,Naples,FL,34119,,,ALDI,active,USA,1312342
10663,2026-07-17T18:14:32.256Z,477-025,"Aldi, Cape Coral",26.640129,-82.004616,"1481 Sw Pine Island Road, Cape Coral, FL, 33991",1481 Sw Pine Island Road,Cape Coral,FL,33991,,,ALDI,active,USA,1313850
11163,2026-07-17T18:14:34.070Z,477-026,"Aldi, Fort Myers",26.52831,-81.864703,"5591 Six Mile Commercial Ct, Fort Myers, FL, 33912",5591 Six Mile Commercial Ct,Fort Myers,FL,33912,,,ALDI,active,USA,1312428
12268,2026-07-17T18:14:36.171Z,477-027,"Aldi, Plantation",26.12016,-80.25868,"8210 W Broward Blvd, Plantation, FL, 33324",8210 W Broward Blvd,Plantation,FL,33324,,,ALDI,active,USA,1312367
10549,2026-07-17T18:14:32.256Z,477-028,"Aldi, Bonita Springs",26.329836,-81.803518,"8951 Bonita Beach Rd Se 350, Bonita Springs, FL, 34135",8951 Bonita Beach Rd Se 350,Bonita Springs,FL,34135,,,ALDI,active,USA,1314385
10660,2026-07-17T18:14:32.256Z,477-030,"Aldi, Cape Coral",26.60312,-81.97326,"2615 Santa Barbara Blvd, Cape Coral, FL, 33914",2615 Santa Barbara Blvd,Cape Coral,FL,33914,,,ALDI,active,USA,1312510
10664,2026-07-17T18:14:32.256Z,477-031,"Aldi, Cape Coral",26.72251,-81.91595,"3510 Del Prado Boulevard No, Cape Coral, FL, 33909",3510 Del Prado Boulevard No,Cape Coral,FL,33909,,,ALDI,active,USA,1691297
11605,2026-07-17T18:14:35.092Z,477-034,"Aldi, Lake Worth",26.61596,-80.18331,"8686 Lake Worth Rd Bldg D, Lake Worth, FL, 33467",8686 Lake Worth Rd Bldg D,Lake Worth,FL,33467,,,ALDI,active,USA,1312006
10541,2026-07-17T18:14:32.256Z,477-035,"Aldi, Boca Raton",26.39337,-80.07812,"4901 N Federal Highway, Boca Raton, FL, 33431",4901 N Federal Highway,Boca Raton,FL,33431,,,ALDI,active,USA,1312493
10542,2026-07-17T18:14:32.256Z,477-036,"Aldi, Boca Raton",26.351463,-80.204805,"21759 State Road 7, Boca Raton, FL, 33428",21759 State Road 7,Boca Raton,FL,33428,,,ALDI,active,USA,1311978
11164,2026-07-17T18:14:34.070Z,477-037,"Aldi, Fort Pierce",27.417761,-80.380748,"5535 Okeechobee Rd, Fort Pierce, FL, 34947",5535 Okeechobee Rd,Fort Pierce,FL,34947,,,ALDI,active,USA,1312509
11623,2026-07-17T18:14:35.092Z,477-040,"Aldi, Lantana",26.58844,-80.06423,"1233 W Lantana Road, Lantana, FL, 33462",1233 W Lantana Road,Lantana,FL,33462,,,ALDI,active,USA,1314394
10960,2026-07-17T18:14:33.514Z,477-041,"Aldi, Deerfield Beach",26.27567,-80.15509,"2301 W Sample Rd Building, Deerfield Beach, FL, 33073",2301 W Sample Rd Building,Deerfield Beach,FL,33073,,,ALDI,active,USA,1566387
11400,2026-07-17T18:14:34.665Z,477-043,"Aldi, Homestead",25.537027,-80.370893,"11300 Sw 248th St, Homestead, FL, 33032",11300 Sw 248th St,Homestead,FL,33032,,,ALDI,active,USA,1314421
10880,2026-07-17T18:14:32.770Z,477-045,"Aldi, Coral Springs",26.28578,-80.24878,"9184 Wiles Road, Coral Springs, FL, 33067",9184 Wiles Road,Coral Springs,FL,33067,,,ALDI,active,USA,1314404
10879,2026-07-17T18:14:32.770Z,477-046,"Aldi, Coral Springs",26.23954,-80.2533,"651 North University Drive, Coral Springs, FL, 33071",651 North University Drive,Coral Springs,FL,33071,,,ALDI,active,USA,1312375
11962,2026-07-17T18:14:35.837Z,477-048,"Aldi, Naples",26.28433,-81.59552,"13725 Immokalee Rd, Naples, FL, 34120",13725 Immokalee Rd,Naples,FL,34120,,,ALDI,active,USA,1313790
11520,2026-07-17T18:14:34.665Z,477-051,"Aldi, Jupiter",26.935839,-80.135999,"6707 W Indiantown Rd, Jupiter, FL, 33458",6707 W Indiantown Rd,Jupiter,FL,33458,,,ALDI,active,USA,1312363
11841,2026-07-17T18:14:35.558Z,477-053,"Aldi, Miami",25.874454,-80.17212,"1290 Ne 108th St, Miami, FL, 33161",1290 Ne 108th St,Miami,FL,33161,,,ALDI,active,USA,1312506
11840,2026-07-17T18:14:35.558Z,477-055,"Aldi, Miami",25.780412,-80.199343,"249 Nw 6th Street Unit Ste, Miami, FL, 33136",249 Nw 6th Street Unit Ste,Miami,FL,33136,,,ALDI,active,USA,1312517
12035,2026-07-17T18:14:35.837Z,477-056,"Aldi, North Miami Beach",25.929422,-80.185805,"735 Ne 167th Street, North Miami Beach, FL, 33162",735 Ne 167th Street,North Miami Beach,FL,33162,,,ALDI,active,USA,1314578
11886,2026-07-17T18:14:35.558Z,477-057,"Aldi, Miramar",25.97925,-80.31045,"12255 Miramar Parkway, Miramar, FL, 33025",12255 Miramar Parkway,Miramar,FL,33025,,,ALDI,active,USA,1312389
12170,2026-07-17T18:14:36.171Z,477-058,"Aldi, Palm Springs",26.62608,-80.09023,"3403 S Congress Ave, Palm Springs, FL, 33461",3403 S Congress Ave,Palm Springs,FL,33461,,,ALDI,active,USA,1313791
11281,2026-07-17T18:14:34.070Z,477-059,"Aldi, Greenacres",26.625734,-80.146842,"3401 S Jog Rd, Greenacres, FL, 33467",3401 S Jog Rd,Greenacres,FL,33467,,,ALDI,active,USA,1313864
11725,2026-07-17T18:14:35.092Z,477-060,"Aldi, Loxahatchee Groves",26.68377,-80.28948,"15439 Southern Blvd, Loxahatchee Groves, FL, 33470",15439 Southern Blvd,Loxahatchee Groves,FL,33470,,,ALDI,active,USA,1314413
11137,2026-07-17T18:14:34.070Z,477-061,"Aldi, Florida City",25.458702,-80.475806,"33290 S Dixie Highway, Florida City, FL, 33034",33290 S Dixie Highway,Florida City,FL,33034,,,ALDI,active,USA,1312519
12061,2026-07-17T18:14:35.837Z,477-062,"Aldi, Oakland Park",26.16734,-80.13369,"1033 E Oakland Park Blvd, Oakland Park, FL, 33334",1033 E Oakland Park Blvd,Oakland Park,FL,33334,,,ALDI,active,USA,1314391
11156,2026-07-17T18:14:34.070Z,477-063,"Aldi, Fort Lauderdale",26.136481,-80.145419,"100 W Sunrise Blvd, Fort Lauderdale, FL, 33311",100 W Sunrise Blvd,Fort Lauderdale,FL,33311,,,ALDI,active,USA,1312511
12277,2026-07-17T18:14:36.171Z,477-064,"Aldi, Pompano Beach",26.242288,-80.100949,"960 N Federal Highway, Pompano Beach, FL, 33062",960 N Federal Highway,Pompano Beach,FL,33062,,,ALDI,active,USA,1313804
11155,2026-07-17T18:14:34.070Z,477-065,"Aldi, Fort Lauderdale",26.189747,-80.123976,"1707 E Commercial Blvd, Fort Lauderdale, FL, 33334",1707 E Commercial Blvd,Fort Lauderdale,FL,33334,,,ALDI,active,USA,1312505
11398,2026-07-17T18:14:34.665Z,477-067,"Aldi, Hollywood",26.003022,-80.205641,"775 S State Road 7, Hollywood, FL, 33023",775 S State Road 7,Hollywood,FL,33023,,,ALDI,active,USA,1313812
10934,2026-07-17T18:14:33.514Z,477-068,"Aldi, Dania Beach",26.048769,-80.14934,"700 Stirling Road, Dania Beach, FL, 33004",700 Stirling Road,Dania Beach,FL,33004,,,ALDI,active,USA,1312364
11838,2026-07-17T18:14:35.558Z,477-069,"Aldi, Miami",25.68688,-80.402763,"12955 N Kendall Drive, Miami, FL, 33186",12955 N Kendall Drive,Miami,FL,33186,,,ALDI,active,USA,1312366
11844,2026-07-17T18:14:35.558Z,477-070,"Aldi, Miami",25.7715,-80.3227,"7797 W Flagler St, Miami, FL, 33144",7797 W Flagler St,Miami,FL,33144,,,ALDI,active,USA,1312488
11839,2026-07-17T18:14:35.558Z,477-071,"Aldi, Miami",25.73101,-80.25418,"3750 S Dixie Hwy, Miami, FL, 33133",3750 S Dixie Hwy,Miami,FL,33133,,,ALDI,active,USA,1312524
12032,2026-07-17T18:14:35.837Z,477-073,"Aldi, North Lauderdale",26.214169,-80.203621,"1180 S State Road 7, North Lauderdale, FL, 33068",1180 S State Road 7,North Lauderdale,FL,33068,,,ALDI,active,USA,1313796
12294,2026-07-17T18:14:36.171Z,477-074,"Aldi, Port Saint Lucie",27.253104,-80.429342,"10300 Sw Discovery Way, Port Saint Lucie, FL, 34987",10300 Sw Discovery Way,Port Saint Lucie,FL,34987,,,ALDI,active,USA,1314423
10970,2026-07-17T18:14:33.514Z,477-075,"Aldi, Delray Beach",26.454285,-80.165051,"7577 West Atlantic Ave Bldg, Delray Beach, FL, 33446",7577 West Atlantic Ave Bldg,Delray Beach,FL,33446,,,ALDI,active,USA,1314390
11165,2026-07-17T18:14:34.070Z,477-076,"Aldi, Fort Pierce",27.432502,-80.325387,"1412 S Us Hwy 1, Fort Pierce, FL, 34950",1412 S Us Hwy 1,Fort Pierce,FL,34950,,,ALDI,active,USA,1313795
12637,2026-07-17T18:14:36.877Z,477-077,"Aldi, Stuart",27.158296,-80.221345,"3937 Se Federal Highway, Stuart, FL, 34997",3937 Se Federal Highway,Stuart,FL,34997,,,ALDI,active,USA,1312415
12293,2026-07-17T18:14:36.171Z,477-078,"Aldi, Port Saint Lucie",27.317105,-80.37833,"770 Sw St Lucie West Blvd, Port Saint Lucie, FL, 34986",770 Sw St Lucie West Blvd,Port Saint Lucie,FL,34986,,,ALDI,active,USA,1313840
11505,2026-07-17T18:14:34.665Z,477-079,"Aldi, Jensen Beach",27.257521,-80.281363,"4300 Nw Federal Highway, Jensen Beach, FL, 34957",4300 Nw Federal Highway,Jensen Beach,FL,34957,,,ALDI,active,USA,1314403
12870,2026-07-17T18:14:37.179Z,477-080,"Aldi, West Palm Beach",26.707737,-80.089525,"2481 Okeechobee Blvd, West Palm Beach, FL, 33409",2481 Okeechobee Blvd,West Palm Beach,FL,33409,,,ALDI,active,USA,1313798
12295,2026-07-17T18:14:36.171Z,477-081,"Aldi, Port Saint Lucie",27.258339,-80.377498,"2850 Sw Brighton Street, Port Saint Lucie, FL, 34953",2850 Sw Brighton Street,Port Saint Lucie,FL,34953,,,ALDI,active,USA,1314408
12296,2026-07-17T18:14:36.171Z,477-082,"Aldi, Port Saint. Lucie",27.31332,-80.31233,"8560 S Us Hwy 1, Port Saint Lucie, FL, 34952",8560 S Us Hwy 1,Port Saint Lucie,FL,34952,,,ALDI,active,USA,1314418
11001,2026-07-17T18:14:33.514Z,477-083,"Aldi, Doral",25.826831,-80.368247,"5875 Nw 105th Ct Unit 100, Doral, FL, 33178",5875 Nw 105th Ct Unit 100,Doral,FL,33178,,,ALDI,active,USA,1312205
11375,2026-07-17T18:14:34.665Z,477-084,"Aldi, Hialeah",25.894629,-80.349831,"7800 W 33rd Ave Ste 2, Hialeah, FL, 33018",7800 W 33rd Ave Ste 2,Hialeah,FL,33018,,,ALDI,active,USA,1313806
10971,2026-07-17T18:14:33.514Z,477-085,"Aldi, Delray Beach",26.440508,-80.121178,"4801 Linton Blvd, Delray Beach, FL, 33445",4801 Linton Blvd,Delray Beach,FL,33445,,,ALDI,active,USA,1313844
12649,2026-07-17T18:14:36.877Z,477-086,"Aldi, Sunrise",26.167603,-80.258658,"8075 W Oakland Park, Sunrise, FL, 33351",8075 W Oakland Park,Sunrise,FL,33351,,,ALDI,active,USA,1314387
11635,2026-07-17T18:14:35.092Z,477-087,"Aldi, Lauderdale Lakes",26.166922,-80.204435,"3301 N State Road 7, Lauderdale Lakes, FL, 33319",3301 N State Road 7,Lauderdale Lakes,FL,33319,,,ALDI,active,USA,1313857
11843,2026-07-17T18:14:35.558Z,477-088,"Aldi, Miami",25.749221,-80.333882,"8621 Coral Way, Miami, FL, 33155",8621 Coral Way,Miami,FL,33155,,,ALDI,active,USA,1312490
11376,2026-07-17T18:14:34.665Z,477-089,"Aldi, Hialeah",25.865304,-80.312739,"1460 W 49th Street, Hialeah, FL, 33012",1460 W 49th Street,Hialeah,FL,33012,,,ALDI,active,USA,1314582
10959,2026-07-17T18:14:33.514Z,477-090,"Aldi, Deerfield Beach",26.31869,-80.155641,"3825 W Hillsboro Blvd, Deerfield Beach, FL, 33442",3825 W Hillsboro Blvd,Deerfield Beach,FL,33442,,,ALDI,active,USA,1312207
10961,2026-07-17T18:14:33.514Z,477-091,"Aldi, Deerfield Beach",26.307926,-80.093217,"747 S Federal Highway, Deerfield Beach, FL, 33441",747 S Federal Highway,Deerfield Beach,FL,33441,,,ALDI,active,USA,1312009
10878,2026-07-17T18:14:32.770Z,477-092,"Aldi, Coral Springs",26.27328,-80.204567,"6198 W Sample Rd, Coral Springs, FL, 33067",6198 W Sample Rd,Coral Springs,FL,33067,,,ALDI,active,USA,1314416
12662,2026-07-17T18:14:36.877Z,477-093,"Aldi, Tamarac",26.209196,-80.25146,"7050 N University Dr, Tamarac, FL, 33321",7050 N University Dr,Tamarac,FL,33321,,,ALDI,active,USA,1313800
12194,2026-07-17T18:14:36.171Z,477-094,"Aldi, Pembroke Pines",26.006438,-80.298841,"11330 Pines Blvd, Pembroke Pines, FL, 33026",11330 Pines Blvd,Pembroke Pines,FL,33026,,,ALDI,active,USA,1312195
12195,2026-07-17T18:14:36.171Z,477-095,"Aldi, Pembroke Pines",26.006046,-80.393304,"18430 Pines Blvd, Pembroke Pines, FL, 33029",18430 Pines Blvd,Pembroke Pines,FL,33029,,,ALDI,active,USA,1312371
11846,2026-07-17T18:14:35.558Z,477-096,"Aldi, Miami Gardens",25.948763,-80.246566,"19100 Nw 27th Ave, Miami Gardens, FL, 33056",19100 Nw 27th Ave,Miami Gardens,FL,33056,,,ALDI,active,USA,1313842
10919,2026-07-17T18:14:32.770Z,477-097,"Aldi, Cutler Bay",25.58514,-80.364469,"19650 S Dixie Highway, Cutler Bay, FL, 33157",19650 S Dixie Highway,Cutler Bay,FL,33157,,,ALDI,active,USA,1312392
11842,2026-07-17T18:14:35.558Z,477-098,"Aldi, Miami",25.656651,-80.416359,"13801 Sw 120th St, Miami, FL, 33186",13801 Sw 120th St,Miami,FL,33186,,,ALDI,active,USA,1314409
12042,2026-07-17T18:14:35.837Z,477-153,"Aldi, North Port",27.06859,-82.15707,"1455 Sun Market Pl, North Port, FL, 34288",1455 Sun Market Pl,North Port,FL,34288,,,ALDI,active,USA,1314405
12041,2026-07-17T18:14:35.837Z,477-155,"Aldi, North Port",27.033475,-82.207716,"6000 S Salford Blvd, North Port, FL, 34287",6000 S Salford Blvd,North Port,FL,34287,,,ALDI,active,USA,1312376
12286,2026-07-17T18:14:36.171Z,477-156,"Aldi, Port Charlotte",27.01135,-82.144549,"1391 Tamiami Trail, Port Charlotte, FL, 33948",1391 Tamiami Trail,Port Charlotte,FL,33948,,,ALDI,active,USA,1314376
10833,2026-07-17T18:14:32.770Z,477-157,"Aldi, Cocoa",28.393732,-80.755759,"2609 Clearlake Rd, Cocoa, FL, 32922",2609 Clearlake Rd,Cocoa,FL,32922,,,ALDI,active,USA,1312161
10557,2026-07-17T18:14:32.256Z,477-158,"Aldi, Boynton Beach",26.53287,-80.18623,"8855 Boynton Beach Blvd Sui, Boynton Beach, FL, 33472",8855 Boynton Beach Blvd Sui,Boynton Beach,FL,33472,,,ALDI,active,USA,1312418
12014,2026-07-17T18:14:35.837Z,477-159,"Aldi, Nokomis",27.140658,-82.460338,"1235 N Tamiami Trail, Nokomis, FL, 34275",1235 N Tamiami Trail,Nokomis,FL,34275,,,ALDI,active,USA,1311987
11814,2026-07-17T18:14:35.558Z,477-160,"Aldi, Melbourne",28.130103,-80.672888,"1400 N Wickham Rd, Melbourne, FL, 32935",1400 N Wickham Rd,Melbourne,FL,32935,,,ALDI,active,USA,1312515
12755,2026-07-17T18:14:37.179Z,477-161,"Aldi, Venice",27.074353,-82.423415,"1687 Us 41 Bypass S, Venice, FL, 34293",1687 Us 41 Bypass S,Venice,FL,34293,,,ALDI,active,USA,1312527
12161,2026-07-17T18:14:36.171Z,477-163,"Aldi, Palm Bay",28.033617,-80.648317,"820 Palm Bay Rd Ne 102, Palm Bay, FL, 32905",820 Palm Bay Rd Ne 102,Palm Bay,FL,32905,,,ALDI,active,USA,1311986
10950,2026-07-17T18:14:33.514Z,477-164,"Aldi, Daytona Beach",29.21967,-81.049721,"812 N Nova Rd, Daytona Beach, FL, 32117",812 N Nova Rd,Daytona Beach,FL,32117,,,ALDI,active,USA,1313794
11815,2026-07-17T18:14:35.558Z,477-165,"Aldi, Melbourne",28.2177011,-80.6760594,"6460 N Wickham Road, Melbourne, FL, 32940",6460 N Wickham Road,Melbourne,FL,32940,,,ALDI,active,USA,1312386
11832,2026-07-17T18:14:35.558Z,477-168,"Aldi, Merritt Island",28.358576,-80.685076,"780 E Merritt Is Cswy Ste 4, Merritt Island, FL, 32952",780 E Merritt Is Cswy Ste 4,Merritt Island,FL,32952,,,ALDI,active,USA,1314393
11816,2026-07-17T18:14:35.558Z,477-169,"Aldi, Melbourne",28.077373,-80.646908,"1539 W New Haven Ave, Melbourne, FL, 32904",1539 W New Haven Ave,Melbourne,FL,32904,,,ALDI,active,USA,1312417
10949,2026-07-17T18:14:33.514Z,477-170,"Aldi, Daytona Beach",29.17541,-81.03038,"1106 Beville Rd, Daytona Beach, FL, 32114",1106 Beville Rd,Daytona Beach,FL,32114,,,ALDI,active,USA,1313846
12114,2026-07-17T18:14:35.837Z,477-171,"Aldi, Orlando",28.566327,-81.163868,"14819 E Colonial Dr, Orlando, FL, 32826",14819 E Colonial Dr,Orlando,FL,32826,,,ALDI,active,USA,1313843
12004,2026-07-17T18:14:35.837Z,477-173,"Aldi, New Smyrna Beach",29.014171,-80.963207,"2335 State Road 44, New Smyrna Beach, FL, 32168",2335 State Road 44,New Smyrna Beach,FL,32168,,,ALDI,active,USA,1314427
11659,2026-07-17T18:14:35.092Z,477-174,"Aldi, Lehigh Acres",26.60292,-81.61255,"61 Bell Blvd N, Lehigh Acres, FL, 33936",61 Bell Blvd N,Lehigh Acres,FL,33936,,,ALDI,active,USA,1312012
10561,2026-07-17T18:14:32.256Z,477-175,"Aldi, Bradenton",27.446756,-82.503956,"4525 53rd Avenue East, Bradenton, FL, 34203",4525 53rd Avenue East,Bradenton,FL,34203,,,ALDI,active,USA,1312422
12698,2026-07-17T18:14:36.877Z,477-176,"Aldi, Titusville",28.556707,-80.847584,"4650 South St, Titusville, FL, 32780",4650 South St,Titusville,FL,32780,,,ALDI,active,USA,1312340
12131,2026-07-17T18:14:35.837Z,477-177,"Aldi, Ormond Beach",29.264896,-81.104192,"1260 W Granada Blvd, Ormond Beach, FL, 32174",1260 W Granada Blvd,Ormond Beach,FL,32174,,,ALDI,active,USA,1312378
12163,2026-07-17T18:14:36.171Z,477-178,"Aldi, Palm Coast",29.474743,-81.219578,"5095 E State Highway 100, Palm Coast, FL, 32164",5095 E State Highway 100,Palm Coast,FL,32164,,,ALDI,active,USA,1312379
11604,2026-07-17T18:14:35.092Z,477-179,"Aldi, Lakewood Ranch",27.386156,-82.398768,"7214 University Parkway, Lakewood Ranch, FL, 34240",7214 University Parkway,Lakewood Ranch,FL,34240,,,ALDI,active,USA,1312485
11160,2026-07-17T18:14:34.070Z,477-180,"Aldi, Fort Myers",26.6881,-81.8634,"5690 Bayshore Rd, Fort Myers, FL, 33917",5690 Bayshore Rd,Fort Myers,FL,33917,,,ALDI,active,USA,1313813
11042,2026-07-17T18:14:33.514Z,477-181,"Aldi, Edgewater",28.971859,-80.894787,"1825 S Ridgewood Ave, Edgewater, FL, 32141",1825 S Ridgewood Ave,Edgewater,FL,32141,,,ALDI,active,USA,1312377
12480,2026-07-17T18:14:36.487Z,477-185,"Aldi, Sarasota",27.300984,-82.528689,"3501 S Tamiami Trail, Sarasota, FL, 34239",3501 S Tamiami Trail,Sarasota,FL,34239,,,ALDI,active,USA,1312399
12398,2026-07-17T18:14:36.487Z,477-186,"Aldi, Rockledge",28.296561,-80.723638,"628 Barnes Blvd, Rockledge, FL, 32955",628 Barnes Blvd,Rockledge,FL,32955,,,ALDI,active,USA,1314377
10443,2026-07-17T18:14:31.811Z,477-191,"Aldi, Aventura",25.96526,-80.14291,"20417 Biscayne Boulevard, Aventura, FL, 33180",20417 Biscayne Boulevard,Aventura,FL,33180,,,ALDI,active,USA,1312001
12860,2026-07-17T18:14:37.179Z,477-213,"Aldi, Westlake",26.75439,-80.30713,"5062 Seminole Pratt Whitney, Westlake, FL, 33470",5062 Seminole Pratt Whitney,Westlake,FL,33470,,,ALDI,active,USA,1314383
12288,2026-07-17T18:14:36.171Z,477-226,"Aldi, Port Charlotte",26.98509,-82.0986,"3280 Tamiami Trail, Port Charlotte, FL, 33952",3280 Tamiami Trail,Port Charlotte,FL,33952,,,ALDI,active,USA,1313793
12756,2026-07-17T18:14:37.179Z,477-227,"Aldi, Venice",27.08059,-82.3871,"1254 Jacaranda Blvd, Venice, FL, 34292",1254 Jacaranda Blvd,Venice,FL,34292,,,ALDI,active,USA,1313792
11069,2026-07-17T18:14:33.514Z,477-243,"Aldi, Englewood",26.93276,-82.32793,"1951 S Mccall Rd Ste 300, Englewood, FL, 34223",1951 S Mccall Rd Ste 300,Englewood,FL,34223,,,ALDI,active,USA,1312010
11538,2026-07-17T18:14:35.092Z,478-001,"Aldi, Katy",29.74919,-95.75108,"2009 S Mason Road, Katy, TX, 77450",2009 S Mason Road,Katy,TX,77450,,,ALDI,active,USA,1313574
12578,2026-07-17T18:14:36.877Z,478-002,"Aldi, Spring",30.07039,-95.45136,"2302 Fm 2920, Spring, TX, 77388",2302 Fm 2920,Spring,TX,77388,,,ALDI,active,USA,1314257
10869,2026-07-17T18:14:32.770Z,478-003,"Aldi, Conroe",30.3301,-95.48785,"2045 North Loop 336 West, Conroe, TX, 77304",2045 North Loop 336 West,Conroe,TX,77304,,,ALDI,active,USA,1313637
12191,2026-07-17T18:14:36.171Z,478-004,"Aldi, Pearland",29.55538,-95.39826,"11510 Broadway, Pearland, TX, 77584",11510 Broadway,Pearland,TX,77584,,,ALDI,active,USA,1314527
11414,2026-07-17T18:14:34.665Z,478-005,"Aldi, Houston",29.91574,-95.48712,"13340 Tomball Pkwy, Houston, TX, 77086",13340 Tomball Pkwy,Houston,TX,77086,,,ALDI,active,USA,1314298
11888,2026-07-17T18:14:35.558Z,478-006,"Aldi, Missouri City",29.54165,-95.54827,"6016 Sienna Ranch Road, Missouri City, TX, 77459",6016 Sienna Ranch Road,Missouri City,TX,77459,,,ALDI,active,USA,1314519
11433,2026-07-17T18:14:34.665Z,478-007,"Aldi, Humble",29.9969,-95.1739,"6900 Fm 1960 E, Humble, TX, 77346",6900 Fm 1960 E,Humble,TX,77346,,,ALDI,active,USA,1314287
11423,2026-07-17T18:14:34.665Z,478-008,"Aldi, Houston",29.86167,-95.64567,"5855 Hwy 6 North, Houston, TX, 77084",5855 Hwy 6 North,Houston,TX,77084,,,ALDI,active,USA,1314254
11539,2026-07-17T18:14:35.092Z,478-009,"Aldi, Katy",29.85825,-95.71903,"5930 N Fry Road, Katy, TX, 77449",5930 N Fry Road,Katy,TX,77449,,,ALDI,active,USA,1313628
12642,2026-07-17T18:14:36.877Z,478-010,"Aldi, Sugar Land",29.66316,-95.6438,"10402 Hwy 6 South, Sugar Land, TX, 77498",10402 Hwy 6 South,Sugar Land,TX,77498,,,ALDI,active,USA,1314271
12183,2026-07-17T18:14:36.171Z,478-011,"Aldi, Pasadena",29.6501,-95.17936,"4140 Fairmont Parkway, Pasadena, TX, 77504",4140 Fairmont Parkway,Pasadena,TX,77504,,,ALDI,active,USA,1314263
10380,2026-07-17T18:14:31.811Z,478-012,"Aldi, Alvin",29.4018,-95.2411,"2373 Bypass 35 S, Alvin, TX, 77511",2373 Bypass 35 S,Alvin,TX,77511,,,ALDI,active,USA,1314280
11415,2026-07-17T18:14:34.665Z,478-013,"Aldi, Houston",29.909431,-95.584702,"9251 Jones Road, Houston, TX, 77065",9251 Jones Road,Houston,TX,77065,,,ALDI,active,USA,1314281
11432,2026-07-17T18:14:34.665Z,478-014,"Aldi, Humble",30.0052,-95.2914,"8755 Fm 1960 Bypass W, Humble, TX, 77338",8755 Fm 1960 Bypass W,Humble,TX,77338,,,ALDI,active,USA,1314266
12840,2026-07-17T18:14:37.179Z,478-015,"Aldi, Webster",29.52337,-95.1605,"3100 Fm 528 B, Webster, TX, 77598",3100 Fm 528 B,Webster,TX,77598,,,ALDI,active,USA,1314252
11541,2026-07-17T18:14:35.092Z,478-016,"Aldi, Kemah",29.53713,-95.02093,"222 Fm 518, Kemah, TX, 77565",222 Fm 518,Kemah,TX,77565,,,ALDI,active,USA,1313622
11420,2026-07-17T18:14:34.665Z,478-017,"Aldi, Houston",29.99359,-95.48596,"3715 Fm 1960 West, Houston, TX, 77068",3715 Fm 1960 West,Houston,TX,77068,,,ALDI,active,USA,1313606
11413,2026-07-17T18:14:34.665Z,478-018,"Aldi, Houston",29.702,-95.3637,"3618 Old Spanish Trl, Houston, TX, 77021",3618 Old Spanish Trl,Houston,TX,77021,,,ALDI,active,USA,1314525
12415,2026-07-17T18:14:36.487Z,478-019,"Aldi, Rosenberg",29.543976,-95.7594,"6450 Reading Rd, Rosenberg, TX, 77471",6450 Reading Rd,Rosenberg,TX,77471,,,ALDI,active,USA,1313587
12368,2026-07-17T18:14:36.487Z,478-020,"Aldi, Richmond",29.6627,-95.745,"7945 W Grand Pkwy S, Richmond, TX, 77407",7945 W Grand Pkwy S,Richmond,TX,77407,,,ALDI,active,USA,1314309
12685,2026-07-17T18:14:36.877Z,478-021,"Aldi, Texas City",29.396346,-94.948311,"3442 Palmer Hwy, Texas City, TX, 77590",3442 Palmer Hwy,Texas City,TX,77590,,,ALDI,active,USA,1314255
12579,2026-07-17T18:14:36.877Z,478-022,"Aldi, Spring",30.123057,-95.405147,"2412 Rayford Rd, Spring, TX, 77386",2412 Rayford Rd,Spring,TX,77386,,,ALDI,active,USA,1313580
11553,2026-07-17T18:14:35.092Z,478-025,"Aldi, Killeen",31.086587,-97.786644,"3501 W Stan Schlueter Loop, Killeen, TX, 76549",3501 W Stan Schlueter Loop,Killeen,TX,76549,,,ALDI,active,USA,1313616
11204,2026-07-17T18:14:34.070Z,478-030,"Aldi, Fulshear",29.707,-95.8473,"5840 Fm 1463 Rd, Fulshear, TX, 77494",5840 Fm 1463 Rd,Fulshear,TX,77494,,,ALDI,active,USA,1313571
11438,2026-07-17T18:14:34.665Z,478-031,"Aldi, Huntsville",30.716493,-95.571212,"111 Interstate 45 S Ste M, Huntsville, TX, 77340",111 Interstate 45 S Ste M,Huntsville,TX,77340,,,ALDI,active,USA,1314296
11411,2026-07-17T18:14:34.665Z,478-032,"Aldi, Houston",29.7361,-95.5337,"9525 Westheimer, Houston, TX, 77063",9525 Westheimer,Houston,TX,77063,,,ALDI,active,USA,1313573
12190,2026-07-17T18:14:36.171Z,478-034,"Aldi, Pearland",29.5605,-95.2768,"3412 Broadway St, Pearland, TX, 77581",3412 Broadway St,Pearland,TX,77581,,,ALDI,active,USA,1314292
12702,2026-07-17T18:14:36.877Z,478-035,"Aldi, Tomball",30.131,-95.5541,"8615 Hufsmith Rd, Tomball, TX, 77375",8615 Hufsmith Rd,Tomball,TX,77375,,,ALDI,active,USA,1314284
11804,2026-07-17T18:14:35.558Z,478-036,"Aldi, Meadows Place",29.6477,-95.5825,"11709 W Airport Blvd, Meadows Place, TX, 77477",11709 W Airport Blvd,Meadows Place,TX,77477,,,ALDI,active,USA,1313569
11752,2026-07-17T18:14:35.558Z,478-037,"Aldi, Magnolia",30.2235,-95.5623,"6210 Fm 1488, Magnolia, TX, 77354",6210 Fm 1488,Magnolia,TX,77354,,,ALDI,active,USA,1312143
11589,2026-07-17T18:14:35.092Z,478-038,"Aldi, Lake Jackson",29.0403,-95.4549,"206 Hwy 332 E, Lake Jackson, TX, 77566",206 Hwy 332 E,Lake Jackson,TX,77566,,,ALDI,active,USA,1314533
11242,2026-07-17T18:14:34.070Z,478-039,"Aldi, Georgetown",30.63243,-97.687881,"926 W University Ave, Georgetown, TX, 78626",926 W University Ave,Georgetown,TX,78626,,,ALDI,active,USA,1314522
10909,2026-07-17T18:14:32.770Z,478-052,"Aldi, Crosby",29.8957,-95.0626,"14130 Fm 2100 Rd, Crosby, TX, 77532",14130 Fm 2100 Rd,Crosby,TX,77532,,,ALDI,active,USA,1314268
11416,2026-07-17T18:14:34.665Z,478-053,"Aldi, Houston",29.7177,-95.6432,"3601 Hwy 6 South, Houston, TX, 77082",3601 Hwy 6 South,Houston,TX,77082,,,ALDI,active,USA,1313588
11560,2026-07-17T18:14:35.092Z,478-055,"Aldi, Kingwood",30.05034,-95.234962,"1387 Kingwood Dr, Kingwood, TX, 77339",1387 Kingwood Dr,Kingwood,TX,77339,,,ALDI,active,USA,1313629
11410,2026-07-17T18:14:34.665Z,478-056,"Aldi, Houston",29.81815,-95.544762,"2550 Gessner Rd, Houston, TX, 77080",2550 Gessner Rd,Houston,TX,77080,,,ALDI,active,USA,1313609
12761,2026-07-17T18:14:37.179Z,478-058,"Aldi, Victoria",28.8448,-96.9985,"5312 North Navarro Street, Victoria, TX, 77904",5312 North Navarro Street,Victoria,TX,77904,,,ALDI,active,USA,1314532
11417,2026-07-17T18:14:34.665Z,478-059,"Aldi, Houston",30.0012,-95.5601,"9870 Louetta Rd, Houston, TX, 77070",9870 Louetta Rd,Houston,TX,77070,,,ALDI,active,USA,1313624
10920,2026-07-17T18:14:32.770Z,478-060,"Aldi, Cypress",29.90471,-95.68487,"8650 Barker Cypress Rd, Cypress, TX, 77433",8650 Barker Cypress Rd,Cypress,TX,77433,,,ALDI,active,USA,1314526
11419,2026-07-17T18:14:34.665Z,478-062,"Aldi, Houston",29.6898,-95.5028,"6751 Bissonnet St, Houston, TX, 77074",6751 Bissonnet St,Houston,TX,77074,,,ALDI,active,USA,1314293
12577,2026-07-17T18:14:36.877Z,478-063,"Aldi, Spring",30.0775,-95.5305,"6912 Fm 2920 Rd, Spring, TX, 77379",6912 Fm 2920 Rd,Spring,TX,77379,,,ALDI,active,USA,1314265
11628,2026-07-17T18:14:35.092Z,478-064,"Aldi, La Porte",29.6637,-95.0973,"9002 Spencer Highway, La Porte, TX, 77571",9002 Spencer Highway,La Porte,TX,77571,,,ALDI,active,USA,1314285
11421,2026-07-17T18:14:34.665Z,478-066,"Aldi, Houston",29.556737,-95.120801,"16701 El Camino Real 101, Houston, TX, 77062",16701 El Camino Real 101,Houston,TX,77062,,,ALDI,active,USA,1313607
10479,2026-07-17T18:14:31.811Z,478-068,"Aldi, Baytown",29.7851,-94.9791,"5521 Garth Road, Baytown, TX, 77521",5521 Garth Road,Baytown,TX,77521,,,ALDI,active,USA,1313626
11412,2026-07-17T18:14:34.665Z,478-073,"Aldi, Houston",29.9143,-95.4094,"161 West Road, Houston, TX, 77037",161 West Road,Houston,TX,77037,,,ALDI,active,USA,1314312
12680,2026-07-17T18:14:36.877Z,478-076,"Aldi, Temple",31.06827,-97.37092,"3310 S 31st Street, Temple, TX, 76502",3310 S 31st Street,Temple,TX,76502,,,ALDI,active,USA,1313623
11418,2026-07-17T18:14:34.665Z,478-077,"Aldi, Houston",29.8233,-95.4106,"3938 N Shepherd Dr, Houston, TX, 77018",3938 N Shepherd Dr,Houston,TX,77018,,,ALDI,active,USA,1313582
10609,2026-07-17T18:14:32.256Z,478-078,"Aldi, Bryan",30.6533,-96.337,"1760 Briarcrest Dr, Bryan, TX, 77802",1760 Briarcrest Dr,Bryan,TX,77802,,,ALDI,active,USA,1312144
11552,2026-07-17T18:14:35.092Z,478-088,"Aldi, Killeen",31.0878,-97.7196,"2500 E Central Tx Expy E, Killeen, TX, 76543",2500 E Central Tx Expy E,Killeen,TX,76543,,,ALDI,active,USA,1314256
11422,2026-07-17T18:14:34.665Z,478-095,"Aldi, Houston",29.6275,-95.2375,"10064 Almeda Genoa Rd, Houston, TX, 77075",10064 Almeda Genoa Rd,Houston,TX,77075,,,ALDI,active,USA,1314264
12213,2026-07-17T18:14:36.171Z,478-097,"Aldi, Pflugerville",30.450164,-97.604758,"1415 Fm 685 Rd, Pflugerville, TX, 78660",1415 Fm 685 Rd,Pflugerville,TX,78660,,,ALDI,active,USA,1313617
12953,2026-07-17T18:14:37.357Z,479-001,"Aldi, Yucaipa",34.034756,-117.061889,"34000 Yucaipa Blvd, Yucaipa, CA, 92399",34000 Yucaipa Blvd,Yucaipa,CA,92399,,,ALDI,active,USA,1312288
10895,2026-07-17T18:14:32.770Z,479-002,"Aldi, Covina",34.104883,-117.907298,"1400 N Azusa Ave, Covina, CA, 91722",1400 N Azusa Ave,Covina,CA,91722,,,ALDI,active,USA,1313831
10620,2026-07-17T18:14:32.256Z,479-004,"Aldi, Burbank",34.18058,-118.319851,"687 N Victory Blvd, Burbank, CA, 91502",687 N Victory Blvd,Burbank,CA,91502,,,ALDI,active,USA,1312312
11583,2026-07-17T18:14:35.092Z,479-005,"Aldi, La Habra",33.917893,-117.934671,"1001 E Imperial Hwy, La Habra, CA, 90631",1001 E Imperial Hwy,La Habra,CA,90631,,,ALDI,active,USA,1312319
12373,2026-07-17T18:14:36.487Z,479-006,"Aldi, Riverside",33.910493,-117.461808,"3750 Tyler St, Riverside, CA, 92503",3750 Tyler St,Riverside,CA,92503,,,ALDI,active,USA,1313759
12709,2026-07-17T18:14:36.877Z,479-007,"Aldi, Torrance",33.802029,-118.328339,"24610 Crenshaw Blvd, Torrance, CA, 90509",24610 Crenshaw Blvd,Torrance,CA,90509,,,ALDI,active,USA,1313758
11466,2026-07-17T18:14:34.665Z,479-009,"Aldi, Inglewood",33.944351,-118.329419,"3330 W Century Blvd, Inglewood, CA, 90303",3330 W Century Blvd,Inglewood,CA,90303,,,ALDI,active,USA,1313829
10865,2026-07-17T18:14:32.770Z,479-010,"Aldi, Compton",33.879761,-118.220588,"203 Towne Center Dr, Compton, CA, 90220",203 Towne Center Dr,Compton,CA,90220,,,ALDI,active,USA,1313757
10828,2026-07-17T18:14:32.770Z,479-011,"Aldi, Clovis",36.838024,-119.686158,"1725 Herndon Ave, Clovis, CA, 93611",1725 Herndon Ave,Clovis,CA,93611,,,ALDI,active,USA,1314576
11145,2026-07-17T18:14:34.070Z,479-012,"Aldi, Fontana",34.07305,-117.4368,"9954 Sierra Avenue Ste 100, Fontana, CA, 92335",9954 Sierra Avenue Ste 100,Fontana,CA,92335,,,ALDI,active,USA,1312274
11642,2026-07-17T18:14:35.092Z,479-013,"Aldi, La Verne",34.111087,-117.762792,"2268 Foothill Blvd, La Verne, CA, 91750",2268 Foothill Blvd,La Verne,CA,91750,,,ALDI,active,USA,1312152
12152,2026-07-17T18:14:36.171Z,479-014,"Aldi, Oxnard",34.217745,-119.159691,"1710 E Gonzales Rd, Oxnard, CA, 93036",1710 E Gonzales Rd,Oxnard,CA,93036,,,ALDI,active,USA,1313768
12954,2026-07-17T18:14:37.357Z,479-015,"Aldi, Yucca Valley",34.12548,-116.40566,"57691 Twentynine Palms Hwy, Yucca Valley, CA, 92284",57691 Twentynine Palms Hwy,Yucca Valley,CA,92284,,,ALDI,active,USA,1312303
11885,2026-07-17T18:14:35.558Z,479-016,"Aldi, Mira Loma",33.9733,-117.546,"6365 Pats Ranch Rd, Mira Loma, CA, 91752",6365 Pats Ranch Rd,Mira Loma,CA,91752,,,ALDI,active,USA,1312291
12564,2026-07-17T18:14:36.877Z,479-018,"Aldi, South Gate",33.947926,-118.163878,"5830 Firestone Blvd, South Gate, CA, 90280",5830 Firestone Blvd,South Gate,CA,90280,,,ALDI,active,USA,1313752
11006,2026-07-17T18:14:33.514Z,479-019,"Aldi, Downey",33.934814,-118.12514,"11215 Lakewood Blvd, Downey, CA, 90241",11215 Lakewood Blvd,Downey,CA,90241,,,ALDI,active,USA,1312279
12234,2026-07-17T18:14:36.171Z,479-020,"Aldi, Pico Rivera",33.982294,-118.098742,"8950 Washington Blvd, Pico Rivera, CA, 90660",8950 Washington Blvd,Pico Rivera,CA,90660,,,ALDI,active,USA,1313754
12462,2026-07-17T18:14:36.487Z,479-021,"Aldi, San Diego",32.906076,-117.172843,"6755 Mira Mesa Blvd Ste 130, San Diego, CA, 92121",6755 Mira Mesa Blvd Ste 130,San Diego,CA,92121,,,ALDI,active,USA,1312307
11223,2026-07-17T18:14:34.070Z,479-022,"Aldi, Gardena",33.8895418,-118.3036821,"1550 W Redondo Beach Blvd, Gardena, CA, 90247",1550 W Redondo Beach Blvd,Gardena,CA,90247,,,ALDI,active,USA,1312293
10703,2026-07-17T18:14:32.256Z,479-024,"Aldi, Cerritos",33.8576,-118.087656,"11530 South St, Cerritos, CA, 90703",11530 South St,Cerritos,CA,90703,,,ALDI,active,USA,1313763
12867,2026-07-17T18:14:37.179Z,479-027,"Aldi, Westminster",33.760332,-118.006696,"13900 Goldenwest St, Westminster, CA, 92683",13900 Goldenwest St,Westminster,CA,92683,,,ALDI,active,USA,1313767
10387,2026-07-17T18:14:31.811Z,479-028,"Aldi, Anaheim",33.829266,-117.94303,"275 S Euclid St, Anaheim, CA, 92802",275 S Euclid St,Anaheim,CA,92802,,,ALDI,active,USA,1312320
11582,2026-07-17T18:14:35.092Z,479-029,"Aldi, Laguna Woods",33.609773,-117.723293,"24270 El Toro Rd, Laguna Woods, CA, 92637",24270 El Toro Rd,Laguna Woods,CA,92637,,,ALDI,active,USA,1312313
11586,2026-07-17T18:14:35.092Z,479-030,"Aldi, Lake Forest",33.62316,-117.6969,"23330 El Toro Rd, Lake Forest, CA, 92630",23330 El Toro Rd,Lake Forest,CA,92630,,,ALDI,active,USA,1312287
11225,2026-07-17T18:14:34.070Z,479-032,"Aldi, Garden Grove",33.790066,-117.960114,"9901 Chapman Ave, Garden Grove, CA, 92841",9901 Chapman Ave,Garden Grove,CA,92841,,,ALDI,active,USA,1313748
11184,2026-07-17T18:14:34.070Z,479-033,"Aldi, Fountain Valley",33.714804,-117.97028,"17070 Magnolia St, Fountain Valley, CA, 92708",17070 Magnolia St,Fountain Valley,CA,92708,,,ALDI,active,USA,1314370
12474,2026-07-17T18:14:36.487Z,479-034,"Aldi, Santa Ana",33.708829,-117.886817,"2830 S Bristol St, Santa Ana, CA, 92704",2830 S Bristol St,Santa Ana,CA,92704,,,ALDI,active,USA,1313753
12478,2026-07-17T18:14:36.487Z,479-037,"Aldi, Santa Maria",34.925453,-120.426802,"425 E Betteravia Rd, Santa Maria, CA, 93454",425 E Betteravia Rd,Santa Maria,CA,93454,,,ALDI,active,USA,1312272
12775,2026-07-17T18:14:37.179Z,479-038,"Aldi, Visalia",36.2908,-119.3115,"4320 S Mooney Blvd, Visalia, CA, 93277",4320 S Mooney Blvd,Visalia,CA,93277,,,ALDI,active,USA,1312308
11200,2026-07-17T18:14:34.070Z,479-039,"Aldi, Fresno",36.80861,-119.82794,"2072 W Shaw Ave, Fresno, CA, 93711",2072 W Shaw Ave,Fresno,CA,93711,,,ALDI,active,USA,1312290
12348,2026-07-17T18:14:36.487Z,479-040,"Aldi, Redlands",34.075923,-117.202738,"27641 Sanbernardino Ave 110, Redlands, CA, 92374",27641 Sanbernardino Ave 110,Redlands,CA,92374,,,ALDI,active,USA,1314573
12677,2026-07-17T18:14:36.877Z,479-042,"Aldi, Temecula",33.48145,-117.097344,"32130 Temecula Pkwy Ste 100, Temecula, CA, 92592",32130 Temecula Pkwy Ste 100,Temecula,CA,92592,,,ALDI,active,USA,1312277
12358,2026-07-17T18:14:36.487Z,479-044,"Aldi, Rialto",34.107273,-117.382592,"630 W Foothill Blvd, Rialto, CA, 92376",630 W Foothill Blvd,Rialto,CA,92376,,,ALDI,active,USA,1313832
12461,2026-07-17T18:14:36.487Z,479-045,"Aldi, San Bernardino",34.064855,-117.272675,"625 E Hospitality Ln, San Bernardino, CA, 92408",625 E Hospitality Ln,San Bernardino,CA,92408,,,ALDI,active,USA,1313830
12540,2026-07-17T18:14:36.877Z,479-046,"Aldi, Simi Valley",34.281868,-118.78927,"425a Cochran St, Simi Valley, CA, 93065",425a Cochran St,Simi Valley,CA,93065,,,ALDI,active,USA,1313751
11713,2026-07-17T18:14:35.092Z,479-047,"Aldi, Long Beach",33.842365,-118.183489,"4580 Atlantic Ave, Long Beach, CA, 90807",4580 Atlantic Ave,Long Beach,CA,90807,,,ALDI,active,USA,1313747
12858,2026-07-17T18:14:37.179Z,479-048,"Aldi, West Hills",34.187148,-118.622595,"22741 Victory Blvd, West Hills, CA, 91307",22741 Victory Blvd,West Hills,CA,91307,,,ALDI,active,USA,1312294
11629,2026-07-17T18:14:35.092Z,479-049,"Aldi, La Puente",34.048078,-117.947529,"1545 N Hacienda Blvd, La Puente, CA, 91744",1545 N Hacienda Blvd,La Puente,CA,91744,,,ALDI,active,USA,1313770
10612,2026-07-17T18:14:32.256Z,479-050,"Aldi, Buena Park",33.848672,-117.988061,"8351 La Palma Ave, Buena Park, CA, 90620",8351 La Palma Ave,Buena Park,CA,90620,,,ALDI,active,USA,1312281
12071,2026-07-17T18:14:35.837Z,479-052,"Aldi, Oceanside",33.207965,-117.281751,"4251 Oceanside Blvd, Oceanside, CA, 92056",4251 Oceanside Blvd,Oceanside,CA,92056,,,ALDI,active,USA,1314367
11379,2026-07-17T18:14:34.665Z,479-055,"Aldi, Highland",34.137457,-117.198539,"4020 Highland Ave, Highland, CA, 92346",4020 Highland Ave,Highland,CA,92346,,,ALDI,active,USA,1313762
12539,2026-07-17T18:14:36.877Z,479-056,"Aldi, Simi Valley",34.280205,-118.718662,"3963 Cochran St Ste A, Simi Valley, CA, 93063",3963 Cochran St Ste A,Simi Valley,CA,93063,,,ALDI,active,USA,1314577
12045,2026-07-17T18:14:35.837Z,479-057,"Aldi, Northridge",34.234283,-118.556267,"19350 Nordhoff Way Unit F, Northridge, CA, 91324",19350 Nordhoff Way Unit F,Northridge,CA,91324,,,ALDI,active,USA,1313750
11049,2026-07-17T18:14:33.514Z,479-058,"Aldi, El Cajon",32.80716,-116.9633,"123 Fletcher Parkway, El Cajon, CA, 92020",123 Fletcher Parkway,El Cajon,CA,92020,,,ALDI,active,USA,1312300
12465,2026-07-17T18:14:36.487Z,479-059,"Aldi, San Diego",32.804557,-117.007784,"8788 Navajo Rd, San Diego, CA, 92119",8788 Navajo Rd,San Diego,CA,92119,,,ALDI,active,USA,1314369
12473,2026-07-17T18:14:36.487Z,479-060,"Aldi, San Marcos",33.131408,-117.205568,"671 S Rancho Santa Fe Road, San Marcos, CA, 92078",671 S Rancho Santa Fe Road,San Marcos,CA,92078,,,ALDI,active,USA,1312286
11146,2026-07-17T18:14:34.070Z,479-061,"Aldi, Fontana",34.149811,-117.475416,"15080 Summit Ave, Fontana, CA, 92336",15080 Summit Ave,Fontana,CA,92336,,,ALDI,active,USA,1313773
11825,2026-07-17T18:14:35.558Z,479-062,"Aldi, Menifee",33.682877,-117.176843,"30163 Haun Rd, Menifee, CA, 92584",30163 Haun Rd,Menifee,CA,92584,,,ALDI,active,USA,1312315
12776,2026-07-17T18:14:37.179Z,479-063,"Aldi, Vista",33.172864,-117.215199,"1750 University Dr, Vista, CA, 92083",1750 University Dr,Vista,CA,92083,,,ALDI,active,USA,1313766
12678,2026-07-17T18:14:36.877Z,479-064,"Aldi, Temecula",33.506299,-117.1425482,"29655 Rancho California Rd, Temecula, CA, 92591",29655 Rancho California Rd,Temecula,CA,92591,,,ALDI,active,USA,1312298
11521,2026-07-17T18:14:34.665Z,479-065,"Aldi, Jurupa Valley",34.0135,-117.4599,"8089 Mission Blvd, Jurupa Valley, CA, 92509",8089 Mission Blvd,Jurupa Valley,CA,92509,,,ALDI,active,USA,1312295
11914,2026-07-17T18:14:35.558Z,479-067,"Aldi, Moreno Valley",33.8874,-117.2274,"24865 Iris Ave, Moreno Valley, CA, 92551",24865 Iris Ave,Moreno Valley,CA,92551,,,ALDI,active,USA,1312283
11630,2026-07-17T18:14:35.092Z,479-068,"Aldi, La Quinta",33.712466,-116.293367,"78601 Highway 111, La Quinta, CA, 92253",78601 Highway 111,La Quinta,CA,92253,,,ALDI,active,USA,1313775
12165,2026-07-17T18:14:36.171Z,479-069,"Aldi, Palm Desert",33.725124,-116.401681,"72543 Hwy 111 Ste B, Palm Desert, CA, 92260",72543 Hwy 111 Ste B,Palm Desert,CA,92260,,,ALDI,active,USA,1313761
12169,2026-07-17T18:14:36.171Z,479-070,"Aldi, Palm Springs",33.818763,-116.492912,"5200 E Ramon Rd Ste B5, Palm Springs, CA, 92264",5200 E Ramon Rd Ste B5,Palm Springs,CA,92264,,,ALDI,active,USA,1314368
10495,2026-07-17T18:14:31.811Z,479-071,"Aldi, Bellflower",33.887866,-118.126295,"16123 Bellflower Blvd, Bellflower, CA, 90706",16123 Bellflower Blvd,Bellflower,CA,90706,,,ALDI,active,USA,1312153
11079,2026-07-17T18:14:33.514Z,479-072,"Aldi, Escondido",33.132859,-117.064703,"1330 E Valley Parkway M, Escondido, CA, 92027",1330 E Valley Parkway M,Escondido,CA,92027,,,ALDI,active,USA,1312302
11078,2026-07-17T18:14:33.514Z,479-073,"Aldi, Escondido",33.112869,-117.10395,"1352b W Valley Pkwy, Escondido, CA, 92029",1352b W Valley Pkwy,Escondido,CA,92029,,,ALDI,active,USA,1312306
12207,2026-07-17T18:14:36.171Z,479-074,"Aldi, Perris",33.808737,-117.228269,"80 Citrus Ave, Perris, CA, 92571",80 Citrus Ave,Perris,CA,92571,,,ALDI,active,USA,1312285
10637,2026-07-17T18:14:32.256Z,479-075,"Aldi, Calexico",32.695078,-115.496041,"2450 Rockwood Ave, Calexico, CA, 92231",2450 Rockwood Ave,Calexico,CA,92231,,,ALDI,active,USA,1312154
11714,2026-07-17T18:14:35.092Z,479-076,"Aldi, Long Beach",33.78277752,-118.1809026,"955 E Anaheim St, Long Beach, CA, 90813",955 E Anaheim St,Long Beach,CA,90813,,,ALDI,active,USA,1312280
11915,2026-07-17T18:14:35.558Z,479-077,"Aldi, Moreno Valley",33.936734,-117.276131,"12630 Day St, Moreno Valley, CA, 92553",12630 Day St,Moreno Valley,CA,92553,,,ALDI,active,USA,1312309
11585,2026-07-17T18:14:35.092Z,479-078,"Aldi, Lake Elsinore",33.691995,-117.339307,"18294 Collier Ave, Lake Elsinore, CA, 92530",18294 Collier Ave,Lake Elsinore,CA,92530,,,ALDI,active,USA,1312284
12789,2026-07-17T18:14:37.179Z,479-079,"Aldi, Walnut",34.027456,-117.837483,"21555 Valley Blvd, Walnut, CA, 91789",21555 Valley Blvd,Walnut,CA,91789,,,ALDI,active,USA,1313744
12472,2026-07-17T18:14:36.487Z,479-080,"Aldi, San Jacinto",33.769867,-116.958018,"1667 S San Jacinto Ave, San Jacinto, CA, 92583",1667 S San Jacinto Ave,San Jacinto,CA,92583,,,ALDI,active,USA,1313774
11050,2026-07-17T18:14:33.514Z,479-081,"Aldi, El Centro",32.814292,-115.571178,"2260 N Imperial Ave, El Centro, CA, 92243",2260 N Imperial Ave,El Centro,CA,92243,,,ALDI,active,USA,1313765
12464,2026-07-17T18:14:36.487Z,479-083,"Aldi, San Diego",32.91744,-117.1246,"9340 Mira Mesa Blvd, San Diego, CA, 92126",9340 Mira Mesa Blvd,San Diego,CA,92126,,,ALDI,active,USA,1312305
12164,2026-07-17T18:14:36.171Z,479-085,"Aldi, Palmdale",34.600732,-118.145193,"740 W Rancho Vista Blvd, Palmdale, CA, 93551",740 W Rancho Vista Blvd,Palmdale,CA,93551,,,ALDI,active,USA,1312296
12173,2026-07-17T18:14:36.171Z,479-087,"Aldi, Panorama City",34.220972,-118.451433,"14626 Roscoe Blvd, Panorama City, CA, 91402",14626 Roscoe Blvd,Panorama City,CA,91402,,,ALDI,active,USA,1312156
11946,2026-07-17T18:14:35.837Z,479-088,"Aldi, Murrieta",33.552304,-117.141026,"39025 Date St, Murrieta, CA, 92563",39025 Date St,Murrieta,CA,92563,,,ALDI,active,USA,1312282
10888,2026-07-17T18:14:32.770Z,479-089,"Aldi, Corona",33.890472,-117.562822,"705 N Main St, Corona, CA, 92878",705 N Main St,Corona,CA,92878,,,ALDI,active,USA,1314575
10481,2026-07-17T18:14:31.811Z,479-090,"Aldi, Beaumont",33.925508,-116.949396,"1638 E Second St, Beaumont, CA, 92223",1638 E Second St,Beaumont,CA,92223,,,ALDI,active,USA,1312311
10450,2026-07-17T18:14:31.811Z,479-091,"Aldi, Bakersfield",35.355677,-119.059135,"5190 Stockdale Hwy, Bakersfield, CA, 93309",5190 Stockdale Hwy,Bakersfield,CA,93309,,,ALDI,active,USA,1313764
10449,2026-07-17T18:14:31.811Z,479-092,"Aldi, Bakersfield",35.296874,-119.026166,"2120 Panama Ln, Bakersfield, CA, 93307",2120 Panama Ln,Bakersfield,CA,93307,,,ALDI,active,USA,1313771
11374,2026-07-17T18:14:34.665Z,479-093,"Aldi, Hesperia",34.427908,-117.372004,"13360 Main St, Hesperia, CA, 92345",13360 Main St,Hesperia,CA,92345,,,ALDI,active,USA,1312304
10785,2026-07-17T18:14:32.770Z,479-094,"Aldi, Chula Vista",32.65102,-117.089637,"40 N 4th Avenue Ste 110, Chula Vista, CA, 91910",40 N 4th Avenue Ste 110,Chula Vista,CA,91910,,,ALDI,active,USA,1312273
12335,2026-07-17T18:14:36.487Z,479-095,"Aldi, Ramona",33.03844,-116.87938,"215 16th St, Ramona, CA, 92065",215 16th St,Ramona,CA,92065,,,ALDI,active,USA,1312310
10786,2026-07-17T18:14:32.770Z,479-096,"Aldi, Chula Vista",32.593461,-117.035181,"1850 Main Ct, Chula Vista, CA, 91911",1850 Main Ct,Chula Vista,CA,91911,,,ALDI,active,USA,1314366
11373,2026-07-17T18:14:34.665Z,479-097,"Aldi, Hesperia",34.469959,-117.257055,"18667 Bear Valley Rd, Hesperia, CA, 92345",18667 Bear Valley Rd,Hesperia,CA,92345,,,ALDI,active,USA,1313743
10967,2026-07-17T18:14:33.514Z,479-098,"Aldi, Delano",35.7464829,-119.2506038,"490 Woollomes Ave, Delano, CA, 93215",490 Woollomes Ave,Delano,CA,93215,,,ALDI,active,USA,1313755
11610,2026-07-17T18:14:35.092Z,479-101,"Aldi, Lancaster",34.689143,-118.094151,"2014 E Avenue J, Lancaster, CA, 93535",2014 E Avenue J,Lancaster,CA,93535,,,ALDI,active,USA,1313760
12463,2026-07-17T18:14:36.487Z,479-102,"Aldi, San Diego",32.819796,-117.182807,"5270 Balboa Ave, San Diego, CA, 92117",5270 Balboa Ave,San Diego,CA,92117,,,ALDI,active,USA,1312314
11066,2026-07-17T18:14:33.514Z,479-104,"Aldi, Encinitas",33.055673,-117.260398,"333 N El Camino Real, Encinitas, CA, 92024",333 N El Camino Real,Encinitas,CA,92024,,,ALDI,active,USA,1312297
12475,2026-07-17T18:14:36.487Z,479-108,"Aldi, Santa Clarita",34.381612,-118.540431,"24860 Orchard Village Rd, Santa Clarita, CA, 91355",24860 Orchard Village Rd,Santa Clarita,CA,91355,,,ALDI,active,USA,1314363
10406,2026-07-17T18:14:31.811Z,479-109,"Aldi, Arcadia",34.123178,-118.056435,"1403 S Baldwin Ave, Arcadia, CA, 91007",1403 S Baldwin Ave,Arcadia,CA,91007,,,ALDI,active,USA,1313745
11904,2026-07-17T18:14:35.558Z,479-110,"Aldi, Monrovia",34.141355,-117.98897,"731 E Huntington Dr, Monrovia, CA, 91016",731 E Huntington Dr,Monrovia,CA,91016,,,ALDI,active,USA,1313749
11255,2026-07-17T18:14:34.070Z,479-111,"Aldi, Glendora",34.117269,-117.83056,"1251 S Lone Hill Ave, Glendora, CA, 91740",1251 S Lone Hill Ave,Glendora,CA,91740,,,ALDI,active,USA,1313746
10363,2026-07-17T18:14:31.811Z,479-112,"Aldi, Alhambra",34.09245,-118.145569,"2121 W Main St Ste 100, Alhambra, CA, 91801",2121 W Main St Ste 100,Alhambra,CA,91801,,,ALDI,active,USA,1313777
10781,2026-07-17T18:14:32.770Z,479-113,"Aldi, Chino",34.001235,-117.720479,"3840 Grand Ave, Chino, CA, 91710",3840 Grand Ave,Chino,CA,91710,,,ALDI,active,USA,1313828
12338,2026-07-17T18:14:36.487Z,479-114,"Aldi, Rancho Cucamonga",34.108245,-117.563818,"11070 Foothill Blvd, Rancho Cucamonga, CA, 91730",11070 Foothill Blvd,Rancho Cucamonga,CA,91730,,,ALDI,active,USA,1312155
12477,2026-07-17T18:14:36.487Z,479-115,"Aldi, Santa Fe Springs",33.940969,-118.050812,"13210 Telegraph Rd, Santa Fe Springs, CA, 90670",13210 Telegraph Rd,Santa Fe Springs,CA,90670,,,ALDI,active,USA,1313776
12151,2026-07-17T18:14:36.171Z,479-117,"Aldi, Oxnard",34.196176,-119.196368,"635 S Ventura Rd, Oxnard, CA, 93030",635 S Ventura Rd,Oxnard,CA,93030,,,ALDI,active,USA,1313769
12741,2026-07-17T18:14:37.179Z,479-118,"Aldi, Upland",34.089861,-117.671788,"349 S Mountain Ave, Upland, CA, 91786",349 S Mountain Ave,Upland,CA,91786,,,ALDI,active,USA,1314574
12885,2026-07-17T18:14:37.179Z,479-119,"Aldi, Whittier",33.945878,-117.995416,"15535 Whittier Blvd, Whittier, CA, 90603",15535 Whittier Blvd,Whittier,CA,90603,,,ALDI,active,USA,1313772
12304,2026-07-17T18:14:36.171Z,479-127,"Aldi, Poway",32.957492,-117.038736,"13440 Poway Rd, Poway, CA, 92064",13440 Poway Rd,Poway,CA,92064,,,ALDI,active,USA,1314364
12692,2026-07-17T18:14:36.877Z,479-143,"Aldi, Thousand Oaks",34.1826,-118.8757,"179 N Moorpark Rd Ste A, Thousand Oaks, CA, 91360",179 N Moorpark Rd Ste A,Thousand Oaks,CA,91360,,,ALDI,active,USA,1314365
12757,2026-07-17T18:14:37.179Z,479-144,"Aldi, Ventura",34.26074,-119.23451,"4717 Telephone Rd, Ventura, CA, 93003",4717 Telephone Rd,Ventura,CA,93003,,,ALDI,active,USA,1312292
12276,2026-07-17T18:14:36.171Z,479-146,"Aldi, Pomona",34.0755,-117.7185,"1670 Indian Hill Blvd, Pomona, CA, 91767",1670 Indian Hill Blvd,Pomona,CA,91767,,,ALDI,active,USA,1312321
12476,2026-07-17T18:14:36.487Z,479-148,"Aldi, Santa Clarita",34.4166433,-118.47416308,"19361 Soledad Canyon Rd, Santa Clarita, CA, 91351",19361 Soledad Canyon Rd,Santa Clarita,CA,91351,,,ALDI,active,USA,1312271
10678,2026-07-17T18:14:32.256Z,479-149,"Aldi, Carson",33.84234,-118.26065,"20700 Avalon Blvd Ste 103, Carson, CA, 90746",20700 Avalon Blvd Ste 103,Carson,CA,90746,,,ALDI,active,USA,1312289
10610,2026-07-17T18:14:32.256Z,479-152,"Aldi, Buckeye",33.43374,-112.55529,"1361 S Watson Rd, Buckeye, AZ, 85326",1361 S Watson Rd,Buckeye,AZ,85326,,,ALDI,active,USA,1312266
12319,2026-07-17T18:14:36.171Z,479-153,"Aldi, Queen Creek",33.2648599,-111.6345969,"20229 S Ellsworth Rd, Queen Creek, AZ, 85142",20229 S Ellsworth Rd,Queen Creek,AZ,85142,,,ALDI,active,USA,1312257
11253,2026-07-17T18:14:34.070Z,479-154,"Aldi, Glendale",33.63799,-112.18854,"16880 N 59th Ave, Glendale, AZ, 85306",16880 N 59th Ave,Glendale,AZ,85306,,,ALDI,active,USA,1312259
12679,2026-07-17T18:14:36.877Z,479-155,"Aldi, Tempe",33.39160697,-111.91022743,"1715 E Southern Ave, Tempe, AZ, 85282",1715 E Southern Ave,Tempe,AZ,85282,,,ALDI,active,USA,1312268
10709,2026-07-17T18:14:32.256Z,479-156,"Aldi, Chandler",33.264147,-111.860423,"2844 S Alma School Rd, Chandler, AZ, 85286",2844 S Alma School Rd,Chandler,AZ,85286,,,ALDI,active,USA,1312263
11640,2026-07-17T18:14:35.092Z,479-157,"Aldi, Laveen",33.37687,-112.18366,"5775 W Baseline Rd, Laveen, AZ, 85339",5775 W Baseline Rd,Laveen,AZ,85339,,,ALDI,active,USA,1312265
12232,2026-07-17T18:14:36.171Z,479-158,"Aldi, Phoenix",33.63983,-112.0519,"1401 E Bell Rd, Phoenix, AZ, 85022",1401 E Bell Rd,Phoenix,AZ,85022,,,ALDI,active,USA,1312258
12206,2026-07-17T18:14:36.171Z,479-160,"Aldi, Peoria",33.70758,-112.2711,"24665 N Lake Pleasant Pkwy, Peoria, AZ, 85383",24665 N Lake Pleasant Pkwy,Peoria,AZ,85383,,,ALDI,active,USA,1312269
11262,2026-07-17T18:14:34.070Z,479-161,"Aldi, Goodyear",33.45623,-112.39175,"845 N Estrella Prkwy, Goodyear, AZ, 85338",845 N Estrella Prkwy,Goodyear,AZ,85338,,,ALDI,active,USA,1312256
11833,2026-07-17T18:14:35.558Z,479-163,"Aldi, Mesa",33.36498,-111.60047,"2738 S Signal Butte Rd, Mesa, AZ, 85209",2738 S Signal Butte Rd,Mesa,AZ,85209,,,ALDI,active,USA,1312260
11247,2026-07-17T18:14:34.070Z,479-165,"Aldi, Gilbert",33.29523,-111.7511,"1801 E Pecos Rd, Gilbert, AZ, 85295",1801 E Pecos Rd,Gilbert,AZ,85295,,,ALDI,active,USA,1312262
12651,2026-07-17T18:14:36.877Z,479-169,"Aldi, Surprise",33.60969,-112.446128,"17038 W Waddell Rd, Surprise, AZ, 85388",17038 W Waddell Rd,Surprise,AZ,85388,,,ALDI,active,USA,1312267
10688,2026-07-17T18:14:32.256Z,479-170,"Aldi, Casa Grande",32.87935,-111.70894,"1829 E Florence Blvd, Casa Grande, AZ, 85122",1829 E Florence Blvd,Casa Grande,AZ,85122,,,ALDI,active,USA,1312264
12231,2026-07-17T18:14:36.171Z,479-171,"Aldi, Phoenix",33.59941,-111.9854,"4553 E Cactus Road, Phoenix, AZ, 85032",4553 E Cactus Road,Phoenix,AZ,85032,,,ALDI,active,USA,1312261
10414,2026-07-17T18:14:31.811Z,479-174,"Aldi, Arroyo Grande",35.1193,-120.602194,"1221 E Grand Ave, Arroyo Grande, CA, 93420",1221 E Grand Ave,Arroyo Grande,CA,93420,,,ALDI,active,USA,1314372
12652,2026-07-17T18:14:36.877Z,479-175,"Aldi, Surprise",33.63629,-112.35037,"13723 W Bell Road, Surprise, AZ, 85374",13723 W Bell Road,Surprise,AZ,85374,,,ALDI,active,USA,1312270
11945,2026-07-17T18:14:35.837Z,479-176,"Aldi, Murrieta",33.599544,-117.167912,"28230 Clinton Keith Road, Murrieta, CA, 92563",28230 Clinton Keith Road,Murrieta,CA,92563,,,ALDI,active,USA,1314371
10829,2026-07-17T18:14:32.770Z,479-189,"Aldi, Coachella",33.681971,-116.181336,"50180 Cesar Chavez Street, Coachella, CA, 92236",50180 Cesar Chavez Street,Coachella,CA,92236,,,ALDI,active,USA,1312278
12731,2026-07-17T18:14:36.877Z,479-192,"Aldi, Tustin",33.7488444,-117.8095972,"1091 Irvine Blvd, Tustin, CA, 92780",1091 Irvine Blvd,Tustin,CA,92780,,,ALDI,active,USA,1312299
11711,2026-07-17T18:14:35.092Z,479-193,"Aldi, Lompoc",34.64858,-120.45845,"729 North H Street, Lompoc, CA, 93436",729 North H Street,Lompoc,CA,93436,,,ALDI,active,USA,1312276
12708,2026-07-17T18:14:36.877Z,479-197,"Aldi, Torrance",33.87512,-118.3501,"4240 Redondo Beach Blvd, Torrance, CA, 90504",4240 Redondo Beach Blvd,Torrance,CA,90504,,,ALDI,active,USA,1312275
11340,2026-07-17T18:14:34.665Z,479-198,"Aldi, Hanford",36.327315,-119.675003,"1789 W Lacey Blvd, Hanford, CA, 93230",1789 W Lacey Blvd,Hanford,CA,93230,,,ALDI,active,USA,1313756
12289,2026-07-17T18:14:36.171Z,479-199,"Aldi, Porterville",36.052311,-119.0258418,"770 S Jaye St, Porterville, CA, 93257",770 S Jaye St,Porterville,CA,93257,,,ALDI,active,USA,1312301
11632,2026-07-17T18:14:35.092Z,479-227,"Aldi, Las Vegas",36.05898,-115.2412,"7150 S Rainbow Blvd, Las Vegas, NV, 89118",7150 S Rainbow Blvd,Las Vegas,NV,89118,,,ALDI,active,USA,1312047
12031,2026-07-17T18:14:35.837Z,479-228,"Aldi, North Las Vegas",36.24093,-115.17249,"2106 W Craig Road, North Las Vegas, NV, 89032",2106 W Craig Road,North Las Vegas,NV,89032,,,ALDI,active,USA,1312044
11633,2026-07-17T18:14:35.092Z,479-229,"Aldi, Las Vegas",36.15756,-115.20716,"1200 S Decatur, Las Vegas, NV, 89102",1200 S Decatur,Las Vegas,NV,89102,,,ALDI,active,USA,1312045
11365,2026-07-17T18:14:34.665Z,479-230,"Aldi, Henderson",36.06516,-115.03835,"621 Marks St, Henderson, NV, 89014",621 Marks St,Henderson,NV,89014,,,ALDI,active,USA,1312048
11370,2026-07-17T18:14:34.665Z,480-002,"Aldi, Henrico",37.6362,-77.5108,"8951 Staples MIll Road, Henrico, VA, 23228",8951 Staples MIll Road,Henrico,VA,23228,,,ALDI,active,USA,1314538
12598,2026-07-17T18:14:36.877Z,480-003,"Aldi, Stafford",38.47324,-77.41942,"263 Garrisonville Road, Stafford, VA, 22554",263 Garrisonville Road,Stafford,VA,22554,,,ALDI,active,USA,1313631
12363,2026-07-17T18:14:36.487Z,480-004,"Aldi, Richmond",37.5959,-77.511,"6295 W Broad St, Richmond, VA, 23230",6295 W Broad St,Richmond,VA,23230,,,ALDI,active,USA,1313651
11192,2026-07-17T18:14:34.070Z,480-005,"Aldi, Fredericksburg",38.25462,-77.50092,"10762 Patriot Hwy, Fredericksburg, VA, 22408",10762 Patriot Hwy,Fredericksburg,VA,22408,,,ALDI,active,USA,1314540
12028,2026-07-17T18:14:35.837Z,480-006,"Aldi, North Chesterfield",37.519895,-77.606624,"1670 Mall Drive, North Chesterfield, VA, 23235",1670 Mall Drive,North Chesterfield,VA,23235,,,ALDI,active,USA,1314536
12366,2026-07-17T18:14:36.487Z,480-007,"Aldi, Richmond",37.5633,-77.4687,"927 Myers Street, Richmond, VA, 23230",927 Myers Street,Richmond,VA,23230,,,ALDI,active,USA,1313646
12298,2026-07-17T18:14:36.171Z,480-008,"Aldi, Portsmouth",36.8606,-76.3937,"5811 West High Street, Portsmouth, VA, 23703",5811 West High Street,Portsmouth,VA,23703,,,ALDI,active,USA,1314234
10916,2026-07-17T18:14:32.770Z,480-009,"Aldi, Culpeper",38.48413,-77.97041,"15179 Montanus Drive, Culpeper, VA, 22701",15179 Montanus Drive,Culpeper,VA,22701,,,ALDI,active,USA,1313632
11368,2026-07-17T18:14:34.665Z,480-010,"Aldi, Henrico",37.661861,-77.644414,"12390 West Broad Street, Henrico, VA, 23233",12390 West Broad Street,Henrico,VA,23233,,,ALDI,active,USA,1313640
12000,2026-07-17T18:14:35.837Z,480-011,"Aldi, Newport News",37.126127,-76.516814,"549 Bland Blvd, Newport News, VA, 23602",549 Bland Blvd,Newport News,VA,23602,,,ALDI,active,USA,1314537
10736,2026-07-17T18:14:32.770Z,480-012,"Aldi, Chesapeake",36.82196,-76.411656,"4107 Portsmouth Blvd, Chesapeake, VA, 23321",4107 Portsmouth Blvd,Chesapeake,VA,23321,,,ALDI,active,USA,1312145
11194,2026-07-17T18:14:34.070Z,480-013,"Aldi, Fredericksburg",38.363816,-77.520808,"1030 Warrenton Road, Fredericksburg, VA, 22406",1030 Warrenton Road,Fredericksburg,VA,22406,,,ALDI,active,USA,1314558
10737,2026-07-17T18:14:32.770Z,480-014,"Aldi, Chester",37.363026,-77.498493,"11100 Iron Bridge Rd, Chester, VA, 23831",11100 Iron Bridge Rd,Chester,VA,23831,,,ALDI,active,USA,1314546
11193,2026-07-17T18:14:34.070Z,480-015,"Aldi, Fredericksburg",38.29081,-77.5342,"4173 Plank Road, Fredericksburg, VA, 22407",4173 Plank Road,Fredericksburg,VA,22407,,,ALDI,active,USA,1313655
12773,2026-07-17T18:14:37.179Z,480-016,"Aldi, Virginia Beach",36.795629,-76.175009,"1436 Kempsville Road, Virginia Beach, VA, 23464",1436 Kempsville Road,Virginia Beach,VA,23464,,,ALDI,active,USA,1314559
12001,2026-07-17T18:14:35.837Z,480-017,"Aldi, Newport News",37.096209,-76.488676,"11975 Jefferson Ave, Newport News, VA, 23606",11975 Jefferson Ave,Newport News,VA,23606,,,ALDI,active,USA,1314556
11662,2026-07-17T18:14:35.092Z,480-018,"Aldi, Leland",34.215334,-78.018894,"9410 Ploof Rd Se, Leland, NC, 28451",9410 Ploof Rd Se,Leland,NC,28451,,,ALDI,active,USA,1312038
11303,2026-07-17T18:14:34.070Z,480-019,"Aldi, Greenville",35.581737,-77.305685,"4515 East 10th St, Greenville, NC, 27858",4515 East 10th St,Greenville,NC,27858,,,ALDI,active,USA,1314228
11492,2026-07-17T18:14:34.665Z,480-020,"Aldi, Jacksonville",34.799863,-77.414123,"4150 Western Blvd, Jacksonville, NC, 28546",4150 Western Blvd,Jacksonville,NC,28546,,,ALDI,active,USA,1312969
11807,2026-07-17T18:14:35.558Z,480-021,"Aldi, Mechanicsville",37.611,-77.3377,"7003 Mechanicsville Tnpk, Mechanicsville, VA, 23111",7003 Mechanicsville Tnpk,Mechanicsville,VA,23111,,,ALDI,active,USA,1314539
12367,2026-07-17T18:14:36.487Z,480-022,"Aldi, Richmond",37.5365,-77.5309,"7319 Forest Hill Avenue, Richmond, VA, 23225",7319 Forest Hill Avenue,Richmond,VA,23225,,,ALDI,active,USA,1313910
12896,2026-07-17T18:14:37.179Z,480-023,"Aldi, Williamsburg",37.290139,-76.724904,"1504 Richmond Rd, Williamsburg, VA, 23185",1504 Richmond Rd,Williamsburg,VA,23185,,,ALDI,active,USA,1313906
10735,2026-07-17T18:14:32.770Z,480-024,"Aldi, Chesapeake",36.718548,-76.287341,"1269 Cedar Road, Chesapeake, VA, 23322",1269 Cedar Road,Chesapeake,VA,23322,,,ALDI,active,USA,1314551
12769,2026-07-17T18:14:37.179Z,480-025,"Aldi, Virginia Beach",36.903524,-76.137128,"4803 Shore Drive, Virginia Beach, VA, 23455",4803 Shore Drive,Virginia Beach,VA,23455,,,ALDI,active,USA,1314583
11338,2026-07-17T18:14:34.665Z,480-026,"Aldi, Hampton",37.041207,-76.382526,"1980 Saville Row, Hampton, VA, 23666",1980 Saville Row,Hampton,VA,23666,,,ALDI,active,USA,1313642
12403,2026-07-17T18:14:36.487Z,480-027,"Aldi, Rocky Mount",35.9772744,-77.8062493,"1237 Jeffreys Road, Rocky Mount, NC, 27804",1237 Jeffreys Road,Rocky Mount,NC,27804,,,ALDI,active,USA,1312963
11260,2026-07-17T18:14:34.070Z,480-028,"Aldi, Gloucester",37.395953,-76.526873,"7176 George Washington Mem, Gloucester, VA, 23061",7176 George Washington Mem,Gloucester,VA,23061,,,ALDI,active,USA,1313656
12609,2026-07-17T18:14:36.877Z,480-029,"Aldi, Staunton",38.130575,-79.04082,"113 George Cochran Pkwy, Staunton, VA, 24401",113 George Cochran Pkwy,Staunton,VA,24401,,,ALDI,active,USA,1313630
12771,2026-07-17T18:14:37.179Z,480-030,"Aldi, Virginia Beach",36.812055,-76.094013,"764 Chantry Dr, Virginia Beach, VA, 23452",764 Chantry Dr,Virginia Beach,VA,23452,,,ALDI,active,USA,1314553
11351,2026-07-17T18:14:34.665Z,480-031,"Aldi, Harrisonburg",38.428598,-78.839388,"1990 Country Club Rd, Harrisonburg, VA, 22802",1990 Country Club Rd,Harrisonburg,VA,22802,,,ALDI,active,USA,1314548
11054,2026-07-17T18:14:33.514Z,480-032,"Aldi, Elizabeth City",36.2946327,-76.2903141,"3805 Conlon Way, Elizabeth City, NC, 27909",3805 Conlon Way,Elizabeth City,NC,27909,,,ALDI,active,USA,1312990
11981,2026-07-17T18:14:35.837Z,480-033,"Aldi, New Bern",35.0977115,-77.1021053,"3550 Martin Luther King Jr, New Bern, NC, 28562",3550 Martin Luther King Jr,New Bern,NC,28562,,,ALDI,active,USA,1313008
11364,2026-07-17T18:14:34.665Z,480-034,"Aldi, Henderson",36.3385385,-78.4407319,"160 Dabney Road, Henderson, NC, 27537",160 Dabney Road,Henderson,NC,27537,,,ALDI,active,USA,1314174
12768,2026-07-17T18:14:37.179Z,480-035,"Aldi, Virginia Beach",36.786978,-75.999825,"1577 General Booth Blvd, Virginia Beach, VA, 23454",1577 General Booth Blvd,Virginia Beach,VA,23454,,,ALDI,active,USA,1313652
11734,2026-07-17T18:14:35.558Z,480-036,"Aldi, Lynchburg",37.348271,-79.190066,"4026 Wards Rd Ste N, Lynchburg, VA, 24502",4026 Wards Rd Ste N,Lynchburg,VA,24502,,,ALDI,active,USA,1313648
12015,2026-07-17T18:14:35.837Z,480-037,"Aldi, Norfolk",36.8705339,-76.2943599,"730 West 21st Street, Norfolk, VA, 23517",730 West 21st Street,Norfolk,VA,23517,,,ALDI,active,USA,1313647
12910,2026-07-17T18:14:37.179Z,480-038,"Aldi, Wilson",35.72885,-77.9507,"2106 Forest Hills Road West, Wilson, NC, 27893",2106 Forest Hills Road West,Wilson,NC,27893,,,ALDI,active,USA,1314233
12922,2026-07-17T18:14:37.179Z,480-040,"Aldi, Winterville",35.55631,-77.4059,"655 S Square Drive, Winterville, NC, 28590",655 S Square Drive,Winterville,NC,28590,,,ALDI,active,USA,1314190
10727,2026-07-17T18:14:32.256Z,480-041,"Aldi, Charlottesville",38.08098,-78.4722,"100 Albemarle Square, Charlottesville, VA, 22901",100 Albemarle Square,Charlottesville,VA,22901,,,ALDI,active,USA,1314561
11261,2026-07-17T18:14:34.070Z,480-044,"Aldi, Goldsboro",35.381822,-77.931422,"1203 N Berkeley Blvd, Goldsboro, NC, 27534",1203 N Berkeley Blvd,Goldsboro,NC,27534,,,ALDI,active,USA,1312974
10639,2026-07-17T18:14:32.256Z,480-047,"Aldi, California",38.308741,-76.529119,"44755 Oak Crest Road, California, MD, 20619",44755 Oak Crest Road,California,MD,20619,,,ALDI,active,USA,1312861
11678,2026-07-17T18:14:35.092Z,480-048,"Aldi, Lexington Park",38.267055,-76.456313,"21853 Three Notch Rd Unit 1, Lexington Park, MD, 20653",21853 Three Notch Rd Unit 1,Lexington Park,MD,20653,,,ALDI,active,USA,1314117
10734,2026-07-17T18:14:32.770Z,480-052,"Aldi, Chesapeake",36.765639,-76.234994,"1256 Executive Blvd, Chesapeake, VA, 23320",1256 Executive Blvd,Chesapeake,VA,23320,,,ALDI,active,USA,1314547
12905,2026-07-17T18:14:37.179Z,480-053,"Aldi, Wilmington",34.2900284,-77.8002985,"7954 Market St, Wilmington, NC, 28411",7954 Market St,Wilmington,NC,28411,,,ALDI,active,USA,1312976
11486,2026-07-17T18:14:34.665Z,480-054,"Aldi, Jacksonville",34.754,-77.460723,"2721 Richlands Hwy, Jacksonville, NC, 28540",2721 Richlands Hwy,Jacksonville,NC,28540,,,ALDI,active,USA,1313011
12834,2026-07-17T18:14:37.179Z,480-055,"Aldi, Waynesboro",38.056067,-78.940192,"841 Shenandoah Village Dr, Waynesboro, VA, 22980",841 Shenandoah Village Dr,Waynesboro,VA,22980,,,ALDI,active,USA,1314543
10841,2026-07-17T18:14:32.770Z,480-056,"Aldi, Colonial Heights",37.253006,-77.384331,"465 Charles H Dimmock Pkwy, Colonial Heights, VA, 23834",465 Charles H Dimmock Pkwy,Colonial Heights,VA,23834,,,ALDI,active,USA,1314554
11369,2026-07-17T18:14:34.665Z,480-057,"Aldi, Henrico",37.609958,-77.564728,"1776 North Parham Road, Henrico, VA, 23229",1776 North Parham Road,Henrico,VA,23229,,,ALDI,active,USA,1314319
11863,2026-07-17T18:14:35.558Z,480-058,"Aldi, Midlothian",37.428592,-77.620932,"12431 Hull Street Road, Midlothian, VA, 23112",12431 Hull Street Road,Midlothian,VA,23112,,,ALDI,active,USA,1314542
12016,2026-07-17T18:14:35.837Z,480-059,"Aldi, Norfolk",36.917295,-76.230796,"1600 E Little Creek Rd, Norfolk, VA, 23518",1600 E Little Creek Rd,Norfolk,VA,23518,,,ALDI,active,USA,1313638
12017,2026-07-17T18:14:35.837Z,480-060,"Aldi, Norfolk",36.858434,-76.208981,"1050 N Military Highway, Norfolk, VA, 23502",1050 N Military Highway,Norfolk,VA,23502,,,ALDI,active,USA,1313643
12770,2026-07-17T18:14:37.179Z,480-061,"Aldi, Virginia Beach",36.844294,-76.119783,"332 Thalia Rd, Virginia Beach, VA, 23452",332 Thalia Rd,Virginia Beach,VA,23452,,,ALDI,active,USA,1314235
12772,2026-07-17T18:14:37.179Z,480-062,"Aldi, Virginia Beach",36.856654,-76.026607,"929 First Colonial Rd, Virginia Beach, VA, 23454",929 First Colonial Rd,Virginia Beach,VA,23454,,,ALDI,active,USA,1314544
12640,2026-07-17T18:14:36.877Z,480-063,"Aldi, Suffolk",36.756608,-76.583063,"1920 N Main St, Suffolk, VA, 23434",1920 N Main St,Suffolk,VA,23434,,,ALDI,active,USA,1314557
11861,2026-07-17T18:14:35.558Z,480-064,"Aldi, Midlothian",37.506553,-77.667999,"14381 Winterview Parkway, Midlothian, VA, 23113",14381 Winterview Parkway,Midlothian,VA,23113,,,ALDI,active,USA,1313645
10740,2026-07-17T18:14:32.770Z,480-065,"Aldi, Chesterfield",37.397235,-77.711606,"7500 Harpers Green Way, Chesterfield, VA, 23832",7500 Harpers Green Way,Chesterfield,VA,23832,,,ALDI,active,USA,1314549
11733,2026-07-17T18:14:35.092Z,480-070,"Aldi, Lynchburg",37.395512,-79.227426,"2617 Lakeside Dr, Lynchburg, VA, 24501",2617 Lakeside Dr,Lynchburg,VA,24501,,,ALDI,active,USA,1314563
11013,2026-07-17T18:14:33.514Z,480-071,"Aldi, Dumfries",38.582981,-77.31124,"17010 Richmond Hwy, Dumfries, VA, 22026",17010 Richmond Hwy,Dumfries,VA,22026,,,ALDI,active,USA,1313662
11758,2026-07-17T18:14:35.558Z,480-072,"Aldi, Manassas",38.77944,-77.50573,"10294 Portsmouth Road, Manassas, VA, 20109",10294 Portsmouth Road,Manassas,VA,20109,,,ALDI,active,USA,1313909
10567,2026-07-17T18:14:32.256Z,480-073,"Aldi, Brandywine",38.67053,-76.877979,"7500 Albert Road, Brandywine, MD, 20613",7500 Albert Road,Brandywine,MD,20613,,,ALDI,active,USA,1312858
12927,2026-07-17T18:14:37.179Z,480-074,"Aldi, Woodbridge",38.6529,-77.30886,"13782 Smoketown Road, Woodbridge, VA, 22192",13782 Smoketown Road,Woodbridge,VA,22192,,,ALDI,active,USA,1314560
12926,2026-07-17T18:14:37.179Z,480-075,"Aldi, Woodbridge",38.6641,-77.2481,"13291 Gordon Blvd, Woodbridge, VA, 22191",13291 Gordon Blvd,Woodbridge,VA,22191,,,ALDI,active,USA,1314317
11757,2026-07-17T18:14:35.558Z,480-076,"Aldi, Manassas",38.74624,-77.45159,"9714 Liberia Ave, Manassas, VA, 20110",9714 Liberia Ave,Manassas,VA,20110,,,ALDI,active,USA,1314585
12785,2026-07-17T18:14:37.179Z,480-077,"Aldi, Waldorf",38.621007,-76.913808,"3286 Crain Highway, Waldorf, MD, 20603",3286 Crain Highway,Waldorf,MD,20603,,,ALDI,active,USA,1312855
11626,2026-07-17T18:14:35.092Z,480-078,"Aldi, La Plata",38.5549908,-76.9836091,"155 Rosewick Corner Pl, La Plata, MD, 20646",155 Rosewick Corner Pl,La Plata,MD,20646,,,ALDI,active,USA,1312874
10726,2026-07-17T18:14:32.256Z,480-080,"Aldi, Charlotte Hall",38.48989,-76.77358,"37548 Traveled Lane, Charlotte Hall, MD, 20622",37548 Traveled Lane,Charlotte Hall,MD,20622,,,ALDI,active,USA,1312897
12309,2026-07-17T18:14:36.171Z,480-081,"Aldi, Prince Frederick",38.54829,-76.5897,"429 Solomons Island Rd N, Prince Frederick, MD, 20678",429 Solomons Island Rd N,Prince Frederick,MD,20678,,,ALDI,active,USA,1312873
12784,2026-07-17T18:14:37.179Z,480-086,"Aldi, Wake Forest",35.948455,-78.535493,"2132 South Main St, Wake Forest, NC, 27587",2132 South Main St,Wake Forest,NC,27587,,,ALDI,active,USA,1809000
12332,2026-07-17T18:14:36.171Z,480-087,"Aldi, Raleigh",35.868863,-78.583116,"6101 Capital Boulevard, Raleigh, NC, 27616",6101 Capital Boulevard,Raleigh,NC,27616,,,ALDI,active,USA,1809004
12331,2026-07-17T18:14:36.171Z,480-088,"Aldi, Raleigh",35.836629,-78.615136,"4031 Wake Forest Rd, Raleigh, NC, 27609",4031 Wake Forest Rd,Raleigh,NC,27609,,,ALDI,active,USA,1811567
12334,2026-07-17T18:14:36.487Z,480-089,"Aldi, Raleigh",35.794054,-78.547186,"2900 Sunrise Valley Place, Raleigh, NC, 27610",2900 Sunrise Valley Place,Raleigh,NC,27610,,,ALDI,active,USA,1809002
11231,2026-07-17T18:14:34.070Z,480-090,"Aldi, Garner",35.611896,-78.555093,"5142 Veterans Parkway, Garner, NC, 27529",5142 Veterans Parkway,Garner,NC,27529,,,ALDI,active,USA,1811565
11233,2026-07-17T18:14:34.070Z,480-091,"Aldi, Garner",35.686941,-78.615179,"750 Timber Dr, Garner, NC, 27529",750 Timber Dr,Garner,NC,27529,,,ALDI,active,USA,1809003
12333,2026-07-17T18:14:36.171Z,480-092,"Aldi, Raleigh",35.87206,-78.67897,"6300 Creedmoor Rd, Raleigh, NC, 27612",6300 Creedmoor Rd,Raleigh,NC,27612,,,ALDI,active,USA,1811568
10683,2026-07-17T18:14:32.256Z,480-093,"Aldi, Cary",35.760624,-78.781875,"1315 Kildaire Farm Rd, Cary, NC, 27511",1315 Kildaire Farm Rd,Cary,NC,27511,,,ALDI,active,USA,1809001
11561,2026-07-17T18:14:35.092Z,480-094,"Aldi, Kinston",35.26085,-77.6452,"4120 W Vernon Ave, Kinston, NC, 28504",4120 W Vernon Ave,Kinston,NC,28504,,,ALDI,active,USA,1314171
10685,2026-07-17T18:14:32.256Z,480-095,"Aldi, Cary",35.802906,-78.786266,"2303 Nw Maynard Rd, Cary, NC, 27513",2303 Nw Maynard Rd,Cary,NC,27513,,,ALDI,active,USA,1809005
10686,2026-07-17T18:14:32.256Z,480-096,"Aldi, Cary",35.824004,-78.900889,"225 Dogwood Tree Ln, Cary, NC, 27519",225 Dogwood Tree Ln,Cary,NC,27519,,,ALDI,active,USA,1811566
11022,2026-07-17T18:14:33.514Z,480-097,"Aldi, Durham",35.900572,-78.9602,"7906 Nc Hwy 751, Durham, NC, 27713",7906 Nc Hwy 751,Durham,NC,27713,,,ALDI,active,USA,1811564
12906,2026-07-17T18:14:37.179Z,480-098,"Aldi, Wilmington",34.174812,-77.890396,"3701 S College Rd, Wilmington, NC, 28412",3701 S College Rd,Wilmington,NC,28412,,,ALDI,active,USA,1313002
12308,2026-07-17T18:14:36.171Z,482-003,"Aldi, Prattville",32.461834,-86.42036,"1817 East Main Street, Prattville, AL, 36066",1817 East Main Street,Prattville,AL,36066,,,ALDI,active,USA,1312249
11905,2026-07-17T18:14:35.558Z,482-005,"Aldi, Montgomery",32.355944,-86.21948,"1568 Eastern Blvd, Montgomery, AL, 36117",1568 Eastern Blvd,Montgomery,AL,36117,,,ALDI,active,USA,1313817
12876,2026-07-17T18:14:37.179Z,482-007,"Aldi, Wetumpka",32.506497,-86.214866,"4445 Us Hwy 231, Wetumpka, AL, 36092",4445 Us Hwy 231,Wetumpka,AL,36092,,,ALDI,active,USA,1312226
12369,2026-07-17T18:14:36.487Z,482-008,"Aldi, Ridgeland",32.4224,-90.14901,"750 Highland Colony Pkwy, Ridgeland, MS, 39157",750 Highland Colony Pkwy,Ridgeland,MS,39157,,,ALDI,active,USA,1312958
11906,2026-07-17T18:14:35.558Z,482-009,"Aldi, Montgomery",32.359658,-86.16381,"7340 Eastchase Parkway, Montgomery, AL, 36117",7340 Eastchase Parkway,Montgomery,AL,36117,,,ALDI,active,USA,1312224
10472,2026-07-17T18:14:31.811Z,482-025,"Aldi, Baton Rouge",30.45564,-91.09664,"9720 Cortana Pl, Baton Rouge, LA, 70815",9720 Cortana Pl,Baton Rouge,LA,70815,,,ALDI,active,USA,1312191
12729,2026-07-17T18:14:36.877Z,482-028,"Aldi, Tuscaloosa",33.199704,-87.524375,"1349 Mcfarland Blvd, Tuscaloosa, AL, 35404",1349 Mcfarland Blvd,Tuscaloosa,AL,35404,,,ALDI,active,USA,1313729
11169,2026-07-17T18:14:34.070Z,482-033,"Aldi, Fort Walton Beach",30.42524,-86.64514,"427 Mary Esther Cutoff, Fort Walton Beach, FL, 32548",427 Mary Esther Cutoff,Fort Walton Beach,FL,32548,,,ALDI,active,USA,1314398
10594,2026-07-17T18:14:32.256Z,482-038,"Aldi, Brookhaven",31.5807,-90.46301,"840 Brookway Blvd, Brookhaven, MS, 39601",840 Brookway Blvd,Brookhaven,MS,39601,,,ALDI,active,USA,1313111
11099,2026-07-17T18:14:33.514Z,482-040,"Aldi, Fairhope",30.52438,-87.85139,"10101 County Rd 48, Fairhope, AL, 36532",10101 County Rd 48,Fairhope,AL,36532,,,ALDI,active,USA,1312225
11890,2026-07-17T18:14:35.558Z,482-044,"Aldi, Mobile",30.67726,-88.13172,"3658 Airport Blvd, Mobile, AL, 36608",3658 Airport Blvd,Mobile,AL,36608,,,ALDI,active,USA,1312223
11891,2026-07-17T18:14:35.558Z,482-045,"Aldi, Mobile",30.668889,-88.225258,"975 Schillinger Rd S, Mobile, AL, 36695",975 Schillinger Rd S,Mobile,AL,36695,,,ALDI,active,USA,1312221
11892,2026-07-17T18:14:35.558Z,482-046,"Aldi, Mobile",30.597774,-88.162642,"5021 Rangeline Crossing Dr, Mobile, AL, 36619",5021 Rangeline Crossing Dr,Mobile,AL,36619,,,ALDI,active,USA,1314355
10939,2026-07-17T18:14:33.514Z,482-047,"Aldi, Daphne",30.61961,-87.90436,"27060 Us Hwy 98, Daphne, AL, 36526",27060 Us Hwy 98,Daphne,AL,36526,,,ALDI,active,USA,1312232
12072,2026-07-17T18:14:35.837Z,482-048,"Aldi, Ocean Springs",30.41056,-88.76516,"3801 Bienville Blvd, Ocean Springs, MS, 39564",3801 Bienville Blvd,Ocean Springs,MS,39564,,,ALDI,active,USA,1312961
11143,2026-07-17T18:14:34.070Z,482-052,"Aldi, Foley",30.380865,-87.682344,"130 E Pride Blvd, Foley, AL, 36535",130 E Pride Blvd,Foley,AL,36535,,,ALDI,active,USA,1312235
12185,2026-07-17T18:14:36.171Z,482-053,"Aldi, Pascagoula",30.381134,-88.52318,"3809 Denny Ave, Pascagoula, MS, 39581",3809 Denny Ave,Pascagoula,MS,39581,,,ALDI,active,USA,1312960
12203,2026-07-17T18:14:36.171Z,482-056,"Aldi, Pensacola",30.440387,-87.282407,"4830 Mobile Hwy, Pensacola, FL, 32506",4830 Mobile Hwy,Pensacola,FL,32506,,,ALDI,active,USA,1312000
12202,2026-07-17T18:14:36.171Z,482-057,"Aldi, Pensacola",30.361254,-87.357053,"2950 S Blue Angel Pkwy 600, Pensacola, FL, 32506",2950 S Blue Angel Pkwy 600,Pensacola,FL,32506,,,ALDI,active,USA,1312410
11972,2026-07-17T18:14:35.837Z,482-058,"Aldi, Navarre",30.403773,-86.855055,"8816 Navarre Parkway, Navarre, FL, 32566",8816 Navarre Parkway,Navarre,FL,32566,,,ALDI,active,USA,1312487
12155,2026-07-17T18:14:36.171Z,482-059,"Aldi, Pace",30.604683,-87.123784,"4770 Us-90 W, Pace, FL, 32571",4770 Us-90 W,Pace,FL,32571,,,ALDI,active,USA,1312388
10904,2026-07-17T18:14:32.770Z,482-060,"Aldi, Crestview",30.73277,-86.56706,"2680 S Ferdon Blvd Unit 201, Crestview, FL, 32536",2680 S Ferdon Blvd Unit 201,Crestview,FL,32536,,,ALDI,active,USA,1314410
12009,2026-07-17T18:14:35.837Z,482-061,"Aldi, Niceville",30.51737,-86.4708,"1030 John Sims Pkwy E, Niceville, FL, 32578",1030 John Sims Pkwy E,Niceville,FL,32578,,,ALDI,active,USA,1314389
10973,2026-07-17T18:14:33.514Z,482-062,"Aldi, Denham Springs",30.45871,-90.95478,"2356 S Range Ave, Denham Springs, LA, 70726",2356 S Range Ave,Denham Springs,LA,70726,,,ALDI,active,USA,1314107
10640,2026-07-17T18:14:32.256Z,482-063,"Aldi, Callaway",30.15997,-85.592905,"5500 East 7th Street, Callaway, FL, 32404",5500 East 7th Street,Callaway,FL,32404,,,ALDI,active,USA,1314415
11736,2026-07-17T18:14:35.558Z,482-064,"Aldi, Lynn Haven",30.22473,-85.65095,"2260 S Hwy 77, Lynn Haven, FL, 32444",2260 S Hwy 77,Lynn Haven,FL,32444,,,ALDI,active,USA,1312365
12549,2026-07-17T18:14:36.877Z,482-067,"Aldi, Slidell",30.304764,-89.827296,"137 Northshore Blvd, Slidell, LA, 70460",137 Northshore Blvd,Slidell,LA,70460,,,ALDI,active,USA,1314451
11777,2026-07-17T18:14:35.558Z,482-068,"Aldi, Marrero",29.878678,-90.09797,"4957 Promenade Blvd, Marrero, LA, 70072",4957 Promenade Blvd,Marrero,LA,70072,,,ALDI,active,USA,1314455
11625,2026-07-17T18:14:35.092Z,482-069,"Aldi, Laplace",30.074385,-90.504625,"1910 W Airline Hwy, Laplace, LA, 70068",1910 W Airline Hwy,Laplace,LA,70068,,,ALDI,active,USA,1312829
11141,2026-07-17T18:14:34.070Z,482-070,"Aldi, Flowood",32.35429,-90.02115,"101 Primos Rd, Flowood, MS, 39232",101 Primos Rd,Flowood,MS,39232,,,ALDI,active,USA,1312959
10471,2026-07-17T18:14:31.811Z,482-071,"Aldi, Baton Rouge",30.43538,-91.00703,"2385 O'neal Ln, Baton Rouge, LA, 70816",2385 O'neal Ln,Baton Rouge,LA,70816,,,ALDI,active,USA,1312190
12689,2026-07-17T18:14:36.877Z,482-072,"Aldi, Thomasville",30.85502951,-83.95337387,"1530 E Jackson St, Thomasville, GA, 31792",1530 E Jackson St,Thomasville,GA,31792,,,ALDI,active,USA,1312449
10470,2026-07-17T18:14:31.811Z,482-073,"Aldi, Baton Rouge",30.540789,-91.02859,"14350 Grand Settlement Blvd, Baton Rouge, LA, 70818",14350 Grand Settlement Blvd,Baton Rouge,LA,70818,,,ALDI,active,USA,1314452
12601,2026-07-17T18:14:36.877Z,482-075,"Aldi, Starkville",33.44969,-88.8363,"671 Hwy 12 W, Starkville, MS, 39759",671 Hwy 12 W,Starkville,MS,39759,,,ALDI,active,USA,1313110
11830,2026-07-17T18:14:35.558Z,482-076,"Aldi, Meridian",32.364179,-88.671304,"131 S Frontage Road, Meridian, MS, 39301",131 S Frontage Road,Meridian,MS,39301,,,ALDI,active,USA,1313109
12039,2026-07-17T18:14:35.837Z,482-077,"Aldi, Northport",33.2342584,-87.6147206,"5801 Mcfarland Blvd, Northport, AL, 35476",5801 Mcfarland Blvd,Northport,AL,35476,,,ALDI,active,USA,1312244
11579,2026-07-17T18:14:35.092Z,482-079,"Aldi, Lafayette",30.154,-92.04785,"4518 Ambassador Caffery Pkw, Lafayette, LA, 70508",4518 Ambassador Caffery Pkw,Lafayette,LA,70508,,,ALDI,active,USA,1314456
11989,2026-07-17T18:14:35.837Z,482-081,"Aldi, New Iberia",29.98285,-91.82013,"1102 East Admiral Doyle Dr, New Iberia, LA, 70560",1102 East Admiral Doyle Dr,New Iberia,LA,70560,,,ALDI,active,USA,1312037
10473,2026-07-17T18:14:31.811Z,482-083,"Aldi, Baton Rouge",30.38456,-91.06671,"10201 N Reiger Rd, Baton Rouge, LA, 70809",10201 N Reiger Rd,Baton Rouge,LA,70809,,,ALDI,active,USA,1312824
11835,2026-07-17T18:14:35.558Z,482-084,"Aldi, Metairie",30.00711,-90.22738,"8855 Veterans Memorial Blvd, Metairie, LA, 70003",8855 Veterans Memorial Blvd,Metairie,LA,70003,,,ALDI,active,USA,1314448
11578,2026-07-17T18:14:35.092Z,482-085,"Aldi, Lafayette",30.265457,-91.990724,"3210 Louisiana Ave, Lafayette, LA, 70501",3210 Louisiana Ave,Lafayette,LA,70501,,,ALDI,active,USA,1312825
10897,2026-07-17T18:14:32.770Z,482-086,"Aldi, Covington",30.437299,-90.0849,"123 Holiday Blvd, Covington, LA, 70433",123 Holiday Blvd,Covington,LA,70433,,,ALDI,active,USA,1314450
11797,2026-07-17T18:14:35.558Z,482-088,"Aldi, Mccomb",31.26234,-90.47752,"105 Edgewood Dr, Mccomb, MS, 39648",105 Edgewood Dr,Mccomb,MS,39648,,,ALDI,active,USA,1313113
11358,2026-07-17T18:14:34.665Z,482-089,"Aldi, Hattiesburg",31.321478,-89.377014,"6042 U S Hwy 98, Hattiesburg, MS, 39402",6042 U S Hwy 98,Hattiesburg,MS,39402,,,ALDI,active,USA,1313116
12661,2026-07-17T18:14:36.877Z,482-090,"Aldi, Tallahassee",30.4270765,-84.2397594,"2425 Apalachee Parkway, Tallahassee, FL, 32301",2425 Apalachee Parkway,Tallahassee,FL,32301,,,ALDI,active,USA,1312372
11409,2026-07-17T18:14:34.665Z,482-091,"Aldi, Houma",29.60749749,-90.74636702,"1520 Martin Luther King Blv, Houma, LA, 70360",1520 Martin Luther King Blv,Houma,LA,70360,,,ALDI,active,USA,1312035
12687,2026-07-17T18:14:36.877Z,482-092,"Aldi, Thibodaux",29.80573,-90.81943,"32 Rienzi Dr, Thibodaux, LA, 70301",32 Rienzi Dr,Thibodaux,LA,70301,,,ALDI,active,USA,1312805
12660,2026-07-17T18:14:36.877Z,482-095,"Aldi, Tallahassee",30.441836,-84.317491,"2020 W Pensacola St Ste 300, Tallahassee, FL, 32304",2020 W Pensacola St Ste 300,Tallahassee,FL,32304,,,ALDI,active,USA,1312383
11072,2026-07-17T18:14:33.514Z,482-096,"Aldi, Enterprise",31.318638,-85.828629,"630 Boll Weevil Cir, Enterprise, AL, 36330",630 Boll Weevil Cir,Enterprise,AL,36330,,,ALDI,active,USA,1311981
10350,2026-07-17T18:14:31.811Z,482-140,"Aldi, Albany",31.6207,-84.20323,"2816 Nottingham Way, Albany, GA, 31707",2816 Nottingham Way,Albany,GA,31707,,,ALDI,active,USA,1312438
11836,2026-07-17T18:14:35.558Z,482-141,"Aldi, Metairie",29.97786,-90.19725,"5901 Airline Drive, Metairie, LA, 70003",5901 Airline Drive,Metairie,LA,70003,,,ALDI,active,USA,1312845
12747,2026-07-17T18:14:37.179Z,482-142,"Aldi, Valdosta",30.884429,-83.288165,"3283 Jack Staten Way, Valdosta, GA, 31605",3283 Jack Staten Way,Valdosta,GA,31605,,,ALDI,active,USA,1312464
12695,2026-07-17T18:14:36.877Z,482-143,"Aldi, Tifton",31.44752,-83.54177,"1805 Us Hwy 82 W, Tifton, GA, 31793",1805 Us Hwy 82 W,Tifton,GA,31793,,,ALDI,active,USA,1312460
11727,2026-07-17T18:14:35.092Z,482-144,"Aldi, Luling",29.91288,-90.34323,"12125 Highway 90, Luling, LA, 70070",12125 Highway 90,Luling,LA,70070,,,ALDI,active,USA,1312034
12683,2026-07-17T18:14:36.877Z,482-145,"Aldi, Terrytown",29.88828,-90.03181,"2112 Belle Chasse Highway, Terrytown, LA, 70056",2112 Belle Chasse Highway,Terrytown,LA,70056,,,ALDI,active,USA,1312032
11997,2026-07-17T18:14:35.837Z,482-146,"Aldi, New Orleans",29.92378,-90.01175,"3008 Holiday Drive, New Orleans, LA, 70131",3008 Holiday Drive,New Orleans,LA,70131,,,ALDI,active,USA,1312806
11715,2026-07-17T18:14:35.092Z,482-147,"Aldi, Long Beach",30.3537,-89.14869,"109 North Cleveland Ave, Long Beach, MS, 39560",109 North Cleveland Ave,Long Beach,MS,39560,,,ALDI,active,USA,1312962
10896,2026-07-17T18:14:32.770Z,482-148,"Aldi, Covington",30.49882,-90.10824,"2100 Collins Blvd Ste 132, Covington, LA, 70433",2100 Collins Blvd Ste 132,Covington,LA,70433,,,ALDI,active,USA,1314453
10385,2026-07-17T18:14:31.811Z,482-149,"Aldi, Amite",30.72843,-90.52057,"804 W Oak Street, Amite, LA, 70422",804 W Oak Street,Amite,LA,70422,,,ALDI,active,USA,1312033
12550,2026-07-17T18:14:36.877Z,482-152,"Aldi, Slidell",30.29005,-89.72076,"2985 Gause Blvd, Slidell, LA, 70461",2985 Gause Blvd,Slidell,LA,70461,,,ALDI,active,USA,1312847
10994,2026-07-17T18:14:33.514Z,482-153,"Aldi, Diberville",30.4393,-88.89817,"10511 D'iberville Blvd, Diberville, MS, 39540",10511 D'iberville Blvd,Diberville,MS,39540,,,ALDI,active,USA,1313115
11168,2026-07-17T18:14:34.070Z,482-156,"Aldi, Fort Walton Beach",30.41969,-86.60773,"99 Eglin Pkwy, Fort Walton Beach, FL, 32548",99 Eglin Pkwy,Fort Walton Beach,FL,32548,,,ALDI,active,USA,1691296
11337,2026-07-17T18:14:34.665Z,482-157,"Aldi, Hammond",30.50252,-90.48704,"2302 W Thomas Street, Hammond, LA, 70401",2302 W Thomas Street,Hammond,LA,70401,,,ALDI,active,USA,1314449
12307,2026-07-17T18:14:36.171Z,482-159,"Aldi, Prairieville",30.33452,-90.98313,"17682 Airline Hwy, Prairieville, LA, 70769",17682 Airline Hwy,Prairieville,LA,70769,,,ALDI,active,USA,1312828
10381,2026-07-17T18:14:31.811Z,482-167,"Aldi, Americus",32.07575,-84.21676,"1208 Crawford St, Americus, GA, 31709",1208 Crawford St,Americus,GA,31709,,,ALDI,active,USA,1312008
10448,2026-07-17T18:14:31.811Z,482-169,"Aldi, Bainbridge",30.90522,-84.56455,"915 E Shotwell St, Bainbridge, GA, 39819",915 E Shotwell St,Bainbridge,GA,39819,,,ALDI,active,USA,1312454
12502,2026-07-17T18:14:36.487Z,482-174,"Aldi, Semmes",30.78055,-88.25903,"9082 Moffett Road, Semmes, AL, 36575",9082 Moffett Road,Semmes,AL,36575,,,ALDI,active,USA,1314354
12957,2026-07-17T18:14:37.357Z,482-181,"Aldi, Zachary",30.65107,-91.1508,"5005 Church Street, Zachary, LA, 70791",5005 Church Street,Zachary,LA,70791,,,ALDI,active,USA,1314454
12322,2026-07-17T18:14:36.171Z,482-184,"Aldi, Quincy",30.58737,-84.59715,"1600 W Jefferson St, Quincy, FL, 32351",1600 W Jefferson St,Quincy,FL,32351,,,ALDI,active,USA,1312394
10903,2026-07-17T18:14:32.770Z,482-186,"Aldi, Crawfordville",30.19244,-84.37021,"2629 Crawfordville Highway, Crawfordville, FL, 32327",2629 Crawfordville Highway,Crawfordville,FL,32327,,,ALDI,active,USA,1314386
12171,2026-07-17T18:14:36.171Z,482-187,"Aldi, Panama City",30.189,-85.70311,"3157 West 23rd Street, Panama City, FL, 32405",3157 West 23rd Street,Panama City,FL,32405,,,ALDI,active,USA,1314412
12172,2026-07-17T18:14:36.171Z,482-188,"Aldi, Panama City",30.263153,-85.973389,"23200 Front Beach Road, Panama City, FL, 32413",23200 Front Beach Road,Panama City,FL,32413,,,ALDI,active,USA,1312426
11872,2026-07-17T18:14:35.558Z,482-189,"Aldi, Milton",30.63276,-87.05536,"5428 Dogwood Drive, Milton, FL, 32570",5428 Dogwood Drive,Milton,FL,32570,,,ALDI,active,USA,1312489
10431,2026-07-17T18:14:31.811Z,482-197,"Aldi, Auburn",32.5763561,-85.4964405,"1617 South College Street, Auburn, AL, 36832",1617 South College Street,Auburn,AL,36832,,,ALDI,active,USA,1312229
12551,2026-07-17T18:14:36.877Z,482-204,"Aldi, Slidell",30.26219,-89.78369,"3030 Pontchartrain Dr, Slidell, LA, 70458",3030 Pontchartrain Dr,Slidell,LA,70458,,,ALDI,active,USA,1312827
12200,2026-07-17T18:14:36.171Z,482-206,"Aldi, Pensacola",30.53446,-87.26048,"312 E Nine Mile Rd, Pensacola, FL, 32514",312 E Nine Mile Rd,Pensacola,FL,32514,,,ALDI,active,USA,1314402
11319,2026-07-17T18:14:34.070Z,482-211,"Aldi, Gulfport",30.45129,-89.09785,"11312 H Hwy 49, Gulfport, MS, 39503",11312 H Hwy 49,Gulfport,MS,39503,,,ALDI,active,USA,1567932
12038,2026-07-17T18:14:35.837Z,482-228,"Aldi, Northport",33.237341,-87.552463,"10 Mcfarland Blvd, Northport, AL, 35476",10 Mcfarland Blvd,Northport,AL,35476,,,ALDI,active,USA,1312233
11893,2026-07-17T18:14:35.558Z,482-233,"Aldi, Mobile",30.68066,-88.07537,"1550 Government Street, Mobile, AL, 36604",1550 Government Street,Mobile,AL,36604,,,ALDI,active,USA,1312230
10883,2026-07-17T18:14:32.770Z,482-236,"Aldi, Cordele",31.96019,-83.75131,"1011 E 16th Avenue, Cordele, GA, 31015",1011 E 16th Avenue,Cordele,GA,31015,,,ALDI,active,USA,1312440
12201,2026-07-17T18:14:36.171Z,482-240,"Aldi, Pensacola",30.49859,-87.1893,"7135 N 9th Avenue, Pensacola, FL, 32504",7135 N 9th Avenue,Pensacola,FL,32504,,,ALDI,active,USA,1809006
11170,2026-07-17T18:14:34.070Z,482-241,"Aldi, Fort Walton Beach",30.44775,-86.64016,"798 Beal Parkway, Fort Walton Beach, FL, 32547",798 Beal Parkway,Fort Walton Beach,FL,32547,,,ALDI,active,USA,1312411
11907,2026-07-17T18:14:35.558Z,482-242,"Aldi, Montgomery",32.3581,-86.28418,"1740 Carter Hill Road, Montgomery, AL, 36106",1740 Carter Hill Road,Montgomery,AL,36106,,,ALDI,active,USA,1313730
12499,2026-07-17T18:14:36.487Z,482-243,"Aldi, Selma",32.39861,-87.06603,"1952 W Dallas Ave, Selma, AL, 36701",1952 W Dallas Ave,Selma,AL,36701,,,ALDI,active,USA,1312231
10354,2026-07-17T18:14:31.811Z,482-245,"Aldi, Alexander City",32.92205,-85.96126,"1061 Us Hwy 280, Alexander City, AL, 35010",1061 Us Hwy 280,Alexander City,AL,35010,,,ALDI,active,USA,1312248
12107,2026-07-17T18:14:35.837Z,482-246,"Aldi, Opelika",32.623169,-85.411874,"2400 Frederick Road, Opelika, AL, 36801",2400 Frederick Road,Opelika,AL,36801,,,ALDI,active,USA,1313818
12040,2026-07-17T18:14:35.837Z,482-247,"Aldi, Northport",33.30638,-87.60265,"13620 Highway 43 N, Northport, AL, 35475",13620 Highway 43 N,Northport,AL,35475,,,ALDI,active,USA,1566559
12073,2026-07-17T18:14:35.837Z,482-248,"Aldi, Ocean Springs",30.41742,-88.81752,"1515 Bienville Boulevard, Ocean Springs, MS, 39564",1515 Bienville Boulevard,Ocean Springs,MS,39564,,,ALDI,active,USA,1313114
10705,2026-07-17T18:14:32.256Z,482-250,"Aldi, Chalmette",29.95022,-89.96253,"3300 Paris Road, Chalmette, LA, 70043",3300 Paris Road,Chalmette,LA,70043,,,ALDI,active,USA,1314106
12730,2026-07-17T18:14:36.877Z,482-251,"Aldi, Tuscaloosa",33.117855,-87.553273,"9750 Highway 69 S, Tuscaloosa, AL, 35405",9750 Highway 69 S,Tuscaloosa,AL,35405,,,ALDI,active,USA,1312227
