Store_No,Name,Address,Street,City,State,Zip_Code,Latitude,Longitude,Provider,Status,Country,mc_location_id
23261,Aldi - Mtj 38 - Alabaster,"113 Simmsville Rd, Alabaster, AL, 35007",113 Simmsville Rd,Alabaster,AL,35007,33.2398613,-86.8155225,ALDI,active,USA,2378019
480567,Aldi - Lox 245 - Alexander City,"1061 Us Hwy 280, Alexander City, AL, 35010",1061 Us Hwy 280,Alexander City,AL,35010,32.9219162,-85.9612655,ALDI,active,USA,2378037
143816,Aldi - Mtj 101 - Anniston,"5303 Mcclellan Blvd, Anniston, AL, 36206",5303 Mcclellan Blvd,Anniston,AL,36206,33.7146942,-85.8189693,ALDI,active,USA,2378007
24399,Aldi - Mtj 86 - Athens,"115 Us 72, Athens, AL, 35611",115 Us 72,Athens,AL,35611,34.7905179,-86.968001,ALDI,active,USA,2378040
396756,Aldi - Lox 197 - Auburn,"1617 South College Street, Auburn, AL, 36832",1617 South College Street,Auburn,AL,36832,32.5763561,-85.4964405,ALDI,active,USA,2378353
23262,Aldi - Mtj 31 - Bessemer,"710 Academy Dr, Bessemer, AL, 35022",710 Academy Dr,Bessemer,AL,35022,33.3588861,-87.0000178,ALDI,active,USA,2378354
396460,Aldi - Mtj 195 - Bessemer,"2910 Morgan Road Suite 128, Bessemer, AL, 35022",2910 Morgan Road Suite 128,Bessemer,AL,35022,33.3351102,-86.9193033,ALDI,active,USA,2378031
23266,Aldi - Mtj 33 - Birmingham,"7400 Crestwood Blvd, Birmingham, AL, 35210",7400 Crestwood Blvd,Birmingham,AL,35210,33.5306885,-86.7272557,ALDI,active,USA,2378352
23267,Aldi - Mtj 35 - Birmingham,"5485 Patrick Way, Birmingham, AL, 35235",5485 Patrick Way,Birmingham,AL,35235,33.6103969,-86.6234967,ALDI,active,USA,2378016
23268,Aldi - Mtj 72 - Birmingham,"4639 Hwy 280 Ste 101, Birmingham, AL, 35242",4639 Hwy 280 Ste 101,Birmingham,AL,35242,33.4263159,-86.7028836,ALDI,active,USA,2378015
23650,Aldi - Mtj 34 - Birmingham,"520 Gene Reed Rd, Birmingham, AL, 35215",520 Gene Reed Rd,Birmingham,AL,35215,33.5981085,-86.6944291,ALDI,active,USA,2378025
538574,Aldi - Mtj 209 - Chelsea,"150 Chelsea Corners Way, Chelsea, AL, 35043",150 Chelsea Corners Way,Chelsea,AL,35043,33.3463608,-86.6308744,ALDI,active,USA,2378355
24396,Aldi - Mtj 39 - Cullman,"1831 Cherokee Ave Sw, Cullman, AL, 35055",1831 Cherokee Ave Sw,Cullman,AL,35055,34.1534455,-86.8420733,ALDI,active,USA,2378348
142054,Aldi - Lox 47 - Daphne,"27060 Us Hwy 98, Daphne, AL, 36526",27060 Us Hwy 98,Daphne,AL,36526,30.6193947,-87.9043579,ALDI,active,USA,2378030
24398,Aldi - Mtj 98 - Decatur,"1413 Beltline Road, Decatur, AL, 35601",1413 Beltline Road,Decatur,AL,35601,34.5635839,-87.010162,ALDI,active,USA,2378032
538567,Aldi - Lox 239 - Dothan,"1151 Ross Clark Circle Suite 100, Dothan, AL, 36301",1151 Ross Clark Circle Suite 100,Dothan,AL,36301,31.2127891,-85.3601204,ALDI,active,USA,2378045
570541,Aldi - Lox 237 - Dothan,"1571 Westgate Parkway, Dothan, AL, 36303",1571 Westgate Parkway,Dothan,AL,36303,31.2594,-85.4321573,ALDI,active,USA,2378038
153918,Aldi - Lox 96 - Enterprise,"630 Boll Weevil Cir, Enterprise, AL, 36330",630 Boll Weevil Cir,Enterprise,AL,36330,31.318544,-85.828403,ALDI,active,USA,2378010
143698,Aldi - Lox 40 - Fairhope,"10140 County Rd 48, Fairhope, AL, 36532",10140 County Rd 48,Fairhope,AL,36532,30.523622,-87.853485,ALDI,active,USA,2378029
24400,Aldi - Mtj 96 - Florence,"411 Cox Creek Pkwy, Florence, AL, 35630",411 Cox Creek Pkwy,Florence,AL,35630,34.8410856,-87.640153,ALDI,active,USA,2378033
141941,Aldi - Lox 52 - Foley,"130 E Pride Blvd, Foley, AL, 36535",130 E Pride Blvd,Foley,AL,36535,30.3808355,-87.6821923,ALDI,active,USA,2378042
23649,Aldi - Mtj 37 - Fultondale,"1601 Morris Ave, Fultondale, AL, 35068",1601 Morris Ave,Fultondale,AL,35068,33.6082952,-86.8015549,ALDI,active,USA,2378039
24402,Aldi - Mtj 95 - Gadsden,"200 N Hood Ave, Gadsden, AL, 35903",200 N Hood Ave,Gadsden,AL,35903,34.0101616,-85.9935781,ALDI,active,USA,2378018
24403,Aldi - Mtj 85 - Guntersville,"11100 Us Hwy 431, Guntersville, AL, 35976",11100 Us Hwy 431,Guntersville,AL,35976,34.298788,-86.266739,ALDI,active,USA,2378041
23265,Aldi - Mtj 36 - Homewood,"428 Green Springs Hwy, Homewood, AL, 35209",428 Green Springs Hwy,Homewood,AL,35209,33.4640044,-86.8215035,ALDI,active,USA,2380170
23264,Aldi - Mtj 27 - Hoover,"1025 Marble Terrace, Hoover, AL, 35244",1025 Marble Terrace,Hoover,AL,35244,33.3539572,-86.8472027,ALDI,active,USA,2380218
24395,Aldi - Mtj 29 - Hueytown,"2891 Allison-Bonnett Memori, Hueytown, AL, 35023",2891 Allison-Bonnett Memori,Hueytown,AL,35023,33.452155,-86.969021,ALDI,active,USA,2380203
23615,Aldi - Mtj 83 - Huntsville,"2900-A Memorial Pkwy Sw, Huntsville, AL, 35801",2900-A Memorial Pkwy Sw,Huntsville,AL,35801,34.7063684,-86.59101,ALDI,active,USA,2378358
23616,Aldi - Mtj 80 - Huntsville,"11909 Memorial Pkwy S, Huntsville, AL, 35803",11909 Memorial Pkwy S,Huntsville,AL,35803,34.6127104,-86.5658349,ALDI,active,USA,2378014
23617,Aldi - Mtj 81 - Huntsville,"4710 University Dr Unit R1, Huntsville, AL, 35816",4710 University Dr Unit R1,Huntsville,AL,35816,34.7365701,-86.648486,ALDI,active,USA,2378356
92459,Aldi - Mtj 82 - Huntsville,"2125 Winchester Rd Ne, Huntsville, AL, 35811",2125 Winchester Rd Ne,Huntsville,AL,35811,34.8170518,-86.4959073,ALDI,active,USA,2378020
23614,Aldi - Mtj 97 - Madison,"7676 Hwy 72 W, Madison, AL, 35758",7676 Hwy 72 W,Madison,AL,35758,34.7557926,-86.7360449,ALDI,active,USA,2378027
480576,Aldi - Mtj 106 - Madison,"8455 Madison Blvd, Madison, AL, 35758",8455 Madison Blvd,Madison,AL,35758,34.6823867,-86.7344269,ALDI,active,USA,2378023
141141,Aldi - Lox 46 - Mobile,"5021 Rangeline Crossing Dr, Mobile, AL, 36619",5021 Rangeline Crossing Dr,Mobile,AL,36619,30.59896,-88.1617045,ALDI,active,USA,2378026
142052,Aldi - Lox 45 - Mobile,"1015 Schillinger Rd S, Mobile, AL, 36695",1015 Schillinger Rd S,Mobile,AL,36695,30.6688827,-88.2252623,ALDI,active,USA,2378346
142217,Aldi - Lox 44 - Mobile,"3658 Airport Blvd, Mobile, AL, 36608",3658 Airport Blvd,Mobile,AL,36608,30.6772778,-88.131644,ALDI,active,USA,2378022
396469,Aldi - Lox 233 - Mobile,"1550 Government Street, Mobile, AL, 36604",1550 Government Street,Mobile,AL,36604,30.6804247,-88.0752109,ALDI,active,USA,2378044
585295,Aldi - Lox 234 - Mobile,"9948 Airport Blvd, Mobile, AL, 36608",9948 Airport Blvd,Mobile,AL,36608,30.6724036,-88.277428,ALDI,active,USA,2378350
122850,Aldi - Lox 9 - Montgomery,"7340 Eastchase Parkway, Montgomery, AL, 36117",7340 Eastchase Parkway,Montgomery,AL,36117,32.3596577,-86.1638101,ALDI,active,USA,2378011
23673,Aldi - Lox 5 - Montgomery,"1568 Eastern Blvd, Montgomery, AL, 36117",1568 Eastern Blvd,Montgomery,AL,36117,32.3565089,-86.21912,ALDI,active,USA,2378036
538568,Aldi - Lox 242 - Montgomery,"1740 Carter Hill Road, Montgomery, AL, 36106",1740 Carter Hill Road,Montgomery,AL,36106,32.3579446,-86.2841752,ALDI,active,USA,2378012
24401,Aldi - Mtj 84 - Muscle Shoals,"516 W Avalon Ave, Muscle Shoals, AL, 35661",516 W Avalon Ave,Muscle Shoals,AL,35661,34.744188,-87.6692863,ALDI,active,USA,2378357
396463,Aldi - Lox 228 - Northport,"10 Mcfarland Blvd, Northport, AL, 35476",10 Mcfarland Blvd,Northport,AL,35476,33.237361,-87.5524871,ALDI,active,USA,2378028
39966,Aldi - Lox 77 - Northport,"5802 Mcfarland Blvd, Northport, AL, 35476",5802 Mcfarland Blvd,Northport,AL,35476,33.2352649,-87.6130239,ALDI,active,USA,2378017
508872,Aldi - Lox 247 - Northport,"13620 Highway 43 N, Northport, AL, 35475",13620 Highway 43 N,Northport,AL,35475,33.3056164,-87.6015906,ALDI,active,USA,2378035
24405,Aldi - Lox 246 - Opelika,"2400 Frederick Road, Opelika, AL, 36801",2400 Frederick Road,Opelika,AL,36801,32.6228434,-85.4118414,ALDI,active,USA,2378351
24404,Aldi - Mtj 30 - Oxford,"75 Holmes Dr, Oxford, AL, 36203",75 Holmes Dr,Oxford,AL,36203,33.60925728,-85.8266169,ALDI,active,USA,2378008
23263,Aldi - Mtj 32 - Pelham,"200 Big Mtn Rd, Pelham, AL, 35124",200 Big Mtn Rd,Pelham,AL,35124,33.3435784,-86.795092,ALDI,active,USA,2378024
41342,Aldi - Jef 106 - Phenix City,"3670 Marketplace Drive, Phenix City, AL, 36867",3670 Marketplace Drive,Phenix City,AL,36867,32.496889,-85.043977,ALDI,active,USA,2378034
396481,Aldi - Mtj 250 - Pinson,"4701 Centerpoint Road, Pinson, AL, 35126",4701 Centerpoint Road,Pinson,AL,35126,33.6952739,-86.6795273,ALDI,active,USA,2380055
23672,Aldi - Lox 3 - Prattville,"1817 East Main Street, Prattville, AL, 36066",1817 East Main Street,Prattville,AL,36066,32.4614211,-86.4206481,ALDI,active,USA,2378043
491129,Aldi - Mtj 242 - Rainbow City,"3331 Rainbow Dr, Rainbow City, AL, 35906",3331 Rainbow Dr,Rainbow City,AL,35906,33.9603598,-86.0371849,ALDI,active,USA,2378009
491130,Aldi - Lox 243 - Selma,"1952 W Dallas Ave, Selma, AL, 36701",1952 W Dallas Ave,Selma,AL,36701,32.398382,-87.0660166,ALDI,active,USA,2378347
396455,Aldi - Lox 174 - Semmes,"9082 Moffett Road, Semmes, AL, 36575",9082 Moffett Road,Semmes,AL,36575,30.7801083,-88.2571165,ALDI,active,USA,2378349
23852,Aldi - Lox 28 - Tuscaloosa,"1349 Mcfarland Blvd, Tuscaloosa, AL, 35404",1349 Mcfarland Blvd,Tuscaloosa,AL,35404,33.19968806,-87.52532834,ALDI,active,USA,2378013
491126,Aldi - Lox 251 - Tuscaloosa,"9750 Highway 69 S, Tuscaloosa, AL, 35405",9750 Highway 69 S,Tuscaloosa,AL,35405,33.1179972,-87.5531051,ALDI,active,USA,2378021
108403,Aldi - Lox 7 - Wetumpka,"4445 Us-231, Wetumpka, AL, 36092",4445 Us-231,Wetumpka,AL,36092,32.5057688,-86.2160879,ALDI,active,USA,2378359
164226,Aldi - Ofa 90 - Batesville,"23 Eagle Mountain Blvd, Batesville, AR, 72501",23 Eagle Mountain Blvd,Batesville,AR,72501,35.765165,-91.6112017,ALDI,active,USA,2378379
24654,Aldi - Ola 38 - Bentonville,"1006 Sw 14th Street, Bentonville, AR, 72712",1006 Sw 14th Street,Bentonville,AR,72712,36.3572806,-94.2236987,ALDI,active,USA,2378375
370130,Aldi - Ofa 96 - Cabot,"1118 West Main St, Cabot, AR, 72023",1118 West Main St,Cabot,AR,72023,34.977753,-92.0274299,ALDI,active,USA,2378367
177589,Aldi - Ofa 93 - Conway,"1272 South Amity Rd, Conway, AR, 72032",1272 South Amity Rd,Conway,AR,72032,35.0626489,-92.4132292,ALDI,active,USA,2378378
24653,Aldi - Ola 76 - Fayetteville,"3214 W Martin Luther King, Fayetteville, AR, 72704",3214 W Martin Luther King,Fayetteville,AR,72704,36.0513,-94.20661,ALDI,active,USA,2378377
109754,Aldi - Ola 5 - Fort Smith,"2201 South Zero Street, Fort Smith, AR, 72901",2201 South Zero Street,Fort Smith,AR,72901,35.3282635,-94.4114645,ALDI,active,USA,2378372
24658,Aldi - Ola 44 - Fort Smith,"8400 Phoenix Avenue, Fort Smith, AR, 72903",8400 Phoenix Avenue,Fort Smith,AR,72903,35.345437,-94.339014,ALDI,active,USA,2378370
24652,Aldi - Ola 45 - Harrison,"1105 Hwy 62/65 North, Harrison, AR, 72601",1105 Hwy 62/65 North,Harrison,AR,72601,36.25797,-93.12539,ALDI,active,USA,2378373
24650,Aldi - Ofa 62 - Jonesboro,"2610 S Caraway Road, Jonesboro, AR, 72401",2610 S Caraway Road,Jonesboro,AR,72401,35.8132273,-90.6773788,ALDI,active,USA,2378371
178413,Aldi - Ofa 110 - Little Rock,"12309 Chenal Pkwy, Little Rock, AR, 72211",12309 Chenal Pkwy,Little Rock,AR,72211,34.751805,-92.415306,ALDI,active,USA,2378364
576766,Aldi - Ofa 92 - Mountain Home,"45 Charles Blackburn Dr, Mountain Home, AR, 72653",45 Charles Blackburn Dr,Mountain Home,AR,72653,36.3532405,-92.3364391,ALDI,active,USA,2378362
497926,Aldi - Ofa 115 - North Little Rock,"4220 E Mccain Blvd, North Little Rock, AR, 72117",4220 E Mccain Blvd,North Little Rock,AR,72117,34.7892437,-92.2208196,ALDI,active,USA,2378369
24651,Aldi - Ofa 64 - Paragould,"2810 W Kingshighway, Paragould, AR, 72450",2810 W Kingshighway,Paragould,AR,72450,36.0596143,-90.5243424,ALDI,active,USA,2378368
24655,Aldi - Ola 73 - Rogers,"1316 West Walnut, Rogers, AR, 72756",1316 West Walnut,Rogers,AR,72756,36.3332159,-94.1359434,ALDI,active,USA,2378366
538570,Aldi - Ofa 116 - Russellville,"2400 E Main Street, Russellville, AR, 72802",2400 E Main Street,Russellville,AR,72802,35.2776526,-93.1054596,ALDI,active,USA,2378363
538562,Aldi - Ofa 117 - Searcy,"2620 E Beebe Capps Expy, Searcy, AR, 72143",2620 E Beebe Capps Expy,Searcy,AR,72143,35.2394045,-91.7058142,ALDI,active,USA,2378380
561981,Aldi - Ofa 113 - Sherwood,"9215 Highway 107, Sherwood, AR, 72120",9215 Highway 107,Sherwood,AR,72120,34.839054,-92.2320963,ALDI,active,USA,2378376
32164,Aldi - Ola 39 - Siloam Springs,"2802 Hwy 412 East, Siloam Springs, AR, 72761",2802 Hwy 412 East,Siloam Springs,AR,72761,36.1800384,-94.5132213,ALDI,active,USA,2378374
172972,Aldi - Ola 106 - Springdale,"5001 Elm Springs Rd, Springdale, AR, 72762",5001 Elm Springs Rd,Springdale,AR,72762,36.1928508,-94.1855281,ALDI,active,USA,2378361
24657,Aldi - Ola 79 - Springdale,"2009 S Thompson, Springdale, AR, 72764",2009 S Thompson,Springdale,AR,72764,36.1655857,-94.1424026,ALDI,active,USA,2378360
24659,Aldi - Ola 37 - Van Buren,"2309 Fayetteville Road, Van Buren, AR, 72956",2309 Fayetteville Road,Van Buren,AR,72956,35.4717681,-94.35723,ALDI,active,USA,2378365
139235,Aldi - Mor 152 - Buckeye,"1361 S Watson Rd, Buckeye, AZ, 85326",1361 S Watson Rd,Buckeye,AZ,85326,33.4337725,-112.5549735,ALDI,active,USA,2378392
538783,Aldi - Mor 170 - Casa Grande,"1829 E Florence Blvd, Casa Grande, AZ, 85122",1829 E Florence Blvd,Casa Grande,AZ,85122,32.8791211,-111.7088678,ALDI,active,USA,2378391
92466,Aldi - Mor 156 - Chandler,"2844 S Alma School Rd, Chandler, AZ, 85286",2844 S Alma School Rd,Chandler,AZ,85286,33.2639925,-111.8586975,ALDI,active,USA,2378384
570540,Aldi - Mor 159 - Gilbert,"1221 N Arizona Avenue, Gilbert, AZ, 85233",1221 N Arizona Avenue,Gilbert,AZ,85233,33.3720201,-111.8409924,ALDI,active,USA,2378389
92469,Aldi - Mor 165 - Gilbert,"1801 E Pecos Rd, Gilbert, AZ, 85295",1801 E Pecos Rd,Gilbert,AZ,85295,33.2948803,-111.7510481,ALDI,active,USA,2378397
162726,Aldi - Mor 154 - Glendale,"16880 N 59th Ave, Glendale, AZ, 85306",16880 N 59th Ave,Glendale,AZ,85306,33.6379411,-112.1885427,ALDI,active,USA,2378385
92468,Aldi - Mor 161 - Goodyear,"845 N Estrella Pkwy, Goodyear, AZ, 85338",845 N Estrella Pkwy,Goodyear,AZ,85338,33.456075,-112.391614,ALDI,active,USA,2378390
139237,Aldi - Mor 157 - Laveen,"5775 W Baseline Rd, Laveen, AZ, 85339",5775 W Baseline Rd,Laveen,AZ,85339,33.3766417,-112.1836527,ALDI,active,USA,2378386
139833,Aldi - Mor 163 - Mesa,"2738 Signal Butte Rd, Mesa, AZ, 85209",2738 Signal Butte Rd,Mesa,AZ,85209,33.3656149,-111.6014191,ALDI,active,USA,2378382
585293,Aldi - Mor 195 - Mesa,"1045 S Gilbert Road, Mesa, AZ, 85204",1045 S Gilbert Road,Mesa,AZ,85204,33.3957935,-111.7869446,ALDI,active,USA,2378383
92467,Aldi - Mor 160 - Peoria,"24665 N Lake Pleasant Pkwy, Peoria, AZ, 85383",24665 N Lake Pleasant Pkwy,Peoria,AZ,85383,33.7074395,-112.2707623,ALDI,active,USA,2378381
139114,Aldi - Mor 158 - Phoenix,"1401 E Bell Rd, Phoenix, AZ, 85022",1401 E Bell Rd,Phoenix,AZ,85022,33.6398971,-112.0519685,ALDI,active,USA,2378395
172954,Aldi - Mor 171 - Phoenix,"4555 E Cactus Road, Phoenix, AZ, 85032",4555 E Cactus Road,Phoenix,AZ,85032,33.5984068,-111.9848527,ALDI,active,USA,2378388
139234,Aldi - Mor 153 - Queen Creek,"20229 Ellsworth Rd, Queen Creek, AZ, 85142",20229 Ellsworth Rd,Queen Creek,AZ,85142,33.2647177,-111.6338773,ALDI,active,USA,2378396
495543,Aldi - Mor 175 - Surprise,"13727 W Bell Road, Surprise, AZ, 85374",13727 W Bell Road,Surprise,AZ,85374,33.637016,-112.352937,ALDI,active,USA,2378387
538782,Aldi - Mor 169 - Surprise,"17038 W Waddell Rd, Surprise, AZ, 85388",17038 W Waddell Rd,Surprise,AZ,85388,33.6098369,-112.4255351,ALDI,active,USA,2378393
162727,Aldi Mor 155 - Tempe,"1717 E Southern Ave, Tempe, AZ, 85282",1717 E Southern Ave,Tempe,AZ,85282,33.3920431,-111.9102839,ALDI,active,USA,2378394
17471,Aldi - Mor 112 - Alhambra,"2121 W Main Street 100, Alhambra, CA, 91801",2121 W Main Street 100,Alhambra,CA,91801,34.0923495,-118.1455241,ALDI,active,USA,2378059
14399,Aldi - Mor 28 - Anaheim,"275 S Euclid St, Anaheim, CA, 92802",275 S Euclid St,Anaheim,CA,92802,33.829669,-117.942693,ALDI,active,USA,2378060
14398,Aldi - Mor 109 - Arcadia,"1403 South Baldwin Ave, Arcadia, CA, 91007",1403 South Baldwin Ave,Arcadia,CA,91007,34.1234427,-118.05615,ALDI,active,USA,2378084
23865,Aldi - Mor 174 - Arroyo Grande,"1221 E Grand Ave, Arroyo Grande, CA, 93420",1221 E Grand Ave,Arroyo Grande,CA,93420,35.1193661,-120.6015609,ALDI,active,USA,2378424
17843,Aldi - Mor 92 - Bakersfield,"2120 Panama Lane, Bakersfield, CA, 93307",2120 Panama Lane,Bakersfield,CA,93307,35.2970379,-119.02646,ALDI,active,USA,2378426
17844,Aldi - Mor 91 - Bakersfield,"5190 Stockdale Highway, Bakersfield, CA, 93309",5190 Stockdale Highway,Bakersfield,CA,93309,35.3556858,-119.0591864,ALDI,active,USA,2378075
17469,Aldi - Mor 90 - Beaumont,"1638 E 2nd Street, Beaumont, CA, 92223",1638 E 2nd Street,Beaumont,CA,92223,33.9253128,-116.9494072,ALDI,active,USA,2378089
40025,Aldi - Mor 71 - Bellflower,"16123 Bellflower Blvd, Bellflower, CA, 90706",16123 Bellflower Blvd,Bellflower,CA,90706,33.8875898,-118.126349,ALDI,active,USA,2378101
14396,Aldi - Mor 50 - Buena Park,"8351 La Palma Ave, Buena Park, CA, 90620",8351 La Palma Ave,Buena Park,CA,90620,33.8482368,-117.98798,ALDI,active,USA,2378071
109748,Aldi - Mor 4 - Burbank,"687 N Victory Blvd, Burbank, CA, 91502",687 N Victory Blvd,Burbank,CA,91502,34.1801584,-118.3213725,ALDI,active,USA,2378416
21696,Aldi - Mor 75 - Calexico,"2450 Rockwood Avenue, Calexico, CA, 92231",2450 Rockwood Avenue,Calexico,CA,92231,32.6949491,-115.4961674,ALDI,active,USA,2378083
143680,Aldi - Mor 149 - Carson,"20700 S Avalon Blvd Ste 103, Carson, CA, 90746",20700 S Avalon Blvd Ste 103,Carson,CA,90746,33.8459574,-118.26278,ALDI,active,USA,2378056
14391,Aldi - Mor 24 - Cerritos,"11530 St South, Cerritos, CA, 90703",11530 St South,Cerritos,CA,90703,33.857493,-118.087645,ALDI,active,USA,2378086
14390,Aldi - Mor 113 - Chino,"3840 Grand Ave, Chino, CA, 91710",3840 Grand Ave,Chino,CA,91710,34.0011494,-117.7203849,ALDI,active,USA,2378065
17474,Aldi - Mor 96 - Chula Vista,"1850 Main Court, Chula Vista, CA, 91911",1850 Main Court,Chula Vista,CA,91911,32.5933999,-117.0351812,ALDI,active,USA,2378436
17477,Aldi - Mor 94 - Chula Vista,"40 N 4th Ave 110, Chula Vista, CA, 91910",40 N 4th Ave 110,Chula Vista,CA,91910,32.651228,-117.089458,ALDI,active,USA,2378414
23802,Aldi - Mor 11 - Clovis,"1725 Herndon Ave, Clovis, CA, 93611",1725 Herndon Ave,Clovis,CA,93611,36.8378999,-119.6861797,ALDI,active,USA,2378091
145246,Aldi - Mor 189 - Coachella,"50-180 Cesar Chavez Street, Coachella, CA, 92236",50-180 Cesar Chavez Street,Coachella,CA,92236,33.6828219,-116.181507,ALDI,active,USA,2378094
23876,Aldi - Mor 10 - Compton,"203 Towne Center Drive, Compton, CA, 90220",203 Towne Center Drive,Compton,CA,90220,33.879951,-118.2205565,ALDI,active,USA,2378092
22556,"Aldi - Mor 89 - Corona, California","705 N Main Street, Corona California, CA, 92880",705 N Main Street,Corona California,CA,92880,33.8904098,-117.5631589,ALDI,active,USA,2380056
14388,Aldi - Mor 2 - Covina,"1400 N Azusa Ava, Covina, CA, 91722",1400 N Azusa Ava,Covina,CA,91722,34.1045965,-117.9072125,ALDI,active,USA,2378051
24681,Aldi - Mor 98 - Delano,"490 Woollomes Avenue, Delano, CA, 93215",490 Woollomes Avenue,Delano,CA,93215,35.7464734,-119.25017,ALDI,active,USA,2378088
18452,Aldi - Mor 19 - Downey,"11215 Lakewood Blvd, Downey, CA, 90241",11215 Lakewood Blvd,Downey,CA,90241,33.9351757,-118.124611,ALDI,active,USA,2378408
144405,Aldi - Mor 58 - El Cajon,"123 Fletcher Parkway Suite A, El Cajon, CA, 92020",123 Fletcher Parkway Suite A,El Cajon,CA,92020,32.8067308,-116.9632669,ALDI,active,USA,2378440
21697,Aldi - Mor 81 - El Centro,"2260 North Imperial Ave, El Centro, CA, 92243",2260 North Imperial Ave,El Centro,CA,92243,32.8143528,-115.5714865,ALDI,active,USA,2378080
35698,Aldi - Mor 104 - Encinitas,"333 N El Camino Rd, Encinitas, CA, 92024",333 N El Camino Rd,Encinitas,CA,92024,33.055492,-117.260497,ALDI,active,USA,2378049
14379,Aldi - Mor 72 - 1330 E Valley Parkway # M -- Escondido - East,"1330 East Valley Parkway M, Escondido, CA, 92027",1330 East Valley Parkway M,Escondido,CA,92027,33.132562,-117.0651573,ALDI,active,USA,2378427
26993,Aldi - Mor 73 - 1352b W Valley Pkwy -- Escondido - West,"1352b W Valley Pkwy, Escondido, CA, 92029",1352b W Valley Pkwy,Escondido,CA,92029,33.1127591,-117.1036362,ALDI,active,USA,2378415
14375,Aldi - Mor 61 - Fontana,"15080 Summit Avenue, Fontana, CA, 92336",15080 Summit Avenue,Fontana,CA,92336,34.149642,-117.475373,ALDI,active,USA,2378076
370126,Aldi - Mor 12 - Fontana,"9954 Sierra Avenue, Fontana, CA, 92335",9954 Sierra Avenue,Fontana,CA,92335,34.0728373,-117.4368471,ALDI,active,USA,2378096
14373,Aldi - Mor 33 - Fountain Valley,"17070 Magnolia St, Fountain Valley, CA, 92708",17070 Magnolia St,Fountain Valley,CA,92708,33.714843,-117.9703202,ALDI,active,USA,2378087
109750,Aldi - Mor 39 - Fresno,"2072 W Shaw Ave, Fresno, CA, 93711",2072 W Shaw Ave,Fresno,CA,93711,36.8087192,-119.8281426,ALDI,active,USA,2378399
23877,Aldi - Mor 22 - Gardena - East On Redondo Beach Blvd,"1550 W Redondo Beach Blvd, Gardena, CA, 90247",1550 W Redondo Beach Blvd,Gardena,CA,90247,33.8895038,-118.3036312,ALDI,active,USA,2378053
11603,Aldi - Mor 32 - Garden Grove,"9901 Chapman Ave, Garden Grove, CA, 92841",9901 Chapman Ave,Garden Grove,CA,92841,33.7901081,-117.9600952,ALDI,active,USA,2378433
26997,Aldi - Mor 111 - Glendora,"1251 S Lone Hill Ave, Glendora, CA, 91740",1251 S Lone Hill Ave,Glendora,CA,91740,34.118118,-117.828853,ALDI,active,USA,2378052
23982,Aldi - Mor 198 - Hanford,"12181 W Lacey Blvd, Hanford, CA, 93230",12181 W Lacey Blvd,Hanford,CA,93230,36.3277853,-119.6762027,ALDI,active,USA,2378403
17472,Aldi - Mor 93 - Hesperia,"13360 Main Street, Hesperia, CA, 92345",13360 Main Street,Hesperia,CA,92345,34.4267569,-117.3713079,ALDI,active,USA,2378055
70376,Aldi - Mor 97 - Hesperia,"18667 Bear Valley Road, Hesperia, CA, 92345",18667 Bear Valley Road,Hesperia,CA,92345,34.469999,-117.25701,ALDI,active,USA,2378082
17466,Aldi - Mor 9 - Inglewood,"3330 W Century Blvd, Inglewood, CA, 90303",3330 W Century Blvd,Inglewood,CA,90303,33.944302,-118.329398,ALDI,active,USA,2378407
145239,Aldi - Mor 16 - Jurupa Valley,"6365 Pats Ranch Road, Jurupa Valley, CA, 91752",6365 Pats Ranch Road,Jurupa Valley,CA,91752,33.9733319,-117.5462123,ALDI,active,USA,2380253
145242,Aldi - Mor 65 - Jurupa Valley,"8098 Mission Blvd, Jurupa Valley, CA, 92509",8098 Mission Blvd,Jurupa Valley,CA,92509,34.0117973,-117.460003,ALDI,active,USA,2378410
17475,Aldi - Mor 29 - Laguna Woods,"24270 El Toro Road, Laguna Woods, CA, 92637",24270 El Toro Road,Laguna Woods,CA,92637,33.6095693,-117.7244651,ALDI,active,USA,2378050
17478,Aldi - Mor 5 - La Habra,"1001 East Imperial Hwy, La Habra, CA, 90631",1001 East Imperial Hwy,La Habra,CA,90631,33.9178659,-117.934682,ALDI,active,USA,2378431
14950,Aldi - Mor 78 - Lake Elsinore,"18294 Collier Avenue, Lake Elsinore, CA, 92530",18294 Collier Avenue,Lake Elsinore,CA,92530,33.6919484,-117.3393364,ALDI,active,USA,2378061
370127,Aldi - Mor 30 - Lake Forest,"23330 El Toro Rd, Lake Forest, CA, 92630",23330 El Toro Rd,Lake Forest,CA,92630,33.6228325,-117.6954576,ALDI,active,USA,2378085
17473,Aldi - Mor 101 - Lancaster,"2014 E Avenue J, Lancaster, CA, 93535",2014 E Avenue J,Lancaster,CA,93535,34.6894961,-118.0941346,ALDI,active,USA,2378093
14360,Aldi - Mor 49 - La Puente,"1545 N Hacienda Blvd, La Puente, CA, 91744",1545 N Hacienda Blvd,La Puente,CA,91744,34.0480638,-117.9476493,ALDI,active,USA,2378058
14359,Aldi - Mor 68 - La Quinta,"78601 Highway 111, La Quinta, CA, 92253",78601 Highway 111,La Quinta,CA,92253,33.7124947,-116.2936691,ALDI,active,USA,2378067
14358,Aldi - Mor 13 - La Verne,"2268 Foothill Blvd, La Verne, CA, 91750",2268 Foothill Blvd,La Verne,CA,91750,34.1111407,-117.7628243,ALDI,active,USA,2378441
144402,Aldi - Mor 193 - Lompoc,"729 North H Street, Lompoc, CA, 93436",729 North H Street,Lompoc,CA,93436,34.6497865,-120.45899,ALDI,active,USA,2378054
14353,Aldi - Mor 47 - Long Beach,"4580 Atlantic Ave, Long Beach, CA, 90807",4580 Atlantic Ave,Long Beach,CA,90807,33.8421875,-118.1835808,ALDI,active,USA,2378077
145243,Aldi - Mor 76 - Long Beach,"955 E Anaheim St, Long Beach, CA, 90813",955 E Anaheim St,Long Beach,CA,90813,33.7827909,-118.1809026,ALDI,active,USA,2378057
17468,Aldi - Mor 62 - Menifee,"30163 Haun Rd, Menifee, CA, 92584",30163 Haun Rd,Menifee,CA,92584,33.6827129,-117.1769317,ALDI,active,USA,2378430
23169,Aldi - Mor 110 - Monrovia,"731 E Huntington Drive, Monrovia, CA, 91016",731 E Huntington Drive,Monrovia,CA,91016,34.1413326,-117.98901,ALDI,active,USA,2378046
14348,Aldi - Mor 77 - Moreno Valley,"12630 Day Street, Moreno Valley, CA, 92553",12630 Day Street,Moreno Valley,CA,92553,33.9367124,-117.2761538,ALDI,active,USA,2378081
145238,Aldi - Mor 67 - Moreno Valley,"24865 Iris Avenue, Moreno Valley, CA, 92553",24865 Iris Avenue,Moreno Valley,CA,92553,33.8875448,-117.2280188,ALDI,active,USA,2378069
139832,Aldi - Mor 176 - Murrieta,"28230 Clinton Keith Rd, Murrieta, CA, 92563",28230 Clinton Keith Rd,Murrieta,CA,92563,33.599318,-117.167535,ALDI,active,USA,2378425
23879,Aldi - Mor 88 - Murrieta,"39025 Date Street, Murrieta, CA, 92563",39025 Date Street,Murrieta,CA,92563,33.5516168,-117.1419124,ALDI,active,USA,2378098
42732,Aldi - Mor 57 - Northridge,"19350 Nordhoff Street F, Northridge, CA, 91324",19350 Nordhoff Street F,Northridge,CA,91324,34.235231,-118.555183,ALDI,active,USA,2378090
40143,Aldi - Mor 52 - Oceanside,"4251 Oceanside Blvd, Oceanside, CA, 92056",4251 Oceanside Blvd,Oceanside,CA,92056,33.2078218,-117.2816647,ALDI,active,USA,2378405
17479,Aldi - Mor 14 - Oxnard,"1710 East Gonzales Road, Oxnard, CA, 93036",1710 East Gonzales Road,Oxnard,CA,93036,34.2187275,-119.1594494,ALDI,active,USA,2378429
22469,Aldi - Mor 117 - Oxnard,"635 South Ventura Road, Oxnard, CA, 93030",635 South Ventura Road,Oxnard,CA,93030,34.1961143,-119.1963734,ALDI,active,USA,2378095
17476,Aldi - Mor 85 - Palmdale,"740 W Rancho Vista Blvd, Palmdale, CA, 93551",740 W Rancho Vista Blvd,Palmdale,CA,93551,34.6006811,-118.1452744,ALDI,active,USA,2378434
15125,Aldi - Mor 69 - Palm Desert,"72543 Highway 111 Ste B, Palm Desert, CA, 92260",72543 Highway 111 Ste B,Palm Desert,CA,92260,33.7251644,-116.4018316,ALDI,active,USA,2378442
14343,Aldi - Mor 70 - Palm Springs,"5200 E Ramon Road B5, Palm Springs, CA, 92264",5200 E Ramon Road B5,Palm Springs,CA,92264,33.8177294,-116.490777,ALDI,active,USA,2378048
23457,Aldi - Mor 87 - Panorama City,"14626 W Roscoe Blvd, Panorama City, CA, 91402",14626 W Roscoe Blvd,Panorama City,CA,91402,34.2214904,-118.4509382,ALDI,active,USA,2378406
122822,Aldi - Mor 74 - Perris,"80 Citrus Avenue, Perris, CA, 92571",80 Citrus Avenue,Perris,CA,92571,33.8086773,-117.2281564,ALDI,active,USA,2378066
17470,Aldi - Mor 20 - Pico Rivera,"8950 Washington Blvd, Pico Rivera, CA, 90660",8950 Washington Blvd,Pico Rivera,CA,90660,33.9824423,-118.09881,ALDI,active,USA,2378438
184494,Aldi - Mor 146 - Pomona,"1670 Indian Hill Blvd, Pomona, CA, 91767",1670 Indian Hill Blvd,Pomona,CA,91767,34.0755344,-117.7183689,ALDI,active,USA,2378401
23914,Aldi - Mor 199 - Porterville,"756 S Jaye Street, Porterville, CA, 93257",756 S Jaye Street,Porterville,CA,93257,36.05326233,-119.02617759,ALDI,active,USA,2378402
109753,Aldi - Mor 127 - Poway,"13440 Poway Road, Poway, CA, 92064",13440 Poway Road,Poway,CA,92064,32.957406,-117.038725,ALDI,active,USA,2378432
122284,Aldi - Mor 95 - Ramona,"215 16th Street, Ramona, CA, 92065",215 16th Street,Ramona,CA,92065,33.036543,-116.877893,ALDI,active,USA,2378421
14339,Aldi - Mor 114 - Rancho Cucamonga,"11070 Foothill Blvd, Rancho Cucamonga, CA, 91730",11070 Foothill Blvd,Rancho Cucamonga,CA,91730,34.1066877,-117.562453,ALDI,active,USA,2378062
40017,Aldi - Mor 40 - Redlands,"27641 San Bernardino Ave 2, Redlands, CA, 92374",27641 San Bernardino Ave 2,Redlands,CA,92374,34.076124,-117.202498,ALDI,active,USA,2378419
23671,Aldi - Mor 44 - Rialto,"630 W Foothill Blvd, Rialto, CA, 92376",630 W Foothill Blvd,Rialto,CA,92376,34.1070868,-117.3825487,ALDI,active,USA,2378078
40018,Aldi - Mor 6 - Riverside,"3750 Tyler Street, Riverside, CA, 92503",3750 Tyler Street,Riverside,CA,92503,33.910262,-117.461787,ALDI,active,USA,2378412
570547,Aldi - Mor 191 - Rowland Heights,"17406 Colima Rd, Rowland Heights, CA, 91748",17406 Colima Rd,Rowland Heights,CA,91748,33.9898665,-117.926825,ALDI,active,USA,2378443
14332,Aldi - Mor 45 - San Bernardino,"625 E Hospitality Lane, San Bernardino, CA, 92408",625 E Hospitality Lane,San Bernardino,CA,92408,34.064695,-117.272578,ALDI,active,USA,2378417
26987,Aldi - Mor 55 - San Bernardino,"4020 Highland Avenue, San Bernardino, CA, 92346",4020 Highland Avenue,San Bernardino,CA,92346,34.137053,-117.1974,ALDI,active,USA,2380151
178407,Aldi - Mor 102 - San Diego,"5270 Balboa Ave, San Diego, CA, 92117",5270 Balboa Ave,San Diego,CA,92117,32.8197519,-117.1828183,ALDI,active,USA,2378100
184495,Aldi - Mor 83 - San Diego,"9340 Mira Mesa Blvd, San Diego, CA, 92126",9340 Mira Mesa Blvd,San Diego,CA,92126,32.9183189,-117.1233031,ALDI,active,USA,2378404
24107,Aldi - Mor 59 - San Diego,"8788 Navajo Road, San Diego, CA, 92119",8788 Navajo Road,San Diego,CA,92119,32.80387,-117.00761,ALDI,active,USA,2378445
24108,Aldi - Mor 21 - San Diego,"6755 Mira Mesa Blvd, San Diego, CA, 92121",6755 Mira Mesa Blvd,San Diego,CA,92121,32.905973,-117.1725207,ALDI,active,USA,2378413
23875,Aldi - Mor 80 - San Jacinto,"1667 S San Jacinto Ave, San Jacinto, CA, 92583",1667 S San Jacinto Ave,San Jacinto,CA,92583,33.7697015,-116.9586777,ALDI,active,USA,2378422
144410,Aldi - Mor 60 - San Marcos,"671 S Rancho Santa Fe Road, San Marcos, CA, 92078",671 S Rancho Santa Fe Road,San Marcos,CA,92078,33.1327322,-117.206244,ALDI,active,USA,2378428
24029,Aldi - Mor 34 - Santa Ana,"2830 S Bristol St, Santa Ana, CA, 92704",2830 S Bristol St,Santa Ana,CA,92704,33.708717,-117.886169,ALDI,active,USA,2378423
172945,Aldi - Mor 148 - Santa Clarita,"19361 Soledad Canyon Rd, Santa Clarita, CA, 91351",19361 Soledad Canyon Rd,Santa Clarita,CA,91351,34.4173207,-118.4743268,ALDI,active,USA,2380266
25401,Aldi - Mor 108 - Santa Clarita,"24860 Orchard Village Road, Santa Clarita, CA, 91355",24860 Orchard Village Road,Santa Clarita,CA,91355,34.381253,-118.541043,ALDI,active,USA,2380258
24027,Aldi - Mor 115 - Santa Fe Springs,"13210 Telegraph Rd, Santa Fe Springs, CA, 90670",13210 Telegraph Rd,Santa Fe Springs,CA,90670,33.9409799,-118.0509012,ALDI,active,USA,2378097
137447,Aldi - Mor 37 - Santa Maria,"425 Betteravia Road, Santa Maria, CA, 93454",425 Betteravia Road,Santa Maria,CA,93454,34.9254655,-120.4267829,ALDI,active,USA,2378437
14329,Aldi - Mor 46 - Simi Valley,"425 East Cochran Street, Simi Valley, CA, 93065",425 East Cochran Street,Simi Valley,CA,93065,34.2807394,-118.7892954,ALDI,active,USA,2378420
34257,Aldi - Mor 56 - Simi Valley,"3963 Cochran Street, Simi Valley, CA, 93063",3963 Cochran Street,Simi Valley,CA,93063,34.27986,-118.71851,ALDI,active,USA,2378439
17467,Aldi - Mor 18 - South Gate,"5830 Firestone Blvd, South Gate, CA, 90280",5830 Firestone Blvd,South Gate,CA,90280,33.9479098,-118.1639981,ALDI,active,USA,2378418
156020,Aldi - Mor 42 - Temecula,"32130 Temecula Parkway, Temecula, CA, 92592",32130 Temecula Parkway,Temecula,CA,92592,33.4828479,-117.0967857,ALDI,active,USA,2378074
17464,Aldi - Mor 64 - Temecula,"29655 Rancho California Road, Temecula, CA, 92591",29655 Rancho California Road,Temecula,CA,92591,33.5061887,-117.1421926,ALDI,active,USA,2378073
109764,Aldi - Mor 143 - Thousand Oaks,"179 N Moorpark Road, Thousand Oaks, CA, 91360",179 N Moorpark Road,Thousand Oaks,CA,91360,34.182265,-118.8775842,ALDI,active,USA,2378079
109758,Aldi - Mor 7 - Torrance,"24610 Crenshaw Blvd, Torrance, CA, 90505",24610 Crenshaw Blvd,Torrance,CA,90505,33.8016911,-118.3276481,ALDI,active,USA,2378047
178402,"Aldi - Mor 197 - Torrance- Across South Bay Galleria, Redondo Beach Blvd","4240 Redondo Beach Blvd, Torrance, CA, 90504",4240 Redondo Beach Blvd,Torrance,CA,90504,33.874202,-118.35027,ALDI,active,USA,2378068
144399,Aldi - Mor 192 - Tustin,"1091 Old Irvine Blvd, Tustin, CA, 92780",1091 Old Irvine Blvd,Tustin,CA,92780,33.7491814,-117.8090698,ALDI,active,USA,2378409
23670,Aldi - Mor 118 - Upland,"349 Mountain Avenue, Upland, CA, 91786",349 Mountain Avenue,Upland,CA,91786,34.0901601,-117.67179,ALDI,active,USA,2378411
122823,Aldi - Mor 144 - Ventura,"4717 Telephone Rd, Ventura, CA, 93003",4717 Telephone Rd,Ventura,CA,93003,34.2609164,-119.2351485,ALDI,active,USA,2378435
144422,Aldi - Mor 38 - Visalia,"4320 S Mooney Blvd, Visalia, CA, 93277",4320 S Mooney Blvd,Visalia,CA,93277,36.2912951,-119.3134914,ALDI,active,USA,2378070
14325,Aldi - Mor 63 - Vista,"1750 University Drive, Vista, CA, 92083",1750 University Drive,Vista,CA,92083,33.1724959,-117.2151564,ALDI,active,USA,2378099
40817,Aldi - Mor 79 - Walnut,"21555 Valley Blvd, Walnut, CA, 91789",21555 Valley Blvd,Walnut,CA,91789,34.0271178,-117.8374404,ALDI,active,USA,2378400
139115,Aldi Mor 48 - West Hills,"22741 Victory Blvd, West Hills, CA, 91307",22741 Victory Blvd,West Hills,CA,91307,34.1873582,-118.6225591,ALDI,active,USA,2378072
24028,Aldi - Mor 27 - Westminster,"13900 Goldenwest St, Westminster, CA, 92683",13900 Goldenwest St,Westminster,CA,92683,33.76032,-118.006832,ALDI,active,USA,2378063
14322,Aldi - Mor 119 - Whittier,"15535 Whittier Blvd, Whittier, CA, 90603",15535 Whittier Blvd,Whittier,CA,90603,33.9456897,-117.9954,ALDI,active,USA,2378064
17465,Aldi - Mor 1 - Yucaipa,"34000 Yucaipa Blvd, Yucaipa, CA, 92399",34000 Yucaipa Blvd,Yucaipa,CA,92399,34.0344562,-117.0618473,ALDI,active,USA,2378444
143692,Aldi - Mor 15 - Yucca Valley,"57691 Twentynine Palms Hwy, Yucca Valley, CA, 92284",57691 Twentynine Palms Hwy,Yucca Valley,CA,92284,34.1253509,-116.4064952,ALDI,active,USA,2378398
137437,Aldi - Swn 116 - Branford,"1151 West Main Street, Branford, CT, 06405",1151 West Main Street,Branford,CT,06405,41.275862,-72.827501,ALDI,active,USA,2378110
23972,Aldi - Swn 62 - Bristol,"110 Middle St, Bristol, CT, 06010",110 Middle St,Bristol,CT,06010,41.6658669,-72.9227559,ALDI,active,USA,2378109
70385,Aldi - Swn 105 - Canton,"101 Albany Turnpike, Canton, CT, 06019",101 Albany Turnpike,Canton,CT,06019,41.824641,-72.8838719,ALDI,active,USA,2378103
23882,Aldi - Swn 55 - Danbury,"63 Newtown Road, Danbury, CT, 06810",63 Newtown Road,Danbury,CT,06810,41.405107,-73.419193,ALDI,active,USA,2378129
24225,Aldi - Swn 49 - Dayville,"728 Hartford Pike, Dayville, CT, 06241",728 Hartford Pike,Dayville,CT,06241,41.841105,-71.8744577,ALDI,active,USA,2378112
23791,Aldi - Swn 54 - Derby,"72 Pershing Drive, Derby, CT, 06418",72 Pershing Drive,Derby,CT,06418,41.3291673,-73.0843431,ALDI,active,USA,2378108
23978,Aldi - Swn 47 - East Hartford,"801 Silver Lane, East Hartford, CT, 06118",801 Silver Lane,East Hartford,CT,06118,41.764374,-72.609056,ALDI,active,USA,2378121
7348,Aldi - Swn 44 - Enfield,"25 Hazard Avenue, Enfield, CT, 06082",25 Hazard Avenue,Enfield,CT,06082,41.9914952,-72.5807276,ALDI,active,USA,2378124
129390,Aldi - Swn 118 - Fairfield,"290 Tunxis Hill Road, Fairfield, CT, 06825",290 Tunxis Hill Road,Fairfield,CT,06825,41.177486,-73.2284326,ALDI,active,USA,2378116
23900,Aldi - Swn 52 - Groton,"688 Long Hill Road, Groton, CT, 06340",688 Long Hill Road,Groton,CT,06340,41.3504864,-72.0543624,ALDI,active,USA,2378131
27727,Aldi - Swn 74 - Hamden,"2300 Dixwell Ave, Hamden, CT, 06514",2300 Dixwell Ave,Hamden,CT,06514,41.373456,-72.91879,ALDI,active,USA,2378113
24226,Aldi - Swn 45 - Lisbon,"175 River Road, Lisbon, CT, 06351",175 River Road,Lisbon,CT,06351,41.5855047,-71.994406,ALDI,active,USA,2380230
141140,Aldi - Swn 141 - Meriden,"495 Chamberlain Highway, Meriden, CT, 06451",495 Chamberlain Highway,Meriden,CT,06451,41.5519698,-72.811389,ALDI,active,USA,2378127
23979,Aldi - Swn 34 - Middletown,"671 Washington Street, Middletown, CT, 06457",671 Washington Street,Middletown,CT,06457,41.553198,-72.674315,ALDI,active,USA,2378130
24227,Aldi - Swn 67 - Milford,"238 Boston Post Road, Milford, CT, 06460",238 Boston Post Road,Milford,CT,06460,41.2218377,-73.0745612,ALDI,active,USA,2378126
380662,Aldi - Swn 159 - Monroe,"205 Monroe Turnpike, Monroe, CT, 06468",205 Monroe Turnpike,Monroe,CT,06468,41.2994404,-73.2266409,ALDI,active,USA,2378114
23973,Aldi - Swn 70 - New Britain,"693 Farmington Avenue, New Britain, CT, 06053",693 Farmington Avenue,New Britain,CT,06053,41.6965651,-72.7899209,ALDI,active,USA,2378104
27698,Aldi - Swn 61 - New Haven,"480 Foxon Blvd, New Haven, CT, 06513",480 Foxon Blvd,New Haven,CT,06513,41.3215082,-72.8693634,ALDI,active,USA,2378123
23977,Aldi - Swn 65 - Newington,"2640 Berlin Turnpike, Newington, CT, 06111",2640 Berlin Turnpike,Newington,CT,06111,41.6791961,-72.7113057,ALDI,active,USA,2378105
23881,Aldi - Swn 58 - New Milford,"125 Danbury Road Suite A, New Milford, CT, 06776",125 Danbury Road Suite A,New Milford,CT,06776,41.5571851,-73.4160856,ALDI,active,USA,2378118
24058,Aldi - Swn 48 - North Windham,"332 Boston Post Road, North Windham, CT, 06256",332 Boston Post Road,North Windham,CT,06256,41.7390227,-72.1788504,ALDI,active,USA,2378122
396464,Aldi - Swn 164 - Plainville,"286 New Britain Avenue, Plainville, CT, 06062",286 New Britain Avenue,Plainville,CT,06062,41.6730601,-72.8389574,ALDI,active,USA,2378132
27733,Aldi - Swn 76 - Rocky Hill,"1863 Silas Deane Highway Suite A, Rocky Hill, CT, 06067",1863 Silas Deane Highway Suite A,Rocky Hill,CT,06067,41.6742214,-72.6517967,ALDI,active,USA,2378133
27678,Aldi - Swn 53 - Southington,"811 Queen St, Southington, CT, 06489",811 Queen St,Southington,CT,06489,41.638626,-72.872432,ALDI,active,USA,2378125
120895,Aldi - Swn 110 - South Windsor,"200 Gateway Boulevard, South Windsor, CT, 06074",200 Gateway Boulevard,South Windsor,CT,06074,41.81336,-72.55124,ALDI,active,USA,2378102
23902,Aldi - Swn 59 - Torrington,"320 East Elm St, Torrington, CT, 06790",320 East Elm St,Torrington,CT,06790,41.80759743,-73.11452221,ALDI,active,USA,2378119
23974,Aldi - Swn 43 - Vernon,"360 Talcottville Rd, Vernon, CT, 06066",360 Talcottville Rd,Vernon,CT,06066,41.8419776,-72.486701,ALDI,active,USA,2378107
27693,Aldi - Swn 60 - Wallingford,"1248 South Broad St, Wallingford, CT, 06492",1248 South Broad St,Wallingford,CT,06492,41.505133,-72.807625,ALDI,active,USA,2378117
23795,Aldi - Swn 68 - Waterbury,"62 Chase Ave, Waterbury, CT, 06704",62 Chase Ave,Waterbury,CT,06704,41.5795488,-73.0290049,ALDI,active,USA,2378111
23796,Aldi - Swn 64 - 464 Reidville Drive,"464 Reidville Drive, Waterbury, CT, 06705",464 Reidville Drive,Waterbury,CT,06705,41.5384993,-72.9970148,ALDI,active,USA,2378120
23901,Aldi - Swn 51 - Waterford,"122 Boston Post Road, Waterford, CT, 06385",122 Boston Post Road,Waterford,CT,06385,41.3419957,-72.1252296,ALDI,active,USA,2378106
23976,Aldi - Swn 69 - West Hartford,"511 New Park Avenue, West Hartford, CT, 06110",511 New Park Avenue,West Hartford,CT,06110,41.739558,-72.719269,ALDI,active,USA,2378115
23794,Aldi - Swn 63 - West Haven,"535 Sawmill Rd, West Haven, CT, 06516",535 Sawmill Rd,West Haven,CT,06516,41.2688035,-72.9786206,ALDI,active,USA,2378128
11456,Aldi - Fre 14 - Washington,"901 17th Street Ne, Washington, DC, 20002",901 17th Street Ne,Washington,DC,20002,38.90133,-76.9788,ALDI,active,USA,2378135
392416,Aldi - Fre 179 - Washington,"5300 South Dakota Ave Ne, Washington, DC, 20011",5300 South Dakota Ave Ne,Washington,DC,20011,38.9545357,-76.9997256,ALDI,active,USA,2378134
495753,Aldi - Fre 15 - Washington DC,"801 H St Ne, Washington, DC, 20002",801 H St Ne,Washington,DC,20002,38.8999199,-76.9946239,ALDI,active,USA,2378136
24085,Aldi - Fre 112 - Camden,"390 Walmart Drive, Camden, DE, 19934",390 Walmart Drive,Camden,DE,19934,39.0991193,-75.5460715,ALDI,active,USA,2378137
35566,Aldi - Fre 119 - Dover,"10 Dupont Hwy (Bldg 5), Dover, DE, 19901",10 Dupont Hwy (Bldg 5),Dover,DE,19901,39.1636573,-75.5164951,ALDI,active,USA,2380127
24086,Aldi - Fre 159 - Middletown,"1002 Bunker Hill Road, Middletown, DE, 19709",1002 Bunker Hill Road,Middletown,DE,19709,39.449307,-75.7301531,ALDI,active,USA,2378142
144403,Aldi - Fre 168 - Milford,"696 N Dupont Blvd, Milford, DE, 19963",696 N Dupont Blvd,Milford,DE,19963,38.9184473,-75.4382054,ALDI,active,USA,2378145
145240,Aldi - Fre 170 - Millsboro,"26676 Centerview Drive Suite A, Millsboro, DE, 19966",26676 Centerview Drive Suite A,Millsboro,DE,19966,38.5721589,-75.2880079,ALDI,active,USA,2378143
139240,Aldi - Ctv 143 - Newark,"323 West Main Street, Newark, DE, 19713",323 West Main Street,Newark,DE,19713,39.6694867,-75.6659418,ALDI,active,USA,2378138
137442,Aldi - Fre 190 - Rehoboth Beach,"19563 Coastal Hwy, Rehoboth Beach, DE, 19971",19563 Coastal Hwy,Rehoboth Beach,DE,19971,38.7206435,-75.1158635,ALDI,active,USA,2378139
24087,Aldi - Fre 127 - Smyrna,"1382 S Dupont Blvd, Smyrna, DE, 19977",1382 S Dupont Blvd,Smyrna,DE,19977,39.283336,-75.595923,ALDI,active,USA,2378141
23883,Aldi - Ctv 149 - Wilmington,"2205 Farrand Dr, Wilmington, DE, 19808",2205 Farrand Dr,Wilmington,DE,19808,39.72755424,-75.64889351,ALDI,active,USA,2378144
370110,Aldi - Ctv 213 - Wilmington,"4130 Concord Pike, Wilmington, DE, 19803",4130 Concord Pike,Wilmington,DE,19803,39.8113147,-75.5514494,ALDI,active,USA,2378140
30948,Aldi - Hai 5 - Altamonte Springs,"924 State Road 436 1410, Altamonte Springs, FL, 32714",924 State Road 436 1410,Altamonte Springs,FL,32714,28.6642197,-81.4205964,ALDI,active,USA,2378505
23279,Aldi - Hai 4 - Apopka,"1636 E Semoran Blvd, Apopka, FL, 32703",1636 E Semoran Blvd,Apopka,FL,32703,28.6721044,-81.4796457,ALDI,active,USA,2378314
396471,Aldi - Hai 249 - Arcadia,"1737 East Oak Street, Arcadia, FL, 34266",1737 East Oak Street,Arcadia,FL,34266,27.2101698,-81.8380577,ALDI,active,USA,2378499
24388,Aldi - Hai 9 - Auburndale,"2133 Us Highway 92 West, Auburndale, FL, 33823",2133 Us Highway 92 West,Auburndale,FL,33823,28.0564359,-81.8150067,ALDI,active,USA,2378476
471246,Aldi - Rpb 191 - Aventura,"20417 Biscayne Boulevard, Aventura, FL, 33180",20417 Biscayne Boulevard,Aventura,FL,33180,25.9650222,-80.1429456,ALDI,active,USA,2378147
396482,Aldi - Hai 209 - Avon Park,"802 Us Highway 27s, Avon Park, FL, 33825",802 Us Highway 27s,Avon Park,FL,33825,27.587835,-81.5160131,ALDI,active,USA,2378300
109749,Aldi - Hai 14 - Bartow,"1046 N Wilson Ave, Bartow, FL, 33830",1046 N Wilson Ave,Bartow,FL,33830,27.9048,-81.8382683,ALDI,active,USA,2378173
145872,Aldi - Rpb 35 - Boca Raton,"4901 Federal Highway, Boca Raton, FL, 33431",4901 Federal Highway,Boca Raton,FL,33431,26.3934023,-80.0776441,ALDI,active,USA,2378227
23294,Aldi - Rpb 36 - Boca Raton,"21759 State Road 7, Boca Raton, FL, 33428",21759 State Road 7,Boca Raton,FL,33428,26.35124,-80.20464,ALDI,active,USA,2378495
480580,Aldi - Rpb 235 - Boca Raton,"7024 Beracasa Way, Boca Raton, FL, 33433",7024 Beracasa Way,Boca Raton,FL,33433,26.3530488,-80.1555052,ALDI,active,USA,2378251
122827,Aldi - Rpb 28 - Bonita Springs,"8951 Bonita Beach Rd, Bonita Springs, FL, 34135",8951 Bonita Beach Rd,Bonita Springs,FL,34135,26.3282612,-81.8036474,ALDI,active,USA,2378217
23295,Aldi - Rpb 20 - Boynton Beach,"3452 W Boynton Beach Blvd, Boynton Beach, FL, 33436",3452 W Boynton Beach Blvd,Boynton Beach,FL,33436,26.526886,-80.098291,ALDI,active,USA,2378318
396452,Aldi - Rpb 158 - Boynton Beach,"8855 Boynton Beach Blvd Suite 100, Boynton Beach, FL, 33472",8855 Boynton Beach Blvd Suite 100,Boynton Beach,FL,33472,26.5292245,-80.186617,ALDI,active,USA,2378185
144414,Aldi - Hai 145 - Bradenton,"8580 Heritage Green Way, Bradenton, FL, 34212",8580 Heritage Green Way,Bradenton,FL,34212,27.4866659,-82.4575511,ALDI,active,USA,2378174
14718,Aldi - Hai 47 - Bradenton,"4705 Cortez Road West, Bradenton, FL, 34210",4705 Cortez Road West,Bradenton,FL,34210,27.4618037,-82.6090872,ALDI,active,USA,2378512
23418,Aldi - Rpb 175 - Bradenton,"4525 53rd Avenue East, Bradenton, FL, 34203",4525 53rd Avenue East,Bradenton,FL,34203,27.4468789,-82.5039534,ALDI,active,USA,2378287
23419,Aldi - Hai 56 - Bradenton,"5715 14th Street West, Bradenton, FL, 34207",5715 14th Street West,Bradenton,FL,34207,27.4393035,-82.5745815,ALDI,active,USA,2378231
370120,Aldi - Hai 156 - Bradenton,"6040 Crossland Trail, Bradenton, FL, 34203",6040 Crossland Trail,Bradenton,FL,34203,27.4336934,-82.4206674,ALDI,active,USA,2378154
471270,Aldi - Hai 240 - Bradenton,"5805 Manatee Ave, Bradenton, FL, 34209",5805 Manatee Ave,Bradenton,FL,34209,27.4945576,-82.6194735,ALDI,active,USA,2378277
23440,Aldi - Hai 42 - Brandon - Kingsway & 60th,"620 E Brandon Blvd, Brandon, FL, 33511",620 E Brandon Blvd,Brandon,FL,33511,27.9387749,-82.2761687,ALDI,active,USA,2378165
28953,Aldi - Hai 43 - Brandon,"1945-A W Lumsden Rd, Brandon, FL, 33511",1945-A W Lumsden Rd,Brandon,FL,33511,27.92314503,-82.31639926,ALDI,active,USA,2378216
23706,Aldi - Hai 46 - Brooksville,"12261 Cortez Boulevard, Brooksville, FL, 34613",12261 Cortez Boulevard,Brooksville,FL,34613,28.534695,-82.5217462,ALDI,active,USA,2378486
172962,Aldi - Rpb 34 - Lake Worth,"8686 Lake Worth Road, Building D Lake Worth, FL, 33467",8686 Lake Worth Road,Building D Lake Worth,FL,33467,26.6159013,-80.1833618,ALDI,active,USA,2378308
471254,Aldi - Hai 234 - Bushnell,"1122 N Main St, Bushnell, FL, 33513",1122 N Main St,Bushnell,FL,33513,28.6823683,-82.1123624,ALDI,active,USA,2378292
153913,Aldi - Lox 63 - Callaway,"5500 East 7th Street, Callaway, FL, 32404",5500 East 7th Street,Callaway,FL,32404,30.1601247,-85.5925492,ALDI,active,USA,2378233
147894,Aldi - Rpb 30 - Cape Coral,"2615 Santa Barbara Blvd, Cape Coral, FL, 33914",2615 Santa Barbara Blvd,Cape Coral,FL,33914,26.6030629,-81.9731868,ALDI,active,USA,2378488
27897,Aldi - Rpb 5 - 1843 Ne Pine Island Road,"1843 Ne Pine Island Road, Cape Coral, FL, 33909",1843 Ne Pine Island Road,Cape Coral,FL,33909,26.67144,-81.93338,ALDI,active,USA,2378195
40014,Aldi - Rpb 25 - Cape Coral,"1481 Sw Pine Island Road, Cape Coral, FL, 33991",1481 Sw Pine Island Road,Cape Coral,FL,33991,26.63968,-82.00442,ALDI,active,USA,2378447
40019,Aldi - Rpb 22 - Cape Coral,"2301 Del Prado Blvd, Cape Coral, FL, 33990",2301 Del Prado Blvd,Cape Coral,FL,33990,26.6109939,-81.939112,ALDI,active,USA,2378159
497928,Aldi - Rpb 31 - Cape Coral,"3560 De Navarra Pkwy, Cape Coral, FL, 33909",3560 De Navarra Pkwy,Cape Coral,FL,33909,26.721456,-81.915131,ALDI,active,USA,2380060
27754,Aldi - Hai 6 - Casselberry,"153 Fl-436, Casselberry, FL, 32730",153 Fl-436,Casselberry,FL,32730,28.6587997,-81.3401984,ALDI,active,USA,2380323
508871,Aldi - Hai 216 - Chiefland,"2202 N Young Blvd, Chiefland, FL, 32626",2202 N Young Blvd,Chiefland,FL,32626,29.4997727,-82.8723066,ALDI,active,USA,2378200
27842,Aldi - Hai 61 - Citrus Park,"10419 Sheldon Road, Citrus Park, FL, 33626",10419 Sheldon Road,Citrus Park,FL,33626,28.0427934,-82.5820585,ALDI,active,USA,2380193
144398,Aldi - Hai 180 - Clearwater,"2150 Gulf To Bay Boulevard, Clearwater, FL, 33765",2150 Gulf To Bay Boulevard,Clearwater,FL,33765,27.960598,-82.7480935,ALDI,active,USA,2378151
23244,Aldi - Hai 63 - Clearwater,"24756 Us 19 North, Clearwater, FL, 33763",24756 Us 19 North,Clearwater,FL,33763,27.9970131,-82.7305416,ALDI,active,USA,2378256
23857,Aldi - Hai 17 - Clermont,"2503 S Highway 27, Clermont, FL, 34711",2503 S Highway 27,Clermont,FL,34711,28.534656,-81.7353695,ALDI,active,USA,2378198
35477,Aldi - Hai 27 - Clermont,"9550 Us Highway 192, Clermont, FL, 34714",9550 Us Highway 192,Clermont,FL,34714,28.3460737,-81.6650601,ALDI,active,USA,2378213
23479,Aldi - Rpb 157 - Cocoa,"2609 Clearlake Rd, Cocoa, FL, 32922",2609 Clearlake Rd,Cocoa,FL,32922,28.3934946,-80.7558419,ALDI,active,USA,2378238
23191,Aldi - Rpb 66 - Cooper City,"4298 N University Drive, Cooper City, FL, 33024",4298 N University Drive,Cooper City,FL,33024,26.0447217,-80.2526397,ALDI,active,USA,2380128
121618,Aldi - Rpb 45 - Coral Springs,"9184 Wiles Road, Coral Springs, FL, 33067",9184 Wiles Road,Coral Springs,FL,33067,26.2853934,-80.2486854,ALDI,active,USA,2380271
164621,Aldi - Rpb 46 - Coral Springs,"651 North University Drive, Coral Springs, FL, 33071",651 North University Drive,Coral Springs,FL,33071,26.2391888,-80.2533425,ALDI,active,USA,2378473
27948,Aldi - Rpb 92 - Coral Springs,"6198 W Sample Road, Coral Springs, FL, 33067",6198 W Sample Road,Coral Springs,FL,33067,26.2730385,-80.2045704,ALDI,active,USA,2380226
480573,Aldi - Lox 186 - Crawfordville,"2629 Crawfordville Highway, Crawfordville, FL, 32327",2629 Crawfordville Highway,Crawfordville,FL,32327,30.1922646,-84.3702231,ALDI,active,USA,2378171
153915,Aldi - Lox 60 - Crestview,"2680 S Ferdon Blvd, Crestview, FL, 32536",2680 S Ferdon Blvd,Crestview,FL,32536,30.7325438,-86.5670796,ALDI,active,USA,2378168
480566,Aldi - Hai 224 - Crystal River,"1651 Se Us Highway 19, Crystal River, FL, 34429",1651 Se Us Highway 19,Crystal River,FL,34429,28.8833436,-82.5807068,ALDI,active,USA,2378177
12260,Aldi - Rpb 97 - Cutler Bay,"19650 S Dixie Highway, Cutler Bay, FL, 33157",19650 S Dixie Highway,Cutler Bay,FL,33157,25.584978,-80.364547,ALDI,active,USA,2380142
23217,Aldi - Rpb 68 - Dania Beach,"700 Stirling Road, Dania Beach, FL, 33004",700 Stirling Road,Dania Beach,FL,33004,26.0490236,-80.1495745,ALDI,active,USA,2378520
40141,Aldi - Hai 18 - Davenport,"7820 Osceola Polk Line Road, Davenport, FL, 33896",7820 Osceola Polk Line Road,Davenport,FL,33896,28.258909,-81.588961,ALDI,active,USA,2378297
570546,Aldi - Rpb 245 - Davie,"11290 W State Road 84, Davie, FL, 33325",11290 W State Road 84,Davie,FL,33325,26.1090619,-80.2998953,ALDI,active,USA,2380280
23482,Aldi - Rpb 170 - Daytona Beach,"1106 Beville Road, Daytona Beach, FL, 32114",1106 Beville Road,Daytona Beach,FL,32114,29.1759041,-81.0308788,ALDI,active,USA,2378296
27860,Aldi - Rpb 164 - Daytona Beach,"812 N Nova Rd, Daytona Beach, FL, 32117",812 N Nova Rd,Daytona Beach,FL,32117,29.21942,-81.04958,ALDI,active,USA,2378271
23293,Aldi - Rpb 90 - Deerfield Beach,"3825 W Hillsboro Blvd, Deerfield Beach, FL, 33442",3825 W Hillsboro Blvd,Deerfield Beach,FL,33442,26.3185691,-80.1556204,ALDI,active,USA,2378194
27943,Aldi - Rpb 91 - Deerfield Beach,"747 South Federal Highway, Deerfield Beach, FL, 33441",747 South Federal Highway,Deerfield Beach,FL,33441,26.3078406,-80.0932123,ALDI,active,USA,2378209
370132,Aldi - Rpb 41 - Deerfield Beach,"2301 W Sample Rd, Deerfield Beach, FL, 33073",2301 W Sample Rd,Deerfield Beach,FL,33073,26.2753812,-80.1550774,ALDI,active,USA,2380157
606556,Aldi - Lox 163 - Defuniak Springs,"1030 Us Hwy 331 S Suite G, Defuniak Springs, FL, 32435",1030 Us Hwy 331 S Suite G,Defuniak Springs,FL,32435,30.7077219,-86.1244472,ALDI,active,USA,2380322
122281,Aldi - Hai 166 - Orange City / South Deland,"2701 S Woodland Blvd, Deland, FL, 32720",2701 S Woodland Blvd,Deland,FL,32720,28.9804685,-81.2987631,ALDI,active,USA,2378222
27595,Aldi - Hai 126 - North Deland,"1470 N Woodland Blvd Ste 1, Deland, FL, 32720",1470 N Woodland Blvd Ste 1,Deland,FL,32720,29.0542516,-81.3060159,ALDI,active,USA,2378522
172968,Aldi - Rpb 75 - Delray Beach,"7577 Atlantic Avenue- Building B, Delray Beach, FL, 33446",7577 Atlantic Avenue- Building B,Delray Beach,FL,33446,26.4539079,-80.1654961,ALDI,active,USA,2380306
23296,Aldi - Rpb 85 - Delray Beach,"4801 Linton Blvd, Delray Beach, FL, 33445",4801 Linton Blvd,Delray Beach,FL,33445,26.4409255,-80.121049,ALDI,active,USA,2378457
396472,Aldi - Hai 231 - Deltona,"2880 Howland Boulevard, Deltona, FL, 32725",2880 Howland Boulevard,Deltona,FL,32725,28.9450109,-81.2246073,ALDI,active,USA,2378163
40020,Aldi - Rpb 83 - Doral,"5875 Nw 105th Ct Unit 100, Doral, FL, 33178",5875 Nw 105th Ct Unit 100,Doral,FL,33178,25.828046,-80.369161,ALDI,active,USA,2378526
124305,Aldi - Hai 148 - Dunnellon,"11223 N Williams St Unit O, Dunnellon, FL, 34432",11223 N Williams St Unit O,Dunnellon,FL,34432,29.0601771,-82.4531883,ALDI,active,USA,2378289
143701,Aldi - Rpb 181 - Edgewater,"1825 S Ridgewood Avenue, Edgewater, FL, 32141",1825 S Ridgewood Avenue,Edgewater,FL,32141,28.9717351,-80.8947458,ALDI,active,USA,2378148
480571,Aldi - Hai 220 - Englewood,"4100 S Mccall Road, Englewood, FL, 34224",4100 S Mccall Road,Englewood,FL,34224,26.9334936,-82.2708903,ALDI,active,USA,2378182
480581,Aldi - Rpb 243 - Englewood,"1951 S Mccall Rd Ste 300, Englewood, FL, 34223",1951 S Mccall Rd Ste 300,Englewood,FL,34223,26.9367423,-82.3362374,ALDI,active,USA,2378458
68619,Aldi - Rpb 23 - Estero,"19951 S Tamiami Trail, Estero, FL, 33928",19951 S Tamiami Trail,Estero,FL,33928,26.4516854,-81.8195917,ALDI,active,USA,2378223
27892,Aldi - Hai 118 - Eustis,"17395 Us Hwy 441, Eustis, FL, 32726",17395 Us Hwy 441,Eustis,FL,32726,28.8215522,-81.6691676,ALDI,active,USA,2378465
606554,Aldi - Hai 333 - Eustis,"1955 N State Road 19, Eustis, FL, 32726",1955 N State Road 19,Eustis,FL,32726,28.8742268,-81.6855956,ALDI,active,USA,2378482
585288,Aldi - Hai 328 - Fernandina Beach,"947 Amelia Plz, Fernandina Beach, FL, 32034",947 Amelia Plz,Fernandina Beach,FL,32034,30.6472727,-81.4582817,ALDI,active,USA,2378146
23843,Aldi - Rpb 61 - Florida City,"33290 S Dixie Highway, Florida City, FL, 33034",33290 S Dixie Highway,Florida City,FL,33034,25.4586055,-80.4758044,ALDI,active,USA,2380173
121619,Aldi - Rpb 26 - Fort Myers,"5591 Six Mile Commercial Ct, Fort Myers, FL, 33912",5591 Six Mile Commercial Ct,Fort Myers,FL,33912,26.528839,-81.8641813,ALDI,active,USA,2378508
122279,Aldi - Rpb 16 - Fort Myers,"4560 Colonial Blvd, Fort Myers, FL, 33966",4560 Colonial Blvd,Fort Myers,FL,33966,26.6102513,-81.8191058,ALDI,active,USA,2378190
23562,Aldi - Rpb 17 - Fort Myers,"10991 Saxum Drive, Fort Myers, FL, 33908",10991 Saxum Drive,Fort Myers,FL,33908,26.4949216,-81.9341297,ALDI,active,USA,2378283
27903,Aldi - Rpb 6 - Fort Myers,"11281 S Cleveland Avenue, Fort Myers, FL, 33907",11281 S Cleveland Avenue,Fort Myers,FL,33907,26.5758371,-81.8707098,ALDI,active,USA,2378477
570558,Aldi - Rpb 248 - Fort Myers,"14600 Palm Beach Boulevard, Fort Myers, FL, 33905",14600 Palm Beach Boulevard,Fort Myers,FL,33905,26.7115706,-81.7190566,ALDI,active,USA,2378504
177586,Aldi - Rpb 37 - Fort Pierce,"5575 Okeechobee Rd, Fort Pierce, FL, 34947",5575 Okeechobee Rd,Fort Pierce,FL,34947,27.4172253,-80.3817404,ALDI,active,USA,2378249
23618,Aldi - Rpb 76 - Fort Pierce,"1412 S Us Highway One, Fort Pierce, FL, 34950",1412 S Us Highway One,Fort Pierce,FL,34950,27.4327669,-80.325524,ALDI,active,USA,2378532
177620,Aldi - Lox 33 - Fort Walton Beach,"427 Mary Esther Cutoff, Fort Walton Beach, FL, 32548",427 Mary Esther Cutoff,Fort Walton Beach,FL,32548,30.4253231,-86.6451284,ALDI,active,USA,2378311
396465,Aldi - Lox 241 - Fort Walton Beach,"798 Beal Parkway, Fort Walton Beach, FL, 32547",798 Beal Parkway,Fort Walton Beach,FL,32547,30.4475674,-86.6401454,ALDI,active,USA,2378197
570557,Aldi - Lox 156 - Fort Walton Beach,"99 Eglin Pkwy, Fort Walton Beach, FL, 32548",99 Eglin Pkwy,Fort Walton Beach,FL,32548,30.4191849,-86.6081766,ALDI,active,USA,2378220
177957,Aldi - Rpb 70 - Fountainebleau,"7797 W Flagler Street, Fountainebleau, FL, 33144",7797 W Flagler Street,Fountainebleau,FL,33144,25.772022,-80.323167,ALDI,active,USA,2380250
23220,Aldi - Rpb 65 - Ft Lauderdale,"1707 E Commercial Blvd, Ft Lauderdale, FL, 33334",1707 E Commercial Blvd,Ft Lauderdale,FL,33334,26.1896419,-80.1240372,ALDI,active,USA,2378299
92421,Aldi - Rpb 63 - Ft. Lauderdale,"100 W Sunrise Blvd, Ft Lauderdale, FL, 33311",100 W Sunrise Blvd,Ft Lauderdale,FL,33311,26.1365846,-80.1456042,ALDI,active,USA,2378537
156019,Aldi - Hai 169 - Gainesville,"791 Nw 120th Ter, Gainesville, FL, 32607",791 Nw 120th Ter,Gainesville,FL,32607,29.659284,-82.469299,ALDI,active,USA,2378525
23676,Aldi - Hai 119 - Gainesville,"3773 Nw 13th Street, Gainesville, FL, 32609",3773 Nw 13th Street,Gainesville,FL,32609,29.6876495,-82.3382798,ALDI,active,USA,2378291
27885,Aldi - Hai 109 - Gainesville,"3003 Clark Butler Boulevard, Gainesville, FL, 32608",3003 Clark Butler Boulevard,Gainesville,FL,32608,29.6262773,-82.3818667,ALDI,active,USA,2378513
471272,Aldi - Hai 197 - Gainesville,"300 Sw 16th Avenue, Gainesville, FL, 32601",300 Sw 16th Avenue,Gainesville,FL,32601,29.6374398,-82.3290802,ALDI,active,USA,2378248
23301,Aldi - Rpb 59 - Greenacres,"3401 S Jog Rd, Greenacres, FL, 33467",3401 S Jog Rd,Greenacres,FL,33467,26.6263741,-80.1464244,ALDI,active,USA,2380177
24389,Aldi - Hai 33 - Haines City,"35770 Highway 27, Haines City, FL, 33844",35770 Highway 27,Haines City,FL,33844,28.1203007,-81.6405988,ALDI,active,USA,2378461
23414,Aldi - Rpb 89 - Hialeah,"1460 W 49th Street, Hialeah, FL, 33012",1460 W 49th Street,Hialeah,FL,33012,25.8650742,-80.3119965,ALDI,active,USA,2378451
27937,"Aldi - Rpb 84 - 7800 W. 33rd Avenue, Bay #2","7800 W 33rd Avenue Bay 2, Hialeah, FL, 33018",7800 W 33rd Avenue Bay 2,Hialeah,FL,33018,25.8941331,-80.349769,ALDI,active,USA,2378480
585284,Aldi - Rpb 152 - Hobe Sound,"8867 Se Bridge Rd, Hobe Sound, FL, 33455",8867 Se Bridge Rd,Hobe Sound,FL,33455,27.0619012,-80.1349506,ALDI,active,USA,2378193
27795,Aldi - Hai 32 - Holiday,"2643 Us Hwy 19, Holiday, FL, 34691",2643 Us Hwy 19,Holiday,FL,34691,28.1977142,-82.7408251,ALDI,active,USA,2378449
27931,Aldi - Rpb 67 - 775 S. State Road 7,"775 S State Road 7, Hollywood, FL, 33023",775 S State Road 7,Hollywood,FL,33023,26.003085,-80.2055307,ALDI,active,USA,2378244
471252,Aldi - Hai 198 - Homosassa,"3792 S Suncoast Blvd, Homosassa, FL, 34448",3792 S Suncoast Blvd,Homosassa,FL,34448,28.8072032,-82.5786792,ALDI,active,USA,2378211
109759,Aldi - Hai 80 - Hudson,"12070 Little Road, Hudson, FL, 34669",12070 Little Road,Hudson,FL,34669,28.332304,-82.6662318,ALDI,active,USA,2378161
471251,Aldi - Hai 238 - Melbourne,"961 E Eau Gallie Blvd, Indian Harbour Beach, FL, 32937",961 E Eau Gallie Blvd,Indian Harbour Beach,FL,32937,28.137718,-80.5842891,ALDI,active,USA,2380201
120892,Aldi - Hai 141 - Jacksonville,"Phillips & Emerson, Jacksonville, FL, 32207",Phillips & Emerson,Jacksonville,FL,32207,30.2874983,-81.634815,ALDI,active,USA,2380058
23388,Aldi - Hai 104 - Jacksonville,"7043 Normandy Blvd, Jacksonville, FL, 32205",7043 Normandy Blvd,Jacksonville,FL,32205,30.3017496,-81.7640422,ALDI,active,USA,2378261
23389,Aldi - Hai 108 - Jacksonville,"10950 San Jose Blvd, Jacksonville, FL, 32223",10950 San Jose Blvd,Jacksonville,FL,32223,30.1769482,-81.6292811,ALDI,active,USA,2378472
23391,Aldi - Hai 105 - Jacksonville,"4444 Town Center Parkway, Jacksonville, FL, 32246",4444 Town Center Parkway,Jacksonville,FL,32246,30.2642946,-81.5290429,ALDI,active,USA,2378281
27879,Aldi - Hai 106 - Jacksonville,"9337 Atlantic Boulevard Unit 1, Jacksonville, FL, 32225",9337 Atlantic Boulevard Unit 1,Jacksonville,FL,32225,30.3190921,-81.5575002,ALDI,active,USA,2378166
27901,Aldi - Hai 73 - Jacksonville,"9041 Southside Blvd Unit 118, Jacksonville, FL, 32256",9041 Southside Blvd Unit 118,Jacksonville,FL,32256,30.1934991,-81.5496912,ALDI,active,USA,2378470
35118,Aldi - Hai 110 - Jacksonville,"9445 Argyle Forest Blvd, Jacksonville, FL, 32222",9445 Argyle Forest Blvd,Jacksonville,FL,32222,30.19552641,-81.82263394,ALDI,active,USA,2378205
396454,Aldi - Hai 178 - Jacksonville,"2261 Edgewood Ave W, Jacksonville, FL, 32209",2261 Edgewood Ave W,Jacksonville,FL,32209,30.3801452,-81.6985714,ALDI,active,USA,2378221
41018,Aldi - Hai 115 - Jacksonville,"15325 Max Leggett Parkway 200, Jacksonville, FL, 32218",15325 Max Leggett Parkway 200,Jacksonville,FL,32218,30.4852489,-81.6366581,ALDI,active,USA,2378206
480570,Aldi - Hai 202 - Jacksonville,"6060 Fort Caroline Rd Ste 1, Jacksonville, FL, 32277",6060 Fort Caroline Rd Ste 1,Jacksonville,FL,32277,30.3650621,-81.5963972,ALDI,active,USA,2378501
480572,Aldi - Hai 225 - Jacksonville,"8775 Old Kings Road South, Jacksonville, FL, 32217",8775 Old Kings Road South,Jacksonville,FL,32217,30.2213527,-81.5910313,ALDI,active,USA,2378276
538559,Aldi - Hai 303 - Jacksonville,"777 N Market St, Jacksonville, FL, 32202",777 N Market St,Jacksonville,FL,32202,30.3308345,-81.6516535,ALDI,active,USA,2378313
570536,Aldi - Hai 147 - Jacksonville,"3538 Blanding Blvd, Jacksonville, FL, 32210",3538 Blanding Blvd,Jacksonville,FL,32210,30.2702038,-81.7373358,ALDI,active,USA,2378484
570550,Aldi - Hai 304 - Jacksonville,"1531 Monument Rd, Jacksonville, FL, 32225",1531 Monument Rd,Jacksonville,FL,32225,30.3461939,-81.5244991,ALDI,active,USA,2378315
585292,Aldi - Hai 315 - Jacksonville,"2220 County Rd 210 W Suite 200, Jacksonville, FL, 32259",2220 County Rd 210 W Suite 200,Jacksonville,FL,32259,30.061341,-81.513641,ALDI,active,USA,2380205
585301,Aldi - Hai 184 - Jacksonville,"12777 Atlantic Blvd, Jacksonville, FL, 32225",12777 Atlantic Blvd,Jacksonville,FL,32225,30.3205541,-81.4713239,ALDI,active,USA,2378531
23620,Aldi - Rpb 79 - Jensen Beach,"4300 Nw Federal Highway, Jensen Beach, FL, 34957",4300 Nw Federal Highway,Jensen Beach,FL,34957,27.2575343,-80.2810708,ALDI,active,USA,2378150
471259,Aldi - Rpb 208 - Jensen Beach,"1105 Ne Jensen Beach Blvd, Jensen Beach, FL, 34957",1105 Ne Jensen Beach Blvd,Jensen Beach,FL,34957,27.2460351,-80.2374464,ALDI,active,USA,2378179
48368,Aldi - Rpb 51 - Jupiter,"6707 W Indiantown Rd, Jupiter, FL, 33458",6707 W Indiantown Rd,Jupiter,FL,33458,26.9357149,-80.1360208,ALDI,active,USA,2378294
27911,Aldi - Rpb 14 - Kendall,"16500 Sw 88th Street, Kendall, FL, 33196",16500 Sw 88th Street,Kendall,FL,33196,25.6826609,-80.459856,ALDI,active,USA,2380132
585306,Aldi - Rpb 244 - Key Largo,"105300 Overseas Highway, Key Largo, FL, 33037",105300 Overseas Highway,Key Largo,FL,33037,25.1605042,-80.3846152,ALDI,active,USA,2378519
23496,Aldi - Hai 28 - Kissimmee,"4425 W Vine St, Kissimmee, FL, 34746",4425 W Vine St,Kissimmee,FL,34746,28.3048266,-81.4587107,ALDI,active,USA,2378542
23497,Aldi - Hai 29 - Kissimmee,"864 Cypress Prkwy, Kissimmee, FL, 34759",864 Cypress Prkwy,Kissimmee,FL,34759,28.146306,-81.449178,ALDI,active,USA,2378279
27784,Aldi - Hai 25 - 1040 Buenaventura Blvd,"1040 Buenaventura Blvd, Kissimmee, FL, 34743",1040 Buenaventura Blvd,Kissimmee,FL,34743,28.34719,-81.36394,ALDI,active,USA,2378467
35568,Aldi - Hai 26 - Kissimmee,"5296 W Irlo Bronson Memorial Hwy, Kissimmee, FL, 34746",5296 W Irlo Bronson Memorial Hwy,Kissimmee,FL,34746,28.332995,-81.495878,ALDI,active,USA,2378186
23837,Aldi - Hai 39 - Lady Lake,"13937 Us 441, Lady Lake, FL, 32159",13937 Us 441,Lady Lake,FL,32159,28.9594995,-81.9632408,ALDI,active,USA,2378511
585307,Aldi - Hai 311 - Lady Lake,"944 Bichara Blvd, Lady Lake, FL, 32159",944 Bichara Blvd,Lady Lake,FL,32159,28.9365198,-81.9446933,ALDI,active,USA,2378286
24387,Aldi - Hai 102 - Lake City,"2016 W Us Highway 90, Lake City, FL, 32055",2016 W Us Highway 90,Lake City,FL,32055,30.179033,-82.6652531,ALDI,active,USA,2378521
144461,Aldi - Hai 186 - Lakeland,"4532 S Florida Avenue, Lakeland, FL, 33813",4532 S Florida Avenue,Lakeland,FL,33813,27.9824181,-81.956334,ALDI,active,USA,2378265
24079,Aldi - Hai 31 - Lakeland,"4745 Us Hwy 98 North, Lakeland, FL, 33809",4745 Us Hwy 98 North,Lakeland,FL,33809,28.1033695,-81.9727862,ALDI,active,USA,2378245
396462,Aldi - Hai 232 - Lakeland,"6902 South Florida Ave, Lakeland, FL, 33813",6902 South Florida Ave,Lakeland,FL,33813,27.9396985,-81.9724022,ALDI,active,USA,2378196
480578,Aldi - Hai 235 - Lakeland,"2900 Lakeland Highlands Roa, Lakeland, FL, 33803",2900 Lakeland Highlands Roa,Lakeland,FL,33803,28.0097465,-81.9223626,ALDI,active,USA,2378293
23411,Aldi - Rpb 13 - Lake Park,"220 North Congress Avenue, Lake Park, FL, 33403",220 North Congress Avenue,Lake Park,FL,33403,26.7982468,-80.084319,ALDI,active,USA,2380216
24390,Aldi - Hai 36 - Lake Wales,"753 Thompson Nursery Road, Lake Wales, FL, 33859",753 Thompson Nursery Road,Lake Wales,FL,33859,27.9563168,-81.6227312,ALDI,active,USA,2378317
396474,Aldi - Hai 217 - Lake Wales,"1860 State Road 60 East, Lake Wales, FL, 33853",1860 State Road 60 East,Lake Wales,FL,33853,27.8919571,-81.5582977,ALDI,active,USA,2378156
143679,Aldi - Rpb 179 - Lakewood Ranch,"7214 University Parkway, Lakewood Ranch, FL, 34240",7214 University Parkway,Lakewood Ranch,FL,34240,27.3864532,-82.3977658,ALDI,active,USA,2380228
23300,Aldi - Rpb 19 - Lake Worth,"4730 Hypoluxo Road, Lake Worth, FL, 33463",4730 Hypoluxo Road,Lake Worth,FL,33463,26.571175,-80.1177992,ALDI,active,USA,2378474
139238,Aldi - Rpb 40 - Lantana,"1233 W Lantana Rd, Lantana, FL, 33462",1233 W Lantana Rd,Lantana,FL,33462,26.5872432,-80.0636765,ALDI,active,USA,2378278
27834,Aldi - Hai 59 - Largo,"1177 North Missouri Avenue, Largo, FL, 33770",1177 North Missouri Avenue,Largo,FL,33770,27.9272423,-82.7893296,ALDI,active,USA,2378257
27990,Aldi - Rpb 87 - Lauderdale Lakes,"3301 North State Road 7, Lauderdale Lakes, FL, 33319",3301 North State Road 7,Lauderdale Lakes,FL,33319,26.16685367,-80.2046225,ALDI,active,USA,2380239
370121,Aldi - Hai 90 - Lecanto,"3155 W Norvell Bryant Hwy, Lecanto, FL, 34461",3155 W Norvell Bryant Hwy,Lecanto,FL,34461,28.8923848,-82.4874013,ALDI,active,USA,2378302
23838,Aldi - Hai 40 - 2241 N. Citrus Suite 103,"2241 N Citrus Suite 103, Leesburg, FL, 34748",2241 N Citrus Suite 103,Leesburg,FL,34748,28.8409943,-81.896907,ALDI,active,USA,2378491
513490,Aldi - Hai 181 - Leesburg-Okahumpka,"27405 Us Hwy 27, Leesburg, FL, 34748",27405 Us Hwy 27,Leesburg,FL,34748,28.7464116,-81.8786645,ALDI,active,USA,2378544
23563,Aldi - Rpb 2 - Lehigh Acres,"2803 Lee Blvd, Lehigh Acres, FL, 33971",2803 Lee Blvd,Lehigh Acres,FL,33971,26.6167073,-81.671264,ALDI,active,USA,2378540
471261,Aldi - Rpb 174 - Lehigh Acres,"61 Bell Blvd N, Lehigh Acres, FL, 33936",61 Bell Blvd N,Lehigh Acres,FL,33936,26.602543,-81.6128338,ALDI,active,USA,2378515
396473,Aldi - Hai 199 - Lithia,"16751 Fishhawk Blvd, Lithia, FL, 33547",16751 Fishhawk Blvd,Lithia,FL,33547,27.8610513,-82.2006485,ALDI,active,USA,2378471
109765,Aldi - Rpb 60 - Loxahatchee Groves,"15439 Southern Blvd, Loxahatchee Groves, FL, 33470",15439 Southern Blvd,Loxahatchee Groves,FL,33470,26.6839599,-80.2893597,ALDI,active,USA,2378253
143700,Aldi - Hai 142 - Lutz,"2500 Skybrooke Blvd, Lutz, FL, 33558",2500 Skybrooke Blvd,Lutz,FL,33558,28.1939486,-82.5209421,ALDI,active,USA,2378459
471249,Aldi - Hai 211 - Lutz,"18407 Us Hwy 41, Lutz, FL, 33549",18407 Us Hwy 41,Lutz,FL,33549,28.1404986,-82.4615671,ALDI,active,USA,2378298
68617,Aldi - Hai 79 - Wesley Chapel,"2215 Sun Vista Drive, Lutz, FL, 33559",2215 Sun Vista Drive,Lutz,FL,33559,28.1903763,-82.395779,ALDI,active,USA,2378204
143829,Aldi - Lox 64 - Lynn Haven,"2260 Highway 77 South, Lynn Haven, FL, 32444",2260 Highway 77 South,Lynn Haven,FL,32444,30.224626,-85.650951,ALDI,active,USA,2380290
586397,Aldi - Lox 185 - Marianna,"4478 Market St, Marianna, FL, 32446",4478 Market St,Marianna,FL,32446,30.7747508,-85.223398,ALDI,active,USA,2378232
121615,Aldi - Rpb 165 - Melbourne,"6460 N Wickham Road, Melbourne, FL, 32940",6460 N Wickham Road,Melbourne,FL,32940,28.2173979,-80.6758287,ALDI,active,USA,2378183
23477,Aldi - Rpb 160 - Melbourne,"1400 N Wickham Rd, Melbourne, FL, 32935",1400 N Wickham Rd,Melbourne,FL,32935,28.1301763,-80.6730485,ALDI,active,USA,2378462
92420,Aldi - Rpb 168 - Merritt Island,"780 E Merritt Island Cswy, Merritt Island, FL, 32952",780 E Merritt Island Cswy,Merritt Island,FL,32952,28.3587555,-80.685312,ALDI,active,USA,2378230
108401,Aldi - Rpb 43 - Miami,"11300 Sw 248th Street, Miami, FL, 33032",11300 Sw 248th Street,Miami,FL,33032,25.5370181,-80.3708922,ALDI,active,USA,2380154
12261,Aldi - Rpb 53 - Miami,"1290 Ne 108th Street, Miami, FL, 33161",1290 Ne 108th Street,Miami,FL,33161,25.8743365,-80.1721177,ALDI,active,USA,2378237
12282,Aldi - Rpb 88 - Miami,"8621 Coral Way, Miami, FL, 33155",8621 Coral Way,Miami,FL,33155,25.7493114,-80.33386,ALDI,active,USA,2378295
12284,Aldi - Rpb 15 - Miami,"12010 Sw 8th Street, Miami, FL, 33184",12010 Sw 8th Street,Miami,FL,33184,25.7602796,-80.3912553,ALDI,active,USA,2378201
151248,Aldi - Rpb 71 - Miami,"3750 S Dixie Hwy, Miami, FL, 33133",3750 S Dixie Hwy,Miami,FL,33133,25.7313238,-80.254303,ALDI,active,USA,2378175
23288,Aldi - Rpb 98 - Miami,"13801 Sw 120th St, Miami, FL, 33186",13801 Sw 120th St,Miami,FL,33186,25.6561383,-80.417368,ALDI,active,USA,2378469
392415,Aldi - Rpb 55 - Miami,"249 Nw 6th Street Unit 601, Miami, FL, 33136",249 Nw 6th Street Unit 601,Miami,FL,33136,25.7803302,-80.1985816,ALDI,active,USA,2378487
92422,Aldi - Rpb 69 - Miami,"12955 N Kendall Drive, Miami, FL, 33186",12955 N Kendall Drive,Miami,FL,33186,25.6868436,-80.4027592,ALDI,active,USA,2378191
23415,Aldi - Rpb 10 - Miami Gardens,"16367 Nw 57th Avenue, Miami Gardens, FL, 33014",16367 Nw 57th Avenue,Miami Gardens,FL,33014,25.9219729,-80.2926097,ALDI,active,USA,2380162
23417,Aldi - Rpb 96 - Miami Gardens,"19100 Nw 27th Ave, Miami Gardens, FL, 33056",19100 Nw 27th Ave,Miami Gardens,FL,33056,25.95016,-80.24618,ALDI,active,USA,2378255
480577,Aldi - Rpb 167 - Micco,"7960 Us Hwy 1 Unit 1, Micco, FL, 32976",7960 Us Hwy 1 Unit 1,Micco,FL,32976,27.8827878,-80.5044233,ALDI,active,USA,2380114
27852,Aldi - Hai 68 - Middleburg,"1702 Blanding Blvd, Middleburg, FL, 32068",1702 Blanding Blvd,Middleburg,FL,32068,30.1089418,-81.8233755,ALDI,active,USA,2378273
480574,Aldi - Lox 189 - Milton,"5428 Dogwood Drive, Milton, FL, 32570",5428 Dogwood Drive,Milton,FL,32570,30.6324094,-87.0552736,ALDI,active,USA,2378203
143702,Aldi - Rpb 57 - Miramar,"12355 Miramar Parkway, Miramar, FL, 33025",12355 Miramar Parkway,Miramar,FL,33025,25.9792738,-80.3106947,ALDI,active,USA,2380059
586396,Aldi - Lox 94 - Monticello,"1245 S Jefferson St, Monticello, FL, 32344",1245 S Jefferson St,Monticello,FL,32344,30.5352111,-83.8713231,ALDI,active,USA,2378516
137438,Aldi - Rpb 24 - Naples,"8660 Addison Place Drive, Naples, FL, 34120",8660 Addison Place Drive,Naples,FL,34120,26.2741094,-81.6917164,ALDI,active,USA,2378225
23485,Aldi - Rpb 8 - Naples,"6171 Naples Blvd, Naples, FL, 34109",6171 Naples Blvd,Naples,FL,34109,26.2188983,-81.7743016,ALDI,active,USA,2378236
23558,Aldi - Rpb 7 - Naples,"4015 Santa Barbara Blvd, Naples, FL, 34104",4015 Santa Barbara Blvd,Naples,FL,34104,26.1529913,-81.720631,ALDI,active,USA,2378152
35567,Aldi - Rpb 9 - Naples,"13080 Tamiami Trl E, Naples, FL, 34114",13080 Tamiami Trl E,Naples,FL,34114,26.0593991,-81.6989956,ALDI,active,USA,2378475
480568,Aldi - Rpb 48 - Naples,"13725 Immokalee Rd, Naples, FL, 34120",13725 Immokalee Rd,Naples,FL,34120,26.284267,-81.59554,ALDI,active,USA,2378212
141142,Aldi - Lox 58 - Navarre,"8816 Navarre Parkway, Navarre, FL, 32566",8816 Navarre Parkway,Navarre,FL,32566,30.4042014,-86.8543416,ALDI,active,USA,2378275
570548,Aldi - Hai 313 - Neptune Beach,"1209 Atlantic Blvd, Neptune Beach, FL, 32266",1209 Atlantic Blvd,Neptune Beach,FL,32266,30.3234818,-81.4097371,ALDI,active,USA,2378207
471263,Aldi - Hai 242 - New Port Richey,"6400 Massachusetts Ave, New Port Richey, FL, 34653",6400 Massachusetts Ave,New Port Richey,FL,34653,28.2574819,-82.7089167,ALDI,active,USA,2378269
471264,Aldi - Hai 212 - New Port Richey,"12120 Moon Lake Road, New Port Richey, FL, 34654",12120 Moon Lake Road,New Port Richey,FL,34654,28.3328257,-82.6016554,ALDI,active,USA,2378285
585304,Aldi - Hai 323 - New Port Richey,"9105 Little Rd, New Port Richey, FL, 34654",9105 Little Rd,New Port Richey,FL,34654,28.2896226,-82.67722,ALDI,active,USA,2378533
23481,Aldi - Rpb 173 - New Smyrna Beach,"2335 State Road 44, New Smyrna Beach, FL, 32168",2335 State Road 44,New Smyrna Beach,FL,32168,29.0142354,-80.9631887,ALDI,active,USA,2378241
143706,Aldi - Lox 61 - Niceville,"1030 John Sims Pkwy, Niceville, FL, 32578",1030 John Sims Pkwy,Niceville,FL,32578,30.5174933,-86.471365,ALDI,active,USA,2378454
23704,Aldi - Rpb 159 - Nokomis,"1235 N Tamiami Trail, Nokomis, FL, 34275",1235 N Tamiami Trail,Nokomis,FL,34275,27.1405401,-82.4604669,ALDI,active,USA,2378169
480557,Aldi - Rpb 180 - Fort Myers,"5690 Bayshore Rd, North Fort Myers, FL, 33917",5690 Bayshore Rd,North Fort Myers,FL,33917,26.6880816,-81.8634045,ALDI,active,USA,2378176
40142,Aldi - Rpb 73 - North Lauderdale,"1180 S Sr 7, North Lauderdale, FL, 33068",1180 S Sr 7,North Lauderdale,FL,33068,26.2137609,-80.2034641,ALDI,active,USA,2380106
23192,Aldi - Rpb 56 - North Miami Beach,"735 Ne 167th Street, North Miami Beach, FL, 33162",735 Ne 167th Street,North Miami Beach,FL,33162,25.929313,-80.185587,ALDI,active,USA,2378263
156017,Aldi - Rpb 153 - North Port,"1455 Sun Market Pl, North Port, FL, 34288",1455 Sun Market Pl,North Port,FL,34288,27.0637576,-82.1564117,ALDI,active,USA,2378456
27843,Aldi - Rpb 155 - North Port - South Salford Boulevard,"6000 South Salford Blvd, North Port, FL, 34286",6000 South Salford Blvd,North Port,FL,34286,27.0333727,-82.2076406,ALDI,active,USA,2378510
137726,Aldi - Rpb 62 - Oakland Park,"1033 E Oakland Park Blvd, Oakland Park, FL, 33334",1033 E Oakland Park Blvd,Oakland Park,FL,33334,26.1674485,-80.1336991,ALDI,active,USA,2380314
109760,Aldi - Hai 89 - Ocala,"7891 Bahia Road, Ocala, FL, 34472",7891 Bahia Road,Ocala,FL,34472,29.1131361,-82.0201929,ALDI,active,USA,2378259
23834,Aldi - Hai 37 - Ocala,"2115 Ne 49th Court Rd, Ocala, FL, 34470",2115 Ne 49th Court Rd,Ocala,FL,34470,29.2084523,-82.066718,ALDI,active,USA,2378312
23835,Aldi - Hai 38 - Ocala,"2450 Sw 19th Ave Rd, Ocala, FL, 34471",2450 Sw 19th Ave Rd,Ocala,FL,34471,29.1628523,-82.1640168,ALDI,active,USA,2378301
23836,Aldi - Hai 103 - Ocala,"7579 Sw Hwy 200, Ocala, FL, 34476",7579 Sw Hwy 200,Ocala,FL,34476,29.09186699,-82.24451976,ALDI,active,USA,2378239
480549,Aldi - Hai 229 - Ocala,"184 Marion Oaks Blvd, Ocala, FL, 34473",184 Marion Oaks Blvd,Ocala,FL,34473,29.014333,-82.1796059,ALDI,active,USA,2378530
23281,Aldi - Hai 10 - Ocoee,"9250 W Colonial Dr, Ocoee, FL, 34761",9250 W Colonial Dr,Ocoee,FL,34761,28.5506977,-81.5078461,ALDI,active,USA,2378219
40816,Aldi - Hai 84 - Odessa,"12134 State Road 54, Odessa, FL, 33556",12134 State Road 54,Odessa,FL,33556,28.1898458,-82.6149983,ALDI,active,USA,2378479
471250,Aldi - Hai 247 - Odessa,"17649 Gunn Hwy, Odessa, FL, 33556",17649 Gunn Hwy,Odessa,FL,33556,28.1273433,-82.5740939,ALDI,active,USA,2378267
24394,Aldi - Rpb 11 - Okeechobee,"330 South Parrott Avenue, Okeechobee, FL, 34974",330 South Parrott Avenue,Okeechobee,FL,34974,27.2404372,-80.8307722,ALDI,active,USA,2378180
23246,Aldi - Hai 45 - Oldsmar,"3705 Tampa Road Suite 13, Oldsmar, FL, 34677",3705 Tampa Road Suite 13,Oldsmar,FL,34677,28.045166,-82.67835,ALDI,active,USA,2378181
156014,Aldi - Hai 96 - Orange City,"963 Harley Strickland Blvd, Orange City, FL, 32763",963 Harley Strickland Blvd,Orange City,FL,32763,28.9187007,-81.286379,ALDI,active,USA,2378226
23892,Aldi - Hai 98 - Orange Park,"661 Blanding Blvd Suite 301, Orange Park, FL, 32073",661 Blanding Blvd Suite 301,Orange Park,FL,32073,30.1488266,-81.753319,ALDI,active,USA,2378500
471267,Aldi - Hai 203 - Fleming Island,"1545 County Road 220, Orange Park, FL, 32003",1545 County Road 220,Orange Park,FL,32003,30.0999893,-81.7108219,ALDI,active,USA,2380252
121620,Aldi - Hai 162 - Orlando,"11601 Regency Village Drive, Orlando, FL, 32821",11601 Regency Village Drive,Orlando,FL,32821,28.3921545,-81.4850634,ALDI,active,USA,2378218
122276,Aldi - Hai 163 - Orlando,"3230 E Colonial Drive, Orlando, FL, 32803",3230 E Colonial Drive,Orlando,FL,32803,28.5515878,-81.3411447,ALDI,active,USA,2378262
145252,Aldi - Hai 164 - Orlando,"1768 N John Young Parkway, Orlando, FL, 32808",1768 N John Young Parkway,Orlando,FL,32808,28.5674837,-81.4160662,ALDI,active,USA,2378517
23274,Aldi - Hai 23 - Orlando,"765 W Sandlake Rd, Orlando, FL, 32809",765 W Sandlake Rd,Orlando,FL,32809,28.451682,-81.3855646,ALDI,active,USA,2378529
23275,Aldi - Hai 20 - Orlando,"1900 S Semoran Blvd, Orlando, FL, 32822",1900 S Semoran Blvd,Orlando,FL,32822,28.5199728,-81.3123481,ALDI,active,USA,2378155
23276,Aldi - Hai 22 - Orlando,"7031 Narcoossee Rd, Orlando, FL, 32822",7031 Narcoossee Rd,Orlando,FL,32822,28.4643111,-81.2736062,ALDI,active,USA,2378268
23277,Aldi - Hai 19 - Orlando,"10401 Curry Ford Road, Orlando, FL, 32825",10401 Curry Ford Road,Orlando,FL,32825,28.51077,-81.237131,ALDI,active,USA,2378250
23278,Aldi - Hai 21 - Orlando,"4607 S Orange Blossom Trail, Orlando, FL, 32839",4607 S Orange Blossom Trail,Orlando,FL,32839,28.49626,-81.39675,ALDI,active,USA,2378162
23282,Aldi - Hai 24 - Orlando,"12351 S Orange Blossom Trail, Orlando, FL, 32837",12351 S Orange Blossom Trail,Orlando,FL,32837,28.386328,-81.402409,ALDI,active,USA,2378497
23286,Aldi - Hai 15 - Orlando,"10537 E Colonial Dr, Orlando, FL, 32817",10537 E Colonial Dr,Orlando,FL,32817,28.5712826,-81.2331666,ALDI,active,USA,2378246
23287,Aldi - Rpb 171 - Orlando,"14819 E Colonial Dr, Orlando, FL, 32826",14819 E Colonial Dr,Orlando,FL,32826,28.5664559,-81.1638106,ALDI,active,USA,2378446
396468,Aldi - Hai 228 - Orlando,"1401 South Hiawassee Rd, Orlando, FL, 32835",1401 South Hiawassee Rd,Orlando,FL,32835,28.5247283,-81.4698653,ALDI,active,USA,2378455
48367,Aldi - Hai 13 - Orlando,"12817 Narcoossee Road, Orlando, FL, 32832",12817 Narcoossee Road,Orlando,FL,32832,28.3799156,-81.242977,ALDI,active,USA,2378452
37621,Aldi - Rpb 177 - Ormond Beach,"1260 W Granada Blvd, Ormond Beach, FL, 32174",1260 W Granada Blvd,Ormond Beach,FL,32174,29.2651113,-81.10446,ALDI,active,USA,2378492
480579,Aldi - Hai 230 - Ormond Beach,"353 West Granada Blvd, Ormond Beach, FL, 32174",353 West Granada Blvd,Ormond Beach,FL,32174,29.2824767,-81.0684111,ALDI,active,USA,2378224
23283,Aldi - Hai 7 - Oviedo,"1268 Alafaya Trail, Oviedo, FL, 32765",1268 Alafaya Trail,Oviedo,FL,32765,28.6527919,-81.2092741,ALDI,active,USA,2378468
585289,Aldi - Hai 321 - Oviedo,"1021 Lockwood Blvd Unit 8, Oviedo, FL, 32765",1021 Lockwood Blvd Unit 8,Oviedo,FL,32765,28.6564284,-81.1776782,ALDI,active,USA,2378272
118202,Aldi - Hai 53 - Oxford,"3915 E County Road 466, Oxford, FL, 34484",3915 E County Road 466,Oxford,FL,34484,28.9274041,-82.0383525,ALDI,active,USA,2378164
144401,Aldi - Lox 59 - Pace,"4770 Us 90, Pace, FL, 32571",4770 Us 90,Pace,FL,32571,30.6047718,-87.1243826,ALDI,active,USA,2380107
27874,Aldi - Rpb 163 - Palm Bay,"820 Palm Bay Rd Ne 102, Palm Bay, FL, 32905",820 Palm Bay Rd Ne 102,Palm Bay,FL,32905,28.0335816,-80.6483118,ALDI,active,USA,2378274
120894,Aldi - Hai 143 - Palm Coast,"645 Palm Coast Parkway Sw, Palm Coast, FL, 32137",645 Palm Coast Parkway Sw,Palm Coast,FL,32137,29.5521224,-81.238829,ALDI,active,USA,2378507
23484,Aldi - Rpb 178 - Palm Coast,"5095 State Road 100 East, Palm Coast, FL, 32164",5095 State Road 100 East,Palm Coast,FL,32164,29.4748774,-81.2194987,ALDI,active,USA,2378284
27947,Aldi - Rpb 18 - Palmetto Bay,"15033 South Dixie Hwy, Palmetto Bay, FL, 33176",15033 South Dixie Hwy,Palmetto Bay,FL,33176,25.63013,-80.33954,ALDI,active,USA,2380125
531440,Aldi - Hai 210 - Palm Harbor,"1360 Tampa Rd, Palm Harbor, FL, 34683",1360 Tampa Rd,Palm Harbor,FL,34683,28.0670616,-82.762749,ALDI,active,USA,2378199
23299,Aldi - Rpb 58 - Palm Springs,"3403 South Congress, Palm Springs, FL, 33461",3403 South Congress,Palm Springs,FL,33461,26.6260389,-80.0904194,ALDI,active,USA,2380187
396669,Aldi - Lox 187 - Panama City,"3157 West 23rd Street, Panama City, FL, 32405",3157 West 23rd Street,Panama City,FL,32405,30.1886085,-85.7031067,ALDI,active,USA,2378187
576764,Aldi - Lox 244 - Panama City,"2533 Thomas Drive, Panama City, FL, 32408",2533 Thomas Drive,Panama City,FL,32408,30.1581283,-85.7514292,ALDI,active,USA,2378228
396450,Aldi - Lox 188 - Panama City,"23200 Front Beach Road, Panama City Beach, FL, 32413",23200 Front Beach Road,Panama City Beach,FL,32413,30.2630923,-85.9732776,ALDI,active,USA,2378305
164219,Aldi - Hai 153 - Parrish,"8810 Us-301, Parrish, FL, 34219",8810 Us-301,Parrish,FL,34219,27.543659,-82.475348,ALDI,active,USA,2380324
23412,Aldi - Rpb 94 - Pembroke Pines,"11330 Pines Blvd, Pembroke Pines, FL, 33026",11330 Pines Blvd,Pembroke Pines,FL,33026,26.0064602,-80.298807,ALDI,active,USA,2380302
23413,Aldi - Rpb 95 - Pembroke Pines,"18430 Pines Blvd, Pembroke Pines, FL, 33029",18430 Pines Blvd,Pembroke Pines,FL,33029,26.006222,-80.393354,ALDI,active,USA,2380303
141942,Aldi - Lox 56 - Pensacola,"4836 Mobile Hwy, Pensacola, FL, 32506",4836 Mobile Hwy,Pensacola,FL,32506,30.4405751,-87.2816222,ALDI,active,USA,2378493
141943,Aldi - Lox 57 - Pensacola,"2950 S Blue Angel Pkwy Suite 600, Pensacola, FL, 32506",2950 S Blue Angel Pkwy Suite 600,Pensacola,FL,32506,30.3624433,-87.3574394,ALDI,active,USA,2378158
396467,Aldi - Lox 206 - Pensacola,"312 East Nine Mile Road, Pensacola, FL, 32514",312 East Nine Mile Road,Pensacola,FL,32514,30.5343073,-87.2604336,ALDI,active,USA,2378494
570545,Aldi - Lox 240 - Pensacola,"7135 N 9th Avenue, Pensacola, FL, 32504",7135 N 9th Avenue,Pensacola,FL,32504,30.4980894,-87.1893254,ALDI,active,USA,2378307
585286,Aldi - Lox 155 - Pensacola,"50 S Blue Angel Pkwy, Pensacola, FL, 32506",50 S Blue Angel Pkwy,Pensacola,FL,32506,30.4019872,-87.3403803,ALDI,active,USA,2378240
585305,Aldi - Lox 104 - Perry,"2057 S Byron Butler Pkwy Suite 1, Perry, FL, 32348",2057 S Byron Butler Pkwy Suite 1,Perry,FL,32348,30.097437,-83.5846071,ALDI,active,USA,2380294
23251,Aldi - Hai 57 - Pinellas Park,"6700 66th St, Pinellas Park, FL, 33781",6700 66th St,Pinellas Park,FL,33781,27.8331561,-82.7292413,ALDI,active,USA,2378498
23252,Aldi - Hai 62 - Pinellas Park,"9021 Us Highway 19 North, Pinellas Park, FL, 33782",9021 Us Highway 19 North,Pinellas Park,FL,33782,27.8544302,-82.6925701,ALDI,active,USA,2378188
122280,Aldi - Rpb 27 - Plantation,"8200 W Broward Blvd, Plantation, FL, 33324",8200 W Broward Blvd,Plantation,FL,33324,26.1200524,-80.2589323,ALDI,active,USA,2380061
23219,Aldi - Rpb 12 - Plantation,"12190 West Sunrise Blvd, Plantation, FL, 33323",12190 West Sunrise Blvd,Plantation,FL,33323,26.1447503,-80.3110939,ALDI,active,USA,2380231
24078,Aldi - Hai 41 - Plant City,"3021 James L Redman Pkwy, Plant City, FL, 33566",3021 James L Redman Pkwy,Plant City,FL,33566,27.9790042,-82.123024,ALDI,active,USA,2378288
39889,Aldi - Rpb 64 - Pompano Beach,"960 N Federal Highway, Pompano Beach, FL, 33062",960 N Federal Highway,Pompano Beach,FL,33062,26.2422691,-80.1008923,ALDI,active,USA,2378478
23421,Aldi - Rpb 156 - Port Charlotte - 1391 Tamiami Trl,"1391 Tamiami Trail, Port Charlotte, FL, 33948",1391 Tamiami Trail,Port Charlotte,FL,33948,27.011435,-82.14428,ALDI,active,USA,2378541
495702,Aldi - Rpb 226 - Port Charlotte,"3280 Tamiami Trail Suite 100, Port Charlotte, FL, 33952",3280 Tamiami Trail Suite 100,Port Charlotte,FL,33952,26.9849882,-82.0985828,ALDI,active,USA,2378536
396666,Aldi - Hai 172 - Port Orange,"5500 S Williamson Blvd, Port Orange, FL, 32128",5500 S Williamson Blvd,Port Orange,FL,32128,29.1067777,-81.0349704,ALDI,active,USA,2378534
579216,Aldi - Hai 187 - Port Orange,"4025 S Nova Road, Port Orange, FL, 32127",4025 S Nova Road,Port Orange,FL,32127,29.1181426,-80.9950499,ALDI,active,USA,2378178
23442,Aldi - Hai 67 - Port Richey,"6815 Cinema Dr, Port Richey, FL, 34668",6815 Cinema Dr,Port Richey,FL,34668,28.3071474,-82.7023805,ALDI,active,USA,2378210
480553,Aldi - Hai 239 - Port St John,"6257 Us Hwy 1, Port Saint John, FL, 32927",6257 Us Hwy 1,Port Saint John,FL,32927,28.4715695,-80.7689836,ALDI,active,USA,2380261
178410,Aldi - Rpb 74 - Port St. Lucie,"10300 Sw Discovery Way, Port St Lucie, FL, 34987",10300 Sw Discovery Way,Port St Lucie,FL,34987,27.253935,-80.43122,ALDI,active,USA,2378490
23619,Aldi - Rpb 81 - Port St. Lucie,"2850 Sw Brighton Street, Port St Lucie, FL, 34953",2850 Sw Brighton Street,Port St Lucie,FL,34953,27.258707,-80.377343,ALDI,active,USA,2378208
23621,Aldi - Rpb 78 - Port St. Lucie,"770 Sw St Lucie West Blvd, Port St Lucie, FL, 34986",770 Sw St Lucie West Blvd,Port St Lucie,FL,34986,27.3171247,-80.3783046,ALDI,active,USA,2378460
23422,Aldi - Rpb 4 - Punta Gorda,"26279 Jones Loop Road, Punta Gorda, FL, 33950",26279 Jones Loop Road,Punta Gorda,FL,33950,26.8939354,-82.0152535,ALDI,active,USA,2378489
575239,Aldi - Hai 237 - Port Charlotte,"2000 Kings Highway, Punta Gorda, FL, 33980",2000 Kings Highway,Punta Gorda,FL,33980,27.0040447,-82.052801,ALDI,active,USA,2378538
479212,Aldi - Lox 184 - Quincy,"1600 W Jefferson St, Quincy, FL, 32351",1600 W Jefferson St,Quincy,FL,32351,30.58713,-84.597142,ALDI,active,USA,2378310
121624,Aldi - Hai 81 - Riverview,"8613 South Us Highway 301, Riverview, FL, 33578",8613 South Us Highway 301,Riverview,FL,33578,27.8652206,-82.3271706,ALDI,active,USA,2378464
35692,Aldi - Hai 78 - Riverview,"10220 Big Bend Rd, Riverview, FL, 33578",10220 Big Bend Rd,Riverview,FL,33578,27.7918803,-82.3397792,ALDI,active,USA,2378509
27893,Aldi - Rpb 186 - Rockledge,"628 Barnes Blvd, Rockledge, FL, 32955",628 Barnes Blvd,Rockledge,FL,32955,28.2969408,-80.7236073,ALDI,active,USA,2378306
23298,Aldi - Rpb 3 - Royal Palm Beach,"1111 N State Road 7, Royal Palm Beach, FL, 33411",1111 N State Road 7,Royal Palm Beach,FL,33411,26.7043645,-80.2018901,ALDI,active,USA,2378514
396476,Aldi - Hai 227 - Apollo Beach,"252 Harbor Village Lane, Ruskin, FL, 33572",252 Harbor Village Lane,Ruskin,FL,33572,27.7519984,-82.4123587,ALDI,active,USA,2380273
177587,Aldi - Hai 157 - Saint Petersburg,"6765 22nd Avenue North, Saint Petersburg, FL, 33710",6765 22nd Avenue North,Saint Petersburg,FL,33710,27.7924166,-82.730236,ALDI,active,USA,2378264
23284,Aldi - Hai 1 - Sanford,"4160 W State Rd 46, Sanford, FL, 32771",4160 W State Rd 46,Sanford,FL,32771,28.812374,-81.323503,ALDI,active,USA,2378153
23285,Aldi - Hai 2 - Sanford,"3707 S Orlando Dr, Sanford, FL, 32773",3707 S Orlando Dr,Sanford,FL,32773,28.7590871,-81.2846211,ALDI,active,USA,2378527
120893,Aldi - Rpb 185 - Sarasota,"3501 S Tamiami Trail, Sarasota, FL, 34239",3501 S Tamiami Trail,Sarasota,FL,34239,27.302021,-82.529462,ALDI,active,USA,2378167
471271,Aldi - Hai 251 - Sarasota,"4230 Bee Ridge Road, Sarasota, FL, 34233",4230 Bee Ridge Road,Sarasota,FL,34233,27.2981507,-82.4835713,ALDI,active,USA,2378518
576751,Aldi - Hai 205 - Sarasota,"5400 Fruitville Rd, Sarasota, FL, 34232",5400 Fruitville Rd,Sarasota,FL,34232,27.3359689,-82.4608055,ALDI,active,USA,2378316
604243,Aldi - Rpb 154 - Sebastian,"995 Sebastian Blvd Ste B, Sebastian, FL, 32958",995 Sebastian Blvd Ste B,Sebastian,FL,32958,27.7794934,-80.4952816,ALDI,active,USA,2378157
24391,Aldi - Hai 35 - Sebring,"2900 New Life Way, Sebring, FL, 33870",2900 New Life Way,Sebring,FL,33870,27.507996,-81.493662,ALDI,active,USA,2378290
137446,Aldi - Hai 146 - Seffner,"11611 E Martin Luther King Jr Blvd, Seffner, FL, 33584",11611 E Martin Luther King Jr Blvd,Seffner,FL,33584,27.9809859,-82.3037429,ALDI,active,USA,2378172
23250,Aldi - Hai 60 - Seminole,"7777 Seminole Blvd, Seminole, FL, 33772",7777 Seminole Blvd,Seminole,FL,33772,27.8426983,-82.7865338,ALDI,active,USA,2378242
575240,Aldi - Hai 179 - Seminole,"12975 Park Blvd, Seminole, FL, 33776",12975 Park Blvd,Seminole,FL,33776,27.8449743,-82.8182235,ALDI,active,USA,2378448
23705,Aldi - Hai 66 - Spring Hill,"1253 Wendy Court, Spring Hill, FL, 34607",1253 Wendy Court,Spring Hill,FL,34607,28.4523345,-82.6328974,ALDI,active,USA,2378234
147690,Aldi - Hai 171 - Starke,"1371 S Walnut St, Starke, FL, 32091",1371 S Walnut St,Starke,FL,32091,29.9338603,-82.117541,ALDI,active,USA,2378260
27854,Aldi - Hai 69 - St. Augustine,"1773 Us Highway 1 South Ste 1, St Augustine, FL, 32084",1773 Us Highway 1 South Ste 1,St Augustine,FL,32084,29.8699398,-81.3252864,ALDI,active,USA,2380182
585291,Aldi - Hai 182 - St. Augustine,"181 Blackford Way, St Augustine, FL, 32086",181 Blackford Way,St Augustine,FL,32086,29.791381,-81.321031,ALDI,active,USA,2378481
23498,Aldi - Hai 30 - St. Cloud,"4056 13th Street, St Cloud, FL, 34769",4056 13th Street,St Cloud,FL,34769,28.252545,-81.3116267,ALDI,active,USA,2378215
396457,Aldi - Hai 192 - Saint Cloud,"3318 Canoe Creek Rd, St Cloud, FL, 34772",3318 Canoe Creek Rd,St Cloud,FL,34772,28.1994384,-81.2944631,ALDI,active,USA,2378528
70380,Aldi - Hai 88 - St. Cloud,"1400 E Irlo Bronson Mem Hwy, St Cloud, FL, 34771",1400 E Irlo Bronson Mem Hwy,St Cloud,FL,34771,28.2453072,-81.2547145,ALDI,active,USA,2378502
122287,Aldi - Hai 140 - St. Johns,"145 Harper Lane, St Johns, FL, 32259",145 Harper Lane,St Johns,FL,32259,30.104167,-81.544896,ALDI,active,USA,2378258
480551,Aldi - Hai 221 - St Johns,"100 Little Cypress Drive, St Johns, FL, 32259",100 Little Cypress Drive,St Johns,FL,32259,30.1036569,-81.4794682,ALDI,active,USA,2378254
172974,Aldi - Rpb 82 - Port St. Lucie,"8560 Us Hwy 1 Port, St Lucie, FL, 34952",8560 Us Hwy 1 Port,St Lucie,FL,34952,27.31255959,-80.3123858,ALDI,active,USA,2378270
23248,Aldi - Hai 70 - St. Petersburg,"2900 34th Street South, St Petersburg, FL, 33711",2900 34th Street South,St Petersburg,FL,33711,27.7418957,-82.6781306,ALDI,active,USA,2378243
23249,Aldi - Hai 116 - St. Petersburg,"1551 34th Street North, St Petersburg, FL, 33713",1551 34th Street North,St Petersburg,FL,33713,27.786934,-82.6788055,ALDI,active,USA,2378524
471257,Aldi - Hai 243 - St. Petersburg,"3327 9th Street N, St Petersburg, FL, 33704",3327 9th Street N,St Petersburg,FL,33704,27.8022155,-82.6454048,ALDI,active,USA,2378463
570538,Aldi - Hai 149 - St. Petersburg,"11100 4th Street North, St Petersburg, FL, 33716",11100 4th Street North,St Petersburg,FL,33716,27.8728974,-82.6402707,ALDI,active,USA,2378453
23622,Aldi - Rpb 77 - Stuart,"3937 Se Federal Hwy, Stuart, FL, 34997",3937 Se Federal Hwy,Stuart,FL,34997,27.1583244,-80.2214131,ALDI,active,USA,2378247
23441,Aldi - Hai 117 - Sun City Center,"4897 Sun City Center Blvd, Sun City Center, FL, 33573",4897 Sun City Center Blvd,Sun City Center,FL,33573,27.7115187,-82.3359484,ALDI,active,USA,2378266
36461,Aldi - Rpb 86 - Sunrise,"8075 W Oakland Park, Sunrise, FL, 33351",8075 W Oakland Park,Sunrise,FL,33351,26.1675749,-80.2581489,ALDI,active,USA,2380140
122285,Aldi - Lox 90 - Tallahassee,"2425 Apalachee Pkwy, Tallahassee, FL, 32301",2425 Apalachee Pkwy,Tallahassee,FL,32301,30.427278,-84.2399809,ALDI,active,USA,2378235
122820,Aldi - Lox 95 - Tallahassee,"2020 West Pensacola Street, Tallahassee, FL, 32304",2020 West Pensacola Street,Tallahassee,FL,32304,30.4421089,-84.3185387,ALDI,active,USA,2378535
23291,Aldi - Rpb 93 - Tamarac,"7050 N University Dr, Tamarac, FL, 33321",7050 N University Dr,Tamarac,FL,33321,26.2095456,-80.2510664,ALDI,active,USA,2380135
122277,Aldi - Hai 86 - Tampa,"18002 Highwoods Preserve Park, Tampa, FL, 33647",18002 Highwoods Preserve Park,Tampa,FL,33647,28.129641,-82.368035,ALDI,active,USA,2378214
23241,Aldi - Hai 55 - Tampa,"14933 N Florida Ave, Tampa, FL, 33613",14933 N Florida Ave,Tampa,FL,33613,28.0860548,-82.4582665,ALDI,active,USA,2378523
23242,Aldi - Hai 51 - Tampa,"13514 University Plaza, Tampa, FL, 33613",13514 University Plaza,Tampa,FL,33613,28.0701742,-82.4298978,ALDI,active,USA,2378309
27829,Aldi - Hai 52 - Tampa,"8521 W Hillsborough Ave, Tampa, FL, 33615",8521 W Hillsborough Ave,Tampa,FL,33615,27.99768883,-82.58044933,ALDI,active,USA,2378485
370119,Aldi - Hai 94 - Tampa,"213 N Dale Mabry Highway, Tampa, FL, 33609",213 N Dale Mabry Highway,Tampa,FL,33609,27.9465558,-82.5049683,ALDI,active,USA,2378282
396470,Aldi - Hai 233 - Tampa,"2100 W Swann Ave, Tampa, FL, 33606",2100 W Swann Ave,Tampa,FL,33606,27.9361557,-82.4814611,ALDI,active,USA,2378160
396483,Aldi - Hai 241 - Tampa,"15692 N Dale Mabry, Tampa, FL, 33618",15692 N Dale Mabry,Tampa,FL,33618,28.0952098,-82.5042071,ALDI,active,USA,2378149
471262,Aldi - Hai 226 - Tampa,"13016 Race Track Rd, Tampa, FL, 33626",13016 Race Track Rd,Tampa,FL,33626,28.0710713,-82.6332559,ALDI,active,USA,2378170
471269,Aldi - Hai 214 - Tampa,"6425 County Line Rd, Tampa, FL, 33647",6425 County Line Rd,Tampa,FL,33647,28.1691177,-82.3566322,ALDI,active,USA,2378496
589464,Aldi - Hai 329 - Tampa,"8438 N Armenia Ave, Tampa, FL, 33604",8438 N Armenia Ave,Tampa,FL,33604,28.0268717,-82.4849209,ALDI,active,USA,2378483
606568,Aldi - Hai 306 - Tarpon Springs,"1171 S Pinellas Ave, Tarpon Springs, FL, 34689",1171 S Pinellas Ave,Tarpon Springs,FL,34689,28.1361613,-82.7560788,ALDI,active,USA,2378189
471255,Aldi - Hai 250 - The Villages,"820 Old Camp Rd, The Villages, FL, 32162",820 Old Camp Rd,The Villages,FL,32162,28.9072055,-81.9701378,ALDI,active,USA,2378466
23478,Aldi - Rpb 176 - Titusville,"4650 St South, Titusville, FL, 32780",4650 St South,Titusville,FL,32780,28.55652,-80.8479,ALDI,active,USA,2378543
121617,Aldi - Rpb 161 - Venice - 1681 Us Hwy 41 Byp S,"1681 Us 41 Bypass S, Venice, FL, 34293",1681 Us 41 Bypass S,Venice,FL,34293,27.0745105,-82.4245581,ALDI,active,USA,2378229
480555,Aldi - Rpb 227 - Venice,"1254 Jacaranda Blvd, Venice, FL, 34292",1254 Jacaranda Blvd,Venice,FL,34292,27.0803899,-82.3870533,ALDI,active,USA,2378192
585278,Aldi - Rpb 188 - Venice,"11935 Mezzo Dr, Venice, FL, 34293",11935 Mezzo Dr,Venice,FL,34293,27.0450653,-82.3125501,ALDI,active,USA,2378545
585281,Aldi - Hai 301 - Venice,"458 Venice By-Pass, Venice, FL, 34285",458 Venice By-Pass,Venice,FL,34285,27.1079958,-82.4370292,ALDI,active,USA,2377947
491127,Aldi - Rpb 166 - Vero Beach,"2950 9th Street Sw, Vero Beach, FL, 32968",2950 9th Street Sw,Vero Beach,FL,32968,27.5883427,-80.416517,ALDI,active,USA,2378184
109766,Aldi - Hai 161 - Windermere,"5865 Winter Garden, Vineland Windermere, FL, 34786",5865 Winter Garden,Vineland Windermere,FL,34786,28.479195,-81.579655,ALDI,active,USA,2378280
471247,Aldi - Rpb 213 - Westlake,"5060 Seminole Pratt Whitney Rd, Westlake, FL, 33470",5060 Seminole Pratt Whitney Rd,Westlake,FL,33470,26.7537774,-80.3063379,ALDI,active,USA,2380057
143818,Aldi - Rpb 169 - West Melbourne,"1539 W New Haven Ave, West Melbourne, FL, 32904",1539 W New Haven Ave,West Melbourne,FL,32904,28.0772499,-80.6469987,ALDI,active,USA,2377946
23297,Aldi - Rpb 80 - West Palm Beach,"2481 Okeechobee Blvd, West Palm Beach, FL, 33409",2481 Okeechobee Blvd,West Palm Beach,FL,33409,26.7076407,-80.0894093,ALDI,active,USA,2378252
23839,Aldi - Hai 48 - 5643 Seven Mile Drive,"5643 Seven Mile Drive, Wildwood, FL, 34785",5643 Seven Mile Drive,Wildwood,FL,34785,28.865939,-82.008926,ALDI,active,USA,2378304
585294,Aldi - Hai 316 - Williston,"727 W Noble Ave, Williston, FL, 32696",727 W Noble Ave,Williston,FL,32696,29.3889956,-82.4425713,ALDI,active,USA,2378303
27764,Aldi - Hai 12 - Winter Garden,"14001 West Colonial Drive, Winter Garden, FL, 34787",14001 West Colonial Drive,Winter Garden,FL,34787,28.5520258,-81.592059,ALDI,active,USA,2378539
24392,Aldi - Hai 34 - Winter Haven,"333 Avenue K Sw, Winter Haven, FL, 33880",333 Avenue K Sw,Winter Haven,FL,33880,28.0120041,-81.7314366,ALDI,active,USA,2378202
27759,Aldi - Hai 8 - Winter Park,"6766 Aloma Avenue, Winter Park, FL, 32792",6766 Aloma Avenue,Winter Park,FL,32792,28.6051389,-81.2979258,ALDI,active,USA,2378450
143817,Aldi - Hai 165 - Winter Springs,"1193 E State Road 434, Winter Springs, FL, 32708",1193 E State Road 434,Winter Springs,FL,32708,28.696162,-81.2640289,ALDI,active,USA,2378506
36689,Aldi - Hai 101 - Yulee,"463689 State Rd 200, Yulee, FL, 32097",463689 State Rd 200,Yulee,FL,32097,30.6295555,-81.5590829,ALDI,active,USA,2378503
143813,Aldi - Lox 140 - Albany,"2816 Nottingham Way, Albany, GA, 31707",2816 Nottingham Way,Albany,GA,31707,31.6206231,-84.2031924,ALDI,active,USA,2378345
480569,Aldi - Lox 167 - Americus,"1208 Crawford St, Americus, GA, 31709",1208 Crawford St,Americus,GA,31709,32.0754932,-84.2167632,ALDI,active,USA,2378670
17485,Aldi - Jef 18 - Athens,"3400 Atlanta Hwy, Athens, GA, 30606",3400 Atlanta Hwy,Athens,GA,30606,33.9403453,-83.4524865,ALDI,active,USA,2378335
22268,Aldi - Jef 3 - Athens,"1055 Gaines School Road, Athens, GA, 30605",1055 Gaines School Road,Athens,GA,30605,33.9264383,-83.3367727,ALDI,active,USA,2378321
14338,Aldi - Jef 55 - Atlanta,"5820 Riverdale Road, Atlanta, GA, 30349",5820 Riverdale Road,Atlanta,GA,30349,33.5964591,-84.4280164,ALDI,active,USA,2378340
14349,Aldi - Jef 58 - Atlanta,"1461 Moreland Avenue Southeast, Atlanta, GA, 30316",1461 Moreland Avenue Southeast,Atlanta,GA,30316,33.7137182,-84.3502203,ALDI,active,USA,2380297
14395,Aldi - Jef 57 - Atlanta,"3963 Buford Highway Northeast, Atlanta, GA, 30345",3963 Buford Highway Northeast,Atlanta,GA,30345,33.8580385,-84.3103694,ALDI,active,USA,2380268
23151,Aldi - Jef 1 - Atlanta,"3221 Peachtree Rd Ste 101, Atlanta, GA, 30305",3221 Peachtree Rd Ste 101,Atlanta,GA,30305,33.8412647,-84.373304,ALDI,active,USA,2378319
144462,Aldi - Jef 115 - Augusta,"3121 Peach Orchard Road, Augusta, GA, 30906",3121 Peach Orchard Road,Augusta,GA,30906,33.4112216,-82.0275164,ALDI,active,USA,2378671
23823,Aldi - Jef 21 - Augusta,"227 Bobby Jones Expressway, Augusta, GA, 30907",227 Bobby Jones Expressway,Augusta,GA,30907,33.5064212,-82.0927129,ALDI,active,USA,2378684
479252,Aldi - Lox 169 - Bainbridge,"915 E Shotwell St, Bainbridge, GA, 39819",915 E Shotwell St,Bainbridge,GA,39819,30.9051737,-84.5645563,ALDI,active,USA,2378653
153783,Aldi - Jef 160 - Blairsville,"595 Hwy 515, Blairsville, GA, 30512",595 Hwy 515,Blairsville,GA,30512,34.88314,-83.94912,ALDI,active,USA,2378343
396480,Aldi - Jef 170 - Brunswick,"341 Venture Drive, Brunswick, GA, 31525",341 Venture Drive,Brunswick,GA,31525,31.2481339,-81.5065781,ALDI,active,USA,2378648
570539,Aldi - Jef 190 - Brunswick,"1941 Glynn Ave, Brunswick, GA, 31520",1941 Glynn Ave,Brunswick,GA,31520,31.159933,-81.479171,ALDI,active,USA,2378330
139241,Aldi - Jef 113 - Buford,"1705 Mall Of Georgia Blvd, Buford, GA, 30519",1705 Mall Of Georgia Blvd,Buford,GA,30519,34.0600317,-83.9931084,ALDI,active,USA,2378647
174433,Aldi - Jef 127 - Buford (Thompson MIll & Sprout Springs),"7505 Spout Springs Rd, Buford, GA, 30519",7505 Spout Springs Rd,Buford,GA,30519,34.1064491,-83.8725208,ALDI,active,USA,2378327
24384,Aldi - Jef 43 - Calhoun,"647 Hwy 53 East, Calhoun, GA, 30701",647 Hwy 53 East,Calhoun,GA,30701,34.4720116,-84.9240373,ALDI,active,USA,2378697
14393,Aldi - Jef 45 - Canton,"553 River Stone Pkwy, Canton, GA, 30114",553 River Stone Pkwy,Canton,GA,30114,34.2457869,-84.4859387,ALDI,active,USA,2378672
16028,Aldi - Jef 23 - Carrollton,"1495 Hwy 27 S, Carrollton, GA, 30116",1495 Hwy 27 S,Carrollton,GA,30116,33.55087,-85.073629,ALDI,active,USA,2378337
16033,Aldi - Jef 28 - Cartersville,"500 Rowland Springs Road, Cartersville, GA, 30121",500 Rowland Springs Road,Cartersville,GA,30121,34.177393,-84.784893,ALDI,active,USA,2378666
144421,Aldi - Jef 126 - Cleveland,"202 Parkway Plaza, Cleveland, GA, 30528",202 Parkway Plaza,Cleveland,GA,30528,34.579372,-83.766386,ALDI,active,USA,2378341
143695,Aldi - Jef 149 - Columbus,"3200 Macon Road, Columbus, GA, 31906",3200 Macon Road,Columbus,GA,31906,32.4800977,-84.9417576,ALDI,active,USA,2378332
23853,Aldi - Jef 47 - Columbus,"6301 Veterans Pkwy Ste 500, Columbus, GA, 31909",6301 Veterans Pkwy Ste 500,Columbus,GA,31909,32.5358086,-84.9566377,ALDI,active,USA,2378325
14389,Aldi - Jef 66 - Conyers,"1794 Ga Highway 138, Conyers, GA, 30013",1794 Ga Highway 138,Conyers,GA,30013,33.6375114,-84.0165647,ALDI,active,USA,2378667
497929,Aldi - Lox 236 - Cordele,"1011 E 16th Avenue, Cordele, GA, 31015",1011 E 16th Avenue,Cordele,GA,31015,31.9634602,-83.7660695,ALDI,active,USA,2378685
16034,Aldi - Jef 48 - Covington,"11152 Hwy 142 Ne, Covington, GA, 30014",11152 Hwy 142 Ne,Covington,GA,30014,33.6075425,-83.8266702,ALDI,active,USA,2378690
14387,Aldi - Jef 34 - Cumming,"1760 Buford Highway, Cumming, GA, 30041",1760 Buford Highway,Cumming,GA,30041,34.1612521,-84.1158512,ALDI,active,USA,2378657
172969,Aldi - Jef 162 - Cumming,"3610 Browns Bridge Road, Cumming, GA, 30028",3610 Browns Bridge Road,Cumming,GA,30028,34.267266,-84.093037,ALDI,active,USA,2378679
14386,Aldi - Jef 27 - Dacula (I-85),"3565 Braselton Highway, Dacula, GA, 30019",3565 Braselton Highway,Dacula,GA,30019,34.0686386,-83.9089932,ALDI,active,USA,2378654
24385,Aldi - Mtj 93 - Dalton,"2210 E Walnut Ave, Dalton, GA, 30721",2210 E Walnut Ave,Dalton,GA,30721,34.761903,-84.93218,ALDI,active,USA,2378333
14376,Aldi - Jef 56 - Decatur,"4900 Flat Shoals Pkwy, Decatur, GA, 30034",4900 Flat Shoals Pkwy,Decatur,GA,30034,33.681389,-84.2279619,ALDI,active,USA,2378662
14385,Aldi - Jef 59 - Decatur,"3480 Memorial Drive, Decatur, GA, 30032",3480 Memorial Drive,Decatur,GA,30032,33.7540215,-84.270808,ALDI,active,USA,2378336
23150,Aldi - Jef 4 - Decatur,"1669 Scott Boulevard, Decatur, GA, 30033",1669 Scott Boulevard,Decatur,GA,30033,33.7963241,-84.2854454,ALDI,active,USA,2380063
585300,Aldi - Lox 179 - Douglas,"901 Ward St W, Douglas, GA, 31533",901 Ward St W,Douglas,GA,31533,31.5101754,-82.8610336,ALDI,active,USA,2380295
14383,Aldi - Jef 11 - Douglasville,"2990 Chapel Hill Rd, Douglasville, GA, 30135",2990 Chapel Hill Rd,Douglasville,GA,30135,33.7243309,-84.7334331,ALDI,active,USA,2378669
156015,Aldi - Jef 153 - Dublin,"2413 W Hwy 80, Dublin, GA, 31021",2413 W Hwy 80,Dublin,GA,31021,32.5481771,-82.967946,ALDI,active,USA,2378338
19323,Aldi - Jef 54 - Duluth,"2618 Pleasant Hill Road, Duluth, GA, 30096",2618 Pleasant Hill Road,Duluth,GA,30096,33.9712999,-84.1472648,ALDI,active,USA,2378678
179084,Aldi - Jef 164 - Ellijay,"24 W Highlands Dr, Ellijay, GA, 30540",24 W Highlands Dr,Ellijay,GA,30540,34.6596107,-84.4920164,ALDI,active,USA,2378701
14377,Aldi - Jef 52 - Fayetteville,"1060 Hwy 85 North, Fayetteville, GA, 30214",1060 Hwy 85 North,Fayetteville,GA,30214,33.4726373,-84.4445887,ALDI,active,USA,2378320
24075,Aldi - Mtj 94 - Ft. Oglethorpe,"1999 Battlefield Pkwy, Ft Oglethorpe, GA, 30742",1999 Battlefield Pkwy,Ft Oglethorpe,GA,30742,34.9483782,-85.2321093,ALDI,active,USA,2378658
24382,Aldi - Jef 15 - Gainesville,"834 B Dawsonville Hwy, Gainesville, GA, 30501",834 B Dawsonville Hwy,Gainesville,GA,30501,34.298197,-83.8542639,ALDI,active,USA,2378659
585290,Aldi - Jef 196 - Gray,"208 W Clinton St, Gray, GA, 31032",208 W Clinton St,Gray,GA,31032,33.0080749,-83.5429189,ALDI,active,USA,2378675
24380,Aldi - Jef 101 - Griffin,"1418 Highway 16 West, Griffin, GA, 30223",1418 Highway 16 West,Griffin,GA,30223,33.246509,-84.288989,ALDI,active,USA,2378655
23822,Aldi - Jef 19 - Grovetown,"3020 Gateway Boulevard, Grovetown, GA, 30813",3020 Gateway Boulevard,Grovetown,GA,30813,33.4782268,-82.1994862,ALDI,active,USA,2378661
396477,Aldi - Jef 168 - Hartwell,"1380 E Franklin St, Hartwell, GA, 30643",1380 E Franklin St,Hartwell,GA,30643,34.3533595,-82.9062955,ALDI,active,USA,2378689
14365,Aldi - Jef 14 - Hiram,"5746 Wendy Bagwell Parkway, Hiram, GA, 30141",5746 Wendy Bagwell Parkway,Hiram,GA,30141,33.8848147,-84.7344478,ALDI,active,USA,2378324
36691,Aldi - Jef 102 - Jefferson,"1700 Old Pendergrass Rd, Jefferson, GA, 30549",1700 Old Pendergrass Rd,Jefferson,GA,30549,34.1242853,-83.606914,ALDI,active,USA,2378649
23170,Aldi - Jef 26 - Johns Creek,"10955 Jones Bridge Road, Johns Creek, GA, 30022",10955 Jones Bridge Road,Johns Creek,GA,30022,34.04707,-84.222466,ALDI,active,USA,2380240
18800,Aldi - Jef 63 - Jonesboro,"615 North Avenue, Jonesboro, GA, 30236",615 North Avenue,Jonesboro,GA,30236,33.5341893,-84.3698945,ALDI,active,USA,2378677
14361,Aldi - Jef 51 - Kennesaw,"3076 Cobb Pkwy Nw, Kennesaw, GA, 30152",3076 Cobb Pkwy Nw,Kennesaw,GA,30152,34.0295683,-84.6508077,ALDI,active,USA,2378692
23410,Aldi - Jef 38 - Kennesaw,"860 Cobb Pl Blvd Nw Ste400, Kennesaw, GA, 30144",860 Cobb Pl Blvd Nw Ste400,Kennesaw,GA,30144,34.0106166,-84.5705866,ALDI,active,USA,2378687
480562,Aldi - Jef 186 - Kingsland,"1390 Boone Street, Kingsland, GA, 31548",1390 Boone Street,Kingsland,GA,31548,30.784773,-81.6486279,ALDI,active,USA,2378322
24381,Aldi - Jef 29 - Lagrange,"427 New Franklin Road, Lagrange, GA, 30240",427 New Franklin Road,Lagrange,GA,30240,33.051248,-85.0295984,ALDI,active,USA,2377948
11605,Aldi - Jef 67 - Lawrenceville,"1225 Scenic Highway South, Lawrenceville, GA, 30045",1225 Scenic Highway South,Lawrenceville,GA,30045,33.9012852,-84.0058671,ALDI,active,USA,2378652
14382,Aldi - Jef 60 - Lawrenceville,"996 Duluth Highway, Lawrenceville, GA, 30043",996 Duluth Highway,Lawrenceville,GA,30043,33.9681478,-84.0282254,ALDI,active,USA,2378688
20677,Aldi - Jef 35 - Lilburn,"396 Pleasant Hill Road, Lilburn, GA, 30047",396 Pleasant Hill Road,Lilburn,GA,30047,33.9077722,-84.1109959,ALDI,active,USA,2378656
14356,Aldi - Jef 50 - Lithonia,"6650 Covington Highway, Lithonia, GA, 30058",6650 Covington Highway,Lithonia,GA,30058,33.7183126,-84.146729,ALDI,active,USA,2378673
14354,Aldi - Jef 22 - Loganville,"370 Athens Hwy, Loganville, GA, 30052",370 Athens Hwy,Loganville,GA,30052,33.8515437,-83.9262087,ALDI,active,USA,2378676
26988,Aldi - Jef 49 - Lovejoy,"11499 Tara Blvd, Lovejoy, GA, 30228",11499 Tara Blvd,Lovejoy,GA,30228,33.4416,-84.32273,ALDI,active,USA,2380254
14352,Aldi - Jef 69 - Mableton,"5020 Floyd Road Sw, Mableton, GA, 30126",5020 Floyd Road Sw,Mableton,GA,30126,33.8318878,-84.5766704,ALDI,active,USA,2378331
23845,Aldi - Jef 10 - Macon,"4501 Log Cabin Drive, Macon, GA, 31206",4501 Log Cabin Drive,Macon,GA,31206,32.8214966,-83.7106977,ALDI,active,USA,2378660
137731,Aldi - Jef 116 - Marietta - Int. Of Cobb Pkwy & Frey's Gin Rd Se,"249 Cobb Parkway Se, Marietta, GA, 30060",249 Cobb Parkway Se,Marietta,GA,30060,33.9457845,-84.516738,ALDI,active,USA,2378681
14335,Aldi - Jef 68 - Marietta,"2125 Roswell Rd Suite 30, Marietta, GA, 30062",2125 Roswell Rd Suite 30,Marietta,GA,30062,33.9675108,-84.4916546,ALDI,active,USA,2378696
14341,Aldi - Jef 65 - Marietta,"1260 Powder Springs Street Southwest, Marietta, GA, 30064",1260 Powder Springs Street Southwest,Marietta,GA,30064,33.9224993,-84.57878,ALDI,active,USA,2378694
14351,Aldi - Jef 31 - Mcdonough,"450 Jonesboro Rd, Mcdonough, GA, 30253",450 Jonesboro Rd,Mcdonough,GA,30253,33.4583234,-84.1729752,ALDI,active,USA,2378334
35522,Aldi - Jef 9 - Milledgeville,"1978 North Columbia St, Milledgeville, GA, 31061",1978 North Columbia St,Milledgeville,GA,31061,33.1073451,-83.2544188,ALDI,active,USA,2378674
14350,Aldi - Jef 30 - Milton,"12990 Hwy 9 N 107, Milton, GA, 30004",12990 Hwy 9 N 107,Milton,GA,30004,34.09969,-84.27235,ALDI,active,USA,2380321
14346,Aldi - Jef 8 - Newnan,"1064 Highway 34 East, Newnan, GA, 30265",1064 Highway 34 East,Newnan,GA,30265,33.3985998,-84.7446044,ALDI,active,USA,2378699
24383,Aldi - Jef 37 - Oakwood,"3640 Mundy MIll Rd Ste 132, Oakwood, GA, 30566",3640 Mundy MIll Rd Ste 132,Oakwood,GA,30566,34.2301194,-83.8651142,ALDI,active,USA,2380062
23786,Aldi - Jef 7 - Peachtree City,"2709 Hwy 54 W, Peachtree City, GA, 30269",2709 Hwy 54 W,Peachtree City,GA,30269,33.397856,-84.598439,ALDI,active,USA,2378664
14778,Aldi - Jef 2 - Peachtree Corners,"6135 Peachtree Pkwy Ste 302, Peachtree Corners, GA, 30092",6135 Peachtree Pkwy Ste 302,Peachtree Corners,GA,30092,33.95248,-84.23567,ALDI,active,USA,2378344
39868,Aldi - Jef 89 - Pooler,"152 Traders Way, Pooler, GA, 31322",152 Traders Way,Pooler,GA,31322,32.1411332,-81.2528728,ALDI,active,USA,2378700
24379,Aldi - Jef 40 - Rome,"836 Turner Mccall Blvd Sw, Rome, GA, 30161",836 Turner Mccall Blvd Sw,Rome,GA,30161,34.2595843,-85.1672774,ALDI,active,USA,2378663
14336,Aldi - Jef 16 - Roswell,"600 Mansell Road, Roswell, GA, 30076",600 Mansell Road,Roswell,GA,30076,34.0397402,-84.347251,ALDI,active,USA,2378339
14331,Aldi - Jef 20 - Sandy Springs,"6336 Roswell Road, Sandy Springs, GA, 30328",6336 Roswell Road,Sandy Springs,GA,30328,33.9281176,-84.380129,ALDI,active,USA,2380166
177601,Aldi - Jef 84 - Savannah,"1651 E Victory Dr, Savannah, GA, 31404",1651 E Victory Dr,Savannah,GA,31404,32.0445724,-81.0740346,ALDI,active,USA,2378682
40022,Aldi - Jef 88 - Savannah,"14070 Abercorn Street, Savannah, GA, 31419",14070 Abercorn Street,Savannah,GA,31419,31.98224001,-81.17498837,ALDI,active,USA,2378329
14624,Aldi - Jef 61 - Smyrna,"2589 Spring Rd, Smyrna, GA, 30080",2589 Spring Rd,Smyrna,GA,30080,33.8839245,-84.4773887,ALDI,active,USA,2378680
14328,Aldi - Jef 32 - Snellville,"3340 Centerville Hwy, Snellville, GA, 30039",3340 Centerville Hwy,Snellville,GA,30039,33.8109307,-84.0417158,ALDI,active,USA,2378646
39934,Aldi - Jef 85 - Statesboro,"270 Henry Blvd, Statesboro, GA, 30458",270 Henry Blvd,Statesboro,GA,30458,32.4298262,-81.7590237,ALDI,active,USA,2378686
471248,Aldi - Jef 171 - Saint Marys,"2714 Osborne Rd, St Marys, GA, 31558",2714 Osborne Rd,St Marys,GA,31558,30.7540408,-81.5787504,ALDI,active,USA,2378691
14327,Aldi - Jef 64 - Stockbridge,"5420 North Henry Blvd, Stockbridge, GA, 30281",5420 North Henry Blvd,Stockbridge,GA,30281,33.551021,-84.2550496,ALDI,active,USA,2378323
14326,Aldi - Jef 33 - Suwanee,"1165 Peachtree Industrial Boulevard, Suwanee, GA, 30024",1165 Peachtree Industrial Boulevard,Suwanee,GA,30024,34.0485101,-84.0950076,ALDI,active,USA,2378693
396451,Aldi - Jef 169 - Thomaston,"1054 Hwy 19 N, Thomaston, GA, 30286",1054 Hwy 19 N,Thomaston,GA,30286,32.9221459,-84.3332262,ALDI,active,USA,2378650
380647,Aldi - Lox 72 - Thomasville,"1530 East Jackson St, Thomasville, GA, 31792",1530 East Jackson St,Thomasville,GA,31792,30.854733,-83.953323,ALDI,active,USA,2378651
177953,Aldi - Lox 143 - Tifton,"1805 W Us Hwy 82, Tifton, GA, 31793",1805 W Us Hwy 82,Tifton,GA,31793,31.447373,-83.5417629,ALDI,active,USA,2378695
19324,Aldi - Jef 5 - Tucker,"4135 Lavista Road Ste C200, Tucker, GA, 30084",4135 Lavista Road Ste C200,Tucker,GA,30084,33.8455367,-84.2495782,ALDI,active,USA,2378342
92456,Aldi - Jef 117 - Union City,"4670 Jonesboro Road, Union City, GA, 30291",4670 Jonesboro Road,Union City,GA,30291,33.5687584,-84.5412619,ALDI,active,USA,2378683
163125,Aldi - Lox 142 - Valdosta,"3283 Jack Staten Way, Valdosta, GA, 31605",3283 Jack Staten Way,Valdosta,GA,31605,30.88457,-83.2875679,ALDI,active,USA,2378665
606561,Aldi - Lox 173 - Valdosta,"345 Norman Drive, Valdosta, GA, 31601",345 Norman Drive,Valdosta,GA,31601,30.8280505,-83.3164548,ALDI,active,USA,2378326
23844,Aldi - Jef 12 - Warner Robins,"3003 Watson Blvd, Warner Robins, GA, 31093",3003 Watson Blvd,Warner Robins,GA,31093,32.6164811,-83.6914312,ALDI,active,USA,2378668
17486,Aldi - Jef 24 - Winder,"160 West May Street, Winder, GA, 30680",160 West May Street,Winder,GA,30680,33.993974,-83.7328901,ALDI,active,USA,2378698
14323,Aldi - Jef 53 - Woodstock,"200 West Village Drive, Woodstock, GA, 30188",200 West Village Drive,Woodstock,GA,30188,34.0883823,-84.4692239,ALDI,active,USA,2378328
14381,Aldi - Jef 42 - Woodstock,"2014 Eagle Drive, Woodstock, GA, 30189",2014 Eagle Drive,Woodstock,GA,30189,34.1133033,-84.567503,ALDI,active,USA,2377949
118886,Aldi - Far 110 - Altoona,"611 34th Ave Sw, Altoona, IA, 50009",611 34th Ave Sw,Altoona,IA,50009,41.6464027,-93.5026847,ALDI,active,USA,2377950
24731,Aldi - Far 48 - Ames,"108 South 5th Street, Ames, IA, 50010",108 South 5th Street,Ames,IA,50010,42.0169913,-93.6121638,ALDI,active,USA,2378716
23772,Aldi - Far 35 - Ankeny,"2125 N Ankeny Boulevard, Ankeny, IA, 50023",2125 N Ankeny Boulevard,Ankeny,IA,50023,41.7492768,-93.5995426,ALDI,active,USA,2378733
144400,Aldi - Dwt 79 - Bettendorf,"3221 Devils Glen Road, Bettendorf, IA, 52722",3221 Devils Glen Road,Bettendorf,IA,52722,41.5557858,-90.4824588,ALDI,active,USA,2378717
24720,Aldi - Dwt 68 - Burlington,"3135 Agency Street, Burlington, IA, 52601",3135 Agency Street,Burlington,IA,52601,40.814312,-91.1367785,ALDI,active,USA,2378731
27621,Aldi - Far 64 - Cedar Falls,"315 Brandilynn Blvd, Cedar Falls, IA, 50613",315 Brandilynn Blvd,Cedar Falls,IA,50613,42.484952,-92.442177,ALDI,active,USA,2378706
24716,Aldi - Dwt 61 - Cedar Rapids,"5425 Blairs Forest Blvd Ne, Cedar Rapids, IA, 52402",5425 Blairs Forest Blvd Ne,Cedar Rapids,IA,52402,42.0332921,-91.685864,ALDI,active,USA,2378729
24717,Aldi - Dwt 62 - Cedar Rapids,"1860 Edgewood Road Sw, Cedar Rapids, IA, 52404",1860 Edgewood Road Sw,Cedar Rapids,IA,52404,41.9606958,-91.7176177,ALDI,active,USA,2378726
33685,Aldi - Dwt 64 - Cedar Rapids,"180 Collins Road Ne, Cedar Rapids, IA, 52402",180 Collins Road Ne,Cedar Rapids,IA,52402,42.0297166,-91.627962,ALDI,active,USA,2378712
24724,Aldi - Dwt 19 - Clinton,"2575 Lincoln Way, Clinton, IA, 52732",2575 Lincoln Way,Clinton,IA,52732,41.815413,-90.246538,ALDI,active,USA,2378707
24713,Aldi - Dwt 56 - Coralville,"2750 Heartland Drive, Coralville, IA, 52241",2750 Heartland Drive,Coralville,IA,52241,41.7000058,-91.6107505,ALDI,active,USA,2378734
24080,Aldi - Ola 74 - Council Bluffs,"3135 Manawa Centre Dr, Council Bluffs, IA, 51501",3135 Manawa Centre Dr,Council Bluffs,IA,51501,41.2288452,-95.8465063,ALDI,active,USA,2378703
172951,Aldi - Dwt 81 - Davenport,"3643 W Kimberly Road, Davenport, IA, 52806",3643 W Kimberly Road,Davenport,IA,52806,41.560109,-90.628975,ALDI,active,USA,2378718
21238,Aldi - Dwt 15 - Davenport,"1702 Brady Street, Davenport, IA, 52803",1702 Brady Street,Davenport,IA,52803,41.5370777,-90.5740436,ALDI,active,USA,2378722
21239,Aldi - Dwt 80 - Davenport,"5262 Elmore Avenue, Davenport, IA, 52807",5262 Elmore Avenue,Davenport,IA,52807,41.5729063,-90.5285622,ALDI,active,USA,2378704
23774,Aldi - Far 3 - Des Moines - Northeast,"3940 East 14th Street, Des Moines, IA, 50313",3940 East 14th Street,Des Moines,IA,50313,41.6325941,-93.6012833,ALDI,active,USA,2378739
23775,Aldi - Far 38 - Des Moines - East University,"2543 East University, Des Moines, IA, 50317",2543 East University,Des Moines,IA,50317,41.5999678,-93.5688535,ALDI,active,USA,2378736
23776,Aldi - Far 29 - Des Moines - Southeast,"5512 Southeast 14th Street, Des Moines, IA, 50320",5512 Southeast 14th Street,Des Moines,IA,50320,41.534324,-93.5975837,ALDI,active,USA,2378727
172961,Aldi - Oak 81 - Dubuque,"2596 Dodge Street, Dubuque, IA, 52002",2596 Dodge Street,Dubuque,IA,52002,42.4905001,-90.700216,ALDI,active,USA,2378709
24712,Aldi - Oak 80 - Dubuque,"2160 Holiday Drive, Dubuque, IA, 52002",2160 Holiday Drive,Dubuque,IA,52002,42.5143091,-90.7422259,ALDI,active,USA,2378725
24710,Aldi - Far 59 - Fort Dodge,"2736 1st Avenue South, Fort Dodge, IA, 50501",2736 1st Avenue South,Fort Dodge,IA,50501,42.5059496,-94.1593072,ALDI,active,USA,2378738
24721,Aldi - Ofa 77 - Fort Madison,"927 Avenue G, Fort Madison, IA, 52627",927 Avenue G,Fort Madison,IA,52627,40.6312748,-91.314767,ALDI,active,USA,2377951
70374,Aldi - Far 109 - Grimes,"2055 East 1st Street, Grimes, IA, 50111",2055 East 1st Street,Grimes,IA,50111,41.6890525,-93.7720021,ALDI,active,USA,2378740
24714,Aldi - Dwt 67 - Iowa City,"760 Ruppert Road, Iowa City, IA, 52246",760 Ruppert Road,Iowa City,IA,52246,41.646406,-91.549455,ALDI,active,USA,2378730
24722,Aldi - Ofa 15 - Keokuk,"3379 Main Street, Keokuk, IA, 52632",3379 Main Street,Keokuk,IA,52632,40.4193175,-91.4061075,ALDI,active,USA,2378714
24715,Aldi - Dwt 58 - Marion,"1001 50th Street, Marion, IA, 52302",1001 50th Street,Marion,IA,52302,42.03655,-91.55618,ALDI,active,USA,2378720
24732,Aldi - Far 43 - Marshalltown,"2405 South Center Street, Marshalltown, IA, 50158",2405 South Center Street,Marshalltown,IA,50158,42.016919,-92.9127883,ALDI,active,USA,2378724
24733,Aldi - Far 47 - Mason City,"520 Village Green Drive Sw, Mason City, IA, 50401",520 Village Green Drive Sw,Mason City,IA,50401,43.1466228,-93.2502698,ALDI,active,USA,2378723
24723,Aldi - 1309 East Washington,"1309 East Washington, Mount Pleasant, IA, 52641",1309 East Washington,Mount Pleasant,IA,52641,40.9639067,-91.5334975,ALDI,active,USA,2378735
26985,Aldi - Dwt 5 - Muscatine,"3200 Northport Dr, Muscatine, IA, 52761",3200 Northport Dr,Muscatine,IA,52761,41.459877,-91.0196654,ALDI,active,USA,2378737
380659,Aldi - Far 146 - Newton,"375 Iowa Speedway Dr, Newton, IA, 50208",375 Iowa Speedway Dr,Newton,IA,50208,41.696341,-93.015013,ALDI,active,USA,2378732
178411,Aldi - Dwt 57 - North Liberty,"725 N Highway 965, North Liberty, IA, 52317",725 N Highway 965,North Liberty,IA,52317,41.75396968,-91.60764549,ALDI,active,USA,2378719
24718,Aldi - Ofa 73 - Ottumwa,"940 Quincy Avenue, Ottumwa, IA, 52501",940 Quincy Avenue,Ottumwa,IA,52501,41.0140707,-92.4376653,ALDI,active,USA,2378728
153378,Aldi - Far 126 - Sioux City - Sergeant Rd,"5001 Sergeant Road Suite 1a, Sioux City, IA, 51106",5001 Sergeant Road Suite 1a,Sioux City,IA,51106,42.4458495,-96.3411361,ALDI,active,USA,2378721
92464,Aldi - Far 25 - Sioux City - Floyd Blvd,"3140 Floyd Boulevard, Sioux City, IA, 51108",3140 Floyd Boulevard,Sioux City,IA,51108,42.5336222,-96.3705538,ALDI,active,USA,2378713
23777,Aldi - Far 34 - Urbandale,"8400 Douglas Avenue, Urbandale, IA, 50322",8400 Douglas Avenue,Urbandale,IA,50322,41.6291555,-93.7335151,ALDI,active,USA,2378708
24711,Aldi - Far 33 - Waterloo,"1918 Schukei Road, Waterloo, IA, 50702",1918 Schukei Road,Waterloo,IA,50702,42.4623998,-92.3316383,ALDI,active,USA,2378711
40023,Aldi - Far 36 - Waukee,"1030 East Hickman Road, Waukee, IA, 50263",1030 East Hickman Road,Waukee,IA,50263,41.614275,-93.854757,ALDI,active,USA,2378715
380660,Aldi - Far 147 - Waverly,"2701 4th Street Sw, Waverly, IA, 50677",2701 4th Street Sw,Waverly,IA,50677,42.7015968,-92.4749235,ALDI,active,USA,2378710
23773,Aldi - Far 40 - West Des Moines,"6050 Mills CIVic Parkway, West Des Moines, IA, 50266",6050 Mills CIVic Parkway,West Des Moines,IA,50266,41.5583913,-93.792489,ALDI,active,USA,2378702
154488,Aldi - Far 116 - Windsor Heights,"7100 University Avenue, Windsor Heights, IA, 50324",7100 University Avenue,Windsor Heights,IA,50324,41.5997449,-93.7146136,ALDI,active,USA,2378705
20799,Aldi - Bat 33 - Addison,"1038 Rohlwing Road, Addison, IL, 60101",1038 Rohlwing Road,Addison,IL,60101,41.9488808,-88.0351147,ALDI,active,USA,2380345
22250,Aldi - Bat 37 - Algonquin,"1100 S Randall Rd, Algonquin, IL, 60102",1100 S Randall Rd,Algonquin,IL,60102,42.1584025,-88.336665,ALDI,active,USA,2380369
20829,Aldi - Val 17 - Alsip,"11340 Scicero Ave, Alsip, IL, 60803",11340 Scicero Ave,Alsip,IL,60803,41.6877325,-87.7402213,ALDI,active,USA,2380409
23451,Aldi - Val 59 - Alsip,"12050 S Pulaski Rd, Alsip, IL, 60803",12050 S Pulaski Rd,Alsip,IL,60803,41.6734759,-87.720725,ALDI,active,USA,2380390
23363,Aldi - Ofa 22 - Alton,"2822 Homer Adams Parkway, Alton, IL, 62002",2822 Homer Adams Parkway,Alton,IL,62002,38.91560296,-90.14511658,ALDI,active,USA,2380425
24580,Aldi - Oak 70 - Antioch,"1390 Deep Lake Road, Antioch, IL, 60002",1390 Deep Lake Road,Antioch,IL,60002,42.4654317,-88.0631242,ALDI,active,USA,2380351
20769,Aldi - Bat 55 - Arlington Heights,"550 East Golf Road, Arlington Heights, IL, 60005",550 East Golf Road,Arlington Heights,IL,60005,42.0520816,-87.9757804,ALDI,active,USA,2378793
20762,Aldi - Bat 78 - Aurora,"4444 Ogden Ave, Aurora, IL, 60504",4444 Ogden Ave,Aurora,IL,60504,41.7539505,-88.2078449,ALDI,active,USA,2380381
20780,Aldi - Bat 40 - N. Aurora,"199 Miller Drive N, Aurora, IL, 60542",199 Miller Drive N,Aurora,IL,60542,41.8089332,-88.3517849,ALDI,active,USA,2378818
20806,Aldi - Bat 52 - Aurora,"2275 West Galena Blvd, Aurora, IL, 60506",2275 West Galena Blvd,Aurora,IL,60506,41.7655633,-88.3724172,ALDI,active,USA,2378764
22248,Aldi - Bat 20 - Aurora,"1410 E New York Street, Aurora, IL, 60505",1410 E New York Street,Aurora,IL,60505,41.7572367,-88.2807104,ALDI,active,USA,2380363
177588,Aldi - Bat 89 - Bartlett,"200 Devon Avenue, Bartlett, IL, 60103",200 Devon Avenue,Bartlett,IL,60103,41.987636,-88.181886,ALDI,active,USA,2380395
172944,Aldi - Dwt 87 - Bartonville,"3701 S Airport Rd, Bartonville, IL, 61607",3701 S Airport Rd,Bartonville,IL,61607,40.6451614,-89.6803873,ALDI,active,USA,2380265
21208,"Aldi - Bat 42 - 451 N Randall Rd. Batavia, Il 60510","451 N Randall, Batavia, IL, 60510",451 N Randall,Batavia,IL,60510,41.8584851,-88.3428311,ALDI,active,USA,2380385
23450,Aldi - Val 76 - Bedford Park,"7020 S Cicero Avenue, Bedford Park, IL, 60638",7020 S Cicero Avenue,Bedford Park,IL,60638,41.7668886,-87.7431415,ALDI,active,USA,2380180
178193,Aldi - Ofa 65 - Belleville,"1805 Carlyle Ave, Belleville, IL, 62221",1805 Carlyle Ave,Belleville,IL,62221,38.5196049,-89.9309132,ALDI,active,USA,2378823
23444,Aldi - Bat 15 - 400 S. Mannheim,"400 S Mannheim, Bellwood, IL, 60104",400 S Mannheim,Bellwood,IL,60104,41.885255,-87.883005,ALDI,active,USA,2378817
20778,Aldi - Bat 67 - Belvidere,"1021 N State Street, Belvidere, IL, 61008",1021 N State Street,Belvidere,IL,61008,42.2672829,-88.8499198,ALDI,active,USA,2380336
20764,Aldi - Bat 25 - 525 West Army Trail Rd - Army Trail & County Farm Rd,"525 W Army Trail Rd, Bloomingdale, IL, 60108",525 W Army Trail Rd,Bloomingdale,IL,60108,41.9406318,-88.1363338,ALDI,active,USA,2380412
137434,Aldi - Dwt 55 - Bloomington,"2121 Village Lane, Bloomington, IL, 61704",2121 Village Lane,Bloomington,IL,61704,40.459801,-88.961861,ALDI,active,USA,2378774
21233,Aldi - Dwt 54 - Bloomington,"907 Maple Hill Road, Bloomington, IL, 61705",907 Maple Hill Road,Bloomington,IL,61705,40.4867903,-89.0353411,ALDI,active,USA,2378767
23446,Aldi - Val 22 - Blue Island,"12215 Western Avenue, Blue Island, IL, 60406",12215 Western Avenue,Blue Island,IL,60406,41.6711022,-87.6797636,ALDI,active,USA,2378789
124432,Aldi - Dwt 14 - Bolingbrook,"734 East Boughton Road, Bolingbrook, IL, 60440",734 East Boughton Road,Bolingbrook,IL,60440,41.7254278,-88.0367672,ALDI,active,USA,2380335
20809,Aldi - Dwt 16 - Bolingbrook,"317 N Weber Road, Bolingbrook, IL, 60490",317 N Weber Road,Bolingbrook,IL,60490,41.7047578,-88.1274251,ALDI,active,USA,2380361
22264,Aldi - Dwt 9 - Bolingbrook,"351 Brookview Lane, Bolingbrook, IL, 60440",351 Brookview Lane,Bolingbrook,IL,60440,41.6893536,-88.0704555,ALDI,active,USA,2380367
108218,Aldi - Dwt 93 - Bourbonnais,"950 Main St Nw, Bourbonnais, IL, 60914",950 Main St Nw,Bourbonnais,IL,60914,41.161977,-87.8932609,ALDI,active,USA,2380349
24586,Aldi - Dwt 39 - Bourbonnais,"2051 North State Route 50, Bourbonnais, IL, 60914",2051 North State Route 50,Bourbonnais,IL,60914,41.1890769,-87.8513689,ALDI,active,USA,2378805
20826,Aldi - Val 13 - Bridgeview,"7802 S Harlem Ave, Bridgeview, IL, 60455",7802 S Harlem Ave,Bridgeview,IL,60455,41.7494432,-87.8012537,ALDI,active,USA,2380426
20770,Aldi - Bat 87 - Broadview,"1001 Cermak Road, Broadview, IL, 60155",1001 Cermak Road,Broadview,IL,60155,41.8505909,-87.8445003,ALDI,active,USA,2378759
23370,Aldi - Ofa 33 - Cahokia,"1233 Camp Jackson Road, Cahokia, IL, 62206",1233 Camp Jackson Road,Cahokia,IL,62206,38.5601051,-90.1714897,ALDI,active,USA,2380287
20880,"Aldi - Val 33 - 1490 Torrence Avenue, Calumet City","1490 Torrence Avenue, Calumet City, IL, 60409",1490 Torrence Avenue,Calumet City,IL,60409,41.5915218,-87.5602109,ALDI,active,USA,2378751
23452,Aldi - 13085 S. Ashland Avenue,"13085 S Ashland Avenue, Calumet Park, IL, 60827",13085 S Ashland Avenue,Calumet Park,IL,60827,41.6570522,-87.6595355,ALDI,active,USA,2380315
24596,Aldi - Dwt 36 - Canton,"20 North 5th Avenue, Canton, IL, 61520",20 North 5th Avenue,Canton,IL,61520,40.55629258,-90.02844864,ALDI,active,USA,2380334
23646,Aldi - Ofa 40 - Carbondale,"1232 East Main, Carbondale, IL, 62901",1232 East Main,Carbondale,IL,62901,37.7323416,-89.193524,ALDI,active,USA,2380410
20774,Aldi - Bat 76 - Carol Stream,"330 S Schmale Road, Carol Stream, IL, 60188",330 S Schmale Road,Carol Stream,IL,60188,41.8953917,-88.10324,ALDI,active,USA,2380378
20757,Aldi - Bat 29 - Carpentersville,"90 S Western, Carpentersville, IL, 60110",90 S Western,Carpentersville,IL,60110,42.1063767,-88.2913486,ALDI,active,USA,2380393
23594,Aldi - Bat 12 - Cary,"3340 Three Oaks Road, Cary, IL, 60013",3340 Three Oaks Road,Cary,IL,60013,42.2198439,-88.2642921,ALDI,active,USA,2380422
24061,Aldi - Ofa 25 - Centralia,"300 Aaron Parkway, Centralia, IL, 62801",300 Aaron Parkway,Centralia,IL,62801,38.5332105,-89.1470065,ALDI,active,USA,2378763
21235,Aldi - Dwt 90 - Champaign,"801 West Interstate Drive, Champaign, IL, 61822",801 West Interstate Drive,Champaign,IL,61822,40.148748,-88.2562327,ALDI,active,USA,2378770
24599,Aldi - Dwt 73 - Charleston,"2240 Shawnee Dr, Charleston, IL, 61920",2240 Shawnee Dr,Charleston,IL,61920,39.4876214,-88.1571083,ALDI,active,USA,2380365
10987,Aldi - Bat 3 - Chicago,"4500 N Broadway, Chicago, IL, 60640",4500 N Broadway,Chicago,IL,60640,41.963795,-87.656869,ALDI,active,USA,2378810
12161,Aldi - Val 30 - Chicago,"3030 S Kedzie Ave, Chicago, IL, 60623",3030 S Kedzie Ave,Chicago,IL,60623,41.8382566,-87.7056662,ALDI,active,USA,2380391
12265,Aldi - Bat 64 - Chicago,"1753 N Milwaukee Ave, Chicago, IL, 60647",1753 N Milwaukee Ave,Chicago,IL,60647,41.9133413,-87.6817575,ALDI,active,USA,2378822
12266,Aldi - Val 28 - Chicago,"4934 S Kedzie Ave, Chicago, IL, 60632",4934 S Kedzie Ave,Chicago,IL,60632,41.8031719,-87.705091,ALDI,active,USA,2378816
12267,Aldi - Val 92 - Chicago,"620 W 63rd St, Chicago, IL, 60621",620 W 63rd St,Chicago,IL,60621,41.7804113,-87.6404614,ALDI,active,USA,2378828
12268,Aldi - Val 66 - Chicago,"6621 S Cottage Grove Ave, Chicago, IL, 60637",6621 S Cottage Grove Ave,Chicago,IL,60637,41.774562,-87.6054463,ALDI,active,USA,2380383
156022,Aldi - Bat 83 - Chicago,"3930 N Kilpatrick Ave, Chicago, IL, 60641",3930 N Kilpatrick Ave,Chicago,IL,60641,41.952091,-87.744765,ALDI,active,USA,2378792
20756,Aldi - Bat 6 - Chicago,"5001 N Pulaski, Chicago, IL, 60630",5001 N Pulaski,Chicago,IL,60630,41.9729251,-87.7278048,ALDI,active,USA,2380389
20782,Aldi - Bat 34 - Chicago,"6520 W Fullerton Ave, Chicago, IL, 60707",6520 W Fullerton Ave,Chicago,IL,60707,41.9259413,-87.788707,ALDI,active,USA,2380129
20791,Aldi - Bat 65 - Chicago,"6221 N Broadway, Chicago, IL, 60660",6221 N Broadway,Chicago,IL,60660,41.9950081,-87.6600484,ALDI,active,USA,2378771
20793,Aldi - Bat 82 - Chicago,"3320 B W Belmont, Chicago, IL, 60618",3320 B W Belmont,Chicago,IL,60618,41.93995,-87.71173,ALDI,active,USA,2378761
20795,Aldi - Bat 16 - Chicago,"1440 N Kostner Avenue, Chicago, IL, 60651",1440 N Kostner Avenue,Chicago,IL,60651,41.9072613,-87.7365761,ALDI,active,USA,2378824
20805,Aldi - Bat 58 - Chicago,"2431 West Montrose, Chicago, IL, 60618",2431 West Montrose,Chicago,IL,60618,41.9610387,-87.689928,ALDI,active,USA,2378811
20817,Aldi - Val 62 - Chicago,"1739 West Cermak Rd, Chicago, IL, 60608",1739 West Cermak Rd,Chicago,IL,60608,41.851731,-87.669969,ALDI,active,USA,2378845
20819,Aldi - Val 94 - Chicago,"6025 S Western Ave, Chicago, IL, 60636",6025 S Western Ave,Chicago,IL,60636,41.7837658,-87.6829945,ALDI,active,USA,2378815
20828,Aldi - Val 14 - Chicago,"5629 W Fillmore St, Chicago, IL, 60644",5629 W Fillmore St,Chicago,IL,60644,41.867227,-87.7649172,ALDI,active,USA,2378791
20833,Aldi - 7345 S. State Street,"7345 S State Street, Chicago, IL, 60619",7345 S State Street,Chicago,IL,60619,41.7603521,-87.6243958,ALDI,active,USA,2378755
20834,Aldi - Val 26 - Chicago,"10532 S Indianapolis Ave, Chicago, IL, 60617",10532 S Indianapolis Ave,Chicago,IL,60617,41.7034203,-87.5257141,ALDI,active,USA,2378800
22249,Aldi - Bat 62 - Chicago,"6220 N California, Chicago, IL, 60659",6220 N California,Chicago,IL,60659,41.99471675,-87.6996055,ALDI,active,USA,2380350
22302,Aldi - Val 83 - Chicago,"8333 South Cicero Ave, Chicago, IL, 60652",8333 South Cicero Ave,Chicago,IL,60652,41.7406059,-87.7404226,ALDI,active,USA,2378829
22538,Aldi - Val 10 - Chicago,"4501 S Pulaski, Chicago, IL, 60632",4501 S Pulaski,Chicago,IL,60632,41.8107334,-87.7232646,ALDI,active,USA,2380403
23136,Aldi - Bat 30 - Chicago,"4030 West Wrightwood, Chicago, IL, 60639",4030 West Wrightwood,Chicago,IL,60639,41.928664,-87.7287448,ALDI,active,USA,2380394
23143,"Aldi - Val 47 - 1508 W. 47th Street, Chicago Il","1508 W 47th Street, Chicago, IL, 60609",1508 W 47th Street,Chicago,IL,60609,41.8094491,-87.6628487,ALDI,active,USA,2378762
23144,Aldi - Val 95 - Chicago,"2333 E 95th St, Chicago, IL, 60617",2333 E 95th St,Chicago,IL,60617,41.7221422,-87.5666979,ALDI,active,USA,2378827
23145,Aldi - 7800 South Chicago Ave,"7800 South Chicago Ave, Chicago, IL, 60619",7800 South Chicago Ave,Chicago,IL,60619,41.75255,-87.58768,ALDI,active,USA,2380428
23198,Aldi - Bat 26 - Chicago,"2600 N Clybourn Avenue, Chicago, IL, 60614",2600 N Clybourn Avenue,Chicago,IL,60614,41.9286161,-87.674792,ALDI,active,USA,2378749
23199,Aldi - Bat 2 - Chicago,"4627 W Diversey Ave, Chicago, IL, 60639",4627 W Diversey Ave,Chicago,IL,60639,41.9308554,-87.7427491,ALDI,active,USA,2380419
23200,Aldi - Bat 4 - Chicago,"800 N Kedzie, Chicago, IL, 60651",800 N Kedzie,Chicago,IL,60651,41.8966303,-87.7081856,ALDI,active,USA,2378836
23443,Aldi - Bat 90 - Chicago,"2828 N Central, Chicago, IL, 60634",2828 N Central,Chicago,IL,60634,41.9320219,-87.7665702,ALDI,active,USA,2378838
23448,Aldi - Val 88 - Chicago,"8500 S Holland Road, Chicago, IL, 60620",8500 S Holland Road,Chicago,IL,60620,41.739147,-87.632027,ALDI,active,USA,2378807
23449,Aldi - Val 53 - Chicago,"5501 S Harlem Ave, Chicago, IL, 60638",5501 S Harlem Ave,Chicago,IL,60638,41.7916664,-87.800734,ALDI,active,USA,2378776
570515,Aldi - Bat 104 - Chicago,"30 W Huron St, Chicago, IL, 60654",30 W Huron St,Chicago,IL,60654,41.8950182,-87.629096,ALDI,active,USA,2378775
70378,Aldi - Bat 13 - Chicago,"201 West Division Street, Chicago, IL, 60610",201 West Division Street,Chicago,IL,60610,41.903662,-87.635135,ALDI,active,USA,2378782
23961,Aldi - Val 15 - Chicago Heights,"527 W 14th St, Chicago Heights, IL, 60411",527 W 14th St,Chicago Heights,IL,60411,41.5067948,-87.6652796,ALDI,active,USA,2378786
23447,Aldi - Val 32 - Chicago Ridge,"9640 S Ridgeland Avenue, Chicago Ridge, IL, 60415",9640 S Ridgeland Avenue,Chicago Ridge,IL,60415,41.7166821,-87.7817904,ALDI,active,USA,2377952
12227,"Aldi - Val 12 - Cicero, Il","4630 W Cermak Road, Cicero, IL, 60804",4630 W Cermak Road,Cicero,IL,60804,41.8516752,-87.7404409,ALDI,active,USA,2378841
19371,Aldi - Ofa 53 - Collinsville,"1716 Vandalia Street, Collinsville, IL, 62234",1716 Vandalia Street,Collinsville,IL,62234,38.6902446,-89.9710655,ALDI,active,USA,2378831
20824,Aldi - Val 48 - Crestwood,"4820 Cal Sag Road, Crestwood, IL, 60418",4820 Cal Sag Road,Crestwood,IL,60418,41.6546067,-87.739933,ALDI,active,USA,2380416
20804,Aldi - Bat 10 - Crystal Lake,"5831 Northwest Highway, Crystal Lake, IL, 60014",5831 Northwest Highway,Crystal Lake,IL,60014,42.225505,-88.3131547,ALDI,active,USA,2378795
24598,Aldi - Dwt 89 - Danville,"502 South Gilbert Street, Danville, IL, 61832",502 South Gilbert Street,Danville,IL,61832,40.11412,-87.63606,ALDI,active,USA,2378832
20763,Aldi - Bat 80 - Darien,"2251 75th St, Darien, IL, 60561",2251 75th St,Darien,IL,60561,41.7506394,-88.0016667,ALDI,active,USA,2380382
24607,Aldi - Dwt 48 - Decatur,"510 E Pershing Road, Decatur, IL, 62526",510 E Pershing Road,Decatur,IL,62526,39.8779305,-88.950893,ALDI,active,USA,2380347
29447,Aldi - Dwt 28 - Decatur,"2075 Mt Zion Rd, Decatur, IL, 62521",2075 Mt Zion Rd,Decatur,IL,62521,39.8167441,-88.8791628,ALDI,active,USA,2380355
20765,Aldi - Bat 46 - Dekalb,"2540 Sycamore Rd, Dekalb, IL, 60115",2540 Sycamore Rd,Dekalb,IL,60115,41.95455,-88.72221,ALDI,active,USA,2378747
20776,Aldi - Bat 71 - Des Plaines,"1365 Lee St, Des Plaines, IL, 60018",1365 Lee St,Des Plaines,IL,60018,42.028591,-87.8928226,ALDI,active,USA,2380405
23598,Aldi - Val 75 - Dixmoor,"14529 S Western Avenue, Dixmoor, IL, 60426",14529 S Western Avenue,Dixmoor,IL,60426,41.6246529,-87.6739859,ALDI,active,USA,2380112
24587,Aldi - Dwt 26 - Dixon,"1760 South Galena Avenue, Dixon, IL, 61021",1760 South Galena Avenue,Dixon,IL,61021,41.8238891,-89.4730233,ALDI,active,USA,2378754
23185,Aldi - Bat 81 - Downers Grove,"28 West Ogden Avenue Aldi, Downers Grove, IL, 60515",28 West Ogden Avenue Aldi,Downers Grove,IL,60515,41.8112165,-87.9860963,ALDI,active,USA,2380289
21243,Aldi - Dwt 60 - East Peoria,"251 Clock Tower Drive, East Peoria, IL, 61611",251 Clock Tower Drive,East Peoria,IL,61611,40.673827,-89.5844628,ALDI,active,USA,2378753
24603,Aldi - Ofa 71 - Effingham,"908 North Keller Drive, Effingham, IL, 62401",908 North Keller Drive,Effingham,IL,62401,39.1303336,-88.558985,ALDI,active,USA,2380338
20761,Aldi - Bat 50 - Elgin - Summit St,"799 Summit St, Elgin, IL, 60120",799 Summit St,Elgin,IL,60120,42.0450545,-88.2605327,ALDI,active,USA,2378821
20767,Aldi - Bat 38 - Elgin - Randall Rd,"215 South Randall Road, Elgin, IL, 60123",215 South Randall Road,Elgin,IL,60123,42.0273,-88.33678,ALDI,active,USA,2378835
20777,Aldi - Bat 17 - Elk Grove Village,"905 Meacham Rd, Elk Grove Village, IL, 60007",905 Meacham Rd,Elk Grove Village,IL,60007,42.000391,-88.04401,ALDI,active,USA,2378837
20794,Aldi - Bat 68 - Evanston,"2211 Oakton St, Evanston, IL, 60202",2211 Oakton St,Evanston,IL,60202,42.0273198,-87.704732,ALDI,active,USA,2380423
20832,Aldi - Val 67 - Evergreen Park,"3231 W 87th Street, Evergreen Park, IL, 60805",3231 W 87th Street,Evergreen Park,IL,60805,41.7339766,-87.7039445,ALDI,active,USA,2378745
22550,Aldi - Val 97 - Evergreen Park,"2541 W 95th Street, Evergreen Park, IL, 60805",2541 W 95th Street,Evergreen Park,IL,60805,41.7197487,-87.6866458,ALDI,active,USA,2378777
31996,Aldi - Ofa 13 - Fairview Heights,"5925 N Illinois St, Fairview Heights, IL, 62208",5925 N Illinois St,Fairview Heights,IL,62208,38.5862236,-89.9875033,ALDI,active,USA,2380377
380654,Aldi - Bat 107 - Forest Park,"215 Harlem Ave, Forest Park, IL, 60130",215 Harlem Ave,Forest Park,IL,60130,41.8823859,-87.8051488,ALDI,active,USA,2380360
20810,Aldi - Dwt 31 - Frankfort,"20230 Lagrange Road, Frankfort, IL, 60423",20230 Lagrange Road,Frankfort,IL,60423,41.5224374,-87.8516759,ALDI,active,USA,2380408
23069,Aldi - Bat 59 - Freeport,"726 West South Street, Freeport, IL, 61032",726 West South Street,Freeport,IL,61032,42.281175,-89.630093,ALDI,active,USA,2378801
24593,Aldi - Dwt 2 - Galesburg,"2660 North Seminary Street, Galesburg, IL, 61401",2660 North Seminary Street,Galesburg,IL,61401,40.9797999,-90.3650527,ALDI,active,USA,2378788
23593,"Aldi - Bat 18 - Geneva, Il","975 E State Street, Geneva, IL, 60134",975 E State Street,Geneva,IL,60134,41.8883646,-88.2881954,ALDI,active,USA,2380413
23371,Aldi - Ofa 50 - Glen Carbon,"16 Cottonwood Road, Glen Carbon, IL, 62034",16 Cottonwood Road,Glen Carbon,IL,62034,38.7736951,-89.9550406,ALDI,active,USA,2378768
26982,Aldi - Bat 31 - 203 East Army Trail Rd - Army Trail & Bloomingdale Rd,"203 East Army Trail, Glendale Heights, IL, 60139",203 East Army Trail,Glendale Heights,IL,60139,41.9361015,-88.0812256,ALDI,active,USA,2378760
20787,Aldi - Bat 9 - Glen Ellyn (Roosevelt Rd & Nicoll Way),"700 Roosevelt Road, Glen Ellyn, IL, 60137",700 Roosevelt Road,Glen Ellyn,IL,60137,41.860466,-88.057185,ALDI,active,USA,2380397
40144,Aldi - Bat 48 - Glenview,"2195 Willow Road, Glenview, IL, 60025",2195 Willow Road,Glenview,IL,60025,42.1020219,-87.810966,ALDI,active,USA,2380368
23962,Aldi - Val 6 - Glenwood,"18901 S Halsted Street, Glenwood, IL, 60425",18901 S Halsted Street,Glenwood,IL,60425,41.547229,-87.6350643,ALDI,active,USA,2377953
23369,Aldi - Ofa 27 - Granite City,"1412 Schaeffer Road, Granite City, IL, 62040",1412 Schaeffer Road,Granite City,IL,62040,38.7373567,-90.1347292,ALDI,active,USA,2378750
39964,Aldi - Oak 62 - Gurnee,"7520 Grand Avenue, Gurnee, IL, 60031",7520 Grand Avenue,Gurnee,IL,60031,42.3865407,-87.987327,ALDI,active,USA,2380400
24611,Aldi - Ofa 60 - Harrisburg,"740 North Commercial Street, Harrisburg, IL, 62946",740 North Commercial Street,Harrisburg,IL,62946,37.7446965,-88.5230665,ALDI,active,USA,2378765
20797,Aldi - Bat 35 - Harwood Heights,"4703 N Harlem Ave, Harwood Heights, IL, 60706",4703 N Harlem Ave,Harwood Heights,IL,60706,41.9654625,-87.8060706,ALDI,active,USA,2380342
20825,Aldi - Val 60 - Countryside,"9430 Joliet Rd, Hodgkins, IL, 60525",9430 Joliet Rd,Hodgkins,IL,60525,41.7784328,-87.8626792,ALDI,active,USA,2380262
20771,Aldi - Bat 63 - Hoffman Estates,"375 W Higgins Road, Hoffman Estates, IL, 60169",375 W Higgins Road,Hoffman Estates,IL,60169,42.0461112,-88.0878244,ALDI,active,USA,2380387
23602,Aldi - Dwt 65 - Homer Glen,"14245 South Greystone Drive, Homer Glen, IL, 60491",14245 South Greystone Drive,Homer Glen,IL,60491,41.6301566,-87.9257432,ALDI,active,USA,2378833
20801,Aldi - Bat 61 - Huntley,"12300 Princeton Drive, Huntley, IL, 60142",12300 Princeton Drive,Huntley,IL,60142,42.1504009,-88.4340289,ALDI,active,USA,2378806
24609,Aldi - Ofa 8 - Jacksonville,"329 East Morton, Jacksonville, IL, 62650",329 East Morton,Jacksonville,IL,62650,39.7228,-90.22589,ALDI,active,USA,2380427
20814,Aldi - Dwt 40 - Joliet,"2601 W Jefferson St, Joliet, IL, 60435",2601 W Jefferson St,Joliet,IL,60435,41.522902,-88.146904,ALDI,active,USA,2380384
23604,Aldi - Dwt 45 - Joliet,"3080 Hennepin Drive, Joliet, IL, 60431",3080 Hennepin Drive,Joliet,IL,60431,41.5732686,-88.1560503,ALDI,active,USA,2378796
23325,Aldi - Dwt 38 - Kankakee,"2705 South Schuyler Avenue, Kankakee, IL, 60901",2705 South Schuyler Avenue,Kankakee,IL,60901,41.0833199,-87.8702426,ALDI,active,USA,2378843
177956,Aldi - Val 45 - Lagrange Park,"333 N Lagrange Road, Lagrange Park, IL, 60526",333 N Lagrange Road,Lagrange Park,IL,60526,41.823206,-87.869982,ALDI,active,USA,2380374
23595,Aldi - Oak 65 - Lake Zurich,"981 S Rand Road, Lake Zurich, IL, 60047",981 S Rand Road,Lake Zurich,IL,60047,42.1804547,-88.082022,ALDI,active,USA,2378840
20881,Aldi - Val 39 - Lansing,"3602 Ridge Road, Lansing, IL, 60438",3602 Ridge Road,Lansing,IL,60438,41.5649797,-87.5293079,ALDI,active,USA,2378809
20812,Aldi - Dwt 66 - Lemont,"1237 South State Street, Lemont, IL, 60439",1237 South State Street,Lemont,IL,60439,41.6551114,-87.9980053,ALDI,active,USA,2380420
24610,Aldi - Dwt 24 - Lincoln,"2500 Woodlawn Road, Lincoln, IL, 62656",2500 Woodlawn Road,Lincoln,IL,62656,40.1586903,-89.4018575,ALDI,active,USA,2378825
20772,Aldi - Bat 53 - Lisle,"5525 Route 53, Lisle, IL, 60532",5525 Route 53,Lisle,IL,60532,41.7848333,-88.0738159,ALDI,active,USA,2378783
24601,Aldi - Ofa 97 - Litchfield,"20 Litchfield Plaza, Litchfield, IL, 62056",20 Litchfield Plaza,Litchfield,IL,62056,39.1821007,-89.6693515,ALDI,active,USA,2380418
21206,Aldi - Dwt 7 - Lockport,"16060 South Farrell Road, Lockport, IL, 60441",16060 South Farrell Road,Lockport,IL,60441,41.5943643,-88.0274239,ALDI,active,USA,2378804
172967,Aldi - Bat 86 - Lombard,"205 W Roosevelt, Lombard, IL, 60148",205 W Roosevelt,Lombard,IL,60148,41.858873,-88.0197596,ALDI,active,USA,2378779
23454,Aldi - Bat 69 - Loves Park,"6350 Forest Hills Road, Loves Park, IL, 61111",6350 Forest Hills Road,Loves Park,IL,61111,42.3169675,-89.034755,ALDI,active,USA,2378842
20823,Aldi - Val 86 - Lyons,"7235 39th Street, Lyons, IL, 60534",7235 39th Street,Lyons,IL,60534,41.8207695,-87.8043807,ALDI,active,USA,2380386
20784,Aldi - Bat 73 - Machesney Park,"1545 W Lane Road, Machesney Park, IL, 61115",1545 W Lane Road,Machesney Park,IL,61115,42.3647862,-89.0238703,ALDI,active,USA,2378834
24595,Aldi - Dwt 3 - Macomb,"1540 East Jackson Street, Macomb, IL, 61455",1540 East Jackson Street,Macomb,IL,61455,40.4592863,-90.6490727,ALDI,active,USA,2378794
24612,Aldi - Ofa 1 - Marion,"1305 North Russell Street, Marion, IL, 62959",1305 North Russell Street,Marion,IL,62959,37.741914,-88.9411571,ALDI,active,USA,2378752
20807,Aldi - Val 52 - Matteson,"20713 South Cicero Avenue, Matteson, IL, 60443",20713 South Cicero Avenue,Matteson,IL,60443,41.5129619,-87.7318059,ALDI,active,USA,2378798
24600,Aldi - Dwt 37 - Mattoon,"1220 Fort Worth Way, Mattoon, IL, 61938",1220 Fort Worth Way,Mattoon,IL,61938,39.4831828,-88.3297385,ALDI,active,USA,2378772
20800,Aldi - Bat 23 - Mchenry,"2226 N Richmond Rd, Mchenry, IL, 60051",2226 N Richmond Rd,Mchenry,IL,60051,42.3591529,-88.2644442,ALDI,active,USA,2380346
22251,Aldi - Bat 44 - Melrose Park,"1345 W North Ave, Melrose Park, IL, 60160",1345 W North Ave,Melrose Park,IL,60160,41.9098815,-87.8490667,ALDI,active,USA,2378773
21240,Aldi - Dwt 23 - Moline,"4211 Avenue Of The Cities, Moline, IL, 61265",4211 Avenue Of The Cities,Moline,IL,61265,41.4905287,-90.4768531,ALDI,active,USA,2380375
495545,Aldi - Dwt 33 - Moline,"710 42nd Avenue Dr, Moline, IL, 61265",710 42nd Avenue Dr,Moline,IL,61265,41.4687556,-90.5272871,ALDI,active,USA,2378746
20786,Aldi - Bat 19 - Montgomery,"2050 Mayfield Dr, Montgomery, IL, 60538",2050 Mayfield Dr,Montgomery,IL,60538,41.7188327,-88.3780287,ALDI,active,USA,2380340
24584,Aldi - Dwt 18 - Morris,"355 East Us Route 6, Morris, IL, 60450",355 East Us Route 6,Morris,IL,60450,41.3870339,-88.4183145,ALDI,active,USA,2380376
139116,Aldi - Dwt 85 - Morton,"100 East Courtland St, Morton, IL, 61550",100 East Courtland St,Morton,IL,61550,40.6276023,-89.4633655,ALDI,active,USA,2380402
20779,Aldi - Bat 21 - Morton Grove,"7905 Golf Road, Morton Grove, IL, 60053",7905 Golf Road,Morton Grove,IL,60053,42.0544636,-87.8223743,ALDI,active,USA,2380337
22320,Aldi - Bat 66 - Mount Prospect,"1000 Mt Prospect Plaza, Mount Prospect, IL, 60056",1000 Mt Prospect Plaza,Mount Prospect,IL,60056,42.06828,-87.92228,ALDI,active,USA,2380356
31230,Aldi - Ofa 91 - Mt. Vernon,"201 South Davidson Ave, Mt Vernon, IL, 62864",201 South Davidson Ave,Mt Vernon,IL,62864,38.3075505,-88.9612036,ALDI,active,USA,2378803
23222,Aldi - Oak 60 - Mundelein,"730 Il-83, Mundelein, IL, 60060",730 Il-83,Mundelein,IL,60060,42.2524576,-88.0197474,ALDI,active,USA,2380328
20796,Aldi - Bat 79 - Naperville,"1440 Naperville/Wheaton Rd, Naperville, IL, 60563",1440 Naperville/Wheaton Rd,Naperville,IL,60563,41.7945409,-88.1217408,ALDI,active,USA,2380354
23184,Aldi - Bat 95 - Naperville,"2708 Showplace Dr, Naperville, IL, 60564",2708 Showplace Dr,Naperville,IL,60564,41.715611,-88.207368,ALDI,active,USA,2378839
21205,Aldi - Dwt 83 - New Lenox,"351 E Lincoln Highway, New Lenox, IL, 60451",351 E Lincoln Highway,New Lenox,IL,60451,41.5128238,-87.9585206,ALDI,active,USA,2380406
20803,Aldi - Bat 41 - Niles,"6250 Wtouhy Ave, Niles, IL, 60714",6250 Wtouhy Ave,Niles,IL,60714,42.0130254,-87.7832462,ALDI,active,USA,2380364
21234,Aldi - Dwt 8 - Normal,"301 Greenbriar Drive, Normal, IL, 61761",301 Greenbriar Drive,Normal,IL,61761,40.51581,-88.9520473,ALDI,active,USA,2378844
20789,Aldi - Bat 49 - Northlake,"50 W North Avenue, (Northlake) Northlake, IL, 60164",50 W North Avenue,(Northlake) Northlake,IL,60164,41.906815,-87.90444,ALDI,active,USA,2380299
26979,Aldi - Val 27 - North Riverside,"7517 W Cermak Rd, North Riverside, IL, 60546",7517 W Cermak Rd,North Riverside,IL,60546,41.8498924,-87.8106348,ALDI,active,USA,2380415
172952,Aldi - Val 41 - Oak Forest,"4250 W 167th St, Oak Forest, IL, 60452",4250 W 167th St,Oak Forest,IL,60452,41.5862369,-87.7183867,ALDI,active,USA,2378787
23380,Aldi - Ofa 14 - O'fallon,"1635 West Us Highway 50, O'fallon, IL, 62269",1635 West Us Highway 50,O'fallon,IL,62269,38.591885,-89.956503,ALDI,active,USA,2380371
23599,Aldi - Dwt 76 - Orland Hills,"9271 West 159th Street, Orland Hills, IL, 60487",9271 West 159th Street,Orland Hills,IL,60487,41.5986361,-87.84563,ALDI,active,USA,2380171
145241,Aldi - Dwt 97 - Orland Park,"11200 W 179th St, Orland Park, IL, 60467",11200 W 179th St,Orland Park,IL,60467,41.5647598,-87.8910289,ALDI,active,USA,2378769
20811,Aldi - Dwt 96 - Orland Park,"13145 S Lagrange Road, Orland Park, IL, 60462",13145 S Lagrange Road,Orland Park,IL,60462,41.651091,-87.8524433,ALDI,active,USA,2380344
20790,Aldi - Bat 74 - Oswego,"540 5th St, Oswego, IL, 60543",540 5th St,Oswego,IL,60543,41.7060481,-88.3006169,ALDI,active,USA,2380407
24590,Aldi - Dwt 49 - Ottawa,"2710 Columbus Street, Ottawa, IL, 61350",2710 Columbus Street,Ottawa,IL,61350,41.36983,-88.83455,ALDI,active,USA,2380401
23596,Aldi - Bat 85 - Palatine - Deer Grove Shopping Center - Dundee Rd,"761 E Dundee Rd, Palatine, IL, 60074",761 E Dundee Rd,Palatine,IL,60074,42.137577,-88.024734,ALDI,active,USA,2378757
21244,Aldi - Dwt 27 - Pekin,"3475 Court Street, Pekin, IL, 61554",3475 Court Street,Pekin,IL,61554,40.5452113,-89.596885,ALDI,active,USA,2380411
21245,Aldi - Dwt 10 - Peoria,"3420 Northuniversity Street, Peoria, IL, 61604",3420 Northuniversity Street,Peoria,IL,61604,40.729227,-89.6121416,ALDI,active,USA,2380352
21246,Aldi - Dwt 70 - Peoria,"9129 Allen Road, Peoria, IL, 61615",9129 Allen Road,Peoria,IL,61615,40.7990066,-89.631783,ALDI,active,USA,2378802
24591,Aldi - Dwt 13 - Peru,"951 Shooting Park Road, Peru, IL, 61354",951 Shooting Park Road,Peru,IL,61354,41.339907,-89.118132,ALDI,active,USA,2380373
178412,Aldi - Dwt 22 - Plainfield,"13843 S Route 59, Plainfield, IL, 60544",13843 S Route 59,Plainfield,IL,60544,41.631881,-88.202,ALDI,active,USA,2380399
20813,Aldi - Dwt 50 - Plainfield,"2450 Ridge Road, Plainfield, IL, 60586",2450 Ridge Road,Plainfield,IL,60586,41.565894,-88.2745594,ALDI,active,USA,2378744
23605,Aldi - Dwt 44 - Plainfield,"2301 Route 59, Plainfield, IL, 60586",2301 Route 59,Plainfield,IL,60586,41.5634193,-88.2016404,ALDI,active,USA,2378830
24585,Aldi - Dwt 34 - Plano,"7030 Burroughs Avenue, Plano, IL, 60545",7030 Burroughs Avenue,Plano,IL,60545,41.6535,-88.566391,ALDI,active,USA,2378797
24597,Aldi - Dwt 51 - Pontiac,"701 Rittenhouse Drive, Pontiac, IL, 61764",701 Rittenhouse Drive,Pontiac,IL,61764,40.8716987,-88.6578591,ALDI,active,USA,2380353
498199,Aldi - Dwt 12 - Princeton,"146 Backbone Rd E, Princeton, IL, 61356",146 Backbone Rd E,Princeton,IL,61356,41.3929321,-89.4653312,ALDI,active,USA,2380388
20773,Aldi - Bat 92 - Prospect Heights,"1432 E Rand Road, Prospect Heights, IL, 60070",1432 E Rand Road,Prospect Heights,IL,60070,42.1022084,-87.9659841,ALDI,active,USA,2380379
24602,Aldi - Ofa 28 - Quincy,"3511 Broadway, Quincy, IL, 62301",3511 Broadway,Quincy,IL,62301,39.9361775,-91.3597226,ALDI,active,USA,2378826
24588,Aldi - Bat 39 - Rochelle,"1251 North Seventh Street, Rochelle, IL, 61068",1251 North Seventh Street,Rochelle,IL,61068,41.9370345,-89.0675676,ALDI,active,USA,2380372
174342,Aldi - Bat 54 - Rockford,"3801 W Riverside Blvd, Rockford, IL, 61101",3801 W Riverside Blvd,Rockford,IL,61101,42.3161879,-89.111712,ALDI,active,USA,2380362
20760,Aldi - Bat 70 - Rockford,"2680 20th Street, Rockford, IL, 61109",2680 20th Street,Rockford,IL,61109,42.2367501,-89.0568319,ALDI,active,USA,2380392
26980,Aldi - Bat 75 - Rockford,"6650 E State Street, Rockford, IL, 61108",6650 E State Street,Rockford,IL,61108,42.2697802,-88.985815,ALDI,active,USA,2378812
21241,Aldi - Dwt 25 - Rock Island,"1880 38th Street, Rock Island, IL, 61201",1880 38th Street,Rock Island,IL,61201,41.4919311,-90.5481637,ALDI,active,USA,2380357
22539,Aldi - Dwt 63 - Romeoville,"398 South Weber Road, Romeoville, IL, 60446",398 South Weber Road,Romeoville,IL,60446,41.6109549,-88.124029,ALDI,active,USA,2378781
20802,Aldi - Oak 63 - Roscoe,"4786 E Rockton Rd, Roscoe, IL, 61073",4786 E Rockton Rd,Roscoe,IL,61073,42.4570105,-89.024324,ALDI,active,USA,2380341
23601,Aldi - Oak 33 - Round Lake Beach,"74 West Rollins Road, Round Lake Beach, IL, 60073",74 West Rollins Road,Round Lake Beach,IL,60073,42.3793904,-88.084542,ALDI,active,USA,2380359
21236,Aldi - Dwt 92 - Savoy,"605 N Dunlap Ave, Savoy, IL, 61874",605 N Dunlap Ave,Savoy,IL,61874,40.0608357,-88.2514063,ALDI,active,USA,2380348
20788,Aldi - Bat 77 - Schaumburg - E. Algonquin & N Meacham Rd,"1412 E Algonquin Rd, Schaumburg, IL, 60173",1412 E Algonquin Rd,Schaumburg,IL,60173,42.0693422,-88.0427001,ALDI,active,USA,2380380
20798,Aldi - Bat 5 - Schiller Park,"9310 Irving Park Road, Schiller Park, IL, 60176",9310 Irving Park Road,Schiller Park,IL,60176,41.9540404,-87.8600004,ALDI,active,USA,2378790
109751,Aldi - Dwt 42 - Shorewood,"665 Brook Forest Ave, Shorewood, IL, 60404",665 Brook Forest Ave,Shorewood,IL,60404,41.5356023,-88.201854,ALDI,active,USA,2380339
21242,Aldi - Dwt 84 - Silvis,"1210 18th Street, Silvis, IL, 61282",1210 18th Street,Silvis,IL,61282,41.4975234,-90.40464,ALDI,active,USA,2380396
23140,Aldi - Bat 57 - Skokie,"4833 Oakton Street, Skokie, IL, 60077",4833 Oakton Street,Skokie,IL,60077,42.02622503,-87.74841,ALDI,active,USA,2378784
20822,Aldi - Val 44 - South Holland,"1051 E 162nd Street, South Holland, IL, 60473",1051 E 162nd Street,South Holland,IL,60473,41.6002671,-87.59063,ALDI,active,USA,2380404
32242,Aldi - Ofa 36 - Sparta,"1250 North Market Street, Sparta, IL, 62286",1250 North Market Street,Sparta,IL,62286,38.1374036,-89.7022938,ALDI,active,USA,2378814
21247,Aldi - Dwt 4 - Springfield,"3425 Freedom Drive, Springfield, IL, 62704",3425 Freedom Drive,Springfield,IL,62704,39.750542,-89.708142,ALDI,active,USA,2380417
21248,Aldi - Dwt 20 - Springfield,"2731 North Dirksen Parkway, Springfield, IL, 62702",2731 North Dirksen Parkway,Springfield,IL,62702,39.8409665,-89.6054814,ALDI,active,USA,2380343
21249,Aldi - Dwt 59 - Springfield,"3736 Octavus Via, Springfield, IL, 62703",3736 Octavus Via,Springfield,IL,62703,39.7477166,-89.6412717,ALDI,active,USA,2378799
20785,Aldi - Bat 43 - St. Charles,"2670 W Main Street, St Charles, IL, 60174",2670 W Main Street,St Charles,IL,60174,41.9136178,-88.3478394,ALDI,active,USA,2380333
24589,Aldi - Dwt 11 - Sterling,"3409 East Lincolnway, Sterling, IL, 61081",3409 East Lincolnway,Sterling,IL,61081,41.81041,-89.65462,ALDI,active,USA,2380358
172946,Aldi - Bat 7 - Streamwood,"960 S Barrington Road, Streamwood, IL, 60107",960 S Barrington Road,Streamwood,IL,60107,42.0128029,-88.1469732,ALDI,active,USA,2378758
24592,Aldi - Dwt 46 - Streator,"1725 N Bloomington Street, Streator, IL, 61364",1725 N Bloomington Street,Streator,IL,61364,41.1412229,-88.8348906,ALDI,active,USA,2380398
21207,Aldi - Bat 47 - Sugar Grove,"11 W Park Ave, Sugar Grove, IL, 60554",11 W Park Ave,Sugar Grove,IL,60554,41.7758355,-88.4437576,ALDI,active,USA,2380370
23379,Aldi - Ofa 9 - Swansea,"1708 North Illinois, Swansea, IL, 62226",1708 North Illinois,Swansea,IL,62226,38.5326567,-89.9843434,ALDI,active,USA,2380165
24608,Aldi - Ofa 17 - Taylorville,"1303 W Burnett Drive, Taylorville, IL, 62568",1303 W Burnett Drive,Taylorville,IL,62568,39.5657757,-89.3107593,ALDI,active,USA,2378813
20815,Aldi - Dwt 77 - Tinley Park,"16000 South Harlem Avenue, Tinley Park, IL, 60477",16000 South Harlem Avenue,Tinley Park,IL,60477,41.6008458,-87.796265,ALDI,active,USA,2378743
21237,Aldi - Dwt 91 - Urbana,"3102 East University Avenue, Urbana, IL, 61802",3102 East University Avenue,Urbana,IL,61802,40.1140625,-88.164433,ALDI,active,USA,2378741
121626,Aldi - Ofa 18 - Vandalia,"1500 North Eighth Street, Vandalia, IL, 62471",1500 North Eighth Street,Vandalia,IL,62471,38.9758721,-89.1011579,ALDI,active,USA,2378756
23223,Aldi - Oak 61 - Vernon Hills,"1800 N Milwaukee Avenue, Vernon Hills, IL, 60061",1800 N Milwaukee Avenue,Vernon Hills,IL,60061,42.2590503,-87.950252,ALDI,active,USA,2380421
20766,Aldi - Bat 36 - Villa Park,"400 W North Avenue, Villa Park, IL, 60181",400 W North Avenue,Villa Park,IL,60181,41.906031,-87.9893385,ALDI,active,USA,2378780
20768,Aldi - Bat 28 - Villa Park,"1630 S Ardmore, Villa Park, IL, 60181",1630 S Ardmore,Villa Park,IL,60181,41.8593588,-87.9788897,ALDI,active,USA,2378820
23600,Aldi - Oak 66 - Volo,"27415 West Hartigan Road, Volo, IL, 60020",27415 West Hartigan Road,Volo,IL,60020,42.3620191,-88.167773,ALDI,active,USA,2380064
22552,Aldi - Dwt 86 - Washington,"1997 Freedom Parkway, Washington, IL, 61571",1997 Freedom Parkway,Washington,IL,61571,40.7077081,-89.4602585,ALDI,active,USA,2378748
23225,Aldi - Oak 55 - Waukegan,"1620 North Lewis, Waukegan, IL, 60085",1620 North Lewis,Waukegan,IL,60085,42.3822498,-87.8568937,ALDI,active,USA,2378766
23226,Aldi - Oak 44 - Waukegan,"1050 Waukegan Rd, Waukegan, IL, 60085",1050 Waukegan Rd,Waukegan,IL,60085,42.3392983,-87.895379,ALDI,active,USA,2378742
20775,Aldi - Bat 14 - West Chicago,"978 N Neltnor Blvd, West Chicago, IL, 60185",978 N Neltnor Blvd,West Chicago,IL,60185,41.901501,-88.201848,ALDI,active,USA,2378785
20783,Aldi - Bat 72 - Westmont,"6415 S Cass Ave, Westmont, IL, 60559",6415 S Cass Ave,Westmont,IL,60559,41.7715966,-87.9735718,ALDI,active,USA,2380366
22321,Aldi - Bat 24 - Wheaton,"20 W Loop Road, Wheaton, IL, 60187",20 W Loop Road,Wheaton,IL,60187,41.83309,-88.1049576,ALDI,active,USA,2380414
23364,Aldi - Ofa 59 - Woodriver,"399 Wesley Drive, Woodriver, IL, 62095",399 Wesley Drive,Woodriver,IL,62095,38.8659261,-90.0666711,ALDI,active,USA,2380424
24393,Aldi - Bat 84 - Woodstock,"1270 Lake Avenue, Woodstock, IL, 60098",1270 Lake Avenue,Woodstock,IL,60098,42.2960862,-88.4241185,ALDI,active,USA,2378778
22551,"Aldi - Dwt 47 - Yorkville, Il, Illinois","1610 Bridge Street, Yorkville, IL, 60560",1610 Bridge Street,Yorkville,IL,60560,41.660311,-88.441144,ALDI,active,USA,2378819
24582,Aldi - Oak 77 - Zion,"2861 Sheridan Road, Zion, IL, 60099",2861 Sheridan Road,Zion,IL,60099,42.4429096,-87.8246561,ALDI,active,USA,2378808
24486,Aldi - Gre 82 - Anderson,"1428 E 53rd St, Anderson, IN, 46013",1428 E 53rd St,Anderson,IN,46013,40.06244,-85.66127,ALDI,active,USA,2378597
24498,Aldi - Val 35 - Angola,"1806 N Wayne Street, Angola, IN, 46703",1806 N Wayne Street,Angola,IN,46703,41.6568272,-84.9988463,ALDI,active,USA,2378625
24499,Aldi - Val 69 - Auburn,"207 Touring Dr, Auburn, IN, 46706",207 Touring Dr,Auburn,IN,46706,41.365138,-85.0791055,ALDI,active,USA,2378571
24507,Aldi - Gre 26 - Aurora,"13938 Wilson Creek Road, Aurora, IN, 47001",13938 Wilson Creek Road,Aurora,IN,47001,39.0771501,-84.8950424,ALDI,active,USA,2378548
23917,Aldi - Gre 56 - Avon,"9779 E Us Hwy 36, Avon, IN, 46123",9779 E Us Hwy 36,Avon,IN,46123,39.7612721,-86.3499165,ALDI,active,USA,2378586
24519,Aldi - Gre 28 - Bedford,"908 Constitution Avenue, Bedford, IN, 47421",908 Constitution Avenue,Bedford,IN,47421,38.8682803,-86.5180796,ALDI,active,USA,2380429
24517,Aldi - Gre 30 - Bloomington,"2035 S Liberty Dr, Bloomington, IN, 47403",2035 S Liberty Dr,Bloomington,IN,47403,39.1471852,-86.5762982,ALDI,active,USA,2378600
24518,Aldi - Gre 29 - Bloomington,"2813 E 3rd St, Bloomington, IN, 47408",2813 E 3rd St,Bloomington,IN,47408,39.1643,-86.49631,ALDI,active,USA,2378557
137732,Aldi - Gre 51 - Brownsburg,"406 E Northfield Drive, Brownsburg, IN, 46112",406 E Northfield Drive,Brownsburg,IN,46112,39.8577176,-86.3858471,ALDI,active,USA,2378546
12264,Aldi - Gre 70 - Carmel,"14620 Greyhound Plaza, Carmel, IN, 46032",14620 Greyhound Plaza,Carmel,IN,46032,40.001086,-86.128969,ALDI,active,USA,2378560
23915,Aldi - Gre 85 - West Carmel,"10584 Workout Way, Carmel, IN, 46032",10584 Workout Way,Carmel,IN,46032,39.93997,-86.238976,ALDI,active,USA,2378591
135078,Aldi - Val 49 - Chesterton,"Rt 49, Chesterton, IN, 46304",Rt 49,Chesterton,IN,46304,41.6168983,-87.0416934,ALDI,active,USA,2380065
30573,Aldi - Gre 47 - Columbia City,"551 N Line Street, Columbia City, IN, 46725",551 N Line Street,Columbia City,IN,46725,41.1682561,-85.4935019,ALDI,active,USA,2378611
24508,Aldi - Gre 8 - Columbus,"1505 N National Road, Columbus, IN, 47201",1505 N National Road,Columbus,IN,47201,39.215136,-85.8810437,ALDI,active,USA,2378619
396445,Aldi - Gre 49 - Crawfordsville,"1620 S Us Highway 231, Crawfordsville, IN, 47933",1620 S Us Highway 231,Crawfordsville,IN,47933,40.0164482,-86.9030829,ALDI,active,USA,2378549
20836,Aldi - Val 25 - Crown Point,"845 N Superior Drive, Crown Point, IN, 46307",845 N Superior Drive,Crown Point,IN,46307,41.4246342,-87.3376798,ALDI,active,USA,2378567
24493,Aldi - Val 24 - Elkhart,"2810 Emerson Dr, Elkhart, IN, 46514",2810 Emerson Dr,Elkhart,IN,46514,41.72487,-85.98034,ALDI,active,USA,2380431
23455,Aldi - Gre 3 - Evansville - West,"214 S Rosenberger Ave, Evansville, IN, 47712",214 S Rosenberger Ave,Evansville,IN,47712,37.9763627,-87.6264277,ALDI,active,USA,2378554
23456,Aldi - Gre 2 - Evansville - East,"6434 Oak Grove Rd, Evansville, IN, 47715",6434 Oak Grove Rd,Evansville,IN,47715,37.9918665,-87.4731717,ALDI,active,USA,2378576
23928,Aldi - Gre 74 - Fishers,"9774 E 116th Street, Fishers, IN, 46037",9774 E 116th Street,Fishers,IN,46037,39.959513,-85.9959706,ALDI,active,USA,2378602
23832,Aldi - Gre 32 - Fort Wayne,"10007 Lima Rd, Fort Wayne, IN, 46818",10007 Lima Rd,Fort Wayne,IN,46818,41.1735022,-85.168287,ALDI,active,USA,2378587
23833,Aldi - Gre 57 - Fort Wayne,"4750 Coldwater Rd, Fort Wayne, IN, 46825",4750 Coldwater Rd,Fort Wayne,IN,46825,41.12150995,-85.13542488,ALDI,active,USA,2378610
24501,Aldi - Gre 33 - Fort Wayne,"7325 S Anthony Blvd, Fort Wayne, IN, 46816",7325 S Anthony Blvd,Fort Wayne,IN,46816,41.0180756,-85.1113769,ALDI,active,USA,2378574
370118,Aldi - Gre 53 - Fort Wayne,"10511 Dupont Oaks Blvd, Fort Wayne, IN, 46845",10511 Dupont Oaks Blvd,Fort Wayne,IN,46845,41.180749,-85.087517,ALDI,active,USA,2378626
41339,Aldi - Gre 31 - Fort Wayne,"4466 Illinois Road, Fort Wayne, IN, 46804",4466 Illinois Road,Fort Wayne,IN,46804,41.0755248,-85.1996037,ALDI,active,USA,2380430
24487,Aldi - Gre 21 - Frankfort,"2465 E Wabash Street, Frankfort, IN, 46041",2465 E Wabash Street,Frankfort,IN,46041,40.2780501,-86.4796729,ALDI,active,USA,2378609
585834,Aldi - Gre 19 - Franklin,"1538 N Morton St, Franklin, IN, 46131",1538 N Morton St,Franklin,IN,46131,39.4919505,-86.0665808,ALDI,active,USA,2378573
20831,"Aldi - Val 29 - 3311 Grant St, Gary","3311 Grant Street, Gary, IN, 46408",3311 Grant Street,Gary,IN,46408,41.5584472,-87.3543168,ALDI,active,USA,2378575
23819,Aldi - Val 57 - Gary,"5995 W Ridge Road, Gary, IN, 46408",5995 W Ridge Road,Gary,IN,46408,41.5484281,-87.4072052,ALDI,active,USA,2378580
24494,Aldi - Val 3 - Goshen (Lincolnway E.),"2036 Lincolnway East, Goshen, IN, 46526",2036 Lincolnway East,Goshen,IN,46526,41.5597088,-85.7931311,ALDI,active,USA,2378603
24495,Aldi - Val 4 - Goshen,"2815 County Home Road, Goshen, IN, 46526",2815 County Home Road,Goshen,IN,46526,41.6238759,-85.9057615,ALDI,active,USA,2378595
33451,Aldi - Gre 12 - Greencastle,"65 Putnam Plaza, Greencastle, IN, 46135",65 Putnam Plaza,Greencastle,IN,46135,39.6477554,-86.8282311,ALDI,active,USA,2378583
24489,Aldi - Gre 15 - Greenfield,"1780 Muskegon Lane, Greenfield, IN, 46140",1780 Muskegon Lane,Greenfield,IN,46140,39.8097993,-85.7723514,ALDI,active,USA,2378623
24509,Aldi - Gre 58 - Greensburg,"1700 North Lincoln St, Greensburg, IN, 47240",1700 North Lincoln St,Greensburg,IN,47240,39.3529991,-85.478887,ALDI,active,USA,2378604
23918,Aldi - Gre 20 - Greenwood,"300 S State Road 135, Greenwood, IN, 46142",300 S State Road 135,Greenwood,IN,46142,39.6111659,-86.1595928,ALDI,active,USA,2378566
30571,Aldi - Gre 22 - Greenwood,"1595 Us 31 S, Greenwood, IN, 46143",1595 Us 31 S,Greenwood,IN,46143,39.594539,-86.101962,ALDI,active,USA,2378615
20821,Aldi - Val 20 - Hammond,"6518 Columbia Ave, Hammond, IN, 46320",6518 Columbia Ave,Hammond,IN,46320,41.5944734,-87.5014775,ALDI,active,USA,2378624
22553,Aldi - Val 56 - Hammond,"7925 Indianapolis Blvd, Hammond, IN, 46324",7925 Indianapolis Blvd,Hammond,IN,46324,41.5709718,-87.4743495,ALDI,active,USA,2378588
22554,Aldi - Val 18 - Hammond,"4415 Calumet Avenue, Hammond, IN, 46327",4415 Calumet Avenue,Hammond,IN,46327,41.6332552,-87.5078181,ALDI,active,USA,2378568
24500,Aldi - Gre 13 - Huntington,"450 Frontage Rd, Huntington, IN, 46750",450 Frontage Rd,Huntington,IN,46750,40.9014756,-85.5078713,ALDI,active,USA,2378612
12263,Aldi - Gre 75 - Indianapolis,"5235 N Keystone Ave, Indianapolis, IN, 46220",5235 N Keystone Ave,Indianapolis,IN,46220,39.8486934,-86.121056,ALDI,active,USA,2378553
23920,Aldi - Gre 78 - Indianapolis,"6691 E Washington St, Indianapolis, IN, 46219",6691 E Washington St,Indianapolis,IN,46219,39.7707911,-86.0520841,ALDI,active,USA,2378565
23921,Aldi - Gre 76 - Indianapolis,"2955 Madison Ave, Indianapolis, IN, 46225",2955 Madison Ave,Indianapolis,IN,46225,39.7232447,-86.1494998,ALDI,active,USA,2378563
23922,Aldi - Gre 71 - Indianapolis,"9989 E Washington St, Indianapolis, IN, 46229",9989 E Washington St,Indianapolis,IN,46229,39.773182,-85.992033,ALDI,active,USA,2378556
23923,Aldi - Gre 81 - Indianapolis,"10325 Pendleton Pike, Indianapolis, IN, 46236",10325 Pendleton Pike,Indianapolis,IN,46236,39.856351,-85.983273,ALDI,active,USA,2378601
23924,Aldi - Gre 73 - Indianapolis,"6835 S Emerson Ave, Indianapolis, IN, 46237",6835 S Emerson Ave,Indianapolis,IN,46237,39.6676771,-86.0805957,ALDI,active,USA,2378621
23925,Aldi - Gre 86 - Indianapolis,"1440 E 86th Street, Indianapolis, IN, 46240",1440 E 86th Street,Indianapolis,IN,46240,39.914086,-86.1355,ALDI,active,USA,2378614
23927,Aldi - Gre 79 - Indianapolis,"4470 Lafayette Road, Indianapolis, IN, 46254",4470 Lafayette Road,Indianapolis,IN,46254,39.8359024,-86.2476829,ALDI,active,USA,2378616
23929,Aldi - Gre 72 - Indianapolis,"8404 Michigan Rd, Indianapolis, IN, 46268",8404 Michigan Rd,Indianapolis,IN,46268,39.9071722,-86.2221623,ALDI,active,USA,2378620
40138,Aldi - Gre 88 - Indianapolis,"5151 E 82nd Street, Indianapolis, IN, 46250",5151 E 82nd Street,Indianapolis,IN,46250,39.9038691,-86.0824598,ALDI,active,USA,2378547
23549,Aldi - Gre 34 - Jeffersonville,"3131 E 10th St, Jeffersonville, IN, 47130",3131 E 10th St,Jeffersonville,IN,47130,38.3270272,-85.7129299,ALDI,active,USA,2378555
24502,Aldi - Gre 7 - Kokomo,"1381 S Reed Road, Kokomo, IN, 46902",1381 S Reed Road,Kokomo,IN,46902,40.4713808,-86.109472,ALDI,active,USA,2378552
24685,Aldi - Gre 59 - Lafayette,"957 Sagamore Pkwy S, Lafayette, IN, 47905",957 Sagamore Pkwy S,Lafayette,IN,47905,40.4057837,-86.8566172,ALDI,active,USA,2378596
24491,Aldi - Val 51 - Laporte,"199 Pine Lake Ave, Laporte, IN, 46350",199 Pine Lake Ave,Laporte,IN,46350,41.6161627,-86.7317417,ALDI,active,USA,2378570
24488,Aldi - Gre 50 - Lebanon,"2465 North Lebanon St, Lebanon, IN, 46052",2465 North Lebanon St,Lebanon,IN,46052,40.0728331,-86.4729974,ALDI,active,USA,2378590
24504,Aldi - Gre 27 - Logansport,"4129 E Market Street, Logansport, IN, 46947",4129 E Market Street,Logansport,IN,46947,40.7563685,-86.3097344,ALDI,active,USA,2378598
20830,Aldi - Val 78 - Lowell,"1720 E Commercial Ave, Lowell, IN, 46356",1720 E Commercial Ave,Lowell,IN,46356,41.2892125,-87.3987236,ALDI,active,USA,2378579
24510,Aldi - Gre 66 - Madison,"202 Franks Dr, Madison, IN, 47250",202 Franks Dr,Madison,IN,47250,38.7761678,-85.3855485,ALDI,active,USA,2378550
24505,Aldi - Gre 18 - Marion,"2007 S Western Ave, Marion, IN, 46953",2007 S Western Ave,Marion,IN,46953,40.5433921,-85.6727055,ALDI,active,USA,2378582
22555,Aldi - Val 74 - Merrillville,"10 W 81st Avenue, Merrillville, IN, 46410",10 W 81st Avenue,Merrillville,IN,46410,41.4717247,-87.3380238,ALDI,active,USA,2378618
24492,Aldi - Val 73 - Michigan City,"5102 Franklin Street, Michigan City, IN, 46360",5102 Franklin Street,Michigan City,IN,46360,41.675616,-86.8929933,ALDI,active,USA,2378577
23840,Aldi - Val 2 - Mishawaka,"210 W Douglas Road, Mishawaka, IN, 46545",210 W Douglas Road,Mishawaka,IN,46545,41.7099753,-86.1820811,ALDI,active,USA,2378569
24512,Aldi - Gre 54 - Muncie,"3221 S Madison St, Muncie, IN, 47302",3221 S Madison St,Muncie,IN,47302,40.1643099,-85.3825296,ALDI,active,USA,2378606
24513,Aldi - Gre 6 - Muncie,"210 W Mcgalliard Rd, Muncie, IN, 47303",210 W Mcgalliard Rd,Muncie,IN,47303,40.219018,-85.388556,ALDI,active,USA,2378608
23550,Aldi - Gre 37 - New Albany,"3118 Grant Line Road, New Albany, IN, 47150",3118 Grant Line Road,New Albany,IN,47150,38.324954,-85.818775,ALDI,active,USA,2378564
24514,Aldi - Gre 10 - New Castle,"107 S Memorial Dr, New Castle, IN, 47362",107 S Memorial Dr,New Castle,IN,47362,39.9302098,-85.3836632,ALDI,active,USA,2378599
23916,Aldi - Gre 9 - Noblesville,"16971 Clover Rd, Noblesville, IN, 46060",16971 Clover Rd,Noblesville,IN,46060,40.0357841,-85.9975656,ALDI,active,USA,2378584
24506,Aldi - Gre 5 - Peru,"970 W Main St, Peru, IN, 46970",970 W Main St,Peru,IN,46970,40.74551,-86.09701,ALDI,active,USA,2380432
23919,Aldi - Gre 55 - Plainfield,"2382 E Main Street, Plainfield, IN, 46168",2382 E Main Street,Plainfield,IN,46168,39.7149724,-86.3676966,ALDI,active,USA,2378593
24496,Aldi - Val 7 - Plymouth,"2170 North Oak Drive, Plymouth, IN, 46563",2170 North Oak Drive,Plymouth,IN,46563,41.3609674,-86.3275921,ALDI,active,USA,2378562
20820,Aldi - Val 11 - Portage,"5761 Us Highway 6, Portage, IN, 46368",5761 Us Highway 6,Portage,IN,46368,41.549798,-87.191824,ALDI,active,USA,2378572
24515,Aldi - Gre 14 - Richmond,"4401 National Rd E Ste 1, Richmond, IN, 47374",4401 National Rd E Ste 1,Richmond,IN,47374,39.8294037,-84.8414016,ALDI,active,USA,2378578
20818,Aldi - Val 21 - Schererville,"795 Deer Creek Drive, Schererville, IN, 46375",795 Deer Creek Drive,Schererville,IN,46375,41.4999437,-87.4734755,ALDI,active,USA,2378592
24511,Aldi - Gre 23 - Seymour,"1710 East Tipton St, Seymour, IN, 47274",1710 East Tipton St,Seymour,IN,47274,38.9572997,-85.8618179,ALDI,active,USA,2378559
24490,Aldi - Gre 83 - Shelbyville,"2695 East Range Road, Shelbyville, IN, 46176",2695 East Range Road,Shelbyville,IN,46176,39.5251533,-85.743831,ALDI,active,USA,2378581
23841,Aldi - Val 34 - South Bend,"202 E Ireland Road, South Bend, IN, 46614",202 E Ireland Road,South Bend,IN,46614,41.628499,-86.2487228,ALDI,active,USA,2378594
23842,Aldi - Val 68 - South Bend,"3502 N Bendix Drive, South Bend, IN, 46628",3502 N Bendix Drive,South Bend,IN,46628,41.7241414,-86.2889331,ALDI,active,USA,2378607
23926,Aldi - Gre 77 - Indianapolis,"2502 Founders Square Drive, Speedway, IN, 46224",2502 Founders Square Drive,Speedway,IN,46224,39.801804,-86.2725911,ALDI,active,USA,2380164
23818,Aldi - Val 31 - St. John,"9921 Earl Drive, St John, IN, 46373",9921 Earl Drive,St John,IN,46373,41.4382923,-87.4673236,ALDI,active,USA,2378622
24520,Aldi - Gre 65 - Terre Haute,"5501 S Us Hwy 41, Terre Haute, IN, 47802",5501 S Us Hwy 41,Terre Haute,IN,47802,39.400042,-87.4031733,ALDI,active,USA,2378613
30574,Aldi - Gre 64 - Terre Haute,"2322 S Sr 46, Terre Haute, IN, 47803",2322 S Sr 46,Terre Haute,IN,47803,39.437901,-87.332421,ALDI,active,USA,2378561
151245,Aldi - Val 40 - Valparaiso - (Morthland Dr),"2352 Morthland Dr, Valparaiso, IN, 46383",2352 Morthland Dr,Valparaiso,IN,46383,41.46165,-87.08915,ALDI,active,USA,2378617
20827,Aldi - Val 37 - Valparaiso - (Laporte Avenue),"2906 Laporte Avenue, Valparaiso, IN, 46383",2906 Laporte Avenue,Valparaiso,IN,46383,41.468795,-87.026009,ALDI,active,USA,2378551
396667,Aldi - Gre 001 - Vincennes,"220 Kimmell Road, Vincennes, IN, 47591",220 Kimmell Road,Vincennes,IN,47591,38.6594257,-87.5102375,ALDI,active,USA,2378585
24497,Aldi - Val 38 - Warsaw,"945 N Parker St, Warsaw, IN, 46582",945 N Parker St,Warsaw,IN,46582,41.2481313,-85.8220775,ALDI,active,USA,2378589
396446,Aldi - Gre 89 - Westfiled,"54 E Spring MIll Pointe Drive, Westfield, IN, 46074",54 E Spring MIll Pointe Drive,Westfield,IN,46074,40.0419737,-86.1590548,ALDI,active,USA,2378558
24686,Aldi - Gre 60 - West Lafayette - Purdue University,"210 Sagamore Pkwy W, West Lafayette, IN, 47906",210 Sagamore Pkwy W,West Lafayette,IN,47906,40.4539492,-86.908798,ALDI,active,USA,2378605
380650,Aldi - Gre 87 - Zionsville,"6479 Center Drive, Zionsville, IN, 46075",6479 Center Drive,Zionsville,IN,46075,39.9482703,-86.3470336,ALDI,active,USA,2380279
23780,Aldi - Ola 85 - Derby,"1719 N Rock Road, Derby, KS, 67037",1719 N Rock Road,Derby,KS,67037,37.5646985,-97.2452454,ALDI,active,USA,2378635
24644,Aldi - Ola 90 - Emporia,"2331 Industrial Blvd, Emporia, KS, 66801",2331 Industrial Blvd,Emporia,KS,66801,38.4263573,-96.2182465,ALDI,active,USA,2378636
24646,Aldi - Ola 71 - Hutchinson,"1711 Waldron, Hutchinson, KS, 67502",1711 Waldron,Hutchinson,KS,67502,38.0740947,-97.8980571,ALDI,active,USA,2380434
37107,Aldi - Ola 102 - Junction City,"520 East Chestnut Street, Junction City, KS, 66441",520 East Chestnut Street,Junction City,KS,66441,39.022469,-96.821432,ALDI,active,USA,2380433
11006,Aldi - Ola 84 - Kansas City,"4805 State Ave, Kansas City, KS, 66102",4805 State Ave,Kansas City,KS,66102,39.1156976,-94.6898762,ALDI,active,USA,2378642
121616,Aldi - Ola 13 - Kansas City,"1945 N 110th Street, Kansas City, KS, 66111",1945 N 110th Street,Kansas City,KS,66111,39.127379,-94.834393,ALDI,active,USA,2378634
24638,Aldi - Ola 98 - Lansing,"1217 N Main, Lansing, KS, 66043",1217 N Main,Lansing,KS,66043,39.268173,-94.9008533,ALDI,active,USA,2377956
23966,Aldi - Ola 86 - Lawrence,"3025 Iowa Street, Lawrence, KS, 66046",3025 Iowa Street,Lawrence,KS,66046,38.9291013,-95.2610812,ALDI,active,USA,2380437
11007,Aldi - Ola 53 - Lenexa,"15751 W 87th St Pkwy, Lenexa, KS, 66219",15751 W 87th St Pkwy,Lenexa,KS,66219,38.9696953,-94.7689366,ALDI,active,USA,2378644
24639,Aldi - Ola 96 - Manhattan,"140 E Poyntz, Manhattan, KS, 66502",140 E Poyntz,Manhattan,KS,66502,39.1798191,-96.5545283,ALDI,active,USA,2378630
11008,Aldi - Ola 94 - Olathe - 154th Street,"20250 W 154th St, Olathe, KS, 66062",20250 W 154th St,Olathe,KS,66062,38.8505145,-94.8198162,ALDI,active,USA,2377954
23725,Aldi - Ola 95 - Olathe - 119th Street,"15290 W 119th Street, Olathe, KS, 66062",15290 W 119th Street,Olathe,KS,66062,38.91290497,-94.76242412,ALDI,active,USA,2378638
70377,Aldi - Ola 7 - Olathe - K7 Hwy And Santa Fe Street,"600 N Millridge Street, Olathe, KS, 66061",600 N Millridge Street,Olathe,KS,66061,38.8896552,-94.83562,ALDI,active,USA,2380436
11010,Aldi - Ola 69 - Overland Park,"8333 W 95th St, Overland Park, KS, 66212",8333 W 95th St,Overland Park,KS,66212,38.9563849,-94.6821785,ALDI,active,USA,2378632
11011,Aldi - Ola 51 - Overland Park,"8640 W 135th St, Overland Park, KS, 66223",8640 W 135th St,Overland Park,KS,66223,38.8845168,-94.685575,ALDI,active,USA,2378645
392413,Aldi - Ola 111 - Overland Park,"12055 Metcalf Avenue Suite 200, Overland Park, KS, 66213",12055 Metcalf Avenue Suite 200,Overland Park,KS,66213,38.9112504,-94.665299,ALDI,active,USA,2378637
39962,Aldi - Ola 8 - Overland Park,"15891 Metcalf Avenue, Overland Park, KS, 66223",15891 Metcalf Avenue,Overland Park,KS,66223,38.840507,-94.667162,ALDI,active,USA,2378629
24642,Aldi - Ola 89 - Pittsburg,"3109 N Broadway, Pittsburg, KS, 66762",3109 N Broadway,Pittsburg,KS,66762,37.4397773,-94.7061727,ALDI,active,USA,2378640
11012,Aldi - Ola 59 - Roeland Park,"4801 Roe Blvd, Roeland Park, KS, 66205",4801 Roe Blvd,Roeland Park,KS,66205,39.040238,-94.640429,ALDI,active,USA,2380264
24645,Aldi - Ola 60 - Salina,"2403 South 9th Street, Salina, KS, 67401",2403 South 9th Street,Salina,KS,67401,38.7969203,-97.6116759,ALDI,active,USA,2378628
11013,Aldi - Ola 52 - Shawnee,"15105 W 67th St, Shawnee, KS, 66217",15105 W 67th St,Shawnee,KS,66217,39.0067452,-94.7618132,ALDI,active,USA,2380435
24640,Aldi - Ola 83 - Topeka,"105 Sw 29th Street, Topeka, KS, 66611",105 Sw 29th Street,Topeka,KS,66611,39.0140362,-95.6826944,ALDI,active,USA,2378633
24641,Aldi - Ola 54 - Topeka,"1530 Sw Arvonia, Topeka, KS, 66615",1530 Sw Arvonia,Topeka,KS,66615,39.0392809,-95.7663987,ALDI,active,USA,2380242
92457,Aldi - Ola 9 - Topeka,"2320 Northwest Clay Street, Topeka, KS, 66618",2320 Northwest Clay Street,Topeka,KS,66618,39.091778,-95.677867,ALDI,active,USA,2378631
23781,Aldi - Ola 66 - Wichita,"2323 N Amidon, Wichita, KS, 67204",2323 N Amidon,Wichita,KS,67204,37.7253216,-97.363721,ALDI,active,USA,2378627
23782,Aldi - Ola 82 - Wichita,"6835 E 21st Street, Wichita, KS, 67206",6835 E 21st Street,Wichita,KS,67206,37.7219862,-97.2581582,ALDI,active,USA,2378643
23783,Aldi - Ola 50 - Wichita,"765 N Maize Rd, Wichita, KS, 67212",765 N Maize Rd,Wichita,KS,67212,37.6962587,-97.4635261,ALDI,active,USA,2377955
23784,Aldi - Ola 47 - Wichita,"2826 S Seneca, Wichita, KS, 67217",2826 S Seneca,Wichita,KS,67217,37.6432191,-97.3514547,ALDI,active,USA,2378641
48365,Aldi - Ola 1 - Wichita,"8011 East Kellogg Ave, Wichita, KS, 67207",8011 East Kellogg Ave,Wichita,KS,67207,37.6781037,-97.2434782,ALDI,active,USA,2378639
24422,Aldi - Spr 9 - Ashland,"130 Russell Rd, Ashland, KY, 41101",130 Russell Rd,Ashland,KY,41101,38.4939411,-82.6688415,ALDI,active,USA,2380463
24424,Aldi - Mtj 43 - Bowling Green,"1455 Campbell Ln, Bowling Green, KY, 42104",1455 Campbell Ln,Bowling Green,KY,42104,36.9521826,-86.4432825,ALDI,active,USA,2380444
24421,Aldi - Mtj 2 - Corbin,"24 Ky-1223, Corbin, KY, 40701",24 Ky-1223,Corbin,KY,40701,36.9702011,-84.0906968,ALDI,active,USA,2380445
24419,Aldi - Mtj 57 - Danville,"909 Hustonville Rd, Danville, KY, 40422",909 Hustonville Rd,Danville,KY,40422,37.6304053,-84.7761871,ALDI,active,USA,2380456
24427,Aldi - Gre 11 - Elizabethtown,"1504 N Dixie Hwy, Elizabethtown, KY, 42701",1504 N Dixie Hwy,Elizabethtown,KY,42701,37.7256142,-85.8843605,ALDI,active,USA,2380447
20725,Aldi - Spr 58 - Florence,"5475 Houston Rd, Florence, KY, 41042",5475 Houston Rd,Florence,KY,41042,39.0126009,-84.6443973,ALDI,active,USA,2380460
48366,Aldi - Gre 43 - Frankfort,"1300 Us Hwy 127 Unit 107, Frankfort, KY, 40601",1300 Us Hwy 127 Unit 107,Frankfort,KY,40601,38.1665959,-84.8996914,ALDI,active,USA,2380448
172950,Aldi - Gre 67 - Georgetown,"135 American Path, Georgetown, KY, 40324",135 American Path,Georgetown,KY,40324,38.1839638,-84.5624646,ALDI,active,USA,2380442
23939,Aldi - Mtj 19 - Hopkinsville,"2554 Ft Campbell Blvd, Hopkinsville, KY, 42240",2554 Ft Campbell Blvd,Hopkinsville,KY,42240,36.8452149,-87.4840363,ALDI,active,USA,2380443
585298,Aldi - Mtj 119 - Hopkinsville,"190 Clinic Drive, Hopkinsville, KY, 42240",190 Clinic Drive,Hopkinsville,KY,42240,36.8283575,-87.47078,ALDI,active,USA,2380438
20726,Aldi - Spr 87 - Independence,"2000 Harris Pike, Independence, KY, 41051",2000 Harris Pike,Independence,KY,41051,38.9284059,-84.5439859,ALDI,active,USA,2380457
23546,Aldi - Gre 69 - Lexington,"126 Rojay Drive, Lexington, KY, 40503",126 Rojay Drive,Lexington,KY,40503,37.984375,-84.5275493,ALDI,active,USA,2380451
23547,Aldi - Gre 68 - Lexington,"1509 Colesbury Circle, Lexington, KY, 40511",1509 Colesbury Circle,Lexington,KY,40511,38.0738835,-84.4831298,ALDI,active,USA,2380454
23463,Aldi - Gre 38 - Louisville,"3442 Preston Highway, Louisville, KY, 40213",3442 Preston Highway,Louisville,KY,40213,38.1947828,-85.7308312,ALDI,active,USA,2380439
23464,Aldi - Gre 36 - Louisville,"5109 Dixie Hwy, Louisville, KY, 40216",5109 Dixie Hwy,Louisville,KY,40216,38.1671046,-85.8281858,ALDI,active,USA,2380450
23465,Aldi - Gre 39 - Louisville,"4301 Bardstown Rd, Louisville, KY, 40218",4301 Bardstown Rd,Louisville,KY,40218,38.187616,-85.636905,ALDI,active,USA,2380446
23466,Aldi - Gre 40 - Louisville,"4901 Outer Loop Road, Louisville, KY, 40219",4901 Outer Loop Road,Louisville,KY,40219,38.139817,-85.666569,ALDI,active,USA,2380440
23467,Aldi - Gre 42 - Louisville,"825 S Hurstbourne Pkwy, Louisville, KY, 40222",825 S Hurstbourne Pkwy,Louisville,KY,40222,38.2352499,-85.5757344,ALDI,active,USA,2380459
23468,Aldi - Gre 41 - Louisville,"10620 Westport Rd, Louisville, KY, 40241",10620 Westport Rd,Louisville,KY,40241,38.2953193,-85.5540932,ALDI,active,USA,2380461
471268,Aldi - Mtj 116 - Madisonville,"535 Whittington Dr, Madisonville, KY, 42431",535 Whittington Dr,Madisonville,KY,42431,37.3479905,-87.4906612,ALDI,active,USA,2380462
392414,Aldi - Gre 44 - Middletown,"220 Juneau Drive, Middletown, KY, 40243",220 Juneau Drive,Middletown,KY,40243,38.2473546,-85.5253467,ALDI,active,USA,2380204
20727,Aldi - Spr 85 - Newport,"1301 Monmouth Street, Newport, KY, 41071",1301 Monmouth Street,Newport,KY,41071,39.0856527,-84.4848598,ALDI,active,USA,2380449
585299,Aldi - Gre 91 - Nicholasville,"641 Keene Center Drive, Nicholasville, KY, 40356",641 Keene Center Drive,Nicholasville,KY,40356,37.8981795,-84.5843402,ALDI,active,USA,2380441
28487,Aldi - Gre 4 - Owensboro,"2945 Highway 54, Owensboro, KY, 42303",2945 Highway 54,Owensboro,KY,42303,37.7562269,-87.0650607,ALDI,active,USA,2380455
24423,Aldi - Mtj 63 - Paducah,"5156 Hinkleville Rd, Paducah, KY, 42001",5156 Hinkleville Rd,Paducah,KY,42001,37.0741832,-88.6918573,ALDI,active,USA,2380452
24417,Aldi - Gre 35 - Radcliff,"601 North Dixie Blvd, Radcliff, KY, 40160",601 North Dixie Blvd,Radcliff,KY,40160,37.845843,-85.9445774,ALDI,active,USA,2380453
24420,Aldi - Gre 63 - Richmond,"798 Eastern Bypass, Richmond, KY, 40475",798 Eastern Bypass,Richmond,KY,40475,37.7305679,-84.286927,ALDI,active,USA,2380458
24426,Aldi - Mtj 44 - Somerset,"4105 Hwy 27 S, Somerset, KY, 42501",4105 Hwy 27 S,Somerset,KY,42501,37.0361126,-84.628104,ALDI,active,USA,2380464
396461,Aldi - Lox 149 - Amite,"804 W Oak Street, Amite City, LA, 70422",804 W Oak Street,Amite City,LA,70422,30.7280197,-90.520699,ALDI,active,USA,2380466
156016,Aldi - Lox 71 - Baton Rouge,"2345 O'neal Lane, Baton Rouge, LA, 70816",2345 O'neal Lane,Baton Rouge,LA,70816,30.4349946,-91.006673,ALDI,active,USA,2380483
380644,Aldi - Lox 25 - Baton Rouge,"8503 Airline Hwy, Baton Rouge, LA, 70815",8503 Airline Hwy,Baton Rouge,LA,70815,30.456207,-91.0975455,ALDI,active,USA,2380066
179788,Aldi - Den 107 - Bossier City,"2900 Meadow Creek Dr, Bossier City, LA, 71111",2900 Meadow Creek Dr,Bossier City,LA,71111,32.5632,-93.7105911,ALDI,active,USA,2380472
156012,Aldi - Lox 73 - Central,"14350 Grand Settlement Blvd, Central, LA, 70818",14350 Grand Settlement Blvd,Central,LA,70818,30.5404623,-91.0294712,ALDI,active,USA,2380176
497930,Aldi - Lox 250 - Chalmette,"3300 Paris Road, Chalmette, LA, 70043",3300 Paris Road,Chalmette,LA,70043,29.9500172,-89.962534,ALDI,active,USA,2380468
144455,Aldi - Lox 86 - Covington,"123 Holiday Blvd, Covington, LA, 70433",123 Holiday Blvd,Covington,LA,70433,30.4378212,-90.0864371,ALDI,active,USA,2380488
480559,Aldi - Lox 148 - Covington,"2100 N Collins Blvd Ste 132, Covington, LA, 70433",2100 N Collins Blvd Ste 132,Covington,LA,70433,30.4985471,-90.1086653,ALDI,active,USA,2380478
538556,Aldi - Lox 62 - Denham Springs,"2356 S Range Ave, Denham Springs, LA, 70726",2356 S Range Ave,Denham Springs,LA,70726,30.4584793,-90.9548165,ALDI,active,USA,2380484
396448,Aldi - Lox 93 - Gonzales,"1434 N Burnside Ave, Gonzales, LA, 70737",1434 N Burnside Ave,Gonzales,LA,70737,30.2441819,-90.9200519,ALDI,active,USA,2380482
489300,Aldi - Lox 145 - Gretna,"2112 Belle Chasse Highway, Gretna, LA, 70053",2112 Belle Chasse Highway,Gretna,LA,70053,29.88827,-90.032851,ALDI,active,USA,2380477
480554,Aldi - Lox 157 - Hammond,"2302 W Thomas Street, Hammond, LA, 70401",2302 W Thomas Street,Hammond,LA,70401,30.5023547,-90.4869587,ALDI,active,USA,2380469
177628,Aldi - Lox 91 - Houma,"1520 Martin Luther King Blvd, Houma, LA, 70360",1520 Martin Luther King Blvd,Houma,LA,70360,29.607463,-90.746253,ALDI,active,USA,2380487
153916,Aldi - Lox 83 - Inniswold,"10022 North Rieger Rd, Inniswold, LA, 70809",10022 North Rieger Rd,Inniswold,LA,70809,30.3842429,-91.0660586,ALDI,active,USA,2380068
141135,Aldi - Lox 79 - Lafayette,"4518 Ambassador Caffery Pkw, Lafayette, LA, 70508",4518 Ambassador Caffery Pkw,Lafayette,LA,70508,30.153833,-92.048228,ALDI,active,USA,2380489
142053,Aldi - Lox 85 - Lafayette,"3200 Louisiana Ave, Lafayette, LA, 70501",3200 Louisiana Ave,Lafayette,LA,70501,30.2644149,-91.9911902,ALDI,active,USA,2380470
144404,Aldi - Lox 69 - Laplace,"2122 W Airline Hwy, Laplace, LA, 70068",2122 W Airline Hwy,Laplace,LA,70068,30.0753194,-90.5104678,ALDI,active,USA,2380475
480560,Aldi - Lox 144 - Luling,"12125 Highway 90, Luling, LA, 70070",12125 Highway 90,Luling,LA,70070,29.9126565,-90.3432055,ALDI,active,USA,2380474
151249,Aldi - Lox 68 - Marrero,"4957 Promenade Blvd, Marrero, LA, 70072",4957 Promenade Blvd,Marrero,LA,70072,29.879839,-90.0959149,ALDI,active,USA,2380479
143696,Aldi - Lox 84 - Metairie,"8855 Veterans Memorial, Metairie, LA, 70003",8855 Veterans Memorial,Metairie,LA,70003,30.0072852,-90.2268887,ALDI,active,USA,2380473
396369,Aldi - Lox 141 - Metrairie,"5901 Airline Drive, Metairie, LA, 70003",5901 Airline Drive,Metairie,LA,70003,29.977703,-90.1972362,ALDI,active,USA,2380476
141940,Aldi - Lox 81 - New Iberia,"1102 E Admiral Doyle Dr, New Iberia, LA, 70560",1102 E Admiral Doyle Dr,New Iberia,LA,70560,29.9826675,-91.8200987,ALDI,active,USA,2380486
480550,Aldi - Lox 146 - New Orleans,"3008 Holiday Drive Suite 100, New Orleans, LA, 70131",3008 Holiday Drive Suite 100,New Orleans,LA,70131,29.9236001,-90.011758,ALDI,active,USA,2380485
396459,Aldi - Lox 159 - Prairieville,"17682 Airline Hwy, Prairieville, LA, 70769",17682 Airline Hwy,Prairieville,LA,70769,30.334361,-90.983236,ALDI,active,USA,2380481
164689,Aldi - Den 103 - Shreveport,"9503 Mansfield Rd, Shreveport, LA, 71118",9503 Mansfield Rd,Shreveport,LA,71118,32.3912698,-93.8136009,ALDI,active,USA,2380490
144393,Aldi - Lox 67 - Slidell,"137 Northshore Blvd, Slidell, LA, 70460",137 Northshore Blvd,Slidell,LA,70460,30.3047635,-89.8272959,ALDI,active,USA,2380471
396475,Aldi - Lox 204 - Slidell,"3030 Pontchartrain Dr Suite 200, Slidell, LA, 70458",3030 Pontchartrain Dr Suite 200,Slidell,LA,70458,30.2618035,-89.7837353,ALDI,active,USA,2380467
480582,Aldi - Lox 152 - Slidell,"2985 Gause Blvd Suite 100, Slidell, LA, 70461",2985 Gause Blvd Suite 100,Slidell,LA,70461,30.2896434,-89.7206075,ALDI,active,USA,2380480
153917,Aldi - Lox 92 - Thibodaux,"316 North Canal Blvd, Thibodaux, LA, 70301",316 North Canal Blvd,Thibodaux,LA,70301,29.8046356,-90.8173856,ALDI,active,USA,2380067
479326,Aldi - Lox 181 - Zachary,"5005 Church Street, Zachary, LA, 70791",5005 Church Street,Zachary,LA,70791,30.6506495,-91.1505902,ALDI,active,USA,2380465
570543,Aldi - Swn 171 - Acton,"100 Powder MIll Road Suite 300, Acton, MA, 01720",100 Powder MIll Road Suite 300,Acton,MA,01720,42.4422379,-71.4295666,ALDI,active,USA,2380502
23603,Aldi - Swn 80 - Brockton,"544 Westgate Drive, Brockton, MA, 02301",544 Westgate Drive,Brockton,MA,02301,42.092264,-71.0510768,ALDI,active,USA,2380499
23735,Aldi - Swn 22 - Chicopee,"505 Memorial Drive, Chicopee, MA, 01020",505 Memorial Drive,Chicopee,MA,01020,42.17136,-72.5768739,ALDI,active,USA,2380507
156005,Aldi - Swn 146 - Danvers,"100 Independence Way Ste 100, Danvers, MA, 01923",100 Independence Way Ste 100,Danvers,MA,01923,42.552383,-70.9396722,ALDI,active,USA,2380498
135073,Aldi - Swn 117 - Dartmouth,"200 North Dartmouth Mall, Dartmouth, MA, 02747",200 North Dartmouth Mall,Dartmouth,MA,02747,41.6408297,-70.989152,ALDI,active,USA,2380501
122283,Aldi - Swn 115 - East Walpole,"70 Boston Providence Highway, East Walpole, MA, 02032",70 Boston Providence Highway,East Walpole,MA,02032,42.1557707,-71.2015775,ALDI,active,USA,2380503
36385,Aldi - Swn 86 - Fall River,"485 William S Canning Blvd, Fall River, MA, 02721",485 William S Canning Blvd,Fall River,MA,02721,41.671635,-71.161815,ALDI,active,USA,2380495
380663,Aldi - Swn 166 - Falmouth,"39 Davis Straits, Falmouth, MA, 02540",39 Davis Straits,Falmouth,MA,02540,41.556795,-70.59778,ALDI,active,USA,2377957
177954,Aldi - Swn 155 - Gardner,"360 Timpany Boulevard, Gardner, MA, 01440",360 Timpany Boulevard,Gardner,MA,01440,42.5589981,-71.9897757,ALDI,active,USA,2380493
471260,Aldi - Swn 87 - Greenfield,"220 Mohawk Trail, Greenfield, MA, 01301",220 Mohawk Trail,Greenfield,MA,01301,42.5855135,-72.6249494,ALDI,active,USA,2380509
27663,Aldi - Swn 23 - Hadley,"354 Russell Street, Hadley, MA, 01035",354 Russell Street,Hadley,MA,01035,42.3597061,-72.5536281,ALDI,active,USA,2380491
19819,Aldi - Swn 75 - Leominster,"241 New Lancaster Road, Leominster, MA, 01453",241 New Lancaster Road,Leominster,MA,01453,42.4932221,-71.7285603,ALDI,active,USA,2380511
570537,Aldi - Swn 182 - Lynn,"126 Boston St, Lynn, MA, 01904",126 Boston St,Lynn,MA,01904,42.4739228,-70.9566304,ALDI,active,USA,2380508
12283,Aldi - Swn 79 - Medford,"630 Fellsway, Medford, MA, 02155",630 Fellsway,Medford,MA,02155,42.4069834,-71.0836104,ALDI,active,USA,2380504
24010,Aldi - Swn 78 - Milford,"225 East Main Street, Milford, MA, 01757",225 East Main Street,Milford,MA,01757,42.1504567,-71.4981588,ALDI,active,USA,2380492
70387,Aldi - Swn 113 - Natick,"321 Speen Street, Natick, MA, 01760",321 Speen Street,Natick,MA,01760,42.303852,-71.379448,ALDI,active,USA,2380506
153914,Aldi - Swn 26 - Northampton,"303 King Street Building 2, Northampton, MA, 01060",303 King Street Building 2,Northampton,MA,01060,42.3339185,-72.6353053,ALDI,active,USA,2377958
24004,Aldi - Swn 24 - Pittsfield,"898 Crane Avenue, Pittsfield, MA, 01201",898 Crane Avenue,Pittsfield,MA,01201,42.4675752,-73.206589,ALDI,active,USA,2380505
27737,Aldi - Swn 89 - Plymouth,"246 Colony Place Ste 1, Plymouth, MA, 02360",246 Colony Place Ste 1,Plymouth,MA,02360,41.9505414,-70.7166547,ALDI,active,USA,2380496
5884,Aldi - Swn 27 - Raynham,"600 South Street West, Raynham, MA, 02767",600 South Street West,Raynham,MA,02767,41.9050262,-71.0456825,ALDI,active,USA,2380494
23736,Aldi - Swn 20 - Springfield,"1284 Boston Road, Springfield, MA, 01119",1284 Boston Road,Springfield,MA,01119,42.1404787,-72.5009982,ALDI,active,USA,2380510
23947,Aldi - Swn 88 - Wareham,"2419 Cranberry Hwy Suite E, Wareham, MA, 02571",2419 Cranberry Hwy Suite E,Wareham,MA,02571,41.7791235,-70.743955,ALDI,active,USA,2380497
137443,Aldi - Swn 85 - Westfield,"231 East Main Street Suite B, Westfield, MA, 01085",231 East Main Street Suite B,Westfield,MA,01085,42.114629,-72.730936,ALDI,active,USA,2380069
20885,Aldi - Swn 21 - West Springfield,"903 Riverdale Street, West Springfield, MA, 01089",903 Riverdale Street,West Springfield,MA,01089,42.12905,-72.6264,ALDI,active,USA,2380500
23798,Aldi - Swn 73 - Worcester,"500 Lincoln Street, Worcester, MA, 01605",500 Lincoln Street,Worcester,MA,01605,42.295386,-71.77415,ALDI,active,USA,2380512
23858,Aldi - Fre 44 - Aberdeen,"746 South Philadelphia Blvd, Aberdeen, MD, 21001",746 South Philadelphia Blvd,Aberdeen,MD,21001,39.4967966,-76.1790079,ALDI,active,USA,2380525
144460,Aldi - Fre 172 - Abingdon,"3430 Emmorton Rd, Abingdon, MD, 21009",3430 Emmorton Rd,Abingdon,MD,21009,39.46957,-76.31035,ALDI,active,USA,2380535
156018,Aldi - Fre 174 - Annapolis,"2510 Riva Road, Annapolis, MD, 21401",2510 Riva Road,Annapolis,MD,21401,38.9816689,-76.5463339,ALDI,active,USA,2380070
23209,Aldi - Fre 30 - Baltimore - 3250 East Fayette Street,"3250 East Fayette Street, Baltimore, MD, 21224",3250 East Fayette Street,Baltimore,MD,21224,39.2951083,-76.5716741,ALDI,active,USA,2380531
23210,Aldi - Fre 26 - Baltimore - 3140 Washington Blvd,"3140 Washington Blvd, Baltimore, MD, 21230",3140 Washington Blvd,Baltimore,MD,21230,39.259105,-76.662345,ALDI,active,USA,2380561
23425,Aldi - Fre 20 - Baltimore - 4212 Frankford Avenue,"4212 Frankford Avenue, Baltimore, MD, 21206",4212 Frankford Avenue,Baltimore,MD,21206,39.337776,-76.5505093,ALDI,active,USA,2380559
23427,Aldi - Fre 17 - Baltimore - Golden Ring - 8670 Pulaski Highway,"8670 Pulaski Highway, Baltimore, MD, 21237",8670 Pulaski Highway,Baltimore,MD,21237,39.3368905,-76.4842946,ALDI,active,USA,2380551
23586,Aldi - Fre 31 - Baltimore - 3601 West Cold Spring Lane,"3601 West Cold Spring Lane, Baltimore, MD, 21215",3601 West Cold Spring Lane,Baltimore,MD,21215,39.3353128,-76.6760122,ALDI,active,USA,2380515
23859,Aldi - Fre 82 - Bel Air,"599 Baltimore Pike, Bel Air, MD, 21014",599 Baltimore Pike,Bel Air,MD,21014,39.5258299,-76.3522418,ALDI,active,USA,2380527
23431,Aldi - Fre 45 - Beltsville,"10912 Baltimore Avenue, Beltsville, MD, 20705",10912 Baltimore Avenue,Beltsville,MD,20705,39.0329364,-76.9119962,ALDI,active,USA,2380518
137435,Aldi - Fre 184 - Berlin,"11330 Samuel Bowen Blvd, Berlin, MD, 21811",11330 Samuel Bowen Blvd,Berlin,MD,21811,38.3433431,-75.166031,ALDI,active,USA,2380574
23434,Aldi - Fre 37 - Bowie,"6810 Racetrack Road, Bowie, MD, 20715",6810 Racetrack Road,Bowie,MD,20715,38.9818812,-76.7301801,ALDI,active,USA,2380517
23861,Aldi - Pet 73 - Brandywine,"7500 Albert Road, Brandywine, MD, 20613",7500 Albert Road,Brandywine,MD,20613,38.67053,-76.8780864,ALDI,active,USA,2380543
24097,Aldi - Pet 47 - California,"44755 Oak Crest Road, California, MD, 20619",44755 Oak Crest Road,California,MD,20619,38.3083541,-76.5289074,ALDI,active,USA,2380569
143693,Aldi - Fre 101 - Cambridge,"600 Sunburst Hwy, Cambridge, MD, 21613",600 Sunburst Hwy,Cambridge,MD,21613,38.5624947,-76.065019,ALDI,active,USA,2380526
23439,Aldi - Fre 36 - Camp Springs,"6400 Allentown Road, Camp Springs, MD, 20748",6400 Allentown Road,Camp Springs,MD,20748,38.8006814,-76.9082139,ALDI,active,USA,2380199
139831,Aldi - Fre 57 - Capitol Heights,"1741 Ritchie Station Ct, Capitol Heights, MD, 20743",1741 Ritchie Station Ct,Capitol Heights,MD,20743,38.8669303,-76.853808,ALDI,active,USA,2380556
23429,Aldi - Fre 39 - Catonsville,"6503a Baltimore National Pk, Catonsville, MD, 21228",6503a Baltimore National Pk,Catonsville,MD,21228,39.2846682,-76.7628691,ALDI,active,USA,2380567
495549,Aldi - Pet 80 - Charlotte Hall,"29920 Three Notch Rd, Charlotte Hall, MD, 20622",29920 Three Notch Rd,Charlotte Hall,MD,20622,38.4900219,-76.7733387,ALDI,active,USA,2380563
23436,Aldi - Fre 41 - Cheverly,"6524 Landover Road, Cheverly, MD, 20785",6524 Landover Road,Cheverly,MD,20785,38.93220799,-76.90159325,ALDI,active,USA,2380281
36688,Aldi - Fre 175 - Clinton,"8827 Woodyard Road, Clinton, MD, 20735",8827 Woodyard Road,Clinton,MD,20735,38.7710017,-76.8831532,ALDI,active,USA,2380554
145253,Aldi - Fre 192 - Cockeysville,"9978 York Rd, Cockeysville, MD, 21030",9978 York Rd,Cockeysville,MD,21030,39.462775,-76.637758,ALDI,active,USA,2380514
172975,Aldi - Fre 56 - College Park,"8904 62nd Avenue Suite 100, College Park, MD, 20740",8904 62nd Avenue Suite 100,College Park,MD,20740,38.996974,-76.908075,ALDI,active,USA,2380537
36379,Aldi - Fre 50 - Crofton,"2109 Concord Blvd, Crofton, MD, 21114",2109 Concord Blvd,Crofton,MD,21114,39.019256,-76.6975964,ALDI,active,USA,2380570
143699,Aldi - Fre 194 - Denton,"61 Denton Plaza, Denton, MD, 21629",61 Denton Plaza,Denton,MD,21629,38.8719449,-75.824411,ALDI,active,USA,2380542
23438,Aldi - Fre 25 - District Heights,"6301 Marlboro Pike, District Heights, MD, 20747",6301 Marlboro Pike,District Heights,MD,20747,38.85373,-76.89919,ALDI,active,USA,2380522
29933,Aldi - Fre 18 - Dundalk,"1401-A1 Merritt Boulevard, Dundalk, MD, 21222",1401-A1 Merritt Boulevard,Dundalk,MD,21222,39.2779051,-76.5031162,ALDI,active,USA,2380546
24098,Aldi - Fre 71 - Easton,"8147 Ocean Gateway, Easton, MD, 21601",8147 Ocean Gateway,Easton,MD,21601,38.772753,-76.059636,ALDI,active,USA,2380572
23860,Aldi - Fre 28 - Edgewood,"1312 Business Center Way, Edgewood, MD, 21040",1312 Business Center Way,Edgewood,MD,21040,39.434594,-76.327134,ALDI,active,USA,2380548
23864,Aldi - Fre 84 - Eldersburg,"1320 Liberty Road Ste B, Eldersburg, MD, 21784",1320 Liberty Road Ste B,Eldersburg,MD,21784,39.4050577,-76.9485191,ALDI,active,USA,2380260
20990,"Aldi - Fre 83 - Elkridge, MD","8231 Gateway Overlook Drive, Elkridge, MD, 21075",8231 Gateway Overlook Drive,Elkridge,MD,21075,39.18514,-76.79434,ALDI,active,USA,2380530
24327,Aldi - Fre 16 - Elkton,"98 Chesapeake Blvd, Elkton, MD, 21921",98 Chesapeake Blvd,Elkton,MD,21921,39.6053796,-75.7864745,ALDI,active,USA,2380565
24323,Aldi - Fre 22 - Essex,"1600 Old Eastern Avenue, Essex, MD, 21221",1600 Old Eastern Avenue,Essex,MD,21221,39.3165353,-76.4504292,ALDI,active,USA,2380562
145471,Aldi - Fre 173 - Fort Washington,"10719 Indian Head Hwy, Fort Washington, MD, 20744",10719 Indian Head Hwy,Fort Washington,MD,20744,38.7443207,-76.9931098,ALDI,active,USA,2380560
23862,Aldi - Fre 40 - Frederick,"1080 West Patrick Street, Frederick, MD, 21703",1080 West Patrick Street,Frederick,MD,21703,39.415387,-77.4447623,ALDI,active,USA,2380539
23863,Aldi - Fre 51 - Frederick,"5600-B Urbana Pike, Frederick, MD, 21704",5600-B Urbana Pike,Frederick,MD,21704,39.3861875,-77.4046191,ALDI,active,USA,2380513
178403,Aldi - Fre 102 - Gaithersburg,"737 South Frederick Avenue, Gaithersburg, MD, 20877",737 South Frederick Avenue,Gaithersburg,MD,20877,39.1276998,-77.1835733,ALDI,active,USA,2380528
19372,Aldi - Fre 46 - Gaithersburg,"608 Quince Orchard Road, Gaithersburg, MD, 20878",608 Quince Orchard Road,Gaithersburg,MD,20878,39.142393,-77.221039,ALDI,active,USA,2380541
92419,Aldi - Fre 148 - Gaithersburg,"19150 Montgomery Village Av, Gaithersburg, MD, 20886",19150 Montgomery Village Av,Gaithersburg,MD,20886,39.1715338,-77.2053694,ALDI,active,USA,2380163
23578,Aldi - Fre 42 - Germantown,"20904 Frederick Road, Germantown, MD, 20876",20904 Frederick Road,Germantown,MD,20876,39.1985884,-77.2472507,ALDI,active,USA,2380529
23612,Aldi - Fre 23 - Glen Burnie - Ordnance Rd,"6639 D Governor Ritchie Hwy, Glen Burnie, MD, 21061",6639 D Governor Ritchie Hwy,Glen Burnie,MD,21061,39.1942642,-76.6119012,ALDI,active,USA,2380533
24325,Aldi - Fre 32 - Hagerstown,"565 Dual Highway, Hagerstown, MD, 21740",565 Dual Highway,Hagerstown,MD,21740,39.63607317,-77.70934517,ALDI,active,USA,2380516
70137,Aldi - Fre 75 - Hagerstown,"10447 Sharpsburg Pike, Hagerstown, MD, 21740",10447 Sharpsburg Pike,Hagerstown,MD,21740,39.6011791,-77.7295419,ALDI,active,USA,2377959
23613,Aldi - Fre 144 - Hanover,"7667 Arundel Mills Blvd, Hanover, MD, 21076",7667 Arundel Mills Blvd,Hanover,MD,21076,39.1516957,-76.7297681,ALDI,active,USA,2380519
23435,Aldi - Fre 6 - Hyattsville,"3025 Hamilton Street, Hyattsville, MD, 20782",3025 Hamilton Street,Hyattsville,MD,20782,38.9556701,-76.964036,ALDI,active,USA,2380553
121623,Aldi - Fre 191 - Kensington,"5110 Nicholson Ln, Kensington, MD, 20895",5110 Nicholson Ln,Kensington,MD,20895,39.0445504,-77.1049011,ALDI,active,USA,2380534
23432,Aldi - Fre 8 - Lanham,"9343 Annapolis Road, Lanham, MD, 20706",9343 Annapolis Road,Lanham,MD,20706,38.9644331,-76.846791,ALDI,active,USA,2380558
144415,Aldi - Pet 78 - La Plata,"155 Rosewick Road, La Plata, MD, 20646",155 Rosewick Road,La Plata,MD,20646,38.5555528,-76.9842413,ALDI,active,USA,2380544
23433,Aldi - Fre 52 - Laurel,"14100 Baltimore Avenue, Laurel, MD, 20707",14100 Baltimore Avenue,Laurel,MD,20707,39.083878,-76.864342,ALDI,active,USA,2380538
40139,"Aldi - Fre 176 - Laurel, 3331 B Corridor Marketplace","3331 B Corridor Marketplace, Laurel, MD, 20724",3331 B Corridor Marketplace,Laurel,MD,20724,39.097361,-76.806309,ALDI,active,USA,2380557
26518,Aldi - Sxb 98 - Lavale,"12405 Winchester Road Sw, Lavale, MD, 21502",12405 Winchester Road Sw,Lavale,MD,21502,39.6263224,-78.8401224,ALDI,active,USA,2380126
495547,Aldi - Pet 48 - Lexington Park,"21853 Three Notch Rd Unit 1, Lexington Park, MD, 20653",21853 Three Notch Rd Unit 1,Lexington Park,MD,20653,38.2673165,-76.457006,ALDI,active,USA,2380564
23426,Aldi - Fre 48 - Nottingham,"8808 Belair Road, Nottingham, MD, 21236",8808 Belair Road,Nottingham,MD,21236,39.3942734,-76.4873478,ALDI,active,USA,2380550
23583,Aldi - Fre 49 - Owings Mills,"9616 Reisterstown Rd 101, Owings Mills, MD, 21117",9616 Reisterstown Rd 101,Owings Mills,MD,21117,39.4041435,-76.76135,ALDI,active,USA,2380523
23437,Aldi - Fre 19 - Oxon Hill,"6301 Livingston Road Ste B, Oxon Hill, MD, 20745",6301 Livingston Road Ste B,Oxon Hill,MD,20745,38.803076,-76.9898901,ALDI,active,USA,2380547
19430,Aldi - Fre 34 - Pasadena,"8124 Ritchie Highway, Pasadena, MD, 21122",8124 Ritchie Highway,Pasadena,MD,21122,39.12388,-76.589482,ALDI,active,USA,2380568
495540,Aldi - Pet 81 - Prince Frederick,"450 Solomons Island Road N, Prince Frederick, MD, 20678",450 Solomons Island Road N,Prince Frederick,MD,20678,38.5487037,-76.5917828,ALDI,active,USA,2380524
23584,Aldi - Fre 21 - Randallstown,"8608-A Liberty Road, Randallstown, MD, 21133",8608-A Liberty Road,Randallstown,MD,21133,39.36197,-76.7799,ALDI,active,USA,2377960
23585,Aldi - Fre 33 - Reisterstown,"11716 B Reisterstown Road, Reisterstown, MD, 21136",11716 B Reisterstown Road,Reisterstown,MD,21136,39.4436828,-76.8111626,ALDI,active,USA,2380573
23147,Aldi - Fre 145 - Rockville,"1501 Rockville Pike, Rockville, MD, 20852",1501 Rockville Pike,Rockville,MD,20852,39.0650156,-77.1282922,ALDI,active,USA,2380536
24326,Aldi - Fre 73 - Salisbury,"30248 Dagsboro Road, Salisbury, MD, 21801",30248 Dagsboro Road,Salisbury,MD,21801,38.42117,-75.56367,ALDI,active,USA,2380545
109770,Aldi - Fre 183 - Severn,"7858 Quarterfield Rd, Severn, MD, 21144",7858 Quarterfield Rd,Severn,MD,21144,39.1428426,-76.6505665,ALDI,active,USA,2380532
137441,Aldi - Fre 59 - Severna Park,"464 Ritchie Hwy, Severna Park, MD, 21146",464 Ritchie Hwy,Severna Park,MD,21146,39.082286,-76.551913,ALDI,active,USA,2380540
108402,Aldi - Fre 181 - Silver Spring,"12012 Cherry Hill Road, Silver Spring, MD, 20904",12012 Cherry Hill Road,Silver Spring,MD,20904,39.052946,-76.957174,ALDI,active,USA,2380521
23148,Aldi - Fre 72 - Silver Spring,"9440 Georgia Avenue, Silver Spring, MD, 20910",9440 Georgia Avenue,Silver Spring,MD,20910,39.0098128,-77.0417842,ALDI,active,USA,2380555
23348,Aldi - Fre 70 - Silver Spring,"2223 Bel Pre Road, Silver Spring, MD, 20906",2223 Bel Pre Road,Silver Spring,MD,20906,39.091515,-77.04791,ALDI,active,USA,2380571
23149,Aldi - Fre 29 - Takoma Park,"7609 New Hampshire Avenue, Takoma Park, MD, 20912",7609 New Hampshire Avenue,Takoma Park,MD,20912,38.9862723,-76.9865377,ALDI,active,USA,2380520
23424,Aldi - Fre 142 - Timonium,"1811 York Road, Timonium, MD, 21093",1811 York Road,Timonium,MD,21093,39.4319919,-76.6206157,ALDI,active,USA,2380247
23428,Aldi - Fre 35 - Towson,"903 Taylor Avenue, Towson, MD, 21286",903 Taylor Avenue,Towson,MD,21286,39.3853488,-76.5794359,ALDI,active,USA,2380552
36623,Aldi - Pet 77 - Waldorf,"3286 Crain Highway, Waldorf, MD, 20603",3286 Crain Highway,Waldorf,MD,20603,38.6210478,-76.9138083,ALDI,active,USA,2380566
19441,Aldi - Fre 43 - Westminster,"400 Englar Road, Westminster, MD, 21157",400 Englar Road,Westminster,MD,21157,39.584709,-76.9897338,ALDI,active,USA,2380549
495542,Aldi - Swn 163 - Portland,"1100 Brighton Avenue, Portland, ME, 04102",1100 Brighton Avenue,Portland,ME,04102,43.6751784,-70.3251684,ALDI,active,USA,2380575
31280,Aldi - Web 73 - Adrian,"1427 East Us 223, Adrian, MI, 49221",1427 East Us 223,Adrian,MI,49221,41.8738652,-84.035448,ALDI,active,USA,2380588
172964,Aldi - Web 1 - Allendale,"11162 Farmway Dr, Allendale, MI, 49401",11162 Farmway Dr,Allendale,MI,49401,42.9717633,-85.9177369,ALDI,active,USA,2380608
135076,Aldi - Web 105 - Allen Park,"23035 West Outer Drive, Allen Park, MI, 48101",23035 West Outer Drive,Allen Park,MI,48101,42.2791661,-83.2150296,ALDI,active,USA,2378856
179759,Aldi - Web 110 - Alpena,"1051 Crittenden Ct, Alpena, MI, 49707",1051 Crittenden Ct,Alpena,MI,49707,45.0620564,-83.4873894,ALDI,active,USA,2378850
23499,Aldi - Web 52 - Ann Arbor,"2340 Dexter Rd, Ann Arbor, MI, 48103",2340 Dexter Rd,Ann Arbor,MI,48103,42.2853227,-83.7789128,ALDI,active,USA,2380630
135079,Aldi - Web 46 - Battle Creek,"12765 Harper Village Dr, Battle Creek, MI, 49014",12765 Harper Village Dr,Battle Creek,MI,49014,42.262578,-85.178251,ALDI,active,USA,2380605
24700,Aldi - Web 22 - Battle Creek,"870 West Columbia, Battle Creek, MI, 49015",870 West Columbia,Battle Creek,MI,49015,42.2989417,-85.2152253,ALDI,active,USA,2380613
24695,Aldi - Web 58 - Bay City,"4101 North Euclid Avenue, Bay City, MI, 48706",4101 North Euclid Avenue,Bay City,MI,48706,43.6205978,-83.9129632,ALDI,active,USA,2377966
24701,Aldi - Web 5 - Benton Harbor,"1700 Pipestone Road, Benton Harbor, MI, 49022",1700 Pipestone Road,Benton Harbor,MI,49022,42.0872565,-86.4211795,ALDI,active,USA,2380627
24709,Aldi - Web 11 - Big Rapids,"21481 Perry Ave, Big Rapids, MI, 49307",21481 Perry Ave,Big Rapids,MI,49307,43.6872406,-85.5135054,ALDI,active,USA,2380626
23505,Aldi - Web 2 - Bloomfield,"1967 Stelegraph Rd, Bloomfield, MI, 48302",1967 Stelegraph Rd,Bloomfield,MI,48302,42.6112958,-83.3018251,ALDI,active,USA,2380595
23506,Aldi - Web 49 - Brighton,"8385 W Grand River, Brighton, MI, 48116",8385 W Grand River,Brighton,MI,48116,42.545494,-83.7872295,ALDI,active,USA,2380618
23869,Aldi - Web 55 - Burton,"1054 Center Road, Burton, MI, 48509",1054 Center Road,Burton,MI,48509,43.020666,-83.6337772,ALDI,active,USA,2378877
24737,Aldi - Web 12 - Cadillac,"9051 34 Rd, Cadillac, MI, 49601",9051 34 Rd,Cadillac,MI,49601,44.2822866,-85.3958736,ALDI,active,USA,2378865
124431,Aldi - Web 39 - Caledonia,"1849 Marketplace Dr Se, Caledonia, MI, 49316",1849 Marketplace Dr Se,Caledonia,MI,49316,42.846121,-85.616916,ALDI,active,USA,2380578
23528,Aldi - Web 66 - Canton,"42053 Ford Rd, Canton, MI, 48187",42053 Ford Rd,Canton,MI,48187,42.3214003,-83.456177,ALDI,active,USA,2378874
144459,Aldi - Web 112 - Caro,"1181 E Caro Rd, Caro, MI, 48723",1181 E Caro Rd,Caro,MI,48723,43.50135,-83.380074,ALDI,active,USA,2378882
178399,Aldi - Web 102 - Cedar Springs,"14050 Edgerton Ave, Cedar Springs, MI, 49319",14050 Edgerton Ave,Cedar Springs,MI,49319,43.2205131,-85.5787536,ALDI,active,USA,2377964
70389,Aldi - Web 37 - Chesterfield,"50700 Waterside Marketplace, Chesterfield, MI, 48051",50700 Waterside Marketplace,Chesterfield,MI,48051,42.672504,-82.827095,ALDI,active,USA,2380110
380645,Aldi - Web 44 - Clare,"10451 S Clare Ave, Clare, MI, 48617",10451 S Clare Ave,Clare,MI,48617,43.8367239,-84.76815513,ALDI,active,USA,2378860
23501,Aldi - Web 95 - Clawson,"1035 W 14 Mile Rd, Clawson, MI, 48017",1035 W 14 Mile Rd,Clawson,MI,48017,42.5319331,-83.1612988,ALDI,active,USA,2380577
23516,Aldi - Web 79 - Clinton Township,"33650 Gratiot Avenue, Clinton Township, MI, 48035",33650 Gratiot Avenue,Clinton Township,MI,48035,42.5436149,-82.9046847,ALDI,active,USA,2378848
23517,Aldi - Web 84 - Clinton Township,"39827 Groesbeck Hwy, Clinton Township, MI, 48036",39827 Groesbeck Hwy,Clinton Township,MI,48036,42.5920376,-82.9014897,ALDI,active,USA,2378861
23518,Aldi - Web 59 - Clinton Township,"41500 Hayes Rd, Clinton Township, MI, 48038",41500 Hayes Rd,Clinton Township,MI,48038,42.6010665,-82.9712417,ALDI,active,USA,2380616
158733,Aldi - Web 34 - Clio,"4460 W Vienna Rd, Clio, MI, 48420",4460 W Vienna Rd,Clio,MI,48420,43.177518,-83.772064,ALDI,active,USA,2380610
24702,Aldi - Web 86 - Coldwater,"811 E Chicago Street, Coldwater, MI, 49036",811 E Chicago Street,Coldwater,MI,49036,41.9360132,-84.9665555,ALDI,active,USA,2380593
23524,Aldi - Web 93 - Commerce Twp,"2155 Haggerty Rd, Commerce Twp, MI, 48390",2155 Haggerty Rd,Commerce Twp,MI,48390,42.5555795,-83.44026,ALDI,active,USA,2380183
23948,Aldi - Web 23 - Comstock Park,"4101 Alpine Avenue Nw, Comstock Park, MI, 49321",4101 Alpine Avenue Nw,Comstock Park,MI,49321,43.0382953,-85.6908978,ALDI,active,USA,2378870
396444,Aldi - Web 35 - Davison,"7480 E Court Street, Davison, MI, 48423",7480 E Court Street,Davison,MI,48423,43.019499,-83.556861,ALDI,active,USA,2378869
172976,Aldi - Web 117 - Dearborn Heights,"24130 Van Born Suite 100, Dearborn Heights, MI, 48125",24130 Van Born Suite 100,Dearborn Heights,MI,48125,42.269775,-83.272169,ALDI,active,USA,2378847
23520,Aldi - Web 70 - Detroit,"15415 Gratiot Avenue, Detroit, MI, 48205",15415 Gratiot Avenue,Detroit,MI,48205,42.4487641,-82.9704018,ALDI,active,USA,2377967
23521,Aldi - Web 72 - Detroit,"14708 Mack Ave, Detroit, MI, 48215",14708 Mack Ave,Detroit,MI,48215,42.386007,-82.9488738,ALDI,active,USA,2378858
23515,Aldi - Web 69 - Eastpointe,"18867 E 9 Mile Rd, Eastpointe, MI, 48021",18867 E 9 Mile Rd,Eastpointe,MI,48021,42.46561,-82.92473,ALDI,active,USA,2380617
24730,Aldi - Oak 41 - Escanaba,"2520 3rd Avenue North, Escanaba, MI, 49829",2520 3rd Avenue North,Escanaba,MI,49829,45.7495373,-87.0839538,ALDI,active,USA,2380601
23523,Aldi - Web 92 - Farmington Hills,"30790 Orchard Lake Rd, Farmington Hills, MI, 48334",30790 Orchard Lake Rd,Farmington Hills,MI,48334,42.5237665,-83.3586806,ALDI,active,USA,2380590
177955,Aldi - Web 24 - Fenton,"3235 Owen Rd, Fenton, MI, 48430",3235 Owen Rd,Fenton,MI,48430,42.7887812,-83.735156,ALDI,active,USA,2380621
23503,Aldi - Web 74 - Ferndale,"8228 W Eight Mile Rd, Ferndale, MI, 48220",8228 W Eight Mile Rd,Ferndale,MI,48220,42.4466224,-83.1544308,ALDI,active,USA,2380579
480561,Aldi - Web 156 - Flat Rock,"27319 Telegraph Road, Flat Rock, MI, 48134",27319 Telegraph Road,Flat Rock,MI,48134,42.1065567,-83.2868007,ALDI,active,USA,2378866
23870,Aldi - Web 81 - Flint,"4270 Corunna Road, Flint, MI, 48532",4270 Corunna Road,Flint,MI,48532,43.0031675,-83.7636228,ALDI,active,USA,2380628
24689,Aldi - Web 82 - Flushing,"5340 Pierson Road, Flushing, MI, 48433",5340 Pierson Road,Flushing,MI,48433,43.0610843,-83.7858795,ALDI,active,USA,2377969
24687,Aldi - Web 50 - Fort Gratiot,"4189 24th Avenue, Fort Gratiot, MI, 48059",4189 24th Avenue,Fort Gratiot,MI,48059,43.0300409,-82.4591128,ALDI,active,USA,2377975
145244,Aldi - Web 115 - Fremont,"7215 W 48th St, Fremont, MI, 49412",7215 W 48th St,Fremont,MI,49412,43.4678068,-85.9802176,ALDI,active,USA,2380598
23526,Aldi - Web 77 - Garden City,"30005 Ford Road, Garden City, MI, 48135",30005 Ford Road,Garden City,MI,48135,42.3247382,-83.3372738,ALDI,active,USA,2378853
24728,Aldi - Web 33 - Gaylord,"1366 W Main Street, Gaylord, MI, 49735",1366 W Main Street,Gaylord,MI,49735,45.0282224,-84.6982257,ALDI,active,USA,2380606
40015,Aldi - Web 32 - Grand Blanc,"6248 S Saginaw Street, Grand Blanc, MI, 48439",6248 S Saginaw Street,Grand Blanc,MI,48439,42.937458,-83.6452178,ALDI,active,USA,2378868
495546,Aldi - Web 144 - Grand Haven,"17233 Hayes St, Grand Haven, MI, 49417",17233 Hayes St,Grand Haven,MI,49417,43.0301017,-86.2166882,ALDI,active,USA,2380576
23949,Aldi - Web 15 - Grand Rapids,"2120 28th Street Se, Grand Rapids, MI, 49508",2120 28th Street Se,Grand Rapids,MI,49508,42.9120776,-85.6141743,ALDI,active,USA,2377973
23951,Aldi - Web 28 - Grand Rapids,"5114 28th St Se Ste B, Grand Rapids, MI, 49512",5114 28th St Se Ste B,Grand Rapids,MI,49512,42.9108415,-85.5407818,ALDI,active,USA,2380625
23952,Aldi - Web 29 - Grand Rapids,"3101 Knapp St Ne, Grand Rapids, MI, 49525",3101 Knapp St Ne,Grand Rapids,MI,49525,42.999734,-85.5932842,ALDI,active,USA,2380582
23954,Aldi - Web 20 - Grandville,"3269 Century Center Street, Grandville, MI, 49418",3269 Century Center Street,Grandville,MI,49418,42.8822426,-85.7450959,ALDI,active,USA,2378846
144419,Aldi - Web 107 - Greenville,"2009 W Washington, Greenville, MI, 48838",2009 W Washington,Greenville,MI,48838,43.1766173,-85.2865457,ALDI,active,USA,2380594
24703,Aldi - Web 38 - Hastings,"1455 W State St, Hastings, MI, 49058",1455 W State St,Hastings,MI,49058,42.6491122,-85.3067272,ALDI,active,USA,2377976
23507,Aldi - Web 68 - Highland Park,"15111 Woodward Ave, Highland Park, MI, 48203",15111 Woodward Ave,Highland Park,MI,48203,42.4096833,-83.1013064,ALDI,active,USA,2378879
396458,Aldi - Web 143 - Hillsdale,"3751 West Carleton Rd, Hillsdale, MI, 49242",3751 West Carleton Rd,Hillsdale,MI,49242,41.952518,-84.66062,ALDI,active,USA,2380583
23955,Aldi - Web 25 - Holland,"571 E 24th Street, Holland, MI, 49423",571 E 24th Street,Holland,MI,49423,42.7766123,-86.0818696,ALDI,active,USA,2378859
23956,Aldi - Web 31 - Holland,"12511 Felch St, Holland, MI, 49424",12511 Felch St,Holland,MI,49424,42.819836,-86.090655,ALDI,active,USA,2380623
24696,Aldi - Web 51 - Howell,"2260 E Grand River Ave, Howell, MI, 48843",2260 E Grand River Ave,Howell,MI,48843,42.5989929,-83.9091777,ALDI,active,USA,2380614
145236,Aldi - Web 108 - Hudsonville,"4010 32nd Avenue, Hudsonville, MI, 49426",4010 32nd Avenue,Hudsonville,MI,49426,42.8417561,-85.8610083,ALDI,active,USA,2380585
135113,Aldi - Web 27 - Ionia,"3065 S State St, Ionia, MI, 48846",3065 S State St,Ionia,MI,48846,42.9424986,-85.0739134,ALDI,active,USA,2380603
172958,Aldi - Oak 141 - Iron Mountain,"2025 S Stephenson Ave, Iron Mountain, MI, 49801",2025 S Stephenson Ave,Iron Mountain,MI,49801,45.8097488,-88.0354148,ALDI,active,USA,2378881
143815,Aldi - Web 111 - Jackson,"3021 East Michigan Ave, Jackson, MI, 49202",3021 East Michigan Ave,Jackson,MI,49202,42.254038,-84.3661984,ALDI,active,USA,2380607
24707,Aldi - Web 30 - Jackson,"1100 W North Street, Jackson, MI, 49202",1100 W North Street,Jackson,MI,49202,42.2596915,-84.4266802,ALDI,active,USA,2380586
23957,Aldi - Web 26 - Jenison,"306 Chicago Drive, Jenison, MI, 49428",306 Chicago Drive,Jenison,MI,49428,42.902682,-85.789142,ALDI,active,USA,2377971
23867,Aldi - Web 41 - Kalamazoo,"5317 W Main St, Kalamazoo, MI, 49009",5317 W Main St,Kalamazoo,MI,49009,42.2961291,-85.65365467,ALDI,active,USA,2377978
23868,Aldi - Web 42 - Kalamazoo,"3720 Gull Road, Kalamazoo, MI, 49048",3720 Gull Road,Kalamazoo,MI,49048,42.31656,-85.53455,ALDI,active,USA,2380591
172730,Aldi - Web 47 - Kimball Township,"4570 Gratiot Road, Kimball Township, MI, 48040",4570 Gratiot Road,Kimball Township,MI,48040,42.9097703,-82.5013103,ALDI,active,USA,2380071
23532,Aldi - Web 21 - Lake Orion,"475 Brown Rd, Lake Orion, MI, 48359",475 Brown Rd,Lake Orion,MI,48359,42.7084556,-83.2969816,ALDI,active,USA,2380589
23778,Aldi - Web 19 - Lansing,"6555 Pennsylvania Ave, Lansing, MI, 48911",6555 Pennsylvania Ave,Lansing,MI,48911,42.6618078,-84.5376998,ALDI,active,USA,2380624
23779,Aldi - Web 17 - Lansing,"5625 Saginaw Hwy, Lansing, MI, 48917",5625 Saginaw Hwy,Lansing,MI,48917,42.7387516,-84.6310624,ALDI,active,USA,2378863
24690,Aldi - Web 45 - Lapeer,"815 East St, Lapeer, MI, 48446",815 East St,Lapeer,MI,48446,43.0401757,-83.3190957,ALDI,active,USA,2380596
23510,Aldi - Web 91 - Lincoln Park,"1200 Southfield Road, Lincoln Park, MI, 48146",1200 Southfield Road,Lincoln Park,MI,48146,42.2504744,-83.1746978,ALDI,active,USA,2378871
23527,Aldi - Web 4 - Livonia,"29330 Schoolcraft Rd, Livonia, MI, 48150",29330 Schoolcraft Rd,Livonia,MI,48150,42.3844164,-83.3320751,ALDI,active,USA,2377962
570556,Aldi - Web 148 - Lowell,"11755 Fulton Street, Lowell, MI, 49331",11755 Fulton Street,Lowell,MI,49331,42.93109,-85.3771919,ALDI,active,USA,2377961
24736,Aldi - Web 10 - Ludington,"4833 Us-10, Ludington, MI, 49431",4833 Us-10,Ludington,MI,49431,43.9547842,-86.3995704,ALDI,active,USA,2378854
24693,Aldi - Web 57 - Midland,"1200 Joe Mann Blvd, Midland, MI, 48642",1200 Joe Mann Blvd,Midland,MI,48642,43.6618874,-84.2414109,ALDI,active,USA,2377970
380656,Aldi - Web 118 - Midland,"4801 Bay City Rd, Midland, MI, 48642",4801 Bay City Rd,Midland,MI,48642,43.6053738,-84.1686102,ALDI,active,USA,2377963
179790,Aldi - Web 116 - Monroe,"1270 N Telegraph Rd, Monroe, MI, 48162",1270 N Telegraph Rd,Monroe,MI,48162,41.939614,-83.405642,ALDI,active,USA,2377974
178401,Aldi - Web 103 - Muskegon,"1680 East Apple Ave, Muskegon, MI, 49442",1680 East Apple Ave,Muskegon,MI,49442,43.2357532,-86.2027455,ALDI,active,USA,2380604
24734,Aldi - Web 9 - Muskegon,"1760 E Sternberg Rd, Muskegon, MI, 49444",1760 E Sternberg Rd,Muskegon,MI,49444,43.1545681,-86.2011568,ALDI,active,USA,2378867
24735,Aldi - Web 8 - Muskegon,"2715 Henry Street, Muskegon, MI, 49441",2715 Henry Street,Muskegon,MI,49441,43.202909,-86.264837,ALDI,active,USA,2380611
495544,Aldi - Web 145 - Niles,"1832 S 11th St, Niles, MI, 49120",1832 S 11th St,Niles,MI,49120,41.7984826,-86.2491472,ALDI,active,USA,2380609
23504,Aldi - Web 88 - Oak Park,"26300 Greenfield Road, Oak Park, MI, 48237",26300 Greenfield Road,Oak Park,MI,48237,42.4857356,-83.2006503,ALDI,active,USA,2377965
22537,Aldi - Web 18 - Okemos,"5165 Marsh Rd, Okemos, MI, 48864",5165 Marsh Rd,Okemos,MI,48864,42.7307399,-84.4129168,ALDI,active,USA,2380580
24699,Aldi - Web 64 - Owosso,"1630 E Main Street, Owosso, MI, 48867",1630 E Main Street,Owosso,MI,48867,42.9970361,-84.1383541,ALDI,active,USA,2380629
24729,Aldi - Web 14 - Petoskey,"2130 Anderson Rd, Petoskey, MI, 49770",2130 Anderson Rd,Petoskey,MI,49770,45.347501,-84.971474,ALDI,active,USA,2380631
24704,Aldi - Web 43 - Plainwell,"1323 W M-89 Hwy, Plainwell, MI, 49080",1323 W M-89 Hwy,Plainwell,MI,49080,42.450576,-85.6727957,ALDI,active,USA,2378862
24698,Aldi - Web 53 - Mt. Pleasant,"4512 E Bluegrass Mt, Pleasant, MI, 48858",4512 E Bluegrass Mt,Pleasant,MI,48858,43.5747281,-84.7569357,ALDI,active,USA,2380612
23866,Aldi - Web 40 - Portage,"6291 S Westnedge, Portage, MI, 49002",6291 S Westnedge,Portage,MI,49002,42.2260004,-85.58944468,ALDI,active,USA,2380587
380657,Aldi - Web 140 - Portage,"5070 S Westnedge Ave, Portage, MI, 49002",5070 S Westnedge Ave,Portage,MI,49002,42.2440569,-85.5913972,ALDI,active,USA,2380620
23529,Aldi - Web 97 - Redford (Telegraph Rd. & Joy Rd),"9009 Telegraph Rd, Redford, MI, 48239",9009 Telegraph Rd,Redford,MI,48239,42.3590139,-83.2764393,ALDI,active,USA,2378849
23530,Aldi - Web 78 - Redford,"25851 Grand River Avenue, Redford, MI, 48240",25851 Grand River Avenue,Redford,MI,48240,42.4327817,-83.2986247,ALDI,active,USA,2378883
40013,Aldi - Web 96 - Rochester Hills,"1106 S Rochester Rd, Rochester Hills, MI, 48307",1106 S Rochester Rd,Rochester Hills,MI,48307,42.664536,-83.133912,ALDI,active,USA,2377979
495541,Aldi - Web 141 - Rochester Hills,"2636 South Adams Rd, Rochester Hills, MI, 48309",2636 South Adams Rd,Rochester Hills,MI,48309,42.6412326,-83.2024917,ALDI,active,USA,2378857
135080,Aldi - Web 104 - Roseville - Frazho Road,"25671 Gratiot Avenue, Roseville, MI, 48066",25671 Gratiot Avenue,Roseville,MI,48066,42.485201,-82.9459438,ALDI,active,USA,2378864
24691,Aldi - Web 54 - Saginaw,"6015 State Street, Saginaw, MI, 48603",6015 State Street,Saginaw,MI,48603,43.4360989,-84.035425,ALDI,active,USA,2378872
24692,Aldi - Web 56 - Saginaw,"5275 Bay Road, Saginaw, MI, 48604",5275 Bay Road,Saginaw,MI,48604,43.4839467,-83.975501,ALDI,active,USA,2380584
145247,Aldi - Web 114 - Shelby Township,"14257 Hall Rd, Shelby Township, MI, 48315",14257 Hall Rd,Shelby Township,MI,48315,42.6298925,-82.9843436,ALDI,active,USA,2380251
23531,Aldi - Web 85 - Shelby Township,"47342 Van Dyke Ave, Shelby Township, MI, 48317",47342 Van Dyke Ave,Shelby Township,MI,48317,42.6431177,-83.0313545,ALDI,active,USA,2380133
570559,Aldi - Web 154 - Southfield,"29712 Southfield Rd, Southfield, MI, 48076",29712 Southfield Rd,Southfield,MI,48076,42.5083644,-83.2192707,ALDI,active,USA,2378875
23514,Aldi - Web 71 - Southgate,"17379 Eureka Road, Southgate, MI, 48195",17379 Eureka Road,Southgate,MI,48195,42.1978389,-83.2212464,ALDI,active,USA,2380602
24705,Aldi - Web 6 - South Haven,"04353 73rd Street, South Haven, MI, 49090",04353 73rd Street,South Haven,MI,49090,42.4017021,-86.2497462,ALDI,active,USA,2380622
23522,Aldi - Web 89 - Sterling Heights,"34030 Van Dyke Avenue, Sterling Heights, MI, 48312",34030 Van Dyke Avenue,Sterling Heights,MI,48312,42.5443113,-83.027662,ALDI,active,USA,2380592
145245,Aldi - Web 119 - Stevensville,"5110 Red Arrow Hwy, Stevensville, MI, 49127",5110 Red Arrow Hwy,Stevensville,MI,49127,42.0263099,-86.5203399,ALDI,active,USA,2377968
151247,Aldi - Web 113 - Sturgis,"811 S Centerville Rd, Sturgis, MI, 49091",811 S Centerville Rd,Sturgis,MI,49091,41.7900278,-85.4307925,ALDI,active,USA,2378851
538576,Aldi - Web 149 - Taylor,"23351 Eureka Rd, Taylor, MI, 48180",23351 Eureka Rd,Taylor,MI,48180,42.1950014,-83.2604691,ALDI,active,USA,2378876
34108,Aldi - Web 3 - Three Rivers,"1220 West Broadway, Three Rivers, MI, 49093",1220 West Broadway,Three Rivers,MI,49093,41.9321035,-85.649749,ALDI,active,USA,2377977
24727,Aldi - Web 13 - Traverse City,"3123 W South Airport, Traverse City, MI, 49684",3123 W South Airport,Traverse City,MI,49684,44.7225494,-85.635398,ALDI,active,USA,2380615
23502,Aldi - Web 90 - Troy,"2967 E Big Beaver, Troy, MI, 48083",2967 E Big Beaver,Troy,MI,48083,42.5656222,-83.0899032,ALDI,active,USA,2380597
23508,Aldi - Web 63 - Van Buren Township,"10017 Belleville Rd, Van Buren Township, MI, 48111",10017 Belleville Rd,Van Buren Township,MI,48111,42.2293617,-83.4842746,ALDI,active,USA,2380119
70384,Aldi - Web 16 - Walker,"146 Wilson Ave Nw, Walker, MI, 49534",146 Wilson Ave Nw,Walker,MI,49534,42.9674783,-85.7756548,ALDI,active,USA,2380137
23519,Aldi - Web 98 - Warren,"29475 Mound Rd, Warren, MI, 48092",29475 Mound Rd,Warren,MI,48092,42.5082193,-83.0486971,ALDI,active,USA,2380599
23533,Aldi - Web 65 - Waterford,"5038 Highland Rd, Waterford, MI, 48327",5038 Highland Rd,Waterford,MI,48327,42.6613411,-83.3872019,ALDI,active,USA,2378873
145520,Aldi - Web 7 - West Branch,"2883 Cook Rd, West Branch, MI, 48661",2883 Cook Rd,West Branch,MI,48661,44.253281,-84.22476,ALDI,active,USA,2377972
23512,Aldi - Web 67 - Westland,"707 S Wayne Rd, Westland, MI, 48186",707 S Wayne Rd,Westland,MI,48186,42.3046532,-83.3873689,ALDI,active,USA,2380581
538564,Aldi - Web 157 - Whitehall,"3255 Colby Rd Ste B, Whitehall, MI, 49461",3255 Colby Rd Ste B,Whitehall,MI,49461,43.4074151,-86.3220095,ALDI,active,USA,2378855
137729,Aldi - Web 109 - White Lake,"9054 Highland Rd, White Lake, MI, 48386",9054 Highland Rd,White Lake,MI,48386,42.6588733,-83.4648553,ALDI,active,USA,2380632
23525,Aldi - Web 94 - Wixom,"28971 S Wixom Rd, Wixom, MI, 48393",28971 S Wixom Rd,Wixom,MI,48393,42.5032316,-83.5370852,ALDI,active,USA,2380600
23511,Aldi - Web 60 - Woodhaven,"20076 West Rd, Woodhaven, MI, 48183",20076 West Rd,Woodhaven,MI,48183,42.1416887,-83.2279312,ALDI,active,USA,2380255
23513,Aldi - Web 61 - Wyandotte,"2931 Fort St, Wyandotte, MI, 48192",2931 Fort St,Wyandotte,MI,48192,42.2028826,-83.1795542,ALDI,active,USA,2378880
23950,Aldi - Web 80 - Wyoming,"2840 Clyde Park Ave Sw, Wyoming, MI, 49509",2840 Clyde Park Ave Sw,Wyoming,MI,49509,42.9123219,-85.6846582,ALDI,active,USA,2380619
23953,Aldi - Web 87 - Wyoming,"289 54th Street Sw, Wyoming, MI, 49548",289 54th Street Sw,Wyoming,MI,49548,42.8665373,-85.6711788,ALDI,active,USA,2380210
370139,Aldi - Web 62 - Ypsilanti,"1420 S Huron St, Ypsilanti, MI, 48197",1420 S Huron St,Ypsilanti,MI,48197,42.2205506,-83.6191998,ALDI,active,USA,2378852
40021,Aldi - Web 48 - Ypsilanti,"3299 Carpenter Rd, Ypsilanti, MI, 48197",3299 Carpenter Rd,Ypsilanti,MI,48197,42.2422293,-83.6803935,ALDI,active,USA,2378878
538573,Aldi - Far 153 - Albert Lea,"1406 Blake Avenue, Albert Lea, MN, 56007",1406 Blake Avenue,Albert Lea,MN,56007,43.6596994,-93.3289105,ALDI,active,USA,2378930
24573,Aldi - Far 50 - Alexandria,"600 50th Avenue W, Alexandria, MN, 56308",600 50th Avenue W,Alexandria,MN,56308,45.8450051,-95.3854822,ALDI,active,USA,2378884
7564,Aldi - Far 41 - Apple Valley,"7589 153rd Street W, Apple Valley, MN, 55124",7589 153rd Street W,Apple Valley,MN,55124,44.7285504,-93.2199535,ALDI,active,USA,2380153
24568,Aldi - Far 76 - Austin,"1700 17th Street Nw, Austin, MN, 55912",1700 17th Street Nw,Austin,MN,55912,43.6824576,-92.9966821,ALDI,active,USA,2377981
23945,Aldi - Far 7 - Baxter,"14620 Dellwood Drive N, Baxter, MN, 56425",14620 Dellwood Drive N,Baxter,MN,56425,46.3640209,-94.2425412,ALDI,active,USA,2378915
108404,Aldi - Far 117 - Bemidji,"1313 Paul Bunyan Dr Nw, Bemidji, MN, 56601",1313 Paul Bunyan Dr Nw,Bemidji,MN,56601,47.4936089,-94.898415,ALDI,active,USA,2377980
23328,Aldi - Far 16 - Blaine - Lexington,"10216 Lexington Avenue Ne, Blaine, MN, 55014",10216 Lexington Avenue Ne,Blaine,MN,55014,45.1541581,-93.1640984,ALDI,active,USA,2380301
23333,Aldi - Far 71 - Blaine,"12913 Central Avenue Ne, Blaine, MN, 55434",12913 Central Avenue Ne,Blaine,MN,55434,45.2058995,-93.2329258,ALDI,active,USA,2378919
40024,Aldi - Far 108 - Blaine,"10985 Ulysses Street Ne 200, Blaine, MN, 55434",10985 Ulysses Street Ne 200,Blaine,MN,55434,45.1705817,-93.2363169,ALDI,active,USA,2380168
23238,Aldi - Far 56 - Brooklyn Park,"7600 Brooklyn Boulevard, Brooklyn Park, MN, 55443",7600 Brooklyn Boulevard,Brooklyn Park,MN,55443,45.0930643,-93.3532139,ALDI,active,USA,2380305
27611,Aldi - Far 42 - Burnsville,"1294 County Road 42 W, Burnsville, MN, 55337",1294 County Road 42 W,Burnsville,MN,55337,44.7480697,-93.2953864,ALDI,active,USA,2378896
23963,Aldi - Far 17 - Cambridge,"160 Balsam Street N, Cambridge, MN, 55008",160 Balsam Street N,Cambridge,MN,55008,45.5738602,-93.1980749,ALDI,active,USA,2378933
23234,Aldi - Far 62 - Champlin,"11620 Theatre Drive, Champlin, MN, 55316",11620 Theatre Drive,Champlin,MN,55316,45.164997,-93.3925303,ALDI,active,USA,2378894
39872,Aldi - Far 6 - Chanhassen,"551 W 78th Street, Chanhassen, MN, 55317",551 W 78th Street,Chanhassen,MN,55317,44.8615607,-93.5351553,ALDI,active,USA,2378902
34258,Aldi - Far 28 - Chaska,"1110 Hazeltine Blvd, Chaska, MN, 55318",1110 Hazeltine Blvd,Chaska,MN,55318,44.834489,-93.601078,ALDI,active,USA,2378887
135112,Aldi - Far 101 - Cloquet,"131 Big Lake Road, Cloquet, MN, 55720",131 Big Lake Road,Cloquet,MN,55720,46.7135925,-92.4637527,ALDI,active,USA,2378932
23331,Aldi - Far 4 - Columbia Heights,"5025 Central Avenue, Columbia Heights, MN, 55421",5025 Central Avenue,Columbia Heights,MN,55421,45.0597559,-93.2462609,ALDI,active,USA,2380130
23332,Aldi - Far 70 - Coon Rapids - Springbrook Dr,"8800 Springbrook Drive, Coon Rapids, MN, 55433",8800 Springbrook Drive,Coon Rapids,MN,55433,45.1306864,-93.271722,ALDI,active,USA,2380300
23334,Aldi - Far 86 - Coon Rapids - Northdale Blvd,"3410 Northdale Boulevard, Coon Rapids, MN, 55448",3410 Northdale Boulevard,Coon Rapids,MN,55448,45.2058191,-93.3528652,ALDI,active,USA,2378921
23941,Aldi - Far 14 - Cottage Grove,"9010 Jamaica Avenue South, Cottage Grove, MN, 55016",9010 Jamaica Avenue South,Cottage Grove,MN,55016,44.818793,-92.9321883,ALDI,active,USA,2378910
12224,Aldi - Far 83 - Crystal,"5620 West Broadway, Crystal, MN, 55428",5620 West Broadway,Crystal,MN,55428,45.05523739,-93.36606594,ALDI,active,USA,2380215
139236,Aldi - Far 114 - Detroit Lakes,"1305 Us Hwy 10, Detroit Lakes, MN, 56501",1305 Us Hwy 10,Detroit Lakes,MN,56501,46.826695,-95.869125,ALDI,active,USA,2377987
24092,Aldi - Far 2 - Dilworth,"833 34th Street N, Dilworth, MN, 56529",833 34th Street N,Dilworth,MN,56529,46.88471386,-96.725609,ALDI,active,USA,2378914
24219,Aldi - Far 97 - Duluth,"1724 Mall Drive, Duluth, MN, 55811",1724 Mall Drive,Duluth,MN,55811,46.8058033,-92.1662127,ALDI,active,USA,2378905
23964,Aldi - Far 87 - Dundas,"611 Stafford Road North, Dundas, MN, 55019",611 Stafford Road North,Dundas,MN,55019,44.4298947,-93.191948,ALDI,active,USA,2378898
27624,Aldi - Far 39 - Eagan,"1550 Quarry Road, Eagan, MN, 55122",1550 Quarry Road,Eagan,MN,55122,44.83532,-93.17369,ALDI,active,USA,2380072
23227,Aldi - Far 9 - Eden Prairie,"8595 Columbine Road, Eden Prairie, MN, 55344",8595 Columbine Road,Eden Prairie,MN,55344,44.8480651,-93.439502,ALDI,active,USA,2378885
24063,Aldi - Far 92 - Elk River,"19620 Holt Street, Elk River, MN, 55330",19620 Holt Street,Elk River,MN,55330,45.326859,-93.563275,ALDI,active,USA,2378899
23965,Aldi - Far 88 - Faribault,"300 Park Avenue, Faribault, MN, 55021",300 Park Avenue,Faribault,MN,55021,44.2936724,-93.2938137,ALDI,active,USA,2378920
24576,Aldi - Far 51 - Fergus Falls,"1802 W Lincoln Avenue, Fergus Falls, MN, 56537",1802 W Lincoln Avenue,Fergus Falls,MN,56537,46.2867819,-96.1044453,ALDI,active,USA,2378907
23887,Aldi - Far 12 - Forest Lake,"289 12th Street Sw, Forest Lake, MN, 55025",289 12th Street Sw,Forest Lake,MN,55025,45.2764593,-92.9970617,ALDI,active,USA,2378928
36231,Aldi - Far 96 - Grand Rapids,"85 Se 13th St, Grand Rapids, MN, 55744",85 Se 13th St,Grand Rapids,MN,55744,47.2178467,-93.5271289,ALDI,active,USA,2378924
497925,Aldi - Far 152 - Hibbing,"12060 Highway 169 W, Hibbing, MN, 55746",12060 Highway 169 W,Hibbing,MN,55746,47.398955,-92.957753,ALDI,active,USA,2378922
24563,Aldi - Far 18 - Hutchinson,"1320 Highway 15 S Ste 101, Hutchinson, MN, 55350",1320 Highway 15 S Ste 101,Hutchinson,MN,55350,44.8703979,-94.3781736,ALDI,active,USA,2377988
23229,Aldi - Far 58 - 6520 Cahill Avenue,"6520 Cahill Avenue, Inver Grove Heights, MN, 55076",6520 Cahill Avenue,Inver Grove Heights,MN,55076,44.8543147,-93.0434583,ALDI,active,USA,2378904
27634,Aldi - Far 78 - Inver Grove Heights,"1414 Mendota Road East, Inver Grove Heights, MN, 55077",1414 Mendota Road East,Inver Grove Heights,MN,55077,44.8820866,-93.0789694,ALDI,active,USA,2377985
35695,Aldi - Far 107 - Lakeville,"11542 207th Street West, Lakeville, MN, 55044",11542 207th Street West,Lakeville,MN,55044,44.6484051,-93.299493,ALDI,active,USA,2378892
538561,Aldi - Far 154 - Lino Lakes,"7085 Otter Lake Road, Lino Lakes, MN, 55038",7085 Otter Lake Road,Lino Lakes,MN,55038,45.1633049,-93.0254396,ALDI,active,USA,2380276
23329,Aldi - Far 57 - Little Canada,"2350 Rice Street, Little Canada, MN, 55113",2350 Rice Street,Little Canada,MN,55113,45.0114845,-93.1052944,ALDI,active,USA,2380220
135111,Aldi - Far 91 - Little Falls,"14986 18th Steet Ne, Little Falls, MN, 56345",14986 18th Steet Ne,Little Falls,MN,56345,45.9790011,-94.3337274,ALDI,active,USA,2378890
23889,Aldi - Far 82 - Mahtomedi,"750 Wildwood Road, Mahtomedi, MN, 55115",750 Wildwood Road,Mahtomedi,MN,55115,45.0495847,-92.9805845,ALDI,active,USA,2380202
24220,Aldi - Far 80 - Mankato,"1621 E Madison Avenue, Mankato, MN, 56001",1621 E Madison Avenue,Mankato,MN,56001,44.1661828,-93.9624964,ALDI,active,USA,2378897
23236,Aldi - Far 94 - Maple Grove,"9610 Grove Circle North, Maple Grove, MN, 55369",9610 Grove Circle North,Maple Grove,MN,55369,45.1297825,-93.4820963,ALDI,active,USA,2378889
27639,Aldi - Far 84 - Maplewood,"3000 White Bear Avenue, Maplewood, MN, 55109",3000 White Bear Avenue,Maplewood,MN,55109,45.0322648,-93.0154309,ALDI,active,USA,2380143
136331,Aldi - Far 24 - Marshall,"1400 Boyer Drive, Marshall, MN, 56258",1400 Boyer Drive,Marshall,MN,56258,44.429872,-95.7696506,ALDI,active,USA,2378886
23235,Aldi - Far 10 - Medina,"100 Westfalen Trail, Medina, MN, 55340",100 Westfalen Trail,Medina,MN,55340,45.0424389,-93.5243276,ALDI,active,USA,2378931
12208,Aldi - Far 67 - Minneapolis,"1311 East Franklin Avenue, Minneapolis, MN, 55404",1311 East Franklin Avenue,Minneapolis,MN,55404,44.962219,-93.256199,ALDI,active,USA,2378903
23172,Aldi - Far 106 - Minneapolis - Lake Street,"2929 27th Avenue South, Minneapolis, MN, 55406",2929 27th Avenue South,Minneapolis,MN,55406,44.9495762,-93.232439,ALDI,active,USA,2378909
36684,Aldi - Far 69 - Minneapolis - Uptown 26th & Lyndale Ave S (Under Ground Parking),"2601 Lyndale Ave, Minneapolis, MN, 55408",2601 Lyndale Ave,Minneapolis,MN,55408,44.9553893,-93.2878325,ALDI,active,USA,2378900
12225,Aldi - Far 63 - Minnetonka,"11100 Cedar Lake Road, Minnetonka, MN, 55305",11100 Cedar Lake Road,Minnetonka,MN,55305,44.952914,-93.41934,ALDI,active,USA,2380248
27600,Aldi - Far 27 - Monticello,"9400 Cedar Street, Monticello, MN, 55362",9400 Cedar Street,Monticello,MN,55362,45.286685,-93.802304,ALDI,active,USA,2378901
27644,Aldi - Far 93 - Mounds View,"2537 County Highway 10 Ne, Mounds View, MN, 55112",2537 County Highway 10 Ne,Mounds View,MN,55112,45.1068854,-93.2096612,ALDI,active,USA,2380269
34126,Aldi - Far 81 - New Ulm,"2101 North Highland Ave, New Ulm, MN, 56073",2101 North Highland Ave,New Ulm,MN,56073,44.3272196,-94.4987293,ALDI,active,USA,2378916
370113,Aldi - Far 145 - Oakdale,"3504 Highpoint Drive N, Oakdale, MN, 55128",3504 Highpoint Drive N,Oakdale,MN,55128,44.99983863,-92.95347357,ALDI,active,USA,2380194
23888,Aldi - Far 8 - Oak Park Heights,"13747 60th Street North, Oak Park Heights, MN, 55082",13747 60th Street North,Oak Park Heights,MN,55082,45.035381,-92.826035,ALDI,active,USA,2380138
172948,Aldi - Far 141 - Otsego,"8700 Parkview Ave Ne, Otsego, MN, 55330",8700 Parkview Ave Ne,Otsego,MN,55330,45.2771851,-93.5664954,ALDI,active,USA,2380179
24561,Aldi - Far 13 - Owatonna,"2414 Hoffman Drive, Owatonna, MN, 55060",2414 Hoffman Drive,Owatonna,MN,55060,44.0961978,-93.2575768,ALDI,active,USA,2377982
172963,Aldi - Far 142 - Park Rapids,"1310 1st St E, Park Rapids, MN, 56470",1310 1st St E,Park Rapids,MN,56470,46.922708,-95.033108,ALDI,active,USA,2378917
480575,Aldi - Far 148 - Pine City,"100 Evergreen Sq Sw, Pine City, MN, 55063",100 Evergreen Sq Sw,Pine City,MN,55063,45.8186697,-92.9801346,ALDI,active,USA,2378893
37104,Aldi - Far 102 - Princeton - 1911 5th St North Princeton,"1911 5th Street North, Princeton, MN, 55371",1911 5th Street North,Princeton,MN,55371,45.574436,-93.603304,ALDI,active,USA,2378925
178406,Aldi - Far 143 - Ramsey,"7992 Sunwood Drive Nw, Ramsey, MN, 55303",7992 Sunwood Drive Nw,Ramsey,MN,55303,45.236849,-93.468703,ALDI,active,USA,2378906
24562,Aldi - Far 55 - Red Wing,"160 Tyler Road N, Red Wing, MN, 55066",160 Tyler Road N,Red Wing,MN,55066,44.5702007,-92.5866186,ALDI,active,USA,2378929
12184,Aldi - Far 65 - Richfield - Penn Ave S,"6310 Penn Avenue South, Richfield, MN, 55423",6310 Penn Avenue South,Richfield,MN,55423,44.8886854,-93.3093857,ALDI,active,USA,2380288
36683,Aldi - Far 103 - Richfield - 860 W. St,"860 West 78th Street Shops At Lyndale, Richfield, MN, 55423",860 West 78th Street Shops At Lyndale,Richfield,MN,55423,44.863017,-93.291167,ALDI,active,USA,2380270
23052,Aldi - Far 77 - Rochester - North,"2215 Commerce Drive Northwest, Rochester, MN, 55901",2215 Commerce Drive Northwest,Rochester,MN,55901,44.047314,-92.5195611,ALDI,active,USA,2377984
27630,Aldi - Far 75 - Rochester - South Broadway,"1201 South Broadway Suite 220, Rochester, MN, 55904",1201 South Broadway Suite 220,Rochester,MN,55904,44.0052729,-92.4654366,ALDI,active,USA,2378918
22252,Aldi - Far 61 - Rosemount,"14995 Robert Trail South, Rosemount, MN, 55068",14995 Robert Trail South,Rosemount,MN,55068,44.7323755,-93.1289644,ALDI,active,USA,2378908
23330,Aldi - Far 15 - Roseville - Twin Lakes - Pkwy,"2005 Twin Lakes Parkway, Roseville, MN, 55113",2005 Twin Lakes Parkway,Roseville,MN,55113,45.02233497,-93.18666235,ALDI,active,USA,2380308
70373,Aldi - Far 104 - Roseville - Larpenteur Ave,"1161 Larpenteur Avenue West, Roseville, MN, 55113",1161 Larpenteur Avenue West,Roseville,MN,55113,44.9928628,-93.1488297,ALDI,active,USA,2380304
23171,Aldi - Far 66 - Saint Paul - University Ave. W,"1134 University Avenue West, Saint Paul, MN, 55104",1134 University Avenue West,Saint Paul,MN,55104,44.9554526,-93.1486141,ALDI,active,USA,2378888
23336,Aldi - Far 60 - Saint Paul - Suburban Ave,"2005 Suburban Avenue, Saint Paul, MN, 55119",2005 Suburban Avenue,Saint Paul,MN,55119,44.9502,-93.015755,ALDI,active,USA,2378891
174359,Aldi - Far 140 - Sartell,"32752 River Oaks Lane, Sartell, MN, 56303",32752 River Oaks Lane,Sartell,MN,56303,45.59751,-94.190125,ALDI,active,USA,2378895
12226,Aldi - Far 52 - Shakopee,"7845 Old Carriage Court, Shakopee, MN, 55379",7845 Old Carriage Court,Shakopee,MN,55379,44.7760417,-93.4191586,ALDI,active,USA,2377983
39967,Aldi - Far 32 - St. Louis Park,"8950 Highway 7, St Louis Park, MN, 55426",8950 Highway 7,St Louis Park,MN,55426,44.937637,-93.392724,ALDI,active,USA,2380136
40016,Aldi - Far 105 - St. Paul - 7th St. W,"2481 7th Street West, St Paul, MN, 55116",2481 7th Street West,St Paul,MN,55116,44.90205,-93.170771,ALDI,active,USA,2378913
40140,Aldi - Far 37 - St. Paul - Clarence St,"1160 Clarence Street, St Paul, MN, 55106",1160 Clarence Street,St Paul,MN,55106,44.9760257,-93.0427623,ALDI,active,USA,2378926
135114,"Aldi - Far 95 - Virginia, Mn","1414 S 12th Ave W Ste C, Virginia, MN, 55792",1414 S 12th Ave W Ste C,Virginia,MN,55792,47.5113494,-92.5514901,ALDI,active,USA,2378923
31260,Aldi - Far 26 - Waconia,"10620 10th Street W, Waconia, MN, 55387",10620 10th Street W,Waconia,MN,55387,44.8391325,-93.7957498,ALDI,active,USA,2378912
24575,Aldi - Far 90 - Waite Park,"256 2nd Street South, Waite Park, MN, 56387",256 2nd Street South,Waite Park,MN,56387,45.5488588,-94.220395,ALDI,active,USA,2377986
24571,Aldi - Far 19 - Willmar,"495 19th Avenue Se, Willmar, MN, 56201",495 19th Avenue Se,Willmar,MN,56201,45.10349,-95.038075,ALDI,active,USA,2378927
109769,Aldi - Far 119 - Winona,"1443 Service Dr, Winona, MN, 55987",1443 Service Dr,Winona,MN,55987,44.0466748,-91.6772122,ALDI,active,USA,2378911
23337,Aldi - Far 11 - Woodbury,"8472 Tamarack Bay, Woodbury, MN, 55125",8472 Tamarack Bay,Woodbury,MN,55125,44.9381994,-92.9363784,ALDI,active,USA,2380167
23381,Aldi - Ofa 10 - Arnold,"2154 Michigan Avenue, Arnold, MO, 63010",2154 Michigan Avenue,Arnold,MO,63010,38.43943,-90.379634,ALDI,active,USA,2377999
23366,"Aldi - Ofa 21 - Manchester, Mo","14654 Manchester, Ballwin, MO, 63011",14654 Manchester,Ballwin,MO,63011,38.591187,-90.531006,ALDI,active,USA,2377991
23378,Aldi - Ofa 6 - Bellefontaine Neighbors,"10800 Bellefontaine Road, Bellefontaine Neighbors, MO, 63137",10800 Bellefontaine Road,Bellefontaine Neighbors,MO,63137,38.7677742,-90.2198737,ALDI,active,USA,2380312
23707,Aldi - Ola 55 - Belton,"1011 E North Avenue, Belton, MO, 64012",1011 E North Avenue,Belton,MO,64012,38.8129756,-94.517825,ALDI,active,USA,2378976
11000,Aldi - Ola 81 - Blue Springs,"530 S 7 Hwy, Blue Springs, MO, 64014",530 S 7 Hwy,Blue Springs,MO,64014,39.0132057,-94.2713969,ALDI,active,USA,2378990
24632,Aldi - Ola 80 - Bolivar,"700 E San Martin, Bolivar, MO, 65613",700 E San Martin,Bolivar,MO,65613,37.593148,-93.4056403,ALDI,active,USA,2378988
109755,Aldi - Ola 3 - Branson,"1231 Branson Hills Parkway, Branson, MO, 65616",1231 Branson Hills Parkway,Branson,MO,65616,36.6737723,-93.230307,ALDI,active,USA,2378935
23374,Aldi - Ofa 38 - Bridgeton,"12290 St Charles Rock Road, Bridgeton, MO, 63044",12290 St Charles Rock Road,Bridgeton,MO,63044,38.7527905,-90.4300181,ALDI,active,USA,2378967
24624,Aldi - Ola 65 - Carthage,"2442 S Grand Ave, Carthage, MO, 64836",2442 S Grand Ave,Carthage,MO,64836,37.146063,-94.309339,ALDI,active,USA,2378003
23365,Aldi - Ofa 49 - Chesterfield,"300 Thf Blvd, Chesterfield, MO, 63005",300 Thf Blvd,Chesterfield,MO,63005,38.6659222,-90.6037817,ALDI,active,USA,2378989
24629,Aldi - Ola 112 - Clinton,"612 South Pawnee Street, Clinton, MO, 64735",612 South Pawnee Street,Clinton,MO,64735,38.3635564,-93.7549266,ALDI,active,USA,2378964
145234,Aldi - Ofa 70 - Columbia,"101 Conley Rd, Columbia, MO, 65201",101 Conley Rd,Columbia,MO,65201,38.951469,-92.2965902,ALDI,active,USA,2378941
23647,Aldi - Ofa 86 - Columbia,"1000 East Green Meadows Road, Columbia, MO, 65201",1000 East Green Meadows Road,Columbia,MO,65201,38.9124733,-92.3268615,ALDI,active,USA,2378002
23648,Aldi - Ofa 84 - Columbia,"807 Business Loop 70 West, Columbia, MO, 65203",807 Business Loop 70 West,Columbia,MO,65203,38.96608,-92.34943,ALDI,active,USA,2378979
23180,Aldi - Ofa 44 - Crestwood,"311 Watson Square, Crestwood, MO, 63126",311 Watson Square,Crestwood,MO,63126,38.5583356,-90.3889333,ALDI,active,USA,2380330
23368,Aldi - Ofa 29 - Creve Coeur,"11745 Olive Blvd, Creve Coeur, MO, 63141",11745 Olive Blvd,Creve Coeur,MO,63141,38.6711353,-90.4424271,ALDI,active,USA,2380190
23575,Aldi - Ofa 11 - Crystal City,"700 South Truman Blvd, Crystal City, MO, 63019",700 South Truman Blvd,Crystal City,MO,63019,38.2110204,-90.39282676,ALDI,active,USA,2378936
370129,Aldi - Ofa 89 - Desloge,"402 N State St, Desloge, MO, 63601",402 N State St,Desloge,MO,63601,37.882236,-90.510932,ALDI,active,USA,2380074
23367,Aldi - Ofa 41 - Des Peres,"12145 Manchester Road, Des Peres, MO, 63131",12145 Manchester Road,Des Peres,MO,63131,38.6038903,-90.4386636,ALDI,active,USA,2380257
34927,Aldi - Ofa 12 - Ellisville,"15907 Manchester Road, Ellisville, MO, 63011",15907 Manchester Road,Ellisville,MO,63011,38.5943091,-90.5874169,ALDI,active,USA,2378952
495548,Aldi - Ofa 104 - Eureka,"1421 W 5th St, Eureka, MO, 63025",1421 W 5th St,Eureka,MO,63025,38.5048,-90.6518266,ALDI,active,USA,2378995
30031,"Aldi - Ola 56 - Excelsior Springs, Mo","2351 Vintage Drive, Excelsior Springs, MO, 64024",2351 Vintage Drive,Excelsior Springs,MO,64024,39.3335142,-94.2653052,ALDI,active,USA,2378981
24062,Aldi - Ofa 3 - Farmington,"787 Maple Valley Drive, Farmington, MO, 63640",787 Maple Valley Drive,Farmington,MO,63640,37.7922758,-90.4385195,ALDI,active,USA,2379002
23382,Aldi - Ofa 4 - Fenton,"60 Fenton Plaza, Fenton, MO, 63026",60 Fenton Plaza,Fenton,MO,63026,38.5117816,-90.4421888,ALDI,active,USA,2378972
23376,Aldi - Ofa 39 - Ferguson,"21 Adams Avenue, Ferguson, MO, 63135",21 Adams Avenue,Ferguson,MO,63135,38.7422363,-90.3030295,ALDI,active,USA,2380331
23372,Aldi - Ofa 37 - Florissant,"11296 W Florissant, Florissant, MO, 63033",11296 W Florissant,Florissant,MO,63033,38.7740326,-90.278874,ALDI,active,USA,2378954
23373,Aldi - Ofa 32 - Florissant,"2505 North Highway 67, Florissant, MO, 63033",2505 North Highway 67,Florissant,MO,63033,38.8056587,-90.3068738,ALDI,active,USA,2378940
380651,Aldi - Ofa 88 - Florissant,"240 Howdershell Road, Florissant, MO, 63031",240 Howdershell Road,Florissant,MO,63031,38.807137,-90.360634,ALDI,active,USA,2378996
396443,Aldi - Ofa 102 - Fulton,"1503 North Bluff St, Fulton, MO, 65251",1503 North Bluff St,Fulton,MO,65251,38.8613983,-91.9439614,ALDI,active,USA,2377990
23645,Aldi - Ofa 98 - Cape Girardeau,"2145 Independence Cape, Girardeau, MO, 63703",2145 Independence Cape,Girardeau,MO,63703,37.3059634,-89.5504265,ALDI,active,USA,2378987
24616,Aldi - Ofa 20 - Hannibal,"4419 Mcmasters Avenue, Hannibal, MO, 63401",4419 Mcmasters Avenue,Hannibal,MO,63401,39.7223679,-91.3947923,ALDI,active,USA,2378997
122278,Aldi - Ola 2 - Harrisonville,"1801 W Mechanic Street, Harrisonville, MO, 64701",1801 W Mechanic Street,Harrisonville,MO,64701,38.6543136,-94.3625895,ALDI,active,USA,2378985
92461,Aldi - Ofa 68 - High Ridge,"1023 Crossroads Place, High Ridge, MO, 63049",1023 Crossroads Place,High Ridge,MO,63049,38.4629399,-90.5285885,ALDI,active,USA,2378953
10992,Aldi - Ola 58 - Independence,"16007 East 23rd St S, Independence, MO, 64055",16007 East 23rd St S,Independence,MO,64055,39.0776468,-94.3881861,ALDI,active,USA,2378939
10993,Aldi - Ola 61 - Independence,"11004 E Us Hwy 40, Independence, MO, 64055",11004 E Us Hwy 40,Independence,MO,64055,39.0508095,-94.4488423,ALDI,active,USA,2379004
164222,Aldi - Ofa 79 - Jackson,"2502 E Jackson Blvd, Jackson, MO, 63755",2502 E Jackson Blvd,Jackson,MO,63755,37.367889,-89.639979,ALDI,active,USA,2378945
30029,"Aldi - Ofa 85 - Jefferson City, Mo","2225 Missouri Blvd, Jefferson City, MO, 65109",2225 Missouri Blvd,Jefferson City,MO,65109,38.5801537,-92.2102172,ALDI,active,USA,2378934
23377,Aldi - Ofa 55 - Jennings,"8445 Lucas And Hunt Road, Jennings, MO, 63136",8445 Lucas And Hunt Road,Jennings,MO,63136,38.727804,-90.272374,ALDI,active,USA,2380332
24623,Aldi - Ola 97 - Joplin,"3205 E 20th St, Joplin, MO, 64801",3205 E 20th St,Joplin,MO,64801,37.0700556,-94.4755434,ALDI,active,USA,2377998
92460,Aldi - Ola 35 - Joplin,"2630 S Mcclelland Blvd, Joplin, MO, 64804",2630 S Mcclelland Blvd,Joplin,MO,64804,37.0615084,-94.5326684,ALDI,active,USA,2378966
10994,Aldi - Ola 91 - Kansas City,"6300 Independence Ave, Kansas City, MO, 64125",6300 Independence Ave,Kansas City,MO,64125,39.1054214,-94.5078248,ALDI,active,USA,2378984
10995,Aldi - Ola 32 - Kansas City,"8251 N Oxford St, Kansas City, MO, 64158",8251 N Oxford St,Kansas City,MO,64158,39.242501,-94.4659975,ALDI,active,USA,2378982
10996,Aldi - Ola 31 - Kansas City,"721 The Paseo, Kansas City, MO, 64106",721 The Paseo,Kansas City,MO,64106,39.104549,-94.563047,ALDI,active,USA,2379003
10997,Aldi - Ola 26 - Kansas City,"8780 N Ambassador Dr, Kansas City, MO, 64154",8780 N Ambassador Dr,Kansas City,MO,64154,39.2571163,-94.6504434,ALDI,active,USA,2378993
10998,Aldi - Ola 92 - Kansas City,"3830 Prospect Ave, Kansas City, MO, 64128",3830 Prospect Ave,Kansas City,MO,64128,39.0562884,-94.5542116,ALDI,active,USA,2378946
10999,Aldi - Ola 62 - Kansas City,"7604 N Oak Trafficway, Kansas City, MO, 64118",7604 N Oak Trafficway,Kansas City,MO,64118,39.2323022,-94.5775796,ALDI,active,USA,2378957
11001,Aldi - Ola 49 - Kansas City,"7511 Wornall Rd, Kansas City, MO, 64114",7511 Wornall Rd,Kansas City,MO,64114,38.9914057,-94.5926004,ALDI,active,USA,2377995
11002,Aldi - Ola 78 - Kansas City,"6415 Troost Ave, Kansas City, MO, 64131",6415 Troost Ave,Kansas City,MO,64131,39.0103487,-94.5736868,ALDI,active,USA,2378949
11003,Aldi - Ola 64 - Kansas City,"10475 Blue Ridge Blvd, Kansas City, MO, 64134",10475 Blue Ridge Blvd,Kansas City,MO,64134,38.9341936,-94.5070389,ALDI,active,USA,2378991
139118,Aldi - Ola 103 - Kansas City,"6238 North Chatham Ave, Kansas City, MO, 64151",6238 North Chatham Ave,Kansas City,MO,64151,39.2089816,-94.6446647,ALDI,active,USA,2377992
172953,Aldi - Ola 108 - Kansas City,"4851 N Oak Trafficway, Kansas City, MO, 64118",4851 N Oak Trafficway,Kansas City,MO,64118,39.184179,-94.5741562,ALDI,active,USA,2378955
24617,Aldi - Ofa 74 - Kirksville,"2115 N Baltimore, Kirksville, MO, 63501",2115 N Baltimore,Kirksville,MO,63501,40.21404269,-92.58372462,ALDI,active,USA,2378973
33684,Aldi - Ofa 51 - Kirkwood,"1125 S Kirkwood Rd, Kirkwood, MO, 63122",1125 S Kirkwood Rd,Kirkwood,MO,63122,38.5652975,-90.4083212,ALDI,active,USA,2380311
144409,Aldi - Ofa 72 - Lake Ozark,"800 Kestrel Lane, Lake Ozark, MO, 65049",800 Kestrel Lane,Lake Ozark,MO,65049,38.1758006,-92.6140299,ALDI,active,USA,2377996
23135,Aldi - Ofa 7 - Lake St. Louis,"464 Hawk Ridge Trail, Lake St Louis, MO, 63367",464 Hawk Ridge Trail,Lake St Louis,MO,63367,38.766391,-90.781047,ALDI,active,USA,2378958
24631,Aldi - Ola 15 - Lebanon,"668 S Jefferson, Lebanon, MO, 65536",668 S Jefferson,Lebanon,MO,65536,37.6759346,-92.6565451,ALDI,active,USA,2378943
11004,Aldi - Ola 57 - Lee's Summit - Oldham Parkway,"600 Se Oldham Pkwy, Lee's Summit, MO, 64081",600 Se Oldham Pkwy,Lee's Summit,MO,64081,38.901085,-94.362154,ALDI,active,USA,2378968
68618,Aldi - Ola 6 - Lee's Summit - Chipman Road,"560 Nw Chipman Rd, Lee's Summit, MO, 64086",560 Nw Chipman Rd,Lee's Summit,MO,64086,38.9272576,-94.392515,ALDI,active,USA,2378971
23182,Aldi - Ofa 47 - Maplewood,"7725 Manchester Road, Maplewood, MO, 63143",7725 Manchester Road,Maplewood,MO,63143,38.6135621,-90.3274523,ALDI,active,USA,2380282
32354,Aldi - Ola 68 - Marshall,"975 West College Ave, Marshall, MO, 65340",975 West College Ave,Marshall,MO,65340,39.1099588,-93.2124118,ALDI,active,USA,2378937
179088,Aldi - Ofa 80 - Maryland Heights,"12632 Dorsett Road, Maryland Heights, MO, 63043",12632 Dorsett Road,Maryland Heights,MO,63043,38.713604,-90.45563,ALDI,active,USA,2378947
147893,Aldi - Ofa 83 - Mexico,"2875 S Clark St, Mexico, MO, 65265",2875 S Clark St,Mexico,MO,65265,39.1466857,-91.8916532,ALDI,active,USA,2378965
24627,Aldi - Ofa 82 - Moberly,"400 Hwy 24 East, Moberly, MO, 65270",400 Hwy 24 East,Moberly,MO,65270,39.441151,-92.43114,ALDI,active,USA,2378005
24625,Aldi - Ola 34 - Neosho,"2551 Lusk Drive, Neosho, MO, 64850",2551 Lusk Drive,Neosho,MO,64850,36.8423,-94.39423,ALDI,active,USA,2378978
24633,Aldi - Ola 36 - Nixa,"310 N Old Wilderness Rd, Nixa, MO, 65714",310 N Old Wilderness Rd,Nixa,MO,65714,37.046403,-93.30424,ALDI,active,USA,2378951
23384,Aldi - Ofa 23 - O'fallon,"8615 Veteran's Memorial Dr, O'fallon, MO, 63366",8615 Veteran's Memorial Dr,O'fallon,MO,63366,38.8009014,-90.697546,ALDI,active,USA,2378970
400185,Aldi - Ofa 103 - Olivette,"9175 Olive Xing, Olivette, MO, 63132",9175 Olive Xing,Olivette,MO,63132,38.6733515,-90.3654842,ALDI,active,USA,2380109
538560,Aldi - Ola 116 - Ozark,"1979 W Waverly St, Ozark, MO, 65721",1979 W Waverly St,Ozark,MO,65721,37.0054981,-93.220715,ALDI,active,USA,2378974
164220,Aldi - Ofa 78 - Perryville,"300 N Perryville Blvd, Perryville, MO, 63775",300 N Perryville Blvd,Perryville,MO,63775,37.729466,-89.8841457,ALDI,active,USA,2378977
24620,Aldi - Ofa 34 - Poplar Bluff,"601 North Westwood, Poplar Bluff, MO, 63901",601 North Westwood,Poplar Bluff,MO,63901,36.76229347,-90.41043638,ALDI,active,USA,2377997
11005,Aldi - Ola 93 - Raytown,"9215 E 350 Hwy, Raytown, MO, 64133",9215 E 350 Hwy,Raytown,MO,64133,38.99425011,-94.47324487,ALDI,active,USA,2380256
24634,Aldi - Ola 33 - Republic,"1434 Us Highway 60 East, Republic, MO, 65738",1434 Us Highway 60 East,Republic,MO,65738,37.132305,-93.456615,ALDI,active,USA,2378994
156006,Aldi - Ofa 66 - Rock Hill,"9530 Manchester Rd, Rock Hill, MO, 63119",9530 Manchester Rd,Rock Hill,MO,63119,38.6076984,-90.3642458,ALDI,active,USA,2380141
24630,Aldi - Ofa 58 - Rolla,"500 Hwy 72 W, Rolla, MO, 65401",500 Hwy 72 W,Rolla,MO,65401,37.943023,-91.7751067,ALDI,active,USA,2378006
380649,Aldi - Ofa 87 - Saint Louis,"13047 Butler Crest Drive, Saint Louis, MO, 63128",13047 Butler Crest Drive,Saint Louis,MO,63128,38.4933811,-90.3807457,ALDI,active,USA,2379001
24628,Aldi - Ola 88 - Sedalia,"3701 W Broadway, Sedalia, MO, 65301",3701 W Broadway,Sedalia,MO,65301,38.7110979,-93.2754561,ALDI,active,USA,2378000
23177,Aldi - Ofa 45 - Shrewsbury,"7369 Watson Road, Shrewsbury, MO, 63119",7369 Watson Road,Shrewsbury,MO,63119,38.5812226,-90.3243867,ALDI,active,USA,2380259
24618,Aldi - Ofa 94 - Sikeston,"1045 South Main, Sikeston, MO, 63801",1045 South Main,Sikeston,MO,63801,36.866856,-89.581612,ALDI,active,USA,2378998
24636,Aldi - Ola 72 - Springfield,"1645 E Kearney, Springfield, MO, 65803",1645 E Kearney,Springfield,MO,65803,37.2409725,-93.2639812,ALDI,active,USA,2377993
24637,Aldi - Ola 67 - Springfield,"421 E Battlefield, Springfield, MO, 65807",421 E Battlefield,Springfield,MO,65807,37.1608915,-93.2903535,ALDI,active,USA,2378992
39870,Aldi - Ola 101 - Springfield,"2847 E Sunshine Street, Springfield, MO, 65804",2847 E Sunshine Street,Springfield,MO,65804,37.181394,-93.2380057,ALDI,active,USA,2377994
10049,Aldi - Ofa 42 - St. Ann,"10680 St Charles Rock Road, St Ann, MO, 63074",10680 St Charles Rock Road,St Ann,MO,63074,38.731712,-90.391067,ALDI,active,USA,2378961
156081,Aldi - Ofa 67 - St. Charles,"1095 Regency Parkway, St Charles, MO, 63303",1095 Regency Parkway,St Charles,MO,63303,38.783237,-90.5297142,ALDI,active,USA,2378986
23383,Aldi - Ofa 30 - St. Charles,"1335 Bass Pro Drive, St Charles, MO, 63301",1335 Bass Pro Drive,St Charles,MO,63301,38.7723355,-90.4952959,ALDI,active,USA,2378963
23708,Aldi - Ola 77 - St. Joseph - North Belt Hwy And Cook Road,"4132 N Belt, St Joseph, MO, 64506",4132 N Belt,St Joseph,MO,64506,39.807277,-94.816668,ALDI,active,USA,2378950
36380,Aldi - Ola 16 - St. Joseph - South Belt Hwy And Pear Street,"3201 South Belt Hwy, St Joseph, MO, 64503",3201 South Belt Hwy,St Joseph,MO,64503,39.7361954,-94.7999025,ALDI,active,USA,2378999
23174,Aldi - Ofa 54 - St. Louis,"702 N Kingshighway, St Louis, MO, 63108",702 N Kingshighway,St Louis,MO,63108,38.6521189,-90.2617842,ALDI,active,USA,2380329
23175,Aldi - Ofa 19 - St. Louis,"6601 Gravois, St Louis, MO, 63116",6601 Gravois,St Louis,MO,63116,38.5729357,-90.2826015,ALDI,active,USA,2378948
23178,Aldi - Ofa 56 - St. Louis,"11185 S Towne Square, St Louis, MO, 63123",11185 S Towne Square,St Louis,MO,63123,38.5143086,-90.3397612,ALDI,active,USA,2378942
23179,Aldi - Ofa 26 - St. Louis,"1033 Lemay Ferry, St Louis, MO, 63125",1033 Lemay Ferry,St Louis,MO,63125,38.5348051,-90.287172,ALDI,active,USA,2379000
23375,Aldi - Ofa 48 - St. Louis,"3616 Natural Bridge, St Louis, MO, 63107",3616 Natural Bridge,St Louis,MO,63107,38.6608998,-90.2179647,ALDI,active,USA,2378938
35564,Aldi - Ofa 57 - St. Louis,"3865 Gravois Ave, St Louis, MO, 63116",3865 Gravois Ave,St Louis,MO,63116,38.59319,-90.250289,ALDI,active,USA,2378969
23385,Aldi - Ofa 46 - St. Peters,"1665 Jungermann, St Peters, MO, 63376",1665 Jungermann,St Peters,MO,63376,38.7437558,-90.5913369,ALDI,active,USA,2380073
23386,Aldi - Ofa 31 - St. Peters,"343 MId Rivers Drive, St Peters, MO, 63376",343 MId Rivers Drive,St Peters,MO,63376,38.7911557,-90.6258049,ALDI,active,USA,2378944
178398,Aldi - Ofa 81 - St. Robert,"477 Vfw Memorial Drive, St Robert, MO, 65584",477 Vfw Memorial Drive,St Robert,MO,65584,37.8129191,-92.1427697,ALDI,active,USA,2378001
24613,Aldi - Ofa 16 - Sullivan,"320 Park Ridge Road, Sullivan, MO, 63080",320 Park Ridge Road,Sullivan,MO,63080,38.2208355,-91.1569712,ALDI,active,USA,2378960
24614,Aldi - Ofa 35 - Troy,"6 The Plaza, Troy, MO, 63379",6 The Plaza,Troy,MO,63379,38.9853513,-90.9808563,ALDI,active,USA,2377989
144396,Aldi - Ofa 69 - Twin Oaks,"1144 Meramec Station Road, Twin Oaks, MO, 63021",1144 Meramec Station Road,Twin Oaks,MO,63021,38.56853,-90.49535,ALDI,active,USA,2378975
145233,Aldi - Ofa 61 - Union,"1631 Denmark Road, Union, MO, 63084",1631 Denmark Road,Union,MO,63084,38.4319242,-90.9679222,ALDI,active,USA,2379005
23181,Aldi - Ofa 43 - University City,"7701 Olive Blvd, University City, MO, 63130",7701 Olive Blvd,University City,MO,63130,38.673049,-90.3367819,ALDI,active,USA,2380206
24621,Aldi - Ola 70 - Warrensburg,"1115 N Simpson Drive, Warrensburg, MO, 64093",1115 N Simpson Drive,Warrensburg,MO,64093,38.782426,-93.736802,ALDI,active,USA,2378956
24615,Aldi - Ofa 63 - Warrenton,"531 Anwijo Way, Warrenton, MO, 63383",531 Anwijo Way,Warrenton,MO,63383,38.8247444,-91.1383755,ALDI,active,USA,2378959
23576,Aldi - Ofa 5 - Washington,"3142 Phoenix Center Dr, Washington, MO, 63090",3142 Phoenix Center Dr,Washington,MO,63090,38.5357575,-90.9801721,ALDI,active,USA,2378983
23387,Aldi - Ofa 24 - Wentzville,"150 Crossroads Drive South, Wentzville, MO, 63385",150 Crossroads Drive South,Wentzville,MO,63385,38.811696,-90.877383,ALDI,active,USA,2378962
24635,Aldi - Ofa 2 - West Plains,"1210 Missouri Ave, West Plains, MO, 65775",1210 Missouri Ave,West Plains,MO,65775,36.7431554,-91.8703275,ALDI,active,USA,2378980
391319,Aldi - Lox 38 - Brookhaven,"840 Brookway Blvd, Brookhaven, MS, 39601",840 Brookway Blvd,Brookhaven,MS,39601,31.580345,-90.462956,ALDI,active,USA,2379022
30575,Aldi - Mtj 59 - Corinth,"1825 South Harper Road, Corinth, MS, 38834",1825 South Harper Road,Corinth,MS,38834,34.9146611,-88.499433,ALDI,active,USA,2379010
396453,Aldi - Lox 153 - Diberville,"10511 D'iberville Blvd, D'iberville, MS, 39540",10511 D'iberville Blvd,D'iberville,MS,39540,30.4391466,-88.8981917,ALDI,active,USA,2379021
156010,Aldi - Lox 70 - Flowood,"101 Primos Rd, Flowood, MS, 39232",101 Primos Rd,Flowood,MS,39232,32.3541719,-90.0208241,ALDI,active,USA,2379017
480552,Aldi - Lox 211 - Gulfport,"11312 H Hwy 49, Gulfport, MS, 39503",11312 H Hwy 49,Gulfport,MS,39503,30.4508419,-89.0977666,ALDI,active,USA,2379019
172966,Aldi - Lox 89 - Hattiesburg,"6042 Us Hwy 98, Hattiesburg, MS, 39402",6042 Us Hwy 98,Hattiesburg,MS,39402,31.321478,-89.3770142,ALDI,active,USA,2379007
92455,Aldi - Mtj 76 - Horn Lake (Goodman Rd W. And Horn Lake Rd),"4065 Goodman Road West, Horn Lake, MS, 38637",4065 Goodman Road West,Horn Lake,MS,38637,34.9626652,-90.0623998,ALDI,active,USA,2379008
480548,Aldi - Lox 147 - Long Beach,"109 North Cleveland Ave, Long Beach, MS, 39560",109 North Cleveland Ave,Long Beach,MS,39560,30.353584,-89.1487188,ALDI,active,USA,2379009
144416,Aldi - Lox 88 - Mccomb,"1724 Veterans Blvd, Mccomb, MS, 39648",1724 Veterans Blvd,Mccomb,MS,39648,31.2622904,-90.4775169,ALDI,active,USA,2379020
144454,Aldi - Lox 76 - Meridian,"131 South Frontage Rd, Meridian, MS, 39301",131 South Frontage Rd,Meridian,MS,39301,32.3642398,-88.671652,ALDI,active,USA,2379016
570552,Aldi - Lox 175 - Meridian,"5100 Hwy 39 N, Meridian, MS, 39301",5100 Hwy 39 N,Meridian,MS,39301,32.4124181,-88.6769583,ALDI,active,USA,2380325
143705,Aldi - Lox 48 - Ocean Springs,"3801 Bienville Blvd, Ocean Springs, MS, 39564",3801 Bienville Blvd,Ocean Springs,MS,39564,30.4109812,-88.7650257,ALDI,active,USA,2379015
480564,Aldi - Lox 248 - Ocean Springs,"1515 Bienville Boulevard, Ocean Springs, MS, 39564",1515 Bienville Boulevard,Ocean Springs,MS,39564,30.4172711,-88.8174692,ALDI,active,USA,2379023
24413,Aldi - Mtj 73 - Olive Branch,"6626 Goodman Rd, Olive Branch, MS, 38654",6626 Goodman Rd,Olive Branch,MS,38654,34.9629121,-89.8726561,ALDI,active,USA,2379012
177958,Aldi - Lox 53 - Pascagoula,"3809 Denny Avenue, Pascagoula, MS, 39581",3809 Denny Avenue,Pascagoula,MS,39581,30.3818782,-88.5220732,ALDI,active,USA,2379006
396668,Aldi - Lox 8 - Ridgeland,"750 Highland Colony Pkwy, Ridgeland, MS, 39157",750 Highland Colony Pkwy,Ridgeland,MS,39157,32.4222383,-90.1490518,ALDI,active,USA,2379014
24414,Aldi - Mtj 67 - Southaven,"7051 Sleepy Hollow Dr, Southaven, MS, 38671",7051 Sleepy Hollow Dr,Southaven,MS,38671,34.9634952,-89.9968671,ALDI,active,USA,2379011
144417,Aldi - Lox 75 - Starkville,"671 Hwy 12 West, Starkville, MS, 39759",671 Hwy 12 West,Starkville,MS,39759,33.453842,-88.830175,ALDI,active,USA,2379018
24415,Aldi - Mtj 61 - Tupelo,"3990 N Gloster St, Tupelo, MS, 38804",3990 N Gloster St,Tupelo,MS,38804,34.3135187,-88.7061186,ALDI,active,USA,2379013
21590,Aldi - Sby 152 - Aberdeen,"1500 North Sandhills Boulevard, Aberdeen, NC, 28315",1500 North Sandhills Boulevard,Aberdeen,NC,28315,35.1521591,-79.4159773,ALDI,active,USA,2379033
24357,Aldi - Sby 7 - Albemarle,"1920 E Main Street, Albemarle, NC, 28001",1920 E Main Street,Albemarle,NC,28001,35.3478106,-80.1637465,ALDI,active,USA,2379111
23931,Aldi - Sby 153 - Apex,"1770 West Williams Street, Apex, NC, 27523",1770 West Williams Street,Apex,NC,27523,35.7593672,-78.8748736,ALDI,active,USA,2379027
23587,Aldi - Jef 72 - Arden,"330 Airport Road, Arden, NC, 28704",330 Airport Road,Arden,NC,28704,35.450776,-82.5289837,ALDI,active,USA,2379076
24352,Aldi - Sby 43 - Asheboro,"1318 E Dixie Dr, Asheboro, NC, 27203",1318 E Dixie Dr,Asheboro,NC,27203,35.6964176,-79.7877762,ALDI,active,USA,2379103
23591,Aldi - Jef 74 - Asheville,"480 Swannanoa River Road, Asheville, NC, 28805",480 Swannanoa River Road,Asheville,NC,28805,35.5775189,-82.5111959,ALDI,active,USA,2379074
23592,Aldi - Jef 71 - Asheville,"1344 Patton Avenue, Asheville, NC, 28806",1344 Patton Avenue,Asheville,NC,28806,35.5828634,-82.604358,ALDI,active,USA,2379053
23606,Aldi - Sby 9 - Belmont,"6402 Wilkinson Blvd, Belmont, NC, 28012",6402 Wilkinson Blvd,Belmont,NC,28012,35.251661,-81.045959,ALDI,active,USA,2379068
135077,Aldi - Jef 87 - Brevard,"165 Asheville Hwy, Brevard, NC, 28712",165 Asheville Hwy,Brevard,NC,28712,35.245162,-82.724219,ALDI,active,USA,2379104
22850,Aldi - Sby 73 - Burlington,"1801 South Church Street, Burlington, NC, 27215",1801 South Church Street,Burlington,NC,27215,36.0849827,-79.4601047,ALDI,active,USA,2379043
23930,Aldi - Pet 96 - Cary,"10210 Green Level Church Rd, Cary, NC, 27519",10210 Green Level Church Rd,Cary,NC,27519,35.8231244,-78.9015943,ALDI,active,USA,2380075
39871,Aldi - Pet 93 - Cary,"1315 Kildaire Farm Rd, Cary, NC, 27511",1315 Kildaire Farm Rd,Cary,NC,27511,35.7604193,-78.7819183,ALDI,active,USA,2379036
7117,Aldi - Pet 95 - Cary,"2303 Nw Maynard Rd, Cary, NC, 27513",2303 Nw Maynard Rd,Cary,NC,27513,35.8028274,-78.7862446,ALDI,active,USA,2379029
143694,Aldi - Sby 142 - Chapel Hill,"1800 E Franklin St Suite, Chapel Hill, NC, 27514",1800 E Franklin St Suite,Chapel Hill,NC,27514,35.9368035,-79.0243382,ALDI,active,USA,2379077
23203,Aldi - Sby 87 - Charlotte,"2526 Freedom Drive, Charlotte, NC, 28208",2526 Freedom Drive,Charlotte,NC,28208,35.2370593,-80.8803252,ALDI,active,USA,2379065
23205,Aldi - Sby 86 - Charlotte,"5550 Old Pineville Road, Charlotte, NC, 28217",5550 Old Pineville Road,Charlotte,NC,28217,35.1643817,-80.8786819,ALDI,active,USA,2379080
23206,Aldi - Sby 2 - Charlotte,"10710 South Tryon Street, Charlotte, NC, 28273",10710 South Tryon Street,Charlotte,NC,28273,35.1198731,-80.9559772,ALDI,active,USA,2379056
23317,Aldi - Sby 88 - Charlotte,"6454 Albemarle Road, Charlotte, NC, 28212",6454 Albemarle Road,Charlotte,NC,28212,35.2012847,-80.7345468,ALDI,active,USA,2379092
23319,Aldi - Sby 16 - Charlotte,"4120 Sunset Road, Charlotte, NC, 28216",4120 Sunset Road,Charlotte,NC,28216,35.304087,-80.8592707,ALDI,active,USA,2379035
23320,Aldi - Sby 14 - Charlotte,"5817 Prosperity Church Road, Charlotte, NC, 28269",5817 Prosperity Church Road,Charlotte,NC,28269,35.37251,-80.78617,ALDI,active,USA,2379047
32396,Aldi - Sby 65 - Charlotte,"4006 Connection Point Blvd, Charlotte, NC, 28212",4006 Connection Point Blvd,Charlotte,NC,28212,35.185125,-80.7618375,ALDI,active,USA,2379085
471274,Aldi - Sby 145 - Charlotte,"9609 N Tryon Street, Charlotte, NC, 28262",9609 N Tryon Street,Charlotte,NC,28262,35.3171524,-80.7389593,ALDI,active,USA,2379049
124430,Aldi - Sby 90 - Clemmons,"2455 Lewisville Clemmons Rd, Clemmons, NC, 27012",2455 Lewisville Clemmons Rd,Clemmons,NC,27012,36.0322498,-80.3806281,ALDI,active,USA,2380076
23321,Aldi - Sby 95 - Concord,"961 Concord Parkway South, Concord, NC, 28027",961 Concord Parkway South,Concord,NC,28027,35.3924662,-80.6211574,ALDI,active,USA,2379067
70388,Aldi - Sby 154 - Cornelius,"18027 Liath Way, Cornelius, NC, 28031",18027 Liath Way,Cornelius,NC,28031,35.48399,-80.88105,ALDI,active,USA,2379091
24358,Aldi - Sby 35 - Denver,"7208 Nc 73 Hwy, Denver, NC, 28037",7208 Nc 73 Hwy,Denver,NC,28037,35.4474714,-81.0038116,ALDI,active,USA,2379098
23938,Aldi - Pet 97 - Durham,"7906 Nc Hwy 751 South, Durham, NC, 27713",7906 Nc Hwy 751 South,Durham,NC,27713,35.9006541,-78.9600231,ALDI,active,USA,2379030
24356,Aldi - Pet 32 - Elizabeth City,"3805 Conlon Way, Elizabeth City, NC, 27909",3805 Conlon Way,Elizabeth City,NC,27909,36.2947561,-76.2907896,ALDI,active,USA,2379082
24093,Aldi - Sby 22 - Fayetteville,"4920 Raeford Road, Fayetteville, NC, 28304",4920 Raeford Road,Fayetteville,NC,28304,35.0436659,-78.9594929,ALDI,active,USA,2379110
24095,Aldi - Sby 104 - Fayetteville,"7640 South Raeford Road, Fayetteville, NC, 28304",7640 South Raeford Road,Fayetteville,NC,28304,35.028148,-79.050758,ALDI,active,USA,2379105
24096,Aldi - Sby 72 - Fayetteville,"5201 Ramsey Street, Fayetteville, NC, 28311",5201 Ramsey Street,Fayetteville,NC,28311,35.1310226,-78.8788675,ALDI,active,USA,2379106
24359,Aldi - Sby 97 - Forest City,"1916 College Ave, Forest City, NC, 28043",1916 College Ave,Forest City,NC,28043,35.337993,-81.899847,ALDI,active,USA,2379090
156009,Aldi - Jef 148 - Franklin,"1320 Siler Road, Franklin, NC, 28734",1320 Siler Road,Franklin,NC,28734,35.163973,-83.3707418,ALDI,active,USA,2379028
23932,Aldi - Sby 8 - Fuquay-Varina,"1375 North Main Street, Fuquay-Varina, NC, 27526",1375 North Main Street,Fuquay-Varina,NC,27526,35.5926573,-78.7758159,ALDI,active,USA,2379032
118885,Aldi - Pet 90 - Garner,"5142 Nc-42, Garner, NC, 27529",5142 Nc-42,Garner,NC,27529,35.6120651,-78.5553494,ALDI,active,USA,2379046
23933,Aldi - Pet 91 - Garner,"750 Timber Dr, Garner, NC, 27529",750 Timber Dr,Garner,NC,27529,35.686732,-78.6151358,ALDI,active,USA,2379108
23607,Aldi - Sby 75 - Gastonia,"2108 Union Road, Gastonia, NC, 28054",2108 Union Road,Gastonia,NC,28054,35.2344018,-81.1694958,ALDI,active,USA,2379079
70383,Aldi - Sby 50 - Gastonia,"3201 East Franklin Blv, Gastonia, NC, 28056",3201 East Franklin Blv,Gastonia,NC,28056,35.2582174,-81.1220888,ALDI,active,USA,2379051
122288,Aldi - Pet 44 - Goldsboro,"1203 N Berkeley Blvd, Goldsboro, NC, 27534",1203 N Berkeley Blvd,Goldsboro,NC,27534,35.381603,-77.9316531,ALDI,active,USA,2379055
124437,Aldi - Sby 140 - Greensboro,"2965 Battleground Ave, Greensboro, NC, 27408",2965 Battleground Ave,Greensboro,NC,27408,36.1138335,-79.836264,ALDI,active,USA,2379099
23651,Aldi - Sby 24 - Greensboro,"2920 Randleman Rd, Greensboro, NC, 27406",2920 Randleman Rd,Greensboro,NC,27406,36.0161932,-79.8055806,ALDI,active,USA,2379031
23652,Aldi - Sby 12 - Greensboro,"4222 W Gate City Boulevard, Greensboro, NC, 27407",4222 W Gate City Boulevard,Greensboro,NC,27407,36.0369525,-79.8635061,ALDI,active,USA,2379101
23653,Aldi - Sby 119 - Greensboro,"1507 New Garden Rd, Greensboro, NC, 27410",1507 New Garden Rd,Greensboro,NC,27410,36.1107626,-79.8831453,ALDI,active,USA,2379078
23967,Aldi - Pet 19 - Greenville,"4515 East 10th St, Greenville, NC, 27858",4515 East 10th St,Greenville,NC,27858,35.5822109,-77.3060868,ALDI,active,USA,2379100
23318,Aldi - Sby 33 - Harrisburg,"3891 Main St, Harrisburg, NC, 28075",3891 Main St,Harrisburg,NC,28075,35.3240333,-80.6435305,ALDI,active,USA,2379061
118917,Aldi - Pet 34 - Henderson,"160 Dabney Road, Henderson, NC, 27537",160 Dabney Road,Henderson,NC,27537,36.3388882,-78.4406713,ALDI,active,USA,2379096
23589,Aldi - Jef 70 - Hendersonville,"110 Duncan Hill Road, Hendersonville, NC, 28792",110 Duncan Hill Road,Hendersonville,NC,28792,35.3323257,-82.4497603,ALDI,active,USA,2379054
23871,Aldi - Sby 80 - Hickory,"1545 8th Street Drive Se, Hickory, NC, 28602",1545 8th Street Drive Se,Hickory,NC,28602,35.706723,-81.310916,ALDI,active,USA,2379084
23654,Aldi - Sby 101 - High Point,"2651 S Main Street, High Point, NC, 27263",2651 S Main Street,High Point,NC,27263,35.9277288,-79.9856207,ALDI,active,USA,2379040
23655,Aldi - Sby 28 - High Point,"3306 N Main St, High Point, NC, 27265",3306 N Main St,High Point,NC,27265,36.0038755,-80.0365949,ALDI,active,USA,2379058
177951,Aldi - Sby 155 - Hillsborough,"2010 Nc Hwy 86 South, Hillsborough, NC, 27278",2010 Nc Hwy 86 South,Hillsborough,NC,27278,36.055641,-79.07936,ALDI,active,USA,2379034
70390,Aldi - Sby 116 - Holly Springs,"7400 Gb Alford Hwy, Holly Springs, NC, 27540",7400 Gb Alford Hwy,Holly Springs,NC,27540,35.6342029,-78.8297258,ALDI,active,USA,2379097
23323,Aldi - Sby 118 - Huntersville,"14126 S Statesville Road, Huntersville, NC, 28078",14126 S Statesville Road,Huntersville,NC,28078,35.4092617,-80.853076,ALDI,active,USA,2379088
23314,Aldi - Sby 105 - Indian Trail,"5704 W Hwy 74, Indian Trail, NC, 28079",5704 W Hwy 74,Indian Trail,NC,28079,35.0632061,-80.6348512,ALDI,active,USA,2379089
24366,Aldi - Pet 54 - Jacksonville,"2721 Richlands Hwy, Jacksonville, NC, 28540",2721 Richlands Hwy,Jacksonville,NC,28540,34.7537482,-77.4608144,ALDI,active,USA,2379069
24367,Aldi - Pet 20 - Jacksonville,"4150 Western Blvd, Jacksonville, NC, 28546",4150 Western Blvd,Jacksonville,NC,28546,34.7986801,-77.4129539,ALDI,active,USA,2379044
23322,Aldi - Sby 83 - Kannapolis,"600 S Cannon Blvd, Kannapolis, NC, 28083",600 S Cannon Blvd,Kannapolis,NC,28083,35.4860184,-80.6118895,ALDI,active,USA,2379052
23488,Aldi - Sby 21 - Kernersville,"819 S Main St Suite D, Kernersville, NC, 27284",819 S Main St Suite D,Kernersville,NC,27284,36.1100679,-80.0869045,ALDI,active,USA,2379026
24365,Aldi - Pet 94 - Kinston,"4120 W Vernon Ave, Kinston, NC, 28504",4120 W Vernon Ave,Kinston,NC,28504,35.2605793,-77.6451557,ALDI,active,USA,2379075
24364,Aldi - Pet 18 - Leland,"9410 Ploof Rd Se, Leland, NC, 28451",9410 Ploof Rd Se,Leland,NC,28451,34.215121,-78.018862,ALDI,active,USA,2379064
23872,Aldi - Sby 4 - Lenoir,"205 Wilkesboro Blvd Ne, Lenoir, NC, 28645",205 Wilkesboro Blvd Ne,Lenoir,NC,28645,35.9160535,-81.5211553,ALDI,active,USA,2379038
24353,Aldi - Sby 82 - Lexington,"101 N Talbert Blvd, Lexington, NC, 27292",101 N Talbert Blvd,Lexington,NC,27292,35.8153143,-80.2450699,ALDI,active,USA,2379093
24360,Aldi - Sby 81 - Lincolnton,"529 North Generals Blvd, Lincolnton, NC, 28092",529 North Generals Blvd,Lincolnton,NC,28092,35.4931079,-81.2471077,ALDI,active,USA,2379109
24362,Aldi - Sby 37 - Lumberton,"3725 Fayetteville Road, Lumberton, NC, 28358",3725 Fayetteville Road,Lumberton,NC,28358,34.6439933,-78.9988971,ALDI,active,USA,2379107
23315,Aldi - Sby 5 - Matthews,"555 West John Street, Matthews, NC, 28105",555 West John Street,Matthews,NC,28105,35.1209365,-80.7289775,ALDI,active,USA,2379112
17870,Aldi - Sby 31 - Mint Hill,"8000 Blair Rd Unit B, Mint Hill, NC, 28227",8000 Blair Rd Unit B,Mint Hill,NC,28227,35.1807229,-80.6451451,ALDI,active,USA,2380207
23316,Aldi - Sby 77 - Monroe,"1404 W Roosevelt Blvd, Monroe, NC, 28110",1404 W Roosevelt Blvd,Monroe,NC,28110,34.9972151,-80.543628,ALDI,active,USA,2379070
23324,Aldi - Sby 45 - Mooresville,"132 E Plaza Dr, Mooresville, NC, 28115",132 E Plaza Dr,Mooresville,NC,28115,35.5877392,-80.8358326,ALDI,active,USA,2379041
23873,Aldi - Sby 25 - Morganton,"528 West Fleming Dr, Morganton, NC, 28655",528 West Fleming Dr,Morganton,NC,28655,35.733095,-81.689748,ALDI,active,USA,2379045
24351,Aldi - Sby 127 - Mt. Airy,"1215 State Street, Mt Airy, NC, 27030",1215 State Street,Mt Airy,NC,27030,36.47781,-80.6193794,ALDI,active,USA,2379083
36690,Aldi - Pet 33 - New Bern,"3550 Martin Luther King Jr, New Bern, NC, 28562",3550 Martin Luther King Jr,New Bern,NC,28562,35.098029,-77.10225,ALDI,active,USA,2379063
23204,Aldi - Sby 107 - Pineville,"10629 Park Rd, Pineville, NC, 28210",10629 Park Rd,Pineville,NC,28210,35.0920161,-80.8684797,ALDI,active,USA,2380245
23935,Aldi - Pet 87 - Raleigh,"6101 Capital Blvd, Raleigh, NC, 27616",6101 Capital Blvd,Raleigh,NC,27616,35.8686474,-78.5833873,ALDI,active,USA,2379025
23936,Aldi - Pet 88 - Raleigh,"4031 Wake Forest Rd, Raleigh, NC, 27609",4031 Wake Forest Rd,Raleigh,NC,27609,35.8364027,-78.6151358,ALDI,active,USA,2379039
23937,Aldi - Pet 89 - Raleigh,"2900 Sunrise Valley Place, Raleigh, NC, 27610",2900 Sunrise Valley Place,Raleigh,NC,27610,35.7939055,-78.5473634,ALDI,active,USA,2379102
87750,Aldi - Pet 92 - Raleigh,"6300 Creedmoor Rd, Raleigh, NC, 27612",6300 Creedmoor Rd,Raleigh,NC,27612,35.8721275,-78.6785201,ALDI,active,USA,2379024
24363,Aldi - Sby 29 - Rockingham,"723 Us Hwy 74e, Rockingham, NC, 28379",723 Us Hwy 74e,Rockingham,NC,28379,34.9393201,-79.7739457,ALDI,active,USA,2380298
24354,Aldi - Pet 27 - Rocky Mount,"1237 Jeffreys Road, Rocky Mount, NC, 27804",1237 Jeffreys Road,Rocky Mount,NC,27804,35.9771116,-77.8059022,ALDI,active,USA,2379050
23667,Aldi - Sby 89 - Salisbury,"115 South Avalon Drive, Salisbury, NC, 28146",115 South Avalon Drive,Salisbury,NC,28146,35.6493525,-80.4573793,ALDI,active,USA,2379095
23668,Aldi - Sby 117 - Salisbury,"920 Jake Alexander Blvd W, Salisbury, NC, 28147",920 Jake Alexander Blvd W,Salisbury,NC,28147,35.6695231,-80.4987777,ALDI,active,USA,2379042
24023,Aldi - Sby 60 - Sanford,"2903 South Horner Boulevard, Sanford, NC, 27332",2903 South Horner Boulevard,Sanford,NC,27332,35.4545444,-79.1373066,ALDI,active,USA,2379072
24361,Aldi - Sby 96 - Shelby,"413 Earl Road, Shelby, NC, 28150",413 Earl Road,Shelby,NC,28150,35.2778699,-81.5352582,ALDI,active,USA,2379037
24368,Aldi - Sby 11 - Statesville,"125 North Pointe Blvd, Statesville, NC, 28625",125 North Pointe Blvd,Statesville,NC,28625,35.815386,-80.8788168,ALDI,active,USA,2379066
23656,Aldi - Sby 26 - Thomasville,"1033 Randolph St Suite 1a, Thomasville, NC, 27360",1033 Randolph St Suite 1a,Thomasville,NC,27360,35.865238,-80.0700237,ALDI,active,USA,2379086
23934,Aldi - Pet 86 - Wake Forest,"2132 South Main St, Wake Forest, NC, 27587",2132 South Main St,Wake Forest,NC,27587,35.9484204,-78.5354719,ALDI,active,USA,2379081
40029,Aldi - Sby 6 - Waxhaw,"2909 S Providence Road, Waxhaw, NC, 28173",2909 S Providence Road,Waxhaw,NC,28173,34.961076,-80.760078,ALDI,active,USA,2379060
23588,Aldi - Jef 73 - Weaverville,"58 Weaver Blvd, Weaverville, NC, 28787",58 Weaver Blvd,Weaverville,NC,28787,35.7032615,-82.5638559,ALDI,active,USA,2379059
24369,Aldi - Sby 13 - Wilkesboro,"1915 W Us Hwy 421, Wilkesboro, NC, 28697",1915 W Us Hwy 421,Wilkesboro,NC,28697,36.1484473,-81.199422,ALDI,active,USA,2379073
23709,Aldi - Pet 53 - Wilmington,"7954 Market St, Wilmington, NC, 28411",7954 Market St,Wilmington,NC,28411,34.289785,-77.800189,ALDI,active,USA,2379087
23710,Aldi - Pet 98 - Wilmington,"3701 S College Rd, Wilmington, NC, 28412",3701 S College Rd,Wilmington,NC,28412,34.174661,-77.890396,ALDI,active,USA,2379048
24355,Aldi - Pet 38 - Wilson,"2106 Forest Hills Road West, Wilson, NC, 27893",2106 Forest Hills Road West,Wilson,NC,27893,35.7288648,-77.9507085,ALDI,active,USA,2379071
23486,Aldi - Sby 93 - Winston-Salem,"5622 W Hanes MIll Road, Winston-Salem, NC, 27105",5622 W Hanes MIll Road,Winston-Salem,NC,27105,36.1738141,-80.278431,ALDI,active,USA,2379062
23487,Aldi - Sby 85 - Winston-Salem,"2715 Peters Creek Parkway, Winston-Salem, NC, 27127",2715 Peters Creek Parkway,Winston-Salem,NC,27127,36.0541849,-80.2583985,ALDI,active,USA,2379057
23968,Aldi - Pet 40 - Winterville,"655 S Square Drive, Winterville, NC, 28590",655 S Square Drive,Winterville,NC,28590,35.555716,-77.4042999,ALDI,active,USA,2379094
92462,Aldi - Far 113 - Fargo - 51st Ave. S,"3760 51st Avenue S, Fargo, ND, 58103",3760 51st Avenue S,Fargo,ND,58103,46.805343,-96.843961,ALDI,active,USA,2379113
137730,Aldi - Far 112 - Grand Forks,"2771 32nd Ave S, Grand Forks, ND, 58201",2771 32nd Ave S,Grand Forks,ND,58201,47.8876192,-97.0688805,ALDI,active,USA,2379115
35645,Aldi - Far 1 - South Fargo - 13th Ave,"4304 13th Ave, South Fargo, ND, 58103",4304 13th Ave,South Fargo,ND,58103,46.861688,-96.8538626,ALDI,active,USA,2379114
24082,Aldi - Ola 40 - Bellevue,"2112 Cornhusker, Bellevue, NE, 68123",2112 Cornhusker,Bellevue,NE,68123,41.1599997,-95.9435305,ALDI,active,USA,2379122
24647,Aldi - Ola 11 - Fremont,"3650 Elk Lane, Fremont, NE, 68025",3650 Elk Lane,Fremont,NE,68025,41.4505762,-96.4505931,ALDI,active,USA,2379116
471256,Aldi - Ola 114 - Gretna,"19311 Oakmont Dr, Gretna, NE, 68028",19311 Oakmont Dr,Gretna,NE,68028,41.1476993,-96.2181014,ALDI,active,USA,2379121
24648,Aldi - Ola 25 - Lincoln,"8350 O Street, Lincoln, NE, 68510",8350 O Street,Lincoln,NE,68510,40.8142092,-96.6065243,ALDI,active,USA,2379118
24649,Aldi - Ola 27 - Lincoln,"8701 S 28th Street, Lincoln, NE, 68516",8701 S 28th Street,Lincoln,NE,68516,40.7239172,-96.6817859,ALDI,active,USA,2379120
126089,Aldi - Ola 10 - Omaha,"19261 Gold Street, Omaha, NE, 68130",19261 Gold Street,Omaha,NE,68130,41.2348592,-96.2162061,ALDI,active,USA,2379127
24081,Aldi - Ola 43 - Omaha,"4801 N 30th St, Omaha, NE, 68111",4801 N 30th St,Omaha,NE,68111,41.3024806,-95.9559254,ALDI,active,USA,2379126
24088,Aldi - Ola 48 - Omaha,"885 South 72nd Street, Omaha, NE, 68114",885 South 72nd Street,Omaha,NE,68114,41.2520613,-96.0222567,ALDI,active,USA,2379119
24089,Aldi - Ola 46 - Omaha,"17240 Evans Street, Omaha, NE, 68116",17240 Evans Street,Omaha,NE,68116,41.2915107,-96.1854327,ALDI,active,USA,2379117
24090,Aldi - Ola 75 - Omaha,"3433 N 90th Street, Omaha, NE, 68134",3433 N 90th Street,Omaha,NE,68134,41.2909116,-96.0519123,ALDI,active,USA,2379124
24091,Aldi - Ola 42 - Omaha,"13215 West Center Road, Omaha, NE, 68144",13215 West Center Road,Omaha,NE,68144,41.232824,-96.1208167,ALDI,active,USA,2379123
30030,"Aldi - Ola 41 - Omaha, Ne","4525 Dahlman Ave, Omaha, NE, 68107",4525 Dahlman Ave,Omaha,NE,68107,41.2144843,-95.9579282,ALDI,active,USA,2379128
172973,Aldi - Ola 105 - Papillion,"9549 S 71st Plaza, Papillion, NE, 68133",9549 S 71st Plaza,Papillion,NE,68133,41.1638917,-96.0208806,ALDI,active,USA,2379125
23896,Aldi - Swn 90 - Concord,"289 Loudon Rd, Concord, NH, 03301",289 Loudon Rd,Concord,NH,03301,43.22638,-71.48762,ALDI,active,USA,2379129
24005,Aldi - Swn 93 - Derry,"30 Manchester Road, Derry, NH, 03038",30 Manchester Road,Derry,NH,03038,42.8965929,-71.3352442,ALDI,active,USA,2379130
34259,Aldi - Swn 101 - Dover,"828 Central Avenue, Dover, NH, 03820",828 Central Avenue,Dover,NH,03820,43.2155213,-70.8805101,ALDI,active,USA,2379132
26649,Aldi - Swn 96 - Keene,"478 West Street, Keene, NH, 03431",478 West Street,Keene,NH,03431,42.933695,-72.296704,ALDI,active,USA,2379137
23767,Aldi - Swn 91 - Manchester,"1111 South Willow Street, Manchester, NH, 03103",1111 South Willow Street,Manchester,NH,03103,42.9602947,-71.4391592,ALDI,active,USA,2379134
23768,Aldi - Swn 95 - Nashua,"270 Amherst Street, Nashua, NH, 03063",270 Amherst Street,Nashua,NH,03063,42.77747,-71.498189,ALDI,active,USA,2379136
42731,Aldi - Swn 92 - Newington,"2024 Woodbury Avenue, Newington, NH, 03801",2024 Woodbury Avenue,Newington,NH,03801,43.0954302,-70.7967017,ALDI,active,USA,2380227
26661,Aldi - Swn 97 - Plaistow,"9 Plaistow Road, Plaistow, NH, 03865",9 Plaistow Road,Plaistow,NH,03865,42.8175325,-71.1014986,ALDI,active,USA,2379135
27743,Aldi - Swn 98 - Salem,"541 South Broadway Suite A, Salem, NH, 03079",541 South Broadway Suite A,Salem,NH,03079,42.7411856,-71.1977271,ALDI,active,USA,2379133
491128,Aldi - Swn 94 - Seabrook,"570 Lafayette Rd, Seabrook, NH, 03874",570 Lafayette Rd,Seabrook,NH,03874,42.8919623,-70.8695949,ALDI,active,USA,2379131
491852,Aldi - Ctv 214 - Absecon,"676 White Horse Pike, Absecon, NJ, 08201",676 White Horse Pike,Absecon,NJ,08201,39.4356823,-74.5146309,ALDI,active,USA,2379141
23624,Aldi - Ctv 19 - Bellmawr,"156 W Browning Road, Bellmawr, NJ, 08031",156 W Browning Road,Bellmawr,NJ,08031,39.8656853,-75.0867568,ALDI,active,USA,2379150
89935,Aldi - Ctv 183 - Bergenfield,"433 S Washington Ave, Bergenfield, NJ, 07621",433 S Washington Ave,Bergenfield,NJ,07621,40.91402,-73.99741,ALDI,active,USA,2379172
23302,Aldi - Ctv 70 - Bloomfield,"244 Bloomfield Avenue, Bloomfield, NJ, 07003",244 Bloomfield Avenue,Bloomfield,NJ,07003,40.7823745,-74.1923432,ALDI,active,USA,2379195
24007,Aldi - Ctv 22 - Bordentown,"262c Route 130, Bordentown, NJ, 08505",262c Route 130,Bordentown,NJ,08505,40.1391114,-74.7079191,ALDI,active,USA,2379179
10353,"Aldi - Ctv 069 - 780 Nj Route 70, Brick Township, Nj 08723","780 Nj-70 E, Brick, NJ, 08723",780 Nj-70 E,Brick,NJ,08723,40.0654479,-74.1358592,ALDI,active,USA,2380078
24231,Aldi - Ctv 15 - Bridgeton,"18 Cornwell Drive, Bridgeton, NJ, 08302",18 Cornwell Drive,Bridgeton,NJ,08302,39.4625925,-75.2091615,ALDI,active,USA,2379148
538575,Aldi - Ctv 230 - Burlington,"1801 Mount Holly Road, Burlington, NJ, 08016",1801 Mount Holly Road,Burlington,NJ,08016,40.0563378,-74.8445594,ALDI,active,USA,2379183
23623,Aldi - Ctv 67 - Cherry Hill,"2110 Route 38 Unit 1a, Cherry Hill, NJ, 08002",2110 Route 38 Unit 1a,Cherry Hill,NJ,08002,39.9403014,-75.0186752,ALDI,active,USA,2379143
23303,Aldi - Ctv 32 - Clifton,"56 Lakeview Avenue, Clifton, NJ, 07011",56 Lakeview Avenue,Clifton,NJ,07011,40.8770564,-74.1371169,ALDI,active,USA,2379182
23629,Aldi - Ctv 52 - Collingswood,"30 White Horse Pike, Collingswood, NJ, 08107",30 White Horse Pike,Collingswood,NJ,08107,39.92047,-75.09021,ALDI,active,USA,2380146
538557,Aldi - Ctv 202 - Deptford,"1755 Deptford Center Road Suite 100, Deptford, NJ, 08096",1755 Deptford Center Road Suite 100,Deptford,NJ,08096,39.8272572,-75.0975292,ALDI,active,USA,2380309
24011,Aldi - Ctv 103 - East Brunswick,"50 Race Track Road, East Brunswick, NJ, 08816",50 Race Track Road,East Brunswick,NJ,08816,40.4299751,-74.38602,ALDI,active,USA,2379185
23577,Aldi - Ctv 31 - East Rutherford,"59 Route 17 South, East Rutherford, NJ, 07073",59 Route 17 South,East Rutherford,NJ,07073,40.8311554,-74.092618,ALDI,active,USA,2379173
24232,Aldi - Ctv 6 - East Windsor,"440 Us Highway 130, East Windsor, NJ, 08520",440 Us Highway 130,East Windsor,NJ,08520,40.2727676,-74.540762,ALDI,active,USA,2380081
23630,Aldi - Ctv 56 - Edgewater Park,"4225 S Route 130, Edgewater Park, NJ, 08010",4225 S Route 130,Edgewater Park,NJ,08010,40.0393326,-74.9147777,ALDI,active,USA,2380080
23699,Aldi - Ctv 77 - Edison,"2120 Route 27, Edison, NJ, 08817",2120 Route 27,Edison,NJ,08817,40.5270652,-74.3853893,ALDI,active,USA,2379186
31312,Aldi - Ctv 76 - Egg Harbor Twsp,"6028 E Black Horse Pike, Egg Harbor Twsp, NJ, 08234",6028 E Black Horse Pike,Egg Harbor Twsp,NJ,08234,39.436831,-74.613924,ALDI,active,USA,2379184
23702,Aldi - Ctv 113 - Flemington,"325 Us 202, Flemington, NJ, 08822",325 Us 202,Flemington,NJ,08822,40.5059743,-74.847665,ALDI,active,USA,2379154
36621,Aldi - Ctv 126 - Forked River - 300 N. Main St,"300 N Main S, Forked River, NJ, 08731",300 N Main S,Forked River,NJ,08731,39.8490195,-74.1873598,ALDI,active,USA,2379156
124433,Aldi - Ctv 165 - Freehold,"3681 Us Route 9, Freehold, NJ, 07728",3681 Us Route 9,Freehold,NJ,07728,40.2460522,-74.2801138,ALDI,active,USA,2379181
24009,Aldi - Ctv 5 - Glassboro,"812 Delsea Dr, Glassboro, NJ, 08028",812 Delsea Dr,Glassboro,NJ,08028,39.72044,-75.11453,ALDI,active,USA,2379177
23188,Aldi - Ctv 60 - Hackensack,"496 Main Street, Hackensack, NJ, 07601",496 Main Street,Hackensack,NJ,07601,40.8943595,-74.039455,ALDI,active,USA,2379178
497927,Aldi - Ctv 211 - Hackettstown,"215 Mountain Ave, Hackettstown, NJ, 07840",215 Mountain Ave,Hackettstown,NJ,07840,40.8391973,-74.8225613,ALDI,active,USA,2379159
23696,Aldi - Ctv 90 - Hamilton,"1250 Nj State Highway 33, Hamilton, NJ, 08690",1250 Nj State Highway 33,Hamilton,NJ,08690,40.228589,-74.662396,ALDI,active,USA,2380318
24228,Aldi - Ctv 37 - Hazlet,"3010 Route 35, Hazlet, NJ, 07730",3010 Route 35,Hazlet,NJ,07730,40.4174776,-74.180988,ALDI,active,USA,2379190
24102,Aldi - Ctv 35 - Howell,"5010 Us 9, Howell, NJ, 07731",5010 Us 9,Howell,NJ,07731,40.129276,-74.2240879,ALDI,active,USA,2379144
23258,Aldi - Ctv 71 - Linden,"1705 W Edgar Road, Linden, NJ, 07036",1705 W Edgar Road,Linden,NJ,07036,40.6115123,-74.2525505,ALDI,active,USA,2379193
23304,Aldi - Ctv 153 - Livingston,"277 Eisenhower Pkwy, Livingston, NJ, 07039",277 Eisenhower Pkwy,Livingston,NJ,07039,40.7987568,-74.3429377,ALDI,active,USA,2379146
23189,Aldi - Ctv 27 - Lodi,"4 Memorial Drive, Lodi, NJ, 07644",4 Memorial Drive,Lodi,NJ,07644,40.8755599,-74.0858733,ALDI,active,USA,2379145
23631,Aldi - Ctv 7 - Lumberton,"1636 Route 38, Lumberton, NJ, 08048",1636 Route 38,Lumberton,NJ,08048,39.9817319,-74.785655,ALDI,active,USA,2379155
24076,Aldi - Ctv 59 - Manahawkin - 451 Martin Truex Jr. Blvd,"451 Martin Truex Jr Blvd, Manahawkin, NJ, 08050",451 Martin Truex Jr Blvd,Manahawkin,NJ,08050,39.7040625,-74.2756101,ALDI,active,USA,2379171
23626,Aldi - Ctv 29 - Marlton,"651 Route 70 West, Marlton, NJ, 08053",651 Route 70 West,Marlton,NJ,08053,39.8963212,-74.9373222,ALDI,active,USA,2379157
109762,Aldi - Ctv 163 - Monmouth Junction,"4180 Us-1 400c, Monmouth Junction, NJ, 08852",4180 Us-1 400c,Monmouth Junction,NJ,08852,40.38271,-74.573697,ALDI,active,USA,2379187
91558,Aldi - Ctv 154 - Morganville,"623 Texas Road, Morganville, NJ, 07751",623 Texas Road,Morganville,NJ,07751,40.3631877,-74.302089,ALDI,active,USA,2379192
23632,Aldi - Ctv 46 - Mount Laurel,"3105 Route 38, Mount Laurel, NJ, 08054",3105 Route 38,Mount Laurel,NJ,08054,39.9719511,-74.8739297,ALDI,active,USA,2379161
172971,Aldi - Ctv 204 - Neptune,"722 Nj-35, Neptune, NJ, 07753",722 Nj-35,Neptune,NJ,07753,40.22435,-74.034195,ALDI,active,USA,2380317
23701,Aldi - Ctv 63 - New Brunswick,"6 Van Dyke Avenue, New Brunswick, NJ, 08901",6 Van Dyke Avenue,New Brunswick,NJ,08901,40.483475,-74.4750014,ALDI,active,USA,2379139
23186,Aldi - Ctv 26 - North Bergen,"8101 Tonnelle Avenue, North Bergen, NJ, 07047",8101 Tonnelle Avenue,North Bergen,NJ,07047,40.8083192,-74.0177101,ALDI,active,USA,2379168
23187,Aldi - Ctv 64 - North Bergen,"2819 John F Kennedy Blvd W, North Bergen, NJ, 07047",2819 John F Kennedy Blvd W,North Bergen,NJ,07047,40.7737339,-74.0371728,ALDI,active,USA,2379162
23703,Aldi - Ctv 108 - Old Bridge,"1043 Us Route 9, Old Bridge, NJ, 08857",1043 Us Route 9,Old Bridge,NJ,08857,40.4496467,-74.295875,ALDI,active,USA,2379176
33734,Aldi - Ctv 111 - Phillipsburg,"1312 Us-22, Phillipsburg, NJ, 08865",1312 Us-22,Phillipsburg,NJ,08865,40.6750073,-75.1406744,ALDI,active,USA,2379149
23700,Aldi - Ctv 33 - Piscataway,"1321 Centennial Avenue, Piscataway, NJ, 08854",1321 Centennial Avenue,Piscataway,NJ,08854,40.5522531,-74.4389149,ALDI,active,USA,2379160
42730,Aldi - Ctv 176 - Ramsey,"1300 Nj-17, Ramsey, NJ, 07446",1300 Nj-17,Ramsey,NJ,07446,41.0726304,-74.138517,ALDI,active,USA,2379170
24077,Aldi - Ctv 65 - Rio Grande,"3201 Us Rte 9 South Unit A, Rio Grande, NJ, 08242",3201 Us Rte 9 South Unit A,Rio Grande,NJ,08242,39.01797,-74.87489,ALDI,active,USA,2379194
24230,Aldi - Ctv 34 - Rockaway,"212 Route 46 East, Rockaway, NJ, 07866",212 Route 46 East,Rockaway,NJ,07866,40.890708,-74.514794,ALDI,active,USA,2379152
613265,Aldi - Ctv 226 - Rockaway,"327 Mount Hope Ave, Rockaway, NJ, 07866",327 Mount Hope Ave,Rockaway,NJ,07866,40.907402,-74.548552,ALDI,active,USA,2379140
23260,Aldi - Ctv 66 - Roselle,"1235 St George Avenue, Roselle, NJ, 07203",1235 St George Avenue,Roselle,NJ,07203,40.6481175,-74.2482866,ALDI,active,USA,2379138
380666,Aldi - Ctv 209 - Shrewsbury,"179 Newman Springs Rd E, Shrewsbury, NJ, 07702",179 Newman Springs Rd E,Shrewsbury,NJ,07702,40.3375036,-74.0714909,ALDI,active,USA,2379174
39717,Aldi - Ctv 146 - Sicklerville,"500 Cross Keys Road, Sicklerville, NJ, 08081",500 Cross Keys Road,Sicklerville,NJ,08081,39.7451551,-74.9929184,ALDI,active,USA,2379165
570553,Aldi - Ctv 166 - Somers Point,"425 New Road, Somers Point, NJ, 08244",425 New Road,Somers Point,NJ,08244,39.3260863,-74.6000898,ALDI,active,USA,2379158
23697,Aldi - Ctv 36 - South Plainfield,"907 Suite D Oak Tree Ave, South Plainfield, NJ, 07080",907 Suite D Oak Tree Ave,South Plainfield,NJ,07080,40.578704,-74.388721,ALDI,active,USA,2379164
380665,Aldi - Ctv 207 - Springfield,"240 Us Highway Route 22 West, Springfield, NJ, 07081",240 Us Highway Route 22 West,Springfield,NJ,07081,40.6862755,-74.3223623,ALDI,active,USA,2380209
23627,Aldi - Ctv 95 - Stratford,"1102 White Horse Pike, Stratford, NJ, 08084",1102 White Horse Pike,Stratford,NJ,08084,39.8410235,-75.0154001,ALDI,active,USA,2379151
121621,"Aldi - Ctv 162 - 86 Nj Route 70, Toms River, Nj 08755 (Beside Tractor Supply Co.)","80 Nj-70, Toms River, NJ, 08755",80 Nj-70,Toms River,NJ,08755,40.0433839,-74.2292127,ALDI,active,USA,2380077
22574,Aldi - Ctv 51 - Toms River,"740 Route 37 West, Toms River, NJ, 08755",740 Route 37 West,Toms River,NJ,08755,39.970348,-74.233903,ALDI,active,USA,2379169
92417,Aldi - Ctv 172 - Totowa,"465 Route 46, Totowa, NJ, 07512",465 Route 46,Totowa,NJ,07512,40.894907,-74.233457,ALDI,active,USA,2379189
23694,Aldi - Ctv 4 - Trenton,"2735 S Broad Street, Trenton, NJ, 08610",2735 S Broad Street,Trenton,NJ,08610,40.189949,-74.712948,ALDI,active,USA,2379180
23695,Aldi - Ctv 61 - Trenton,"1650 N Olden Ave, Trenton, NJ, 08638",1650 N Olden Ave,Trenton,NJ,08638,40.246097,-74.7618851,ALDI,active,USA,2379188
24008,Aldi - Ctv 30 - Turnersville,"4601 Route 42, Turnersville, NJ, 08012",4601 Route 42,Turnersville,NJ,08012,39.744006,-75.045421,ALDI,active,USA,2380213
23259,Aldi - Ctv 28 - Union,"1020 Commerce Avenue, Union, NJ, 07083",1020 Commerce Avenue,Union,NJ,07083,40.7003102,-74.2816864,ALDI,active,USA,2379167
22875,Aldi - Ctv 55 - Vineland,"3880 South Delsea Drive, Vineland, NJ, 08360",3880 South Delsea Drive,Vineland,NJ,08360,39.43037,-75.0408,ALDI,active,USA,2379142
23625,Aldi - Ctv 104 - Voorhees,"142 Nj-73, Voorhees, NJ, 08043",142 Nj-73,Voorhees,NJ,08043,39.8331036,-74.9254737,ALDI,active,USA,2379153
23692,Aldi - Ctv 148 - Wall Township,"1919 Route 35, Wall Township, NJ, 07719",1919 Route 35,Wall Township,NJ,07719,40.157016,-74.055349,ALDI,active,USA,2380079
172956,Aldi - Ctv 185 - Watchung,"1581 Us Route 22, Watchung, NJ, 07069",1581 Us Route 22,Watchung,NJ,07069,40.6425724,-74.4151351,ALDI,active,USA,2379166
380667,Aldi - Ctv 218 - Wayne,"625 Hamburg Pike, Wayne, NJ, 07470",625 Hamburg Pike,Wayne,NJ,07470,40.954337,-74.220803,ALDI,active,USA,2379191
23693,Aldi - Ctv 57 - West Long Branch,"200 State Highway Route 36, West Long Branch, NJ, 07764",200 State Highway Route 36,West Long Branch,NJ,07764,40.2962578,-74.0254679,ALDI,active,USA,2379147
23698,Aldi - Ctv 38 - Woodbridge,"450 King Georges Post Road, Woodbridge, NJ, 07095",450 King Georges Post Road,Woodbridge,NJ,07095,40.536152,-74.297981,ALDI,active,USA,2379175
23628,Aldi - Ctv 75 - Woodbury,"203 S Broad Street, Woodbury, NJ, 08096",203 S Broad Street,Woodbury,NJ,08096,39.8353412,-75.1559122,ALDI,active,USA,2379163
396478,Aldi - Mor 230 - Henderson,"621 Marks Street, Henderson, NV, 89104",621 Marks Street,Henderson,NV,89104,36.0649583,-115.038351,ALDI,active,USA,2379197
396466,Aldi - Mor 227 - Las Vegas,"7150 S Rainbow Blvd, Las Vegas, NV, 89118",7150 S Rainbow Blvd,Las Vegas,NV,89118,36.0587955,-115.2412779,ALDI,active,USA,2379198
538572,Aldi - Mor 229 - Las Vegas,"1200 S Decatur Suite 100, Las Vegas, NV, 89102",1200 S Decatur Suite 100,Las Vegas,NV,89102,36.157387,-115.20713,ALDI,active,USA,2379199
396479,Aldi - Mor 228 - North Las Vegas,"2106 W Craig Road, North Las Vegas, NV, 89032",2106 W Craig Road,North Las Vegas,NV,89032,36.240657,-115.172593,ALDI,active,USA,2379196
24123,Aldi - Tul 75 - Amherst,"4030 Maple Rd, Amherst, NY, 14226",4030 Maple Rd,Amherst,NY,14226,42.991687,-78.813599,ALDI,active,USA,2380229
24236,Aldi - Tul 237 - Amsterdam,"4888 State Route 30, Amsterdam, NY, 12010",4888 State Route 30,Amsterdam,NY,12010,42.9684594,-74.1877489,ALDI,active,USA,2379302
23891,Aldi - Tul 19 - Auburn,"217 Grant Ave, Auburn, NY, 13021",217 Grant Ave,Auburn,NY,13021,42.9493851,-76.5495457,ALDI,active,USA,2379233
23681,Aldi - Tul 40 - Baldwinsville,"2254 Downer Street, Baldwinsville, NY, 13027",2254 Downer Street,Baldwinsville,NY,13027,43.1509959,-76.3500985,ALDI,active,USA,2379204
23906,Aldi - Tul 117 - Ballston Spa,"2008 Doubleday Ave, Ballston Spa, NY, 12020",2008 Doubleday Ave,Ballston Spa,NY,12020,43.0111,-73.8480598,ALDI,active,USA,2379293
24013,Aldi - Tul 91 - Batavia,"587 E Main St Suite 200, Batavia, NY, 14020",587 E Main St Suite 200,Batavia,NY,14020,42.99608,-78.16435,ALDI,active,USA,2379304
22788,Aldi - Swn 12 - Bay Shore,"1851 Sunrise Highway, Bay Shore, NY, 11706",1851 Sunrise Highway,Bay Shore,NY,11706,40.7401178,-73.2366262,ALDI,active,USA,2379279
480558,Aldi - Swn 165 - Bethpage,"3988 Hempstead Turnpike, Bethpage, NY, 11714",3988 Hempstead Turnpike,Bethpage,NY,11714,40.7240813,-73.4885907,ALDI,active,USA,2379309
12209,Aldi - Tul 94 - Blasdell,"3750 Mckinley Parkway, Blasdell, NY, 14219",3750 Mckinley Parkway,Blasdell,NY,14219,42.7821011,-78.8125138,ALDI,active,USA,2379271
144397,Aldi - Swn 127 - Bohemia,"5151 Sunrise Highway, Bohemia, NY, 11716",5151 Sunrise Highway,Bohemia,NY,11716,40.7641522,-73.0945731,ALDI,active,USA,2379264
23728,Aldi - Tul 88 - Brockport,"4899 Lake Road, Brockport, NY, 14420",4899 Lake Road,Brockport,NY,14420,43.1950004,-77.9454231,ALDI,active,USA,2379268
174218,Aldi - Swn 149 - Bronx,"845 White Plains Road, Bronx, NY, 10473",845 White Plains Road,Bronx,NY,10473,40.823083,-73.859045,ALDI,active,USA,2379263
23201,Aldi - Swn 8 - Bronx,"3006 3rd Avenue, Bronx, NY, 10455",3006 3rd Avenue,Bronx,NY,10455,40.8191381,-73.9132142,ALDI,active,USA,2379305
23202,Aldi - Swn 5 - Bronx,"5532 Broadway, Bronx, NY, 10463",5532 Broadway,Bronx,NY,10463,40.8778586,-73.9046592,ALDI,active,USA,2379249
23726,Aldi - Swn 19 - Gun Hill Road,"1750 E Gun Hill Rd Suite B, Bronx, NY, 10469",1750 E Gun Hill Rd Suite B,Bronx,NY,10469,40.86460536,-73.83509405,ALDI,active,USA,2379232
391311,Aldi - Swn 153 - Bronx,"4720 Third Avenue, Bronx, NY, 10458",4720 Third Avenue,Bronx,NY,10458,40.8592932,-73.8907777,ALDI,active,USA,2379317
135145,Aldi - Swn 114 - Brooklyn,"1600 Flatbush Avenue, Brooklyn, NY, 11210",1600 Flatbush Avenue,Brooklyn,NY,11210,40.63031,-73.94547,ALDI,active,USA,2379281
23146,Aldi - Swn 7 - Brooklyn,"528 Gateway Drive, Brooklyn, NY, 11239",528 Gateway Drive,Brooklyn,NY,11239,40.653723,-73.871028,ALDI,active,USA,2379301
23557,Aldi - Swn 9 - Brooklyn,"3785 Nostrand Avenue, Brooklyn, NY, 11235",3785 Nostrand Avenue,Brooklyn,NY,11235,40.59,-73.93978,ALDI,active,USA,2379284
567913,Aldi - Swn 212 - Brooklyn,"625 Fulton St, Brooklyn, NY, 11201",625 Fulton St,Brooklyn,NY,11201,40.68896,-73.979811,ALDI,active,USA,2379236
24115,Aldi - Tul 80 - Buffalo,"2090 Elmwood Ave, Buffalo, NY, 14207",2090 Elmwood Ave,Buffalo,NY,14207,42.9543,-78.87938,ALDI,active,USA,2379244
24116,Aldi - Tul 84 - Buffalo,"998 Broadway Street, Buffalo, NY, 14212",998 Broadway Street,Buffalo,NY,14212,42.89515,-78.83736,ALDI,active,USA,2379246
24117,Aldi - Tul 97 - Buffalo,"3060 Main St, Buffalo, NY, 14214",3060 Main St,Buffalo,NY,14214,42.9485354,-78.8296816,ALDI,active,USA,2379322
24119,Aldi - Tul 74 - Buffalo,"1820 Sheridan Dr, Buffalo, NY, 14223",1820 Sheridan Dr,Buffalo,NY,14223,42.9820067,-78.8673252,ALDI,active,USA,2379299
23682,Aldi - Tul 5 - Camillus,"3747 Milton Ave, Camillus, NY, 13031",3747 Milton Ave,Camillus,NY,13031,43.0517562,-76.2640211,ALDI,active,USA,2379226
23754,Aldi - Tul 12 - Canandaigua,"3138 County Road 10, Canandaigua, NY, 14424",3138 County Road 10,Canandaigua,NY,14424,42.8771791,-77.2468915,ALDI,active,USA,2379254
24016,Aldi - Tul 34 - Canastota,"3348 Seneca Turnpike, Canastota, NY, 13032",3348 Seneca Turnpike,Canastota,NY,13032,43.06914,-75.75498,ALDI,active,USA,2379205
153912,Aldi - Swn 142 - Carle Place,"225 Glen Cove Road, Carle Place, NY, 11514",225 Glen Cove Road,Carle Place,NY,11514,40.7481171,-73.617332,ALDI,active,USA,2379291
24017,Aldi - Tul 63 - Cazenovia,"120 Nelson Street, Cazenovia, NY, 13035",120 Nelson Street,Cazenovia,NY,13035,42.9244313,-75.8387465,ALDI,active,USA,2379297
380658,Aldi - Swn 143 - Central Islip,"215 Carleton Avenue, Central Islip, NY, 11722",215 Carleton Avenue,Central Islip,NY,11722,40.7693767,-73.1984087,ALDI,active,USA,2379213
39716,Aldi - Swn 104 - Central Valley,"45 Centre Drive, Central Valley, NY, 10917",45 Centre Drive,Central Valley,NY,10917,41.31391,-74.13286,ALDI,active,USA,2379200
24122,Aldi - Tul 85 - Cheektowaga,"1685 Walden Avenue, Cheektowaga, NY, 14225",1685 Walden Avenue,Cheektowaga,NY,14225,42.906405,-78.775119,ALDI,active,USA,2380283
23801,Aldi - Tul 49 - Chenango Bridge,"1149 Upper Front Street, Chenango Bridge, NY, 13905",1149 Upper Front Street,Chenango Bridge,NY,13905,42.1506865,-75.899544,ALDI,active,USA,2380223
23683,Aldi - Tul 16 - Cicero - Rt. 31 In Plaza,"5962 State Route 31, Cicero, NY, 13039",5962 State Route 31,Cicero,NY,13039,43.1743868,-76.1074409,ALDI,active,USA,2379206
23687,Aldi - Tul 32 - Clay,"3942 St Rt 31, Clay, NY, 13090",3942 St Rt 31,Clay,NY,13090,43.1835725,-76.2391401,ALDI,active,USA,2380286
23907,Aldi - Tul 228 - Clifton Park,"1681 Rt 9, Clifton Park, NY, 12065",1681 Rt 9,Clifton Park,NY,12065,42.860875,-73.765248,ALDI,active,USA,2379222
23904,Aldi - Tul 181 - Colonie,"1885 Central Avenue, Colonie, NY, 12205",1885 Central Avenue,Colonie,NY,12205,42.7352584,-73.8519224,ALDI,active,USA,2379219
24245,Aldi - Tul 96 - Cortland,"908 State Route 13, Cortland, NY, 13045",908 State Route 13,Cortland,NY,13045,42.5757694,-76.2145539,ALDI,active,USA,2379251
24109,Aldi - Tul 52 - Depew,"4931 Transit Road, Depew, NY, 14043",4931 Transit Road,Depew,NY,14043,42.8790681,-78.6958196,ALDI,active,USA,2379300
24254,Aldi - Sxb 86 - Dunkirk,"3878 Vineyard Drive, Dunkirk, NY, 14048",3878 Vineyard Drive,Dunkirk,NY,14048,42.4601306,-79.3138824,ALDI,active,USA,2379247
24110,Aldi - Tul 69 - East Amherst,"9290-9300 Transit Road, East Amherst, NY, 14051",9290-9300 Transit Road,East Amherst,NY,14051,43.0225569,-78.6977909,ALDI,active,USA,2379221
370140,Aldi - Swn 148 - East Northport,"4000 Jericho Turnpike Suite 100, East Northport, NY, 11731",4000 Jericho Turnpike Suite 100,East Northport,NY,11731,40.8390989,-73.3152325,ALDI,active,USA,2379217
23912,Aldi - Tul 58 - Elmira,"110 W Hudson Street, Elmira, NY, 14904",110 W Hudson Street,Elmira,NY,14904,42.0843807,-76.8038213,ALDI,active,USA,2379203
23684,Aldi - Tul 47 - E. Syracuse,"6633 Manlius Center Road, E Syracuse, NY, 13057",6633 Manlius Center Road,E Syracuse,NY,13057,43.0641458,-76.0597216,ALDI,active,USA,2379209
24249,Aldi - Tul 28 - Evans Mills,"26163 Us Route 11, Evans Mills, NY, 13637",26163 Us Route 11,Evans Mills,NY,13637,44.0462395,-75.837917,ALDI,active,USA,2379211
23750,Aldi - Tul 86 - Fairport,"6687 Pittsford-Palmyra Road, Fairport, NY, 14450",6687 Pittsford-Palmyra Road,Fairport,NY,14450,43.0694208,-77.44409215,ALDI,active,USA,2379295
23755,Aldi - Tul 48 - Farmington,"1302 State Route 332, Farmington, NY, 14425",1302 State Route 332,Farmington,NY,14425,42.9717941,-77.3546055,ALDI,active,USA,2379223
23685,Aldi - Tul 10 - Fayetteville,"6820 East Genesee Street, Fayetteville, NY, 13066",6820 East Genesee Street,Fayetteville,NY,13066,43.02994719,-76.05063783,ALDI,active,USA,2379255
24014,Aldi - Tul 18 - Fulton,"555 South 4th Street, Fulton, NY, 13069",555 South 4th Street,Fulton,NY,13069,43.3137898,-76.4038787,ALDI,active,USA,2379239
23729,Aldi - Tul 79 - Gates,"8 Spencerport Rd, Gates, NY, 14606",8 Spencerport Rd,Gates,NY,14606,43.165217,-77.692183,ALDI,active,USA,2379323
23885,Aldi - Tul 95 - Geneseo,"4566 Morganview Rd, Geneseo, NY, 14454",4566 Morganview Rd,Geneseo,NY,14454,42.7987894,-77.7802968,ALDI,active,USA,2379238
23908,Aldi - Tul 183 - Glenville,"303 Saratoga Road, Glenville, NY, 12302",303 Saratoga Road,Glenville,NY,12302,42.8733447,-73.9312978,ALDI,active,USA,2380139
570560,Aldi - Swn 145 - Great Neck Plaza,"38 Great Neck Road, Great Neck, NY, 11021",38 Great Neck Road,Great Neck,NY,11021,40.7855911,-73.7267423,ALDI,active,USA,2379287
21759,Aldi - Tul 42 - Greece,"692-698 Long Pond Road, Greece, NY, 14612",692-698 Long Pond Road,Greece,NY,14612,43.2506928,-77.6958353,ALDI,active,USA,2380118
23731,Aldi - Tul 81 - Greece,"3600 Mt Read Boulevard, Greece, NY, 14616",3600 Mt Read Boulevard,Greece,NY,14616,43.2247802,-77.6576514,ALDI,active,USA,2379214
24239,Aldi - Swn 16 - Hudson,"157 Fairview Avenue, Greenport, NY, 12534",157 Fairview Avenue,Greenport,NY,12534,42.2554249,-73.7686542,ALDI,active,USA,2380196
24111,Aldi - Tul 70 - Hamburg,"5999 South Park Ave, Hamburg, NY, 14075",5999 South Park Ave,Hamburg,NY,14075,42.7328999,-78.8264607,ALDI,active,USA,2379310
164691,Aldi - Swn 140 - Hempstead,"280 Peninsula Boulevard, Hempstead, NY, 11550",280 Peninsula Boulevard,Hempstead,NY,11550,40.7056217,-73.6241013,ALDI,active,USA,2379283
23733,Aldi - Tul 76 - Henrietta,"615 Jefferson Rd, Henrietta, NY, 14623",615 Jefferson Rd,Henrietta,NY,14623,43.0870384,-77.6269834,ALDI,active,USA,2380211
23910,Aldi - Tul 20 - Hornell,"1191 County Road 66, Hornell, NY, 14843",1191 County Road 66,Hornell,NY,14843,42.3667428,-77.6729646,ALDI,active,USA,2379202
23911,Aldi - Tul 59 - Horseheads,"1700 County Road 64, Horseheads, NY, 14845",1700 County Road 64,Horseheads,NY,14845,42.159676,-76.8599452,ALDI,active,USA,2379319
24246,Aldi - Tul 31 - Ilion,"166 Central Avenue, Ilion, NY, 13357",166 Central Avenue,Ilion,NY,13357,43.01886,-75.03124,ALDI,active,USA,2379262
23732,Aldi - Tul 78 - Irondequoit,"2194 Hudson Avenue, Irondequoit, NY, 14617",2194 Hudson Avenue,Irondequoit,NY,14617,43.2089169,-77.5998188,ALDI,active,USA,2380172
143812,Aldi - Tul 57 - Ithaca,"2309 North Triphammer Rd, Ithaca, NY, 14882",2309 North Triphammer Rd,Ithaca,NY,14882,42.4832015,-76.4822585,ALDI,active,USA,2379285
23895,Aldi - Tul 11 - Ithaca,"505 Third St, Ithaca, NY, 14850",505 Third St,Ithaca,NY,14850,42.4493425,-76.5070011,ALDI,active,USA,2379237
145201,Aldi - Swn 119 - Jamaica,"92-33 168th Street, Jamaica, NY, 11433",92-33 168th Street,Jamaica,NY,11433,40.7053608,-73.791809,ALDI,active,USA,2379207
23909,Aldi - Sxb 87 - Jamestown,"930 Fairmount Avenue, Jamestown, NY, 14701",930 Fairmount Avenue,Jamestown,NY,14701,42.0983209,-79.2901252,ALDI,active,USA,2379270
23799,Aldi - Tul 71 - Johnson City,"560 Harry L Drive Suite 50, Johnson City, NY, 13790",560 Harry L Drive Suite 50,Johnson City,NY,13790,42.1234033,-75.9697806,ALDI,active,USA,2379311
24237,Aldi - Tul 110 - Johnstown,"266 North Comrie Avenue, Johnstown, NY, 12095",266 North Comrie Avenue,Johnstown,NY,12095,43.0178889,-74.360185,ALDI,active,USA,2379256
24238,Aldi - Swn 6 - Kingston,"767-795 E Chester Ave, Kingston, NY, 12401",767-795 E Chester Ave,Kingston,NY,12401,41.9587651,-73.9913589,ALDI,active,USA,2379265
27653,Aldi - Swn 13 - Lake Grove,"139 Alexander Ave, Lake Grove, NY, 11755",139 Alexander Ave,Lake Grove,NY,11755,40.8663926,-73.1328399,ALDI,active,USA,2379267
480565,Aldi - Swn 162 - Lake Ronkonkoma,"163 Ronkonkoma Ave, Lake Ronkonkoma, NY, 11779",163 Ronkonkoma Ave,Lake Ronkonkoma,NY,11779,40.8241835,-73.1108104,ALDI,active,USA,2379241
23727,Aldi - Swn 15 - Lindenhurst,"481 Park Avenue, Lindenhurst, NY, 11757",481 Park Avenue,Lindenhurst,NY,11757,40.685365,-73.3538944,ALDI,active,USA,2379229
23686,Aldi - Tul 41 - Liverpool - Rt. 57 In Plaza,"7421 Oswego Road, Liverpool, NY, 13088",7421 Oswego Road,Liverpool,NY,13088,43.1291398,-76.2208794,ALDI,active,USA,2379315
24112,Aldi - Tul 82 - Lockport,"601 South Transit, Lockport, NY, 14094",601 South Transit,Lockport,NY,14094,43.1518991,-78.6977491,ALDI,active,USA,2379278
23884,Aldi - Tul 7 - Lyons,"20 State Route 31, Lyons, NY, 14489",20 State Route 31,Lyons,NY,14489,43.059424,-77.0022194,ALDI,active,USA,2379261
24243,Aldi - Tul 3 - Malone,"3324 State Route 11, Malone, NY, 12953",3324 State Route 11,Malone,NY,12953,44.8462246,-74.3184282,ALDI,active,USA,2379273
22826,Aldi - Tul 29 - Massena,"2 Malby Ave, Massena, NY, 13662",2 Malby Ave,Massena,NY,13662,44.9270915,-74.8779305,ALDI,active,USA,2379289
491125,Aldi - Swn 126 - Medford,"2799 Route 112 Suite 100, Medford, NY, 11763",2799 Route 112 Suite 100,Medford,NY,11763,40.8255221,-72.9932178,ALDI,active,USA,2379240
24012,Aldi - Tul 43 - Medina,"11248 Maple Ridge Road, Medina, NY, 14103",11248 Maple Ridge Road,Medina,NY,14103,43.20616,-78.39603,ALDI,active,USA,2379313
24234,Aldi - Swn 57 - Middletown,"341 State Route 211 East, Middletown, NY, 10940",341 State Route 211 East,Middletown,NY,10940,41.45605,-74.39800167,ALDI,active,USA,2379276
24241,Aldi - Swn 56 - Monticello,"121 Broadway, Monticello, NY, 12701",121 Broadway,Monticello,NY,12701,41.6516779,-74.6773082,ALDI,active,USA,2379282
39691,Aldi - Swn 11 - Nanuet,"195 East Route 59, Nanuet, NY, 10954",195 East Route 59,Nanuet,NY,10954,41.09156033,-74.00128783,ALDI,active,USA,2379253
24240,Aldi - Swn 72 - Newburgh,"13 Rte 17k, Newburgh, NY, 12550",13 Rte 17k,Newburgh,NY,12550,41.502078,-74.0515774,ALDI,active,USA,2379266
24019,Aldi - Tul 35 - New Hartford,"8432 Seneca Turnpike, New Hartford, NY, 13413",8432 Seneca Turnpike,New Hartford,NY,13413,43.08255128,-75.32541824,ALDI,active,USA,2379286
27649,Aldi - Swn 2 - New York,"517 East 117th St, New York, NY, 10035",517 East 117th St,New York,NY,10035,40.79547,-73.9318,ALDI,active,USA,2379248
612855,Aldi - Swn 18 - New York,"311 West 42nd Street, New York, NY, 10036",311 West 42nd Street,New York,NY,10036,40.7577483,-73.9904066,ALDI,active,USA,2379318
24124,Aldi - Tul 83 - Niagara Falls,"6035 Porter Road, Niagara Falls, NY, 14305",6035 Porter Road,Niagara Falls,NY,14305,43.1065234,-78.9927351,ALDI,active,USA,2379306
70381,Aldi - Swn 106 - North Babylon,"1251 Deer Park Avenue, North Babylon, NY, 11703",1251 Deer Park Avenue,North Babylon,NY,11703,40.7390854,-73.319672,ALDI,active,USA,2379245
23690,Aldi - Tul 9 - North Syracuse,"3512 Brewerton Rd, North Syracuse, NY, 13212",3512 Brewerton Rd,North Syracuse,NY,13212,43.1139649,-76.1452963,ALDI,active,USA,2379275
24252,Aldi - Tul 64 - Norwich,"6134 State Route 12, Norwich, NY, 13815",6134 State Route 12,Norwich,NY,13815,42.5500873,-75.524781,ALDI,active,USA,2379312
24113,Aldi - Tul 90 - N. Tonawanda,"3939 Niagara Falls Blvd, N Tonawanda, NY, 14120",3939 Niagara Falls Blvd,N Tonawanda,NY,14120,43.054974,-78.82793,ALDI,active,USA,2379274
24250,Aldi - Tul 23 - Ogdensburg,"1101 Park Street, Ogdensburg, NY, 13669",1101 Park Street,Ogdensburg,NY,13669,44.6929877,-75.4729958,ALDI,active,USA,2379316
22830,Aldi - Sxb 84 - Olean,"2731 West State Street, Olean, NY, 14760",2731 West State Street,Olean,NY,14760,42.0762494,-78.4617847,ALDI,active,USA,2379258
22834,Aldi - Tul 65 - Oneonta,"763 State Highway 28, Oneonta, NY, 13820",763 State Highway 28,Oneonta,NY,13820,42.4479607,-75.0522165,ALDI,active,USA,2379294
570542,Aldi - Tul 45 - Ontario,"1903 State Route 104, Ontario, NY, 14519",1903 State Route 104,Ontario,NY,14519,43.228547,-77.288875,ALDI,active,USA,2379243
164628,Aldi - Tul 98 - Orchard Park,"3366 Orchard Park Road, Orchard Park, NY, 14127",3366 Orchard Park Road,Orchard Park,NY,14127,42.79483131,-78.75172915,ALDI,active,USA,2379225
24015,Aldi - Tul 21 - Oswego,"290 Nys Rt 104 E, Oswego, NY, 13126",290 Nys Rt 104 E,Oswego,NY,13126,43.4610351,-76.4786329,ALDI,active,USA,2380319
370137,Aldi - Tul 62 - Owego,"1150 State Route 17c, Owego, NY, 13827",1150 State Route 17c,Owego,NY,13827,42.0967059,-76.231933,ALDI,active,USA,2379210
23940,Aldi - Tul 60 - Painted Post,"3133 Silverback Lane, Painted Post, NY, 14870",3133 Silverback Lane,Painted Post,NY,14870,42.1531191,-77.104763,ALDI,active,USA,2379235
22787,Aldi - Swn 3 - Patchogue,"367 Sunrise Highway North Service Road, Patchogue, NY, 11772",367 Sunrise Highway North Service Road,Patchogue,NY,11772,40.7786987,-73.0337178,ALDI,active,USA,2380307
23751,Aldi - Tul 73 - Penfield,"2208 Penfield Road, Penfield, NY, 14526",2208 Penfield Road,Penfield,NY,14526,43.1312887,-77.4383998,ALDI,active,USA,2379259
24255,Aldi - Tul 39 - Penn Yan,"204 Liberty Street, Penn Yan, NY, 14527",204 Liberty Street,Penn Yan,NY,14527,42.6589959,-77.0565363,ALDI,active,USA,2379227
24242,Aldi - Tul 2 - Plattsburgh,"328 Cornelia Street, Plattsburgh, NY, 12901",328 Cornelia Street,Plattsburgh,NY,12901,44.6986639,-73.4811249,ALDI,active,USA,2379250
24251,Aldi - Tul 6 - Potsdam,"7495 Us Highway Route 11, Potsdam, NY, 13676",7495 Us Highway Route 11,Potsdam,NY,13676,44.6662217,-75.0280269,ALDI,active,USA,2379257
24024,Aldi - Tul 25 - Pulaski,"3863 Rome Road, Pulaski, NY, 13142",3863 Rome Road,Pulaski,NY,13142,43.5591491,-76.1217573,ALDI,active,USA,2379272
24059,Aldi - Tul 118 - Queensbury,"763 Glen St, Queensbury, NY, 12804",763 Glen St,Queensbury,NY,12804,43.3288526,-73.6721079,ALDI,active,USA,2379296
12262,Aldi - Swn 1 - Rego Park,"61-11 Junction Boulevard, Rego Park, NY, 11374",61-11 Junction Boulevard,Rego Park,NY,11374,40.7334092,-73.8624106,ALDI,active,USA,2379307
164227,Aldi - Tul 180 - Rensselaer,"500 North Greenbush Road, Rensselaer, NY, 12144",500 North Greenbush Road,Rensselaer,NY,12144,42.6571316,-73.6939872,ALDI,active,USA,2379303
22839,Aldi - Swn 14 - Riverhead,"1773 Old Country Rd, Riverhead, NY, 11901",1773 Old Country Rd,Riverhead,NY,11901,40.924087,-72.70454186,ALDI,active,USA,2379292
23213,Aldi - Tul 72 - Rochester,"1733 E Ridge Rd, Rochester, NY, 14622",1733 E Ridge Rd,Rochester,NY,14622,43.2001963,-77.5706287,ALDI,active,USA,2379201
23753,Aldi - Tul 22 - Rochester,"400 Lake Avenue Suite 100, Rochester, NY, 14606",400 Lake Avenue Suite 100,Rochester,NY,14606,43.1718011,-77.6270563,ALDI,active,USA,2379228
35696,Aldi - Tul 68 - Rochester,"3170 Chili Ave Suite T3, Rochester, NY, 14624",3170 Chili Ave Suite T3,Rochester,NY,14624,43.1085423,-77.7466553,ALDI,active,USA,2379314
36685,Aldi - Tul 67 - Rochester,"175 North Winton Rd, Rochester, NY, 14610",175 North Winton Rd,Rochester,NY,14610,43.1478091,-77.5545979,ALDI,active,USA,2379280
370138,Aldi - Tul 55 - Rochester,"1925 S Clinton, Rochester, NY, 14620",1925 S Clinton,Rochester,NY,14620,43.121485,-77.594917,ALDI,active,USA,2379324
167528,Aldi - Swn 144 - Rocky Point,"75 Ny-25a, Rocky Point, NY, 11778",75 Ny-25a,Rocky Point,NY,11778,40.9458761,-72.9589287,ALDI,active,USA,2379218
24020,Aldi - Tul 15 - Rome,"205 S Madison St, Rome, NY, 13440",205 S Madison St,Rome,NY,13440,43.2116349,-75.4645588,ALDI,active,USA,2379224
23905,Aldi - Tul 235 - Schenectady,"3075 Broadway, Rotterdam, NY, 12306",3075 Broadway,Rotterdam,NY,12306,42.790834,-73.979789,ALDI,active,USA,2380267
24244,Aldi - Tul 46 - Saranac Lake,"587 Lake Flower Ave, Saranac Lake, NY, 12983",587 Lake Flower Ave,Saranac Lake,NY,12983,44.3123797,-74.1152921,ALDI,active,USA,2379260
70386,Aldi - Tul 250 - Saratoga Springs,"3 Marketplace Road, Saratoga Springs, NY, 12866",3 Marketplace Road,Saratoga Springs,NY,12866,43.1068327,-73.7451325,ALDI,active,USA,2379215
22794,Aldi - Swn 4 - Selden,"614 Middle Country Road, Selden, NY, 11784",614 Middle Country Road,Selden,NY,11784,40.8659422,-73.0328718,ALDI,active,USA,2379288
23886,Aldi - Tul 33 - Seneca Falls,"2065 Ny-5, Seneca Falls, NY, 13148",2065 Ny-5,Seneca Falls,NY,13148,42.9047881,-76.8285786,ALDI,active,USA,2380083
124436,Aldi - Swn 112 - Shirley,"855 Montauk Highway, Shirley, NY, 11967",855 Montauk Highway,Shirley,NY,11967,40.8026906,-72.86579,ALDI,active,USA,2379208
24114,Aldi - Tul 51 - Springville,"175 South Cascade Drive, Springville, NY, 14141",175 South Cascade Drive,Springville,NY,14141,42.5047749,-78.6910149,ALDI,active,USA,2379290
179086,Aldi - Swn 147 - Staten Island,"3285 Richmond Avenue, Staten Island, NY, 10312",3285 Richmond Avenue,Staten Island,NY,10312,40.5596022,-74.1679429,ALDI,active,USA,2379220
495701,Aldi - Swn 174 - Staten Island,"430 New Dorp Lane, Staten Island, NY, 10306",430 New Dorp Lane,Staten Island,NY,10306,40.568999,-74.1090388,ALDI,active,USA,2379234
24235,Aldi - Swn 66 - Stony Point,"156 South Liberty Drive, Stony Point, NY, 10980",156 South Liberty Drive,Stony Point,NY,10980,41.2180343,-73.9849083,ALDI,active,USA,2379216
23688,Aldi - Tul 17 - Syracuse,"1055 West Genesee Street, Syracuse, NY, 13204",1055 West Genesee Street,Syracuse,NY,13204,43.0533286,-76.1728351,ALDI,active,USA,2379308
23689,Aldi - Tul 4 - Syracuse,"6111 S Salina Street, Syracuse, NY, 13205",6111 S Salina Street,Syracuse,NY,13205,42.9820372,-76.141739,ALDI,active,USA,2379242
23691,Aldi - Tul 24 - Syracuse,"2015 Erie Blvd, Syracuse, NY, 13224",2015 Erie Blvd,Syracuse,NY,13224,43.0524047,-76.1145087,ALDI,active,USA,2379277
137436,Aldi - Tul 182 - Troy,"662 Hoosick Street, Troy, NY, 12180",662 Hoosick Street,Troy,NY,12180,42.741772,-73.650009,ALDI,active,USA,2380115
24022,Aldi - Tul 37 - Utica,"121 Herkimer Road, Utica, NY, 13502",121 Herkimer Road,Utica,NY,13502,43.11581,-75.20863,ALDI,active,USA,2379269
40395,Aldi - Swn 103 - Valley Stream,"750 Sunrise Highway, Valley Stream, NY, 11581",750 Sunrise Highway,Valley Stream,NY,11581,40.6630705,-73.7273748,ALDI,active,USA,2379230
23800,Aldi - Tul 50 - Vestal,"134 Vestal Parkway West, Vestal, NY, 13850",134 Vestal Parkway West,Vestal,NY,13850,42.086384,-76.054939,ALDI,active,USA,2379298
24018,Aldi - Swn 71 - Wappingers Falls,"1830 South Road, Wappingers Falls, NY, 12590",1830 South Road,Wappingers Falls,NY,12590,41.61469192,-73.91437996,ALDI,active,USA,2379212
24247,Aldi - Tul 14 - Watertown,"1165 Arsenal St, Watertown, NY, 13601",1165 Arsenal St,Watertown,NY,13601,43.9763113,-75.9415157,ALDI,active,USA,2379321
24248,Aldi - Tul 27 - W. Carthage,"14 N Broad St, W Carthage, NY, 13619",14 N Broad St,W Carthage,NY,13619,43.968928,-75.6236275,ALDI,active,USA,2379252
68621,Aldi - Tul 93 - Webster,"915 Ridge Road, Webster, NY, 14580",915 Ridge Road,Webster,NY,14580,43.2068733,-77.4658143,ALDI,active,USA,2379231
24120,Aldi - Tul 92 - West Seneca,"1980 Ridge Rd, West Seneca, NY, 14224",1980 Ridge Rd,West Seneca,NY,14224,42.8307241,-78.7784769,ALDI,active,USA,2380147
24121,Aldi - 865 Harlem Rd,"865 Harlem Rd, West Seneca, NY, 14224",865 Harlem Rd,West Seneca,NY,14224,42.8665261,-78.7861557,ALDI,active,USA,2380316
144413,Aldi - Tul 87 - Williamsville,"5395 Sheridan Drive, Williamsville, NY, 14221",5395 Sheridan Drive,Williamsville,NY,14221,42.9780053,-78.7342695,ALDI,active,USA,2380082
24118,Aldi - Tul 89 - Williamsville,"4259 Transit Rd, Williamsville, NY, 14221",4259 Transit Rd,Williamsville,NY,14221,42.9637373,-78.694835,ALDI,active,USA,2380235
24021,Aldi - Tul 36 - Yorkville,"315 Oriskany Blvd, Yorkville, NY, 13495",315 Oriskany Blvd,Yorkville,NY,13495,43.112855,-75.2762519,ALDI,active,USA,2379320
23804,Aldi - Hin 30 - Akron,"1333 South Arlington St, Akron, OH, 44306",1333 South Arlington St,Akron,OH,44306,41.0360485,-81.4904651,ALDI,active,USA,2379351
23805,Aldi - Hin 27 - Akron,"1620 Brittain Road, Akron, OH, 44310",1620 Brittain Road,Akron,OH,44310,41.1069301,-81.4674259,ALDI,active,USA,2379420
23806,Aldi - Hin 11 - Akron,"772 S Main St, Akron, OH, 44311",772 S Main St,Akron,OH,44311,41.0653303,-81.5273712,ALDI,active,USA,2379424
23807,Aldi - Hin 35 - Akron,"2100 Romig Road, Akron, OH, 44320",2100 Romig Road,Akron,OH,44320,41.0563038,-81.5826947,ALDI,active,USA,2379401
396441,Aldi - Hin 93 - Akron,"1880 West Market, Akron, OH, 44313",1880 West Market,Akron,OH,44313,41.1109109,-81.576431,ALDI,active,USA,2380086
471253,Aldi - Hin 102 - Akron,"2981 S Arlington Rd, Akron, OH, 44312",2981 S Arlington Rd,Akron,OH,44312,40.9904017,-81.4915252,ALDI,active,USA,2379390
24459,Aldi - Hin 63 - Alliance,"2150 W State St, Alliance, OH, 44601",2150 W State St,Alliance,OH,44601,40.9010831,-81.14174,ALDI,active,USA,2379389
508873,Aldi - Spr 95 - Batavia Township,"1386 State Route 125, Amelia, OH, 45102",1386 State Route 125,Amelia,OH,45102,39.0385036,-84.2318601,ALDI,active,USA,2379381
24441,Aldi - Hin 58 - Amherst,"2241 Kresge Drive, Amherst, OH, 44001",2241 Kresge Drive,Amherst,OH,44001,41.4152871,-82.2067912,ALDI,active,USA,2379379
24465,Aldi - Hin 28 - Ashland,"1033 Commerce Parkway, Ashland, OH, 44805",1033 Commerce Parkway,Ashland,OH,44805,40.8575867,-82.2706694,ALDI,active,USA,2379348
24442,Aldi - Hin 15 - Ashtabula,"3124 North Ridge East, Ashtabula, OH, 44004",3124 North Ridge East,Ashtabula,OH,44004,41.8775643,-80.7546114,ALDI,active,USA,2379375
24479,Aldi - Spr 14 - Athens,"932 E State St, Athens, OH, 45701",932 E State St,Athens,OH,45701,39.3378901,-82.0658244,ALDI,active,USA,2379364
23765,Aldi - Hin 46 - Aurora,"7050 Aurora Road, Aurora, OH, 44202",7050 Aurora Road,Aurora,OH,44202,41.3561298,-81.3881413,ALDI,active,USA,2379458
24458,Aldi - Hin 36 - Austintown,"5863 Mahoning Avenue, Austintown, OH, 44515",5863 Mahoning Avenue,Austintown,OH,44515,41.0986735,-80.7722733,ALDI,active,USA,2379342
23808,Aldi - Hin 45 - Avon,"35920 Chester Road, Avon, OH, 44011",35920 Chester Road,Avon,OH,44011,41.4677946,-82.0184897,ALDI,active,USA,2379429
23473,Aldi - Spr 75 - Beavercreek,"2451 Lakeview Drive, Beavercreek, OH, 45431",2451 Lakeview Drive,Beavercreek,OH,45431,39.760047,-84.051069,ALDI,active,USA,2380192
24432,Aldi - Spr 32 - Bellefontaine,"2175 Us Highway 68 S, Bellefontaine, OH, 43311",2175 Us Highway 68 S,Bellefontaine,OH,43311,40.330058,-83.759364,ALDI,active,USA,2379443
24457,Aldi - Hin 37 - Boardman,"6600 South Avenue, Boardman, OH, 44512",6600 South Avenue,Boardman,OH,44512,41.0312844,-80.6353648,ALDI,active,USA,2380214
23724,Aldi - Hin 71 - Bowling Green,"1010 S Main St, Bowling Green, OH, 43402",1010 S Main St,Bowling Green,OH,43402,41.3599389,-83.651883,ALDI,active,USA,2379430
142051,Aldi - Hin 80 - Broadview Heights,"1500 West Royalton Road, Broadview Heights, OH, 44147",1500 West Royalton Road,Broadview Heights,OH,44147,41.3146033,-81.6899447,ALDI,active,USA,2379416
23763,Aldi - Hin 29 - Brooklyn,"5170 Tiedeman Rd, Brooklyn, OH, 44144",5170 Tiedeman Rd,Brooklyn,OH,44144,41.4202638,-81.7594748,ALDI,active,USA,2380234
24445,Aldi - Hin 72 - Brunswick,"4221 Center Rd, Brunswick, OH, 44212",4221 Center Rd,Brunswick,OH,44212,41.2391697,-81.8376901,ALDI,active,USA,2379464
614839,Aldi - Hin 108 - Bryan,"1210 S Main St, Bryan, OH, 43506",1210 S Main St,Bryan,OH,43506,41.4605524,-84.5530947,ALDI,active,USA,2379349
122819,Aldi - Hin 79 - Bucyrus,"1885 E Mansfield Street, Bucyrus, OH, 44820",1885 E Mansfield Street,Bucyrus,OH,44820,40.8116658,-82.9445891,ALDI,active,USA,2379433
24436,Aldi - Spr 4 - Cambridge,"61240 Southgate Rd, Cambridge, OH, 43725",61240 Southgate Rd,Cambridge,OH,43725,39.989819,-81.572784,ALDI,active,USA,2379452
24042,Aldi - Spr 35 - Canal Winchester,"720 W Waterloo St, Canal Winchester, OH, 43110",720 W Waterloo St,Canal Winchester,OH,43110,39.8563023,-82.8257302,ALDI,active,USA,2379465
178408,Aldi - Hin 94 - Canfield,"4165 Westford Place, Canfield, OH, 44406",4165 Westford Place,Canfield,OH,44406,41.0233784,-80.7266529,ALDI,active,USA,2379398
172965,Aldi - Hin 90 - Canton,"3801 Harmont Avenue Ne, Canton, OH, 44705",3801 Harmont Avenue Ne,Canton,OH,44705,40.8379431,-81.3275429,ALDI,active,USA,2379340
22743,Aldi - Hin 54 - Canton,"4082 Belden Village Street Northwest, Canton, OH, 44718",4082 Belden Village Street Northwest,Canton,OH,44718,40.854328,-81.42485,ALDI,active,USA,2380158
24483,Aldi - Spr 31 - Celina,"2001 Havemann Rd, Celina, OH, 45822",2001 Havemann Rd,Celina,OH,45822,40.5577698,-84.5380274,ALDI,active,USA,2379400
23475,Aldi - Spr 63 - Centerville,"6250 Wilmington Pike, Centerville, OH, 45459",6250 Wilmington Pike,Centerville,OH,45459,39.6464273,-84.1076139,ALDI,active,USA,2380145
165967,Aldi - Hin 85 - Chagrin Falls,"8368 Washington Street, Chagrin Falls, OH, 44023",8368 Washington Street,Chagrin Falls,OH,44023,41.41424787,-81.34388535,ALDI,active,USA,2379341
23814,Aldi - Hin 19 - Chardon,"302 Center Street, Chardon, OH, 44024",302 Center Street,Chardon,OH,44024,41.5840247,-81.2130668,ALDI,active,USA,2379368
24476,Aldi - Spr 33 - Chillicothe,"1075 N Bridge St, Chillicothe, OH, 45601",1075 N Bridge St,Chillicothe,OH,45601,39.3583186,-82.9739066,ALDI,active,USA,2379410
20684,Aldi - Spr 43 - Cincinnati,"9450 Fields Ertel Road, Cincinnati, OH, 45249",9450 Fields Ertel Road,Cincinnati,OH,45249,39.2916531,-84.300285,ALDI,active,USA,2379361
20704,Aldi - Spr 25 - Cincinnati,"5505 Ridge Avenue, Cincinnati, OH, 45213",5505 Ridge Avenue,Cincinnati,OH,45213,39.1720697,-84.4278467,ALDI,active,USA,2379329
20705,Aldi - Spr 59 - Cincinnati,"821 Clepper Lane, Cincinnati, OH, 45245",821 Clepper Lane,Cincinnati,OH,45245,39.0913577,-84.2652752,ALDI,active,USA,2379382
20706,Aldi - Spr 44 - Cincinnati,"8594 Beechmont Ave, Cincinnati, OH, 45255",8594 Beechmont Ave,Cincinnati,OH,45255,39.0736068,-84.315263,ALDI,active,USA,2379387
20737,Aldi - Spr 40 - Cincinnati,"5555 Glenway Avenue, Cincinnati, OH, 45238",5555 Glenway Avenue,Cincinnati,OH,45238,39.1312595,-84.6107863,ALDI,active,USA,2379370
20739,Aldi - Spr 55 - Cincinnati,"9490 Colerain Ave, Cincinnati, OH, 45251",9490 Colerain Ave,Cincinnati,OH,45251,39.2440976,-84.5936012,ALDI,active,USA,2379427
24429,Aldi - Spr 34 - Circleville,"23455 Us Highway 23 S, Circleville, OH, 43113",23455 Us Highway 23 S,Circleville,OH,43113,39.5888509,-82.955953,ALDI,active,USA,2379359
164622,Aldi - Hin 84 - Cleveland,"14651 Lorain Avenue, Cleveland, OH, 44111",14651 Lorain Avenue,Cleveland,OH,44111,41.4530184,-81.7985651,ALDI,active,USA,2379363
23458,Aldi - Hin 66 - Cleveland,"7500 Euclid Avenue, Cleveland, OH, 44103",7500 Euclid Avenue,Cleveland,OH,44103,41.5036091,-81.6364725,ALDI,active,USA,2379330
23459,Aldi - Hin 34 - Cleveland,"10815 Kinsman, Cleveland, OH, 44104",10815 Kinsman,Cleveland,OH,44104,41.4697375,-81.6084202,ALDI,active,USA,2379391
23757,Aldi - Hin 25 - Cleveland,"3586 Steel Yard Drive, Cleveland, OH, 44109",3586 Steel Yard Drive,Cleveland,OH,44109,41.4559023,-81.6897444,ALDI,active,USA,2379423
143697,Aldi - Spr 73 - Columbus,"5455 N High Street, Columbus, OH, 43214",5455 N High Street,Columbus,OH,43214,40.0742348,-83.019437,ALDI,active,USA,2379345
178404,Aldi - Spr 83 - Columbus,"1393 Edgehill Road, Columbus, OH, 43212",1393 Edgehill Road,Columbus,OH,43212,39.98772949,-83.02926034,ALDI,active,USA,2379409
24046,Aldi - Spr 39 - Columbus,"3600 S High St, Columbus, OH, 43207",3600 S High St,Columbus,OH,43207,39.8871862,-82.9966032,ALDI,active,USA,2379437
24047,Aldi - Spr 29 - Columbus,"2395 Silver Dr, Columbus, OH, 43211",2395 Silver Dr,Columbus,OH,43211,40.0126599,-82.9954277,ALDI,active,USA,2379426
24049,Aldi - Spr 22 - Columbus,"4664 Sawmill Rd, Columbus, OH, 43220",4664 Sawmill Rd,Columbus,OH,43220,40.0631766,-83.0922089,ALDI,active,USA,2379438
24050,Aldi - Spr 50 - Columbus,"1331 W Mound St, Columbus, OH, 43223",1331 W Mound St,Columbus,OH,43223,39.94551,-83.0341163,ALDI,active,USA,2379402
24051,Aldi - Spr 23 - Columbus,"5487 W Broad St, Columbus, OH, 43228",5487 W Broad St,Columbus,OH,43228,39.9503416,-83.1461787,ALDI,active,USA,2379352
24052,Aldi - Spr 53 - Columbus,"2296 Morse Rd, Columbus, OH, 43229",2296 Morse Rd,Columbus,OH,43229,40.0611289,-82.9587428,ALDI,active,USA,2379380
24053,Aldi - Spr 37 - Columbus (Gahanna),"5531 N Hamilton Rd, Columbus, OH, 43230",5531 N Hamilton Rd,Columbus,OH,43230,40.0695035,-82.8640504,ALDI,active,USA,2379449
24452,Aldi - Hin 74 - Cortland,"2120 Elm Street, Cortland, OH, 44410",2120 Elm Street,Cortland,OH,44410,41.2759657,-80.7754944,ALDI,active,USA,2379373
24437,Aldi - Hin 55 - Coshocton,"811 South Second Street, Coshocton, OH, 43812",811 South Second Street,Coshocton,OH,43812,40.261561,-81.8707951,ALDI,active,USA,2379421
23474,Aldi - Spr 76 - West Carrollton,"2619 Miamisburg Centerville, Dayton, OH, 45459",2619 Miamisburg Centerville,Dayton,OH,45459,39.6369683,-84.2175685,ALDI,active,USA,2379325
24434,Aldi - Hin 67 - Defiance,"950 N Clinton Street, Defiance, OH, 43512",950 N Clinton Street,Defiance,OH,43512,41.2996126,-84.3620092,ALDI,active,USA,2379444
24030,Aldi - Spr 2 - Delaware,"973 Sunbury Rd, Delaware, OH, 43015",973 Sunbury Rd,Delaware,OH,43015,40.2952649,-83.0357181,ALDI,active,USA,2379394
24438,Aldi - Sxb 23 - East Liverpool,"15849 Sr 170, East Liverpool, OH, 43920",15849 Sr 170,East Liverpool,OH,43920,40.6720016,-80.5829875,ALDI,active,USA,2379365
177950,Aldi - Hin 88 - Elyria,"38275 Chestnut Ridge Rd, Elyria, OH, 44035",38275 Chestnut Ridge Rd,Elyria,OH,44035,41.3430486,-82.065953,ALDI,active,USA,2379451
23469,Aldi - Spr 42 - Englewood,"1190 S Main St, Englewood, OH, 45322",1190 S Main St,Englewood,OH,45322,39.8613097,-84.2814526,ALDI,active,USA,2379385
23460,Aldi - Hin 40 - Euclid,"22300 Lake Shore Blvd, Euclid, OH, 44123",22300 Lake Shore Blvd,Euclid,OH,44123,41.6092081,-81.526075,ALDI,active,USA,2379460
20683,Aldi - Spr 41 - Evendale,"10400 Reading Road, Evendale, OH, 45241",10400 Reading Road,Evendale,OH,45241,39.2525982,-84.4208824,ALDI,active,USA,2380236
31612,Aldi - Spr 45 - Fairfield,"5065 Pleasant Ave, Fairfield, OH, 45014",5065 Pleasant Ave,Fairfield,OH,45014,39.3415818,-84.5607906,ALDI,active,USA,2379343
24451,Aldi - Hin 8 - Fairlawn,"120 S Cleveland Massillon, Fairlawn, OH, 44333",120 S Cleveland Massillon,Fairlawn,OH,44333,41.1326222,-81.637683,ALDI,active,USA,2379406
23758,Aldi - Hin 13 - Fairview Park,"21329 Center Ridge Road, Fairview Park, OH, 44116",21329 Center Ridge Road,Fairview Park,OH,44116,41.4597367,-81.8559334,ALDI,active,USA,2380238
24484,Aldi - Hin 41 - Findlay,"2227 Tiffin Ave, Findlay, OH, 45840",2227 Tiffin Ave,Findlay,OH,45840,41.0546389,-83.5975466,ALDI,active,USA,2379463
20680,Aldi - Spr 64 - Franklin,"3634 S Dixie Hwy, Franklin, OH, 45005",3634 S Dixie Hwy,Franklin,OH,45005,39.497664,-84.335482,ALDI,active,USA,2379332
24433,Aldi - Hin 3 - Fremont,"2096 Enterprise Street, Fremont, OH, 43420",2096 Enterprise Street,Fremont,OH,43420,41.37405,-83.11591,ALDI,active,USA,2379428
24477,Aldi - Spr 11 - Gallipolis,"176 Upper River Rd, Gallipolis, OH, 45631",176 Upper River Rd,Gallipolis,OH,45631,38.829693,-82.161045,ALDI,active,USA,2379419
400186,Aldi - Hin 98 - Garfield Heights,"12782 Rockside Rd Suite 100, Garfield Heights, OH, 44125",12782 Rockside Rd Suite 100,Garfield Heights,OH,44125,41.3998429,-81.5958833,ALDI,active,USA,2380233
24471,Aldi - Spr 61 - Greenville,"415 Wagner Ave, Greenville, OH, 45331",415 Wagner Ave,Greenville,OH,45331,40.1138105,-84.6216261,ALDI,active,USA,2379377
24043,Aldi - Spr 51 - Grove City,"2398 Stringtown Road, Grove City, OH, 43123",2398 Stringtown Road,Grove City,OH,43123,39.8823706,-83.066538,ALDI,active,USA,2379466
24038,Aldi - Spr 10 - Reynoldsburg,"3945 S Hamilton Rd, Groveport, OH, 43125",3945 S Hamilton Rd,Groveport,OH,43125,39.8942582,-82.8836133,ALDI,active,USA,2379448
20751,Aldi - Spr 19 - Hamilton,"1431 Main Street, Hamilton, OH, 45013",1431 Main Street,Hamilton,OH,45013,39.4230707,-84.5947535,ALDI,active,USA,2379446
24460,Aldi - Hin 43 - Hartville,"1250 W Maple Street, Hartville, OH, 44632",1250 W Maple Street,Hartville,OH,44632,40.969191,-81.353387,ALDI,active,USA,2379376
24034,Aldi - Spr 54 - Heath,"963b Hebron Rd, Heath, OH, 43056",963b Hebron Rd,Heath,OH,43056,40.0263883,-82.4468931,ALDI,active,USA,2379337
30572,Aldi - Spr 24 - Hilliard,"4489 Cemetery Road, Hilliard, OH, 43026",4489 Cemetery Road,Hilliard,OH,43026,40.0308197,-83.1354563,ALDI,active,USA,2379366
39890,Aldi - Spr 79 - Hilliard,"1786 Hilliard Rome Rd, Hilliard, OH, 43026",1786 Hilliard Rome Rd,Hilliard,OH,43026,39.9884642,-83.1485673,ALDI,active,USA,2379362
538558,Aldi - Spr 102 - Hillsboro,"211 Harry Sauner Road, Hillsboro, OH, 45133",211 Harry Sauner Road,Hillsboro,OH,45133,39.2269442,-83.6141685,ALDI,active,USA,2379331
23719,Aldi - Hin 32 - Holland,"7101 Spring Meadows West, Holland, OH, 43528",7101 Spring Meadows West,Holland,OH,43528,41.6108473,-83.7115202,ALDI,active,USA,2379454
23472,Aldi - Spr 16 - Huber Heights,"6300 Brandt Pike, Huber Heights, OH, 45424",6300 Brandt Pike,Huber Heights,OH,45424,39.8438261,-84.1141532,ALDI,active,USA,2380219
145235,Aldi - Hin 83 - Kent,"110 Brimfield Ridge Circle, Kent, OH, 44240",110 Brimfield Ridge Circle,Kent,OH,44240,41.10134,-81.39003,ALDI,active,USA,2379457
23471,Aldi - Spr 77 - Kettering,"1940 E Dorothy Ln, Kettering, OH, 45420",1940 E Dorothy Ln,Kettering,OH,45420,39.70224,-84.12948,ALDI,active,USA,2380149
23756,Aldi - Hin 33 - Lakewood,"1600 W 117th Street, Lakewood, OH, 44107",1600 W 117th Street,Lakewood,OH,44107,41.4781576,-81.769864,ALDI,active,USA,2379384
24044,Aldi - Spr 74 - Lancaster,"1904 N Memorial Drive, Lancaster, OH, 43130",1904 N Memorial Drive,Lancaster,OH,43130,39.7337405,-82.62074,ALDI,active,USA,2379354
20681,Aldi - Spr 47 - Lebanon,"1280 Columbus Avenue, Lebanon, OH, 45036",1280 Columbus Avenue,Lebanon,OH,45036,39.4518616,-84.1794534,ALDI,active,USA,2379407
24031,Aldi - Spr 3 - Lewis Center,"8156 Orange Centre Dr, Lewis Center, OH, 43035",8156 Orange Centre Dr,Lewis Center,OH,43035,40.173372,-83.0206121,ALDI,active,USA,2379467
167529,Aldi - Spr 86 - Monroe,"5418 Liberty Square Dr, Liberty Township, OH, 45011",5418 Liberty Square Dr,Liberty Township,OH,45011,39.4184724,-84.4748895,ALDI,active,USA,2380272
24481,Aldi - Spr 71 - Lima,"2290 Harding Highway, Lima, OH, 45804",2290 Harding Highway,Lima,OH,45804,40.7302642,-84.0636584,ALDI,active,USA,2379358
24482,Aldi - Spr 70 - Lima,"3285 Elida Rd, Lima, OH, 45805",3285 Elida Rd,Lima,OH,45805,40.7688474,-84.1638745,ALDI,active,USA,2379403
538566,Aldi - Spr 101 - London,"1050 Eagleton Boulevard, London, OH, 43140",1050 Eagleton Boulevard,London,OH,43140,39.9093869,-83.4264944,ALDI,active,USA,2379335
23461,Aldi - Hin 60 - The Crossroads Shopper Center,"5144 Mayfield Road, Lyndhurst, OH, 44124",5144 Mayfield Road,Lyndhurst,OH,44124,41.51887,-81.4944425,ALDI,active,USA,2380122
23764,Aldi - Hin 12 - Macedonia,"371 East Aurora Road, Macedonia, OH, 44067",371 East Aurora Road,Macedonia,OH,44067,41.3149989,-81.5252707,ALDI,active,USA,2380225
24443,Aldi - Hin 42 - Madison,"6521 N Ridge Road, Madison, OH, 44057",6521 N Ridge Road,Madison,OH,44057,41.80278,-81.0533,ALDI,active,USA,2378004
24480,Aldi - Spr 12 - Marietta,"708 Pike St, Marietta, OH, 45750",708 Pike St,Marietta,OH,45750,39.4061849,-81.4204314,ALDI,active,USA,2379350
24431,Aldi - Spr 30 - Marion,"1916 Mrn Mt Gilead Rd, Marion, OH, 43302",1916 Mrn Mt Gilead Rd,Marion,OH,43302,40.582479,-83.078774,ALDI,active,USA,2379459
24032,Aldi - Spr 20 - Marysville,"15740 Us-36 E, Marysville, OH, 43040",15740 Us-36 E,Marysville,OH,43040,40.2414654,-83.3404311,ALDI,active,USA,2380326
164225,Aldi - Hin 89 - Massillon,"2624 Lincoln Way East, Massillon, OH, 44646",2624 Lincoln Way East,Massillon,OH,44646,40.7974785,-81.4851444,ALDI,active,USA,2379386
39892,Aldi - Hin 76 - Massillon,"3541 Erie Street South, Massillon, OH, 44646",3541 Erie Street South,Massillon,OH,44646,40.757272,-81.516332,ALDI,active,USA,2379374
36622,Aldi - Hin 75 - Eastgate Shopping Center,"1385 Som Center Rd, Mayfield, OH, 44124",1385 Som Center Rd,Mayfield,OH,44124,41.5224563,-81.4371291,ALDI,active,USA,2380293
24447,Aldi - Hin 18 - Medina,"3444 Medina Road, Medina, OH, 44256",3444 Medina Road,Medina,OH,44256,41.1352802,-81.810224,ALDI,active,USA,2379408
24448,Aldi - Hin 4 - Medina,"1180 North Court Street, Medina, OH, 44256",1180 North Court Street,Medina,OH,44256,41.1579559,-81.8611088,ALDI,active,USA,2379355
23815,Aldi - Hin 39 - Mentor,"7885 Mentor Avenue, Mentor, OH, 44060",7885 Mentor Avenue,Mentor,OH,44060,41.6621564,-81.3590263,ALDI,active,USA,2379344
179792,Aldi - Hin 92 - Middleburg Heights,"6820 Pearl Rd, Middleburg Heights, OH, 44130",6820 Pearl Rd,Middleburg Heights,OH,44130,41.3804562,-81.7873309,ALDI,active,USA,2380156
23759,Aldi - Hin 1 - Middleburg Heights,"18324 Bagley Road, Middleburg Heights, OH, 44130",18324 Bagley Road,Middleburg Heights,OH,44130,41.3729881,-81.8296621,ALDI,active,USA,2380169
35531,Aldi - Hin 23 - Middlefield,"14955 Springdale Ave, Middlefield, OH, 44062",14955 Springdale Ave,Middlefield,OH,44062,41.4618658,-81.0843909,ALDI,active,USA,2380085
178405,Aldi - Spr 57 - Milford,"5959 Lorven Drive, Milford, OH, 45150",5959 Lorven Drive,Milford,OH,45150,39.1960735,-84.229242,ALDI,active,USA,2379369
24428,Aldi - Spr 1 - Mount Vernon,"1545 Coshocton Ave, Mount Vernon, OH, 43050",1545 Coshocton Ave,Mount Vernon,OH,43050,40.403967,-82.4443429,ALDI,active,USA,2379347
144406,Aldi - Spr 84 - New Albany,"9895 Johnstown Road (Us 62), New Albany, OH, 43054",9895 Johnstown Road (Us 62),New Albany,OH,43054,40.0921632,-82.791344,ALDI,active,USA,2379396
24033,Aldi - Spr 36 - Newark,"1350 N 21st St, Newark, OH, 43055",1350 N 21st St,Newark,OH,43055,40.0841612,-82.4257173,ALDI,active,USA,2379397
24461,Aldi - Hin 6 - New Philadelphia,"1187 W High Street, New Philadelphia, OH, 44663",1187 W High Street,New Philadelphia,OH,44663,40.4937673,-81.469673,ALDI,active,USA,2379413
144412,Aldi - Hin 86 - North Canton,"8100 Cleveland Ave Nw, North Canton, OH, 44270",8100 Cleveland Ave Nw,North Canton,OH,44270,40.90334,-81.40565,ALDI,active,USA,2379399
23812,Aldi - Hin 68 - North Olmsted,"4692 Great Northern Blvd, North Olmsted, OH, 44070",4692 Great Northern Blvd,North Olmsted,OH,44070,41.4206767,-81.9029405,ALDI,active,USA,2379333
23462,Aldi - Hin 47 - North Randall,"4650 Northfield Rd, North Randall, OH, 44128",4650 Northfield Rd,North Randall,OH,44128,41.4306464,-81.5268422,ALDI,active,USA,2380291
23811,Aldi - Hin 52 - North Ridgeville,"35111 Center Ridge Road, North Ridgeville, OH, 44039",35111 Center Ridge Road,North Ridgeville,OH,44039,41.3924095,-82.0070345,ALDI,active,USA,2379425
24466,Aldi - Hin 10 - Norwalk,"195 Milan Ave, Norwalk, OH, 44857",195 Milan Ave,Norwalk,OH,44857,41.25825,-82.61225,ALDI,active,USA,2379418
144411,Aldi - Hin 82 - Oberlin,"14930 St Rt 58, Oberlin, OH, 44074",14930 St Rt 58,Oberlin,OH,44074,41.26668,-82.21882,ALDI,active,USA,2380084
24469,Aldi - Hin 48 - Ontario,"955 N Lexington-Springmill, Ontario, OH, 44906",955 N Lexington-Springmill,Ontario,OH,44906,40.7784344,-82.5910252,ALDI,active,USA,2379393
23723,Aldi - Hin 61 - Oregon,"3728 Navarre Avenue, Oregon, OH, 43616",3728 Navarre Avenue,Oregon,OH,43616,41.637078,-83.459064,ALDI,active,USA,2379461
23816,Aldi - Hin 16 - Painesville,"2045 Mentor Avenue, Painesville, OH, 44077",2045 Mentor Avenue,Painesville,OH,44077,41.688299,-81.288345,ALDI,active,USA,2379412
380653,Aldi - Hin 103 - Parma,"6805 Ridge Rd, Parma, OH, 44129",6805 Ridge Rd,Parma,OH,44129,41.379679,-81.733721,ALDI,active,USA,2380241
40028,Aldi - Hin 49 - Parma,"1770 Snow Road, Parma, OH, 44134",1770 Snow Road,Parma,OH,44134,41.4064537,-81.6945919,ALDI,active,USA,2380178
24045,Aldi - Spr 7 - Pickerington,"1400 Hill Rd North, Pickerington, OH, 43147",1400 Hill Rd North,Pickerington,OH,43147,39.918432,-82.780493,ALDI,active,USA,2379441
24472,Aldi - Spr 60 - Piqua,"1243 E Ash St Ste 100, Piqua, OH, 45356",1243 E Ash St Ste 100,Piqua,OH,45356,40.1493998,-84.2121524,ALDI,active,USA,2379447
24036,Aldi - Spr 27 - Plain City,"7390 State Route 161 E, Plain City, OH, 43064",7390 State Route 161 E,Plain City,OH,43064,40.1098015,-83.190955,ALDI,active,USA,2379404
370124,Aldi - Hin 95 - Poland,"3236 Center Rd, Poland, OH, 44514",3236 Center Rd,Poland,OH,44514,41.024164,-80.59059,ALDI,active,USA,2380232
24478,Aldi - Spr 13 - Portsmouth,"2339 Gallia St, Portsmouth, OH, 45662",2339 Gallia St,Portsmouth,OH,45662,38.7404726,-82.9693938,ALDI,active,USA,2379442
24037,Aldi - Spr 6 - Powell,"9965 Sawmill Parkway, Powell, OH, 43065",9965 Sawmill Parkway,Powell,OH,43065,40.1537267,-83.0912952,ALDI,active,USA,2379327
24449,Aldi - Hin 53 - Ravenna,"1350 E Main Street, Ravenna, OH, 44266",1350 E Main Street,Ravenna,OH,44266,41.1563458,-81.2214971,ALDI,active,USA,2379338
24039,Aldi - Spr 38 - Reynoldsburg,"8301 E Broad St, Reynoldsburg, OH, 43068",8301 E Broad St,Reynoldsburg,OH,43068,39.98630531,-82.78150598,ALDI,active,USA,2379360
23718,Aldi - Hin 2 - Rossford,"9806 South Compass Dr, Rossford, OH, 43460",9806 South Compass Dr,Rossford,OH,43460,41.5473271,-83.5838368,ALDI,active,USA,2379417
24453,Aldi - Hin 14 - Salem,"2495 East State Street, Salem, OH, 44460",2495 East State Street,Salem,OH,44460,40.90056,-80.82524,ALDI,active,USA,2379456
24467,Aldi - Hin 62 - Sandusky,"3612 Milan Road, Sandusky, OH, 44870",3612 Milan Road,Sandusky,OH,44870,41.42462601,-82.67962789,ALDI,active,USA,2379432
23760,Aldi - Hin 17 - Seven Hills,"7305 Broadview Road, Seven Hills, OH, 44131",7305 Broadview Road,Seven Hills,OH,44131,41.3673678,-81.6837131,ALDI,active,USA,2380124
23809,Aldi - Hin 5 - Sheffield Village,"5216 Detroit Rd, Sheffield Village, OH, 44035",5216 Detroit Rd,Sheffield Village,OH,44035,41.4245612,-82.0793073,ALDI,active,USA,2380144
24473,Aldi - Spr 46 - Sidney,"2500 Michigan St, Sidney, OH, 45365",2500 Michigan St,Sidney,OH,45365,40.2885559,-84.1934199,ALDI,active,USA,2379371
39869,Aldi - Hin 78 - Solon,"6217 Som Center Road, Solon, OH, 44139",6217 Som Center Road,Solon,OH,44139,41.3901443,-81.435843,ALDI,active,USA,2379372
172959,Aldi - Spr 94 - South Point (Township Rd),"228 Township Rd 1430, South Point, OH, 45680",228 Township Rd 1430,South Point,OH,45680,38.416889,-82.5097225,ALDI,active,USA,2379367
492886,Aldi - Spr 199 - Springboro,"827 W Central Ave, Springboro, OH, 45066",827 W Central Ave,Springboro,OH,45066,39.5612161,-84.2619872,ALDI,active,USA,2379388
20738,Aldi - Spr 56 - Forest Park,"425 E Kemper Rd, Springdale, OH, 45246",425 E Kemper Rd,Springdale,OH,45246,39.2865214,-84.4627964,ALDI,active,USA,2380285
24475,Aldi - Spr 66 - Springfield,"2091 N Bechtle Ave, Springfield, OH, 45504",2091 N Bechtle Ave,Springfield,OH,45504,39.9536524,-83.8291962,ALDI,active,USA,2379334
24439,Aldi - Sxb 25 - St. Clairsville,"68525 Addie Way, St Clairsville, OH, 43950",68525 Addie Way,St Clairsville,OH,43950,40.078979,-80.871571,ALDI,active,USA,2379435
24440,Aldi - Sxb 24 - Steubenville,"4150 Mall Drive, Steubenville, OH, 43952",4150 Mall Drive,Steubenville,OH,43952,40.3697087,-80.6721817,ALDI,active,USA,2379415
24446,Aldi - Hin 69 - Stow,"3804 Fishcreek Road, Stow, OH, 44224",3804 Fishcreek Road,Stow,OH,44224,41.1591304,-81.4017007,ALDI,active,USA,2379434
370122,Aldi - Hin 91 - Streetsboro,"9570 State Route 14, Streetsboro, OH, 44241",9570 State Route 14,Streetsboro,OH,44241,41.2464783,-81.3580563,ALDI,active,USA,2379392
23762,Aldi - Hin 38 - Strongsville,"14267 Pearl Road, Strongsville, OH, 44136",14267 Pearl Road,Strongsville,OH,44136,41.3115363,-81.8339633,ALDI,active,USA,2379395
23720,Aldi - Hin 20 - Sylvania,"5539 Monroe Street, Sylvania, OH, 43560",5539 Monroe Street,Sylvania,OH,43560,41.7060884,-83.6673397,ALDI,active,USA,2379455
24468,Aldi - Hin 51 - Tiffin,"2124 West Market Street, Tiffin, OH, 44883",2124 West Market Street,Tiffin,OH,44883,41.11039,-83.211063,ALDI,active,USA,2379411
23721,Aldi - Hin 22 - Toledo,"1430 East Alexis Road, Toledo, OH, 43612",1430 East Alexis Road,Toledo,OH,43612,41.7220986,-83.5129595,ALDI,active,USA,2379450
370123,Aldi - Hin 96 - Toledo,"3160 Percentum Rd, Toledo, OH, 43617",3160 Percentum Rd,Toledo,OH,43617,41.6757865,-83.7102309,ALDI,active,USA,2379414
172949,Aldi - Spr 68 - Troy,"50 Troy Town Dr, Troy, OH, 45373",50 Troy Town Dr,Troy,OH,45373,40.0524419,-84.2382112,ALDI,active,USA,2379436
24462,Aldi - Hin 24 - Uniontown,"4055 Massillon Road, Uniontown, OH, 44685",4055 Massillon Road,Uniontown,OH,44685,40.952778,-81.465827,ALDI,active,USA,2379422
122286,Aldi - Spr 78 - Upper Arlington,"3280 Tremont Road, Upper Arlington, OH, 43221",3280 Tremont Road,Upper Arlington,OH,43221,40.0236755,-83.0577834,ALDI,active,USA,2380237
164224,Aldi - Spr 69 - Urbana,"735 Scioto Street, Urbana, OH, 43078",735 Scioto Street,Urbana,OH,43078,40.1059557,-83.7363909,ALDI,active,USA,2379383
177952,Aldi - Spr 62 - Vandalia,"6415 Miller Ln, Vandalia, OH, 45414",6415 Miller Ln,Vandalia,OH,45414,39.84054931,-84.19222271,ALDI,active,USA,2380200
24450,Aldi - Hin 73 - Wadsworth,"174 Park Centre Drive, Wadsworth, OH, 44281",174 Park Centre Drive,Wadsworth,OH,44281,41.0489266,-81.7266486,ALDI,active,USA,2379353
24485,Aldi - Spr 72 - Wapakoneta,"1246 Bellefontaine St, Wapakoneta, OH, 45895",1246 Bellefontaine St,Wapakoneta,OH,45895,40.5659176,-84.1781106,ALDI,active,USA,2379336
24454,Aldi - Hin 57 - Warren,"2425 Niles Cortland Rd Se, Warren, OH, 44484",2425 Niles Cortland Rd Se,Warren,OH,44484,41.209931,-80.739524,ALDI,active,USA,2379439
24455,Aldi - Hin 26 - Warren,"2774 Parkman Road Nw, Warren, OH, 44485",2774 Parkman Road Nw,Warren,OH,44485,41.2550378,-80.8582762,ALDI,active,USA,2379440
179085,Aldi - Hin 97 - Warrensville Heights,"4087 Richmond Rd, Warrensville Heights, OH, 44122",4087 Richmond Rd,Warrensville Heights,OH,44122,41.445789,-81.497641,ALDI,active,USA,2380123
24430,Aldi - Spr 48 - Washington Court House,"200 Commerce Blvd, Washington Court House, OH, 43160",200 Commerce Blvd,Washington Court House,OH,43160,39.5213862,-83.4604372,ALDI,active,USA,2379357
606563,Aldi - Spr 91 - Waverly,"880 W Emmitt Ave, Waverly, OH, 45690",880 W Emmitt Ave,Waverly,OH,45690,39.114777,-82.996406,ALDI,active,USA,2379356
20682,Aldi - Spr 65 - West Chester,"7910 Tylersville Square Drive, West Chester, OH, 45069",7910 Tylersville Square Drive,West Chester,OH,45069,39.353108,-84.377068,ALDI,active,USA,2379445
24041,Aldi - Spr 5 - Westerville,"5996 Westerville Rd, Westerville, OH, 43081",5996 Westerville Rd,Westerville,OH,43081,40.0949669,-82.923957,ALDI,active,USA,2379462
23813,Aldi - Hin 70 - Westlake,"30700 Detroit Road, Westlake, OH, 44145",30700 Detroit Road,Westlake,OH,44145,41.4618369,-81.9598742,ALDI,active,USA,2379346
24048,Aldi - Spr 52 - Whitehall,"3831 E Main St, Whitehall, OH, 43213",3831 E Main St,Whitehall,OH,43213,39.9553793,-82.8962763,ALDI,active,USA,2380186
144418,Aldi - Hin 87 - Willoughby,"37100 Euclid Avenue, Willoughby, OH, 44094",37100 Euclid Avenue,Willoughby,OH,44094,41.628238,-81.42063,ALDI,active,USA,2379378
40027,Aldi - Hin 77 - Willoughby Hills,"2821 Bishop Road, Willoughby Hills, OH, 44092",2821 Bishop Road,Willoughby Hills,OH,44092,41.5859372,-81.4791576,ALDI,active,USA,2380189
23817,Aldi - Hin 56 - Willowick,"30960 Lake Shore Blvd, Willowick, OH, 44095",30960 Lake Shore Blvd,Willowick,OH,44095,41.6411985,-81.4709532,ALDI,active,USA,2380159
24470,Aldi - Spr 49 - Wilmington,"1801 Rombach Ave, Wilmington, OH, 45177",1801 Rombach Ave,Wilmington,OH,45177,39.4517057,-83.7966597,ALDI,active,USA,2379453
24463,Aldi - Hin 44 - Wooster,"3743 Burbank Road, Wooster, OH, 44691",3743 Burbank Road,Wooster,OH,44691,40.8453146,-81.9428832,ALDI,active,USA,2379431
24464,Aldi - Hin 9 - Wooster,"2249 Akron Rd, Wooster, OH, 44691",2249 Akron Rd,Wooster,OH,44691,40.8272418,-81.9075186,ALDI,active,USA,2379326
24474,Aldi - Spr 17 - Xenia,"37 Hospitality Dr, Xenia, OH, 45385",37 Hospitality Dr,Xenia,OH,45385,39.6908299,-83.9652483,ALDI,active,USA,2379328
24456,Aldi - Hin 31 - Youngstown,"3497 Belmont Ave, Youngstown, OH, 44505",3497 Belmont Ave,Youngstown,OH,44505,41.1453031,-80.6637738,ALDI,active,USA,2379339
24435,Aldi - Spr 8 - Zanesville,"3500 Maple Ave, Zanesville, OH, 43701",3500 Maple Ave,Zanesville,OH,43701,39.9860843,-82.0210445,ALDI,active,USA,2379405
24666,Aldi - Den 19 - Ada,"1320 Lonnie Abbott, Ada, OK, 74820",1320 Lonnie Abbott,Ada,OK,74820,34.79082,-96.66081,ALDI,active,USA,2379470
24660,Aldi - Den 21 - Ardmore,"510 N Commerce St, Ardmore, OK, 73401",510 N Commerce St,Ardmore,OK,73401,34.1809765,-97.1422477,ALDI,active,USA,2379468
24663,Aldi - Ola 22 - Bartlesville,"2553 Se Washington Blvd, Bartlesville, OK, 74006",2553 Se Washington Blvd,Bartlesville,OK,74006,36.71212,-95.93525,ALDI,active,USA,2379481
23711,Aldi - Ola 20 - Bixby,"8207 E 103rd Street South, Bixby, OK, 74008",8207 E 103rd Street South,Bixby,OK,74008,36.0143494,-95.8842512,ALDI,active,USA,2380087
144456,Aldi - Ola 104 - Broken Arrow,"525 W Tucson St, Broken Arrow, OK, 74011",525 W Tucson St,Broken Arrow,OK,74011,35.9883091,-95.7977742,ALDI,active,USA,2379477
23714,Aldi - Ola 21 - Broken Arrow,"2400 W Kenosha Street, Broken Arrow, OK, 74012",2400 W Kenosha Street,Broken Arrow,OK,74012,36.0617099,-95.8209126,ALDI,active,USA,2379473
35647,Aldi - Den 126 - Chickasha,"2318 S 4th St, Chickasha, OK, 73018",2318 S 4th St,Chickasha,OK,73018,35.0265611,-97.9365586,ALDI,active,USA,2379487
122282,Aldi - Ola 12 - Claremore,"1700 S Scissortail Ave, Claremore, OK, 74017",1700 S Scissortail Ave,Claremore,OK,74017,36.2925074,-95.628261,ALDI,active,USA,2379476
538565,Aldi - Den 114 - Durant,"2412 W Main St, Durant, OK, 74701",2412 W Main St,Durant,OK,74701,34.0006462,-96.4066351,ALDI,active,USA,2379480
23633,Aldi - Den 33 - Edmond,"1001 W Edmond Rd, Edmond, OK, 73003",1001 W Edmond Rd,Edmond,OK,73003,35.6537032,-97.497569,ALDI,active,USA,2379494
24662,Aldi - Den 12 - Enid,"5001 W Garriott Rd, Enid, OK, 73703",5001 W Garriott Rd,Enid,OK,73703,36.3898927,-97.9396226,ALDI,active,USA,2379486
24661,Aldi - Den 77 - Lawton,"935 Nw Sheridan Rd, Lawton, OK, 73505",935 Nw Sheridan Rd,Lawton,OK,73505,34.6193957,-98.4209079,ALDI,active,USA,2379469
23644,Aldi - Den 9 - Midwest City,"601 S Air Depot, Midwest City, OK, 73110",601 S Air Depot,Midwest City,OK,73110,35.459836,-97.4069598,ALDI,active,USA,2380278
23642,Aldi - Den 4 - Moore,"601 Sw 19th Street, Moore, OK, 73160",601 Sw 19th Street,Moore,OK,73160,35.3203529,-97.4960889,ALDI,active,USA,2380197
24083,Aldi - Ola 18 - Muskogee,"436 W Shawnee Street, Muskogee, OK, 74401",436 W Shawnee Street,Muskogee,OK,74401,35.7708117,-95.3666,ALDI,active,USA,2379471
109767,Aldi - Den 83 - Norman,"3101 Classen Blvd, Norman, OK, 73072",3101 Classen Blvd,Norman,OK,73072,35.1806449,-97.4157294,ALDI,active,USA,2379491
23634,Aldi - Den 13 - Norman,"2440 W Main St, Norman, OK, 73069",2440 W Main St,Norman,OK,73069,35.2174771,-97.4787252,ALDI,active,USA,2379479
23636,Aldi - Den 6 - Oklahoma City,"935 N Cemetery Road, Oklahoma City, OK, 73099",935 N Cemetery Road,Oklahoma City,OK,73099,35.4782418,-97.7609397,ALDI,active,USA,2380284
23637,Aldi - Den 95 - Oklahoma City,"4805 N May Avenue, Oklahoma City, OK, 73112",4805 N May Avenue,Oklahoma City,OK,73112,35.5199546,-97.5665355,ALDI,active,USA,2379495
23638,Aldi - Den 2 - Oklahoma City,"2150 Sw 59th Street, Oklahoma City, OK, 73119",2150 Sw 59th Street,Oklahoma City,OK,73119,35.4056634,-97.5506792,ALDI,active,USA,2379488
23639,Aldi - Den 14 - Oklahoma City,"13301 N Penn Ave, Oklahoma City, OK, 73120",13301 N Penn Ave,Oklahoma City,OK,73120,35.6052017,-97.5505359,ALDI,active,USA,2379485
23640,Aldi - Den 17 - Oklahoma City,"6010 Nw 23rd, Oklahoma City, OK, 73127",6010 Nw 23rd,Oklahoma City,OK,73127,35.492467,-97.6227325,ALDI,active,USA,2379472
23641,Aldi - Den 11 - Oklahoma City,"6965 Nw Expressway, Oklahoma City, OK, 73132",6965 Nw Expressway,Oklahoma City,OK,73132,35.5587,-97.63694,ALDI,active,USA,2379490
23715,Aldi - Ola 24 - Owasso,"9395 N Owasso Expressway, Owasso, OK, 74055",9395 N Owasso Expressway,Owasso,OK,74055,36.2880555,-95.839604,ALDI,active,USA,2379475
24664,Aldi - Den 10 - Ponca City,"1000 E Prospect, Ponca City, OK, 74601",1000 E Prospect,Ponca City,OK,74601,36.7376849,-97.0717774,ALDI,active,USA,2379482
23712,Aldi - Ola 14 - Sand Springs,"101 W Alexander Blvd, Sand Springs, OK, 74063",101 W Alexander Blvd,Sand Springs,OK,74063,36.135207,-96.114516,ALDI,active,USA,2379474
24665,Aldi - Den 7 - Shawnee,"4640 N Kickapoo St, Shawnee, OK, 74804",4640 N Kickapoo St,Shawnee,OK,74804,35.3787314,-96.9305577,ALDI,active,USA,2379493
23946,Aldi - Den 18 - Stillwater,"1188 N Perkins Rd, Stillwater, OK, 74075",1188 N Perkins Rd,Stillwater,OK,74075,36.133949,-97.052617,ALDI,active,USA,2379483
137445,Aldi - Ola 107 - Tulsa,"2711 South Harvard Ave, Tulsa, OK, 74114",2711 South Harvard Ave,Tulsa,OK,74114,36.1238189,-95.9394023,ALDI,active,USA,2379484
23713,Aldi - Ola 19 - Tulsa,"8205 S Olympia Ave, Tulsa, OK, 74132",8205 S Olympia Ave,Tulsa,OK,74132,36.0448283,-96.004664,ALDI,active,USA,2379478
23716,Aldi - Ola 23 - Tulsa,"12572 E 21st Street, Tulsa, OK, 74129",12572 E 21st Street,Tulsa,OK,74129,36.1324299,-95.8340207,ALDI,active,USA,2379492
23717,Aldi - Ola 17 - Tulsa,"8221 E 61st Street Suite S, Tulsa, OK, 74133",8221 E 61st Street Suite S,Tulsa,OK,74133,36.0763993,-95.8851022,ALDI,active,USA,2379489
24256,Aldi - Sxb 94 - Aliquippa,"2011 Sheffield Road, Aliquippa, PA, 15001",2011 Sheffield Road,Aliquippa,PA,15001,40.6068815,-80.2772635,ALDI,active,USA,2379601
144408,Aldi - Ctv 189 - Allentown,"3235 Hamilton Blvd, Allentown, PA, 18103",3235 Hamilton Blvd,Allentown,PA,18103,40.5799321,-75.5247129,ALDI,active,USA,2379529
23662,Aldi - Ctv 80 - Allentown,"950 MIll Creek Road Suite A, Allentown, PA, 18106",950 MIll Creek Road Suite A,Allentown,PA,18106,40.5560867,-75.5828901,ALDI,active,USA,2379547
23663,Aldi - Ctv 9 - Allentown,"1856 Catasauqua Road, Allentown, PA, 18109",1856 Catasauqua Road,Allentown,PA,18109,40.63922,-75.430079,ALDI,active,USA,2379518
24265,Aldi - Sxb 68 - Allison Park,"4578 Route 8, Allison Park, PA, 15101",4578 Route 8,Allison Park,PA,15101,40.5888185,-79.948518,ALDI,active,USA,2379623
24311,Aldi - Sxb 29 - Altoona,"1706 Mcmahon Road, Altoona, PA, 16602",1706 Mcmahon Road,Altoona,PA,16602,40.49653,-78.3887554,ALDI,active,USA,2379627
24257,Aldi - Sxb 42 - Baden,"351 Logan Lane, Baden, PA, 15005",351 Logan Lane,Baden,PA,15005,40.6270211,-80.2271773,ALDI,active,USA,2379542
24283,Aldi - Sxb 92 - Baldwin Boro (Brownsville Plaza),"5239 Brownsville Road, Baldwin Boro, PA, 15236",5239 Brownsville Road,Baldwin Boro,PA,15236,40.3423365,-79.9846594,ALDI,active,USA,2380275
24280,Aldi - Sxb 72 - Baldwin Twp,"3089 Sussex Avenue, Baldwin Twp, PA, 15226",3089 Sussex Avenue,Baldwin Twp,PA,15226,40.38414,-80.01536,ALDI,active,USA,2380224
24258,Aldi - Sxb 62 - Beaver Falls,"2580 Constitution Blvd, Beaver Falls, PA, 15010",2580 Constitution Blvd,Beaver Falls,PA,15010,40.7748346,-80.3736466,ALDI,active,USA,2379581
24259,Aldi - Sxb 9 - Belle Vernon,"772 Rostraver Road, Belle Vernon, PA, 15012",772 Rostraver Road,Belle Vernon,PA,15012,40.1358548,-79.841575,ALDI,active,USA,2379500
23986,Aldi - Ctv 14 - Bensalem,"620 Rockhill Road, Bensalem, PA, 19020",620 Rockhill Road,Bensalem,PA,19020,40.136659,-74.9602095,ALDI,active,USA,2379620
23987,Aldi - Ctv 48 - Bensalem,"1445 Street Road, Bensalem, PA, 19020",1445 Street Road,Bensalem,PA,19020,40.0905171,-74.9390528,ALDI,active,USA,2379572
24320,Aldi - Ctv 78 - Berwick,"1892 W Front Street, Berwick, PA, 18603",1892 W Front Street,Berwick,PA,18603,41.0474783,-76.2671591,ALDI,active,USA,2379502
24266,Aldi - Sxb 53 - Bethel Park,"5159 Library Road, Bethel Park, PA, 15102",5159 Library Road,Bethel Park,PA,15102,40.335419,-80.023828,ALDI,active,USA,2379545
172511,Aldi - Ctv 203 - Bethlehem,"3811 Nazareth Pike, Bethlehem, PA, 18020",3811 Nazareth Pike,Bethlehem,PA,18020,40.6734438,-75.3472371,ALDI,active,USA,2379580
92416,Aldi - Ctv 152 - Bloomsburg,"177 Columbia Mall Dr, Bloomsburg, PA, 17815",177 Columbia Mall Dr,Bloomsburg,PA,17815,41.0164106,-76.490343,ALDI,active,USA,2379636
24069,Aldi - Ctv 42 - Blue Bell,"930 Dekalb Pike, Blue Bell, PA, 19422",930 Dekalb Pike,Blue Bell,PA,19422,40.1663348,-75.2899124,ALDI,active,USA,2379498
24312,Aldi - Sxb 83 - Bradford,"1001 East Main Street, Bradford, PA, 16701",1001 East Main Street,Bradford,PA,16701,41.9799774,-78.617917,ALDI,active,USA,2379634
24260,Aldi - Sxb 81 - Bridgeville,"3013 Washington Pike, Bridgeville, PA, 15017",3013 Washington Pike,Bridgeville,PA,15017,40.3538361,-80.1129346,ALDI,active,USA,2379511
23985,Aldi - Ctv 159 - Brookhaven,"4801 Edmont Avenue, Brookhaven, PA, 19015",4801 Edmont Avenue,Brookhaven,PA,19015,39.877374,-75.394007,ALDI,active,USA,2379510
32124,Aldi - Sxb 66 - Burnham,"339 West Freedom Avenue, Bumham, PA, 17009",339 West Freedom Avenue,Bumham,PA,17009,40.6297146,-77.5809715,ALDI,active,USA,2379578
24299,Aldi - Sxb 39 - Butler,"300 Butler Commons, Butler, PA, 16001",300 Butler Commons,Butler,PA,16001,40.8757997,-79.9448897,ALDI,active,USA,2379555
24300,Aldi - Sxb 95 - Butler,"196 Bon Aire Plaza, Butler, PA, 16001",196 Bon Aire Plaza,Butler,PA,16001,40.8822317,-79.8977954,ALDI,active,USA,2379600
23787,Aldi - Fre 76 - Camp Hill,"3437 Simpson Ferry Road, Camp Hill, PA, 17011",3437 Simpson Ferry Road,Camp Hill,PA,17011,40.2271582,-76.9407186,ALDI,active,USA,2379603
23788,Aldi - Fre 91 - Carlisle,"250 Westminster Drive, Carlisle, PA, 17013",250 Westminster Drive,Carlisle,PA,17013,40.1967758,-77.1560582,ALDI,active,USA,2379604
24267,Aldi - Sxb 96 - Carnegie,"1160 Washington Avenue, Carnegie, PA, 15106",1160 Washington Avenue,Carnegie,PA,15106,40.3974246,-80.0852652,ALDI,active,USA,2379527
24100,Aldi - Fre 90 - Chambersburg,"561 Gateway Avenue, Chambersburg, PA, 17201",561 Gateway Avenue,Chambersburg,PA,17201,39.9397537,-77.63185184,ALDI,active,USA,2379635
24307,Aldi - Sxb 50 - Clarion,"22827 Route 68, Clarion, PA, 16214",22827 Route 68,Clarion,PA,16214,41.1968248,-79.3923967,ALDI,active,USA,2379626
135115,Aldi - Ctv 102 - Coal Township,"9267 State Route 61, Coal Township, PA, 17866",9267 State Route 61,Coal Township,PA,17866,40.7892683,-76.5093258,ALDI,active,USA,2379628
24065,Aldi - Ctv 18 - Coatesville,"154 Airport Road, Coatesville, PA, 19320",154 Airport Road,Coatesville,PA,19320,39.9838919,-75.8702796,ALDI,active,USA,2379597
23988,Aldi - Ctv 2 - Collingdale,"1205 Macdade Blvd, Collingdale, PA, 19023",1205 Macdade Blvd,Collingdale,PA,19023,39.9090988,-75.2841349,ALDI,active,USA,2380243
23789,Aldi - Fre 87 - Colonial Park,"4700 Jonestown Road, Colonial Park, PA, 17109",4700 Jonestown Road,Colonial Park,PA,17109,40.303956,-76.810236,ALDI,active,USA,2380092
137489,Aldi - Ctv 177 - Conshohocken,"104 Alan Wood Road, Conshohocken, PA, 19428",104 Alan Wood Road,Conshohocken,PA,19428,40.0984128,-75.3021322,ALDI,active,USA,2379532
24308,Aldi - Sxb 33 - Oil City,"2415 State Rt 257, Cranberry, PA, 16319",2415 State Rt 257,Cranberry,PA,16319,41.3511979,-79.7125555,ALDI,active,USA,2379618
24301,Aldi - Sxb 70 - Cranberry Twp,"20111 Route 19, Cranberry Twp, PA, 16066",20111 Route 19,Cranberry Twp,PA,16066,40.681848,-80.1034674,ALDI,active,USA,2379503
370116,Aldi - Fre 196 - Dillsburg,"899 North Us 15, Dillsburg, PA, 17019",899 North Us 15,Dillsburg,PA,17019,40.1320671,-77.0199225,ALDI,active,USA,2380094
24296,Aldi - Sxb 75 - Dubois,"5700 Shaffer Road, Dubois, PA, 15801",5700 Shaffer Road,Dubois,PA,15801,41.1236588,-78.7268735,ALDI,active,USA,2379546
23665,Aldi - Ctv 81 - Easton,"2510 Freemansburg Avenue, Easton, PA, 18045",2510 Freemansburg Avenue,Easton,PA,18045,40.674108,-75.2469833,ALDI,active,USA,2379515
24298,Aldi - Sxb 34 - Ebensburg,"4490 Admiral Peary Hwy, Ebensburg, PA, 15931",4490 Admiral Peary Hwy,Ebensburg,PA,15931,40.4710687,-78.7530769,ALDI,active,USA,2379551
370136,Aldi - Sxb 35 - Ellwood City,"1766 Mercer Rd, Ellwood City, PA, 16117",1766 Mercer Rd,Ellwood City,PA,16117,40.8459658,-80.2629998,ALDI,active,USA,2380090
24315,Aldi - Ctv 20 - Ephrata,"830 East Main Street, Ephrata, PA, 17522",830 East Main Street,Ephrata,PA,17522,40.1668347,-76.1596251,ALDI,active,USA,2379642
23854,Aldi - Sxb 20 - Erie,"2647 West 12th Street, Erie, PA, 16505",2647 West 12th Street,Erie,PA,16505,42.1008563,-80.1399798,ALDI,active,USA,2379633
23855,Aldi - Sxb 21 - Erie,"2222 Downs Drive, Erie, PA, 16509",2222 Downs Drive,Erie,PA,16509,42.050389,-80.085719,ALDI,active,USA,2379575
23856,Aldi - Sxb 17 - Erie,"4728 Buffalo Road, Erie, PA, 16510",4728 Buffalo Road,Erie,PA,16510,42.1508456,-79.995582,ALDI,active,USA,2379508
24066,Aldi - Ctv 17 - Exton,"190 W Lincoln Highway, Exton, PA, 19341",190 W Lincoln Highway,Exton,PA,19341,40.0265947,-75.632076,ALDI,active,USA,2379573
24277,Aldi - Sxb 56 - Forest Hills,"2348 Ardmore Blvd, Forest Hills, PA, 15221",2348 Ardmore Blvd,Forest Hills,PA,15221,40.41602,-79.84851,ALDI,active,USA,2380221
370114,Aldi - Fre 167 - Gettysburg,"1115 York Rd, Gettysburg, PA, 17325",1115 York Rd,Gettysburg,PA,17325,39.841265,-77.204569,ALDI,active,USA,2379505
172385,Aldi - Sxb 12 - Greensburg,"6207 State Route 30 Suite 1027, Greensburg, PA, 15601",6207 State Route 30 Suite 1027,Greensburg,PA,15601,40.30732,-79.590721,ALDI,active,USA,2379638
24291,Aldi - Sxb 41 - Greensburg,"119 Triangle Drive, Greensburg, PA, 15601",119 Triangle Drive,Greensburg,PA,15601,40.3008194,-79.5217899,ALDI,active,USA,2379506
24303,Aldi - Sxb 57 - Greenville,"33 Williamson Road, Greenville, PA, 16125",33 Williamson Road,Greenville,PA,16125,41.4123604,-80.3574258,ALDI,active,USA,2379553
24304,Aldi - Sxb 43 - Grove City,"2 Pine Grv Village Drive, Grove City, PA, 16127",2 Pine Grv Village Drive,Grove City,PA,16127,41.1665876,-80.1103168,ALDI,active,USA,2379637
31611,Aldi - Ctv 106 - Hamburg,"15 Wilderness Trail, Hamburg, PA, 19526",15 Wilderness Trail,Hamburg,PA,19526,40.5614001,-76.0085898,ALDI,active,USA,2379596
24314,Aldi - Fre 89 - Hanover,"391 Eisenhower Drive, Hanover, PA, 17331",391 Eisenhower Drive,Hanover,PA,17331,39.82381,-76.9820377,ALDI,active,USA,2379616
179791,Aldi - Sxb 13 - Harmony,"234 Perry Hwy, Harmony, PA, 16037",234 Perry Hwy,Harmony,PA,16037,40.811778,-80.12738,ALDI,active,USA,2379574
23790,Aldi - Fre 77 - Harrisburg,"6445 Grayson Road, Harrisburg, PA, 17111",6445 Grayson Road,Harrisburg,PA,17111,40.2602445,-76.7748589,ALDI,active,USA,2379630
370115,Aldi - Fre 98 - Harrisburg,"3940 Linglestown Rd, Harrisburg, PA, 17110",3940 Linglestown Rd,Harrisburg,PA,17110,40.3377283,-76.844708,ALDI,active,USA,2380095
24317,Aldi - Ctv 94 - Hazle Township,"316 Laurel Mall, Hazle Township, PA, 18202",316 Laurel Mall,Hazle Township,PA,18202,40.9828653,-76.0175275,ALDI,active,USA,2380160
24305,Aldi - Sxb 19 - Hermitage,"2909 E State St, Hermitage, PA, 16148",2909 E State St,Hermitage,PA,16148,41.2342737,-80.4567276,ALDI,active,USA,2379602
24268,Aldi - Sxb 97 - Homestead,"127 East 7th Avenue, Homestead, PA, 15120",127 East 7th Avenue,Homestead,PA,15120,40.4073041,-79.9124924,ALDI,active,USA,2379585
179793,Aldi - Sxb 37 - Huntingdon,"7503 Huntingdon Plz, Huntingdon, PA, 16652",7503 Huntingdon Plz,Huntingdon,PA,16652,40.4816716,-78.0150024,ALDI,active,USA,2379559
24294,Aldi - Sxb 30 - Indiana,"2910 Oakland Avenue, Indiana, PA, 15701",2910 Oakland Avenue,Indiana,PA,15701,40.6023374,-79.1905628,ALDI,active,USA,2379593
24297,Aldi - Sxb 31 - Johnstown,"475 Galleria Drive, Johnstown, PA, 15904",475 Galleria Drive,Johnstown,PA,15904,40.296815,-78.837432,ALDI,active,USA,2379521
35119,Aldi - Ctv 141 - King Of Prussia,"197 E Dekalb Pike Ste 300, King Of Prussia, PA, 19406",197 E Dekalb Pike Ste 300,King Of Prussia,PA,19406,40.0950686,-75.3588429,ALDI,active,USA,2379605
23821,Aldi - Ctv 97 - Kingston,"481 Pierce Street, Kingston, PA, 18704",481 Pierce Street,Kingston,PA,18704,41.257983,-75.8853073,ALDI,active,USA,2379565
24306,Aldi - Sxb 64 - Kittanning,"11 Hilltop Plaza, Kittanning, PA, 16201",11 Hilltop Plaza,Kittanning,PA,16201,40.81433362,-79.5454521,ALDI,active,USA,2379639
23829,Aldi - Fre 94 - Lancaster,"2350 Lincoln Hwy East 750, Lancaster, PA, 17602",2350 Lincoln Hwy East 750,Lancaster,PA,17602,40.0240915,-76.207233,ALDI,active,USA,2379561
36682,Aldi - Fre 160 - Lancaster,"2210 Embassy Dr Bldg 3, Lancaster, PA, 17603",2210 Embassy Dr Bldg 3,Lancaster,PA,17603,40.0442129,-76.365348,ALDI,active,USA,2379509
29934,Aldi - Fre 118 - Lancaster,"1884 Fruitville Pike, Lancaster Pa, PA, 17601",1884 Fruitville Pike,Lancaster Pa,PA,17601,40.0724587,-76.32121,ALDI,active,USA,2379588
23990,Aldi - Ctv 41 - Langhorne,"2339 E Lincoln Hwy, Langhorne, PA, 19047",2339 E Lincoln Hwy,Langhorne,PA,19047,40.177692,-74.877029,ALDI,active,USA,2379609
36408,Aldi - Ctv 144 - Lansdale,"2333 W Main Street, Lansdale, PA, 19446",2333 W Main Street,Lansdale,PA,19446,40.263243,-75.316477,ALDI,active,USA,2380091
23991,Aldi - Ctv 10 - Lansdowne,"48 W Baltimore Ave, Lansdowne, PA, 19050",48 W Baltimore Ave,Lansdowne,PA,19050,39.9372659,-75.2731532,ALDI,active,USA,2379607
24293,Aldi - Sxb 59 - Latrobe,"2301 Sharky's Drive, Latrobe, PA, 15650",2301 Sharky's Drive,Latrobe,PA,15650,40.2863894,-79.3887021,ALDI,active,USA,2379501
24055,Aldi - Ctv 25 - Lebanon,"105 North 11th Avenue, Lebanon, PA, 17046",105 North 11th Avenue,Lebanon,PA,17046,40.3454038,-76.394204,ALDI,active,USA,2379552
380643,Aldi - Sxb 02 - Leechburg,"451 Hyde Park Rd Suite 270, Leechburg, PA, 15656",451 Hyde Park Rd Suite 270,Leechburg,PA,15656,40.6045841,-79.606943,ALDI,active,USA,2379496
24318,Aldi - Ctv 88 - Lehighton,"876 Blakeslee Blvd Drive E, Lehighton, PA, 18235",876 Blakeslee Blvd Drive E,Lehighton,PA,18235,40.819015,-75.727913,ALDI,active,USA,2379525
23992,Aldi - Ctv 23 - Levittown,"2990 Edgely Road, Levittown, PA, 19057",2990 Edgely Road,Levittown,PA,19057,40.1420688,-74.8450237,ALDI,active,USA,2379610
139117,Aldi - Ctv 175 - Lewisburg,"111 Zeigler Road, Lewisburg, PA, 17837",111 Zeigler Road,Lewisburg,PA,17837,40.9944764,-76.8731996,ALDI,active,USA,2379523
24074,Aldi - Ctv 68 - Limerick,"33 W Ridge Pike Ste 407, Limerick, PA, 19468",33 W Ridge Pike Ste 407,Limerick,PA,19468,40.214924,-75.502426,ALDI,active,USA,2380089
24067,Aldi - Ctv 109 - Malvern,"11 Matthews Road, Malvern, PA, 19355",11 Matthews Road,Malvern,PA,19355,40.0505747,-75.5234754,ALDI,active,USA,2379512
172102,Aldi - Sxb 11 - Mars,"1300 Robert William Drive, Mars, PA, 16059",1300 Robert William Drive,Mars,PA,16059,40.6933466,-79.9721912,ALDI,active,USA,2379514
24270,Aldi - Sxb 89 - Mckeesport,"300 Eden Park Boulevard, Mckeesport, PA, 15132",300 Eden Park Boulevard,Mckeesport,PA,15132,40.3275857,-79.8386316,ALDI,active,USA,2379548
24271,Aldi - Sxb 73 - Mckees Rocks,"114 Chartiers Ave, Mckees Rocks, PA, 15136",114 Chartiers Ave,Mckees Rocks,PA,15136,40.4652485,-80.0559372,ALDI,active,USA,2379558
35697,Aldi - Sxb 78 - Mcmurray,"4041 Washington Road, Mcmurray, PA, 15317",4041 Washington Road,Mcmurray,PA,15317,40.2681612,-80.128705,ALDI,active,USA,2380185
24309,Aldi - Sxb 49 - Meadville,"16500 Conneaut Lake Road, Meadville, PA, 16335",16500 Conneaut Lake Road,Meadville,PA,16335,41.6225446,-80.2060364,ALDI,active,USA,2379533
41341,Aldi - Fre 146 - Mechanicsburg,"6476 Carlisle Pike, Mechanicsburg, PA, 17050",6476 Carlisle Pike,Mechanicsburg,PA,17050,40.2470429,-77.018213,ALDI,active,USA,2379592
24261,Aldi - Sxb 58 - Monaca,"101 Center Commons Blvd, Monaca, PA, 15061",101 Center Commons Blvd,Monaca,PA,15061,40.6784795,-80.309559,ALDI,active,USA,2379615
143691,Aldi - Sxb 48 - Monroeville,"3995 William Penn Highway, Monroeville, PA, 15146",3995 William Penn Highway,Monroeville,PA,15146,40.4386645,-79.7724165,ALDI,active,USA,2379536
24273,Aldi - Sxb 46 - Monroeville,"1766 Golden Mile Highway, Monroeville, PA, 15146",1766 Golden Mile Highway,Monroeville,PA,15146,40.4442332,-79.7127182,ALDI,active,USA,2379614
23913,Aldi - Ctv 93 - Montoursville,"2595 Wilmont Drive, Montoursville, PA, 17754",2595 Wilmont Drive,Montoursville,PA,17754,41.2466147,-76.9525135,ALDI,active,USA,2379517
109752,Aldi - Sxb 65 - Moon Township,"2830 Gracy Ctrway Ste100, Moon Township, PA, 15108",2830 Gracy Ctrway Ste100,Moon Township,PA,15108,40.5176428,-80.2171305,ALDI,active,USA,2380117
23666,Aldi - Ctv 21 - Nazareth,"4034 Jandy Blvd, Nazareth, PA, 18064",4034 Jandy Blvd,Nazareth,PA,18064,40.7317369,-75.3078271,ALDI,active,USA,2379564
24302,Aldi - Sxb 38 - New Castle,"275 Dworman Lane, New Castle, PA, 16101",275 Dworman Lane,New Castle,PA,16101,41.014792,-80.3969611,ALDI,active,USA,2379640
480563,Aldi - Fre 197 - Shrewsbury,"648 E Forrest Ave, New Freedom, PA, 17349",648 E Forrest Ave,New Freedom,PA,17349,39.7708564,-76.6659279,ALDI,active,USA,2379590
24262,Aldi - Sxb 61 - Lower Burrell,"100 Tarentum Bridge Road, New Kensington, PA, 15068",100 Tarentum Bridge Road,New Kensington,PA,15068,40.5906777,-79.7506393,ALDI,active,USA,2379571
24068,Aldi - Ctv 45 - Norristown,"550 S Trooper Road, Norristown, PA, 19403",550 S Trooper Road,Norristown,PA,19403,40.1291309,-75.3986549,ALDI,active,USA,2379513
24292,Aldi - Sxb 67 - North Huntingdon,"8775 Norwin Avenue, North Huntingdon, PA, 15642",8775 Norwin Avenue,North Huntingdon,PA,15642,40.318469,-79.6939364,ALDI,active,USA,2380212
24272,Aldi - Sxb 44 - North Versailles,"100 Aldi Drive, North Versailles, PA, 15137",100 Aldi Drive,North Versailles,PA,15137,40.3697878,-79.7792599,ALDI,active,USA,2379622
24071,Aldi - Ctv 86 - North Wales,"1210 Bethlehem Pike, North Wales, PA, 19454",1210 Bethlehem Pike,North Wales,PA,19454,40.2084712,-75.2259494,ALDI,active,USA,2379594
570555,Aldi - Sxb 18 - Oakdale,"10 E Steuben St, Oakdale, PA, 15071",10 E Steuben St,Oakdale,PA,15071,40.4410491,-80.2375709,ALDI,active,USA,2379560
24281,Aldi - Sxb 54 - Penn Hills,"16 Federal Drive, Penn Hills, PA, 15235",16 Federal Drive,Penn Hills,PA,15235,40.463569,-79.826977,ALDI,active,USA,2380150
24282,Aldi - Sxb 90 - Penn Hills,"7350 Saltsburg Road, Penn Hills, PA, 15235",7350 Saltsburg Road,Penn Hills,PA,15235,40.4772551,-79.7859898,ALDI,active,USA,2380174
109761,Aldi - Ctv 169 - Philadelphia,"1300 Fairmount Ave, Philadelphia, PA, 19123",1300 Fairmount Ave,Philadelphia,PA,19123,39.966349,-75.1590984,ALDI,active,USA,2379595
12258,Aldi - Ctv 43 - Philadelphia,"3101 West Girard Avenue, Philadelphia, PA, 19130",3101 West Girard Avenue,Philadelphia,PA,19130,39.9760183,-75.1869132,ALDI,active,USA,2379519
12259,Aldi - Ctv 54 - Philadelphia,"4421 Market Street, Philadelphia, PA, 19104",4421 Market Street,Philadelphia,PA,19104,39.9593221,-75.2129889,ALDI,active,USA,2379538
144407,Aldi - Ctv 181 - Philadelphia,"2900 S 20th St, Philadelphia, PA, 19145",2900 S 20th St,Philadelphia,PA,19145,39.914933,-75.1843647,ALDI,active,USA,2380093
144457,Aldi - Ctv 191 - Philadelphia,"12002 E Roosevelt Blvd Bd 3, Philadelphia, PA, 19116",12002 E Roosevelt Blvd Bd 3,Philadelphia,PA,19116,40.10657,-75.001227,ALDI,active,USA,2379641
17392,Aldi - Ctv 91 - Philadelphia,"3320 Grant Avenue Ste A, Philadelphia, PA, 19114",3320 Grant Avenue Ste A,Philadelphia,PA,19114,40.0679389,-75.0066684,ALDI,active,USA,2379599
23995,Aldi - Ctv 8 - Philadelphia,"9303 Krewstown Road, Philadelphia, PA, 19115",9303 Krewstown Road,Philadelphia,PA,19115,40.0853388,-75.0456909,ALDI,active,USA,2379591
23999,Aldi - Ctv 39 - Philadelphia,"3975 Castor Avenue, Philadelphia, PA, 19124",3975 Castor Avenue,Philadelphia,PA,19124,40.006819,-75.0976186,ALDI,active,USA,2379554
24000,Aldi - Ctv 11 - Philadelphia,"6119 N Broad Street, Philadelphia, PA, 19141",6119 N Broad Street,Philadelphia,PA,19141,40.0465945,-75.1422247,ALDI,active,USA,2379631
24001,Aldi - Ctv 50 - Philadelphia,"2603 S Front Street, Philadelphia, PA, 19148",2603 S Front Street,Philadelphia,PA,19148,39.9149094,-75.1485639,ALDI,active,USA,2379598
24002,Aldi - Ctv 24 - Philadelphia,"1911 N 76th Street, Philadelphia, PA, 19151",1911 N 76th Street,Philadelphia,PA,19151,39.97875,-75.2702455,ALDI,active,USA,2379535
24003,Aldi - Ctv 12 - Philadelphia,"7900 Roosevelt Blvd, Philadelphia, PA, 19152",7900 Roosevelt Blvd,Philadelphia,PA,19152,40.0552315,-75.0496561,ALDI,active,USA,2379530
29930,Aldi - Ctv 49 - Philadelphia,"5200 Whitaker Ave, Philadelphia, PA, 19124",5200 Whitaker Ave,Philadelphia,PA,19124,40.0321127,-75.1035598,ALDI,active,USA,2380292
380664,Aldi - Ctv 205 - Philadelphia,"3500 Aramingo Avenue, Philadelphia, PA, 19134",3500 Aramingo Avenue,Philadelphia,PA,19134,39.992949,-75.099141,ALDI,active,USA,2379524
396456,Aldi - Ctv 161 - Philadelphia,"2103 Washington Ave, Philadelphia, PA, 19146",2103 Washington Ave,Philadelphia,PA,19146,39.9395479,-75.1783718,ALDI,active,USA,2379557
370112,Aldi - Ctv 198 - Phoenixville,"283 Schuylkill Rd, Phoenixville, PA, 19460",283 Schuylkill Rd,Phoenixville,PA,19460,40.1373236,-75.5418152,ALDI,active,USA,2379611
24274,Aldi - Sxb 79 - Pittsburgh,"2628 East Carson Street, Pittsburgh, PA, 15203",2628 East Carson Street,Pittsburgh,PA,15203,40.4269135,-79.9674323,ALDI,active,USA,2379566
24276,Aldi - Sxb 80 - Pittsburgh,"5631 Baum Boulevard, Pittsburgh, PA, 15206",5631 Baum Boulevard,Pittsburgh,PA,15206,40.458215,-79.934887,ALDI,active,USA,2379562
24279,Aldi - Sxb 91 - Pittsburgh,"5200 Penn Avenue, Pittsburgh, PA, 15224",5200 Penn Avenue,Pittsburgh,PA,15224,40.4641877,-79.9393532,ALDI,active,USA,2379583
24284,Aldi - Sxb 69 - Pittsburgh,"6290 Northway Mall Dr, Pittsburgh, PA, 15237",6290 Northway Mall Dr,Pittsburgh,PA,15237,40.5508504,-80.0226383,ALDI,active,USA,2379569
392412,Aldi - Sxb 15 - Pittsburgh,"450 56th St, Pittsburgh, PA, 15201",450 56th St,Pittsburgh,PA,15201,40.4832347,-79.9485615,ALDI,active,USA,2379624
538577,Aldi - Sxb 103 - Pittsburgh,"2515 Banksville Rd, Pittsburgh, PA, 15216",2515 Banksville Rd,Pittsburgh,PA,15216,40.4057858,-80.0360005,ALDI,active,USA,2379531
23820,Aldi - Ctv 74 - Pittston,"5000 N Township Blvd, Pittston, PA, 18640",5000 N Township Blvd,Pittston,PA,18640,41.3215644,-75.7646961,ALDI,active,USA,2379507
31610,Aldi - Sxb 7 - Mt. Pleasant,"100 Crossroads Plaza Mt, Pleasant, PA, 15666",100 Crossroads Plaza Mt,Pleasant,PA,15666,40.1251992,-79.5506904,ALDI,active,USA,2379499
33742,Aldi - Ctv 101 - Pocono Summit,"2995 Sr 940, Pocono Summit, PA, 18346",2995 Sr 940,Pocono Summit,PA,18346,41.1172269,-75.3819608,ALDI,active,USA,2379549
24072,Aldi - Ctv 145 - Pottstown - Off Pottstown Pike,"233 Shoemaker Rd Ste 123, Pottstown, PA, 19464",233 Shoemaker Rd Ste 123,Pottstown,PA,19464,40.25425,-75.6652,ALDI,active,USA,2379612
24073,Aldi - Ctv 96 - Pottstown - Off Armand Hammer Blvd,"297 Armand Hammer Blvd, Pottstown, PA, 19464",297 Armand Hammer Blvd,Pottstown,PA,19464,40.2357153,-75.6173495,ALDI,active,USA,2379526
29932,Aldi - Ctv 73 - Pottsville,"384 Pottsville St Clair Hwy, Pottsville, PA, 17901",384 Pottsville St Clair Hwy,Pottsville,PA,17901,40.7035527,-76.1875257,ALDI,active,USA,2379520
24295,Aldi - Sxb 63 - Punxsutawney,"545 W Mahoning Street, Punxsutawney, PA, 15767",545 W Mahoning Street,Punxsutawney,PA,15767,40.941596,-78.9804822,ALDI,active,USA,2379516
22803,Aldi - Ctv 16 - Quakertown,"606 North West End Boulevard, Quakertown, PA, 18951",606 North West End Boulevard,Quakertown,PA,18951,40.459867,-75.370346,ALDI,active,USA,2379577
24056,Aldi - Ctv 62 - Reading,"3520 N Fifth Street Hwy, Reading, PA, 19605",3520 N Fifth Street Hwy,Reading,PA,19605,40.38694756,-75.92754903,ALDI,active,USA,2380116
24057,Aldi - Ctv 82 - Reading,"4703 Perkiomen Avenue, Reading, PA, 19606",4703 Perkiomen Avenue,Reading,PA,19606,40.3058003,-75.8585698,ALDI,active,USA,2379586
24322,Aldi - Ctv 79 - Reading,"1010 Cedar Top Road, Reading, PA, 19607",1010 Cedar Top Road,Reading,PA,19607,40.2978875,-75.947171,ALDI,active,USA,2379541
124429,Aldi - Fre 178 - Red Lion,"3213 Cape Horn Rd, Red Lion, PA, 17356",3213 Cape Horn Rd,Red Lion,PA,17356,39.915361,-76.628704,ALDI,active,USA,2379497
24275,Aldi - Sxb 52 - Robinson Twp,"100 Costco Drive, Robinson Twp, PA, 15205",100 Costco Drive,Robinson Twp,PA,15205,40.4571855,-80.1667079,ALDI,active,USA,2380181
24285,Aldi - Sxb 93 - Ross Twp,"7221 Mcknight Road, Ross Twp, PA, 15237",7221 Mcknight Road,Ross Twp,PA,15237,40.5369313,-80.0130559,ALDI,active,USA,2380152
24321,Aldi - Tul 8 - Sayre,"2756 Elmira St, Sayre, PA, 18840",2756 Elmira St,Sayre,PA,18840,41.9875018,-76.5453009,ALDI,active,USA,2379556
23797,Aldi - Ctv 87 - Scranton,"1115 Scranton Carbondale Hw, Scranton, PA, 18508",1115 Scranton Carbondale Hw,Scranton,PA,18508,41.470158,-75.641384,ALDI,active,USA,2379582
24278,Aldi - Sxb 45 - Shaler Twp,"880 Butler Street, Shaler Twp, PA, 15223",880 Butler Street,Shaler Twp,PA,15223,40.5116417,-79.9448023,ALDI,active,USA,2380277
24316,Aldi - Ctv 84 - Shamokin Dam,"3152 N Susquehanna Trail, Shamokin Dam, PA, 17876",3152 N Susquehanna Trail,Shamokin Dam,PA,17876,40.8477448,-76.8196134,ALDI,active,USA,2379621
24101,Aldi - Fre 97 - Shippensburg,"40 Shippensburg Shop Ctr 4, Shippensburg, PA, 17257",40 Shippensburg Shop Ctr 4,Shippensburg,PA,17257,40.05769,-77.49881,ALDI,active,USA,2379544
24290,Aldi - Sxb 74 - Somerset,"1606 North Center Ave, Somerset, PA, 15501",1606 North Center Ave,Somerset,PA,15501,40.0367839,-79.0731558,ALDI,active,USA,2379589
23983,Aldi - Ctv 13 - Souderton,"703 Route 113, Souderton, PA, 18964",703 Route 113,Souderton,PA,18964,40.315667,-75.3084194,ALDI,active,USA,2379568
124434,Aldi - Sxb 26 - State College,"780 Benner Pike, State College, PA, 16801",780 Benner Pike,State College,PA,16801,40.835167,-77.8011436,ALDI,active,USA,2379625
124435,Aldi - Sxb 27 - State College,"1790 N Atherton Street, State College, PA, 16803",1790 N Atherton Street,State College,PA,16803,40.8085275,-77.9014251,ALDI,active,USA,2379539
164217,Aldi - Sxb 32 - St. Marys,"818 South St Marys Street, St Marys, PA, 15857",818 South St Marys Street,St Marys,PA,15857,41.4112599,-78.5616881,ALDI,active,USA,2379537
24099,Aldi - Ctv 85 - Stroudsburg,"700 N Ninth Street, Stroudsburg, PA, 18360",700 N Ninth Street,Stroudsburg,PA,18360,40.9883237,-75.2083328,ALDI,active,USA,2379522
24263,Aldi - Sxb 60 - Tarentum,"1040 Village Center Drive, Tarentum, PA, 15084",1040 Village Center Drive,Tarentum,PA,15084,40.5674887,-79.8035955,ALDI,active,USA,2379543
156008,Aldi - Ctv 164 - Thorndale,"3205 E Lincoln Hwy, Thorndale, PA, 19372",3205 E Lincoln Hwy,Thorndale,PA,19372,39.994771,-75.759764,ALDI,active,USA,2379570
143814,Aldi - Tul 61 - Towanda,"1112 Golden Mile Drive, Towanda, PA, 18848",1112 Golden Mile Drive,Towanda,PA,18848,41.7704634,-76.4162667,ALDI,active,USA,2379629
109756,Aldi - Ctv 112 - Tunkhannock,"811 Hunter Highway, Tunkhannock, PA, 18657",811 Hunter Highway,Tunkhannock,PA,18657,41.5244322,-75.9511321,ALDI,active,USA,2379619
24289,Aldi - Sxb 8 - Uniontown,"650 W Main St, Uniontown, PA, 15401",650 W Main St,Uniontown,PA,15401,39.9127486,-79.7472166,ALDI,active,USA,2379584
139239,Aldi - Ctv 168 - Warminster - E. Street Rd/ Newtown Rd,"260 E Street Rd, Warminster, PA, 18974",260 E Street Rd,Warminster,PA,18974,40.191787,-75.075082,ALDI,active,USA,2379534
24310,Aldi - Sxb 88 - Warren,"3917 Market Street, Warren, PA, 16365",3917 Market Street,Warren,PA,16365,41.8955198,-79.1498264,ALDI,active,USA,2379567
23984,Aldi - Ctv 44 - Warrington - County Line/611,"100 Easton Rd, Warrington, PA, 18976",100 Easton Rd,Warrington,PA,18976,40.214042,-75.1414799,ALDI,active,USA,2379632
24286,Aldi - Sxb 51 - Washington,"18 Trinity Point Drive, Washington, PA, 15301",18 Trinity Point Drive,Washington,PA,15301,40.182164,-80.2242234,ALDI,active,USA,2379563
380652,Aldi - Fre 95 - Waynesboro,"1521 E Main St, Waynesboro, PA, 17268",1521 E Main St,Waynesboro,PA,17268,39.745284,-77.552887,ALDI,active,USA,2379550
24287,Aldi - Sxb 10 - Waynesburg,"210 Greene Plaza, Waynesburg, PA, 15370",210 Greene Plaza,Waynesburg,PA,15370,39.8979189,-80.145522,ALDI,active,USA,2379540
164221,Aldi - Ctv 160 - West Chester,"829 Paoli Pike, West Chester, PA, 19380",829 Paoli Pike,West Chester,PA,19380,39.9678814,-75.5898222,ALDI,active,USA,2379579
24269,Aldi - Sxb 47 - West Mifflin,"239 Clairton Boulevard, West Mifflin, PA, 15122",239 Clairton Boulevard,West Mifflin,PA,15122,40.3400936,-79.954513,ALDI,active,USA,2380088
24264,Aldi - Sxb 77 - Wexford,"11800 Perry Highway, Wexford, PA, 15090",11800 Perry Highway,Wexford,PA,15090,40.6299128,-80.0556752,ALDI,active,USA,2379617
23661,Aldi - Ctv 72 - Whitehall,"2540 Macarthur Road, Whitehall, PA, 18052",2540 Macarthur Road,Whitehall,PA,18052,40.6434856,-75.494302,ALDI,active,USA,2379613
370111,Aldi - Ctv 167 - Wilkes Barre,"1100 Wilkes Barre Twp Blvd, Wilkes Barre, PA, 18702",1100 Wilkes Barre Twp Blvd,Wilkes Barre,PA,18702,41.2247097,-75.8795156,ALDI,active,USA,2379576
380648,Aldi - Sxb 76 - Wilkinsburg,"401 Penn Ave, Wilkinsburg, PA, 15221",401 Penn Ave,Wilkinsburg,PA,15221,40.4455536,-79.8890927,ALDI,active,USA,2380120
172955,Aldi - Ctv 186 - Williamsport,"1804 Lycoming Creek Rd, Williamsport, PA, 17701",1804 Lycoming Creek Rd,Williamsport,PA,17701,41.2517093,-77.0445948,ALDI,active,USA,2379587
23993,Aldi - Ctv 47 - Willow Grove,"1955 Davisville Road, Willow Grove, PA, 19090",1955 Davisville Road,Willow Grove,PA,19090,40.1401778,-75.1163178,ALDI,active,USA,2379608
156007,Aldi - Ctv 192 - Woodlyn,"1300 Macdade Blvd Ste 100, Woodlyn, PA, 19094",1300 Macdade Blvd Ste 100,Woodlyn,PA,19094,39.8774403,-75.3448845,ALDI,active,USA,2380296
23994,Aldi - Ctv 58 - Wyncote,"8200 Ogontz Avenue, Wyncote, PA, 19095",8200 Ogontz Avenue,Wyncote,PA,19095,40.0770728,-75.1599066,ALDI,active,USA,2379606
164223,Aldi - Ctv 182 - Wyomissing,"1056 Woodland Road, Wyomissing, PA, 19610",1056 Woodland Road,Wyomissing,PA,19610,40.3448581,-75.9695977,ALDI,active,USA,2380096
23830,Aldi - Fre 80 - York,"280 Northern Way, York, PA, 17402",280 Northern Way,York,PA,17402,39.977551,-76.6754257,ALDI,active,USA,2379528
23831,Aldi - Fre 81 - York,"905 Loucks Road, York, PA, 17404",905 Loucks Road,York,PA,17404,39.981112,-76.753597,ALDI,active,USA,2379504
7177,Aldi - Swn 36 - Cranston,"1015 Cranston Street, Cranston, RI, 02920",1015 Cranston Street,Cranston,RI,02920,41.799812,-71.4495497,ALDI,active,USA,2379647
7181,Aldi - Swn 39 - Cranston,"1138 Pontiac Avenue, Cranston, RI, 02920",1138 Pontiac Avenue,Cranston,RI,02920,41.752779,-71.448752,ALDI,active,USA,2379643
23548,Aldi - Swn 25 - Johnston,"1386 Atwood Avenue, Johnston, RI, 02919",1386 Atwood Avenue,Johnston,RI,02919,41.8152948,-71.4966748,ALDI,active,USA,2379646
22812,Aldi - Swn 46 - Middletown,"872 West Main Road, Middletown, RI, 02842",872 West Main Road,Middletown,RI,02842,41.5272901,-71.2982785,ALDI,active,USA,2379649
27668,Aldi - Swn 33 - North Smithfield,"11 Dowling Village Blvd, North Smithfield, RI, 02896",11 Dowling Village Blvd,North Smithfield,RI,02896,41.9780225,-71.5072016,ALDI,active,USA,2379648
7212,Aldi - Swn 41 - Providence,"539 Smith Street, Providence, RI, 02908",539 Smith Street,Providence,RI,02908,41.836304,-71.429768,ALDI,active,USA,2379651
27673,Aldi - Swn 40 - 70 Newport Avenue,"70 Newport Avenue, Rumford, RI, 02916",70 Newport Avenue,Rumford,RI,02916,41.8562177,-71.3522834,ALDI,active,USA,2379650
7206,Aldi - Swn 38 - Warwick,"444 Quaker Lane, Warwick, RI, 02886",444 Quaker Lane,Warwick,RI,02886,41.6841044,-71.4993181,ALDI,active,USA,2379644
24221,Aldi - Swn 42 - Westerly,"100 Franklin Street, Westerly, RI, 02891",100 Franklin Street,Westerly,RI,02891,41.3625294,-71.8102501,ALDI,active,USA,2379645
23824,Aldi - Jef 44 - Aiken,"2510 Whiskey Road, Aiken, SC, 29803",2510 Whiskey Road,Aiken,SC,29803,33.5078827,-81.709503,ALDI,active,USA,2379698
23942,Aldi - Jef 79 - Anderson,"4115 Clemson Blvd/Us Rt 76, Anderson, SC, 29621",4115 Clemson Blvd/Us Rt 76,Anderson,SC,29621,34.56004,-82.69208,ALDI,active,USA,2379690
23943,Aldi - Jef 76 - Anderson,"624 Highway 28 Bypass, Anderson, SC, 29624",624 Highway 28 Bypass,Anderson,SC,29624,34.4886966,-82.6732793,ALDI,active,USA,2379701
370125,Aldi - Jef 180 - Beaufort,"361 Robert Smalls Pkwy, Beaufort, SC, 29906",361 Robert Smalls Pkwy,Beaufort,SC,29906,32.42236,-80.73401,ALDI,active,USA,2379696
156003,Aldi - Jef 181 - Bluffton,"1131 Fording Island Road, Bluffton, SC, 29910",1131 Fording Island Road,Bluffton,SC,29910,32.2516676,-80.8428422,ALDI,active,USA,2379692
23848,Aldi - Jef 94 - Boiling Springs,"4031 Sc Highway 9, Boiling Springs, SC, 29316",4031 Sc Highway 9,Boiling Springs,SC,29316,35.0507624,-81.9888818,ALDI,active,USA,2379669
585296,Aldi - Sby 165 - Camden,"2209 W Dekalb St, Camden, SC, 29020",2209 W Dekalb St,Camden,SC,29020,34.2477086,-80.6473942,ALDI,active,USA,2379682
380661,Aldi - Sby 157 - Charleston,"865 Folly Road, Charleston, SC, 29412",865 Folly Road,Charleston,SC,29412,32.73601759,-79.96787196,ALDI,active,USA,2379680
23554,Aldi - Sby 46 - Columbia,"7610 Garners Ferry Road S, Columbia, SC, 29209",7610 Garners Ferry Road S,Columbia,SC,29209,33.96048,-80.9388012,ALDI,active,USA,2379659
23555,Aldi - Sby 39 - Columbia,"6075 St Andrews Road S, Columbia, SC, 29212",6075 St Andrews Road S,Columbia,SC,29212,34.0539856,-81.1610375,ALDI,active,USA,2379656
23556,Aldi - Sby 106 - Columbia,"1240 Longreen Pkwy, Columbia, SC, 29229",1240 Longreen Pkwy,Columbia,SC,29229,34.1406021,-80.942796,ALDI,active,USA,2379653
23677,Aldi - Sby 91 - Conway,"101 Wild Wing Boulevard, Conway, SC, 29526",101 Wild Wing Boulevard,Conway,SC,29526,33.7835876,-78.9891801,ALDI,active,USA,2379691
23678,Aldi - Sby 61 - Conway,"2904 Church Street, Conway, SC, 29526",2904 Church Street,Conway,SC,29526,33.8623426,-79.0925278,ALDI,active,USA,2379699
495539,Aldi - Jef 166 - Duncan,"1915 E Main St, Duncan, SC, 29334",1915 E Main St,Duncan,SC,29334,34.8919827,-82.0774735,ALDI,active,USA,2379703
17491,Aldi - Jef 92 - Easley,"4835 Calhoun Memorial Highway, Easley, SC, 29640",4835 Calhoun Memorial Highway,Easley,SC,29640,34.8254469,-82.5436933,ALDI,active,USA,2379660
24375,Aldi - Sby 76 - Florence,"1814 S Irby Street, Florence, SC, 29505",1814 S Irby Street,Florence,SC,29505,34.1588155,-79.7657757,ALDI,active,USA,2379673
32353,Aldi - Sby 49 - Florence,"2367 David H Mcleod Blvd, Florence, SC, 29501",2367 David H Mcleod Blvd,Florence,SC,29501,34.1898616,-79.8229772,ALDI,active,USA,2379655
23610,Aldi - Sby 103 - Fort MIll,"3665 Vandora Springs Rd, Fort MIll, SC, 29708",3665 Vandora Springs Rd,Fort MIll,SC,29708,35.05328644,-80.9913623,ALDI,active,USA,2379687
24372,Aldi - Sby 10 - 1560 W. Floyd Baker Blvd,"1560 W Floyd Baker Blvd, Gaffney, SC, 29341",1560 W Floyd Baker Blvd,Gaffney,SC,29341,35.0925038,-81.6621077,ALDI,active,USA,2379654
141143,Aldi - Sby 141 - Goose Creek,"205 St James Ave, Goose Creek, SC, 29445",205 St James Ave,Goose Creek,SC,29445,33.0047425,-80.0446729,ALDI,active,USA,2379678
17490,Aldi - Jef 78 - Greenville,"100 Chalmers Road, Greenville, SC, 29605",100 Chalmers Road,Greenville,SC,29605,34.799104,-82.376529,ALDI,active,USA,2379700
17493,Aldi - Jef 97 - Greenville,"1725 Woodruff Road, Greenville, SC, 29607",1725 Woodruff Road,Greenville,SC,29607,34.820153,-82.2720329,ALDI,active,USA,2379667
17494,Aldi - Jef 98 - Greenville,"6149 White Horse Road, Greenville, SC, 29611",6149 White Horse Road,Greenville,SC,29611,34.8542167,-82.4570915,ALDI,active,USA,2379668
23564,Aldi - Jef 77 - Greenville,"510 Worley Road, Greenville, SC, 29609",510 Worley Road,Greenville,SC,29609,34.8869656,-82.392448,ALDI,active,USA,2379675
23944,Aldi - Jef 36 - Greenwood,"1322 Montague Ave, Greenwood, SC, 29649",1322 Montague Ave,Greenwood,SC,29649,34.2169866,-82.1817726,ALDI,active,USA,2379652
17492,Aldi - Jef 93 - Greer - 1050 W Wade Hampton Blvd,"1050 West Wade Hampton Blvd, Greer, SC, 29651",1050 West Wade Hampton Blvd,Greer,SC,29651,34.9446081,-82.2541707,ALDI,active,USA,2379679
23608,Aldi - Sby 34 - Indian Land,"9553 Charlotte Highway, Indian Land, SC, 29707",9553 Charlotte Highway,Indian Land,SC,29707,34.9941165,-80.855509,ALDI,active,USA,2380222
70391,Aldi - Sby 126 - Indian Land,"7864 Charlotte Hwy, Indian Land, SC, 29707",7864 Charlotte Hwy,Indian Land,SC,29707,34.9419291,-80.8375579,ALDI,active,USA,2380208
172957,Aldi - Sby 144 - Irmo,"1169 Dutch Fork Rd, Irmo, SC, 29063",1169 Dutch Fork Rd,Irmo,SC,29063,34.1258465,-81.22413393,ALDI,active,USA,2379670
24378,Aldi - Sby 102 - Lancaster,"1201 Old Charlotte Rd, Lancaster, SC, 29720",1201 Old Charlotte Rd,Lancaster,SC,29720,34.7363936,-80.775736,ALDI,active,USA,2379672
156011,Aldi - Jef 155 - Landrum,"1768 Hwy 14, Landrum, SC, 29356",1768 Hwy 14,Landrum,SC,29356,35.1798048,-82.1617234,ALDI,active,USA,2379683
24373,Aldi - 401 Exchange Dr,"401 Exchange Dr, Laurens, SC, 29360",401 Exchange Dr,Laurens,SC,29360,34.49601,-81.98481,ALDI,active,USA,2379661
23551,Aldi - Sby 17 - Lexington,"5182 Sunset Boulevard, Lexington, SC, 29072",5182 Sunset Boulevard,Lexington,SC,29072,34.0064112,-81.2017467,ALDI,active,USA,2379694
23552,Aldi - Sby 111 - Lexington,"5548 Platt Springs Road, Lexington, SC, 29073",5548 Platt Springs Road,Lexington,SC,29073,33.90778304,-81.22728785,ALDI,active,USA,2379676
135081,Aldi - Jef 112 -Mauldin,"209 N Main Street, Mauldin, SC, 29662",209 N Main Street,Mauldin,SC,29662,34.7826011,-82.3119935,ALDI,active,USA,2379665
23566,Aldi - Sby 51 - Mount Pleasant,"613 Johnnie Dodds Blvd, Mount Pleasant, SC, 29464",613 Johnnie Dodds Blvd,Mount Pleasant,SC,29464,32.80744,-79.8809681,ALDI,active,USA,2379693
370135,Aldi - Sby 143 - Mt Pleasant,"Us 17 North, Mt Pleasant, SC, 29466",Us 17 North,Mt Pleasant,SC,29466,32.86342,-79.785698,ALDI,active,USA,2380097
24376,Aldi - Sby 52 - Myrtle Beach,"2625 Beaver Run Boulevard, Myrtle Beach, SC, 29575",2625 Beaver Run Boulevard,Myrtle Beach,SC,29575,33.6420053,-78.986574,ALDI,active,USA,2379671
70382,Aldi - Sby 71 - N. Charleston,"7620 Rivers Ave Suite 100, N Charleston, SC, 29406",7620 Rivers Ave Suite 100,N Charleston,SC,29406,32.9426647,-80.0400852,ALDI,active,USA,2379666
23825,Aldi - Jef 25 - North Augusta,"1360 Knox Avenue, North Augusta, SC, 29841",1360 Knox Avenue,North Augusta,SC,29841,33.5086067,-81.9593628,ALDI,active,USA,2379663
23680,Aldi - Sby 44 - North Myrtle Beach,"244 N Kings Hwy, North Myrtle Beach, SC, 29582",244 N Kings Hwy,North Myrtle Beach,SC,29582,33.8313235,-78.6761767,ALDI,active,USA,2379685
471273,Aldi - Sby 146 - Pawleys Island,"75 Petigru Drive, Pawleys Island, SC, 29585",75 Petigru Drive,Pawleys Island,SC,29585,33.43651,-79.132848,ALDI,active,USA,2379689
118201,Aldi - Jef 110 - Piedmont,"3340 Highway 153, Piedmont, SC, 29673",3340 Highway 153,Piedmont,SC,29673,34.7864174,-82.4770179,ALDI,active,USA,2379686
118887,Aldi - Sby 79 - Rock Hill,"4952 Old York Rd, Rock Hill, SC, 29732",4952 Old York Rd,Rock Hill,SC,29732,34.9837375,-81.091431,ALDI,active,USA,2379695
23611,Aldi - Sby 84 - Rock Hill,"1182 North Anderson Road, Rock Hill, SC, 29730",1182 North Anderson Road,Rock Hill,SC,29730,34.9683014,-80.991683,ALDI,active,USA,2379657
24377,Aldi - Jef 75 - Seneca,"13190 Clemson Boulevard, Seneca, SC, 29678",13190 Clemson Boulevard,Seneca,SC,29678,34.6895903,-82.8589723,ALDI,active,USA,2379681
35579,Aldi - Jef 13 - Seneca,"249 Applewood Center Place, Seneca, SC, 29678",249 Applewood Center Place,Seneca,SC,29678,34.6900072,-82.9897179,ALDI,active,USA,2379677
23565,Aldi - Jef 96 - Simpsonville,"655 Fairview Road Suite C, Simpsonville, SC, 29680",655 Fairview Road Suite C,Simpsonville,SC,29680,34.7119659,-82.2548497,ALDI,active,USA,2379688
23847,Aldi - Jef 91 - Spartanburg,"1605 E Main Street, Spartanburg, SC, 29307",1605 E Main Street,Spartanburg,SC,29307,34.9638685,-81.8974152,ALDI,active,USA,2379697
23846,Aldi - Jef 95 - Spartanburg,"150 E Blackstock Rd, Steb Spartanburg, SC, 29301",150 E Blackstock Rd,Steb Spartanburg,SC,29301,34.9317641,-81.9905511,ALDI,active,USA,2379702
23567,Aldi - Sby 41 - Summerville,"10015 Dorchester Rd, Summerville, SC, 29485",10015 Dorchester Rd,Summerville,SC,29485,32.95194,-80.16412,ALDI,active,USA,2379658
41340,Aldi - Sby 36 - Summerville,"1001 N Main St, Summerville, SC, 29483",1001 N Main St,Summerville,SC,29483,33.03166,-80.16544,ALDI,active,USA,2379684
164695,Aldi - Sby 3 - Sumter,"829 Broad Street, Sumter, SC, 29150",829 Broad Street,Sumter,SC,29150,33.944046,-80.3688,ALDI,active,USA,2379662
17489,Aldi - Jef 41 - Taylors - 3034 Wade Hampton Blvd,"3034 Wade Hampton Blvd, Taylors, SC, 29687",3034 Wade Hampton Blvd,Taylors,SC,29687,34.9071647,-82.3280455,ALDI,active,USA,2379664
23553,Aldi - Sby 47 - West Columbia,"2930 Augusta Road, West Columbia, SC, 29170",2930 Augusta Road,West Columbia,SC,29170,33.979561,-81.1164552,ALDI,active,USA,2379674
538569,Aldi - Far 149 - Brookings,"3031 6th Street, Brookings, SD, 57006",3031 6th Street,Brookings,SD,57006,44.3124076,-96.7551732,ALDI,active,USA,2380098
154487,Aldi - Far 118 - Sioux Falls - W 61st Circle N,"4201 W 61st Circle N, Sioux Falls, SD, 57107",4201 W 61st Circle N,Sioux Falls,SD,57107,43.6026301,-96.7802326,ALDI,active,USA,2379707
27592,Aldi - Far 21 - Sioux Falls - E. Arrowhead Pkwy,"5105 E Arrowhead Pkwy, Sioux Falls, SD, 57110",5105 E Arrowhead Pkwy,Sioux Falls,SD,57110,43.5432731,-96.6632325,ALDI,active,USA,2379704
27593,Aldi - Far 20 - Sioux Falls - S. Louise Ave,"2808 S Louise Ave, Sioux Falls, SD, 57106",2808 S Louise Ave,Sioux Falls,SD,57106,43.5199331,-96.7702654,ALDI,active,USA,2379705
27597,Aldi - Far 22 - Sioux Falls - West 85th St,"600 West 85th Street Suite A, Sioux Falls, SD, 57108",600 West 85th Street Suite A,Sioux Falls,SD,57108,43.4760498,-96.731169,ALDI,active,USA,2379708
137728,Aldi - Far 111 - Watertown,"2822 8th Ave Se, Watertown, SD, 57201",2822 8th Ave Se,Watertown,SD,57201,44.8908,-97.06871,ALDI,active,USA,2379706
23770,Aldi - Mtj 13 - Alcoa,"836 Louisville Rd, Alcoa, TN, 37701",836 Louisville Rd,Alcoa,TN,37701,35.7735361,-83.9895543,ALDI,active,USA,2379773
143704,Aldi - Mtj 79 - Athens,"1518 Decatur Pike, Athens, TN, 37303",1518 Decatur Pike,Athens,TN,37303,35.451196,-84.6212581,ALDI,active,USA,2379758
23749,Aldi - Mtj 66 - Bartlett,"2867 Kirby Whitten Pkwy, Bartlett, TN, 38134",2867 Kirby Whitten Pkwy,Bartlett,TN,38134,35.203667,-89.8416503,ALDI,active,USA,2380148
68620,Aldi - Mtj 3 - Brentwood,"1701 Mallory Lane, Brentwood, TN, 37027",1701 Mallory Lane,Brentwood,TN,37027,35.9660746,-86.8148948,ALDI,active,USA,2379757
92458,Aldi - Mtj 50 - Brentwood,"7117 Southpoint Parkway, Brentwood, TN, 37027",7117 Southpoint Parkway,Brentwood,TN,37027,35.9961461,-86.686764,ALDI,active,USA,2379769
23659,Aldi - Mtj 87 - Chattanooga,"637 Mundy St, Chattanooga, TN, 37405",637 Mundy St,Chattanooga,TN,37405,35.097751,-85.325956,ALDI,active,USA,2379738
23660,Aldi - Mtj 91 - Chattanooga,"5706 Lee Hwy, Chattanooga, TN, 37421",5706 Lee Hwy,Chattanooga,TN,37421,35.0187046,-85.2042926,ALDI,active,USA,2379768
38463,Aldi - Mtj 90 - Chattanooga,"2020 Gunbarrel Rd Ste 154, Chattanooga, TN, 37421",2020 Gunbarrel Rd Ste 154,Chattanooga,TN,37421,35.0332207,-85.1513065,ALDI,active,USA,2379759
179787,Aldi - Mtj 113 - Clarksville,"2829 Wilma Rudolph Blvd, Clarksville, TN, 37040",2829 Wilma Rudolph Blvd,Clarksville,TN,37040,36.5862926,-87.2936132,ALDI,active,USA,2379736
18092,Aldi - Mtj 20 - Clarksville,"1570 Fort Campbell, Clarksville, TN, 37042",1570 Fort Campbell,Clarksville,TN,37042,36.5712889,-87.40702,ALDI,active,USA,2379734
172960,Aldi - Mtj 110 - Cleveland,"2385 Mcgrady Drive Se, Cleveland, TN, 37323",2385 Mcgrady Drive Se,Cleveland,TN,37323,35.1287373,-84.8656088,ALDI,active,USA,2379748
23897,Aldi - Mtj 89 - Cleveland,"305 Paul Huff Pkwy, Cleveland, TN, 37312",305 Paul Huff Pkwy,Cleveland,TN,37312,35.2054999,-84.8524764,ALDI,active,USA,2379723
23742,Aldi - Mtj 74 - Collierville,"523 W Poplar Ave, Collierville, TN, 38017",523 W Poplar Ave,Collierville,TN,38017,35.0455386,-89.680372,ALDI,active,USA,2379761
24411,Aldi - Mtj 40 - Columbia,"311 S James Campbell Blvd, Columbia, TN, 38401",311 S James Campbell Blvd,Columbia,TN,38401,35.5900701,-87.0481786,ALDI,active,USA,2379712
24412,Aldi - Mtj 26 - Cookeville,"442 S Jefferson Ave, Cookeville, TN, 38501",442 S Jefferson Ave,Cookeville,TN,38501,36.1536018,-85.4998217,ALDI,active,USA,2379763
23741,Aldi - Mtj 64 - Cordova,"1610 N Germantown Pkwy, Cordova, TN, 38016",1610 N Germantown Pkwy,Cordova,TN,38016,35.1694078,-89.7920186,ALDI,active,USA,2379725
24406,Aldi - Mtj 24 - Dickson,"781 Hwy 46 S, Dickson, TN, 37055",781 Hwy 46 S,Dickson,TN,37055,36.049306,-87.3620737,ALDI,active,USA,2379728
585282,Aldi - Mtj 112 - Dyersburg,"805 Pennell Ln, Dyersburg, TN, 38024",805 Pennell Ln,Dyersburg,TN,38024,36.0619795,-89.3970145,ALDI,active,USA,2379716
585280,Aldi - Sby 159 - Elizabethton,"791 West Elk Ave, Elizabethton, TN, 37643",791 West Elk Ave,Elizabethton,TN,37643,36.3513716,-82.2397538,ALDI,active,USA,2379742
137439,Aldi - Mtj 6 - Farragut,"170 Brooklawn Street, Farragut, TN, 37934",170 Brooklawn Street,Farragut,TN,37934,35.8810919,-84.1557798,ALDI,active,USA,2379746
23399,Aldi - Mtj 52 - Franklin,"209 S Royal Oaks Blvd, Franklin, TN, 37064",209 S Royal Oaks Blvd,Franklin,TN,37064,35.9123318,-86.831671,ALDI,active,USA,2379737
23579,Aldi - Mtj 60 - Gallatin,"571 Village Green Dr, Gallatin, TN, 37066",571 Village Green Dr,Gallatin,TN,37066,36.3782563,-86.474617,ALDI,active,USA,2379754
24409,Aldi - Sby 69 - Greeneville,"3800 E Andrew Johnson Hwy, Greeneville, TN, 37745",3800 E Andrew Johnson Hwy,Greeneville,TN,37745,36.1840216,-82.7595757,ALDI,active,USA,2379733
23580,Aldi - Mtj 56 - Hendersonville,"217 Indian Lake Blvd 700, Hendersonville, TN, 37075",217 Indian Lake Blvd 700,Hendersonville,TN,37075,36.3216065,-86.6016202,ALDI,active,USA,2379718
23392,Aldi - Mtj 51 - Hermitage,"4751 Lebanon Pike, Hermitage, TN, 37076",4751 Lebanon Pike,Hermitage,TN,37076,36.214479,-86.591791,ALDI,active,USA,2379732
23657,Aldi - Mtj 92 - Hixson,"5510 Hwy 153 Ste 1, Hixson, TN, 37343",5510 Hwy 153 Ste 1,Hixson,TN,37343,35.1433725,-85.2475441,ALDI,active,USA,2379717
24410,Aldi - Mtj 75 - Jackson,"6 Stonebridge Blvd, Jackson, TN, 38305",6 Stonebridge Blvd,Jackson,TN,38305,35.671235,-88.8522527,ALDI,active,USA,2379714
23849,Aldi - Sby 66 - Johnson City,"1400 West Market Street, Johnson City, TN, 37604",1400 West Market Street,Johnson City,TN,37604,36.3140882,-82.3815463,ALDI,active,USA,2379727
370134,Aldi - Sby 156 - Johnson City,"108 Whitewood Blvd, Johnson City, TN, 37601",108 Whitewood Blvd,Johnson City,TN,37601,36.3735145,-82.4054351,ALDI,active,USA,2379713
23850,Aldi - Sby 67 - Kingsport,"2617 East Stone Drive, Kingsport, TN, 37660",2617 East Stone Drive,Kingsport,TN,37660,36.5489768,-82.4927883,ALDI,active,USA,2379726
23490,Aldi - Mtj 15 - Knoxville,"5220 Kingston Pike, Knoxville, TN, 37919",5220 Kingston Pike,Knoxville,TN,37919,35.937383,-83.9898864,ALDI,active,USA,2379765
23491,Aldi - Mtj 10 - Knoxville,"2801 Schaad Rd, Knoxville, TN, 37921",2801 Schaad Rd,Knoxville,TN,37921,36.0041208,-84.0232399,ALDI,active,USA,2379750
23492,Aldi - Mtj 12 - Knoxville,"110 Moss Grove Blvd, Knoxville, TN, 37922",110 Moss Grove Blvd,Knoxville,TN,37922,35.9099128,-84.0902861,ALDI,active,USA,2379749
23494,Aldi - Mtj 11 - Knoxville,"4109 E Emory Rd, Knoxville, TN, 37938",4109 E Emory Rd,Knoxville,TN,37938,36.0844913,-83.934149,ALDI,active,USA,2379709
40145,Aldi - Mtj 8 - Knoxville,"5416 Millertown Pike, Knoxville, TN, 37924",5416 Millertown Pike,Knoxville,TN,37924,36.0346995,-83.8691897,ALDI,active,USA,2379753
120891,Aldi - Mtj 22 - Lakeland,"9970 Us Highway 64, Lakeland, TN, 38002",9970 Us Highway 64,Lakeland,TN,38002,35.2064709,-89.7300143,ALDI,active,USA,2380155
396442,Aldi - Mtj 115 - La Vergne,"5309 Murfreesboro Rd, La Vergne, TN, 37086",5309 Murfreesboro Rd,La Vergne,TN,37086,36.0179317,-86.5644168,ALDI,active,USA,2379744
585277,Aldi - Mtj 103 - Lawrenceburg,"2000 N Locust Ave, Lawrenceburg, TN, 38464",2000 N Locust Ave,Lawrenceburg,TN,38464,35.2678759,-87.3196664,ALDI,active,USA,2379751
24054,Aldi - Mtj 42 - Lebanon,"108 Circle Dr, Lebanon, TN, 37087",108 Circle Dr,Lebanon,TN,37087,36.1894949,-86.2974829,ALDI,active,USA,2379729
23769,Aldi - Mtj 7 - Lenoir City,"725 Us Hwy 321 N, Lenoir City, TN, 37771",725 Us Hwy 321 N,Lenoir City,TN,37771,35.8116745,-84.2626952,ALDI,active,USA,2379711
23582,Aldi - Mtj 17 - Madison,"135 S Gallatin Pike, Madison, TN, 37115",135 S Gallatin Pike,Madison,TN,37115,36.2618467,-86.7116112,ALDI,active,USA,2379720
179786,Aldi - Mtj 5 - Maryville,"2235 Us Hwy 411 S, Maryville, TN, 37801",2235 Us Hwy 411 S,Maryville,TN,37801,35.7197232,-84.0100288,ALDI,active,USA,2379745
23744,Aldi - Mtj 70 - Memphis,"4056 Elvis Presley Blvd, Memphis, TN, 38116",4056 Elvis Presley Blvd,Memphis,TN,38116,35.0382117,-90.0242685,ALDI,active,USA,2379731
23745,Aldi - Mtj 68 - Memphis,"2765 S Perkins, Memphis, TN, 38118",2765 S Perkins,Memphis,TN,38118,35.0731205,-89.9062666,ALDI,active,USA,2379772
23746,Aldi - Mtj 69 - Memphis,"4720 Summer Ave, Memphis, TN, 38122",4720 Summer Ave,Memphis,TN,38122,35.1491272,-89.9030579,ALDI,active,USA,2379735
23747,Aldi - Mtj 65 - Memphis,"7520 Winchester Rd, Memphis, TN, 38125",7520 Winchester Rd,Memphis,TN,38125,35.0511915,-89.8121431,ALDI,active,USA,2379721
23748,Aldi - Mtj 62 - Memphis,"3176 Austin Peay Hwy, Memphis, TN, 38128",3176 Austin Peay Hwy,Memphis,TN,38128,35.2114703,-89.9175118,ALDI,active,USA,2379741
396449,Aldi - Mtj 117 - Memphis,"785 Union Ave, Memphis, TN, 38103",785 Union Ave,Memphis,TN,38103,35.1379563,-90.0353133,ALDI,active,USA,2379743
172970,Aldi - Mtj 108 - Millington,"8699 Us Highway 51 North Unit 101, Millington, TN, 38053",8699 Us Highway 51 North Unit 101,Millington,TN,38053,35.3639692,-89.8928573,ALDI,active,USA,2379755
23899,Aldi - Mtj 9 - Morristown,"154 W Pin Lane, Morristown, TN, 37814",154 W Pin Lane,Morristown,TN,37814,36.1927628,-83.3615692,ALDI,active,USA,2379756
23393,Aldi - Mtj 55 - Mt. Juliet,"315 N Mt Juliet Rd, Mt Juliet, TN, 37122",315 N Mt Juliet Rd,Mt Juliet,TN,37122,36.1762109,-86.511774,ALDI,active,USA,2379730
137440,Aldi - Mtj 23 - Murfreesboro,"3439 South Church Street, Murfreesboro, TN, 37127",3439 South Church Street,Murfreesboro,TN,37127,35.77823,-86.400129,ALDI,active,USA,2379764
156013,Aldi - Mtj 102 - Murfreesboro,"5109 Franklin Road, Murfreesboro, TN, 37128",5109 Franklin Road,Murfreesboro,TN,37128,35.843387,-86.4852812,ALDI,active,USA,2379771
23401,Aldi - Mtj 18 - Murfreesboro,"3267 Memorial Blvd, Murfreesboro, TN, 37129",3267 Memorial Blvd,Murfreesboro,TN,37129,35.9057737,-86.384371,ALDI,active,USA,2379747
23402,Aldi - Mtj 41 - Murfreesboro,"640 Robert Rose Dr, Murfreesboro, TN, 37129",640 Robert Rose Dr,Murfreesboro,TN,37129,35.8541666,-86.4322535,ALDI,active,USA,2379760
23394,Aldi - Mtj 45 - Nashville,"1911 Ransom Pl, Nashville, TN, 37217",1911 Ransom Pl,Nashville,TN,37217,36.0881187,-86.6507793,ALDI,active,USA,2379767
23395,Aldi - Mtj 47 - Nashville,"615 Gallatin Ave, Nashville, TN, 37206",615 Gallatin Ave,Nashville,TN,37206,36.1833731,-86.7473732,ALDI,active,USA,2379766
23396,Aldi - Mtj 46 - Nashville,"405 American Rd, Nashville, TN, 37209",405 American Rd,Nashville,TN,37209,36.1450316,-86.874017,ALDI,active,USA,2379740
23397,Aldi - Mtj 48 - Nashville,"3758 Nolensville Pike, Nashville, TN, 37211",3758 Nolensville Pike,Nashville,TN,37211,36.0903259,-86.7323177,ALDI,active,USA,2379762
23398,Aldi - Mtj 58 - Nashville,"7035 Highway 70 S, Nashville, TN, 37221",7035 Highway 70 S,Nashville,TN,37221,36.0750713,-86.9175676,ALDI,active,USA,2379752
23489,Aldi - Mtj 14 - Oak Ridge,"111 Woodland Terrace E, Oak Ridge, TN, 37830",111 Woodland Terrace E,Oak Ridge,TN,37830,36.0042242,-84.2473887,ALDI,active,USA,2379770
23658,Aldi - Mtj 88 - Ooltewah,"5974 Elementary Way, Ooltewah, TN, 37363",5974 Elementary Way,Ooltewah,TN,37363,35.0822899,-85.0599571,ALDI,active,USA,2379724
23771,Aldi - Mtj 16 - Sevierville,"538 Winfield-Dunn Parkway, Sevierville, TN, 37862",538 Winfield-Dunn Parkway,Sevierville,TN,37862,35.8766584,-83.5733466,ALDI,active,USA,2379739
23403,Aldi - Mtj 25 - Smyrna,"407 S Lowry St, Smyrna, TN, 37167",407 S Lowry St,Smyrna,TN,37167,35.9716627,-86.5077872,ALDI,active,USA,2379715
24407,Aldi - Mtj 49 - Springfield,"3438 Tom Austin Hwy, Springfield, TN, 37172",3438 Tom Austin Hwy,Springfield,TN,37172,36.4868768,-86.8846341,ALDI,active,USA,2379722
23400,Aldi - Mtj 53 - Spring Hill,"4917 Main St, Spring Hill, TN, 37174",4917 Main St,Spring Hill,TN,37174,35.7763535,-86.9176096,ALDI,active,USA,2379710
24408,Aldi - Mtj 54 - Tullahoma,"2014 N Jackson St, Tullahoma, TN, 37388",2014 N Jackson St,Tullahoma,TN,37388,35.3900611,-86.2362538,ALDI,active,USA,2379719
70379,Aldi - Den 104 - Abilene,"4765 Southwest Drive, Abilene, TX, 79606",4765 Southwest Drive,Abilene,TX,79606,32.4065768,-99.786436,ALDI,active,USA,2379872
11604,Aldi - Den 44 - Allen,"1730 North Greenville Ave, Allen, TX, 75002",1730 North Greenville Ave,Allen,TX,75002,33.1280893,-96.6450028,ALDI,active,USA,2379790
30033,"Aldi - Ros 12 - Alvin, Tx","2373 South Bypass 35, Alvin Tx, TX, 77511",2373 South Bypass 35,Alvin Tx,TX,77511,29.4050851,-95.2342984,ALDI,active,USA,2380217
14347,Aldi - Den 57 - Arlington,"1200 W Nathan Lowe Road, Arlington, TX, 76017",1200 W Nathan Lowe Road,Arlington,TX,76017,32.6548291,-97.1330043,ALDI,active,USA,2379825
14355,Aldi - Den 90 - Arlington,"5045 Little School Road, Arlington, TX, 76017",5045 Little School Road,Arlington,TX,76017,32.6651016,-97.2050486,ALDI,active,USA,2379869
24677,Aldi - Ros 68 - Baytown,"5521 Garth Road, Baytown, TX, 77521",5521 Garth Road,Baytown,TX,77521,29.783473,-94.9796109,ALDI,active,USA,2379845
24674,Aldi - Den 85 - Brownwood,"519 W Commerce Street, Brownwood, TX, 76801",519 W Commerce Street,Brownwood,TX,76801,31.7308486,-98.9848385,ALDI,active,USA,2379853
23430,Aldi - Ros 78 - Bryan,"1760 Briarcrest Dr, Bryan, TX, 77802",1760 Briarcrest Dr,Bryan,TX,77802,30.6534248,-96.3370921,ALDI,active,USA,2379796
14394,Aldi - Den 65 - Burleson,"1201 Sw Wilshire Blvd, Burleson, TX, 76028",1201 Sw Wilshire Blvd,Burleson,TX,76028,32.5236906,-97.3437085,ALDI,active,USA,2379870
20676,Aldi - Den 15 - Carrollton,"3044 Old Denton Suite 200, Carrollton, TX, 75007",3044 Old Denton Suite 200,Carrollton,TX,75007,32.99703,-96.90835,ALDI,active,USA,2379813
14392,Aldi - Den 63 - Cedar Hill,"805 E Beltline Rd, Cedar Hill, TX, 75104",805 E Beltline Rd,Cedar Hill,TX,75104,32.5903266,-96.924565,ALDI,active,USA,2379782
570551,Aldi - Ros 40 - Cedar Park,"850 N Bell Blvd Suite 210, Cedar Park, TX, 78613",850 N Bell Blvd Suite 210,Cedar Park,TX,78613,30.5197625,-97.827447,ALDI,active,USA,2379862
121622,Aldi - Den 101 - Cleburne,"1708 W Henderson, Cleburne, TX, 76033",1708 W Henderson,Cleburne,TX,76033,32.3353589,-97.423591,ALDI,active,USA,2379865
23572,Aldi - Ros 3 - Conroe,"2045 North Loop 336 West, Conroe, TX, 77304",2045 North Loop 336 West,Conroe,TX,77304,30.3299498,-95.4890053,ALDI,active,USA,2379781
23571,Aldi - Den 87 - Corinth,"3851 Fm 2181, Corinth, TX, 76210",3851 Fm 2181,Corinth,TX,76210,33.1301156,-97.0499348,ALDI,active,USA,2379812
24668,Aldi - Den 41 - Corsicana,"3623 W State Hwy 31, Corsicana, TX, 75110",3623 W State Hwy 31,Corsicana,TX,75110,32.070811,-96.5039115,ALDI,active,USA,2379837
26117,Aldi - Ros 52 - Crosby,"14130 Fm 2100 Rd, Crosby, TX, 77532",14130 Fm 2100 Rd,Crosby,TX,77532,29.8928343,-95.0622273,ALDI,active,USA,2379888
12222,Aldi - Den 35 - Dallas,"5828 Abrams Road, Dallas, TX, 75214",5828 Abrams Road,Dallas,TX,75214,32.8557701,-96.7496943,ALDI,active,USA,2379828
14340,Aldi - Den 23 - Dallas,"13548 Preston Rd, Dallas, TX, 75240",13548 Preston Rd,Dallas,TX,75240,32.9323641,-96.8025379,ALDI,active,USA,2379832
14370,Aldi - Den 50 - Dallas,"2505 Ft Worth Ave, Dallas, TX, 75211",2505 Ft Worth Ave,Dallas,TX,75211,32.7594021,-96.8636578,ALDI,active,USA,2379863
14372,Aldi - Den 5 - Dallas,"3632 Frankford Rd Ste 200c, Dallas, TX, 75287",3632 Frankford Rd Ste 200c,Dallas,TX,75287,32.9957201,-96.8543177,ALDI,active,USA,2379847
14374,Aldi - Den 43 - Dallas,"3128 Forest Lane, Dallas, TX, 75234",3128 Forest Lane,Dallas,TX,75234,32.9087272,-96.870232,ALDI,active,USA,2379873
14397,Aldi - Den 20 - Dallas,"2926 Buckner Blvd, Dallas, TX, 75227",2926 Buckner Blvd,Dallas,TX,75227,32.761704,-96.6812713,ALDI,active,USA,2379792
14655,Aldi - Den 42 - Dallas,"4120 Gaston Ave, Dallas, TX, 75246",4120 Gaston Ave,Dallas,TX,75246,32.7943918,-96.7754155,ALDI,active,USA,2379883
15639,Aldi - Den 56 - Dallas,"2440 W Illinois Ave, Dallas, TX, 75233",2440 W Illinois Ave,Dallas,TX,75233,32.7189639,-96.8581345,ALDI,active,USA,2379810
15918,Aldi - Den 72 - Dallas,"8034 Chrysalis Drive, Dallas, TX, 75237",8034 Chrysalis Drive,Dallas,TX,75237,32.6492603,-96.8587089,ALDI,active,USA,2379871
14384,Aldi - Den 37 - Denton,"1105 S Loop 288, Denton, TX, 76205",1105 S Loop 288,Denton,TX,76205,33.2001544,-97.0904389,ALDI,active,USA,2379882
23570,Aldi - Den 94 - Denton,"1317 Ector Street, Denton, TX, 76201",1317 Ector Street,Denton,TX,76201,33.2289081,-97.1557111,ALDI,active,USA,2379801
15368,Aldi - Den 74 - Desoto,"102 W Pleasant Run Rd, Desoto, TX, 75115",102 W Pleasant Run Rd,Desoto,TX,75115,32.6031837,-96.8580261,ALDI,active,USA,2379858
26991,Aldi - Den 64 - Duncanville,"333 S Cedar Ridge, Duncanville, TX, 75116",333 S Cedar Ridge,Duncanville,TX,75116,32.6482099,-96.9267221,ALDI,active,USA,2379866
14378,Aldi - Den 73 - Euless,"1201 W Airport Freeway, Euless, TX, 76040",1201 W Airport Freeway,Euless,TX,76040,32.8359908,-97.1017692,ALDI,active,USA,2379838
16062,Aldi - Den 24 - Forney,"895 N Farm To Market 548, Forney, TX, 75126",895 N Farm To Market 548,Forney,TX,75126,32.751466,-96.444441,ALDI,active,USA,2380121
109768,Aldi - Den 93 - Fort Worth,"5129 Golden Triangle Blvd, Fort Worth, TX, 76244",5129 Golden Triangle Blvd,Fort Worth,TX,76244,32.9320758,-97.27289,ALDI,active,USA,2380249
14371,Aldi - Den 25 - Frisco,"6951 Preston Rd, Frisco, TX, 75034",6951 Preston Rd,Frisco,TX,75034,33.1361185,-96.806381,ALDI,active,USA,2379808
14364,Aldi - Den 71 - Ft. Worth,"5617 S Hulen St, Ft Worth, TX, 76132",5617 S Hulen St,Ft Worth,TX,76132,32.6669861,-97.3996186,ALDI,active,USA,2379875
14380,Aldi - Den 80 - Ft. Worth,"1620 Eastchase Pkwy, Ft Worth, TX, 76120",1620 Eastchase Pkwy,Ft Worth,TX,76120,32.7559911,-97.1708076,ALDI,active,USA,2379856
14401,Aldi - Den 61 - Ft. Worth,"700 Alta Mere, Ft Worth, TX, 76116",700 Alta Mere,Ft Worth,TX,76116,32.7504847,-97.4346636,ALDI,active,USA,2379798
14884,Aldi - Den 69 - Ft. Worth,"5728 N Tarrant Pkwy, Ft Worth, TX, 76244",5728 N Tarrant Pkwy,Ft Worth,TX,76244,32.8934521,-97.2632234,ALDI,active,USA,2380263
15344,Aldi - Den 89 - Ft. Worth,"8977 Tehama Ridge Parkway, Ft Worth, TX, 76177",8977 Tehama Ridge Parkway,Ft Worth,TX,76177,32.9035815,-97.3229721,ALDI,active,USA,2379818
23269,Aldi - Den 51 - Ft. Worth,"9660 Legacy Drive, Ft Worth, TX, 76108",9660 Legacy Drive,Ft Worth,TX,76108,32.7638299,-97.485433,ALDI,active,USA,2379780
23194,Aldi - Ros 30 - Fulshear,"5840 Fm 1463 Rd, Fulshear, TX, 77441",5840 Fm 1463 Rd,Fulshear,TX,77441,29.7070463,-95.8461584,ALDI,active,USA,2380100
14368,Aldi - Den 29 - Garland,"1518 Buckingham Rd, Garland, TX, 75042",1518 Buckingham Rd,Garland,TX,75042,32.9300984,-96.6510116,ALDI,active,USA,2379775
14776,Aldi - Den 54 - Garland,"1601 W Northwest Hwy, Garland, TX, 75041",1601 W Northwest Hwy,Garland,TX,75041,32.8647928,-96.6519406,ALDI,active,USA,2379805
121625,Aldi - Ros 39 - Georgetown,"926 W University Ave, Georgetown, TX, 78626",926 W University Ave,Georgetown,TX,78626,30.6327858,-97.6877346,ALDI,active,USA,2379794
16056,Aldi - Den 84 - Granbury,"1339 N Plaza Drive, Granbury, TX, 76048",1339 N Plaza Drive,Granbury,TX,76048,32.4362219,-97.7673552,ALDI,active,USA,2379881
14367,Aldi - Den 70 - Grand Prairie,"424 E Pioneer Pkwy, Grand Prairie, TX, 75051",424 E Pioneer Pkwy,Grand Prairie,TX,75051,32.7099678,-96.9996835,ALDI,active,USA,2379842
23271,Aldi - Den 86 - Grand Prairie,"2601 W Bardin Road, Grand Prairie, TX, 75052",2601 W Bardin Road,Grand Prairie,TX,75052,32.671797,-97.045043,ALDI,active,USA,2379876
16063,Aldi - Den 45 - Greenville,"6606 Wesley Street, Greenville, TX, 75402",6606 Wesley Street,Greenville,TX,75402,33.1028664,-96.1110915,ALDI,active,USA,2379806
14366,Aldi - Den 78 - Haltom City,"3173 Denton Highway, Haltom City, TX, 76117",3173 Denton Highway,Haltom City,TX,76117,32.8048335,-97.2658528,ALDI,active,USA,2379783
109757,Aldi - Ros 56 - Houston,"2550 Gessner Rd, Houston, TX, 77080",2550 Gessner Rd,Houston,TX,77080,29.8177026,-95.5451732,ALDI,active,USA,2379829
23167,Aldi - Ros 62 - Houston,"6751 Bissonnet St, Houston, TX, 77074",6751 Bissonnet St,Houston,TX,77074,29.6895263,-95.5016248,ALDI,active,USA,2379880
23168,Aldi - Ros 53 - Houston,"3601 Hwy 6 South, Houston, TX, 77082",3601 Hwy 6 South,Houston,TX,77082,29.7180494,-95.643084,ALDI,active,USA,2379804
23193,Aldi - Ros 8 - Houston,"5855 Hwy 6 North, Houston, TX, 77084",5855 Hwy 6 North,Houston,TX,77084,29.8616088,-95.6465345,ALDI,active,USA,2379795
23239,Aldi - Ros 18 - Houston,"3618 Old Spanish Trail, Houston, TX, 77021",3618 Old Spanish Trail,Houston,TX,77021,29.7013238,-95.3632875,ALDI,active,USA,2379799
23253,Aldi - Ros 59 - Houston,"9870 Louetta Rd, Houston, TX, 77070",9870 Louetta Rd,Houston,TX,77070,30.0021187,-95.5598641,ALDI,active,USA,2379890
23254,Aldi - Ros 60 - Houston,"8650 Barker Cypress Road, Houston, TX, 77095",8650 Barker Cypress Road,Houston,TX,77095,29.90448,-95.6846674,ALDI,active,USA,2380099
23255,Aldi - Ros 17 - Houston,"3715 Fm 1960 West, Houston, TX, 77068",3715 Fm 1960 West,Houston,TX,77068,29.993713,-95.4859328,ALDI,active,USA,2379833
23308,Aldi - Ros 66 - Houston,"16701 El Camino Real, Houston, TX, 77062",16701 El Camino Real,Houston,TX,77062,29.5567365,-95.1208014,ALDI,active,USA,2379861
24675,Aldi - Ros 73 - Houston,"161 West Road, Houston, TX, 77037",161 West Road,Houston,TX,77037,29.9143413,-95.4094214,ALDI,active,USA,2379846
38277,Aldi - Ros 77 - Houston,"3938 N Shepherd Dr, Houston, TX, 77018",3938 N Shepherd Dr,Houston,TX,77018,29.8230377,-95.4096019,ALDI,active,USA,2379820
38464,Aldi - Ros 32 - Houston,"9525 Westheimer, Houston, TX, 77063",9525 Westheimer,Houston,TX,77063,29.7360789,-95.5336718,ALDI,active,USA,2379879
30032,"Aldi - Ros 5 - Houston, Tx","13340 Tomball Pkwy, Houston Tx, TX, 77086",13340 Tomball Pkwy,Houston Tx,TX,77086,29.9161127,-95.4857391,ALDI,active,USA,2379779
30034,"Aldi - Ros 13 - Houston, Tx","9251 Jones Road, Houston Tx, TX, 77065",9251 Jones Road,Houston Tx,TX,77065,29.9077898,-95.5859342,ALDI,active,USA,2379878
30035,"Aldi - Ros 95 - Houston, Tx","10064 Almeda Genoa, Houston Tx, TX, 77075",10064 Almeda Genoa,Houston Tx,TX,77075,29.6267421,-95.2370272,ALDI,active,USA,2379822
23311,Aldi - Ros 14 - Humble,"8755 Fm 1960 Bypass W, Humble, TX, 77338",8755 Fm 1960 Bypass W,Humble,TX,77338,30.0058338,-95.2928138,ALDI,active,USA,2379811
23313,Aldi - Ros 7 - Humble,"6900 Fm 1960 E, Humble, TX, 77346",6900 Fm 1960 E,Humble,TX,77346,29.9968326,-95.1737859,ALDI,active,USA,2379803
24676,Aldi - Ros 31 - Huntsville,"111 I-45 S Suite M, Huntsville, TX, 77340",111 I-45 S Suite M,Huntsville,TX,77340,30.716744,-95.570944,ALDI,active,USA,2380246
15093,Aldi - Den 53 - Hurst,"1628 Precinct Line Rd, Hurst, TX, 76054",1628 Precinct Line Rd,Hurst,TX,76054,32.8441438,-97.1855085,ALDI,active,USA,2379874
14362,Aldi - Den 58 - Irving,"2926 N Beltline Rd, Irving, TX, 75062",2926 N Beltline Rd,Irving,TX,75062,32.8460298,-96.9913073,ALDI,active,USA,2379884
14363,Aldi - Den 66 - Irving,"912 E Irving Boulevard, Irving, TX, 75060",912 E Irving Boulevard,Irving,TX,75060,32.8115445,-96.935714,ALDI,active,USA,2379841
23195,Aldi - Ros 9 - Katy,"5930 N Fry Road, Katy, TX, 77449",5930 N Fry Road,Katy,TX,77449,29.8579884,-95.7182183,ALDI,active,USA,2379826
23196,Aldi - Ros 1 - Katy,"2009 S Mason Road, Katy, TX, 77450",2009 S Mason Road,Katy,TX,77450,29.749517,-95.7503068,ALDI,active,USA,2379824
23309,Aldi - Ros 16 - Kemah,"222 Fm 518, Kemah, TX, 77565",222 Fm 518,Kemah,TX,77565,29.5370918,-95.0213367,ALDI,active,USA,2379787
23408,Aldi - Ros 88 - Killeen,"2500 E Central Expressway, Killeen, TX, 76543",2500 E Central Expressway,Killeen,TX,76543,31.08894,-97.71908,ALDI,active,USA,2380111
23409,Aldi - Ros 25 - Killeen,"3501 W Stan Schlueter Loop, Killeen, TX, 76549",3501 W Stan Schlueter Loop,Killeen,TX,76549,31.086646,-97.7865399,ALDI,active,USA,2379887
23312,Aldi - Ros 55 - Kingwood,"1387 Kingwood Dr, Kingwood, TX, 77339",1387 Kingwood Dr,Kingwood,TX,77339,30.0502405,-95.2350873,ALDI,active,USA,2379816
24678,Aldi - Ros 38 - Lake Jackson,"206 Hwy 332 E, Lake Jackson, TX, 77566",206 Hwy 332 E,Lake Jackson,TX,77566,29.04046,-95.4548,ALDI,active,USA,2379784
23574,Aldi - Ros 64 - La Porte,"9002 Spencer Highway, La Porte, TX, 77571",9002 Spencer Highway,La Porte,TX,77571,29.6634073,-95.0975348,ALDI,active,USA,2379857
14357,Aldi - Den 62 - Lewisville,"1585 W Main St, Lewisville, TX, 75067",1585 W Main St,Lewisville,TX,75067,33.0427577,-97.0350255,ALDI,active,USA,2379843
23326,Aldi - Den 22 - Lewisville,"6150 N Josey Lane, Lewisville, TX, 75056",6150 N Josey Lane,Lewisville,TX,75056,33.0614711,-96.8855925,ALDI,active,USA,2380191
17629,Aldi - Den 36 - Little Elm,"2650 Little Elm Parkway, Little Elm, TX, 75068",2650 Little Elm Parkway,Little Elm,TX,75068,33.168593,-96.8925428,ALDI,active,USA,2379868
24670,Aldi - Den 28 - Longview,"1725 W Loop 281, Longview, TX, 75604",1725 W Loop 281,Longview,TX,75604,32.527008,-94.782153,ALDI,active,USA,2379854
23197,Aldi - Ros 37 - Magnolia,"6210 Fm 1488, Magnolia, TX, 77354",6210 Fm 1488,Magnolia,TX,77354,30.22387,-95.5623322,ALDI,active,USA,2379849
23273,Aldi - Den 55 - Mansfield,"3018 Matlock Road, Mansfield, TX, 76063",3018 Matlock Road,Mansfield,TX,76063,32.6078595,-97.1154239,ALDI,active,USA,2379844
14779,Aldi - Den 47 - Mckinney,"8801 Stacy Rd, Mckinney, TX, 75070",8801 Stacy Rd,Mckinney,TX,75070,33.1516053,-96.7305837,ALDI,active,USA,2379789
23215,Aldi - Ros 36 - Meadows Place,"11709 W Airport, Meadows Place, TX, 77477",11709 W Airport,Meadows Place,TX,77477,29.6464377,-95.5826514,ALDI,active,USA,2380175
14777,Aldi - Den 16 - Mesquite,"3635 Gus Thomasson Rd Ste A, Mesquite, TX, 75150",3635 Gus Thomasson Rd Ste A,Mesquite,TX,75150,32.8132873,-96.6366186,ALDI,active,USA,2379877
120896,Aldi - Den 97 - Midlothian,"300 Harvest Hill Dr, Midlothian, TX, 76065",300 Harvest Hill Dr,Midlothian,TX,76065,32.461802,-96.9955902,ALDI,active,USA,2379821
23305,Aldi - Ros 6 - Missouri City,"6016 Sienna Ranch Road, Missouri City, TX, 77459",6016 Sienna Ranch Road,Missouri City,TX,77459,29.5430952,-95.5483029,ALDI,active,USA,2379839
33241,Aldi - Den 102 - Mt. Pleasant,"2306 S Jefferson Ave, Mt Pleasant, TX, 75455",2306 S Jefferson Ave,Mt Pleasant,TX,75455,33.1355917,-94.9694114,ALDI,active,USA,2379835
538571,Aldi - Den 111 - Nacogdoches,"4919 North St Suite 101, Nacogdoches, TX, 75965",4919 North St Suite 101,Nacogdoches,TX,75965,31.65138,-94.657745,ALDI,active,USA,2379817
14344,Aldi - Den 67 - North Richland Hills,"8537 Davis Blvd, North Richland Hills, TX, 76182",8537 Davis Blvd,North Richland Hills,TX,76182,32.9086749,-97.1910996,ALDI,active,USA,2379788
179789,Aldi - Den 108 - Palestine,"2117 South Loop 256, Palestine, TX, 75801",2117 South Loop 256,Palestine,TX,75801,31.735898,-95.612059,ALDI,active,USA,2379814
23272,Aldi - Den 81 - Pantego,"2417 W Park Row Blvd, Pantego, TX, 76013",2417 W Park Row Blvd,Pantego,TX,76013,32.7217549,-97.1476327,ALDI,active,USA,2379867
24669,Aldi - Den 38 - Paris,"3518 Lamar Ave, Paris, TX, 75460",3518 Lamar Ave,Paris,TX,75460,33.6591797,-95.511062,ALDI,active,USA,2379786
23573,Aldi - Ros 11 - Pasadena,"4140 Fairmont Parkway, Pasadena, TX, 77504",4140 Fairmont Parkway,Pasadena,TX,77504,29.6496191,-95.1797466,ALDI,active,USA,2379848
23306,Aldi - Ros 34 - Pearland,"3412 E Broadway Street, Pearland, TX, 77581",3412 E Broadway Street,Pearland,TX,77581,29.5605666,-95.276784,ALDI,active,USA,2379815
23307,"Aldi - Ros 4 - Pearland, Tx - 11510 Broadway St","11510 Broadway, Pearland, TX, 77584",11510 Broadway,Pearland,TX,77584,29.555069,-95.3987817,ALDI,active,USA,2379850
23898,Aldi - Ros 97 - Pflugerville,"1415 Fm 685 Rd, Pflugerville, TX, 78660",1415 Fm 685 Rd,Pflugerville,TX,78660,30.4499298,-97.6048063,ALDI,active,USA,2379889
14342,Aldi - Den 31 - Plano,"2400 K Ave 11, Plano, TX, 75074",2400 K Ave 11,Plano,TX,75074,33.0296121,-96.6983174,ALDI,active,USA,2379777
23221,Aldi - Den 40 - Plano,"2220 Coit Rd 250, Plano, TX, 75075",2220 Coit Rd 250,Plano,TX,75075,33.028834,-96.768844,ALDI,active,USA,2379778
23327,Aldi - Den 1 - Providence Village,"26617 Us Hwy 380 W, Providence Village, TX, 76227",26617 Us Hwy 380 W,Providence Village,TX,76227,33.222285,-96.960061,ALDI,active,USA,2380113
14775,Aldi - Den 34 - Richardson,"1549 E Beltline Road, Richardson, TX, 75081",1549 E Beltline Road,Richardson,TX,75081,32.9459664,-96.6964293,ALDI,active,USA,2379823
20886,Aldi - Ros 20 - Richmond,"7945 W Grand Parkway, Richmond, TX, 77406",7945 W Grand Parkway,Richmond,TX,77406,29.6641815,-95.741315,ALDI,active,USA,2379800
17488,Aldi - Den 68 - Roanoke,"1315 Us-377, Roanoke, TX, 76262",1315 Us-377,Roanoke,TX,76262,33.0165102,-97.2196571,ALDI,active,USA,2379836
14337,Aldi - Den 26 - Rockwall,"3085 Ridge Road, Rockwall, TX, 75032",3085 Ridge Road,Rockwall,TX,75032,32.8860077,-96.4732402,ALDI,active,USA,2379776
23568,Aldi - Den 49 - Rockwall,"3251 N Goliad Street, Rockwall, TX, 75087",3251 N Goliad Street,Rockwall,TX,75087,32.9663871,-96.465496,ALDI,active,USA,2379840
23214,Aldi - Ros 19 - Rosenberg,"6450 Reading Rd, Rosenberg, TX, 77471",6450 Reading Rd,Rosenberg,TX,77471,29.543347,-95.7603483,ALDI,active,USA,2379852
14334,Aldi - Den 32 - Rowlett,"3500 Lakeview Pkwy, Rowlett, TX, 75088",3500 Lakeview Pkwy,Rowlett,TX,75088,32.9061447,-96.5684274,ALDI,active,USA,2379886
14333,Aldi - Den 52 - Saginaw,"901 N Saginaw Blvd, Saginaw, TX, 76179",901 N Saginaw Blvd,Saginaw,TX,76179,32.872244,-97.3755406,ALDI,active,USA,2380310
24667,Aldi - Den 48 - Sherman,"3201 N Hwy 75 Suite 104, Sherman, TX, 75090",3201 N Hwy 75 Suite 104,Sherman,TX,75090,33.67189,-96.607338,ALDI,active,USA,2379819
12257,Aldi - Ros 2 - Spring,"2302 Fm 2920, Spring, TX, 77388",2302 Fm 2920,Spring,TX,77388,30.0711383,-95.4519819,ALDI,active,USA,2379834
23257,Aldi - Ros 63 - Spring,"6912 Fm 2920 Rd, Spring, TX, 77379",6912 Fm 2920 Rd,Spring,TX,77379,30.0744687,-95.527528,ALDI,active,USA,2379864
39719,Aldi - Ros 22 - Spring,"2412 Rayford Rd, Spring, TX, 77386",2412 Rayford Rd,Spring,TX,77386,30.1225819,-95.4045086,ALDI,active,USA,2379885
109763,Aldi - Den 91 - Stephenville,"2865 West Washington Street, Stephenville, TX, 76401",2865 West Washington Street,Stephenville,TX,76401,32.2032948,-98.2435593,ALDI,active,USA,2379802
23216,Aldi - Ros 10 - Sugarland,"10402 Hwy 6 South, Sugarland, TX, 77498",10402 Hwy 6 South,Sugarland,TX,77498,29.6640499,-95.6442341,ALDI,active,USA,2379855
23407,Aldi - Ros 76 - Temple,"3310 S 31st Street, Temple, TX, 76502",3310 S 31st Street,Temple,TX,76502,31.0684093,-97.3711818,ALDI,active,USA,2379830
178400,Aldi - Den 105 - Texarkana,"2315 Richmond Rd Suite 1a, Texarkana, TX, 75503",2315 Richmond Rd Suite 1a,Texarkana,TX,75503,33.45301,-94.0866362,ALDI,active,USA,2379797
24679,Aldi - Ros 21 - Texas City,"3442 Palmer Hwy, Texas City, TX, 77590",3442 Palmer Hwy,Texas City,TX,77590,29.396349,-94.948319,ALDI,active,USA,2379785
23256,Aldi - Ros 35 - Tomball,"8615 Hufsmith Rd, Tomball, TX, 77375",8615 Hufsmith Rd,Tomball,TX,77375,30.1310439,-95.554468,ALDI,active,USA,2379860
24671,Aldi - Den 27 - Tyler,"200 Ssw Loop 323, Tyler, TX, 75702",200 Ssw Loop 323,Tyler,TX,75702,32.3511319,-95.3422724,ALDI,active,USA,2379809
24672,Aldi - Den 96 - Tyler,"2660 E Front Street, Tyler, TX, 75702",2660 E Front Street,Tyler,TX,75702,32.3483068,-95.2687946,ALDI,active,USA,2379859
24680,Aldi - Ros 58 - Victoria,"5312 North Navarro Street, Victoria, TX, 77904",5312 North Navarro Street,Victoria,TX,77904,28.8448442,-96.9984484,ALDI,active,USA,2379774
23406,Aldi - Den 75 - Waco,"1220 N Valley Mills Dr, Waco, TX, 76710",1220 N Valley Mills Dr,Waco,TX,76710,31.5302356,-97.1894133,ALDI,active,USA,2379791
14324,Aldi - Den 79 - Waxahachie,"401 B North Us Hwy 77, Waxahachie, TX, 75165",401 B North Us Hwy 77,Waxahachie,TX,75165,32.40635,-96.84363,ALDI,active,USA,2379831
16051,Aldi - Den 82 - Weatherford,"1710 S Main Street, Weatherford, TX, 76086",1710 S Main Street,Weatherford,TX,76086,32.7379,-97.79759,ALDI,active,USA,2379807
23310,Aldi - Ros 15 - Webster,"3100 Fm 528 B, Webster, TX, 77598",3100 Fm 528 B,Webster,TX,77598,29.5237685,-95.1602018,ALDI,active,USA,2379851
24673,Aldi - Den 59 - Wichita Falls,"3121 Lawrence Rd, Wichita Falls, TX, 76308",3121 Lawrence Rd,Wichita Falls,TX,76308,33.8784792,-98.5388866,ALDI,active,USA,2379827
14321,Aldi - Den 46 - Wylie,"3463 W Fm 544, Wylie, TX, 75098",3463 W Fm 544,Wylie,TX,75098,33.011856,-96.592576,ALDI,active,USA,2379793
156004,Aldi - Fre 141 - Alexandria,"6218 North Kings Highway, Alexandria, VA, 22303",6218 North Kings Highway,Alexandria,VA,22303,38.78225,-77.08016,ALDI,active,USA,2379955
23155,Aldi - Fre 67 - Alexandria,"425 E Monroe Avenue, Alexandria, VA, 22301",425 E Monroe Avenue,Alexandria,VA,22301,38.820621,-77.0534781,ALDI,active,USA,2379926
23156,Aldi - Fre 65 - Alexandria,"4602 Kenmore Avenue, Alexandria, VA, 22304",4602 Kenmore Avenue,Alexandria,VA,22304,38.82980501,-77.11004871,ALDI,active,USA,2379936
23157,Aldi - Fre 63 - Alexandria,"4580 Duke Street, Alexandria, VA, 22304",4580 Duke Street,Alexandria,VA,22304,38.8116155,-77.1108517,ALDI,active,USA,2379939
23342,Aldi - Fre 27 - Alexandria,"8256 Richmond Highway, Alexandria, VA, 22309",8256 Richmond Highway,Alexandria,VA,22309,38.7342579,-77.0997159,ALDI,active,USA,2379921
70375,Aldi - Fre 182 - Alexandria,"6001 Kingstowne Village Pkw, Alexandria, VA, 22315",6001 Kingstowne Village Pkw,Alexandria,VA,22315,38.7678618,-77.1396181,ALDI,active,USA,2379902
23152,Aldi - Fre 68 - Annandale,"7006 Columbia Pike, Annandale, VA, 22003",7006 Columbia Pike,Annandale,VA,22003,38.8345992,-77.1873073,ALDI,active,USA,2379932
23338,Aldi - Fre 85 - Ashburn,"43150 Broadlands Ctr Plaza, Ashburn, VA, 20148",43150 Broadlands Ctr Plaza,Ashburn,VA,20148,39.0267158,-77.5092445,ALDI,active,USA,2379907
23851,Aldi - Sby 68 - Bristol,"720 Cabela Drive, Bristol, VA, 24202",720 Cabela Drive,Bristol,VA,24202,36.6303488,-82.1440368,ALDI,active,USA,2380101
23345,Aldi - Fre 53 - Chantilly,"13920a Lee Jackson Mem Hwy, Chantilly, VA, 20151",13920a Lee Jackson Mem Hwy,Chantilly,VA,20151,38.8941942,-77.4278071,ALDI,active,USA,2379914
122821,Aldi - Pet 41 - Charlottesville,"100 Albemarle Square, Charlottesville, VA, 22901",100 Albemarle Square,Charlottesville,VA,22901,38.0808877,-78.4717312,ALDI,active,USA,2379952
23352,Aldi - Pet 52 - Chesapeake,"1256 Executive Blvd, Chesapeake, VA, 23320",1256 Executive Blvd,Chesapeake,VA,23320,36.7674395,-76.2362974,ALDI,active,USA,2379960
23353,Aldi - Pet 12 - Chesapeake,"4107 Portsmouth Blvd, Chesapeake, VA, 23321",4107 Portsmouth Blvd,Chesapeake,VA,23321,36.8225046,-76.41075,ALDI,active,USA,2379911
23354,Aldi - Pet 24 - Chesapeake,"1269 Cedar Road, Chesapeake, VA, 23322",1269 Cedar Road,Chesapeake,VA,23322,36.7184916,-76.2872828,ALDI,active,USA,2379913
24215,Aldi - 12211 Iron Bridge Road,"12211 Iron Bridge Road, Chester, VA, 23831",12211 Iron Bridge Road,Chester,VA,23831,37.3525806,-77.4783084,ALDI,active,USA,2380104
24216,Aldi - Pet 14 - Chester,"11100 Iron Bridge Rd, Chester, VA, 23831",11100 Iron Bridge Rd,Chester,VA,23831,37.3631098,-77.4995026,ALDI,active,USA,2379959
33533,Aldi - Pet 65 - Chesterfield,"7500 Harpers Green Way, Chesterfield, VA, 23832",7500 Harpers Green Way,Chesterfield,VA,23832,37.3969982,-77.7106002,ALDI,active,USA,2379941
24335,Aldi - Sby 74 - Christiansburg,"2265 N Franklin Street, Christiansburg, VA, 24073",2265 N Franklin Street,Christiansburg,VA,24073,37.160517,-80.4205123,ALDI,active,USA,2379947
24217,Aldi - Pet 56 - Colonial Heights,"465 Charles Dimmock Parkway, Colonial Heights, VA, 23834",465 Charles Dimmock Parkway,Colonial Heights,VA,23834,37.2525177,-77.3825948,ALDI,active,USA,2379903
24330,Aldi - Pet 9 - Culpeper,"15179 Montanus Drive, Culpeper, VA, 22701",15179 Montanus Drive,Culpeper,VA,22701,38.486551,-77.969147,ALDI,active,USA,2379910
24339,Aldi - Sby 20 - Danville,"3465 Riverside Dr, Danville, VA, 24541",3465 Riverside Dr,Danville,VA,24541,36.5824319,-79.4279276,ALDI,active,USA,2379912
18110,Aldi - Pet 71 - Dumfries,"17010 Jefferson Davis Hwy, Dumfries, VA, 22026",17010 Jefferson Davis Hwy,Dumfries,VA,22026,38.58261,-77.3108138,ALDI,active,USA,2380103
23346,Aldi - Fre 54 - Fairfax,"11001 Lee Highway Suite G, Fairfax, VA, 22030",11001 Lee Highway Suite G,Fairfax,VA,22030,38.8520883,-77.3237376,ALDI,active,USA,2379951
23347,Aldi - Fre 86 - Fairfax,"13033 Fair Lakes Shop Ctr, Fairfax, VA, 22033",13033 Fair Lakes Shop Ctr,Fairfax,VA,22033,38.85733244,-77.39252198,ALDI,active,USA,2379923
23153,Aldi - Fre 69 - Falls Church,"8100a Arlington Blvd, Falls Church, VA, 22042",8100a Arlington Blvd,Falls Church,VA,22042,38.866452,-77.225651,ALDI,active,USA,2379915
32875,Aldi - Fre 78 - Falls Church,"155 Hillwood Ave, Falls Church, VA, 22046",155 Hillwood Ave,Falls Church,VA,22046,38.8795495,-77.1717025,ALDI,active,USA,2379948
36597,Aldi - Fre 180 - Falls Church,"5725 Columbia Pike, Falls Church, VA, 22041",5725 Columbia Pike,Falls Church,VA,22041,38.8515127,-77.126368,ALDI,active,USA,2379942
23826,Aldi - Pet 13 - Fredericksburg,"1030 Warrenton Road, Fredericksburg, VA, 22406",1030 Warrenton Road,Fredericksburg,VA,22406,38.3638016,-77.520648,ALDI,active,USA,2379905
23827,Aldi - Pet 15 - Fredericksburg,"4173 Plank Road, Fredericksburg, VA, 22407",4173 Plank Road,Fredericksburg,VA,22407,38.2909761,-77.5343098,ALDI,active,USA,2379940
23828,Aldi - Pet 5 - Fredericksburg,"10762 Patriot Highway, Fredericksburg, VA, 22408",10762 Patriot Highway,Fredericksburg,VA,22408,38.2551644,-77.5009565,ALDI,active,USA,2379917
24329,Aldi - Fre 66 - Front Royal,"134 Riverton Commons Drive, Front Royal, VA, 22630",134 Riverton Commons Drive,Front Royal,VA,22630,38.9638949,-78.1868127,ALDI,active,USA,2379918
24333,Aldi - Pet 28 - Gloucester,"7176 George Washington Memorial Hwy, Gloucester, VA, 23061",7176 George Washington Memorial Hwy,Gloucester,VA,23061,37.3962542,-76.5274721,ALDI,active,USA,2379945
23351,Aldi - Pet 26 - Hampton,"1980 Saville Row, Hampton, VA, 23666",1980 Saville Row,Hampton,VA,23666,37.04180545,-76.38374502,ALDI,active,USA,2379901
24331,Aldi - Pet 31 - Harrisonburg,"1990 Country Club Rd, Harrisonburg, VA, 22802",1990 Country Club Rd,Harrisonburg,VA,22802,38.428511,-78.839353,ALDI,active,USA,2379958
124438,Aldi - Fre 189 - Haymarket,"15201 Washington St, Haymarket, VA, 20169",15201 Washington St,Haymarket,VA,20169,38.8135298,-77.6418504,ALDI,active,USA,2380102
24208,Aldi - Pet 2 - Henrico,"8951 Staples MIll Road, Henrico, VA, 23228",8951 Staples MIll Road,Henrico,VA,23228,37.6375667,-77.5110166,ALDI,active,USA,2379916
24209,Aldi - Pet 57 - Henrico,"1776 North Parham Road, Henrico, VA, 23229",1776 North Parham Road,Henrico,VA,23229,37.6096604,-77.5647647,ALDI,active,USA,2379949
24212,Aldi - Pet 10 - Henrico,"12390 West Broad Street, Henrico, VA, 23233",12390 West Broad Street,Henrico,VA,23233,37.6621583,-77.6438581,ALDI,active,USA,2379908
92463,Aldi - Fre 140 - Leesburg,"125 Robinson MIll Plaza, Leesburg, VA, 20176",125 Robinson MIll Plaza,Leesburg,VA,20176,39.0950673,-77.5316206,ALDI,active,USA,2379950
172729,Aldi - Pet 36 - Lynchburg,"4026 Wards Road Suite N, Lynchburg, VA, 24502",4026 Wards Road Suite N,Lynchburg,VA,24502,37.3474003,-79.1910917,ALDI,active,USA,2379898
24338,Aldi - Pet 70 - Lynchburg,"2617 Lakeside Dr, Lynchburg, VA, 24501",2617 Lakeside Dr,Lynchburg,VA,24501,37.3954613,-79.2274044,ALDI,active,USA,2379956
23343,Aldi - Pet 72 - Manassas,"10294 Portsmouth Road, Manassas, VA, 20109",10294 Portsmouth Road,Manassas,VA,20109,38.7795193,-77.5056431,ALDI,active,USA,2379946
23344,Aldi - Pet 76 - Manassas,"9714 Liberia Avenue, Manassas, VA, 20110",9714 Liberia Avenue,Manassas,VA,20110,38.7460806,-77.451466,ALDI,active,USA,2379922
24336,Aldi - Sby 23 - Martinsville,"388 Commonwealth Blvd West, Martinsville, VA, 24112",388 Commonwealth Blvd West,Martinsville,VA,24112,36.6980261,-79.89115,ALDI,active,USA,2379928
24125,Aldi - Pet 21 - Mechanicsville,"7003 Mechanicsville Tnpk, Mechanicsville, VA, 23111",7003 Mechanicsville Tnpk,Mechanicsville,VA,23111,37.6109957,-77.3366897,ALDI,active,USA,2379899
24206,Aldi - Pet 58 - Midlothian,"12431 Hull Street Road, Midlothian, VA, 23112",12431 Hull Street Road,Midlothian,VA,23112,37.4279867,-77.6222012,ALDI,active,USA,2379920
39891,Aldi - Pet 64 - Midlothian,"14381 Winterview Pkwy, Midlothian, VA, 23113",14381 Winterview Pkwy,Midlothian,VA,23113,37.506809,-77.667688,ALDI,active,USA,2379934
23349,Aldi - Pet 11 - Newport News,"549 Bland Blvd, Newport News, VA, 23602",549 Bland Blvd,Newport News,VA,23602,37.1259929,-76.5167696,ALDI,active,USA,2379904
23350,Aldi - Pet 17 - Newport News,"11975 Jefferson Ave, Newport News, VA, 23606",11975 Jefferson Ave,Newport News,VA,23606,37.096037,-76.4891741,ALDI,active,USA,2379937
143828,Aldi - Pet 59 - Norfolk,"1600 E Little Creek Rd, Norfolk, VA, 23518",1600 E Little Creek Rd,Norfolk,VA,23518,36.9172804,-76.2309382,ALDI,active,USA,2379897
23355,Aldi - Pet 60 - Norfolk,"1050 N Military Highway, Norfolk, VA, 23502",1050 N Military Highway,Norfolk,VA,23502,36.8583009,-76.2090348,ALDI,active,USA,2379938
40165,Aldi - Pet 37 - Norfolk,"730 West 21st Street, Norfolk, VA, 23517",730 West 21st Street,Norfolk,VA,23517,36.8704038,-76.2941602,ALDI,active,USA,2379893
24213,Aldi - Pet 6 - North Chesterfield,"1670 Mall Drive, North Chesterfield, VA, 23235",1670 Mall Drive,North Chesterfield,VA,23235,37.51955,-77.60673,ALDI,active,USA,2380188
23356,Aldi - Pet 8 - Portsmouth,"5811 West High Street, Portsmouth, VA, 23703",5811 West High Street,Portsmouth,VA,23703,36.8600817,-76.3938423,ALDI,active,USA,2379944
24207,Aldi - Pet 22 - Richmond,"7319 Forest Hill Avenue, Richmond, VA, 23225",7319 Forest Hill Avenue,Richmond,VA,23225,37.5364613,-77.5313984,ALDI,active,USA,2379931
24210,Aldi - Pet 4 - Richmond,"6295 West Broad Street, Richmond, VA, 23230",6295 West Broad Street,Richmond,VA,23230,37.5956718,-77.5133013,ALDI,active,USA,2379894
24211,Aldi - Pet 7 - Richmond,"927 Myers Street, Richmond, VA, 23230",927 Myers Street,Richmond,VA,23230,37.56329554,-77.46852246,ALDI,active,USA,2379943
24334,Aldi - Sby 42 - Roanoke,"1521 Hershberger Road Nw, Roanoke, VA, 24012",1521 Hershberger Road Nw,Roanoke,VA,24012,37.315755,-79.961321,ALDI,active,USA,2379935
23154,Aldi - Fre 60 - Springfield,"6129 Backlick Road, Springfield, VA, 22150",6129 Backlick Road,Springfield,VA,22150,38.7837817,-77.1843721,ALDI,active,USA,2379909
471258,Aldi - Fre 152 - West Springfield,"6228 Rolling Road, Springfield, VA, 22152",6228 Rolling Road,Springfield,VA,22152,38.7809105,-77.2370352,ALDI,active,USA,2379925
19436,Aldi - Pet 3 - Stafford,"263 Garrisonville Road, Stafford, VA, 22554",263 Garrisonville Road,Stafford,VA,22554,38.4729227,-77.4190068,ALDI,active,USA,2379895
24337,Aldi - Pet 29 - Staunton,"113 George Cochran Parkway, Staunton, VA, 24401",113 George Cochran Parkway,Staunton,VA,24401,38.1309418,-79.0409341,ALDI,active,USA,2379927
23339,Aldi - Fre 62 - Sterling,"21031 Tripleseven Road, Sterling, VA, 20165",21031 Tripleseven Road,Sterling,VA,20165,39.0349612,-77.4075437,ALDI,active,USA,2379953
40026,Aldi - Fre 88 - Sterling,"24330 Liberty Harvest Court, Sterling, VA, 20166",24330 Liberty Harvest Court,Sterling,VA,20166,38.9439322,-77.5197915,ALDI,active,USA,2379892
23893,Aldi - Pet 63 - Suffolk,"1920 N Main St, Suffolk, VA, 23434",1920 N Main St,Suffolk,VA,23434,36.756569,-76.585095,ALDI,active,USA,2379933
23357,Aldi - Pet 61 - Virginia Beach,"332 Thalia Rd, Virginia Beach, VA, 23452",332 Thalia Rd,Virginia Beach,VA,23452,36.8440412,-76.120214,ALDI,active,USA,2379906
23359,Aldi - Pet 30 - Virginia Beach,"764 Chantry Dr, Virginia Beach, VA, 23452",764 Chantry Dr,Virginia Beach,VA,23452,36.8118829,-76.0941652,ALDI,active,USA,2379929
23360,Aldi - Pet 62 - Virginia Beach,"929 First Colonial Rd, Virginia Beach, VA, 23454",929 First Colonial Rd,Virginia Beach,VA,23454,36.856654,-76.026661,ALDI,active,USA,2379900
23361,Aldi - Pet 25 - Virginia Beach,"4803 Shore Drive, Virginia Beach, VA, 23455",4803 Shore Drive,Virginia Beach,VA,23455,36.90431906,-76.13586853,ALDI,active,USA,2379930
23362,Aldi - Pet 16 - Virginia Beach,"1436 Kempsville Road, Virginia Beach, VA, 23464",1436 Kempsville Road,Virginia Beach,VA,23464,36.7951504,-76.1748417,ALDI,active,USA,2379891
39961,Aldi - Pet 35 - Virginia Beach,"1577 General Booth Blvd, Virginia Beach, VA, 23454",1577 General Booth Blvd,Virginia Beach,VA,23454,36.7872551,-76.0000947,ALDI,active,USA,2379924
24332,Aldi - Pet 55 - Waynesboro,"841 Shenandoah Village Dr, Waynesboro, VA, 22980",841 Shenandoah Village Dr,Waynesboro,VA,22980,38.0581601,-78.9427014,ALDI,active,USA,2379957
23894,Aldi - Pet 23 - Williamsburg,"1504 Richmond Road, Williamsburg, VA, 23185",1504 Richmond Road,Williamsburg,VA,23185,37.2901392,-76.7249041,ALDI,active,USA,2379954
24328,Aldi - Fre 10 - Winchester,"221 Kernstown Commons Blvd, Winchester, VA, 22602",221 Kernstown Commons Blvd,Winchester,VA,22602,39.11837,-78.1961,ALDI,active,USA,2379919
23341,Aldi - Pet 74 - Woodbridge,"13782 Smoketown Road, Woodbridge, VA, 22192",13782 Smoketown Road,Woodbridge,VA,22192,38.6531133,-77.3064642,ALDI,active,USA,2379896
31339,Aldi - Swn 29 - Bennington,"10 Kocher Drive, Bennington, VT, 05201",10 Kocher Drive,Bennington,VT,05201,42.8954009,-73.2009165,ALDI,active,USA,2379963
24223,Aldi - Swn 32 - Brattleboro,"762 Putney Road, Brattleboro, VT, 05301",762 Putney Road,Brattleboro,VT,05301,42.8736963,-72.5601797,ALDI,active,USA,2379962
24224,Aldi - Swn 31 - Rutland,"263 South Main Street, Rutland, VT, 05701",263 South Main Street,Rutland,VT,05701,43.5902197,-72.9695784,ALDI,active,USA,2379961
396447,Aldi - Oak 97 - Antigo,"2019 Neva Rd, Antigo, WI, 54409",2019 Neva Rd,Antigo,WI,54409,45.1590754,-89.1476941,ALDI,active,USA,2380011
23969,Aldi - Oak 68 - Appleton,"116 North Linwood, Appleton, WI, 54914",116 North Linwood,Appleton,WI,54914,44.2624199,-88.4322859,ALDI,active,USA,2379999
23970,Aldi - Oak 69 - Appleton,"2310 South Kensington, Appleton, WI, 54915",2310 South Kensington,Appleton,WI,54915,44.24103,-88.35948,ALDI,active,USA,2380026
92465,Aldi - Oak 86 - Appleton,"2702 N Richmond Avenue, Appleton, WI, 54911",2702 N Richmond Avenue,Appleton,WI,54911,44.2859672,-88.4150538,ALDI,active,USA,2379982
32337,Aldi - Oak 54 - Ashwaubenon,"2492 S Oneida St, Ashwaubenon, WI, 54304",2492 S Oneida St,Ashwaubenon,WI,54304,44.4838304,-88.0709137,ALDI,active,USA,2380184
24539,Aldi - Oak 12 - Baraboo,"614 West Pine Street, Baraboo, WI, 53913",614 West Pine Street,Baraboo,WI,53913,43.4757555,-89.7676919,ALDI,active,USA,2379994
24540,Aldi - Oak 84 - Beaver Dam,"1733 North Spring Street, Beaver Dam, WI, 53916",1733 North Spring Street,Beaver Dam,WI,53916,43.4790639,-88.8201852,ALDI,active,USA,2380038
538563,Aldi - Oak 172 - Bellevue,"1961 Town Hall Road, Bellevue, WI, 54311",1961 Town Hall Road,Bellevue,WI,54311,44.4602152,-87.9845807,ALDI,active,USA,2380274
24533,Aldi - Oak 48 - Beloit,"2780 Milwaukee Road, Beloit, WI, 53511",2780 Milwaukee Road,Beloit,WI,53511,42.5227959,-88.9839383,ALDI,active,USA,2379966
23535,Aldi - Oak 18 - Brookfield,"19555 W Bluemound, Brookfield, WI, 53045",19555 W Bluemound,Brookfield,WI,53045,43.0353284,-88.1550595,ALDI,active,USA,2379990
23166,Aldi - Oak 16 - Brown Deer,"6720 W Brown Deer Road, Brown Deer, WI, 53223",6720 W Brown Deer Road,Brown Deer,WI,53223,43.178993,-87.993354,ALDI,active,USA,2380313
24525,Aldi - Oak 83 - Burlington,"2009 Lynch Way, Burlington, WI, 53105",2009 Lynch Way,Burlington,WI,53105,42.7027538,-88.2492365,ALDI,active,USA,2380018
24555,Aldi - Far 5 - Chippewa Falls,"3064 Commercial Boulevard, Chippewa Falls, WI, 54729",3064 Commercial Boulevard,Chippewa Falls,WI,54729,44.8866486,-91.4199566,ALDI,active,USA,2380016
471266,Aldi - Oak 92 - Delafield,"2840 Heritage Dr, Delafield, WI, 53018",2840 Heritage Dr,Delafield,WI,53018,43.0494537,-88.3718105,ALDI,active,USA,2379973
24526,Aldi - Oak 50 - Delavan - East Geneva St,"2027 East Geneva, Delavan, WI, 53115",2027 East Geneva,Delavan,WI,53115,42.6286327,-88.6071687,ALDI,active,USA,2379985
23958,Aldi - Oak 53 - De Pere,"1100 Main Avenue, De Pere, WI, 54115",1100 Main Avenue,De Pere,WI,54115,44.4524339,-88.0874746,ALDI,active,USA,2380020
24554,Aldi - Far 53 - Eau Claire,"3650 South Hastings Way, Eau Claire, WI, 54701",3650 South Hastings Way,Eau Claire,WI,54701,44.7791214,-91.4331113,ALDI,active,USA,2380024
23740,Aldi - Oak 4 - Fitchburg,"6261 Mckee Road, Fitchburg, WI, 53719",6261 Mckee Road,Fitchburg,WI,53719,43.0151566,-89.4786967,ALDI,active,USA,2380244
24559,Aldi - Oak 13 - Fond Du Lac,"N6666 Rolling Meadows Drive, Fond Du Lac, WI, 54937",N6666 Rolling Meadows Drive,Fond Du Lac,WI,54937,43.78332,-88.48602,ALDI,active,USA,2380014
23159,Aldi - Oak 67 - Germantown,"N96 W18838 County Line Road, Germantown, WI, 53022",N96 W18838 County Line Road,Germantown,WI,53022,43.1930345,-88.1438024,ALDI,active,USA,2380040
40164,Aldi - Oak 42 - Glendale,"6825 N Port Washington Rd, Glendale, WI, 53217",6825 N Port Washington Rd,Glendale,WI,53217,43.1419074,-87.9136371,ALDI,active,USA,2379993
23160,Aldi - Oak 43 - Grafton,"1120 N Port Washington Rd, Grafton, WI, 53024",1120 N Port Washington Rd,Grafton,WI,53024,43.3217901,-87.9246707,ALDI,active,USA,2380000
23959,Aldi - Oak 30 - Green Bay,"2440 East Mason Street, Green Bay, WI, 54302",2440 East Mason Street,Green Bay,WI,54302,44.4854807,-87.9606483,ALDI,active,USA,2380021
23960,Aldi - Oak 32 - Green Bay,"1560 Western Avenue, Green Bay, WI, 54303",1560 Western Avenue,Green Bay,WI,54303,44.526651,-88.0609857,ALDI,active,USA,2379970
23545,Aldi - Oak 73 - Greenfield,"4225 S 108th Street, Greenfield, WI, 53228",4225 S 108th Street,Greenfield,WI,53228,42.967458,-88.0490691,ALDI,active,USA,2380161
9564,Aldi - Oak 23 - Greenfield,"4615 W Layton Avenue, Greenfield, WI, 53220",4615 W Layton Avenue,Greenfield,WI,53220,42.9588573,-87.9726085,ALDI,active,USA,2380198
24726,Aldi - Oak 24 - Hartford,"1589 E Sumner Street, Hartford, WI, 53027",1589 E Sumner Street,Hartford,WI,53027,43.3166264,-88.3501157,ALDI,active,USA,2379987
24541,Aldi - Far 89 - Hudson,"2401 Hanley Road, Hudson, WI, 54016",2401 Hanley Road,Hudson,WI,54016,44.95444,-92.723417,ALDI,active,USA,2380032
24060,Aldi - Oak 71 - Janesville,"2901 Deerfield Drive, Janesville, WI, 53546",2901 Deerfield Drive,Janesville,WI,53546,42.7169168,-88.9810979,ALDI,active,USA,2379980
24527,Aldi - Oak 96 - Kenosha - Int. Of 75th & Green Bay,"6404 75th Street, Kenosha, WI, 53142",6404 75th Street,Kenosha,WI,53142,42.5675753,-87.8849677,ALDI,active,USA,2380025
24528,Aldi - Oak 7 - Kenosha - Int. Of Washington & Green Bay,"3524 57th Avenue, Kenosha, WI, 53144",3524 57th Avenue,Kenosha,WI,53144,42.6052547,-87.8772188,ALDI,active,USA,2380015
369094,Aldi - Far 144 - La Crosse,"4344 Mormon Coulee Road, La Crosse, WI, 54601",4344 Mormon Coulee Road,La Crosse,WI,54601,43.769742,-91.215987,ALDI,active,USA,2379983
24529,Aldi - Oak 56 - Lake Geneva - N. Edwards Blvd,"200 N Edwards Blvd, Lake Geneva, WI, 53147",200 N Edwards Blvd,Lake Geneva,WI,53147,42.5910309,-88.4150916,ALDI,active,USA,2380002
23738,Aldi - Oak 21 - Madison,"3925 Lien Road, Madison, WI, 53704",3925 Lien Road,Madison,WI,53704,43.1201294,-89.316626,ALDI,active,USA,2380010
23739,Aldi - Oak 22 - Madison,"8222 Watts Road, Madison, WI, 53719",8222 Watts Road,Madison,WI,53719,43.0560711,-89.5262147,ALDI,active,USA,2380004
24546,Aldi - Oak 34 - Manitowoc,"4111 Harbor Town Lane, Manitowoc, WI, 54220",4111 Harbor Town Lane,Manitowoc,WI,54220,44.0771899,-87.7000949,ALDI,active,USA,2380028
24544,Aldi - Oak 2 - Marinette,"2871 Roosevelt Road, Marinette, WI, 54143",2871 Roosevelt Road,Marinette,WI,54143,45.0749397,-87.6606227,ALDI,active,USA,2380005
24548,Aldi - Oak 20 - Marshfield,"2107 North Peach Avenue, Marshfield, WI, 54449",2107 North Peach Avenue,Marshfield,WI,54449,44.6897967,-90.159316,ALDI,active,USA,2379975
37108,Aldi - Oak 25 - Menomonee Falls,"N80 W12540 Leon Rd, Menomonee Falls, WI, 53051",N80 W12540 Leon Rd,Menomonee Falls,WI,53051,43.1636284,-88.0652625,ALDI,active,USA,2380022
24556,Aldi - Far 44 - Menomonie,"2505 Hils Court, Menomonie, WI, 54751",2505 Hils Court,Menomonie,WI,54751,44.9127609,-91.932692,ALDI,active,USA,2379989
23162,Aldi - Oak 19 - Milwaukee,"225 East Capitol Drive, Milwaukee, WI, 53212",225 East Capitol Drive,Milwaukee,WI,53212,43.08871,-87.90837,ALDI,active,USA,2379988
23542,Aldi - Oak 87 - Milwaukee - 1441 South 35th Street,"1441 South 35th Street, Milwaukee, WI, 53215",1441 South 35th Street,Milwaukee,WI,53215,43.0157554,-87.9578416,ALDI,active,USA,2380006
23543,Aldi - Oak 88 - Milwaukee,"1325 W Cleveland, Milwaukee, WI, 53215",1325 W Cleveland,Milwaukee,WI,53215,42.9952855,-87.9295628,ALDI,active,USA,2379968
23544,Aldi - Oak 40 - Milwaukee,"5811 W Oklahoma Avenue, Milwaukee, WI, 53219",5811 W Oklahoma Avenue,Milwaukee,WI,53219,42.9877881,-87.986263,ALDI,active,USA,2380030
35694,Aldi - Oak 76 - Milwaukee,"6700 W Capitol Drive, Milwaukee, WI, 53216",6700 W Capitol Drive,Milwaukee,WI,53216,43.0903621,-87.9961732,ALDI,active,USA,2380036
31253,Aldi - Oak 58 - Monroe,"640 Eighth Street, Monroe, WI, 53566",640 Eighth Street,Monroe,WI,53566,42.60277,-89.6659712,ALDI,active,USA,2379971
24530,Aldi - Oak 46 - Mukwonago,"111 E Wolf Run, Mukwonago, WI, 53149",111 E Wolf Run,Mukwonago,WI,53149,42.8489042,-88.3173094,ALDI,active,USA,2380039
23537,Aldi - Oak 36 - Muskego,"S69 W15361 Janesville Road, Muskego, WI, 53150",S69 W15361 Janesville Road,Muskego,WI,53150,42.9190108,-88.1058732,ALDI,active,USA,2379996
23971,Aldi - Oak 37 - Neenah,"927 S Green Bay Road, Neenah, WI, 54956",927 S Green Bay Road,Neenah,WI,54956,44.1742643,-88.4861722,ALDI,active,USA,2379986
370128,Aldi - Oak 90 - New London,"1910 N Shawano Street, New London, WI, 54961",1910 N Shawano Street,New London,WI,54961,44.412824,-88.740313,ALDI,active,USA,2379991
24542,Aldi - Far 46 - New Richmond,"1737 Dorset Lane, New Richmond, WI, 54017",1737 Dorset Lane,New Richmond,WI,54017,45.0995079,-92.5370111,ALDI,active,USA,2379977
23538,Aldi - Oak 1 - Oak Creek,"6810 South 27th Street, Oak Creek, WI, 53154",6810 South 27th Street,Oak Creek,WI,53154,42.9215302,-87.9489256,ALDI,active,USA,2380029
32338,Aldi - Oak 91 - Oak Creek,"410 W Drexel Avenue, Oak Creek, WI, 53154",410 W Drexel Avenue,Oak Creek,WI,53154,42.9019621,-87.9182485,ALDI,active,USA,2379995
24521,Aldi - Oak 27 - Oconomowoc,"1521 Unity Drive, Oconomowoc, WI, 53066",1521 Unity Drive,Oconomowoc,WI,53066,43.082821,-88.4714964,ALDI,active,USA,2380327
24552,Aldi - Far 54 - Onalaska,"3133 Market Place Drive, Onalaska, WI, 54650",3133 Market Place Drive,Onalaska,WI,54650,43.88017,-91.18094,ALDI,active,USA,2380008
24558,Aldi - Oak 95 - Oshkosh,"1995 South Koeller Street, Oshkosh, WI, 54902",1995 South Koeller Street,Oshkosh,WI,54902,43.9969089,-88.5798575,ALDI,active,USA,2380031
23536,Aldi - Oak 15 - Pewaukee,"1201 George Towne Drive, Pewaukee, WI, 53072",1201 George Towne Drive,Pewaukee,WI,53072,43.0845173,-88.2404229,ALDI,active,USA,2380012
31965,Aldi - Oak 78 - Platteville,"1530 East Bus Highway 151, Platteville, WI, 53818",1530 East Bus Highway 151,Platteville,WI,53818,42.7335767,-90.4495419,ALDI,active,USA,2379981
24538,Aldi - Oak 39 - Portage,"2941 New Pinery Road, Portage, WI, 53901",2941 New Pinery Road,Portage,WI,53901,43.5706528,-89.4688266,ALDI,active,USA,2380003
135117,Aldi - Oak 79 - Prairie Du Chien,"37547 Us Highway 18, Prairie Du Chien, WI, 53821",37547 Us Highway 18,Prairie Du Chien,WI,53821,43.0234186,-91.1217904,ALDI,active,USA,2379992
24531,Aldi - Oak 28 - Racine,"3110 Douglas Avenue, Racine, WI, 53402",3110 Douglas Avenue,Racine,WI,53402,42.7579827,-87.801206,ALDI,active,USA,2379998
24532,Aldi - Oak 17 - Racine,"6925 Durand Avenue, Racine, WI, 53406",6925 Durand Avenue,Racine,WI,53406,42.6968082,-87.8658701,ALDI,active,USA,2380019
24551,Aldi - Oak 47 - Rhinelander,"1405 Lincoln Street, Rhinelander, WI, 54501",1405 Lincoln Street,Rhinelander,WI,54501,45.6340117,-89.3905555,ALDI,active,USA,2379978
135116,Aldi - Far 45 - Rice Lake,"2200 South Main, Rice Lake, WI, 54868",2200 South Main,Rice Lake,WI,54868,45.477639,-91.7367688,ALDI,active,USA,2380007
122676,Aldi - Far 49 - River Falls,"1567 Sullivan Court River Falls, River Falls, WI, 54022",1567 Sullivan Court River Falls,River Falls,WI,54022,44.8766988,-92.6223353,ALDI,active,USA,2379976
24545,Aldi - Oak 29 - Shawano,"1253 East Green Bay Street, Shawano, WI, 54166",1253 East Green Bay Street,Shawano,WI,54166,44.7827163,-88.5791028,ALDI,active,USA,2379969
24522,Aldi - Oak 94 - Sheboygan,"919 South Taylor, Sheboygan, WI, 53081",919 South Taylor,Sheboygan,WI,53081,43.7444803,-87.7427303,ALDI,active,USA,2380034
23539,Aldi - Oak 9 - South Milwaukee,"3105 S Chicago Avenue, South Milwaukee, WI, 53172",3105 S Chicago Avenue,South Milwaukee,WI,53172,42.90057294,-87.86545198,ALDI,active,USA,2380001
179087,Aldi - Oak 82 - Sparta,"1650 W Wisconsin St, Sparta, WI, 54656",1650 W Wisconsin St,Sparta,WI,54656,43.9390603,-90.8343619,ALDI,active,USA,2380035
24549,Aldi - Oak 51 - Stevens Point,"5632 Highway 10 East, Stevens Point, WI, 54481",5632 Highway 10 East,Stevens Point,WI,54481,44.5242844,-89.5070648,ALDI,active,USA,2379967
24535,Aldi - Oak 5 - Stoughton,"1399 Us Highway 51, Stoughton, WI, 53589",1399 Us Highway 51,Stoughton,WI,53589,42.921702,-89.252069,ALDI,active,USA,2379972
172947,Aldi - Oak 57 - Suamico,"2324 S Lineville Road, Suamico, WI, 54313",2324 S Lineville Road,Suamico,WI,54313,44.591555,-88.07241594,ALDI,active,USA,2380108
23737,Aldi - Oak 3 - Sun Prairie,"750 Bunny Trail, Sun Prairie, WI, 53590",750 Bunny Trail,Sun Prairie,WI,53590,43.1680541,-89.2656523,ALDI,active,USA,2379965
24218,Aldi - Far 98 - Superior,"4429 Tower Avenue, Superior, WI, 54880",4429 Tower Avenue,Superior,WI,54880,46.6860197,-92.1051128,ALDI,active,USA,2380009
24553,Aldi - Oak 52 - Tomah,"1844 North Superior, Tomah, WI, 54660",1844 North Superior,Tomah,WI,54660,44.016723,-90.505972,ALDI,active,USA,2379964
380655,Aldi - Oak 114 - Viroqua,"S4465 Us Highway 14, Viroqua, WI, 54665",S4465 Us Highway 14,Viroqua,WI,54665,43.5689568,-90.8899546,ALDI,active,USA,2380105
35693,Aldi - Oak 26 - Watertown,"1520 South Church Street, Watertown, WI, 53094",1520 South Church Street,Watertown,WI,53094,43.1774754,-88.732198,ALDI,active,USA,2380037
23540,Aldi - Oak 59 - Waukesha,"1663 Arcadian Avenue, Waukesha, WI, 53186",1663 Arcadian Avenue,Waukesha,WI,53186,43.0131313,-88.2018943,ALDI,active,USA,2379984
32336,Aldi - Oak 49 - Waukesha,"2210 W St Paul Avenue, Waukesha, WI, 53188",2210 W St Paul Avenue,Waukesha,WI,53188,42.9922715,-88.2666038,ALDI,active,USA,2379997
570544,Aldi - Oak 6 - Waunakee,"5805 County Road Q, Waunakee, WI, 53597",5805 County Road Q,Waunakee,WI,53597,43.1740471,-89.4624617,ALDI,active,USA,2380013
24560,Aldi - Oak 35 - Waupaca,"1040 West Fulton Street, Waupaca, WI, 54981",1040 West Fulton Street,Waupaca,WI,54981,44.3573678,-89.1100635,ALDI,active,USA,2380023
24547,Aldi - Oak 38 - Wausau,"4401 Rib Mountain Drive, Wausau, WI, 54401",4401 Rib Mountain Drive,Wausau,WI,54401,44.9173534,-89.6488449,ALDI,active,USA,2380033
23165,Aldi - Oak 11 - Wauwatosa,"12120 W Burleigh Street, Wauwatosa, WI, 53222",12120 W Burleigh Street,Wauwatosa,WI,53222,43.0761704,-88.0648531,ALDI,active,USA,2380134
24524,Aldi - Oak 31 - West Bend,"1114 South Main Street, West Bend, WI, 53095",1114 South Main Street,West Bend,WI,53095,43.4060395,-88.1820975,ALDI,active,USA,2380027
39965,Aldi - Oak 85 - West Milwaukee - 1740 Miller Park Way,"1740 Miller Park Way, West Milwaukee, WI, 53215",1740 Miller Park Way,West Milwaukee,WI,53215,43.0113186,-87.966673,ALDI,active,USA,2380017
144458,Aldi - Oak 98 - Weston,"3311 Schofield Avenue, Weston, WI, 54476",3311 Schofield Avenue,Weston,WI,54476,44.9040874,-89.5816576,ALDI,active,USA,2380195
380646,Aldi - Oak 72 - Whitewater,"1380 W Main Street, Whitewater, WI, 53190",1380 W Main Street,Whitewater,WI,53190,42.8352783,-88.7587857,ALDI,active,USA,2379974
24550,Aldi - Oak 8 - Wisconsin Rapids,"1211 8th Street South, Wisconsin Rapids, WI, 54494",1211 8th Street South,Wisconsin Rapids,WI,54494,44.3812208,-89.8162841,ALDI,active,USA,2379979
24344,Aldi - Spr 88 - Barboursville (Tanyard Station Dr),"35 Tanyard Station Dr, Barboursville, WV, 25504",35 Tanyard Station Dr,Barboursville,WV,25504,38.414267,-82.289146,ALDI,active,USA,2380041
35646,Aldi - Spr 89 - Beckley,"21 By Pass Plaza Shpg Ctr, Beckley, WV, 25801",21 By Pass Plaza Shpg Ctr,Beckley,WV,25801,37.8087392,-81.183722,ALDI,active,USA,2380053
24341,Aldi - Spr 80 - Charleston,"2810 Mountaineer Blvd, Charleston, WV, 25309",2810 Mountaineer Blvd,Charleston,WV,25309,38.3183382,-81.7172425,ALDI,active,USA,2380054
24343,Aldi - Fre 11 - Charles Town,"1147 Marlowe Road, Charles Town, WV, 25414",1147 Marlowe Road,Charles Town,WV,25414,39.3024542,-77.8164466,ALDI,active,USA,2380051
30973,Aldi - Sxb 6 - Clarksburg,"555 Emily Drive, Clarksburg, WV, 26301",555 Emily Drive,Clarksburg,WV,26301,39.2605414,-80.2843527,ALDI,active,USA,2380049
24340,Aldi - Spr 15 - Dunbar,"434 12th St, Dunbar, WV, 25064",434 12th St,Dunbar,WV,25064,38.3614128,-81.7383996,ALDI,active,USA,2380050
24345,Aldi - Spr 81 - Hurricane,"103 Liberty Square, Hurricane, WV, 25526",103 Liberty Square,Hurricane,WV,25526,38.4588143,-81.9325097,ALDI,active,USA,2380047
24342,Aldi - Fre 7 - Martinsburg,"32 Triamigas Drive, Martinsburg, WV, 25404",32 Triamigas Drive,Martinsburg,WV,25404,39.4814154,-77.9591519,ALDI,active,USA,2380046
35565,Aldi - Fre 74 - Martinsburg,"246 Retail Commons Pkwy, Martinsburg, WV, 25403",246 Retail Commons Pkwy,Martinsburg,WV,25403,39.4401673,-77.9926914,ALDI,active,USA,2380045
30553,Aldi - Sxb 40 - Morgantown,"1351 Earl L Core Road, Morgantown, WV, 26505",1351 Earl L Core Road,Morgantown,WV,26505,39.6291609,-79.9314842,ALDI,active,USA,2380048
172101,Aldi - Sxb 16 - Moundsville,"200 Lafayette Ave, Moundsville, WV, 26041",200 Lafayette Ave,Moundsville,WV,26041,39.9276938,-80.7500222,ALDI,active,USA,2380052
39963,Aldi - Spr 82 - Parkersburg,"56 Bosley Parkway, Parkersburg, WV, 26101",56 Bosley Parkway,Parkersburg,WV,26101,39.2220048,-81.545699,ALDI,active,USA,2380042
24350,Aldi - Sxb 5 - Star City,"3519 Monongahela Boulevard, Star City, WV, 26505",3519 Monongahela Boulevard,Star City,WV,26505,39.6561508,-79.9899978,ALDI,active,USA,2380131
24347,Aldi - Spr 18 - Vienna,"1400 Grand Central Ave, Vienna, WV, 26105",1400 Grand Central Ave,Vienna,WV,26105,39.313305,-81.552856,ALDI,active,USA,2380044
137727,Aldi - Sxb 4 - Weirton,"248 Three Springs Drive, Weirton, WV, 26062",248 Three Springs Drive,Weirton,WV,26062,40.3999206,-80.551866,ALDI,active,USA,2380043
141144,Aldi - Sxb 3 - White Hall,"2600 Middletown Commons Suite 239, White Hall, WV, 26554",2600 Middletown Commons Suite 239,White Hall,WV,26554,39.426489,-80.186764,ALDI,active,USA,2380320
