Retailer,Product ID,Title,Brand,Qualifying Fresh,Matchable,Shelf Stable,Exclusion Reason,Size,Volume oz,Fat/Type,Flavor,Organic,Lactose Free,Ultra-Filtered,A2,Omega-3/DHA,Grass-Fed,Kids,Protein-Fortified,Private Label,Covered ZIPs,Covered Stores,Min Price,Median Price,Max Price,URL
Walmart,20202900444,"Nurri Lactose Free Whole Ultra-Filtered Protein Milk, 52 fl oz",Nurri,True,True,False,,52 fl oz,52,Whole,Unflavored,False,True,True,False,False,False,False,True,False,1789,1879,6.88,6.88,6.88,https://www.walmart.com/ip/Nurri-Ultra-Filtered-Whole-Protein-Milk-Lactose-Free-20g-Protein-Milk-Low-Sugar-150-Calories-64-fl-oz/20202900444?classType=REGULAR
Walmart,20090105478,"Nurri Lactose Free 2% Reduced Fat Ultra-Filtered Protein Milk, 52 fl oz",Nurri,True,True,False,,52 fl oz,52,2%,Unflavored,False,True,True,False,False,False,False,True,False,1776,1862,6.88,6.88,6.88,https://www.walmart.com/ip/Nurri-nbsp-2-Reduced-Fat-nbsp-Ultra-Filtered-nbsp-Protein-Milk-nbsp-nbsp-Lactose-Free-20g-Protein-Milk-Low-Sugar-150-nbsp-Calories-nbsp-52-nbsp-fl-nb/20090105478?classType=REGULAR
Walmart,16864710228,"Feastables Protein Fortified Chocolate Milk, Shelf-Stable, 8 fl oz, 6 Pack",Unknown,False,False,True,,8 fl oz,8,Unspecified,Chocolate,False,False,False,False,False,False,False,True,False,0,0,,,,https://www.walmart.com/ip/Feastables-6ct-Chocolate-Milk-8oz/16864710228?classType=REGULAR
Walmart,10450114,"Great Value Whole Vitamin D Milk, Gallon",Great Value,True,True,False,,Gallon,128,Whole,Unflavored,False,False,False,False,False,False,False,False,True,4073,4509,3.34,3.34,3.34,https://www.walmart.com/ip/Great-Value-Whole-Vitamin-D-Milk-Gallon-Plastic-Jug-128-Fl-Oz/10450114?classType=REGULAR&athbdg=L1600
Walmart,10450115,"Great Value, 2% Reduced Fat Milk, Gallon",Great Value,True,True,False,,Gallon,128,2%,Unflavored,False,False,False,False,False,False,False,False,True,4083,4525,3.34,3.34,3.34,https://www.walmart.com/ip/Great-Value-2-Reduced-Fat-Milk-Gallon-Refrigerated/10450115?classType=REGULAR&athbdg=L1600
Walmart,18679766452,"Kemps Protein+ Lactose Free 2% Reduced Fat Chocolate Milk, 48 Fl. Oz.",Kemps,True,True,False,,48 fl oz,48,2%,Chocolate,False,True,False,False,False,False,False,False,False,89,90,4.72,4.72,4.72,https://www.walmart.com/ip/Kemps-Milk-Protein-Ultra-Filtered-ESL-Lactose-Free-2-Reduced-Fat-Chocolate-48-Fluid-Ounce-Plastic-Bottle/18679766452?classType=REGULAR
Walmart,10450118,"Great Value Milk Whole Vitamin D, Half Gallon, , 64 fl oz",Great Value,True,True,False,,Half Gallon,64,Whole,Unflavored,False,False,False,False,False,False,False,False,True,3960,4376,2,2,2,https://www.walmart.com/ip/Great-Value-Milk-Whole-Vitamin-D-Half-Gallon-Plastic-Jug-64oz/10450118?classType=REGULAR&athbdg=L1102
Walmart,10450119,"Great Value Milk, 2% Reduced Fat, Half Gallon, 64 fl oz",Great Value,True,True,False,,Half Gallon,64,2%,Unflavored,False,False,False,False,False,False,False,False,True,3986,4411,2,2,2,https://www.walmart.com/ip/Great-Value-Milk-2-Reduced-Fat-Half-Gallon-64-fl-oz-Jug/10450119?classType=REGULAR&athbdg=L1102
Walmart,10804304,"NIDO Kinder 1+ Powder Beverage Mix, Immunity Toddler Milk with Vitamins A, C, D, Iron to Support Growth, 56.3 oz Canister",Unknown,False,False,False,powder_formula,56.3 fl oz,56.3,Unspecified,Unflavored,False,False,False,False,False,False,False,False,False,0,0,,,,https://www.walmart.com/ip/Nestl-NIDO-Kinder-Toddler-Milk-Beverage-Powder-Mix-1-Years-47-Servings-per-Container-282-Total-Servings-6-Pack-56-3-oz/10804304?classType=REGULAR
Walmart,20056620187,"Nurri Lactose Free 2% Reduced Fat Chocolate Ultra-Filtered Protein Milk, 52 fl oz",Nurri,True,True,False,,52 fl oz,52,2%,Chocolate,False,True,True,False,False,False,False,True,False,1753,1839,6.88,6.88,6.88,https://www.walmart.com/ip/Nurri-nbsp-nbsp-2-Reduced-Fat-nbsp-Ultra-Filtered-nbsp-Protein-Milk-Chocolate-Lactose-Free-20g-Protein-Milk-Low-Sugar-150-nbsp-Calories-nbsp-52-nbsp/20056620187?classType=REGULAR
Walmart,20048421502,"Nurri Lactose Free 2% Reduced Fat Vanilla Ultra-Filtered Protein Milk, 52 fl oz",Nurri,True,True,False,,52 fl oz,52,2%,Vanilla,False,True,True,False,False,False,False,True,False,1745,1826,6.88,6.88,6.88,https://www.walmart.com/ip/Nurri-nbsp-nbsp-2-Reduced-Fat-nbsp-Ultra-Filtered-Protein-Milk-nbsp-Vanilla-Lactose-Free-20g-Protein-Milk-Low-Sugar-150-nbsp-Calories-nbsp-52-nbsp-fl/20048421502?classType=REGULAR
Walmart,12598368729,"Horizon Organic Growing Years Organic Whole Milk for Kids, 59 fl oz Carton",Horizon Organic,True,True,False,,59 fl oz,59,Whole,Unflavored,True,False,False,False,False,False,True,False,False,2162,2424,7.47,7.47,7.47,https://www.walmart.com/ip/Horizon-Organic-Growing-Years-Whole-Milk-with-DHA-Omega-3-59-fl-oz-Carton/12598368729?classType=REGULAR
Walmart,43984343,"fairlife Lactose Free 2% Reduced Fat Ultra Filtered Milk, 52 fl oz",fairlife,True,True,False,,52 fl oz,52,2%,Unflavored,False,True,True,False,False,False,False,False,False,3924,4342,4.78,4.78,4.78,https://www.walmart.com/ip/fairlife-Lactose-Free-2-Reduced-Fat-Ultra-Filtered-Milk-52-fl-oz/43984343?classType=REGULAR&athbdg=L1300
Walmart,43436773,"fairlife Lactose Free Ultra Filtered Whole Milk, 52 fl oz",fairlife,True,True,False,,52 fl oz,52,Whole,Unflavored,False,True,True,False,False,False,False,False,False,3675,4059,4.78,4.78,4.78,https://www.walmart.com/ip/fairlife-Lactose-Free-Ultra-Filtered-Whole-Milk-52-fl-oz/43436773?classType=REGULAR&athbdg=L1300
Walmart,10450116,"Great Value 1% Low-Fat Milk, Gallon",Great Value,True,True,False,,Gallon,128,1%,Unflavored,False,False,False,False,False,False,False,False,True,3949,4360,3.34,3.34,3.34,https://www.walmart.com/ip/Great-Value-1-Low-Fat-Milk-1-Gallon-Jug/10450116?classType=REGULAR&athbdg=L1200
Walmart,10804537,"Great Value Milk 1% Low-fat, Half Gallon, 64 fl oz",Great Value,True,True,False,,Half Gallon,64,1%,Unflavored,False,False,False,False,False,False,False,False,True,3791,4168,2,2,2,https://www.walmart.com/ip/Great-Value-Milk-1-Lowfat-Half-Gallon-Plastic-Jug/10804537?classType=REGULAR
Walmart,43984342,"fairlife Lactose Free Fat Free Ultra Filtered Milk, 52 fl oz",fairlife,True,True,False,,52 fl oz,52,Skim/Fat-Free,Unflavored,False,True,True,False,False,False,False,False,False,3742,4127,4.78,4.78,4.78,https://www.walmart.com/ip/fairlife-Lactose-Free-Fat-Free-Ultra-Filtered-Milk-52-fl-oz/43984342?classType=REGULAR&athbdg=L1300
Walmart,10450117,"Great Value Fat-Free Milk, Gallon, 128 fl oz",Great Value,True,True,False,,Gallon,128,Skim/Fat-Free,Unflavored,False,False,False,False,False,False,False,False,True,3779,4140,3.34,3.34,3.34,https://www.walmart.com/ip/Great-Value-Fat-Free-Milk-Gallon-Plastic-Jug-128-Fl-Oz/10450117?classType=REGULAR&athbdg=L1102
Walmart,21128314,"Kemps Select Whole Milk, Gallon",Kemps,True,True,False,,Gallon,128,Whole,Unflavored,False,False,False,False,False,False,False,False,False,149,153,3.98,3.98,3.98,https://www.walmart.com/ip/Kemps-Select-Whole-Milk-Gallon/21128314?classType=REGULAR
Walmart,10315798,"Great Value Organic Whole Vitamin D Milk, Half Gallon, 64 fl oz",Great Value,True,True,False,,Half Gallon,64,Whole,Unflavored,True,False,False,False,False,False,False,False,True,3398,3741,3.97,3.97,3.97,https://www.walmart.com/ip/Great-Value-Organic-Whole-Vitamin-D-Milk-Half-Gallon-64-fl-oz/10315798?classType=REGULAR
Walmart,10309701,"Horizon Organic Vitamin D Whole Milk, Vitamin D Whole, 64 fl oz Carton",Horizon Organic,True,True,False,,Half Gallon,64,Whole,Unflavored,True,False,False,False,False,False,False,False,False,2083,2340,5.96,5.96,5.96,https://www.walmart.com/ip/Horizon-Organic-High-Vitamin-D-Whole-Milk-High-Vitamin-D-Whole-64-fl-oz-Carton/10309701?classType=REGULAR
Walmart,44391006,"Great Value Organic Whole Vitamin D Milk, Gallon, 128 fl oz",Great Value,True,True,False,,Gallon,128,Whole,Unflavored,True,False,False,False,False,False,False,False,True,3080,3386,7.87,7.87,7.87,https://www.walmart.com/ip/Great-Value-Organic-Whole-Vitamin-D-Milk-Gallon-128-fl-oz/44391006?classType=REGULAR
Walmart,10450120,"Great Value Milk, Fat Free, Unflavored, Half Gallon, 64 oz Jug",Great Value,True,True,False,,Half Gallon,64,Skim/Fat-Free,Unflavored,False,False,False,False,False,False,False,False,True,3577,3911,2,2,2,https://www.walmart.com/ip/Great-Value-Milk-Fat-Free-Unflavored-Half-Gallon-64-oz-Jug/10450120?classType=REGULAR&athbdg=L1600
Walmart,11979180,"Great Value Lactose Free Whole Vitamin D Milk, Half Gallon, 64 fl oz",Great Value,True,True,False,,Half Gallon,64,Whole,Unflavored,False,True,False,False,False,False,False,False,True,3747,4127,3.08,3.08,3.08,https://www.walmart.com/ip/Great-Value-Lactose-Free-Whole-Vitamin-D-Milk-Half-Gallon-64-fl-oz/11979180?classType=REGULAR&athbdg=L1600
Walmart,16838412722,"Feastables Protein Fortified Chocolate Milk, Shelf-Stable, 14 fl oz, Single Bottle",Unknown,False,False,True,,14 fl oz,14,Unspecified,Chocolate,False,False,False,False,False,False,False,True,False,0,0,,,,https://www.walmart.com/ip/Feastables-Chocolate-Milk-14oz/16838412722?classType=REGULAR
Walmart,15776553295,"SPYLT High Protein Milk, MAX Chocolate, 20g Protein, 140mg Caffeine, Sugar Free, 11 fl oz, 12 Cans - PACKAGING MAY VARY",Unknown,False,False,False,,11 fl oz,11,Unspecified,Chocolate,False,False,False,False,False,False,False,True,False,0,0,,,,https://www.walmart.com/ip/Spylt-High-Protein-Max-Chocolate-Milk-140mg-Caffeine-20g-Protein-Ready-Drink-Sugar-Free-Lactose-Free-Milk-Perfect-Workout-Recovery-Afternoon-Pick-12/15776553295?classType=REGULAR
Walmart,11979181,"Great Value Lactose Free 2% Reduced Fat Milk, Half Gallon, 64 fl oz",Great Value,True,True,False,,Half Gallon,64,2%,Unflavored,False,True,False,False,False,False,False,False,True,3673,4054,3.08,3.08,3.08,https://www.walmart.com/ip/Great-Value-Lactose-Free-2-Reduced-Fat-Milk-Half-Gallon-64-fl-oz/11979181?classType=REGULAR
Walmart,14244869,"Horizon Organic DHA Omega-3 Whole Milk, DHA Whole, 64 fl oz Carton",Horizon Organic,True,True,False,,Half Gallon,64,Whole,Unflavored,True,False,False,False,True,False,False,False,False,3009,3305,6.46,6.46,6.46,https://www.walmart.com/ip/Horizon-Organic-DHA-Omega-3-Whole-Milk-DHA-Whole-64-fl-oz-Carton/14244869?classType=REGULAR
Walmart,22153304,"Kemps Select 1% Lowfat Milk, Gallon",Kemps,True,True,False,,Gallon,128,1%,Unflavored,False,False,False,False,False,False,False,False,False,151,155,3.98,3.98,3.98,https://www.walmart.com/ip/Kemps-Select-1-Reduced-Fat-Milk-Gallon/22153304?classType=REGULAR
Walmart,15556050,"Silk Dairy Free, Gluten Free, Original Almond Milk, Plant Based Milk, 64 fl oz Half Gallon",Unknown,False,False,False,plant_based,Half Gallon,64,Unspecified,Unflavored,False,False,False,False,False,False,False,False,False,0,0,,,,https://www.walmart.com/ip/Silk-Dairy-Free-Gluten-Free-Original-Almond-Milk-64-fl-oz-Half-Gallon/15556050?classType=REGULAR
Walmart,22153302,"Kemps Select 2% Reduced Fat Milk, Gallon",Kemps,True,True,False,,Gallon,128,2%,Unflavored,False,False,False,False,False,False,False,False,False,148,151,3.98,3.98,3.98,https://www.walmart.com/ip/Kemps-Select-2-Reduced-Fat-Milk-Gallon/22153302?classType=REGULAR
Walmart,21695108,"Kemps Select 2% Reduced Fat Milk, Half Gallon",Kemps,True,True,False,,Half Gallon,64,2%,Unflavored,False,False,False,False,False,False,False,False,False,144,148,2.52,2.52,2.52,https://www.walmart.com/ip/Kemps-Select-2-Reduced-Fat-Milk-Half-Gallon/21695108?classType=REGULAR
Walmart,18694550579,Barebells Choco Milk 325ml,Unknown,True,False,False,,325 mL,11,Unspecified,Unflavored,False,False,False,False,False,False,False,False,False,2929,3158,2.67,2.67,2.67,https://www.walmart.com/ip/Barebells-Choco-Milk-325ml/18694550579?classType=REGULAR&athbdg=L1300
Walmart,2715552061,"Organic Valley Grassmilk Organic Grassfed Whole Milk, 59 fl oz",Organic Valley,True,True,False,,59 fl oz,59,Whole,Unflavored,True,False,False,False,False,True,False,False,False,2876,3131,6.67,6.67,6.67,https://www.walmart.com/ip/Organic-Valley-Organic-Whole-Milk-Grassfed-Half-Gallon-Carton-64-oz/2715552061?classType=REGULAR
Walmart,43922523,"fairlife Lactose Free Reduced Fat Chocolate Ultra Filtered Milk, 52 fl oz",fairlife,True,True,False,,52 fl oz,52,2%,Chocolate,False,True,True,False,False,False,False,False,False,3647,4008,4.78,4.78,4.78,https://www.walmart.com/ip/fairlife-Lactose-Free-Reduced-Fat-Chocolate-Ultra-Filtered-Milk-52-fl-oz/43922523?classType=REGULAR&athbdg=L1300
Walmart,757788854,"a2 Milk Vitamin D Whole Milk, 59 oz",a2 Milk,True,True,False,,59 fl oz,59,Whole,Unflavored,False,False,False,True,False,False,False,False,False,1912,2147,4.37,4.37,4.37,https://www.walmart.com/ip/A2-Milk-Ultra-Pasteurized-Whole-Milk-59-fl-oz-Carton/757788854?classType=REGULAR
Walmart,15024650398,"Horizon Organic Shelf Stable Whole Milk Boxes, 8 fl oz, 12 Count",Horizon Organic,False,False,True,,8 fl oz,8,Whole,Unflavored,True,False,False,False,False,False,False,False,False,0,0,,,,https://www.walmart.com/ip/Horizon-Organic-Shelf-Stable-Whole-Milk-Boxes-8-fl-oz-12-Pack/15024650398?classType=VARIANT
Walmart,21685958,Kemps Select 2% Reduced Fat Milk - 16 fl oz,Kemps,True,True,False,,16 fl oz,16,2%,Unflavored,False,False,False,False,False,False,False,False,False,107,109,1.37,1.37,1.37,https://www.walmart.com/ip/Kemps-Select-2-Reduced-Fat-Milk-16-fl-oz/21685958?classType=REGULAR
Walmart,529164161,"Parmalat 2% Reduced Fat Milk, 32 fl oz (Shelf-Stable)",Parmalat,False,False,True,,32 fl oz,32,2%,Unflavored,False,False,False,False,False,False,False,False,False,0,0,,,,https://www.walmart.com/ip/Parmalat-2-Reduced-Fat-Milk-32-fl-oz-Shelf-Stable/529164161?classType=VARIANT
Walmart,10801608,"Lactaid 2% Reduced Fat Milk, 64 oz",Lactaid,True,True,False,,Half Gallon,64,2%,Unflavored,False,False,False,False,False,False,False,False,False,3652,4025,4.48,4.48,4.48,https://www.walmart.com/ip/Lactaid-2-Reduced-Fat-Milk-64-oz/10801608?classType=REGULAR
Walmart,10315797,"Great Value Organic 2% Reduced Fat Milk, Half Gallon, 64 fl oz",Great Value,True,True,False,,Half Gallon,64,2%,Unflavored,True,False,False,False,False,False,False,False,True,3318,3638,3.97,3.97,3.97,https://www.walmart.com/ip/Great-Value-Organic-2-Reduced-Fat-Milk-Half-Gallon-64-fl-oz/10315797?classType=REGULAR
Walmart,10309700,"Horizon Organic Vitamin D 2 Percent Milk, Vitamin D Reduced Fat, 64 fl oz Carton",Horizon Organic,True,True,False,,Half Gallon,64,2%,Unflavored,True,False,False,False,False,False,False,False,False,1817,1995,5.96,5.96,5.96,https://www.walmart.com/ip/Horizon-Organic-High-Vitamin-D-2-Percent-Milk-High-Vitamin-D-Reduced-Fat-64-fl-oz-Carton/10309700?classType=REGULAR
Walmart,21685955,"Kemps Select Whole Milk, Half Gallon",Kemps,True,True,False,,Half Gallon,64,Whole,Unflavored,False,False,False,False,False,False,False,False,False,79,80,2.52,2.52,2.52,https://www.walmart.com/ip/Kemps-Select-Whole-Milk-with-Vitamin-D-64-fl-oz/21685955?classType=REGULAR
Walmart,17248403,"Great Value 1% Low-fat Chocolate Milk, Gallon, 128 fl oz",Great Value,True,True,False,,Gallon,128,1%,Chocolate,False,False,False,False,False,False,False,False,True,3249,3500,3.62,3.62,3.62,https://www.walmart.com/ip/Great-Value-1-Low-fat-Chocolate-Milk-Gallon-Plastic-Jug-128-Fl-Oz/17248403?classType=REGULAR&athbdg=L1600
Walmart,15610538,"Lactaid 2% Reduced Fat Milk, 96 oz",Lactaid,True,True,False,,96 fl oz,96,2%,Unflavored,False,False,False,False,False,False,False,False,False,3567,3901,6.38,6.38,6.38,https://www.walmart.com/ip/Lactaid-2-Reduced-Fat-Milk-96-oz/15610538?classType=REGULAR
Walmart,47094270,"Horizon Organic Shelf Stable 1% Lowfat Milk Boxes, 8 fl oz, 12 Count",Horizon Organic,False,False,True,,8 fl oz,8,1%,Unflavored,True,False,False,False,False,False,False,False,False,0,0,,,,https://www.walmart.com/ip/Horizon-Organic-Shelf-Stable-1-Low-Fat-Milk-Boxes-8-fl-oz-12-Pack/47094270?classType=VARIANT
Walmart,136456465,TruMoo Whole Chocolate Milk Half Gallon,TruMoo,True,True,False,,Half Gallon,64,Whole,Chocolate,False,False,False,False,False,False,False,False,False,365,379,3.16,3.16,3.16,https://www.walmart.com/ip/TruMoo-Whole-Chocolate-Milk-Half-Gallon/136456465?classType=REGULAR
Walmart,44390987,"Great Value Organic Reduced Fat 2% Milk, 1 Gallon, 128 fl oz",Great Value,True,True,False,,Gallon,128,2%,Unflavored,True,False,False,False,False,False,False,False,True,1210,1249,7.87,7.87,7.87,https://www.walmart.com/ip/Great-Value-Organic-Reduced-Fat-2-Milk-1-Gallon/44390987?classType=REGULAR&athbdg=L1600
Walmart,21685956,"Kemps Select 1% Lowfat Milk, Half Gallon",Kemps,True,True,False,,Half Gallon,64,1%,Unflavored,False,False,False,False,False,False,False,False,False,65,66,2.52,2.52,2.52,https://www.walmart.com/ip/Kemps-Select-1-Lowfat-Milk-Half-Gallon/21685956?classType=REGULAR
Walmart,23619910,"Lactaid Whole Milk, 96 oz",Lactaid,True,True,False,,96 fl oz,96,Whole,Unflavored,False,False,False,False,False,False,False,False,False,3446,3756,6.38,6.38,6.38,https://www.walmart.com/ip/Lactaid-Whole-Milk-96-oz/23619910?classType=REGULAR
Walmart,163603061,TruMoo Whole Chocolate Milk Gallon,TruMoo,True,True,False,,Gallon,128,Whole,Chocolate,False,False,False,False,False,False,False,False,False,691,757,5.22,5.22,5.22,https://www.walmart.com/ip/TruMoo-Whole-Chocolate-Milk-Half-Gallon/163603061?classType=REGULAR&athbdg=L1102
Walmart,5650151658,Prairie Farms Dairy Lactose Free 2% Milk Gallon,Prairie Farms,True,True,False,,Gallon,128,2%,Unflavored,False,True,False,False,False,False,False,False,False,253,269,5.97,5.97,5.97,https://www.walmart.com/ip/Prairie-Farms-Dairy-Lactose-Free-2-Milk-Gallon/5650151658?classType=REGULAR
Walmart,47455702,"Borden Vitamin D Whole Milk, 1 Pint Bottle, Liquid, Refrigerated, Contains Milk, Unflavored",Borden,True,True,False,,16 fl oz,16,Whole,Unflavored,False,False,False,False,False,False,False,False,False,352,392,1.87,1.87,1.87,https://www.walmart.com/ip/Borden-Vitamin-D-Whole-Milk-1-Pint-Bottle-Liquid-Refrigerated-Contains-Milk-Unflavored/47455702?classType=REGULAR
Walmart,439417073,"Borden Whole Vitamin D Milk, 1 Gallon Jug, Liquid, Refrigerated, Contains Milk, Unflavored",Borden,True,True,False,,Gallon,128,Whole,Unflavored,False,False,False,False,False,False,False,False,False,352,400,5,5,5,https://www.walmart.com/ip/Borden-Whole-Vitamin-D-Milk-1-Gallon-Jug-Liquid-Refrigerated-Contains-Milk-Unflavored/439417073?classType=REGULAR
Walmart,43269803,"Prairie Farms Whole, Vitamin D Milk, Pint, 16 Fl Oz",Prairie Farms,True,True,False,,16 fl oz,16,Whole,Unflavored,False,False,False,False,False,False,False,False,False,439,469,1.42,1.42,1.42,https://www.walmart.com/ip/Prairie-Farms-Vitamin-D-Milk-16-Oz/43269803?classType=REGULAR
Walmart,43236037,"Prairie Farms Whole, Vitamin D Milk, Gallon, 128 Fl Oz",Prairie Farms,True,True,False,,Gallon,128,Whole,Unflavored,False,False,False,False,False,False,False,False,False,691,731,5.63,5.63,5.63,https://www.walmart.com/ip/Prairie-Farms-Dairy-Whole-Vitamin-D-Milk-One-Gallon-128-Fl-Oz/43236037?classType=REGULAR&athbdg=L1102
Walmart,157875781,"Garelick Farms Whole Milk with Vitamin D, Milk Gallon- 1 Jug",Garelick Farms,True,True,False,,Gallon,128,Whole,Unflavored,False,False,False,False,False,False,False,False,False,92,94,4.36,4.36,4.36,https://www.walmart.com/ip/Garelick-Farms-Whole-Milk-with-Vitamin-D-Milk-Gallon-1-Jug/157875781?classType=REGULAR
Walmart,16424718094,Garelick Farms Lactose Free 2% Reduced Fat Milk 96 Fl Oz Carafe,Garelick Farms,True,True,False,,96 fl oz,96,2%,Unflavored,False,True,False,False,False,False,False,False,False,69,70,3.74,3.74,3.74,https://www.walmart.com/ip/Garelick-Farms-Milk-2-Reduced-Fat-Lactose-Free-96oz-Plastic-Jug/16424718094?classType=REGULAR
Walmart,129216909,"Garelick Farms Whole Milk, Half Gallon",Garelick Farms,True,True,False,,Half Gallon,64,Whole,Unflavored,False,False,False,False,False,False,False,False,False,98,99,2.58,2.58,2.58,https://www.walmart.com/ip/Garelick-Farms-Whole-Milk-with-Vitamin-D-Milk-Half-Gallon-1-Jug/129216909?classType=REGULAR
Walmart,16378223350,Garelick Farms Lactose Free Whole Milk 96 Fl Oz Carafe,Garelick Farms,True,True,False,,96 fl oz,96,Whole,Unflavored,False,True,False,False,False,False,False,False,False,72,73,3.74,3.74,3.74,https://www.walmart.com/ip/Garelick-Farms-Lactose-Free-Whole-Milk-96oz-Plastic-Jug/16378223350?classType=REGULAR
Walmart,43269804,"Prairie Farms 2% Reduced Fat Milk, Gallon, 128 Fl Oz",Prairie Farms,True,True,False,,Gallon,128,2%,Unflavored,False,False,False,False,False,False,False,False,False,683,719,5.63,5.63,5.63,https://www.walmart.com/ip/Prairie-Farms-Dairy-2-Reduced-Fat-Milk-One-Gallon-128-Fl-Oz/43269804?classType=REGULAR
Walmart,10574972165,TruMoo Protein Ultra-Pasteurized Lactose Free Whole Chocolate Milk Half Gallon,TruMoo,True,True,False,,Half Gallon,64,Whole,Chocolate,False,True,False,False,False,False,False,False,False,70,70,2.88,2.88,2.88,https://www.walmart.com/ip/TruMoo-Milk-Whole-Chocolate-Zero-Added-Sugar-Lactose-Free-Protein-Fortified-Half-Gallon-Plastic-Bottle/10574972165?classType=REGULAR
Walmart,47455686,"Borden Whole Vitamin D Milk, 1 Half Gallon Jug, Liquid, Refrigerated, Contains Milk, Unflavored",Borden,True,True,False,,Half Gallon,64,Whole,Unflavored,False,False,False,False,False,False,False,False,False,316,354,3,3,3,https://www.walmart.com/ip/Borden-Whole-Vitamin-D-Milk-1-Half-Gallon-Jug-Liquid-Refrigerated-Contains-Milk-Unflavored/47455686?classType=REGULAR
Walmart,911943820,"Horizon Organic Grassfed 2 Percent Milk, Reduced Fat, 59 fl oz Carton",Horizon Organic,True,True,False,,59 fl oz,59,2%,Unflavored,True,False,False,False,False,True,False,False,False,772,833,7.47,7.47,7.47,https://www.walmart.com/ip/Horizon-Organic-Grassfed-2-Percent-Milk-Reduced-Fat-59-fl-oz-Carton/911943820?classType=REGULAR
Walmart,230953422,"Horizon Organic Grassfed Whole Milk, Vitamin D Whole, 59 fl oz Carton",Horizon Organic,True,True,False,,59 fl oz,59,Whole,Unflavored,True,False,False,False,False,True,False,False,False,1248,1366,7.47,7.47,7.47,https://www.walmart.com/ip/Horizon-Organic-Grassfed-Whole-Milk-Vitamin-D-Whole-59-fl-oz-Carton/230953422?classType=REGULAR
Walmart,47455647,"Borden Vitamin D Whole Milk, 1 Quart Bottle, Liquid, Refrigerated, Contains Milk, Unflavored",Borden,True,True,False,,32 fl oz,32,Whole,Unflavored,False,False,False,False,False,False,False,False,False,327,360,2.28,2.28,2.28,https://www.walmart.com/ip/Borden-Vitamin-D-Whole-Milk-1-Quart-Bottle-Liquid-Refrigerated-Contains-Milk-Unflavored/47455647?classType=REGULAR
Walmart,185678245,"Garelick Farms 1% Lowfat Milk with Vitamin A and D, Milk Gallon - 1 Jug",Garelick Farms,True,True,False,,Gallon,128,1%,Unflavored,False,False,False,False,False,False,False,False,False,93,94,4.36,4.36,4.36,https://www.walmart.com/ip/Garelick-Farms-1-Lowfat-Milk-with-Vitamin-A-and-D-Milk-Gallon-1-Jug/185678245?classType=REGULAR
Walmart,10801613,"Lactaid Whole Milk, 64 oz",Lactaid,True,True,False,,Half Gallon,64,Whole,Unflavored,False,False,False,False,False,False,False,False,False,3683,4055,4.48,4.48,4.48,https://www.walmart.com/ip/Lactaid-Whole-Milk-64-oz/10801613?classType=REGULAR
Walmart,45961803,"Prairie Farms Premium Chocolate Milk, Half Gallon, 64 Fl Oz",Prairie Farms,True,False,False,,Half Gallon,64,Unspecified,Chocolate,False,False,False,False,False,False,False,False,False,615,640,3.54,3.54,3.54,https://www.walmart.com/ip/Prairie-Farms-Premium-Chocolate-Milk-Half-Gallon-64-fl-oz/45961803?classType=REGULAR
Walmart,47455684,"Borden 2% Reduced Fat Milk, 1 Pint Bottle, Liquid, Refrigerated, Contains Milk, Unflavored",Borden,True,True,False,,16 fl oz,16,2%,Unflavored,False,False,False,False,False,False,False,False,False,253,275,1.87,1.87,1.87,https://www.walmart.com/ip/Borden-2-Reduced-Fat-Milk-1-Pint-Bottle-Liquid-Refrigerated-Contains-Milk-Unflavored/47455684?classType=REGULAR
Walmart,187404072,Garelick Farms Whole Milk with Vitamin D - 32 fl oz,Garelick Farms,True,True,False,,32 fl oz,32,Whole,Unflavored,False,False,False,False,False,False,False,False,False,93,94,1.38,1.38,1.38,https://www.walmart.com/ip/Garelick-Farms-Whole-Milk-with-Vitamin-D-32-fl-oz/187404072?classType=REGULAR
Walmart,43269805,"Prairie Farms 2% Reduced Fat Milk, Half Gallon, 64 Fl Oz",Prairie Farms,True,True,False,,Half Gallon,64,2%,Unflavored,False,False,False,False,False,False,False,False,False,662,697,3.22,3.22,3.22,https://www.walmart.com/ip/Prairie-Farms-2-Reduced-Fat-Milk-Half-Gallon-64-fl-oz/43269805?classType=REGULAR
Walmart,43269801,"Prairie Farms Whole, Vitamin D Milk, Half Gallon, 64 Fl Oz",Prairie Farms,True,True,False,,Half Gallon,64,Whole,Unflavored,False,False,False,False,False,False,False,False,False,541,562,3.22,3.22,3.22,https://www.walmart.com/ip/Prairie-Farms-Whole-Vitamin-D-Milk-Half-Gallon-64-fl-oz/43269801?classType=REGULAR
Walmart,47455691,"Borden Dutch Chocolate Milk, Half Gallon, 64 fl oz",Borden,True,False,False,,Half Gallon,64,Unspecified,Chocolate,False,False,False,False,False,False,False,False,False,252,278,3.52,3.52,3.52,https://www.walmart.com/ip/Borden-Dutch-Chocolate-Milk-Half-Gallon-64-fl-oz/47455691?classType=REGULAR
Walmart,184539677,"Kleinpeter Whole Milk, 1 Quart, 32 oz., Natural Creamy Flavor",Kleinpeter,True,True,False,,32 fl oz,32,Whole,Unflavored,False,False,False,False,False,False,False,False,False,21,26,2.84,2.84,2.84,https://www.walmart.com/ip/Kleinpeter-Whole-Milk-1-Quart-32-oz/184539677?classType=REGULAR
Walmart,10849884,"Organic Valley Organic 2% Reduced Fat Milk, Half Gallon, 64 fl oz",Organic Valley,True,True,False,,Half Gallon,64,2%,Unflavored,True,False,False,False,False,False,False,False,False,1897,2012,6.26,6.26,6.26,https://www.walmart.com/ip/Organic-Valley-Organic-2-Milk-Half-Gallon-Carton-64-oz/10849884?classType=REGULAR
Walmart,811439918,"Borden 2% Reduced Fat Milk, 1 Gallon Jug, Liquid, Refrigerated, Contains Milk, Unflavored",Borden,True,True,False,,Gallon,128,2%,Unflavored,False,False,False,False,False,False,False,False,False,254,279,5,5,5,https://www.walmart.com/ip/Borden-2-Reduced-Fat-Milk-1-Gallon-Jug-Liquid-Refrigerated-Contains-Milk-Unflavored/811439918?classType=REGULAR
Walmart,21685899,"Shamrock Farms Lactose Free, Rockin' Protein Builder Chocolate, 12 fl. oz. Bottle",Shamrock Farms,False,False,False,not_milk,12 fl oz,12,Unspecified,Chocolate,False,True,False,False,False,False,False,False,False,0,0,,,,https://www.walmart.com/ip/Shamrock-Farms-Lactose-Free-Rockin-Protein-Builder-Chocolate-12-fl-oz-Bottle/21685899?classType=REGULAR
Walmart,174802278,"Garelick Farms 1% Lowfat Milk, Half Gallon",Garelick Farms,True,True,False,,Half Gallon,64,1%,Unflavored,False,False,False,False,False,False,False,False,False,99,100,2.57,2.57,2.57,https://www.walmart.com/ip/Garelick-Farms-1-Lowfat-Milk-with-Vitamin-A-and-D-Milk-Half-Gallon-1-Jug/174802278?classType=REGULAR
Walmart,10849883,"Organic Valley Organic Whole Vitamin D Milk, Half Gallon, 64 fl oz",Organic Valley,True,True,False,,Half Gallon,64,Whole,Unflavored,True,False,False,False,False,False,False,False,False,1960,2067,6.26,6.26,6.26,https://www.walmart.com/ip/Organic-Valley-Organic-Whole-Milk-Half-Gallon-Carton-64-oz/10849883?classType=REGULAR
Walmart,143650603,"Garelick Farms 2% Reduced Fat Milk with Vitamin A and D, Milk Gallon - 1 Jug",Garelick Farms,True,True,False,,Gallon,128,2%,Unflavored,False,False,False,False,False,False,False,False,False,96,97,4.36,4.36,4.36,https://www.walmart.com/ip/Garelick-Farms-2-Reduced-Fat-Milk-with-Vitamin-A-and-D-Milk-Gallon-1-Jug/143650603?classType=REGULAR
Walmart,44391121,"Great Value 1% Low-fat Chocolate Milk, Half Gallon, 64 fl oz",Great Value,True,True,False,,Half Gallon,64,1%,Chocolate,False,False,False,False,False,False,False,False,True,1784,1855,1.84,1.84,1.84,https://www.walmart.com/ip/Great-Value-1-Low-fat-Chocolate-Milk-Half-Gallon-Plastic-Jug-64-Fl-Oz/44391121?classType=REGULAR&athbdg=L1600
Walmart,134877239,"Garelick Farms 2% Reduced-Fat Milk, Half Gallon",Garelick Farms,True,True,False,,Half Gallon,64,2%,Unflavored,False,False,False,False,False,False,False,False,False,102,103,2.5,2.5,2.5,https://www.walmart.com/ip/Garelick-Farms-2-Reduced-Fat-Milk-with-Vitamin-A-and-D-Milk-Half-Gallon-1-Jug/134877239?classType=REGULAR
Walmart,5321177965,"bettergoods Organic Whole Milk, 8 fl oz, 12 Count",bettergoods,False,False,False,,8 fl oz,8,Whole,Unflavored,True,False,False,False,False,False,False,False,True,0,0,,,,https://www.walmart.com/ip/bettergoods-Organic-Whole-Milk-8-fl-oz-12-Count/5321177965?classType=VARIANT
Walmart,10805161,"Stonyfield Organic Whole Vitamin D Milk, 64 fl oz, Half Gallon",Stonyfield,True,True,False,,Half Gallon,64,Whole,Unflavored,True,False,False,False,False,False,False,False,False,448,459,5.67,5.67,5.67,https://www.walmart.com/ip/Stonyfield-Organic-Whole-Vitamin-D-Milk-Half-Gallon-64-fl-oz-Manufactured-Facility-Processes-Peanuts-Tree-Nuts-Soy-Milk-Whole-Milk/10805161?classType=REGULAR
Walmart,43353425,"Prairie Farms 2% Reduced Fat Milk, Pint, 16 Fl Oz",Prairie Farms,True,True,False,,16 fl oz,16,2%,Unflavored,False,False,False,False,False,False,False,False,False,392,413,1.41,1.41,1.41,https://www.walmart.com/ip/Prairie-Farms-2-Reduced-Fat-Milk-16-Oz/43353425?classType=REGULAR
Walmart,10818414,"Meyenberg Fresh Whole Goat Milk, Ultra Pasteurized, Plain 32 fl oz",Unknown,False,False,False,goat_other,32 fl oz,32,Whole,Unflavored,False,False,False,False,False,False,False,False,False,0,0,,,,https://www.walmart.com/ip/Meyenberg-Fresh-Whole-Goat-Milk-Ultra-Pasteurized-32-Fl-Oz/10818414?classType=REGULAR
Walmart,44390989,"Horizon Organic DHA Omega-3 2 Percent Milk, DHA Reduced Fat Milk, 64 fl oz Carton",Horizon Organic,True,True,False,,Half Gallon,64,2%,Unflavored,True,False,False,False,True,False,False,False,False,1903,2042,6.46,6.46,6.46,https://www.walmart.com/ip/Horizon-Organic-DHA-Omega-3-2-Percent-Milk-DHA-Reduced-Fat-Milk-64-fl-oz-Carton/44390989?classType=REGULAR
Walmart,10801611,"Lactaid 1% Lowfat Milk, 64 oz",Lactaid,True,True,False,,Half Gallon,64,1%,Unflavored,False,False,False,False,False,False,False,False,False,1969,2091,4.48,4.48,4.48,https://www.walmart.com/ip/Lactaid-1-Lowfat-Milk-64-oz/10801611?classType=REGULAR
Walmart,10801610,"Lactaid Fat Free Milk, Calcium Enriched, 64 oz",Lactaid,True,True,False,,Half Gallon,64,Skim/Fat-Free,Unflavored,False,False,False,False,False,False,False,False,False,581,604,4.48,4.48,4.48,https://www.walmart.com/ip/Lactaid-Fat-Free-Milk-Calcium-Enriched-64-oz/10801610?classType=REGULAR
Walmart,10801615,"Lactaid 2% Reduced Fat Milk, Calcium Enriched, 64 oz",Lactaid,True,True,False,,Half Gallon,64,2%,Unflavored,False,False,False,False,False,False,False,False,False,1838,1964,4.48,4.48,4.48,https://www.walmart.com/ip/Lactaid-2-Reduced-Fat-Milk-Calcium-Enriched-64-oz/10801615?classType=REGULAR
Walmart,151857624,"Parmalat Whole Milk, 32 fl oz (Shelf-Stable)",Parmalat,False,False,True,,32 fl oz,32,Whole,Unflavored,False,False,False,False,False,False,False,False,False,0,0,,,,https://www.walmart.com/ip/Parmalat-Shelf-Stable-UHT-Whole-Milk-1-Qt/151857624?classType=VARIANT
Walmart,18711671232,"Kemps Protein+ Lactose Free 2% Reduced Fat Milk, 48 Fl. Oz.",Kemps,True,True,False,,48 fl oz,48,2%,Unflavored,False,True,False,False,False,False,False,False,False,84,86,4.72,4.72,4.72,https://www.walmart.com/ip/Kemps-Milk-Protein-Ultra-Filtered-ESL-Lactose-Free-2-Reduced-Fat-48-Fluid-Ounce-Plastic-Bottle/18711671232?classType=REGULAR
Walmart,18734250485,"Kemps Protein+ Lactose Free Whole Milk, 48 Fl. Oz.",Kemps,True,True,False,,48 fl oz,48,Whole,Unflavored,False,True,False,False,False,False,False,False,False,98,100,4.72,4.72,4.72,https://www.walmart.com/ip/Kemps-Milk-Protein-Ultra-Filtered-ESL-Lactose-Free-Whole-Vitamin-D-48-Fluid-Ounce-Plastic-Bottle/18734250485?classType=REGULAR
Walmart,54082912,"LALA Whole Milk UHT Shelf-Stable, Unflavored, 32 oz Box",LALA,False,False,True,,32 fl oz,32,Whole,Unflavored,False,False,False,False,False,False,False,False,False,0,0,,,,https://www.walmart.com/ip/LALA-Whole-Milk-UHT-Shelf-Stable-Unflavored-32-oz-Box/54082912?classType=REGULAR
Walmart,15556052,"Silk Dairy Free, Gluten Free, Unsweet Almond Milk, Plant Based Milk, 64 fl oz Half Gallon",Unknown,False,False,False,plant_based,Half Gallon,64,Unspecified,Unflavored,False,False,False,False,False,False,False,False,False,0,0,,,,https://www.walmart.com/ip/Silk-Dairy-Free-Gluten-Free-Unsweet-Almond-Milk-64-fl-oz-Half-Gallon/15556052?classType=REGULAR
Walmart,144050950,"LALA Low Fat Shelf-Stable UHT Milk Drink, Strawberry, 8.25 oz Carton Container (6 Ct)",LALA,False,False,True,,8.25 fl oz,8.25,1%,Strawberry,False,False,False,False,False,False,False,False,False,0,0,,,,https://www.walmart.com/ip/LALA-Low-Fat-Shelf-Stable-UHT-Milk-Drink-Strawberry-8-25-oz-Carton-Container-6-Ct/144050950?classType=REGULAR
Walmart,858006423,"Z Natural Foods Goat Milk Powder - Pure Netherlands Full Cream Milk, Powdered Goat Milk, Highly Nutritious, Easy Digestion - Whole Goats Milk for Adults for Smoothies, Cooking, Baking, 1 lb",Unknown,False,False,False,"goat_other,powder_formula",Unknown,,Whole,Unflavored,False,False,False,False,False,False,False,False,False,0,0,,,,https://www.walmart.com/ip/Z-Natural-Foods-Full-Cream-Goat-Milk-Powder-100-Pure-Netherlands-Milk-Highly-Nutritious-Easy-Digestion-Additive-Free-Gluten-Free-Non-GMO-1-Lb/858006423?classType=REGULAR
Walmart,440393546,"Parmalat Lactose Free 2% Reduced Fat Milk, 32 fl oz",Parmalat,True,True,False,,32 fl oz,32,2%,Unflavored,False,True,False,False,False,False,False,False,False,746,753,3.28,3.28,3.28,https://www.walmart.com/ip/Parmalat-Lactose-Free-2-Reduced-Fat-Milk-32-fl-oz/440393546?classType=VARIANT
Walmart,46491770,"Great Value Lactose Free Low-fat Milk, Half Gallon, 64 fl oz",Great Value,True,True,False,,Half Gallon,64,1%,Unflavored,False,True,False,False,False,False,False,False,True,280,284,3.08,3.08,3.08,https://www.walmart.com/ip/Great-Value-Lactose-Free-Lowfat-Milk-Half-Gallon/46491770?classType=REGULAR
Walmart,144044488,"TruMoo Toy Story 1% Lowfat Strawberry Milk, Half Gallon",TruMoo,False,False,False,media_merch,Half Gallon,64,1%,Strawberry,False,False,False,False,False,False,False,False,False,0,0,,,,https://www.walmart.com/ip/TruMoo-Minecraft-Vanilla-Green-Lowfat-Milk-Half-Gallon/144044488?classType=REGULAR
Walmart,21685963,Kemps Select 1% Lowfat Milk - 32 fl oz,Kemps,True,True,False,,32 fl oz,32,1%,Unflavored,False,False,False,False,False,False,False,False,False,1,1,1.86,1.86,1.86,https://www.walmart.com/ip/Kemps-Select-1-Lowfat-Milk-32-fl-oz/21685963?classType=REGULAR
Walmart,21685961,"Kemps Select Whole Milk, Quart",Kemps,True,True,False,,32 fl oz,32,Whole,Unflavored,False,False,False,False,False,False,False,False,False,2,2,1.86,1.86,1.86,https://www.walmart.com/ip/Kemps-Select-Whole-Milk-with-Vitamin-D-32-fl-oz/21685961?classType=REGULAR
Walmart,15024650399,"Horizon Organic Shelf Stable Whole Milk Boxes, 8 fl oz, 6 Count",Horizon Organic,False,False,True,,8 fl oz,8,Whole,Unflavored,True,False,False,False,False,False,False,False,False,0,0,,,,https://www.walmart.com/ip/Horizon-Organic-Shelf-Stable-Whole-Milk-Boxes-8-fl-oz-6-Pack/15024650399?classType=VARIANT
Walmart,21685962,"Kemps Select 2% Reduced Fat Milk, Quart",Kemps,True,True,False,,32 fl oz,32,2%,Unflavored,False,False,False,False,False,False,False,False,False,1,1,1.86,1.86,1.86,https://www.walmart.com/ip/Kemps-Select-2-Reduced-Fat-Milk-32-fl-oz/21685962?classType=REGULAR
Walmart,119529490,T.G. Lee Whole Milk with Vitamin D - 16 fl oz,T.G. Lee,True,True,False,,16 fl oz,16,Whole,Unflavored,False,False,False,False,False,False,False,False,False,108,117,1.22,1.22,1.22,https://www.walmart.com/ip/T-G-Lee-Whole-Milk-with-Vitamin-D-16-fl-oz/119529490?classType=REGULAR
Walmart,52144302,"Shamrock Farms Lactose Free, Rockin' Protein Builder, Strawberry, 12 fl. oz. Bottle",Shamrock Farms,False,False,False,not_milk,12 fl oz,12,Unspecified,Strawberry,False,True,False,False,False,False,False,False,False,0,0,,,,https://www.walmart.com/ip/Shamrock-Farms-Lactose-Free-Rockin-Protein-Builder-Strawberry-12-fl-oz-Bottle/52144302?classType=REGULAR
Walmart,498874357,"Organic Valley Organic Whole Vitamin D Milk, Gallon, 128 fl oz",Organic Valley,True,True,False,,Gallon,128,Whole,Unflavored,True,False,False,False,False,False,False,False,False,742,767,9.97,9.97,9.97,https://www.walmart.com/ip/Organic-Valley-Whole-Milk-Gallon-128-fl-oz-One-Gallon/498874357?classType=VARIANT
Walmart,691025641,"Organic Valley Organic 2% Reduced Fat Milk, Gallon, 128 fl oz",Organic Valley,True,True,False,,Gallon,128,2%,Unflavored,True,False,False,False,False,False,False,False,False,979,1018,9.97,9.97,9.97,https://www.walmart.com/ip/Organic-Valley-Organic-2-Reduced-Fat-Milk-Gallon-Jug-128-fl-oz/691025641?classType=REGULAR
Walmart,19327358918,"Great Value Lactose Free 2% Reduced Fat Milk, 96 fl oz",Great Value,True,True,False,,96 fl oz,96,2%,Unflavored,False,True,False,False,False,False,False,False,True,307,318,5.97,5.97,5.97,https://www.walmart.com/ip/Great-Value-2-Lactose-free-milk-96-oz/19327358918?classType=REGULAR
Walmart,150569609,"Dean Foods TG Lee Milk, 1 qt",T.G. Lee,True,False,False,,32 fl oz,32,Unspecified,Unflavored,False,False,False,False,False,False,False,False,False,69,76,2.13,2.13,2.13,https://www.walmart.com/ip/Dean-Foods-TG-Lee-Milk-1-qt/150569609?classType=REGULAR
Walmart,10801612,"Lactaid Whole Milk, Calcium Enriched, 64 oz",Lactaid,True,True,False,,Half Gallon,64,Whole,Unflavored,False,False,False,False,False,False,False,False,False,947,985,4.48,4.48,4.48,https://www.walmart.com/ip/Lactaid-Whole-Milk-Calcium-Enriched-64-oz/10801612?classType=REGULAR
Walmart,10315796,"Great Value Organic Skim Fat-Free Milk, Half Gallon, 64 fl oz",Great Value,True,True,False,,Half Gallon,64,Skim/Fat-Free,Unflavored,True,False,False,False,False,False,False,False,True,434,441,3.97,3.97,3.97,https://www.walmart.com/ip/Great-Value-Organic-Skim-Fat-Free-Milk-Half-Gallon-64-fl-oz/10315796?classType=REGULAR
Walmart,11979182,"Great Value Lactose Free Skim Fat-Free Milk, Half Gallon, 64 fl oz",Great Value,True,True,False,,Half Gallon,64,Skim/Fat-Free,Unflavored,False,True,False,False,False,False,False,False,True,768,783,3.08,3.08,3.08,https://www.walmart.com/ip/Great-Value-Lactose-Free-Skim-Fat-Free-Milk-Half-Gallon-64-fl-oz/11979182?classType=REGULAR
Walmart,139989750,"a2 Milk 2% Reduced Fat Milk, 59 oz",a2 Milk,True,True,False,,59 fl oz,59,2%,Unflavored,False,False,False,True,False,False,False,False,False,368,384,4.37,4.37,4.37,https://www.walmart.com/ip/A2-Milk-Ultra-Pasteurized-2-Reduced-Fat-Milk-59-fl-oz-Carton/139989750?classType=REGULAR
Walmart,19316012149,"Great Value Lactose Free Whole Milk, 96 fl oz",Great Value,True,True,False,,96 fl oz,96,Whole,Unflavored,False,True,False,False,False,False,False,False,True,35,35,5.97,5.97,5.97,https://www.walmart.com/ip/Great-Value-Whole-milk-Lactose-free-96-oz/19316012149?classType=REGULAR
Walmart,44391026,"Great Value Organic 1% Low-fat Milk, Half Gallon, 64 fl oz",Great Value,True,True,False,,Half Gallon,64,1%,Unflavored,True,False,False,False,False,False,False,False,True,258,259,3.97,3.97,3.97,https://www.walmart.com/ip/Great-Value-Organic-1-Low-Fat-Milk-Half-Gallon-64-fl-oz/44391026?classType=REGULAR
Walmart,564272599,"Lactaid 1% Lowfat Milk, 96oz",Lactaid,True,True,False,,96 fl oz,96,1%,Unflavored,False,False,False,False,False,False,False,False,False,1199,1240,6.38,6.38,6.38,https://www.walmart.com/ip/Lactaid-1-Lowfat-Milk-96oz/564272599?classType=REGULAR
Walmart,5055269338,"Great Value Organic Whole Milk with DHA Omega-3, Half Gallon",Great Value,True,True,False,,Half Gallon,64,Whole,Unflavored,True,False,False,False,True,False,False,False,True,136,137,4.52,4.52,4.52,https://www.walmart.com/ip/Great-Value-Organic-Whole-Milk-with-DHA-Omega-3-Half-Gallon/5055269338?classType=REGULAR
Walmart,17422856787,"bettergoods Strong Kids Organic Whole Milk, 59 fl oz",bettergoods,True,True,False,,59 fl oz,59,Whole,Unflavored,True,False,False,False,False,False,True,False,True,199,201,5.48,5.48,5.48,https://www.walmart.com/ip/Organic-Whole-Milk-for-Kids/17422856787?classType=REGULAR
Walmart,21686081,PET Dairy Whole Milk with Vitamin D - 16 fl oz,PET Dairy,True,True,False,,16 fl oz,16,Whole,Unflavored,False,False,False,False,False,False,False,False,False,219,248,1.24,1.24,1.24,https://www.walmart.com/ip/PET-Dairy-Whole-Milk-with-Vitamin-D-16-fl-oz/21686081?classType=REGULAR
Walmart,17279660678,"Hoosier Hill Farm Whole Milk Powder, 1 lb Jar",Unknown,False,False,False,powder_formula,Unknown,,Whole,Unflavored,False,False,False,False,False,False,False,False,False,0,0,,,,https://www.walmart.com/ip/Hoosier-Hill-Farm-Whole-Milk-Powder-1-lb/17279660678?classType=REGULAR
Walmart,174553230,PET Dairy Whole Milk with Vitamin D - 32 fl oz,PET Dairy,True,True,False,,32 fl oz,32,Whole,Unflavored,False,False,False,False,False,False,False,False,False,159,179,2.32,2.32,2.32,https://www.walmart.com/ip/PET-Dairy-Whole-Milk-with-Vitamin-D-32-fl-oz/174553230?classType=REGULAR
Walmart,51259515,TruMoo Chocolate Whole Milk Pint,TruMoo,True,True,False,,16 fl oz,16,Whole,Chocolate,False,False,False,False,False,False,False,False,False,30,30,1.24,1.24,1.24,https://www.walmart.com/ip/TruMoo-Chocolate-Whole-Milk-16-fl-oz/51259515?classType=REGULAR
Walmart,181563154,PET Dairy 2% Reduced Fat Milk - 16 fl oz,PET Dairy,True,True,False,,16 fl oz,16,2%,Unflavored,False,False,False,False,False,False,False,False,False,16,16,1.24,1.24,1.24,https://www.walmart.com/ip/PET-Dairy-2-Reduced-Fat-Milk-16-fl-oz/181563154?classType=REGULAR
Walmart,20042402979,Grazeful Dairy Whole Grassfed A2/A2 Milk,a2 Milk,True,False,False,,Unknown,,Whole,Unflavored,False,False,False,True,False,True,False,False,False,208,217,4.76,4.76,4.76,https://www.walmart.com/ip/Pasture-Raised-a2-Whole-Milk/20042402979?classType=REGULAR
Walmart,20042452395,Grazeful Dairy Reduced Fat Grassfed A2/A2 Milk,a2 Milk,True,False,False,,Unknown,,2%,Unflavored,False,False,False,True,False,True,False,False,False,184,194,4.76,4.76,4.76,https://www.walmart.com/ip/Pasture-Raised-a2-2-RF-Milk/20042452395?classType=REGULAR
Walmart,224506295,Crystal Creamery Lactose Free Vitamin A & D 1% Low Fat Milk Carton,Crystal Creamery,True,True,False,,Half Gallon,64,1%,Unflavored,False,True,False,False,False,False,False,False,False,57,59,4.48,4.48,4.48,https://www.walmart.com/ip/Crystal-Creamery-Lactose-Free-Vitamin-A-D-1-Low-Fat-Milk-0-5-gal-Carton/224506295?classType=REGULAR
Walmart,147462980,"Crystal Creamery Lactose Free Reduced Fat Milk with Vitamin A & D, 0.5 Gallon Carton",Crystal Creamery,True,True,False,,Half Gallon,64,2%,Unflavored,False,True,False,False,False,False,False,False,False,57,59,4.48,4.48,4.48,https://www.walmart.com/ip/Crystal-Creamery-Lactose-Free-Vitamin-A-D-2-Reduced-Fat-Milk-0-5-gal-Carton/147462980?classType=REGULAR
Walmart,174916638,Crystal Creamery Lactose Free Vitamin D Milk 0.5 Gallon Carton,Crystal Creamery,True,True,False,,Half Gallon,64,Whole,Unflavored,False,True,False,False,False,False,False,False,False,56,58,4.48,4.48,4.48,https://www.walmart.com/ip/Crystal-Creamery-Lactose-Free-Vitamin-D-Milk-0-5-gal-Carton/174916638?classType=REGULAR
Walmart,46942841,"Crystal Creamery Real California Vitamin D Whole Milk, Gluten Free, Half Gallon Jug, 64 fl oz",Crystal Creamery,True,True,False,,Half Gallon,64,Whole,Unflavored,False,False,False,False,False,False,False,False,False,74,80,3.12,3.12,3.12,https://www.walmart.com/ip/Crystal-Creamery-Real-California-Milk-Vitamin-D-Whole-Milk-Gluten-Free-Half-Gallon-Plastic-Jug-64-fl-oz/46942841?classType=REGULAR
Walmart,46942839,"Crystal Creamery, Real California Milk, Whole Vitamin D, Gluten Free Milk, Plastic Jug, Gallon128 fl oz",Crystal Creamery,True,True,False,,Gallon,128,Whole,Unflavored,False,False,False,False,False,False,False,False,False,78,83,5.28,5.28,5.28,https://www.walmart.com/ip/Crystal-Creamery-Real-California-Milk-Whole-Vitamin-D-Gluten-Free-Milk-Plastic-Jug-Gallon128-fl-oz/46942839?classType=REGULAR
Walmart,46942840,"Crystal Creamery, Real California Milk, 2% Reduced Fat, Gluten Free Milk, Plastic Jug, Gallon128 fl oz",Crystal Creamery,True,True,False,,Gallon,128,2%,Unflavored,False,False,False,False,False,False,False,False,False,75,79,5.54,5.54,5.54,https://www.walmart.com/ip/Crystal-Creamery-Real-California-Milk-2-Reduced-Fat-Gluten-Free-Milk-Plastic-Jug-Gallon128-fl-oz/46942840?classType=REGULAR
Walmart,46942842,"Crystal Creamery 2% Reduced Fat Milk, Real California Milk, Gluten Free, 64 fl oz Jug",Crystal Creamery,True,True,False,,Half Gallon,64,2%,Unflavored,False,False,False,False,False,False,False,False,False,76,80,3.16,3.16,3.16,https://www.walmart.com/ip/Crystal-Creamery-Real-California-Milk-2-Reduced-Fat-Milk-Gluten-Free-Plastic-Jug-64-fl-oz/46942842?classType=REGULAR
Walmart,19857008,"Horizon Organic DHA Omega-3 Whole Milk, DHA Whole, 64 fl oz Carton",Horizon Organic,True,True,False,,Half Gallon,64,Whole,Unflavored,True,False,False,False,True,False,False,False,False,277,303,6.46,6.46,6.46,https://www.walmart.com/ip/Horizon-Organic-DHA-Omega-3-Milk-DHA-Whole-64-fl-oz-Carton/19857008?classType=REGULAR
Walmart,2441693459,"Organic Valley Organic Whole Vitamin D Milk, Gallon, 128 fl oz",Organic Valley,True,True,False,,Gallon,128,Whole,Unflavored,True,False,False,False,False,False,False,False,False,162,170,9.97,9.97,9.97,https://www.walmart.com/ip/Organic-Valley-Organic-Whole-Milk-Gallon-Jug-128-oz/2441693459?classType=REGULAR
Walmart,819878780,"Horizon Organic Growing Years Organic Whole Milk for Kids, 59 fl oz Carton",Horizon Organic,True,True,False,,59 fl oz,59,Whole,Unflavored,True,False,False,False,False,False,True,False,False,218,234,7.47,7.47,7.47,https://www.walmart.com/ip/Horizon-Organic-Growing-Years-Milk-with-DHA-Omega-3-59-fl-oz-Carton/819878780?classType=REGULAR
Walmart,17620197,"Horizon Organic DHA Omega-3 2 Percent Milk, DHA Reduced Fat Milk, 64 fl oz Carton",Horizon Organic,True,True,False,,Half Gallon,64,2%,Unflavored,True,False,False,False,True,False,False,False,False,271,295,6.46,6.46,6.46,https://www.walmart.com/ip/Horizon-Organic-DHA-Omega-3-2-Percent-Milk-DHA-Reduced-Fat-Milk-64-fl-oz-Carton/17620197?classType=REGULAR
Walmart,1673875458,"Organic Valley Grassmilk Organic Grassfed Whole Milk, 59 fl oz",Organic Valley,True,True,False,,59 fl oz,59,Whole,Unflavored,True,False,False,False,False,True,False,False,False,219,240,6.67,6.67,6.67,https://www.walmart.com/ip/Organic-Valley-Organic-Whole-Milk-Grassfed-Half-Gallon-Carton-64-oz/1673875458?classType=REGULAR
Walmart,622714662,"Horizon Organic Vitamin D Whole Milk, Vitamin D Whole, 128 fl oz Jug",Horizon Organic,True,True,False,,Gallon,128,Whole,Unflavored,True,False,False,False,False,False,False,False,False,180,194,12.99,12.99,12.99,https://www.walmart.com/ip/Horizon-Organic-High-Vitamin-D-Milk-High-Vitamin-D-128-fl-oz-Jug/622714662?classType=REGULAR
Walmart,13484516449,"(2 pack) Nestle Nesquik Chocolate Lowfat Milk, Ready to Drink, 8 fl oz",Nesquik,False,False,False,,8 fl oz,8,1%,Chocolate,False,False,False,False,False,False,False,False,False,0,0,,,,https://www.walmart.com/ip/2-pack-Nestle-Nesquik-Chocolate-Lowfat-Milk-Ready-to-Drink-8-fl-oz/13484516449?classType=REGULAR
Walmart,14053336,"Horizon Organic Vitamin D Whole Milk, Vitamin D Whole, 64 fl oz Carton",Horizon Organic,True,True,False,,Half Gallon,64,Whole,Unflavored,True,False,False,False,False,False,False,False,False,195,211,6.49,6.49,6.49,https://www.walmart.com/ip/Horizon-Organic-High-Vitamin-D-Milk-High-Vitamin-D-64-fl-oz-Carton/14053336?classType=REGULAR
Walmart,3173437512,"Great Value Instant Dry Whole Milk, 39.5 oz Bag, Makes 8 Quarts",Great Value,True,True,False,,39.5 fl oz,39.5,Whole,Unflavored,False,False,False,False,False,False,False,False,True,338,342,15.82,15.82,15.82,https://www.walmart.com/ip/Great-Value-Instant-Dry-Whole-Milk-39-5-oz-Bag-Makes-8-Quarts-32-Servings-per-Container/3173437512?classType=VARIANT
Walmart,151035224,"Garelick Farms Fat-Free Milk, Gallon",Garelick Farms,True,True,False,,Gallon,128,Skim/Fat-Free,Unflavored,False,False,False,False,False,False,False,False,False,19,19,4.62,4.62,4.62,https://www.walmart.com/ip/Garelick-Farms-Fat-Free-Milk-with-Vitamin-A-and-D-Skim-Milk-Gallon-1-Jug/151035224?classType=REGULAR
Walmart,10415722,"Great Value Instant Nonfat Dry Milk, 25.6 oz Bag, Makes 8 Quarts",Great Value,False,False,False,powder_formula,25.6 fl oz,25.6,Skim/Fat-Free,Unflavored,False,False,False,False,False,False,False,False,True,0,0,,,,https://www.walmart.com/ip/Great-Value-Instant-Nonfat-Dry-Milk-25-6-oz-Bag-Makes-8-Quarts-32-Servings-per-Container/10415722?classType=VARIANT
Walmart,185495558,"Garelick Farms Fat Free Milk with Vitamin A and D, Skim Milk Quart - 1 Jug",Garelick Farms,True,True,False,,32 fl oz,32,Skim/Fat-Free,Unflavored,False,False,False,False,False,False,False,False,False,37,37,1.48,1.48,1.48,https://www.walmart.com/ip/Garelick-Farms-Fat-Free-Milk-with-Vitamin-A-and-D-Skim-Milk-Quart-1-Jug/185495558?classType=REGULAR
Walmart,10415466,"Great Value Instant Nonfat Dry Milk, 3.2 oz Pouches (10 Count), Makes 10 Quarts",Great Value,False,False,False,powder_formula,3.2 fl oz,3.2,Skim/Fat-Free,Unflavored,False,False,False,False,False,False,False,False,True,0,0,,,,https://www.walmart.com/ip/Great-Value-Instant-Nonfat-Dry-Milk-3-2-oz-Pouches-10-Count-Makes-10-Quarts-Total-40-Servings-per-Container/10415466?classType=VARIANT
Walmart,15380114943,"Nestle Carnation Instant Non-Fat Dry Milk, Vitamin D Added, Cooking Milk, Shelf Milk  9.625 oz",Unknown,False,False,False,powder_formula,9.625 fl oz,9.625,Unspecified,Unflavored,False,False,False,False,False,False,False,False,False,0,0,,,,https://www.walmart.com/ip/Carnation-Instant-Nonfat-Dry-Milk-9-63-oz-Canister/15380114943?classType=VARIANT
Walmart,55081618,"Great Value Instant Nonfat Dry Milk, 3.2 oz Pouches (3 Count), Makes 3 Quarts",Great Value,False,False,False,powder_formula,3.2 fl oz,3.2,Skim/Fat-Free,Unflavored,False,False,False,False,False,False,False,False,True,0,0,,,,https://www.walmart.com/ip/Great-Value-Instant-Nonfat-Dry-Milk-3-2-oz-Pouches-3-Count-Makes-3-Quarts-Total-12-Servings-per-Container/55081618?classType=VARIANT
Walmart,134347563,"Garelick Farms 2% Reduced Fat Milk with Vitamin A and D, Milk Quart - 1 Jug",Garelick Farms,True,True,False,,32 fl oz,32,2%,Unflavored,False,False,False,False,False,False,False,False,False,70,70,1.36,1.36,1.36,https://www.walmart.com/ip/Garelick-Farms-2-Reduced-Fat-Milk-with-Vitamin-A-and-D-Milk-Quart-1-Jug/134347563?classType=REGULAR
Walmart,43285878,"Prairie Farms Premium Chocolate Milk, Pint, 16 Fl Oz",Prairie Farms,True,False,False,,16 fl oz,16,Unspecified,Chocolate,False,False,False,False,False,False,False,False,False,101,101,1.42,1.42,1.42,https://www.walmart.com/ip/Prairie-Farms-Dairy-Prairie-Farms-Milk-16-oz/43285878?classType=REGULAR
Walmart,163079304,"Prairie Farms Premium Chocolate Milk, Gallon, 128 Fl Oz",Prairie Farms,True,False,False,,Gallon,128,Unspecified,Chocolate,False,False,False,False,False,False,False,False,False,36,36,6.28,6.28,6.28,https://www.walmart.com/ip/Prairie-Farms-Dairy-Premium-Chocolate-Milk-One-Gallon-128-Fl-Oz/163079304?classType=REGULAR
Walmart,188213230,"T.G. Lee Vitamin D Milk, Whole Milk quart - 1 Jug",T.G. Lee,True,True,False,,32 fl oz,32,Whole,Unflavored,False,False,False,False,False,False,False,False,False,139,158,4.92,4.92,4.92,https://www.walmart.com/ip/T-G-Lee-Vitamin-D-Milk-Whole-Milk-quart-1-Jug/188213230?classType=REGULAR
Walmart,350048336,"Horizon Organic Vitamin D Whole Milk, Vitamin D Whole, 128 fl oz Jug",Horizon Organic,True,True,False,,Gallon,128,Whole,Unflavored,True,False,False,False,False,False,False,False,False,1895,2141,9.97,9.97,9.97,https://www.walmart.com/ip/Horizon-Organic-High-Vitamin-D-Whole-Milk-High-Vitamin-D-Whole-128-fl-oz-Jug/350048336?classType=REGULAR
Walmart,907778403,"Horizon Organic Vitamin D 2 Percent Milk, Vitamin D Reduced Fat, 128 fl oz Jug",Horizon Organic,True,True,False,,Gallon,128,2%,Unflavored,True,False,False,False,False,False,False,False,False,1217,1335,9.97,9.97,9.97,https://www.walmart.com/ip/Horizon-Organic-High-Vitamin-D-2-Percent-Milk-High-Vitamin-D-Reduced-Fat-128-fl-oz-Jug/907778403?classType=REGULAR
Walmart,17195722003,"Gya Tea Co Whole Milk Powder - 1.1lb (17.64 Oz) - Pasture Raised Source, Non-GMO, Gluten Free - Shelf Stable Premium Grade Powdered Milk for Baking, Cooking, Smoothies - Rich in Protein & Calcium",Unknown,False,False,True,powder_formula,17.64 fl oz,17.64,Whole,Unflavored,False,False,False,False,False,False,False,False,False,0,0,,,,https://www.walmart.com/ip/Gya-Tea-Co-Whole-Milk-Powder-1-1lb-17-64-Oz-Pasture-Raised-Source-Non-GMO-Gluten-Free-Shelf-Stable-Premium-Grade-Powdered-Milk-Baking-Cooking-Smoothi/17195722003?classType=REGULAR
Walmart,133443685,"LALA Low Fat Shelf-Stable Milk Drink, Chocolate, 8.25 oz Carton Container (6 Ct)",LALA,False,False,True,,8.25 fl oz,8.25,1%,Chocolate,False,False,False,False,False,False,False,False,False,0,0,,,,https://www.walmart.com/ip/LALA-Low-Fat-Shelf-Stable-Milk-Drink-Chocolate-8-25-oz-Carton-Container-6-Ct/133443685?classType=REGULAR
Walmart,389683525,"Darigold Fit 2% Reduced Fat Ultra-Filtered Milk, 59 fl oz Carton",Darigold,True,True,False,,59 fl oz,59,2%,Unflavored,False,False,True,False,False,False,False,False,False,82,83,4.92,4.92,4.92,https://www.walmart.com/ip/Darigold-Fit-2-Reduced-Fat-Ultra-Filtered-Milk-59-fl-oz-Carton/389683525?classType=REGULAR
Walmart,11964647,"Darigold Whole Milk, Unflavored, Half Gallon, 64 fl oz",Darigold,True,True,False,,Half Gallon,64,Whole,Unflavored,False,False,False,False,False,False,False,False,False,101,105,3.87,3.87,3.87,https://www.walmart.com/ip/Darigold-Whole-Milk-Unflavored-Half-Gallon-64-fl-oz/11964647?classType=REGULAR
Walmart,44390999,"Meadow Gold Vitamin D Milk, Whole Milk Gallon - 1 Jug",Meadow Gold,True,True,False,,Gallon,128,Whole,Unflavored,False,False,False,False,False,False,False,False,False,166,181,5.16,5.16,5.16,https://www.walmart.com/ip/Meadow-Gold-Vitamin-D-Milk-Whole-Milk-Gallon-1-Jug/44390999?classType=REGULAR
Walmart,13399121,"Meadow Gold Reduced Fat 2% Milk with Vitamin A and D, Gallon",Meadow Gold,True,True,False,,Gallon,128,2%,Unflavored,False,False,False,False,False,False,False,False,False,160,171,4.94,4.94,4.94,https://www.walmart.com/ip/Meadow-Gold-Reduced-Fat-2-Milk-with-Vitamin-A-and-D-Gallon/13399121?classType=REGULAR
Walmart,44391160,Meadow Gold Whole Milk with Vitamin D - 64 fl oz,Meadow Gold,True,True,False,,Half Gallon,64,Whole,Unflavored,False,False,False,False,False,False,False,False,False,159,170,3.28,3.28,3.28,https://www.walmart.com/ip/Meadow-Gold-Whole-Milk-with-Vitamin-D-64-fl-oz/44391160?classType=REGULAR
Walmart,146891713,"Meadow Gold Reduced Fat 2% Milk with Vitamin A and D, Half Gallon",Meadow Gold,True,True,False,,Half Gallon,64,2%,Unflavored,False,False,False,False,False,False,False,False,False,159,173,3.16,3.16,3.16,https://www.walmart.com/ip/Meadow-Gold-Reduced-Fat-2-Milk-with-Vitamin-A-and-D-Half-Gallon/146891713?classType=REGULAR
Walmart,11964649,"Darigold 2% Reduced Fat Milk, Unflavored, Half Gallon, 64 fl oz",Darigold,True,True,False,,Half Gallon,64,2%,Unflavored,False,False,False,False,False,False,False,False,False,97,99,3.87,3.87,3.87,https://www.walmart.com/ip/Darigold-2-Reduced-Fat-Milk-Unflavored-Half-Gallon-64-fl-oz/11964649?classType=REGULAR
Walmart,12605970431,"Horizon Organic Growing Years Organic 2% Milk for Kids, 59 fl oz Carton",Horizon Organic,True,True,False,,59 fl oz,59,2%,Unflavored,True,False,False,False,False,False,True,False,False,635,696,7.47,7.47,7.47,https://www.walmart.com/ip/Horizon-Organic-Growing-Years-2-Milk-with-DHA-Omega-3-59-fl-oz-Carton/12605970431?classType=REGULAR
Walmart,17783006438,"Crystal Creamery Ultra Filtered Reduced Fat Chocolate Milk, 59 oz Carton",Crystal Creamery,True,True,False,,59 fl oz,59,2%,Chocolate,False,False,True,False,False,False,False,False,False,39,39,5.28,5.28,5.28,https://www.walmart.com/ip/Crystal-Creamery-Ultra-Filtered-Reduced-Fat-Chocolate-Milk-59-oz-Carton/17783006438?classType=REGULAR
Walmart,10818603,"Lactaid 2% Reduced Fat Milk, 32 oz",Lactaid,True,True,False,,32 fl oz,32,2%,Unflavored,False,False,False,False,False,False,False,False,False,197,207,2.52,2.52,2.52,https://www.walmart.com/ip/Lactaid-2-Reduced-Fat-Milk-32-oz/10818603?classType=REGULAR
Walmart,14284790,"Horizon Organic Vitamin D 2 Percent Milk, Vitamin D Reduced Fat, 64 fl oz Carton",Horizon Organic,True,True,False,,Half Gallon,64,2%,Unflavored,True,False,False,False,False,False,False,False,False,43,45,5.96,5.96,5.96,https://www.walmart.com/ip/Horizon-Organic-High-Vitamin-D-2-Percent-Milk-High-Vitamin-D-Reduced-Fat-64-fl-oz-Carton/14284790?classType=REGULAR
Walmart,122260579,"Great Value Organic Vitamin D Milk, Half Gallon, 64 fl oz",Great Value,True,True,False,,Half Gallon,64,Whole,Unflavored,True,False,False,False,False,False,False,False,True,74,75,3.97,3.97,3.97,https://www.walmart.com/ip/Great-Value-Organic-Vitamin-D-Milk-Half-Gallon/122260579?classType=REGULAR
Walmart,10801614,"Lactaid Fat Free Milk, 64 oz",Lactaid,True,True,False,,Half Gallon,64,Skim/Fat-Free,Unflavored,False,False,False,False,False,False,False,False,False,242,247,4.48,4.48,4.48,https://www.walmart.com/ip/Lactaid-Fat-Free-Milk-64-oz/10801614?classType=REGULAR
Walmart,53986353,"Horizon Organic Lactose Free Milk, Whole, 64 fl oz Carton",Horizon Organic,True,True,False,,Half Gallon,64,Whole,Unflavored,True,True,False,False,False,False,False,False,False,22,22,6.36,6.36,6.36,https://www.walmart.com/ip/Horizon-Organic-Lactose-Free-Milk-Whole-64-fl-oz-Carton/53986353?classType=REGULAR
Walmart,43346761,"Hiland Whole Milk, Vitamin D, Pint, 16 Fl Oz",Hiland,True,True,False,,16 fl oz,16,Whole,Unflavored,False,False,False,False,False,False,False,False,False,468,558,1.42,1.42,1.42,https://www.walmart.com/ip/Hiland-Vitamin-D-Milk-16-Oz/43346761?classType=REGULAR
Walmart,44391061,"Hiland Whole, Vitamin D Milk, Gallon, 128 fl oz",Hiland,True,True,False,,Gallon,128,Whole,Unflavored,False,False,False,False,False,False,False,False,False,497,588,5.63,5.63,5.63,https://www.walmart.com/ip/Hiland-Whole-Vitamin-D-Milk-Gallon-128-fl-oz/44391061?classType=REGULAR
Walmart,16800122415,"Hoosier Hill Farm Instant Nonfat Dry Milk Powder, 1 lb Jar",Unknown,False,False,False,powder_formula,Unknown,,Skim/Fat-Free,Unflavored,False,False,False,False,False,False,False,False,False,0,0,,,,https://www.walmart.com/ip/Hoosier-Hill-Farm-Instant-Nonfat-Dry-Milk-Powder-1-lb/16800122415?classType=REGULAR
Walmart,44391115,"Hiland Premium Chocolate Milk, Half Gallon, 64 fl oz",Hiland,True,False,False,,Half Gallon,64,Unspecified,Chocolate,False,False,False,False,False,False,False,False,False,407,480,3.54,3.54,3.54,https://www.walmart.com/ip/Hiland-Premium-Chocolate-Milk-Half-Gallon-64-fl-oz/44391115?classType=REGULAR
Walmart,39980008,"Hiland 2% Reduced Fat Milk, Gallon, 128 Fl Oz",Hiland,True,True,False,,Gallon,128,2%,Unflavored,False,False,False,False,False,False,False,False,False,447,530,5.63,5.63,5.63,https://www.walmart.com/ip/Hiland-2-Reduced-Fat-Milk-Gallon-128-fl-oz/39980008?classType=REGULAR
Walmart,43269799,"Hiland 2% Reduced Fat Milk, Quart, 32 Fl Oz",Hiland,True,True,False,,32 fl oz,32,2%,Unflavored,False,False,False,False,False,False,False,False,False,424,497,2.82,2.82,2.82,https://www.walmart.com/ip/Hiland-2-Reduced-Fat-Milk-1-Quart/43269799?classType=REGULAR
Walmart,45595261,"Hiland Premium Chocolate Milk, Gallon, 128 Fl Oz",Hiland,True,False,False,,Gallon,128,Unspecified,Chocolate,False,False,False,False,False,False,False,False,False,191,220,6.28,6.28,6.28,https://www.walmart.com/ip/Hiland-Chocolate-Milk-1-Gallon/45595261?classType=REGULAR
Walmart,39980007,"Hiland 2% Reduced Fat Milk, Half Gallon, 64 fl oz",Hiland,True,True,False,,Half Gallon,64,2%,Unflavored,False,False,False,False,False,False,False,False,False,410,477,3.22,3.22,3.22,https://www.walmart.com/ip/Hiland-2-Reduced-Fat-Milk-Half-Gallon-64-fl-oz/39980007?classType=REGULAR
Walmart,43710914,"Hiland 2% Reduced Fat Milk, Pint, 16 fl oz",Hiland,True,True,False,,16 fl oz,16,2%,Unflavored,False,False,False,False,False,False,False,False,False,360,412,1.42,1.42,1.42,https://www.walmart.com/ip/Hiland-2-Reduced-Fat-Milk-16-Oz/43710914?classType=REGULAR
Walmart,148664357,"Reiter Dairy Whole Milk with Vitamin D, Milk Gallon - 1 Jug",Reiter Dairy,True,True,False,,Gallon,128,Whole,Unflavored,False,False,False,False,False,False,False,False,False,39,39,4.18,4.18,4.18,https://www.walmart.com/ip/Reiter-Dairy-Whole-Milk-with-Vitamin-D-Milk-Gallon-1-Jug/148664357?classType=REGULAR
Walmart,898519177,"Z Natural Foods Premium Whole Milk Powder - Powdered Milk for Baking, Cooking, Drinks - Dry Milk Powder, Pasteurized, Non-GMO, Gluten-Free, Kosher-Certified, 1 lb",Unknown,False,False,False,powder_formula,Unknown,,Whole,Unflavored,False,False,False,False,False,False,False,False,False,0,0,,,,https://www.walmart.com/ip/Powdered-Whole-Milk-Nutrient-Rich-Milk-Powder-Longest-Shelf-Life-Stress-Relief-Refrigeration-Required-Perfect-Cooking-Baking-Tea-Coffee-Gluten-Free-N/898519177?classType=REGULAR
Walmart,1089236526,LALA Strawberry 1% Milk UHT 32oz,LALA,False,False,True,,32 fl oz,32,1%,Strawberry,False,False,False,False,False,False,False,False,False,0,0,,,,https://www.walmart.com/ip/LALA-Strawberry-1-Milk-UHT-32oz/1089236526?classType=REGULAR
Walmart,54082913,"LALA Ultra-Pasteurized Lactose Free Reduced Fat Milk, 32-oz",LALA,True,True,False,,32 fl oz,32,2%,Unflavored,False,True,False,False,False,False,False,False,False,410,431,3.26,3.26,3.26,https://www.walmart.com/ip/LALA-Ultra-Pasteurized-Lactose-Free-Reduced-Fat-Milk-32-oz/54082913?classType=REGULAR
Walmart,190830661,"Gandy's Whole Milk, Half Gallon",Gandy's,True,True,False,,Half Gallon,64,Whole,Unflavored,False,False,False,False,False,False,False,False,False,26,28,3.22,3.22,3.22,https://www.walmart.com/ip/Gandy-s-Whole-Milk-with-Vitamin-D-Whole-Milk-Half-Gallon-1-Jug/190830661?classType=REGULAR
Walmart,141424236,"Great Value Organic Whole Unflavored Milk, 1 Gallon",Great Value,True,True,False,,Gallon,128,Whole,Unflavored,True,False,False,False,False,False,False,False,True,13,13,7.87,7.87,7.87,https://www.walmart.com/ip/Great-Value-Organic-Whole-Unflavored-Milk-1-Gallon/141424236?classType=REGULAR
Walmart,24100302,"Nesquik Chocolate Low-fat Milk, Ready to Drink Low-fat Milk, Breakfast Drink, 14 fl oz",Nesquik,True,True,False,,14 fl oz,14,1%,Chocolate,False,False,False,False,False,False,False,False,False,70,71,1.48,1.48,1.48,https://www.walmart.com/ip/Nesquik-Chocolate-Low-fat-Milk-Ready-to-Drink-Low-fat-Milk-Breakfast-Drink-14-fl-oz/24100302?classType=REGULAR
Walmart,11964648,"Darigold Whole Milk, 1 Quart, 32 fl oz Carton",Darigold,True,True,False,,32 fl oz,32,Whole,Unflavored,False,False,False,False,False,False,False,False,False,102,105,2.62,2.62,2.62,https://www.walmart.com/ip/Darigold-Whole-Milk-1-Quart-32-fl-oz-Carton/11964648?classType=REGULAR
Walmart,47183359,"Umpqua Dairy 2% Reduced-Fat Milk, Gallon",Umpqua Dairy,True,True,False,,Gallon,128,2%,Unflavored,False,False,False,False,False,False,False,False,False,23,24,5.83,5.83,5.83,https://www.walmart.com/ip/Umpqua-Dairy-2-Reduced-Fat-Milk-Gallon/47183359?classType=REGULAR
Walmart,2288074489,"Umpqua Dairy Whole Milk, Pint",Umpqua Dairy,True,True,False,,16 fl oz,16,Whole,Unflavored,False,False,False,False,False,False,False,False,False,7,7,0.97,0.97,0.97,https://www.walmart.com/ip/Umpqua-Dairy-Whole-Milk-Pint/2288074489?classType=REGULAR
Walmart,104795382,"Organic Valley Organic Lactose Free Whole Milk, Half Gallon, 64 fl oz",Organic Valley,True,True,False,,Half Gallon,64,Whole,Unflavored,True,True,False,False,False,False,False,False,False,209,212,5.63,5.63,5.63,https://www.walmart.com/ip/Organic-Valley-Organic-Lactose-Free-Whole-Milk-64-oz-Half-Gallon-Carton/104795382?classType=REGULAR
Walmart,159249303,"Umpqua Dairy 2% Reduced-Fat Milk, Half Gallon",Umpqua Dairy,True,True,False,,Half Gallon,64,2%,Unflavored,False,False,False,False,False,False,False,False,False,19,19,3.28,3.28,3.28,https://www.walmart.com/ip/Umpqua-Dairy-2-Reduced-Fat-Milk-Half-Gallon/159249303?classType=REGULAR
Walmart,196292602,"Umpqua Dairy Whole Milk, Half Gallon",Umpqua Dairy,True,True,False,,Half Gallon,64,Whole,Unflavored,False,False,False,False,False,False,False,False,False,21,22,3.48,3.48,3.48,https://www.walmart.com/ip/Umpqua-Dairy-Whole-Milk-Half-Gallon/196292602?classType=REGULAR
Walmart,47183360,"Umpqua Dairy 1% Low-Fat Milk, Gallon",Umpqua Dairy,True,True,False,,Gallon,128,1%,Unflavored,False,False,False,False,False,False,False,False,False,20,21,5.64,5.64,5.64,https://www.walmart.com/ip/Umpqua-Dairy-1-Low-Fat-Milk-Gallon/47183360?classType=REGULAR
Walmart,153957592,"Maola Extra Rich Chocolate Whole Milk, Half Gallon, 64oz, Ultra-Pasteurized",Maola,True,True,False,,Half Gallon,64,Whole,Chocolate,False,False,False,False,False,False,False,False,False,79,83,4.97,4.97,4.97,https://www.walmart.com/ip/Maola-Extra-Rich-Chocolate-Whole-Milk-Half-Gallon-64oz-Ultra-Pasteurized/153957592?classType=REGULAR
Walmart,21686082,"PET Dairy Whole Milk with Vitamin D, Milk Gallon - 1 Jug",PET Dairy,True,True,False,,Gallon,128,Whole,Unflavored,False,False,False,False,False,False,False,False,False,245,281,4.72,4.72,4.72,https://www.walmart.com/ip/PET-Dairy-Whole-Milk-with-Vitamin-D-Milk-Gallon-1-Jug/21686082?classType=REGULAR
Walmart,189933379,"Kleinpeter Whole Milk, Half Gallon, Natural Creamy Flavor",Kleinpeter,True,True,False,,Half Gallon,64,Whole,Unflavored,False,False,False,False,False,False,False,False,False,4,4,4.16,4.16,4.16,https://www.walmart.com/ip/Kleinpeter-Whole-Milk-Half-Gallon/189933379?classType=REGULAR
Walmart,145483934,"Kleinpeter 2% Reduced Fat Milk, 1 Gallon, Natural Creamy Flavor",Kleinpeter,True,True,False,,Gallon,128,2%,Unflavored,False,False,False,False,False,False,False,False,False,7,7,7,7,7,https://www.walmart.com/ip/Kleinpeter-2-Reduced-Fat-Milk-1-Gallon/145483934?classType=REGULAR
Walmart,565456434,"Fairlife Ultra-Filtered Milk, 2% Reduced Fat, 8 Fl Oz, 6 Count",fairlife,False,False,False,,8 fl oz,8,2%,Unflavored,False,False,True,False,False,False,False,False,False,0,0,,,,https://www.walmart.com/ip/Fairlife-Ultra-Filtered-Milk-2-Reduced-Fat-8-Fl-Oz-6-Count/565456434?classType=REGULAR
Walmart,44391178,"Hiland Whole, Vitamin D Milk, Half Gallon, 64 Fl Oz",Hiland,True,True,False,,Half Gallon,64,Whole,Unflavored,False,False,False,False,False,False,False,False,False,504,594,3.22,3.22,3.22,https://www.walmart.com/ip/Hiland-Whole-Vitamin-D-Milk-Half-Gallon-64-fl-oz/44391178?classType=REGULAR
Walmart,5512149085,Hiland Dairy Lactose Free 2% Milk Gallon,Hiland,True,True,False,,Gallon,128,2%,Unflavored,False,True,False,False,False,False,False,False,False,275,306,5.65,5.65,5.65,https://www.walmart.com/ip/Hiland-Dairy-Lactose-Free-2-Milk-Gallon/5512149085?classType=REGULAR
Walmart,5160871364,"Hoosier Hill Farm Goat Milk Powder, 2 lb Jar",Unknown,False,False,False,"goat_other,insufficient_product_signal,powder_formula",Unknown,,Unspecified,Unflavored,False,False,False,False,False,False,False,False,False,0,0,,,,https://www.walmart.com/ip/Hoosier-Hill-Farm-Goat-Milk-Powder-2-lb-Plastic-Jar-Shelf-Stable-GMO-Free-and-Gluten-Free/5160871364?classType=REGULAR
Walmart,144289545,Country Fresh Whole Milk with Vitamin D Gallon - 1 Jug,Country Fresh,True,True,False,,Gallon,128,Whole,Unflavored,False,False,False,False,False,False,False,False,False,34,34,4.5,4.5,4.5,https://www.walmart.com/ip/Country-Fresh-Whole-Milk-with-Vitamin-D-Gallon-1-Jug/144289545?classType=REGULAR
Walmart,21686027,Lehigh Valley Whole Milk with Vitamin D - 64 fl oz,Lehigh Valley,True,True,False,,Half Gallon,64,Whole,Unflavored,False,False,False,False,False,False,False,False,False,46,46,2.92,2.92,2.92,https://www.walmart.com/ip/Lehigh-Valley-Whole-Milk-with-Vitamin-D-64-fl-oz/21686027?classType=REGULAR
Walmart,21686028,Lehigh Valley Whole Milk with Vitamin D - 32 fl oz,Lehigh Valley,True,True,False,,32 fl oz,32,Whole,Unflavored,False,False,False,False,False,False,False,False,False,49,50,2.24,2.24,2.24,https://www.walmart.com/ip/Lehigh-Valley-Whole-Milk-with-Vitamin-D-32-fl-oz/21686028?classType=REGULAR
Walmart,188324755,Lehigh Valley Whole Milk with Vitamin D - 16 fl oz,Lehigh Valley,True,True,False,,16 fl oz,16,Whole,Unflavored,False,False,False,False,False,False,False,False,False,29,29,1.44,1.44,1.44,https://www.walmart.com/ip/Lehigh-Valley-Whole-Milk-with-Vitamin-D-16-fl-oz/188324755?classType=REGULAR
Walmart,167840585,Lehigh Valley 1% Low Fat Milk - 32 fl oz,Lehigh Valley,True,True,False,,32 fl oz,32,1%,Unflavored,False,False,False,False,False,False,False,False,False,14,14,2.24,2.24,2.24,https://www.walmart.com/ip/Lehigh-Valley-1-Low-Fat-Milk-32-fl-oz/167840585?classType=REGULAR
Walmart,123179529,Lehigh Valley 2% Reduced Fat Milk - 64 fl oz,Lehigh Valley,True,True,False,,Half Gallon,64,2%,Unflavored,False,False,False,False,False,False,False,False,False,20,20,2.92,2.92,2.92,https://www.walmart.com/ip/Lehigh-Valley-2-Reduced-Fat-Milk-64-fl-oz/123179529?classType=REGULAR
Walmart,115382288,"Lehigh Valley Dairy Farms Fat Free Skim Milk with Vitamins A & D, Fat Free Milk Quart - 1 Milk Bottle",Lehigh Valley,False,False,False,non_beverage,32 fl oz,32,Skim/Fat-Free,Unflavored,False,False,False,False,False,False,False,False,False,0,0,,,,https://www.walmart.com/ip/Lehigh-Valley-Dairy-Farms-Fat-Free-Skim-Milk-with-Vitamins-A-D-Fat-Free-Milk-Quart-1-Milk-Bottle/115382288?classType=REGULAR
Walmart,21686030,Lehigh Valley 2% Reduced Fat Milk - 32 fl oz,Lehigh Valley,True,True,False,,32 fl oz,32,2%,Unflavored,False,False,False,False,False,False,False,False,False,7,7,2.24,2.24,2.24,https://www.walmart.com/ip/Alta-Dena-2-Reduced-Fat-Milk-32-fl-oz/21686030?classType=REGULAR
Walmart,44391021,"Great Value Organic Low-fat 1% Milk, 1 Gallon, 128 fl oz",Great Value,True,True,False,,Gallon,128,1%,Unflavored,True,False,False,False,False,False,False,False,True,7,7,7.87,7.87,7.87,https://www.walmart.com/ip/Great-Value-Organic-Lowfat-1-Milk-1-Gallon/44391021?classType=REGULAR
Walmart,43269798,"Hiland Whole, Vitamin D Milk, Quart, 32 Fl Oz",Hiland,True,True,False,,32 fl oz,32,Whole,Unflavored,False,False,False,False,False,False,False,False,False,457,534,2.87,2.87,2.87,https://www.walmart.com/ip/Hiland-Vitamin-D-Milk-1-Quart/43269798?classType=REGULAR
Walmart,44391232,"Hiland Fat Free Skim Milk, Half Gallon, 64 Fl Oz",Hiland,True,True,False,,Half Gallon,64,Skim/Fat-Free,Unflavored,False,False,False,False,False,False,False,False,False,11,11,3.22,3.22,3.22,https://www.walmart.com/ip/Hiland-Skim-Milk-Half-Gallon/44391232?classType=REGULAR
Walmart,42700896,"Hiland 1% Low Fat Milk, Quart, 32 Fl Oz",Hiland,True,True,False,,32 fl oz,32,1%,Unflavored,False,False,False,False,False,False,False,False,False,14,14,2.81,2.81,2.81,https://www.walmart.com/ip/Hiland-1-Lowfat-Milk-1-qt/42700896?classType=REGULAR
Walmart,8242361492,"Shamrock Farms Rockin' Protein Max 50g Strawberry, 19.7 fl oz",Shamrock Farms,False,False,False,not_milk,19.7 fl oz,19.7,Unspecified,Strawberry,False,False,False,False,False,False,False,False,False,0,0,,,,https://www.walmart.com/ip/Shamrock-Farms-Rockin-Protein-Max-Strawberry-19-7-FL-OZ/8242361492?classType=REGULAR
Walmart,21686083,PET Dairy Whole Milk with Vitamin D - 64 fl oz,PET Dairy,True,True,False,,Half Gallon,64,Whole,Unflavored,False,False,False,False,False,False,False,False,False,223,250,3.16,3.16,3.16,https://www.walmart.com/ip/PET-Dairy-Whole-Milk-with-Vitamin-D-64-fl-oz/21686083?classType=REGULAR
Walmart,5720953197,Prairie Farms Dairy Lactose Free Whole Milk Gallon,Prairie Farms,True,True,False,,Gallon,128,Whole,Unflavored,False,True,False,False,False,False,False,False,False,37,38,5.65,5.65,5.65,https://www.walmart.com/ip/Prairie-Farms-Dairy-Lactose-Free-Whole-Milk-Gallon/5720953197?classType=REGULAR
Walmart,168612258,Purity Whole Milk with Vitamin D Gallon - 1 Jug,Purity,True,True,False,,Gallon,128,Whole,Unflavored,False,False,False,False,False,False,False,False,False,81,88,5.17,5.17,5.17,https://www.walmart.com/ip/Purity-Whole-Milk-with-Vitamin-D-Gallon-1-Jug/168612258?classType=REGULAR
Walmart,144720383,Purity 2% Reduced Fat Milk - 64 fl oz,Purity,True,True,False,,Half Gallon,64,2%,Unflavored,False,False,False,False,False,False,False,False,False,56,58,3.22,3.22,3.22,https://www.walmart.com/ip/Purity-2-Reduced-Fat-Milk-64-fl-oz/144720383?classType=REGULAR
Walmart,180718638,"Purity 2% Reduced Fat Milk with Vitamin A and D, Milk Gallon - 1 Jug",Purity,True,True,False,,Gallon,128,2%,Unflavored,False,False,False,False,False,False,False,False,False,49,51,5.17,5.17,5.17,https://www.walmart.com/ip/Purity-2-Reduced-Fat-Milk-with-Vitamin-A-and-D-Milk-Gallon-1-Jug/180718638?classType=REGULAR
Walmart,117401949,Purity Whole Milk with Vitamin D - 32 fl oz,Purity,True,True,False,,32 fl oz,32,Whole,Unflavored,False,False,False,False,False,False,False,False,False,14,14,2.58,2.58,2.58,https://www.walmart.com/ip/Purity-Whole-Milk-with-Vitamin-D-32-fl-oz/117401949?classType=REGULAR
Walmart,111434370,Purity Whole Milk with Vitamin D - 16 fl oz,Purity,True,True,False,,16 fl oz,16,Whole,Unflavored,False,False,False,False,False,False,False,False,False,69,72,1.38,1.38,1.38,https://www.walmart.com/ip/Purity-Whole-Milk-with-Vitamin-D-16-fl-oz/111434370?classType=VARIANT
Walmart,123395833,Purity 2% Reduced Fat Milk - 16 fl oz,Purity,True,True,False,,16 fl oz,16,2%,Unflavored,False,False,False,False,False,False,False,False,False,5,5,1.38,1.38,1.38,https://www.walmart.com/ip/Purity-2-Reduced-Fat-Milk-16-fl-oz/123395833?classType=REGULAR
Walmart,111489158,Purity Sweet Acidophilus 1% Lowfat Milk - 64 fl oz,Purity,True,True,False,,Half Gallon,64,1%,Unflavored,False,False,False,False,False,False,False,False,False,19,19,3.22,3.22,3.22,https://www.walmart.com/ip/Purity-Sweet-Acidophilus-1-Lowfat-Milk-64-fl-oz/111489158?classType=REGULAR
Walmart,191138164,"Garelick Farms Fat-Free Milk, Half Gallon",Garelick Farms,True,True,False,,Half Gallon,64,Skim/Fat-Free,Unflavored,False,False,False,False,False,False,False,False,False,20,20,2.48,2.48,2.48,https://www.walmart.com/ip/Garelick-Farms-Fat-Free-Milk-with-Vitamin-A-and-D-Skim-Milk-Half-Gallon-1-Jug/191138164?classType=REGULAR
Walmart,695460867,"fairlife 2% Reduced Fat Ultra-filtered Milk, 14 fl oz, 12 Pack",fairlife,False,False,False,,14 fl oz,14,2%,Unflavored,False,False,True,False,False,False,False,False,False,0,0,,,,https://www.walmart.com/ip/fairlife-2-Reduced-Fat-Ultra-filtered-Milk-14-fl-oz-12-Pack/695460867?classType=REGULAR
Walmart,817820497,La Campina Milk 1.76 lb,Unknown,False,False,False,insufficient_product_signal,Unknown,,Unspecified,Unflavored,False,False,False,False,False,False,False,False,False,0,0,,,,https://www.walmart.com/ip/La-Campina-Milk-1-76-lb/817820497?classType=REGULAR
Walmart,14869811,"NIDO Fortificada Dry Whole Milk Powder with Vitamins A, C, D, Iron & Calcium, 56.4 oz Canister",Unknown,False,False,False,powder_formula,56.4 fl oz,56.4,Whole,Unflavored,False,False,False,False,False,False,False,False,False,0,0,,,,https://www.walmart.com/ip/Nestle-Nido-Fortificada-Powdered-Drink-Mix-Dry-Whole-Milk-Powder-56-4-oz/14869811?classType=VARIANT
Walmart,1987268369,"Parmalat UHT 2% Reduced Fat Milk, 32 fl oz, 6 Ct",Parmalat,False,False,True,,32 fl oz,32,2%,Unflavored,False,False,False,False,False,False,False,False,False,0,0,,,,https://www.walmart.com/ip/Parmalat-UHT-2-Reduced-Fat-Milk-32-fl-oz-6-Ct/1987268369?classType=REGULAR
Walmart,115528477,United Dairy Whole Milk Vitamin D Gallon,United Dairy,True,True,False,,Gallon,128,Whole,Unflavored,False,False,False,False,False,False,False,False,False,94,97,4.77,4.77,4.77,https://www.walmart.com/ip/United-Dairy-Whole-Milk-Vitamin-D-Gallon/115528477?classType=REGULAR
Walmart,127816368,United Dairy 2% Reduced Fat Milk Gallon,United Dairy,True,True,False,,Gallon,128,2%,Unflavored,False,False,False,False,False,False,False,False,False,101,104,4.48,4.48,4.48,https://www.walmart.com/ip/United-Dairy-2-Reduced-Fat-Milk-Gallon/127816368?classType=REGULAR
Walmart,14998312863,United Dairy Skim Milk Gallon,United Dairy,True,True,False,,Gallon,128,Skim/Fat-Free,Unflavored,False,False,False,False,False,False,False,False,False,14,14,5.27,5.27,5.27,https://www.walmart.com/ip/Skim-Milk-Gallon/14998312863?classType=REGULAR
Walmart,185016127,United Dairy Whole Milk Half Gallon,United Dairy,True,True,False,,Half Gallon,64,Whole,Unflavored,False,False,False,False,False,False,False,False,False,98,102,1.98,1.98,1.98,https://www.walmart.com/ip/United-Dairy-Whole-Milk-Half-Gallon/185016127?classType=REGULAR
Walmart,124314525,"Maola Whole Milk, Vitamin D, Half Gallon",Maola,True,True,False,,Half Gallon,64,Whole,Unflavored,False,False,False,False,False,False,False,False,False,65,71,4.14,4.14,4.14,https://www.walmart.com/ip/Maola-Whole-Milk-Vitamin-D-Half-Gallon/124314525?classType=REGULAR
Walmart,159370172,"Maola Whole Milk, Gallon",Maola,True,True,False,,Gallon,128,Whole,Unflavored,False,False,False,False,False,False,False,False,False,60,65,6.48,6.48,6.48,https://www.walmart.com/ip/Maola-Whole-Milk-Gallon/159370172?classType=REGULAR
Walmart,157486439,"Maola 2% Reduced Fat Milk, Half Gallon",Maola,True,True,False,,Half Gallon,64,2%,Unflavored,False,False,False,False,False,False,False,False,False,69,77,4.12,4.12,4.12,https://www.walmart.com/ip/Maola-2-Reduced-Fat-Milk-Half-Gallon/157486439?classType=REGULAR
Walmart,159335090,"Maola 2% Reduced Fat Milk, 1 Gallon, 128 oz",Maola,True,True,False,,Gallon,128,2%,Unflavored,False,False,False,False,False,False,False,False,False,75,80,6.23,6.23,6.23,https://www.walmart.com/ip/Maola-2-Reduced-Fat-Milk-1-Gallon-128-oz/159335090?classType=REGULAR
Walmart,167275392,"Maola Vitamin D Whole Milk, Half Gallon, 64oz, Ultra-Pasteurized",Maola,True,True,False,,Half Gallon,64,Whole,Unflavored,False,False,False,False,False,False,False,False,False,92,98,4.52,4.52,4.52,https://www.walmart.com/ip/Maola-Whole-Milk-Half-Gallon-Ultra-Pasteurized/167275392?classType=REGULAR
Walmart,130721796,"Maola 2% Reduced Fat Milk, 1 Quart",Maola,True,True,False,,32 fl oz,32,2%,Unflavored,False,False,False,False,False,False,False,False,False,75,83,3,3,3,https://www.walmart.com/ip/Maola-2-Reduced-Fat-Milk-Quart-Ultra-Pasteurized/130721796?classType=REGULAR
Walmart,199811047,"Maola 1% Low Fat Milk, Half Gallon",Maola,True,True,False,,Half Gallon,64,1%,Unflavored,False,False,False,False,False,False,False,False,False,55,58,3.26,3.26,3.26,https://www.walmart.com/ip/Maola-1-Low-Fat-Milk-Half-Gallon/199811047?classType=REGULAR
Walmart,157710308,"Maola 1% Lowfat Chocolate Milk, Half Gallon",Maola,True,True,False,,Half Gallon,64,1%,Chocolate,False,False,False,False,False,False,False,False,False,37,38,4.88,4.88,4.88,https://www.walmart.com/ip/Maola-1-Lowfat-Chocolate-Milk-Half-Gallon/157710308?classType=REGULAR
Walmart,16778805,"Promised Land Flavored Whole Milk with Calcium, Midnight Chocolate, 32 fl oz",Promised Land,True,True,False,,32 fl oz,32,Whole,Chocolate,False,False,False,False,False,False,False,False,False,15,16,3.97,3.97,3.97,https://www.walmart.com/ip/Promised-Land-Dairy-Midnight-Chocolate-Milk-1-Quart/16778805?classType=REGULAR
Walmart,570422006,"Nutri UHT Shelf-Stable Milk, Unflavored, 33.8 fl oz",Unknown,False,False,True,,33.8 fl oz,33.8,Unspecified,Unflavored,False,False,False,False,False,False,False,False,False,0,0,,,,https://www.walmart.com/ip/Nutri-UHT-Shelf-Stable-Milk-Unflavored-33-8-oz-Box/570422006?classType=REGULAR
Walmart,15362708326,"(3 pack) Denia Instant Reduced Fat Powder Milk Pasteurized, and Homogenized, 1.75 lbs.",Unknown,False,False,False,powder_formula,Unknown,,2%,Unflavored,False,False,False,False,False,False,False,False,False,0,0,,,,https://www.walmart.com/ip/3-pack-Denia-Instant-Reduced-Fat-Powder-Milk-Pasteurized-and-Homogenized-1-75-lbs/15362708326?classType=REGULAR
Walmart,406740235,"Maple Hill 100% Grassfed Organic Whole Milk, 59 fl oz Carton",Maple Hill,True,True,False,,59 fl oz,59,Whole,Unflavored,True,False,False,False,False,True,False,False,False,73,73,7.52,7.52,7.52,https://www.walmart.com/ip/Maple-Hill-Creamery-Organic-Whole-Unflavored-Milk-Half-Gallon/406740235?classType=REGULAR
Walmart,595276602,"Parmalat 2% UHT Milk, 32 fl oz, 6 Ct",Parmalat,False,False,True,,32 fl oz,32,2%,Unflavored,False,False,False,False,False,False,False,False,False,0,0,,,,https://www.walmart.com/ip/Parmalat-2-UHT-Milk-32-fl-oz-6-Ct/595276602?classType=REGULAR
Walmart,197243295,"Maola Whole Milk Quart, Ultra-Pasteurized",Maola,True,True,False,,32 fl oz,32,Whole,Unflavored,False,False,False,False,False,False,False,False,False,63,69,2.68,2.68,2.68,https://www.walmart.com/ip/Maola-Whole-Milk-Quart-Ultra-Pasteurized/197243295?classType=REGULAR
Walmart,161097693,"Maola 1% Low Fat Milk, Gallon",Maola,True,True,False,,Gallon,128,1%,Unflavored,False,False,False,False,False,False,False,False,False,76,85,5.12,5.12,5.12,https://www.walmart.com/ip/Maola-1-Low-Fat-Milk-Gallon/161097693?classType=REGULAR
Walmart,5917854812,"Maola Extra Rich Chocolate Whole Milk Quart, Ultra-Pasteurized",Maola,True,True,False,,32 fl oz,32,Whole,Chocolate,False,False,False,False,False,False,False,False,False,45,49,2.98,2.98,2.98,https://www.walmart.com/ip/Maola-Extra-Rich-Chocolate-Whole-Milk-Quart-Ultra-Pasteurized/5917854812?classType=REGULAR
Walmart,682474519,"Maola Whole Milk, 12oz",Maola,True,True,False,,12 fl oz,12,Whole,Unflavored,False,False,False,False,False,False,False,False,False,10,10,1.87,1.87,1.87,https://www.walmart.com/ip/Maola-Whole-Milk-12oz/682474519?classType=REGULAR
Walmart,178030689,Purity Whole Milk with Vitamin D - 64 fl oz,Purity,True,True,False,,Half Gallon,64,Whole,Unflavored,False,False,False,False,False,False,False,False,False,63,68,3.22,3.22,3.22,https://www.walmart.com/ip/Purity-Whole-Milk-with-Vitamin-D-64-fl-oz/178030689?classType=REGULAR
Walmart,21685957,Kemps Select Whole Milk with Vitamin D - 16 fl oz,Kemps,True,True,False,,16 fl oz,16,Whole,Unflavored,False,False,False,False,False,False,False,False,False,75,76,1.4,1.4,1.4,https://www.walmart.com/ip/Kemps-Select-Whole-Milk-with-Vitamin-D-16-fl-oz/21685957?classType=REGULAR
Walmart,21685954,"Kemps Select Fat Free Skim Milk, Half Gallon",Kemps,True,True,False,,Half Gallon,64,Skim/Fat-Free,Unflavored,False,False,False,False,False,False,False,False,False,86,87,2.28,2.28,2.28,https://www.walmart.com/ip/Kemps-Select-Fat-Free-Skim-Milk-Half-Gallon/21685954?classType=REGULAR
Walmart,146159287,"Tuscan Dairy Farms Whole Milk, Vitamin D Milk Gallon - 1 Jug",Tuscan Dairy Farms,True,True,False,,Gallon,128,Whole,Unflavored,False,False,False,False,False,False,False,False,False,32,33,4.92,4.92,4.92,https://www.walmart.com/ip/Tuscan-Dairy-Farms-Whole-Milk-Vitamin-D-Milk-Gallon-1-Jug/146159287?classType=REGULAR
Walmart,199107141,Tuscan Dairy Farms Whole Milk with Vitamin D - 64 fl oz,Tuscan Dairy Farms,True,True,False,,Half Gallon,64,Whole,Unflavored,False,False,False,False,False,False,False,False,False,32,33,2.72,2.72,2.72,https://www.walmart.com/ip/Tuscan-Dairy-Farms-Whole-Milk-with-Vitamin-D-64-fl-oz/199107141?classType=REGULAR
Walmart,118016431,Tuscan Dairy Farms 2% Reduced Fat Milk - 32 fl oz,Tuscan Dairy Farms,True,True,False,,32 fl oz,32,2%,Unflavored,False,False,False,False,False,False,False,False,False,32,33,1.48,1.48,1.48,https://www.walmart.com/ip/Tuscan-Dairy-Farms-2-Reduced-Fat-Milk-32-fl-oz/118016431?classType=REGULAR
Walmart,157939152,"Tuscan Dairy Farms 2% Reduced Fat Milk with Vitamin A and Vitamin D, Milk Gallon - 1 Jug",Tuscan Dairy Farms,True,True,False,,Gallon,128,2%,Unflavored,False,False,False,False,False,False,False,False,False,33,34,4.92,4.92,4.92,https://www.walmart.com/ip/Tuscan-Dairy-Farms-2-Reduced-Fat-Milk-with-Vitamin-A-and-Vitamin-D-Milk-Gallon-1-Jug/157939152?classType=REGULAR
Walmart,199697370,Tuscan Dairy Farms 1% Lowfat Milk - 64 fl oz,Tuscan Dairy Farms,True,True,False,,Half Gallon,64,1%,Unflavored,False,False,False,False,False,False,False,False,False,22,22,2.72,2.72,2.72,https://www.walmart.com/ip/Tuscan-Dairy-Farms-1-Lowfat-Milk-64-fl-oz/199697370?classType=REGULAR
Walmart,187088565,Tuscan Dairy Farms 2% Reduced Fat Milk - 64 fl oz,Tuscan Dairy Farms,True,True,False,,Half Gallon,64,2%,Unflavored,False,False,False,False,False,False,False,False,False,29,30,2.72,2.72,2.72,https://www.walmart.com/ip/Tuscan-Dairy-Farms-2-Reduced-Fat-Milk-64-fl-oz/187088565?classType=REGULAR
Walmart,134158842,Tuscan Dairy Farms Fat Free Skim Milk - 64 fl oz,Tuscan Dairy Farms,True,True,False,,Half Gallon,64,Skim/Fat-Free,Unflavored,False,False,False,False,False,False,False,False,False,7,7,2.83,2.83,2.83,https://www.walmart.com/ip/Tuscan-Dairy-Farms-Fat-Free-Skim-Milk-64-fl-oz/134158842?classType=REGULAR
Walmart,149769832,"Tuscan Dairy Farms Fat Free Milk with Vitamin A and Vitamin D, Skim Milk Gallon - 1 Jug",Tuscan Dairy Farms,True,True,False,,Gallon,128,Skim/Fat-Free,Unflavored,False,False,False,False,False,False,False,False,False,13,13,5.14,5.14,5.14,https://www.walmart.com/ip/Tuscan-Dairy-Farms-Fat-Free-Milk-with-Vitamin-A-and-Vitamin-D-Skim-Milk-Gallon-1-Jug/149769832?classType=REGULAR
Walmart,185944692,"Alta Dena 1% Milk with Vitamin A and D, Low Fat Milk Gallon - 1 Jug",Alta Dena,True,True,False,,Gallon,128,1%,Unflavored,False,False,False,False,False,False,False,False,False,8,8,4.92,4.92,4.92,https://www.walmart.com/ip/Alta-Dena-1-Milk-with-Vitamin-A-and-D-Low-Fat-Milk-Gallon-1-Jug/185944692?classType=REGULAR
Walmart,19570859738,"Prairie Farms 1% Percent Milk, Shelf Stable Low Fat Milk, Boxed & Ultra Pasteurized (UHT), Vitamin D - Preservative and Hormone Free, Kosher, Made in USA - 8 FL oz. (27 Pack)",Prairie Farms,False,False,True,,8 fl oz,8,1%,Unflavored,False,False,False,False,False,False,False,False,False,0,0,,,,https://www.walmart.com/ip/Prairie-Farms-1-Percent-Milk-Shelf-Stable-Low-Fat-Milk-Boxed-Ultra-Pasteurized-UHT-Vitamin-D-Preservative-Hormone-Free-Kosher-Made-USA-8-FL-oz-27-Pac/19570859738?classType=REGULAR
Walmart,435593087,"Nesquik Chocolate Milk, Ready to Drink, Low-fat Milk, 12 Bulk Pack, 8 fl oz Bottles",Nesquik,True,True,False,,8 fl oz,8,1%,Chocolate,False,False,False,False,False,False,False,False,False,224,227,12.34,12.34,12.34,https://www.walmart.com/ip/Nesquik-Chocolate-Milk-Ready-to-Drink-Low-fat-Milk-12-Bulk-Pack-8-fl-oz-Bottles/435593087?classType=VARIANT
Walmart,14437607470,"DairySky Nonfat Plain Dry Milk Powder, 26 oz (1.6 lb), Leche En Polvo Descremada, Grade a Skim Milk, Resealable Pouch, 1 pack",Unknown,False,False,False,powder_formula,26 fl oz,26,Skim/Fat-Free,Unflavored,False,False,False,False,False,False,False,False,False,0,0,,,,https://www.walmart.com/ip/Dairysky-Fatfree-Milk-26-Oz/14437607470?classType=VARIANT
Walmart,35506192,"Horizon Organic Shelf Stable 1% Lowfat Chocolate Milk Boxes, 8 fl oz, 12 Count",Horizon Organic,False,False,True,,8 fl oz,8,1%,Chocolate,True,False,False,False,False,False,False,False,False,0,0,,,,https://www.walmart.com/ip/Horizon-Organic-Shelf-Stable-1-Low-Fat-Milk-Boxes-Chocolate-8-fl-oz-12-Pack/35506192?classType=VARIANT
Walmart,35506194,"Horizon Organic Shelf Stable 1% Lowfat Milk Boxes, 8 fl oz, 6 Count",Horizon Organic,False,False,True,,8 fl oz,8,1%,Unflavored,True,False,False,False,False,False,False,False,False,0,0,,,,https://www.walmart.com/ip/Horizon-Organic-1-Lowfat-Shelf-Stable-Milk-8-Oz-6-Count/35506194?classType=VARIANT
Walmart,43393022,"Cass-Clay 2% Reduced-Fat Milk, 1 Quart",Cass-Clay,True,True,False,,32 fl oz,32,2%,Unflavored,False,False,False,False,False,False,False,False,False,5,5,2.44,2.44,2.44,https://www.walmart.com/ip/Cass-Clay-2-Reduced-Fat-Milk-1-Quart/43393022?classType=REGULAR
Walmart,13281288,"Shamrock Farms Whole Milk, 64oz Plastic Jug",Shamrock Farms,True,True,False,,Half Gallon,64,Whole,Unflavored,False,False,False,False,False,False,False,False,False,76,88,2.56,2.56,2.56,https://www.walmart.com/ip/Shamrock-Farms-Whole-Milk-64oz-Plastic-Jug/13281288?classType=REGULAR
Walmart,13281290,"Shamrock Farms Vitamin D,  Whole Milk, 1 Gallon Jug",Shamrock Farms,True,True,False,,Gallon,128,Whole,Unflavored,False,False,False,False,False,False,False,False,False,85,100,4.17,4.17,4.17,https://www.walmart.com/ip/Shamrock-Farms-Vitamin-D-Whole-Milk-1-Gallon-Jug/13281290?classType=REGULAR
Walmart,21109303,"Oak Farms 2% Reduced Fat Milk, Gallon",Oak Farms,True,True,False,,Gallon,128,2%,Unflavored,False,False,False,False,False,False,False,False,False,185,213,4.98,4.98,4.98,https://www.walmart.com/ip/Oak-Farms-2-Reduced-Fat-Milk-with-Vitamin-A-and-D-Milk-Gallon-1-Jug/21109303?classType=REGULAR
Walmart,17177153,"Oak Farms Whole Milk, Gallon",Oak Farms,True,True,False,,Gallon,128,Whole,Unflavored,False,False,False,False,False,False,False,False,False,187,216,4.98,4.98,4.98,https://www.walmart.com/ip/Oak-Farms-Dairy-Whole-Milk-with-Vitamin-D-Gallon-1-Jug/17177153?classType=REGULAR
Walmart,21109300,"Oak Farms Whole Milk, Half Gallon",Oak Farms,True,True,False,,Half Gallon,64,Whole,Unflavored,False,False,False,False,False,False,False,False,False,181,213,3.22,3.22,3.22,https://www.walmart.com/ip/Oak-Farms-Whole-Milk-with-Vitamin-D-64-fl-oz/21109300?classType=REGULAR
Walmart,17177155,"Oak Farms 2% Reduced Fat Milk, Half Gallon",Oak Farms,True,True,False,,Half Gallon,64,2%,Unflavored,False,False,False,False,False,False,False,False,False,176,206,3.22,3.22,3.22,https://www.walmart.com/ip/Oak-Farms-2-Reduced-Fat-Milk-64-fl-oz/17177155?classType=REGULAR
Walmart,21109301,"Oak Farms Whole Milk, Half Gallon",Oak Farms,True,True,False,,Half Gallon,64,Whole,Unflavored,False,False,False,False,False,False,False,False,False,144,160,2.54,2.54,2.54,https://www.walmart.com/ip/Oak-Farms-Whole-Milk-with-Vitamin-D-32-fl-oz/21109301?classType=REGULAR
Walmart,1106389731,"(4 pack) Parmalat Whole Milk, 32 fl oz (Shelf-Stable)",Parmalat,False,False,True,,32 fl oz,32,Whole,Unflavored,False,False,False,False,False,False,False,False,False,0,0,,,,https://www.walmart.com/ip/4-pack-Parmalat-Shelf-Stable-UHT-Whole-Milk-1-Qt/1106389731?classType=VARIANT
Walmart,17444569983,"Alta Dena Extra Protein Lactose Free Whole Milk, Half Gallon",Alta Dena,True,True,False,,Half Gallon,64,Whole,Unflavored,False,True,False,False,False,False,False,True,False,62,70,4.18,4.18,4.18,https://www.walmart.com/ip/Alta-Dena-Milk-Whole-Protein-Lactose-Free-Half-Gallon-Plastic-Jug/17444569983?classType=REGULAR
Walmart,17464767984,"Alta Dena Extra Protein Lactose Free 2% Reduced Fat Milk, Half Gallon",Alta Dena,True,True,False,,Half Gallon,64,2%,Unflavored,False,True,False,False,False,False,False,True,False,62,71,4.18,4.18,4.18,https://www.walmart.com/ip/Alta-Dena-Milk-2-Protein-Lactose-Free-Half-Gallon-Plastic-Jug/17464767984?classType=REGULAR
Walmart,9843218038,"DairyPure Milk50 Chocolate Lactose Free Skim Milk, 48 Fl Oz",Unknown,True,True,False,,48 fl oz,48,Skim/Fat-Free,Chocolate,False,True,False,False,False,False,False,False,False,97,103,3.77,3.77,3.77,https://www.walmart.com/ip/DairyPure-Milk50-Fat-Free-Chocolate-Lactose-Free-Ultra-Pasteurized-48-Fluid-Ounce-Plastic-Bottle/9843218038?classType=REGULAR
Walmart,153910084,"Alta Dena Vitamin D Whole Milk, Gallon",Alta Dena,True,True,False,,Gallon,128,Whole,Unflavored,False,False,False,False,False,False,False,False,False,69,78,5.18,5.18,5.18,https://www.walmart.com/ip/Alta-Dena-Vitamin-D-Milk-Whole-Milk-Gallon-1-Jug/153910084?classType=REGULAR
Walmart,146734436,"Alta Dena Vitamin D Whole Milk, Half Gallon",Alta Dena,True,True,False,,Half Gallon,64,Whole,Unflavored,False,False,False,False,False,False,False,False,False,66,74,3.32,3.32,3.32,https://www.walmart.com/ip/Alta-Dena-Vitamin-D-Milk-Whole-Milk-Half-Gallon-1-Jug/146734436?classType=REGULAR
Walmart,146971869,Alta Dena Whole Milk with Vitamin D - 32 fl oz,Alta Dena,True,True,False,,32 fl oz,32,Whole,Unflavored,False,False,False,False,False,False,False,False,False,67,76,1.98,1.98,1.98,https://www.walmart.com/ip/Alta-Dena-Whole-Milk-with-Vitamin-D-32-fl-oz/146971869?classType=REGULAR
Walmart,411597728,"Alta Dena Vitamin D Whole Lactose Free Milk, Gallon",Alta Dena,True,True,False,,Gallon,128,Whole,Unflavored,False,True,False,False,False,False,False,False,False,13,13,5.44,5.44,5.44,https://www.walmart.com/ip/Alta-Dena-Lactose-Free-Whole-Milk-128-fl-oz/411597728?classType=REGULAR
Walmart,106754134,Alta Dena Fat Free Skim Milk - 32 fl oz,Alta Dena,True,True,False,,32 fl oz,32,Skim/Fat-Free,Unflavored,False,False,False,False,False,False,False,False,False,18,18,1.96,1.96,1.96,https://www.walmart.com/ip/Alta-Dena-Fat-Free-Skim-Milk-32-fl-oz/106754134?classType=REGULAR
Walmart,177679685,"Alta Dena 2% Reduced Fat Milk, Gallon",Alta Dena,True,True,False,,Gallon,128,2%,Unflavored,False,False,False,False,False,False,False,False,False,58,65,5.18,5.18,5.18,https://www.walmart.com/ip/Alta-Dena-2-Milk-with-Vitamin-A-and-Vitamin-D-Reduced-Fat-Milk-Gallon-1-Jug/177679685?classType=REGULAR
Walmart,119234029,"Alta Dena 1% Lowfat Milk, Gallon",Alta Dena,True,True,False,,Gallon,128,1%,Unflavored,False,False,False,False,False,False,False,False,False,40,44,5.18,5.18,5.18,https://www.walmart.com/ip/Alta-Dena-1-Milk-with-Vitamin-A-and-D-Low-Fat-Milk-Gallon-1-Jug/119234029?classType=REGULAR
Walmart,150795528,"United Dairy 2% Reduced Fat Milk, Half Gallon",United Dairy,True,True,False,,Half Gallon,64,2%,Unflavored,False,False,False,False,False,False,False,False,False,122,125,2.17,2.17,2.17,https://www.walmart.com/ip/United-Dairy-2-Reduced-Fat-Milk-Half-Gallon/150795528?classType=REGULAR
Walmart,183396893,United Dairy Vitamin D Whole Milk Quart,United Dairy,True,True,False,,32 fl oz,32,Whole,Unflavored,False,False,False,False,False,False,False,False,False,87,91,1.74,1.74,1.74,https://www.walmart.com/ip/United-Dairy-Vitamin-D-Whole-Milk-1-Quart/183396893?classType=REGULAR
Walmart,110915431,United Dairy Fat Free Skim Milk Half Gallon,United Dairy,True,True,False,,Half Gallon,64,Skim/Fat-Free,Unflavored,False,False,False,False,False,False,False,False,False,64,65,1.84,1.84,1.84,https://www.walmart.com/ip/United-Dairy-Fat-Free-Skim-Milk-Half-Gallon/110915431?classType=REGULAR
Walmart,152224455,United Dairy 1% Low Fat Milk Half Gallon,United Dairy,True,True,False,,Half Gallon,64,1%,Unflavored,False,False,False,False,False,False,False,False,False,22,22,2,2,2,https://www.walmart.com/ip/United-Dairy-1-Low-Fat-Milk-Half-Gallon/152224455?classType=REGULAR
Walmart,102343851,Tuscan Dairy Farms Whole Milk with Vitamin D - 32 fl oz,Tuscan Dairy Farms,True,True,False,,32 fl oz,32,Whole,Unflavored,False,False,False,False,False,False,False,False,False,31,32,1.58,1.58,1.58,https://www.walmart.com/ip/Tuscan-Dairy-Farms-Whole-Milk-with-Vitamin-D-32-fl-oz/102343851?classType=REGULAR
Walmart,16413917463,Tuscan Dairy Farms Lactose Free Whole Milk 96 Fl Oz Carafe,Tuscan Dairy Farms,True,True,False,,96 fl oz,96,Whole,Unflavored,False,True,False,False,False,False,False,False,False,16,16,3.98,3.98,3.98,https://www.walmart.com/ip/Tuscan-Dairy-Farms-Lactose-Free-Whole-Milk-96oz-Plastic-Jug/16413917463?classType=REGULAR
Walmart,17177152,"Oak Farms Whole Milk, Gallon",Oak Farms,True,True,False,,Gallon,128,Whole,Unflavored,False,False,False,False,False,False,False,False,False,189,219,1.22,1.22,1.22,https://www.walmart.com/ip/Oak-Farms-Whole-Milk-with-Vitamin-D-16-fl-oz/17177152?classType=REGULAR
Walmart,112744537,"Price's Whole Milk with Vitamin D, Gallon - 1 Jug",Unknown,True,True,False,,Gallon,128,Whole,Unflavored,False,False,False,False,False,False,False,False,False,18,22,4.98,4.98,4.98,https://www.walmart.com/ip/Price-s-Whole-Milk-with-Vitamin-D-Gallon-1-Jug/112744537?classType=REGULAR
Walmart,21119187,"Oak Farms 2% Reduced Fat Milk, Pint",Oak Farms,True,True,False,,16 fl oz,16,2%,Unflavored,False,False,False,False,False,False,False,False,False,174,196,1.22,1.22,1.22,https://www.walmart.com/ip/Oak-Farms-2-Reduced-Fat-Milk-16-fl-oz/21119187?classType=REGULAR
Walmart,162089477,Price's Whole Milk with Vitamin D - 64 fl oz,Unknown,True,True,False,,Half Gallon,64,Whole,Unflavored,False,False,False,False,False,False,False,False,False,19,25,3.24,3.24,3.24,https://www.walmart.com/ip/Price-s-Whole-Milk-with-Vitamin-D-64-fl-oz/162089477?classType=REGULAR
Walmart,148264562,Price's Whole Milk with Vitamin D - 16 fl oz,Unknown,True,True,False,,16 fl oz,16,Whole,Unflavored,False,False,False,False,False,False,False,False,False,9,13,1.24,1.24,1.24,https://www.walmart.com/ip/Price-s-Whole-Milk-with-Vitamin-D-16-fl-oz/148264562?classType=REGULAR
Walmart,17910805376,SARAH FRESH WHOLE A2/A2 MILK IN PINT BOTTLE,a2 Milk,True,True,False,,16 fl oz,16,Whole,Unflavored,False,False,False,True,False,False,False,False,False,22,29,1.12,1.12,1.12,https://www.walmart.com/ip/SARAH-FRESH-WHOLE-A2-A2-MILK-IN-PINT-BOTTLE/17910805376?classType=REGULAR
Walmart,166524057,"Rutter's Whole Vitamin D Milk, Half Gallon, 64 fl oz, Grade A, Kosher, Gluten-Free",Unknown,True,True,False,,Half Gallon,64,Whole,Unflavored,False,False,False,False,False,False,False,False,False,7,7,3.18,3.18,3.18,https://www.walmart.com/ip/Rutter-s-Whole-White-Milk-Half-Gallon-Plastic-Jug/166524057?classType=REGULAR
Walmart,190761770,Rutter's Whole Vitamin D Milk Gallon 128 fl oz,Unknown,True,True,False,,Gallon,128,Whole,Unflavored,False,False,False,False,False,False,False,False,False,7,7,6,6,6,https://www.walmart.com/ip/Rutter-s-Vitamin-D-Whole-Milk-1-Gallon-Plastic-Jug/190761770?classType=REGULAR
Walmart,139625929,Rutter's 2% Reduced Fat Milk With Vitamin D - 64 fl oz,Unknown,True,True,False,,Half Gallon,64,2%,Unflavored,False,False,False,False,False,False,False,False,False,6,6,3,3,3,https://www.walmart.com/ip/Rutter-s-2-Reduced-Fat-Milk-Half-Gallon-Plastic-Jug/139625929?classType=REGULAR
Walmart,122198938,"Rutter's 2% Reduced Fat Milk, Gallon Plastic Jug, Unflavored",Unknown,True,True,False,,Gallon,128,2%,Unflavored,False,False,False,False,False,False,False,False,False,6,6,5.76,5.76,5.76,https://www.walmart.com/ip/Rutter-s-2-Reduced-Fat-Milk-Gallon-Plastic-Jug-Unflavored/122198938?classType=REGULAR
Walmart,187445238,Rutter's Vitamin D Whole Milk with Natural Flavor In 1 Quart Plastic Bottle,Unknown,True,True,False,,32 fl oz,32,Whole,Unflavored,False,False,False,False,False,False,False,False,False,7,7,2.36,2.36,2.36,https://www.walmart.com/ip/Rutter-s-Vitamin-D-Whole-Milk-1-Quart-Plastic-Bottle/187445238?classType=REGULAR
Walmart,12442915,Meadow Gold Whole Milk with Vitamin D - 16 fl oz,Meadow Gold,True,True,False,,16 fl oz,16,Whole,Unflavored,False,False,False,False,False,False,False,False,False,117,129,1.22,1.22,1.22,https://www.walmart.com/ip/Meadow-Gold-Whole-Milk-with-Vitamin-D-16-fl-oz/12442915?classType=REGULAR
Walmart,12442909,"Meadow Gold Low Fat 1% Milk with Vitamin A and D, Gallon",Meadow Gold,True,True,False,,Gallon,128,1%,Unflavored,False,False,False,False,False,False,False,False,False,133,140,3.83,3.83,3.83,https://www.walmart.com/ip/Meadow-Gold-Low-Fat-1-Milk-with-Vitamin-A-and-D-Gallon/12442909?classType=REGULAR
Walmart,128771699,"Anderson Erickson 2% Reduced Fat Milk, Gallon, 128 fl oz",Unknown,True,True,False,,Gallon,128,2%,Unflavored,False,False,False,False,False,False,False,False,False,40,41,4.93,4.93,4.93,https://www.walmart.com/ip/Anderson-Erickson-2-Reduced-Fat-Milk-Gallon-128-fl-oz/128771699?classType=REGULAR
Walmart,101911145,"Anderson Erickson 2% Reduced Fat Milk, Half Gallon",Unknown,True,True,False,,Half Gallon,64,2%,Unflavored,False,False,False,False,False,False,False,False,False,31,32,2.74,2.74,2.74,https://www.walmart.com/ip/Anderson-Erickson-2-Reduced-Fat-Milk-Half-Gallon/101911145?classType=REGULAR
Walmart,126685620,"Anderson Erickson Whole Milk, Half Gallon",Unknown,True,True,False,,Half Gallon,64,Whole,Unflavored,False,False,False,False,False,False,False,False,False,31,32,2.78,2.78,2.78,https://www.walmart.com/ip/Anderson-Erickson-Whole-Milk-Half-Gallon/126685620?classType=REGULAR
Walmart,108448361,"Anderson Erickson Whole Milk, 1 Gallon",Unknown,True,True,False,,Gallon,128,Whole,Unflavored,False,False,False,False,False,False,False,False,False,32,33,5,5,5,https://www.walmart.com/ip/Anderson-Erickson-Whole-Milk-1-Gallon/108448361?classType=REGULAR
Walmart,121061268,"Anderson Erickson 1% Low-Fat Milk, 1 Gallon",Unknown,True,True,False,,Gallon,128,1%,Unflavored,False,False,False,False,False,False,False,False,False,28,29,4.72,4.72,4.72,https://www.walmart.com/ip/Anderson-Erickson-1-Low-Fat-Milk-1-Gallon/121061268?classType=REGULAR
Walmart,111931911,"Anderson Erickson Fat Free Milk, Half Gallon",Unknown,True,True,False,,Half Gallon,64,Skim/Fat-Free,Unflavored,False,False,False,False,False,False,False,False,False,6,6,2.54,2.54,2.54,https://www.walmart.com/ip/Anderson-Erickson-Fat-Free-Milk-Half-Gallon/111931911?classType=REGULAR
Walmart,155931412,"Anderson Erickson Fat Free Milk, 1 Gallon",Unknown,True,True,False,,Gallon,128,Skim/Fat-Free,Unflavored,False,False,False,False,False,False,False,False,False,2,2,4.57,4.57,4.57,https://www.walmart.com/ip/Anderson-Erickson-Fat-Free-Milk-1-Gallon/155931412?classType=REGULAR
Walmart,180812083,"Anderson Erickson 1 % Low-Fat Milk, Half Gallon",Unknown,True,True,False,,Half Gallon,64,1%,Unflavored,False,False,False,False,False,False,False,False,False,2,2,2.62,2.62,2.62,https://www.walmart.com/ip/Anderson-Erickson-1-Low-Fat-Milk-Half-Gallon/180812083?classType=REGULAR
Walmart,193378699,"Hiland Premium Chocolate Milk, Pint, 16 fl oz",Hiland,True,False,False,,16 fl oz,16,Unspecified,Chocolate,False,False,False,False,False,False,False,False,False,77,78,1.42,1.42,1.42,https://www.walmart.com/ip/Hiland-Chocolate-Milk-1-Pint/193378699?classType=REGULAR
Walmart,44391222,"Producers Whole Milk, Gallon",Unknown,True,True,False,,Gallon,128,Whole,Unflavored,False,False,False,False,False,False,False,False,False,39,43,5.96,5.96,5.96,https://www.walmart.com/ip/Producers-Whole-Milk-Gallon/44391222?classType=REGULAR
Walmart,44391441,"Producers Whole Milk, Quart",Unknown,True,True,False,,32 fl oz,32,Whole,Unflavored,False,False,False,False,False,False,False,False,False,33,37,1.87,1.87,1.87,https://www.walmart.com/ip/Producers-Whole-Milk-Quart/44391441?classType=REGULAR
Walmart,44391292,"Producers 2% Reduced Fat Milk, Half Gallon",Unknown,True,True,False,,Half Gallon,64,2%,Unflavored,False,False,False,False,False,False,False,False,False,16,17,3.24,3.24,3.24,https://www.walmart.com/ip/Producers-2-Reduced-Fat-Milk-Half-Gallon/44391292?classType=REGULAR
Walmart,21686046,"Mayfield Vitamin D Milk, Whole Milk Gallon - 1 Jug",Mayfield,True,True,False,,Gallon,128,Whole,Unflavored,False,False,False,False,False,False,False,False,False,70,78,4.88,4.88,4.88,https://www.walmart.com/ip/Mayfield-Vitamin-D-Milk-Whole-Milk-Gallon-1-Jug/21686046?classType=REGULAR&athbdg=L1102
Walmart,21686047,"Mayfield 2% Milk with Vitamin A and Vitamin D, Reduced Fat Milk Gallon - 1 Jug",Mayfield,True,True,False,,Gallon,128,2%,Unflavored,False,False,False,False,False,False,False,False,False,72,80,4.88,4.88,4.88,https://www.walmart.com/ip/Mayfield-2-Milk-with-Vitamin-A-and-Vitamin-D-Reduced-Fat-Milk-Gallon-1-Jug/21686047?classType=REGULAR
Walmart,21977486,"Mayfield Vitamin D Milk, Whole Milk Half Gallon - 1 Jug",Mayfield,True,True,False,,Half Gallon,64,Whole,Unflavored,False,False,False,False,False,False,False,False,False,70,74,3.28,3.28,3.28,https://www.walmart.com/ip/Mayfield-Vitamin-D-Milk-Whole-Milk-Half-Gallon-1-Jug/21977486?classType=REGULAR
Walmart,112133076,"Mayfield Dairy Farms Whole Milk, Pint",Mayfield,True,True,False,,16 fl oz,16,Whole,Unflavored,False,False,False,False,False,False,False,False,False,15,17,1.38,1.38,1.38,https://www.walmart.com/ip/Mayfield-Whole-Milk-with-Vitamin-D-16-fl-oz/112133076?classType=REGULAR
Walmart,22210843,"Mayfield 1% Milk with Vitamin A and D, Low Fat Milk Gallon - 1 Jug",Mayfield,True,True,False,,Gallon,128,1%,Unflavored,False,False,False,False,False,False,False,False,False,2,2,4.88,4.88,4.88,https://www.walmart.com/ip/Mayfield-1-Milk-with-Vitamin-A-and-D-Low-Fat-Milk-Gallon-1-Jug/22210843?classType=REGULAR
Walmart,21977487,"Mayfield 2% Milk with Vitamin A and Vitamin D, Reduced Fat Milk Half Gallon - 1 Jug",Mayfield,True,True,False,,Half Gallon,64,2%,Unflavored,False,False,False,False,False,False,False,False,False,68,74,2.98,2.98,2.98,https://www.walmart.com/ip/Mayfield-2-Milk-with-Vitamin-A-and-Vitamin-D-Reduced-Fat-Milk-Half-Gallon-1-Jug/21977487?classType=REGULAR
Walmart,44391048,"Great Value Organic Fat-Free Milk, Gallon, 128 fl oz",Great Value,True,True,False,,Gallon,128,Skim/Fat-Free,Unflavored,True,False,False,False,False,False,False,False,True,8,8,7.87,7.87,7.87,https://www.walmart.com/ip/Great-Value-Organic-Fat-Free-Milk-Gallon-128-fl-oz/44391048?classType=REGULAR
Walmart,3113202337,"Prairie Farms Whole Milk Quart, 32 oz",Prairie Farms,True,True,False,,32 fl oz,32,Whole,Unflavored,False,False,False,False,False,False,False,False,False,17,17,2.87,2.87,2.87,https://www.walmart.com/ip/Prairie-Farms-Whole-Milk-Quart-32-oz/3113202337?classType=REGULAR
Walmart,20511503,"Darigold Whole Milk, 1 Gallon, 128 fl oz Jug",Darigold,True,True,False,,Gallon,128,Whole,Unflavored,False,False,False,False,False,False,False,False,False,79,81,5.28,5.28,5.28,https://www.walmart.com/ip/Darigold-Whole-Milk-1-Gallon-128-fl-oz-Jug/20511503?classType=REGULAR
Walmart,20511504,"Darigold 2% Reduced Fat Milk, 1 Gallon, 128 fl oz Jug",Darigold,True,True,False,,Gallon,128,2%,Unflavored,False,False,False,False,False,False,False,False,False,80,82,4.44,4.44,4.44,https://www.walmart.com/ip/Darigold-2-Reduced-Fat-Milk-1-Gallon-128-fl-oz-Jug/20511504?classType=REGULAR
Walmart,20512727,"Darigold 1% Low Fat Milk, 1 Gallon, 128 fl oz, Calcium & Vitamin D Rich",Darigold,True,True,False,,Gallon,128,1%,Unflavored,False,False,False,False,False,False,False,False,False,79,82,4.84,4.84,4.84,https://www.walmart.com/ip/Darigold-1-Low-Fat-Milk-1-Gallon-128-fl-oz/20512727?classType=REGULAR
Walmart,11964653,"Darigold 1% Low Fat Milk, Unflavored, Half Gallon, 64 fl oz",Darigold,True,True,False,,Half Gallon,64,1%,Unflavored,False,False,False,False,False,False,False,False,False,49,51,3.87,3.87,3.87,https://www.walmart.com/ip/Darigold-1-Low-Fat-Milk-Unflavored-Half-Gallon-64-fl-oz/11964653?classType=REGULAR
Walmart,20511507,"Darigold Whole Milk, Creamy Flavor, 64 fl oz Half Gallon Carton",Darigold,True,True,False,,Half Gallon,64,Whole,Unflavored,False,False,False,False,False,False,False,False,False,35,37,2.88,2.88,2.88,https://www.walmart.com/ip/Darigold-Whole-Milk-Half-Gallon-64-fl-oz-Carton/20511507?classType=REGULAR
Walmart,20512728,"Darigold 1% Low Fat Milk, Half Gallon, 64 fl oz",Darigold,True,True,False,,Half Gallon,64,1%,Unflavored,False,False,False,False,False,False,False,False,False,18,18,2.68,2.68,2.68,https://www.walmart.com/ip/Darigold-1-Low-Fat-Milk-Half-Gallon-64-fl-oz/20512728?classType=REGULAR
Walmart,11964650,"Darigold 2% Reduced Fat Milk, 1 Quart, 32 fl oz Carton",Darigold,True,True,False,,32 fl oz,32,2%,Unflavored,False,False,False,False,False,False,False,False,False,11,11,2.62,2.62,2.62,https://www.walmart.com/ip/Darigold-2-Reduced-Fat-Milk-1-Quart-32-fl-oz-Carton/11964650?classType=REGULAR
Walmart,20511508,"Darigold 2% Reduced Fat Milk, Half Gallon Jug, 64 fl oz",Darigold,True,True,False,,Half Gallon,64,2%,Unflavored,False,False,False,False,False,False,False,False,False,3,3,2.78,2.78,2.78,https://www.walmart.com/ip/Darigold-2-Reduced-Fat-Milk-Half-Gallon-Jug-64-fl-oz/20511508?classType=REGULAR
Walmart,15015456406,United Dairy 1% Gallon Milk,United Dairy,True,True,False,,Gallon,128,1%,Unflavored,False,False,False,False,False,False,False,False,False,10,10,5.38,5.38,5.38,https://www.walmart.com/ip/1-Milk-Gallon/15015456406?classType=REGULAR
Walmart,147556653,United Dairy Vitamin D Milk Pint,United Dairy,True,True,False,,16 fl oz,16,Whole,Unflavored,False,False,False,False,False,False,False,False,False,77,82,1.14,1.14,1.14,https://www.walmart.com/ip/United-Dairy-Whole-Milk-Pint-16oz/147556653?classType=REGULAR
Walmart,18661820355,"Suiza UHT Whole Milk Grade A, 28 oz",Unknown,False,False,True,,28 fl oz,28,Whole,Unflavored,False,False,False,False,False,False,False,False,False,0,0,,,,https://www.walmart.com/ip/Suiza-UHT-whole-milk-grade-A-28-oz/18661820355?classType=REGULAR
Walmart,110113883,"Tres Monjitas Regular Fresh Cow Whole Milk 64oz, rBST Free Half Gallon Refrigerated",Unknown,True,True,False,,Half Gallon,64,Whole,Unflavored,False,False,False,False,False,False,False,False,False,18,18,3.98,3.98,3.98,https://www.walmart.com/ip/Tres-Monjitas-Fresh-Whole-Milk-Half-Gallon-64oz-Regular-rBST-Free/110113883?classType=REGULAR
Walmart,100853676,"Indulac Reduced Fat Milk 2%, UHT, 32 oz",Unknown,False,False,True,,32 fl oz,32,2%,Unflavored,False,False,False,False,False,False,False,False,False,0,0,,,,https://www.walmart.com/ip/Indulac-Reduced-Fat-Milk-2-UHT-32-oz/100853676?classType=REGULAR
Walmart,387786767,"Parmalat Lactose Free 2% Reduced Fat Shelf-Stable Milk, 32 Fl Oz",Parmalat,False,False,True,,32 fl oz,32,2%,Unflavored,False,True,False,False,False,False,False,False,False,0,0,,,,https://www.walmart.com/ip/Parmalat-Lactose-Free-2-Reduced-Fat-Milk-32-fl-oz/387786767?classType=REGULAR
Walmart,738822116,"Tres Monjitas Uht Whole Milk, 32oz, Ultrapasteurized, R-BST Free, Carton",Unknown,False,False,True,,32 fl oz,32,Whole,Unflavored,False,False,False,False,False,False,False,False,False,0,0,,,,https://www.walmart.com/ip/Tres-Monjitas-Uht-Whole-Milk-32oz-Ultrapasteurized-R-BST-Free-Carton/738822116?classType=REGULAR
Walmart,187129270,"Indulac Vitamin A & D Regular Milk, 32 oz Carton",Unknown,True,False,False,,32 fl oz,32,Unspecified,Unflavored,False,False,False,False,False,False,False,False,False,12,12,2.18,2.18,2.18,https://www.walmart.com/ip/Indulac-Vitamin-A-D-Regular-Milk-32-oz-Carton/187129270?classType=REGULAR
Walmart,349286214,"Parmalat 2% Reduced Fat Milk, 32 fl oz",Parmalat,True,True,False,,32 fl oz,32,2%,Unflavored,False,False,False,False,False,False,False,False,False,18,18,2.18,2.18,2.18,https://www.walmart.com/ip/Parmalat-2-Reduced-Fat-Milk-32-fl-oz/349286214?classType=REGULAR
Walmart,18641001060,"Suiza 2% Milk Grade A Vitamin A & D Enriched, 28 oz",Unknown,True,True,False,,28 fl oz,28,2%,Unflavored,False,False,False,False,False,False,False,False,False,18,18,1.95,1.95,1.95,https://www.walmart.com/ip/Suiza-UHT-2-grade-A-28-oz/18641001060?classType=REGULAR
Walmart,178996006,"Parmalat Whole Milk, 32 fl oz",Parmalat,True,True,False,,32 fl oz,32,Whole,Unflavored,False,False,False,False,False,False,False,False,False,15,15,2.18,2.18,2.18,https://www.walmart.com/ip/Parmalat-Whole-Milk-32-fl-oz/178996006?classType=REGULAR
Walmart,51415519,"Nestle Klim Fortificada Dry Whole Milk Powder with Vitamins A, C, D, Iron & Zinc, 12.7 oz Canister",Unknown,False,False,False,powder_formula,12.7 fl oz,12.7,Whole,Unflavored,False,False,False,False,False,False,False,False,False,0,0,,,,https://www.walmart.com/ip/Nestle-Klim-Fortificada-Dry-Whole-Milk-Powder-12-7-oz-1-Can/51415519?classType=REGULAR
Walmart,141609264,"Tres Monjitas Regular Fresh Cow Milk-Leche Fresca 120 oz, rBST Free Gallon Refrigerated",Unknown,True,False,False,,Gallon,128,Unspecified,Unflavored,False,False,False,False,False,False,False,False,False,18,18,7.34,7.34,7.34,https://www.walmart.com/ip/Tres-Monjitas-Fresh-Milk-Leche-Fresca-120-oz-Gallon-Regular-rBST-Free/141609264?classType=REGULAR
Walmart,112524784,"Borden UHT Reduced Fat Milk,  2% Milkfat , 32 oz. Bottle, Shelf Stable",Borden,False,False,True,,32 fl oz,32,2%,Unflavored,False,False,False,False,False,False,False,False,False,0,0,,,,https://www.walmart.com/ip/Borden-UHT-Reduced-Fat-Milk-2-Milkfat-32-oz-Bottle-Shelf-Stable/112524784?classType=REGULAR
Walmart,15387708309,"Hoosier Hill Farm High Protein Goat Milk Powder, 1 lb Jar",Unknown,False,False,False,"goat_other,insufficient_product_signal,powder_formula",Unknown,,Unspecified,Unflavored,False,False,False,False,False,False,False,True,False,0,0,,,,https://www.walmart.com/ip/Hoosier-Hill-Farm-High-Protein-Goat-Milk-Powder-1-lb-16g-of-Protein-per-Serving/15387708309?classType=REGULAR
Walmart,911697164,"Oatly Original Oatmilk, Dairy-Free Milk, 64 fl oz Refrigerated Carton",Unknown,False,False,False,plant_based,Half Gallon,64,Unspecified,Unflavored,False,False,False,False,False,False,False,False,False,0,0,,,,https://www.walmart.com/ip/Oatly-The-Original-Oat-Milk-Half-Gallon-64-fl-oz/911697164?classType=REGULAR
Walmart,984378947,"Tres Monjitas Reduced Fat 2% Cow Milk 32oz, Utra-Pasteurized Carton Shelf-Stable",Unknown,False,False,True,,32 fl oz,32,2%,Unflavored,False,False,False,False,False,False,False,False,False,0,0,,,,https://www.walmart.com/ip/Tres-Monjitas-Reduced-Fat-Milk-Utra-Pasteurized-Shelf-Stable-2-32oz-Carton/984378947?classType=REGULAR
Walmart,152234561,"Tres Monjitas Uht Milk, Lactose Free 2% 32 oz, Carton, R-BST Free",Unknown,False,False,True,,32 fl oz,32,2%,Unflavored,False,True,False,False,False,False,False,False,False,0,0,,,,https://www.walmart.com/ip/Tres-Monjitas-Uht-Milk-Lactose-Free-2-32-oz-Carton-R-BST-Free/152234561?classType=REGULAR
Walmart,1433241904,"Borden UHT Whole Milk 8 oz. 4 Pack Bottles, Shelf Stable",Borden,False,False,True,,8 fl oz,8,Whole,Unflavored,False,False,False,False,False,False,False,False,False,0,0,,,,https://www.walmart.com/ip/Borden-UHT-Whole-Milk-8-oz-4-Pack-Bottles-Shelf-Stable/1433241904?classType=REGULAR
Walmart,142292829,"Borden Skim Fat-Free Milk UHT, 32 oz. Bottle, Shelf Stable",Borden,False,False,True,,32 fl oz,32,Skim/Fat-Free,Unflavored,False,False,False,False,False,False,False,False,False,0,0,,,,https://www.walmart.com/ip/Borden-Skim-Fat-Free-Milk-UHT-32-oz-Bottle-Shelf-Stable/142292829?classType=REGULAR
Walmart,950194682,"Parmalat 1% Reduced Fat Milk, 32 fl oz",Parmalat,True,True,False,,32 fl oz,32,1%,Unflavored,False,False,False,False,False,False,False,False,False,17,17,2.18,2.18,2.18,https://www.walmart.com/ip/Parmalat-1-Reduced-Fat-Milk-32-fl-oz/950194682?classType=REGULAR
Walmart,188869142,"Indulac Lactose Free, Fat Free Milk UHT, 32oz",Unknown,False,False,True,,32 fl oz,32,Skim/Fat-Free,Unflavored,False,True,False,False,False,False,False,False,False,0,0,,,,https://www.walmart.com/ip/Indulac-Lactose-Free-Fat-Free-Milk-UHT-32oz/188869142?classType=REGULAR
Walmart,139634635,"Borden UHT Reduced Fat Milk, 1% Milkfat, 32 oz. Bottle, Shelf Stable, Grade A",Borden,False,False,True,,32 fl oz,32,1%,Unflavored,False,False,False,False,False,False,False,False,False,0,0,,,,https://www.walmart.com/ip/Borden-UHT-Reduced-Fat-Milk-1-Milkfat-32-oz-Bottle-Shelf-Stable-Grade-A/139634635?classType=REGULAR
Walmart,255354313,"Indulac Reduced Fat Milk, 2% Milk Fat, 8 fl oz, Shelf Stable, Cardboard Box",Unknown,False,False,True,,8 fl oz,8,2%,Unflavored,False,False,False,False,False,False,False,False,False,0,0,,,,https://www.walmart.com/ip/Indulac-Reduced-Fat-Milk-2-Milk-Fat-8-fl-oz-Shelf-Stable-Cardboard-Box/255354313?classType=REGULAR
Walmart,101797219,Great Value UHT Whole Milk 32 oz,Great Value,False,False,True,,32 fl oz,32,Whole,Unflavored,False,False,False,False,False,False,False,False,True,0,0,,,,https://www.walmart.com/ip/Great-Value-UHT-Whole-Milk-32-oz/101797219?classType=REGULAR
Walmart,20143254303,Dutch Farms Lactose Whole Milk,Unknown,True,False,False,,Unknown,,Whole,Unflavored,False,False,False,False,False,False,False,False,False,14,14,5.97,5.97,5.97,https://www.walmart.com/ip/Dutch-Farms-Lactose-Whole-Milk/20143254303?classType=REGULAR&athbdg=L1300
Walmart,167206209,Denia Instant Non Fat Milk Powder Pasteurized And Homogenized 1.75 lbs,Unknown,False,False,False,"insufficient_product_signal,powder_formula",Unknown,,Unspecified,Unflavored,False,False,False,False,False,False,False,False,False,0,0,,,,https://www.walmart.com/ip/Denia-Instant-Non-Fat-Powder-Milk-Powder-Pasteurized-and-Homogenized-1-75-Lbs/167206209?classType=REGULAR
Walmart,179009820,Great Value UHT Unflavored Milk 2%,Great Value,False,False,True,,Unknown,,2%,Unflavored,False,False,False,False,False,False,False,False,True,0,0,,,,https://www.walmart.com/ip/Great-Value-Uht-Milk-2/179009820?classType=REGULAR
Walmart,590759609,"Parmalat Fat Free Milk, 32 fl oz",Parmalat,True,True,False,,32 fl oz,32,Skim/Fat-Free,Unflavored,False,False,False,False,False,False,False,False,False,13,13,2.18,2.18,2.18,https://www.walmart.com/ip/Parmalat-Fat-Free-Milk-32-fl-oz/590759609?classType=REGULAR
Walmart,864568892,"Indulac Whole Milk UHT, 8oz",Unknown,False,False,True,,8 fl oz,8,Whole,Unflavored,False,False,False,False,False,False,False,False,False,0,0,,,,https://www.walmart.com/ip/Indulac-Whole-Milk-UHT-8oz/864568892?classType=REGULAR
Walmart,15559510047,"DairySky Nonfat Dry Milk Powder, Original Flavor, Grade a Skim Milk, Resealable Pouch, 64 oz (1 pack) | Leche En Polvo Descremada",Unknown,False,False,False,powder_formula,Half Gallon,64,Skim/Fat-Free,Unflavored,False,False,False,False,False,False,False,False,False,0,0,,,,https://www.walmart.com/ip/Dairysky-Fatfree-Milk-64-Oz/15559510047?classType=VARIANT
Walmart,128792044,Great Value 1 %,Great Value,False,False,False,not_milk,Unknown,,1%,Unflavored,False,False,False,False,False,False,False,False,True,0,0,,,,https://www.walmart.com/ip/Great-Value-1/128792044?classType=REGULAR
Walmart,362319298,"Indulac Milk UHT 1%, 8oz Plastic Can",Unknown,False,False,True,,8 fl oz,8,1%,Unflavored,False,False,False,False,False,False,False,False,False,0,0,,,,https://www.walmart.com/ip/Indulac-Milk-UHT-1-8oz-Plastic-Can/362319298?classType=REGULAR
Walmart,314104318,"Parmalat Zymil Lactose Free Whole Milk, 32 fl oz",Parmalat,True,True,False,,32 fl oz,32,Whole,Unflavored,False,True,False,False,False,False,False,False,False,8,8,2.68,2.68,2.68,https://www.walmart.com/ip/Parmalat-Zymil-Lactose-Free-Whole-Milk-32-fl-oz/314104318?classType=REGULAR
Walmart,110528834,"Indulac Fat Free Milk, Grade A, 32 oz, Cardboard Box, Shelf Stable",Unknown,False,False,True,,32 fl oz,32,Skim/Fat-Free,Unflavored,False,False,False,False,False,False,False,False,False,0,0,,,,https://www.walmart.com/ip/Indulac-Fat-Free-Milk-Grade-A-32-oz-Cardboard-Box-Shelf-Stable/110528834?classType=REGULAR
Walmart,439342187,"Parmalat Fat Free Lactose Free UHT Milk, 32 fl oz, Shelf Stable",Parmalat,False,False,True,,32 fl oz,32,Skim/Fat-Free,Unflavored,False,True,False,False,False,False,False,False,False,0,0,,,,https://www.walmart.com/ip/Parmalat-Fat-Free-Lactose-Free-UHT-Milk-32-fl-oz/439342187?classType=VARIANT
Walmart,44391205,Meadow Gold Fat Free Skim Milk - 64 fl oz,Meadow Gold,True,True,False,,Half Gallon,64,Skim/Fat-Free,Unflavored,False,False,False,False,False,False,False,False,False,15,15,2.42,2.42,2.42,https://www.walmart.com/ip/Meadow-Gold-Fat-Free-Skim-Milk-64-fl-oz/44391205?classType=REGULAR
Walmart,132989714,United Dairy Whole Chocolate Milk Half Gallon,United Dairy,True,True,False,,Half Gallon,64,Whole,Chocolate,False,False,False,False,False,False,False,False,False,7,7,2.58,2.58,2.58,https://www.walmart.com/ip/United-Dairy-Whole-Chocolate-Milk-Half-Gallon/132989714?classType=REGULAR
Walmart,10415475,"Great Value Instant Nonfat Dry Milk, 64 oz Bag, Makes 20 Quarts",Great Value,False,False,False,powder_formula,Half Gallon,64,Skim/Fat-Free,Unflavored,False,False,False,False,False,False,False,False,True,0,0,,,,https://www.walmart.com/ip/Great-Value-Instant-Nonfat-Dry-Milk-64-oz-Bag-Makes-20-Quarts-80-Servings-per-Container/10415475?classType=VARIANT
Walmart,21109302,"Oak Farms 2% Reduced Fat Milk, Quart",Oak Farms,True,True,False,,32 fl oz,32,2%,Unflavored,False,False,False,False,False,False,False,False,False,21,23,2.12,2.12,2.12,https://www.walmart.com/ip/Oak-Farms-2-Reduced-Fat-Milk-32-fl-oz/21109302?classType=REGULAR
Walmart,22282240,"Hood 1% Lowfat Milk, 64 oz",Unknown,True,True,False,,Half Gallon,64,1%,Unflavored,False,False,False,False,False,False,False,False,False,11,11,2.54,2.54,2.54,https://www.walmart.com/ip/Hood-1-Lowfat-Milk-64-oz/22282240?classType=REGULAR
Walmart,22259084,"Hood Whole Milk, 64 oz",Unknown,True,True,False,,Half Gallon,64,Whole,Unflavored,False,False,False,False,False,False,False,False,False,9,9,2.57,2.57,2.57,https://www.walmart.com/ip/Hood-Whole-Milk-64-oz/22259084?classType=REGULAR
Walmart,156716766,"Galliker's Fresh 2% Reduced Fat Milk, LightSafe Yellow Jug, Half Gallon",Unknown,True,True,False,,Half Gallon,64,2%,Unflavored,False,False,False,False,False,False,False,False,False,24,24,2.96,2.96,2.96,https://www.walmart.com/ip/Galliker-s-Fresh-2-Reduced-Fat-Milk-Half-Gallon-LightSafe-Yellow-Plastic-Jug-64-fl-oz/156716766?classType=REGULAR
Walmart,127492249,"Galliker's Whole Vitamin D Milk, Half Gallon, LightSafe Yellow Plastic Jug, 64 fl oz, Unflavored",Unknown,True,True,False,,Half Gallon,64,Whole,Unflavored,False,False,False,False,False,False,False,False,False,23,23,3.06,3.06,3.06,https://www.walmart.com/ip/Galliker-s-Whole-Vitamin-D-Milk-Half-Gallon-LightSafe-Yellow-Plastic-Jug-64-fl-oz-Unflavored/127492249?classType=REGULAR
Walmart,114751359,"Galliker's Fresh 2% Reduced Fat Milk, Gallon, LightSafe Yellow Plastic Jug, 128 fl oz",Unknown,True,True,False,,Gallon,128,2%,Unflavored,False,False,False,False,False,False,False,False,False,24,24,5.59,5.59,5.59,https://www.walmart.com/ip/Galliker-s-Fresh-2-Reduced-Fat-Milk-Gallon-LightSafe-Yellow-Plastic-Jug-128-fl-oz/114751359?classType=REGULAR
Walmart,137156349,"Galliker's Fresh Whole Vitamin D Milk, Gallon, LightSafe Yellow Plastic Jug, 128 fl oz",Unknown,True,True,False,,Gallon,128,Whole,Unflavored,False,False,False,False,False,False,False,False,False,25,25,5.78,5.78,5.78,https://www.walmart.com/ip/Galliker-s-Fresh-Whole-Vitamin-D-Milk-Gallon-LightSafe-Yellow-Plastic-Jug-128-fl-oz/137156349?classType=REGULAR
Walmart,188131401,"Galliker's 1% Low Fat Milk, Fresh Half Gallon, Yellow Jug, 64 fl oz",Unknown,True,True,False,,Half Gallon,64,1%,Unflavored,False,False,False,False,False,False,False,False,False,18,18,2.89,2.89,2.89,https://www.walmart.com/ip/Galliker-s-Fresh-1-Low-Fat-Milk-Half-Gallon-LightSafe-Yellow-Plastic-Jug-64-fl-oz/188131401?classType=REGULAR
Walmart,159292995,"Galliker's Fresh Whole Milk with Vitamin D, 16 fl oz Plastic Bottle",Unknown,True,True,False,,16 fl oz,16,Whole,Unflavored,False,False,False,False,False,False,False,False,False,18,18,1.28,1.28,1.28,https://www.walmart.com/ip/Galliker-s-Fresh-Whole-Vitamin-D-Milk-Pint-Plastic-Bottle-16-fl-oz/159292995?classType=REGULAR
Walmart,168362482,"Galliker's Fresh 2% Reduced Fat Creamy Milk, 32 fl oz Quart Plastic Bottle",Unknown,True,True,False,,32 fl oz,32,2%,Unflavored,False,False,False,False,False,False,False,False,False,6,6,2.08,2.08,2.08,https://www.walmart.com/ip/Galliker-s-Fresh-2-Reduced-Fat-Milk-Quart-Plastic-Bottle-32-fl-oz/168362482?classType=REGULAR
Walmart,11964679,"Shamrock Farms Whole Milk, 12 oz Bottle",Shamrock Farms,True,True,False,,12 fl oz,12,Whole,Unflavored,False,False,False,False,False,False,False,False,False,9,10,1.47,1.47,1.47,https://www.walmart.com/ip/Shamrock-Farms-Whole-Milk-12-oz-Bottle/11964679?classType=REGULAR
Walmart,188454245,"Gandy's 2% Reduced Fat Milk, Gallon",Gandy's,True,True,False,,Gallon,128,2%,Unflavored,False,False,False,False,False,False,False,False,False,11,13,4.94,4.94,4.94,https://www.walmart.com/ip/Gandy-s-2-Reduced-Fat-Milk-with-Vitamin-A-and-D-Milk-Gallon-1-Jug/188454245?classType=REGULAR
Walmart,164585551,"Gandy's 2% Reduced Fat Milk, Half Gallon",Gandy's,True,True,False,,Half Gallon,64,2%,Unflavored,False,False,False,False,False,False,False,False,False,11,12,3.22,3.22,3.22,https://www.walmart.com/ip/Gandy-s-2-Reduced-Fat-Milk-64-fl-oz/164585551?classType=REGULAR
Walmart,15560451873,"Hoosier Hill Farm Instant Nonfat Dry Milk Powder, 2 lb Jar",Unknown,False,False,False,powder_formula,Unknown,,Skim/Fat-Free,Unflavored,False,False,False,False,False,False,False,False,False,0,0,,,,https://www.walmart.com/ip/Hoosier-Hill-Farm-Instant-Nonfat-Dry-Milk-Powder-2-lb-Bag-GMO-Free-and-Low-Fat/15560451873?classType=REGULAR
Walmart,606791560,"Prairie Farms 2% Reduced Fat Milk, UHT, 14 Fl Oz",Prairie Farms,False,False,True,,14 fl oz,14,2%,Unflavored,False,False,False,False,False,False,False,False,False,0,0,,,,https://www.walmart.com/ip/Prairie-Farms-2-Reduced-Fat-Milk-14oz/606791560?classType=REGULAR
Walmart,43236038,"Prairie Farms Dairy 1% Low Fat Milk, One Gallon, 128 Fl Oz",Prairie Farms,True,True,False,,Gallon,128,1%,Unflavored,False,False,False,False,False,False,False,False,False,6,6,5.63,5.63,5.63,https://www.walmart.com/ip/Prairie-Farms-Dairy-1-Low-Fat-Milk-One-Gallon-128-Fl-Oz/43236038?classType=REGULAR
Walmart,226891527,"Prairie Farms Whole, Vitamin D Milk, UHT, 14 Fl Oz",Prairie Farms,False,False,True,,14 fl oz,14,Whole,Unflavored,False,False,False,False,False,False,False,False,False,0,0,,,,https://www.walmart.com/ip/Prairie-Farms-Whole-Milk-14-0-FL-OZ/226891527?classType=REGULAR
Walmart,154561960,"Anderson Erickson Whole Milk, 1 Quart",Unknown,True,True,False,,32 fl oz,32,Whole,Unflavored,False,False,False,False,False,False,False,False,False,26,26,2.32,2.32,2.32,https://www.walmart.com/ip/Anderson-Erickson-Whole-Milk-1-Quart/154561960?classType=REGULAR
Walmart,2340287871,"Darigold FIT Chocolate Ultra-Filtered Milk, 14 fl oz Bottle",Darigold,True,False,False,,14 fl oz,14,Unspecified,Chocolate,False,False,True,False,False,False,False,False,False,45,46,2.93,2.93,2.93,https://www.walmart.com/ip/Darigold-FIT-Chocolate-Ultra-Filtered-Milk-14-fl-oz-Bottle/2340287871?classType=REGULAR
Walmart,11964670,"Shamrock Farms Vitamin D,  Chocolate Whole Milk, 1 Quart Bottle",Shamrock Farms,True,True,False,,32 fl oz,32,Whole,Chocolate,False,False,False,False,False,False,False,False,False,14,14,2.68,2.68,2.68,https://www.walmart.com/ip/Shamrock-Farms-Vitamin-D-Chocolate-Whole-Milk-1-Quart-Bottle/11964670?classType=REGULAR
Walmart,11964668,"Shamrock Farms Vitamin D, Whole Milk, One Quart Plastic Bottle",Shamrock Farms,True,True,False,,32 fl oz,32,Whole,Unflavored,False,False,False,False,False,False,False,False,False,57,65,2.68,2.68,2.68,https://www.walmart.com/ip/Shamrock-Farms-Vitamin-D-Whole-Milk-One-Quart-Plastic-Bottle/11964668?classType=REGULAR
Walmart,17757602977,Crystal Creamery Ultra Filtered Reduced Fat 2% Milk Lactose-Free With Extra Protein 59 fl oz,Crystal Creamery,True,True,False,,59 fl oz,59,2%,Unflavored,False,True,True,False,False,False,False,True,False,42,44,4.97,4.97,4.97,https://www.walmart.com/ip/Crystal-Creamery-Ultra-Filtered-Reduced-Fat-Milk-59-oz-Carton/17757602977?classType=REGULAR
Walmart,17763665003,"Crystal Creamery Ultra Filtered Vitamin D Whole Milk, 59 fl oz Carton",Crystal Creamery,True,True,False,,59 fl oz,59,Whole,Unflavored,False,False,True,False,False,False,False,False,False,35,36,4.97,4.97,4.97,https://www.walmart.com/ip/Crystal-Creamery-Ultra-Filtered-Vitamin-D-Whole-Milk-59-oz-Carton/17763665003?classType=REGULAR
Walmart,16422504294,Oakhurst Lactose Free 2% Reduced Fat Milk 96 Fl Oz Carafe,Unknown,True,True,False,,96 fl oz,96,2%,Unflavored,False,True,False,False,False,False,False,False,False,33,34,4.68,4.68,4.68,https://www.walmart.com/ip/Oakhurst-Lactose-Free-2-Milk-96oz-Plastic-Jug/16422504294?classType=REGULAR
Walmart,22210813,"Oakhurst Vitamin D Milk, Half Gallon",Unknown,True,True,False,,Half Gallon,64,Whole,Unflavored,False,False,False,False,False,False,False,False,False,39,40,2.64,2.64,2.64,https://www.walmart.com/ip/Oakhurst-Vitamin-D-Milk-Half-Gallon/22210813?classType=REGULAR
Walmart,22210811,Oakhurst Vitamin D Whole Milk Quart,Unknown,True,True,False,,32 fl oz,32,Whole,Unflavored,False,False,False,False,False,False,False,False,False,38,39,1.67,1.67,1.67,https://www.walmart.com/ip/Oakhurst-Whole-Milk-with-Vitamin-D-32-fl-oz/22210811?classType=REGULAR
Walmart,22210818,Oakhurst Fat Free Skim Milk Half Gallon,Unknown,True,True,False,,Half Gallon,64,Skim/Fat-Free,Unflavored,False,False,False,False,False,False,False,False,False,39,40,2.36,2.36,2.36,https://www.walmart.com/ip/Oakhurst-Fat-Free-Skim-Milk-Half-Gallon/22210818?classType=REGULAR
Walmart,22309227,Oakhurst Whole Vitamin D Milk Gallon,Unknown,True,True,False,,Gallon,128,Whole,Unflavored,False,False,False,False,False,False,False,False,False,40,41,4.96,4.96,4.96,https://www.walmart.com/ip/Oakhurst-Whole-Vitamin-D-Milk-Gallon/22309227?classType=REGULAR
Walmart,22210816,Oakhurst 2% Reduced Fat Milk  Half Gallon,Unknown,True,True,False,,Half Gallon,64,2%,Unflavored,False,False,False,False,False,False,False,False,False,38,39,2.64,2.64,2.64,https://www.walmart.com/ip/Oakhurst-2-Reduced-Fat-Milk-Half-Gallon/22210816?classType=REGULAR
Walmart,17352612,Oakhurst 1% Lowfat Milk Quart,Unknown,True,True,False,,32 fl oz,32,1%,Unflavored,False,False,False,False,False,False,False,False,False,26,26,1.33,1.33,1.33,https://www.walmart.com/ip/Oakhurst-1-Lowfat-Milk-32-fl-oz/17352612?classType=REGULAR
Walmart,22210815,Oakhurst 1% Lowfat Milk Half Gallon,Unknown,True,True,False,,Half Gallon,64,1%,Unflavored,False,False,False,False,False,False,False,False,False,37,38,2.53,2.53,2.53,https://www.walmart.com/ip/Oakhurst-1-Lowfat-Milk-Half-Gallon/22210815?classType=REGULAR
Walmart,22210812,Oakhurst Vitamin D Whole Milk Pint,Unknown,True,True,False,,16 fl oz,16,Whole,Unflavored,False,False,False,False,False,False,False,False,False,29,29,1.13,1.13,1.13,https://www.walmart.com/ip/Oakhurst-Whole-Milk-with-Vitamin-D-16-fl-oz/22210812?classType=REGULAR
Walmart,47317241,Oakhurst 2% Reduced Fat Milk - 32 fl oz,Unknown,True,True,False,,32 fl oz,32,2%,Unflavored,False,False,False,False,False,False,False,False,False,29,30,1.54,1.54,1.54,https://www.walmart.com/ip/Oakhurst-2-Reduced-Fat-Milk-32-fl-oz/47317241?classType=REGULAR
Walmart,42340214,Oakhurst Fat Free Skim Milk Gallon,Unknown,True,True,False,,Gallon,128,Skim/Fat-Free,Unflavored,False,False,False,False,False,False,False,False,False,29,30,4.62,4.62,4.62,https://www.walmart.com/ip/Oakhurst-Fat-Free-Skim-Milk-Gallon/42340214?classType=REGULAR
Walmart,42340213,Oakhurst 2% Reduced Fat Milk Gallon,Unknown,True,True,False,,Gallon,128,2%,Unflavored,False,False,False,False,False,False,False,False,False,21,21,4.58,4.58,4.58,https://www.walmart.com/ip/Oakhurst-2-Reduced-Fat-Milk-Gallon/42340213?classType=REGULAR
Walmart,22210817,Oakhurst Fat Free Skim Milk Quart,Unknown,True,True,False,,32 fl oz,32,Skim/Fat-Free,Unflavored,False,False,False,False,False,False,False,False,False,14,14,1.58,1.58,1.58,https://www.walmart.com/ip/Oakhurst-Fat-Free-Skim-Milk-32-fl-oz/22210817?classType=REGULAR
Walmart,16380619433,Oakhurst Lactose Free Whole Milk 96 Fl Oz Carafe,Unknown,True,True,False,,96 fl oz,96,Whole,Unflavored,False,True,False,False,False,False,False,False,False,34,35,4.78,4.78,4.78,https://www.walmart.com/ip/Oakhurst-Milk-Whole-Vitamin-D-Lactose-Free-96oz-Plastic-Jug/16380619433?classType=REGULAR
Walmart,47064338,"Anderson Dairy Anderson Milk, 1 gl",Unknown,True,False,False,,Gallon,128,Unspecified,Unflavored,False,False,False,False,False,False,False,False,False,34,35,4.16,4.16,4.16,https://www.walmart.com/ip/Anderson-Dairy-Anderson-Milk-1-gl/47064338?classType=REGULAR
Walmart,42507290,Anderson Dairy 2% Milkfat Reduced Fat Milk 1 qt. Bottle,Unknown,True,True,False,,32 fl oz,32,2%,Unflavored,False,False,False,False,False,False,False,False,False,13,13,2.22,2.22,2.22,https://www.walmart.com/ip/Anderson-Dairy-2-Milkfat-Reduced-Fat-Milk-1-qt-Bottle/42507290?classType=REGULAR
Walmart,149090428,"Lehigh Valley Dairy Farms Whole Milk with Vitamin D, Vitamin D Milk Gallon - 1 Jug",Lehigh Valley,True,True,False,,Gallon,128,Whole,Unflavored,False,False,False,False,False,False,False,False,False,44,44,5.24,5.24,5.24,https://www.walmart.com/ip/Lehigh-Valley-Dairy-Farms-Whole-Milk-with-Vitamin-D-Vitamin-D-Milk-Gallon-1-Jug/149090428?classType=REGULAR
Walmart,162837558,"Lehigh Valley 1% Low Fat Milk with Vitamin A and D, Milk Gallon - 1 Jug",Lehigh Valley,True,True,False,,Gallon,128,1%,Unflavored,False,False,False,False,False,False,False,False,False,15,15,5.24,5.24,5.24,https://www.walmart.com/ip/Lehigh-Valley-1-Low-Fat-Milk-with-Vitamin-A-and-D-Milk-Gallon-1-Jug/162837558?classType=REGULAR
Walmart,21686029,Lehigh Valley Dairy Farms 2% Reduced Fat Milk with Vitamin A and Vitamin D - 1 Gallon Jug,Lehigh Valley,True,True,False,,Gallon,128,2%,Unflavored,False,False,False,False,False,False,False,False,False,8,8,5.24,5.24,5.24,https://www.walmart.com/ip/Lehigh-Valley-Dairy-Farms-2-Reduced-Fat-Milk-with-Vitamin-A-and-Vitamin-D-1-Gallon-Jug/21686029?classType=REGULAR
Walmart,166062004,Lehigh Valley 1% Low Fat Milk - 64 fl oz,Lehigh Valley,True,True,False,,Half Gallon,64,1%,Unflavored,False,False,False,False,False,False,False,False,False,4,4,2.92,2.92,2.92,https://www.walmart.com/ip/Lehigh-Valley-1-Low-Fat-Milk-64-fl-oz/166062004?classType=REGULAR
Walmart,181323560,Lehigh Valley Fat Free Skim Milk - 64 fl oz,Lehigh Valley,True,True,False,,Half Gallon,64,Skim/Fat-Free,Unflavored,False,False,False,False,False,False,False,False,False,4,4,2.92,2.92,2.92,https://www.walmart.com/ip/Lehigh-Valley-Fat-Free-Skim-Milk-64-fl-oz/181323560?classType=REGULAR
Walmart,116101947,"Lehigh Valley Dairy Farms Fat Free Skim Milk with Vitamins A & D, Fat Free Milk Gallon - 1 Jug",Lehigh Valley,True,True,False,,Gallon,128,Skim/Fat-Free,Unflavored,False,False,False,False,False,False,False,False,False,3,3,5.24,5.24,5.24,https://www.walmart.com/ip/Lehigh-Valley-Dairy-Farms-Fat-Free-Skim-Milk-with-Vitamins-A-D-Fat-Free-Milk-Gallon-1-Jug/116101947?classType=REGULAR
Walmart,194218393,"Swiss Premium Dairy Whole Milk with Vitamin D, Milk Gallon - 1 Jug",Unknown,True,True,False,,Gallon,128,Whole,Unflavored,False,False,False,False,False,False,False,False,False,22,22,4.88,4.88,4.88,https://www.walmart.com/ip/Swiss-Premium-Dairy-Whole-Milk-with-Vitamin-D-Milk-Gallon-1-Jug/194218393?classType=REGULAR
Walmart,159672844,Swiss Premium 2% Reduced Fat Milk - 64 fl oz,Unknown,True,True,False,,Half Gallon,64,2%,Unflavored,False,False,False,False,False,False,False,False,False,24,24,2.56,2.56,2.56,https://www.walmart.com/ip/Swiss-Premium-2-Reduced-Fat-Milk-64-fl-oz/159672844?classType=REGULAR
Walmart,172163322,"Swiss Premium Dairy 2% Reduced Fat Milk with Vitamin A and D, Milk Gallon - 1 Jug",Unknown,True,True,False,,Gallon,128,2%,Unflavored,False,False,False,False,False,False,False,False,False,22,22,4.88,4.88,4.88,https://www.walmart.com/ip/Swiss-Premium-Dairy-2-Reduced-Fat-Milk-with-Vitamin-A-and-D-Milk-Gallon-1-Jug/172163322?classType=REGULAR
Walmart,173382271,"Swiss Premium Dairy 1% Lowfat Milk with Vitamin A and D, Milk Gallon - 1 Jug",Unknown,True,True,False,,Gallon,128,1%,Unflavored,False,False,False,False,False,False,False,False,False,20,20,4.88,4.88,4.88,https://www.walmart.com/ip/Swiss-Premium-Dairy-1-Lowfat-Milk-with-Vitamin-A-and-D-Milk-Gallon-1-Jug/173382271?classType=REGULAR
Walmart,149233095,Swiss Premium Whole Milk with Vitamin D - 64 fl oz,Unknown,True,True,False,,Half Gallon,64,Whole,Unflavored,False,False,False,False,False,False,False,False,False,22,22,2.56,2.56,2.56,https://www.walmart.com/ip/Swiss-Premium-Whole-Milk-with-Vitamin-D-64-fl-oz/149233095?classType=REGULAR
Walmart,189627064,Swiss Premium 1% Lowfat Milk - 64 fl oz,Unknown,True,True,False,,Half Gallon,64,1%,Unflavored,False,False,False,False,False,False,False,False,False,21,21,2.56,2.56,2.56,https://www.walmart.com/ip/Swiss-Premium-1-Lowfat-Milk-64-fl-oz/189627064?classType=REGULAR
Walmart,175659254,"Swiss Premium Dairy Skim Milk with Vitamin A and Vitamin D, Fat Free Milk Gallon - 1 Jug",Unknown,True,True,False,,Gallon,128,Skim/Fat-Free,Unflavored,False,False,False,False,False,False,False,False,False,13,13,4.88,4.88,4.88,https://www.walmart.com/ip/Swiss-Premium-Dairy-Skim-Milk-with-Vitamin-A-and-Vitamin-D-Fat-Free-Milk-Gallon-1-Jug/175659254?classType=REGULAR
Walmart,136925805,Swiss Premium Whole Milk with Vitamin D - 32 fl oz,Unknown,True,True,False,,32 fl oz,32,Whole,Unflavored,False,False,False,False,False,False,False,False,False,16,16,2.13,2.13,2.13,https://www.walmart.com/ip/Swiss-Premium-Whole-Milk-with-Vitamin-D-32-fl-oz/136925805?classType=REGULAR
Walmart,11226403709,"(6 pack) Parmalat 2% Reduced Fat Milk, 32 fl oz (Shelf-Stable)",Parmalat,False,False,True,,32 fl oz,32,2%,Unflavored,False,False,False,False,False,False,False,False,False,0,0,,,,https://www.walmart.com/ip/6-pack-Parmalat-2-Reduced-Fat-Milk-32-fl-oz-Shelf-Stable/11226403709?classType=REGULAR
Walmart,181319130,Swiss Premium Whole Milk with Vitamin D - 16 fl oz,Unknown,True,True,False,,16 fl oz,16,Whole,Unflavored,False,False,False,False,False,False,False,False,False,13,13,1.27,1.27,1.27,https://www.walmart.com/ip/Swiss-Premium-Whole-Milk-with-Vitamin-D-16-fl-oz/181319130?classType=REGULAR
Walmart,46942854,Crystal Creamery 100% Real California All-Natural Grade A Homogenized Pasteurized Half & Half Paper Carton - Gluten-Free 32 fl oz,Crystal Creamery,False,False,False,"creamer_cream,not_milk",32 fl oz,32,Unspecified,Unflavored,False,False,False,False,False,False,False,False,False,0,0,,,,https://www.walmart.com/ip/Crystal-Creamery-100-Real-California-All-Natural-Grade-A-Half-Half-Paper-Carton-32-fl-oz/46942854?classType=REGULAR
Walmart,5326388051,"bettergoods Organic Reduced Fat Chocolate Milk, 8 fl oz, 12 Count",bettergoods,False,False,False,,8 fl oz,8,2%,Chocolate,True,False,False,False,False,False,False,False,True,0,0,,,,https://www.walmart.com/ip/bettergoods-Organic-Reduced-Fat-Chocolate-Milk-8-fl-oz-12-Count/5326388051?classType=VARIANT
Walmart,161907350,"Oak Farms 1% Lowfat Milk, Half Gallon",Oak Farms,True,True,False,,Half Gallon,64,1%,Unflavored,False,False,False,False,False,False,False,False,False,3,3,3.24,3.24,3.24,https://www.walmart.com/ip/Oak-Farms-1-Lowfat-Milk-128-fl-oz/161907350?classType=REGULAR
Walmart,134106615,"Marburger Fat-Free Skim Unflavored Milk, Half Gallon",Unknown,True,True,False,,Half Gallon,64,Skim/Fat-Free,Unflavored,False,False,False,False,False,False,False,False,False,13,13,2.72,2.72,2.72,https://www.walmart.com/ip/Marburger-Fat-Free-Skim-Unflavored-Milk-Half-Gallon/134106615?classType=REGULAR
Walmart,119136781,"Marburger Farm Dairy Vitamin D Unflavored Milk, 1 Gallon",Unknown,True,False,False,,Gallon,128,Unspecified,Unflavored,False,False,False,False,False,False,False,False,False,17,17,5.82,5.82,5.82,https://www.walmart.com/ip/Marburger-Farm-Dairy-Vitamin-D-Unflavored-Milk-1-Gallon/119136781?classType=REGULAR
Walmart,149145379,"Marburger Farm Dairy 1% Low-Fat Milk, Half Gallon",Unknown,True,True,False,,Half Gallon,64,1%,Unflavored,False,False,False,False,False,False,False,False,False,15,15,2.78,2.78,2.78,https://www.walmart.com/ip/Marburger-Farm-Dairy-1-Low-Fat-Milk-Half-Gallon/149145379?classType=REGULAR
Walmart,166851282,"Alta Dena Dairy Whole Milk, Fresh Milk 14 Ounce - 1 Container",Alta Dena,True,True,False,,14 fl oz,14,Whole,Unflavored,False,False,False,False,False,False,False,False,False,31,32,1.67,1.67,1.67,https://www.walmart.com/ip/Alta-Dena-Dairy-Whole-Milk-Fresh-Milk-14-Ounce-1-Container/166851282?classType=REGULAR
Walmart,148782971,"Alta Dena 2% Reduced Fat Milk, Half Gallon",Alta Dena,True,True,False,,Half Gallon,64,2%,Unflavored,False,False,False,False,False,False,False,False,False,22,22,3.32,3.32,3.32,https://www.walmart.com/ip/Alta-Dena-2-Milk-with-Vitamin-A-and-Vitamin-D-Reduced-Fat-Milk-Half-Gallon-1-Jug/148782971?classType=REGULAR
Walmart,194343270,Alta Dena 2% Reduced Fat Milk - 14 fl oz,Alta Dena,True,True,False,,14 fl oz,14,2%,Unflavored,False,False,False,False,False,False,False,False,False,11,11,1.67,1.67,1.67,https://www.walmart.com/ip/Alta-Dena-2-Reduced-Fat-Milk-14-fl-oz/194343270?classType=REGULAR
Walmart,119186717,"Alta Dena 2% Milkfat Reduced Fat Milk, 1 Quart",Alta Dena,True,True,False,,32 fl oz,32,2%,Unflavored,False,False,False,False,False,False,False,False,False,11,11,1.96,1.96,1.96,https://www.walmart.com/ip/Alta-Dena-2-Reduced-Fat-Milk-32-fl-oz/119186717?classType=REGULAR
Walmart,172515208,"Cloverland 2% Reduced Fat Milk , 1 Gallon",Unknown,True,True,False,,Gallon,128,2%,Unflavored,False,False,False,False,False,False,False,False,False,7,7,4.44,4.44,4.44,https://www.walmart.com/ip/Cloverland-2-Reduced-Fat-Milk-1-Gallon/172515208?classType=REGULAR
Walmart,197721601,"Cloverland Vitamin D Milk , 1 Gallon",Unknown,True,True,False,,Gallon,128,Whole,Unflavored,False,False,False,False,False,False,False,False,False,8,8,4.38,4.38,4.38,https://www.walmart.com/ip/Cloverland-Vitamin-D-Milk-1-Gallon/197721601?classType=REGULAR
Walmart,144623881,"Cloverland Vitamin D Milk , 1 Pint",Unknown,True,True,False,,16 fl oz,16,Whole,Unflavored,False,False,False,False,False,False,False,False,False,4,4,0.93,0.93,0.93,https://www.walmart.com/ip/Cloverland-Vitamin-D-Milk-1-Pint/144623881?classType=REGULAR
Walmart,162742449,"Cloverland 1% Low-Fat Milk, 1 Gallon",Unknown,True,True,False,,Gallon,128,1%,Unflavored,False,False,False,False,False,False,False,False,False,3,3,4.5,4.5,4.5,https://www.walmart.com/ip/Cloverland-1-Low-Fat-Milk-1-Gallon/162742449?classType=REGULAR
Walmart,165592646,"Parmalat 1% Lowfat Milk, 32 fl oz (Shelf-Stable)",Parmalat,False,False,True,,32 fl oz,32,1%,Unflavored,False,False,False,False,False,False,False,False,False,0,0,,,,https://www.walmart.com/ip/Parmalat-1-Lowfat-Milk-32-fl-oz-Shelf-Stable/165592646?classType=REGULAR
Walmart,11250256194,"(6 pack) Parmalat Lactose Free 2% Reduced Fat Milk, 32 fl oz",Parmalat,False,False,False,,32 fl oz,32,2%,Unflavored,False,True,False,False,False,False,False,False,False,0,0,,,,https://www.walmart.com/ip/6-pack-Parmalat-Lactose-Free-2-Reduced-Fat-Milk-32-fl-oz/11250256194?classType=REGULAR
Walmart,13357219179,"(2 pack) Horizon Organic Shelf Stable 1% Lowfat Milk Boxes, 8 fl oz, 12 Count",Horizon Organic,False,False,True,,8 fl oz,8,1%,Unflavored,True,False,False,False,False,False,False,False,False,0,0,,,,https://www.walmart.com/ip/2-pack-Horizon-Organic-Shelf-Stable-1-Low-Fat-Milk-Boxes-8-fl-oz-12-Pack/13357219179?classType=VARIANT
Walmart,5488117996,"Fairlife Low Fat Ultra-Filtered Milk, Classic White, 14 Fl Oz (Pack of 12)",fairlife,True,True,False,,14 fl oz,14,1%,Unflavored,False,False,True,False,False,False,False,False,False,80,80,37.05,37.05,37.05,https://www.walmart.com/ip/Fairlife-Low-Fat-Ultra-Filtered-Milk-Classic-White-14-Fl-Oz-Pack-of-12/5488117996?classType=REGULAR
Walmart,19187615549,"Horizon Organic Shelf Stable Lactose Free No Added Sugar 1% Lowfat Chocolate Milk Boxes, 8 fl oz, 12 Count",Horizon Organic,False,False,True,,8 fl oz,8,1%,Chocolate,True,True,False,False,False,False,False,False,False,0,0,,,,https://www.walmart.com/ip/Horizon-Organic-Shelf-Stable-Lactose-Free-No-Added-Sugar-1-Lowfat-Chocolate-Milk-Boxes-8-fl-oz-12-Count/19187615549?classType=VARIANT
Walmart,2013307849,"Dr. Mercola Solspring Organic A2 Dry Whole Milk - Powdered Milk with A2 Beta-Casein for Less Digestive Discomfort - Organic, Gluten-Free & Soy-Free - Original Flavor - 17.4 oz (15 Servings)",Unknown,False,False,False,"plant_based,powder_formula",17.4 fl oz,17.4,Whole,Unflavored,True,False,False,True,False,False,False,False,False,0,0,,,,https://www.walmart.com/ip/Solspring-Organic-A2-Dry-Whole-Milk-15-Servings-17-4-Oz-495-g-Contains-26-Milk-Fat-Gluten-Free-Soy-Free-Certified-USDA-Organic-Dr-Mercola/2013307849?classType=REGULAR
Walmart,17271151017,"DairySky Nonfat Dry Milk Powder 26oz (1.6 lb) | Leche en Polvo Descremada | Grade A Skim Milk Powder,  Dry Milk, Resealable Pouch ( pack of 6 )",Unknown,False,False,False,powder_formula,26 fl oz,26,Skim/Fat-Free,Unflavored,False,False,False,False,False,False,False,False,False,0,0,,,,https://www.walmart.com/ip/DairySky-Nonfat-Dry-Milk-Powder-26oz-1-6-lb-Leche-en-Polvo-Descremada-Grade-Skim-Milk-Powder-Instant-Dry-Milk-Resealable-Pouch-pack-6/17271151017?classType=VARIANT
Walmart,19891902954,"Healthier Comforts Skim Milk Powder 48oz | Fat Free, Shelf Stable | Kosher, Gluten Free, Non-GMO, Hormone and Antibiotic Free | Perfect for Shakes, Smoothies, Coffee Creamer, Baking | Made in USA",Unknown,False,False,True,"creamer_cream,powder_formula",48 fl oz,48,Skim/Fat-Free,Unflavored,False,False,False,False,False,False,False,False,False,0,0,,,,https://www.walmart.com/ip/Healthier-Comforts-Skim-Milk-Powder-48oz-Fat-Free-Shelf-Stable-Kosher-Gluten-Free-Non-GMO-Hormone-Antibiotic-Free-Perfect-Shakes-Smoothies-Coffee-Cre/19891902954?classType=VARIANT
Walmart,361229925,"Augason Farms Country Fresh Instant Nonfat Dry Milk Resealable Pouch, Emergency Food Supply, Everyday Meals, 16 Servings",Country Fresh,False,False,False,powder_formula,Unknown,,Skim/Fat-Free,Unflavored,False,False,False,False,False,False,False,False,False,0,0,,,,https://www.walmart.com/ip/Country-Fresh-Dry-Milk-Pouch/361229925?classType=VARIANT
Walmart,17405267916,"DairySky Nonfat Plain Dry Milk Powder, 26 oz (1.6 lb), Leche En Polvo Descremada, Grade a Skim Milk, Resealable Pouch, pack of 12",Unknown,False,False,False,powder_formula,26 fl oz,26,Skim/Fat-Free,Unflavored,False,False,False,False,False,False,False,False,False,0,0,,,,https://www.walmart.com/ip/DairySky-Nonfat-Dry-Milk-Powder-26oz-1-6-lb-Leche-en-Polvo-Descremada-Grade-Skim-Milk-Powder-Instant-Dry-Milk-Resealable-Pouch-pack-12/17405267916?classType=VARIANT
Walmart,911817777,"DOS PINOS Powered Milk - Leche Pinito - Whole Milk, Leche Entera En Polvo, 400 g",Unknown,False,False,False,powder_formula,Unknown,,Whole,Unflavored,False,False,False,False,False,False,False,False,False,0,0,,,,https://www.walmart.com/ip/DOS-PINOS-Powered-Milk-Leche-Pinito-Whole-Milk-Leche-Entera-En-Polvo-400-g/911817777?classType=REGULAR
Walmart,9372922902,"La Campina Powder Milk, 14 oz",Unknown,False,False,False,powder_formula,14 fl oz,14,Unspecified,Unflavored,False,False,False,False,False,False,False,False,False,0,0,,,,https://www.walmart.com/ip/La-Campina-Powder-Milk/9372922902?classType=VARIANT
Walmart,131423624,T.G. Lee Whole Milk with Vitamin D - 64 fl oz,T.G. Lee,True,True,False,,Half Gallon,64,Whole,Unflavored,False,False,False,False,False,False,False,False,False,4,4,3.37,3.37,3.37,https://www.walmart.com/ip/T-G-Lee-Whole-Milk-with-Vitamin-D-64-fl-oz/131423624?classType=REGULAR
Walmart,44391429,"Producers Whole Milk, Half Gallon",Unknown,True,True,False,,Half Gallon,64,Whole,Unflavored,False,False,False,False,False,False,False,False,False,37,40,3.14,3.14,3.14,https://www.walmart.com/ip/Producers-Whole-Milk-Half-Gallon/44391429?classType=REGULAR
Walmart,5511138731,Hiland Dairy Lactose Free Whole Milk Gallon,Hiland,True,True,False,,Gallon,128,Whole,Unflavored,False,True,False,False,False,False,False,False,False,49,50,5.65,5.65,5.65,https://www.walmart.com/ip/Hiland-Dairy-Lactose-Free-Whole-Milk-Gallon/5511138731?classType=REGULAR
Walmart,197550788,"Cloverland 2% Reduced-Fat Milk , 1 Pint",Unknown,True,True,False,,16 fl oz,16,2%,Unflavored,False,False,False,False,False,False,False,False,False,2,2,0.92,0.92,0.92,https://www.walmart.com/ip/Cloverland-2-Reduced-Fat-Milk-1-Pint/197550788?classType=REGULAR
Walmart,162860899,"Tres Monjitas Fresh Milk-Leche Fresca, Low-Fat 1%, 64oz, Plastic Bottle, R-BST Free",Unknown,True,True,False,,Half Gallon,64,1%,Unflavored,False,False,False,False,False,False,False,False,False,17,17,3.98,3.98,3.98,https://www.walmart.com/ip/Tres-Monjitas-Fresh-Milk-Leche-Fresca-Low-Fat-1-64oz-Plastic-Bottle-R-BST-Free/162860899?classType=REGULAR
Walmart,177083859,"Tres Monjitas Fresh Cow Milk 32oz, Low-Fat 1%  R-BST Free Plastic Bottle Refrigerated",Unknown,True,True,False,,32 fl oz,32,1%,Unflavored,False,False,False,False,False,False,False,False,False,14,14,1.99,1.99,1.99,https://www.walmart.com/ip/Tres-Monjitas-Fresh-Milk-Leche-Fresca-32oz-Low-fat-1-Plastic-Bottle-R-BST-Free/177083859?classType=REGULAR
Walmart,125491913,"Tres Monjitas Fresh Milk-Leche Fresca, Low-Fat 1%, 120 oz, Plastic Bottle, R-BST Free",Unknown,True,True,False,,120 fl oz,120,1%,Unflavored,False,False,False,False,False,False,False,False,False,17,17,7.34,7.34,7.34,https://www.walmart.com/ip/Tres-Monjitas-Fresh-Milk-Leche-Fresca-Low-Fat-1-120-oz-Plastic-Bottle-R-BST-Free/125491913?classType=REGULAR
Walmart,174226132,"Tres Monjitas Regular Fresh Cow Milk 32oz, rBST Free Plastic Bottle Refrigerated",Unknown,True,False,False,,32 fl oz,32,Unspecified,Unflavored,False,False,False,False,False,False,False,False,False,11,11,1.99,1.99,1.99,https://www.walmart.com/ip/Tres-Monjitas-Fresh-Milk-Leche-Fresca-32oz-Plastic-Bottle-Regular-rBST-Free/174226132?classType=REGULAR
Walmart,172719357,"Indulac Lactose Free Millk, 2% Fat, 32oz, No Scent, Bottle",Unknown,False,False,False,not_milk,32 fl oz,32,2%,Unflavored,False,True,False,False,False,False,False,False,False,0,0,,,,https://www.walmart.com/ip/Indulac-Lactose-Free-Millk-2-Fat-32oz-No-Scent-Bottle/172719357?classType=REGULAR
Walmart,120021377,"Indulac Low Fat Ultra High Temperature, 32 oz",Unknown,False,False,False,not_milk,32 fl oz,32,1%,Unflavored,False,False,False,False,False,False,False,False,False,0,0,,,,https://www.walmart.com/ip/Indulac-Low-Fat-Ultra-High-Temperature-32-oz/120021377?classType=REGULAR
Walmart,156431367,Swiss Premium Fat Free Skim Milk - 64 fl oz,Unknown,True,True,False,,Half Gallon,64,Skim/Fat-Free,Unflavored,False,False,False,False,False,False,False,False,False,15,15,2.96,2.96,2.96,https://www.walmart.com/ip/Swiss-Premium-Fat-Free-Skim-Milk-64-fl-oz/156431367?classType=REGULAR
Walmart,16242002555,"Hoosier Hill Farm Whole Milk Powder, 2 lb Jar",Unknown,False,False,False,powder_formula,Unknown,,Whole,Unflavored,False,False,False,False,False,False,False,False,False,0,0,,,,https://www.walmart.com/ip/Hoosier-Hill-Farm-Prague-Powder-2-Pink-Curing-Salt-2-5-lb-Plastic-Jar/16242002555?classType=REGULAR
Walmart,141492759,United Dairy 1% Low Fat Milk Quart,United Dairy,True,True,False,,32 fl oz,32,1%,Unflavored,False,False,False,False,False,False,False,False,False,2,2,1.67,1.67,1.67,https://www.walmart.com/ip/United-Dairy-1-Low-Fat-Milk-Quart/141492759?classType=REGULAR
Walmart,176172144,United Dairy 2% Reduced Fat Milk Quart,United Dairy,True,True,False,,32 fl oz,32,2%,Unflavored,False,False,False,False,False,False,False,False,False,2,2,1.78,1.78,1.78,https://www.walmart.com/ip/United-Dairy-2-Reduced-Fat-Milk-Quart/176172144?classType=REGULAR
Walmart,1109359234,LALA Chocolate 1% Milk UHT 32oz,LALA,False,False,True,,32 fl oz,32,1%,Chocolate,False,False,False,False,False,False,False,False,False,0,0,,,,https://www.walmart.com/ip/LALA-Chocolate-1-Milk-UHT-32oz/1109359234?classType=REGULAR
Walmart,153529171,"Marburger Farm Dairy 2% Reduced-Fat Unflavored Milk, 1 Gallon",Unknown,True,True,False,,Gallon,128,2%,Unflavored,False,False,False,False,False,False,False,False,False,15,15,5.58,5.58,5.58,https://www.walmart.com/ip/Marburger-Farm-Dairy-2-Reduced-Fat-Unflavored-Milk-1-Gallon/153529171?classType=REGULAR
Walmart,145637531,"Marburger Farm Dairy Vitamin D Whole Milk, 1 Pint",Unknown,True,True,False,,16 fl oz,16,Whole,Unflavored,False,False,False,False,False,False,False,False,False,13,13,1.32,1.32,1.32,https://www.walmart.com/ip/Marburger-Farm-Dairy-Vitamin-D-Whole-Milk-1-Pint/145637531?classType=REGULAR
Walmart,151422019,"Marburger Farm Dairy 2% Reduced-Fat Unflavored Milk, Half Gallon",Unknown,True,True,False,,Half Gallon,64,2%,Unflavored,False,False,False,False,False,False,False,False,False,14,14,2.87,2.87,2.87,https://www.walmart.com/ip/Marburger-Farm-Dairy-2-Reduced-Fat-Unflavored-Milk-Half-Gallon/151422019?classType=REGULAR
Walmart,139621886,"Marburger Farm Dairy Vitamin D Unflavored Milk, Half Gallon",Unknown,True,False,False,,Half Gallon,64,Unspecified,Unflavored,False,False,False,False,False,False,False,False,False,4,4,2.98,2.98,2.98,https://www.walmart.com/ip/Marburger-Farm-Dairy-Vitamin-D-Unflavored-Milk-Half-Gallon/139621886?classType=REGULAR
Walmart,152092882,"Schneider's Dairy, 2% Reduced Fat, Milk, Gallon",Unknown,True,True,False,,Gallon,128,2%,Unflavored,False,False,False,False,False,False,False,False,False,3,3,5.58,5.58,5.58,https://www.walmart.com/ip/Schneider-Valley-Farm-2-Reduced-Fat-Milk-1-Gallon/152092882?classType=REGULAR
Walmart,819219798,"Horizon Organic Shelf Stable Whole Milk Boxes, 8 fl oz, 12 Count",Horizon Organic,False,False,True,,8 fl oz,8,Whole,Unflavored,True,False,False,False,False,False,False,False,False,0,0,,,,https://www.walmart.com/ip/Horizon-Organic-Shelf-Stable-Whole-Milk-Boxes-8-fl-oz-12-Pack/819219798?classType=REGULAR
Walmart,21686048,"Mayfield Fat Free Milk with Vitamin A and Vitamin D, Skim Milk Gallon - 1 Jug",Mayfield,True,True,False,,Gallon,128,Skim/Fat-Free,Unflavored,False,False,False,False,False,False,False,False,False,7,8,4.88,4.88,4.88,https://www.walmart.com/ip/Mayfield-Fat-Free-Milk-with-Vitamin-A-and-Vitamin-D-Skim-Milk-Gallon-1-Jug/21686048?classType=REGULAR
Walmart,17619437,"Shamrock Farms 1% Lowfat Milk, 1 gal",Shamrock Farms,True,True,False,,Gallon,128,1%,Unflavored,False,False,False,False,False,False,False,False,False,10,10,4.17,4.17,4.17,https://www.walmart.com/ip/Shamrock-Farms-1-Lowfat-Milk-1-gal/17619437?classType=REGULAR
Walmart,999938672,"Shamrock Farms Rockin' Protein Max 50g Chocolate, 19.7 fl oz",Shamrock Farms,False,False,False,not_milk,19.7 fl oz,19.7,Unspecified,Chocolate,False,False,False,False,False,False,False,False,False,0,0,,,,https://www.walmart.com/ip/Shamrock-Farms-Rockin-Protein-Max-Chocolate-19-7-FL-OZ/999938672?classType=REGULAR
Walmart,44460246,"Central 2% Reduced Fat Milk, 1 Gallon",Unknown,True,True,False,,Gallon,128,2%,Unflavored,False,False,False,False,False,False,False,False,False,10,11,5.63,5.63,5.63,https://www.walmart.com/ip/Central-2-Reduced-Fat-Milk-1-Gallon/44460246?classType=REGULAR
Walmart,44460247,"Central 1% Lowfat Fat Milk, 0.5 gal",Unknown,True,True,False,,Half Gallon,64,1%,Unflavored,False,False,False,False,False,False,False,False,False,10,11,3.12,3.12,3.12,https://www.walmart.com/ip/Central-1-Lowfat-Fat-Milk-0-5-gal/44460247?classType=REGULAR
Walmart,44460245,"Central 2% Reduced Fat Milk, 0.5 gal",Unknown,True,True,False,,Half Gallon,64,2%,Unflavored,False,False,False,False,False,False,False,False,False,9,9,3.22,3.22,3.22,https://www.walmart.com/ip/Central-2-Reduced-Fat-Milk-0-5-gal/44460245?classType=REGULAR
Walmart,849003302,"Meyenberg Whole Powdered Goat Milk, Plain, 12 oz (340g)",Unknown,False,False,False,"goat_other,powder_formula",12 fl oz,12,Whole,Unflavored,False,False,False,False,False,False,False,False,False,0,0,,,,https://www.walmart.com/ip/Meyenberg-Pasteurized-Powdered-Goat-Milk-12-Oz/849003302?classType=VARIANT
Walmart,184030647,"Mayfield Dairy Farms 2% Reduced Fat Milk, Pint",Mayfield,True,True,False,,16 fl oz,16,2%,Unflavored,False,False,False,False,False,False,False,False,False,12,14,1.38,1.38,1.38,https://www.walmart.com/ip/Mayfield-2-Reduced-Fat-Milk-16-fl-oz/184030647?classType=REGULAR
Walmart,195791880,"Mayfield Fat Free Milk with Vitamin A and Vitamin D, Skim Milk Half Gallon - 1 Jug",Mayfield,True,True,False,,Half Gallon,64,Skim/Fat-Free,Unflavored,False,False,False,False,False,False,False,False,False,10,12,3.28,3.28,3.28,https://www.walmart.com/ip/Mayfield-Fat-Free-Milk-with-Vitamin-A-and-Vitamin-D-Skim-Milk-Half-Gallon-1-Jug/195791880?classType=REGULAR
Walmart,22309226,Oakhurst 1.5% Light Milk Half Gallon,Unknown,True,False,False,,Half Gallon,64,Unspecified,Unflavored,False,False,False,False,False,False,False,False,False,20,20,2.77,2.77,2.77,https://www.walmart.com/ip/Oakhurst-1-5-Lowfat-Light-Milk-Half-Gallon/22309226?classType=REGULAR
Walmart,22002499,"Shamrock Farms 1% Low Fat Milk, 1 qt",Shamrock Farms,True,True,False,,32 fl oz,32,1%,Unflavored,False,False,False,False,False,False,False,False,False,3,3,2.68,2.68,2.68,https://www.walmart.com/ip/Shamrock-Farms-1-Low-Fat-Milk-1-qt/22002499?classType=REGULAR
Walmart,177821734,"Shamrock Farms 1% Low-Fat Milk, Half Gallon",Shamrock Farms,True,True,False,,Half Gallon,64,1%,Unflavored,False,False,False,False,False,False,False,False,False,19,19,2.56,2.56,2.56,https://www.walmart.com/ip/Shamrock-Farms-1-Low-Fat-Milk-Half-Gallon/177821734?classType=REGULAR
Walmart,13481519828,"Brickhouse 100% Natural Milk, 6/1LB Bags",Unknown,False,False,False,insufficient_product_signal,Unknown,,Unspecified,Unflavored,False,False,False,False,False,False,False,False,False,0,0,,,,https://www.walmart.com/ip/Brickhouse-100-Natural-Milk-6-1LB-Bags/13481519828?classType=REGULAR
Walmart,846272877,"DOS PINOS Powered Milk - Leche Pinito - Whole Milk, Leche Entera En Polvo, 800 gr.",Unknown,False,False,False,powder_formula,2 fl oz,2,Whole,Unflavored,False,False,False,False,False,False,False,False,False,0,0,,,,https://www.walmart.com/ip/Instant-Powdered-Whole-Milk-Leche-Pinito-Dos-Pinos-800-grams-28-2-oz-From-Costa-Rica/846272877?classType=REGULAR
Walmart,599891773,WinCrest Whole Milk Powder - 1 Lb Container,Unknown,False,False,False,powder_formula,Unknown,,Whole,Unflavored,False,False,False,False,False,False,False,False,False,0,0,,,,https://www.walmart.com/ip/WinCrest-Whole-Milk-Powder-1-Lb-Tub/599891773?classType=REGULAR
Walmart,401862958,"Bob's Red Mill Milk Powder, Nonfat Dry, 22 oz (624 g)",Unknown,False,False,False,powder_formula,22 fl oz,22,Skim/Fat-Free,Unflavored,False,False,False,False,False,False,False,False,False,0,0,,,,https://www.walmart.com/ip/Bob-s-Red-Mill-Nonfat-Dry-Milk-Powder-22-oz-Pkg/401862958?classType=REGULAR
Walmart,199450788,"Mt. Capra Nonfat Goat Milk, 1 lb (453 g)",Unknown,False,False,False,goat_other,Unknown,,Skim/Fat-Free,Unflavored,False,False,False,False,False,False,False,False,False,0,0,,,,https://www.walmart.com/ip/Mt-Capra-Products-CapraMilk-Nonfat-Goat-Milk-Powder-1-lb/199450788?classType=REGULAR
Walmart,663940897,Anchor Milk Powder 900g (2lb),Unknown,False,False,False,"insufficient_product_signal,powder_formula",Unknown,,Unspecified,Unflavored,False,False,False,False,False,False,False,False,False,0,0,,,,https://www.walmart.com/ip/Anchor-Milk-Powder-900g-2lb/663940897?classType=REGULAR
Walmart,473348291,"Camel Milk Powder Camelicious 480g Box US Edition(24 Packets x 20g each) Non-GMO, Gluten Free Low Lactose Alternative Dry Milk Powder - Flash Pasteurized Powdered Camel Milk Longer Shelf Life",Unknown,False,False,False,"goat_other,insufficient_product_signal,powder_formula",Unknown,,Unspecified,Unflavored,False,False,False,False,False,False,False,False,False,0,0,,,,https://www.walmart.com/ip/Camel-Milk-Powder-Camelicious-480g-Box-US-Edition-24-Packets-x-20g-each-Non-GMO-Gluten-Free-Low-Lactose-Alternative-Dry-Milk-Powder-Flash-Pasteurized/473348291?classType=REGULAR
Walmart,766552955,Thick & Easy Dairy Thickened Beverage Milk 8 oz Carton 27 Ct,Unknown,False,False,False,,8 fl oz,8,Unspecified,Unflavored,False,False,False,False,False,False,False,False,False,0,0,,,,https://www.walmart.com/ip/Thick-Easy-Dairy-Thickened-Beverage-Milk-8-oz-Carton-27-Ct/766552955?classType=VARIANT
Walmart,14660611712,"Healthier Comforts Lactose Free Skim Milk Powder 7oz | High Protein, Fat Free, Non-GMO, Kosher, Gluten Free, No Fillers | Baking, Coffee Creamer, Shakes",Unknown,False,False,False,"creamer_cream,powder_formula",7 fl oz,7,Skim/Fat-Free,Unflavored,False,True,False,False,False,False,False,True,False,0,0,,,,https://www.walmart.com/ip/Healthier-Comforts-Lactose-Free-Skim-Milk-Powder-7oz/14660611712?classType=VARIANT
Walmart,303034325,Anchor Full Cream Milk Powder 2.5kg (5.8lb),Unknown,False,False,False,"insufficient_product_signal,powder_formula",Unknown,,Unspecified,Unflavored,False,False,False,False,False,False,False,False,False,0,0,,,,https://www.walmart.com/ip/Anchor-Full-Cream-Milk-Powder-2-5kg-5-8lb/303034325?classType=REGULAR
Walmart,467307730,Peak Milk Powder 400g (14.1oz),Unknown,False,False,False,powder_formula,14.1 fl oz,14.1,Unspecified,Unflavored,False,False,False,False,False,False,False,False,False,0,0,,,,https://www.walmart.com/ip/Peak-Dry-Whole-Milk-Powder-400g/467307730?classType=VARIANT
Walmart,5488050195,"Healthier Comforts Organic Whole Milk Powder 7oz | Certified USDA Organic | Kosher, Gluten Free, Non-GMO Dry Powder Whole Milk | Dried Milk w/Resealable Packaging, Shelf Stable",Unknown,False,False,True,powder_formula,7 fl oz,7,Whole,Unflavored,True,False,False,False,False,False,False,False,False,0,0,,,,https://www.walmart.com/ip/Healthier-Comforts-Organic-Whole-Milk-Powder-7oz/5488050195?classType=VARIANT
Walmart,686210095,Peak Instant Whole Milk Powder 900g,Unknown,False,False,False,powder_formula,Unknown,,Whole,Unflavored,False,False,False,False,False,False,False,False,False,0,0,,,,https://www.walmart.com/ip/Peak-Instant-Whole-Milk-Powder-900g/686210095?classType=VARIANT
Walmart,13281293,"Shamrock Foods Shamrock Farms Milk, 12 oz",Shamrock Farms,True,False,False,,12 fl oz,12,Unspecified,Unflavored,False,False,False,False,False,False,False,False,False,1,1,1.47,1.47,1.47,https://www.walmart.com/ip/Shamrock-Foods-Shamrock-Farms-Milk-12-oz/13281293?classType=REGULAR
Walmart,7251617489,"Golden Flow 1% Shelf Stable Milk, 32 oz",Unknown,False,False,True,,32 fl oz,32,1%,Unflavored,False,False,False,False,False,False,False,False,False,0,0,,,,https://www.walmart.com/ip/Golden-Flow-1-Shelf-Stable-Milk-32-oz/7251617489?classType=REGULAR
Walmart,885795999,"Organic Valley Whole Organic Milk, 64 oz - Grade A, Vitamin D3 Rich",Organic Valley,True,True,False,,Half Gallon,64,Whole,Unflavored,True,False,False,False,False,False,False,False,False,8,8,5.94,5.94,5.94,https://www.walmart.com/ip/Organic-Valley-Whole-Organic-Milk-64-oz/885795999?classType=REGULAR
Walmart,819078071,"Tres Monjitas Fresh Long-Lasting Milk 59 oz, Low-Fat 2%, Carton Refrigerated",Unknown,True,True,False,,59 fl oz,59,2%,Unflavored,False,False,False,False,False,False,False,False,False,5,5,3.98,3.98,3.98,https://www.walmart.com/ip/Tres-Monjitas-Fresh-Long-Lasting-Milk-Low-Fat-2-Refrigerated-59-oz-Carton/819078071?classType=REGULAR
Walmart,101887460,"Denia Instant Reduced Fat Powder Milk Pasteurized, and Homogenized, 1.75 lbs.",Unknown,False,False,False,powder_formula,Unknown,,2%,Unflavored,False,False,False,False,False,False,False,False,False,0,0,,,,https://www.walmart.com/ip/Denia-Instant-Reduced-Fat-Powder-Milk-Pasteurized-and-Homogenized-1-75-lbs/101887460?classType=VARIANT
Walmart,55196217,"Nestle Klim Fortificada Dry Whole Milk Powder, 28.2 oz, 1 Can",Unknown,False,False,False,powder_formula,28.2 fl oz,28.2,Whole,Unflavored,False,False,False,False,False,False,False,False,False,0,0,,,,https://www.walmart.com/ip/Nestle-Klim-Fortificada-Dry-Whole-Milk-Powder-28-2-oz-1-Can/55196217?classType=VARIANT
Walmart,20147518417,Dutch Farms Lactose Free 2% Reduce Fat Milk,Unknown,True,False,False,,Unknown,,2%,Unflavored,False,True,False,False,False,False,False,False,False,5,5,5.97,5.97,5.97,https://www.walmart.com/ip/Dutch-Farms-Lactose-Free-2-Reduce-Fat-Milk/20147518417?classType=REGULAR&athbdg=L1300
Walmart,978118310,"Nestle Carnation Instant Non fat Dry Milk, 9.625 oz, 12 Servings",Unknown,False,False,False,powder_formula,9.625 fl oz,9.625,Unspecified,Unflavored,False,False,False,False,False,False,False,False,False,0,0,,,,https://www.walmart.com/ip/Carnation-Instant-Nonfat-Dry-Milk-9-63-oz-Canister/978118310?classType=VARIANT
Walmart,16804561477,Whole Vitamin D A2/A2 Milk Gallon,a2 Milk,True,True,False,,Gallon,128,Whole,Unflavored,False,False,False,True,False,False,False,False,False,10,11,4.82,4.82,4.82,https://www.walmart.com/ip/Whole-Vitamin-D-A2-A2-Milk-Gallon/16804561477?classType=REGULAR
Walmart,16798953581,Whole Vitamin D A2/A2 Milk Half Gallon,a2 Milk,True,True,False,,Half Gallon,64,Whole,Unflavored,False,False,False,True,False,False,False,False,False,8,8,3.67,3.67,3.67,https://www.walmart.com/ip/Whole-Vitamin-D-A2-A2-Milk-Half-Gallon/16798953581?classType=REGULAR
Walmart,16802858668,Whole Vitamin D A2/A2 Milk Quart,a2 Milk,True,True,False,,32 fl oz,32,Whole,Unflavored,False,False,False,True,False,False,False,False,False,7,7,2.28,2.28,2.28,https://www.walmart.com/ip/Whole-Vitamin-D-A2-A2-Milk-Quart/16802858668?classType=REGULAR
Walmart,171213920,"Borden Whole Milk UHT 32oz, Bottle, Grade A, Natural Flavor",Borden,False,False,True,,32 fl oz,32,Whole,Unflavored,False,False,False,False,False,False,False,False,False,0,0,,,,https://www.walmart.com/ip/Borden-Whole-Milk-UHT-32oz-Bottle-Grade-A-Natural-Flavor/171213920?classType=REGULAR
Walmart,1745578975,RICA LISTAMILK TWIST CAP 12qt 12/1,Unknown,False,False,False,"insufficient_product_signal,not_milk",Unknown,,Unspecified,Unflavored,False,False,False,False,False,False,False,False,False,0,0,,,,https://www.walmart.com/ip/RICA-LISTAMILK-TWIST-CAP-12qt-12-1/1745578975?classType=REGULAR
Walmart,9829670208,"DairyPure Milk50 Original Lactose Free Skim Milk, 48 Fl Oz",Unknown,True,True,False,,48 fl oz,48,Skim/Fat-Free,Unflavored,False,True,False,False,False,False,False,False,False,11,11,4.38,4.38,4.38,https://www.walmart.com/ip/DairyPure-Milk50-Ultra-Filtered-Original-Lactose-Free-Skim-Milk-48-Fl-Oz/9829670208?classType=REGULAR
Walmart,165193092,"Maola 0% Fat Free Milk, 1 Quart",Maola,True,True,False,,32 fl oz,32,Skim/Fat-Free,Unflavored,False,False,False,False,False,False,False,False,False,2,2,3,3,3,https://www.walmart.com/ip/Maola-Fat-Free-Milk-Quart-Ultra-Pasteurized/165193092?classType=REGULAR
Walmart,134159007,"Promised Land Flavored Whole Milk with Calcium, Very Berry Strawberry, 12 fl oz",Promised Land,True,True,False,,12 fl oz,12,Whole,Strawberry,False,False,False,False,False,False,False,False,False,8,9,1.87,1.87,1.87,https://www.walmart.com/ip/Promised-Land-Whole-Milk-with-Calcium-Very-Berry-Strawberry-12-fl-oz/134159007?classType=REGULAR
Walmart,47317259,Oakhurst 1.5% Light Milk Gallon,Unknown,True,False,False,,Gallon,128,Unspecified,Unflavored,False,False,False,False,False,False,False,False,False,8,8,5.18,5.18,5.18,https://www.walmart.com/ip/Oakhurst-1-5-Light-Milk-1-Gallon/47317259?classType=REGULAR
Walmart,14284788,"Horizon Organic Vitamin D Fat Free Milk, Vitamin D Fat Free, 64 fl oz Carton",Horizon Organic,True,True,False,,Half Gallon,64,Skim/Fat-Free,Unflavored,True,False,False,False,False,False,False,False,False,22,22,5.96,5.96,5.96,https://www.walmart.com/ip/Horizon-Organic-High-Vitamin-D-Fat-Free-Milk-High-Vitamin-D-Fat-Free-64-fl-oz-Carton/14284788?classType=REGULAR
Walmart,119335935,"Oak Farms 1% Lowfat Milk, Quart",Oak Farms,True,True,False,,32 fl oz,32,1%,Unflavored,False,False,False,False,False,False,False,False,False,5,5,2.54,2.54,2.54,https://www.walmart.com/ip/Oak-Farms-1-Lowfat-Milk-32-fl-oz/119335935?classType=REGULAR
Walmart,47133236,"Crystal Creamery 2% Reduced Fat Real California Milk, 14 fl oz Plastic Bottle",Crystal Creamery,True,True,False,,14 fl oz,14,2%,Unflavored,False,False,False,False,False,False,False,False,False,10,10,1.82,1.82,1.82,https://www.walmart.com/ip/Crystal-Creamery-Real-California-Milk-Cool-Cow-2-Reduced-Fat-Milk-Plastic-Bottle-14-fl-oz/47133236?classType=REGULAR
Walmart,46942831,Humboldt Creamery Organic Fresh Creamy Vitamin D Milk 1 Gallon Jug 128 fl oz,Unknown,True,True,False,,Gallon,128,Whole,Unflavored,True,False,False,False,False,False,False,False,False,10,10,7.76,7.76,7.76,https://www.walmart.com/ip/Humboldt-Creamery-Organic-Fresh-Creamy-Vitamin-D-Milk-1-Gallon-Jug-128-fl-oz/46942831?classType=REGULAR
Walmart,168428533,United Fat Free Skim Milk quart,Unknown,True,True,False,,32 fl oz,32,Skim/Fat-Free,Unflavored,False,False,False,False,False,False,False,False,False,8,8,1.68,1.68,1.68,https://www.walmart.com/ip/United-Fat-Free-Skim-Milk-quart/168428533?classType=REGULAR
Walmart,14284789,"Horizon Organic Vitamin D 1 Percent Milk, Vitamin D Lowfat, 64 fl oz Carton",Horizon Organic,True,True,False,,Half Gallon,64,1%,Unflavored,True,False,False,False,False,False,False,False,False,21,21,5.96,5.96,5.96,https://www.walmart.com/ip/Horizon-Organic-High-Vitamin-D-1-Percent-Milk-High-Vitamin-D-Lowfat-64-fl-oz-Carton/14284789?classType=REGULAR
Walmart,344231291,"Tres Monjitas Fresh Pasteurized Milk, Grade A, 59 fl oz Carton with Extended Shelf Life",Unknown,True,False,False,,59 fl oz,59,Unspecified,Unflavored,False,False,False,False,False,False,False,False,False,12,12,3.98,3.98,3.98,https://www.walmart.com/ip/Tres-Monjitas-Fresh-Pasteurized-Milk-Grade-A-Extended-Shelf-Life-Refrigerated-59-oz-Carton/344231291?classType=REGULAR
Walmart,632999949,"Gandy's Whole Milk, Quart",Gandy's,True,True,False,,32 fl oz,32,Whole,Unflavored,False,False,False,False,False,False,False,False,False,5,5,2.78,2.78,2.78,https://www.walmart.com/ip/Gandy-s-Whole-Milk-with-Vitamin-D-32-fl-oz/632999949?classType=REGULAR
Walmart,46942848,"Crystal Creamery Whole Vitamin D Milk, 100% California, 32 fl oz Paper Carton",Crystal Creamery,True,True,False,,32 fl oz,32,Whole,Unflavored,False,False,False,False,False,False,False,False,False,9,9,2.22,2.22,2.22,https://www.walmart.com/ip/Crystal-Creamery-100-California-Whole-Milk-Vitamin-D-Paper-Carton-Quart-32-fl-oz-Refrigerated/46942848?classType=REGULAR
Walmart,46942832,Humboldt Creamery Organic Fresh Creamy Reduced Fat Milk 1 Gallon Jug 128 fl oz,Unknown,True,True,False,,Gallon,128,2%,Unflavored,True,False,False,False,False,False,False,False,False,7,7,7.88,7.88,7.88,https://www.walmart.com/ip/Humboldt-Creamery-Organic-Fresh-Creamy-Reduced-Fat-Milk-1-Gallon-Jug-128-fl-oz/46942832?classType=REGULAR
Walmart,102461022,"Maola 1% Lowfat Chocolate Milk, Gallon",Maola,True,True,False,,Gallon,128,1%,Chocolate,False,False,False,False,False,False,False,False,False,8,8,6.43,6.43,6.43,https://www.walmart.com/ip/Maola-1-Lowfat-Chocolate-Milk-Gallon/102461022?classType=REGULAR
Walmart,114467530,"Maola Fat Free Milk, Gallon",Maola,True,True,False,,Gallon,128,Skim/Fat-Free,Unflavored,False,False,False,False,False,False,False,False,False,2,2,5.38,5.38,5.38,https://www.walmart.com/ip/Maola-Fat-Free-Milk-Gallon/114467530?classType=REGULAR
Walmart,1218849104,"(4 pack) LALA Ultra-Pasteurized Lactose Free Reduced Fat Milk, 32-oz",LALA,False,False,False,,32 fl oz,32,2%,Unflavored,False,True,False,False,False,False,False,False,False,0,0,,,,https://www.walmart.com/ip/4-pack-LALA-Ultra-Pasteurized-Lactose-Free-Reduced-Fat-Milk-32-oz/1218849104?fulfillmentIntent=Shipping&filters=%5B%7B%22intent%22%3A%22fulfillmentIntent%22%2C%22values%22%3A%5B%22Shipping%22%5D%7D%5D&classType=VARIANT
Walmart,166349645,Mt. Capra Products - CapraMilk Whole Goat Milk Powder - 1 lb.,Unknown,False,False,False,"goat_other,powder_formula",Unknown,,Whole,Unflavored,False,False,False,False,False,False,False,False,False,0,0,,,,https://www.walmart.com/ip/Mt-Capra-Products-CapraMilk-Whole-Goat-Milk-Powder-1-lb/166349645?fulfillmentIntent=Shipping&filters=%5B%7B%22intent%22%3A%22fulfillmentIntent%22%2C%22values%22%3A%5B%22Shipping%22%5D%7D%5D&classType=REGULAR
Walmart,422251590,"Milkylicious Instant Fortified Non-Fat Dry Milk Powder  1 lbs (16 oz) Jar - Made in USA for Fuss-Free Nutrition Intake | Enriched with Vitamin D, Calcium & Protein | Dietary supplement for all ages",Unknown,False,False,False,powder_formula,16 fl oz,16,Unspecified,Unflavored,False,False,False,False,False,False,False,False,False,0,0,,,,https://www.walmart.com/ip/Milkylicious-Instant-Fortified-Non-Fat-Dry-Milk-Powder-1-lbs-16-oz-Jar-Made-in-USA/422251590?fulfillmentIntent=Shipping&filters=%5B%7B%22intent%22%3A%22fulfillmentIntent%22%2C%22values%22%3A%5B%22Shipping%22%5D%7D%5D&classType=VARIANT
Walmart,16371322043,Tuscan Dairy Farms Lactose Free 2% Reduced Fat Milk 96 Fl Oz Carafe,Tuscan Dairy Farms,True,True,False,,96 fl oz,96,2%,Unflavored,False,True,False,False,False,False,False,False,False,9,9,3.98,3.98,3.98,https://www.walmart.com/ip/Tuscan-Dairy-Farms-Lactose-Free-2-Milk-96oz-Plastic-Jug/16371322043?classType=REGULAR
Walmart,193859668,Country Fresh Whole Milk with Vitamin D - 64 fl oz,Country Fresh,True,True,False,,Half Gallon,64,Whole,Unflavored,False,False,False,False,False,False,False,False,False,9,9,2.84,2.84,2.84,https://www.walmart.com/ip/Country-Fresh-Whole-Milk-with-Vitamin-D-64-fl-oz/193859668?classType=REGULAR
Walmart,142448519,Country Fresh Whole Milk with Vitamin D - 32 fl oz,Country Fresh,True,True,False,,32 fl oz,32,Whole,Unflavored,False,False,False,False,False,False,False,False,False,23,23,2.72,2.72,2.72,https://www.walmart.com/ip/Country-Fresh-Whole-Milk-with-Vitamin-D-32-fl-oz/142448519?classType=REGULAR
Walmart,138626476,"Marburger Farm Dairy 1% Low-Fat Unflavored Milk, 1 Gallon",Unknown,True,True,False,,Gallon,128,1%,Unflavored,False,False,False,False,False,False,False,False,False,6,6,5.42,5.42,5.42,https://www.walmart.com/ip/Marburger-Farm-Dairy-1-Low-Fat-Unflavored-Milk-1-Gallon/138626476?classType=REGULAR
Walmart,123491186,"Marburger Farm Dairy Vitamin D, Unflavored Milk, 1 Quart",Unknown,True,False,False,,32 fl oz,32,Unspecified,Unflavored,False,False,False,False,False,False,False,False,False,1,1,2,2,2,https://www.walmart.com/ip/Marburger-Farm-Dairy-Vitamin-D-Unflavored-Milk-1-Quart/123491186?classType=REGULAR
Walmart,102528331,"Umpqua Dairy Whole Milk, Quart",Umpqua Dairy,True,True,False,,32 fl oz,32,Whole,Unflavored,False,False,False,False,False,False,False,False,False,20,20,1.76,1.76,1.76,https://www.walmart.com/ip/Umpqua-Dairy-Whole-Milk-Quart/102528331?classType=REGULAR
Walmart,161738682,"Umpqua Dairy 2% Reduced-Fat Milk, Quart",Umpqua Dairy,True,True,False,,32 fl oz,32,2%,Unflavored,False,False,False,False,False,False,False,False,False,12,12,1.68,1.68,1.68,https://www.walmart.com/ip/Umpqua-Dairy-2-Reduced-Fat-Milk-Quart/161738682?classType=REGULAR
Walmart,169890847,"Umpqua Dairy 2% Reduced-Fat Milk, Pint",Umpqua Dairy,True,True,False,,16 fl oz,16,2%,Unflavored,False,False,False,False,False,False,False,False,False,4,4,1,1,1,https://www.walmart.com/ip/Umpqua-Dairy-2-Reduced-Fat-Milk-Pint/169890847?classType=REGULAR
Walmart,47183358,"Umpqua Dairy Whole Milk, Gallon",Umpqua Dairy,True,True,False,,Gallon,128,Whole,Unflavored,False,False,False,False,False,False,False,False,False,14,14,6.12,6.12,6.12,https://www.walmart.com/ip/Umpqua-Dairy-Whole-Milk-Gallon/47183358?classType=REGULAR
Walmart,191798763,"Umpqua Dairy 1% Low-Fat Milk, Half Gallon",Umpqua Dairy,True,True,False,,Half Gallon,64,1%,Unflavored,False,False,False,False,False,False,False,False,False,8,8,3.17,3.17,3.17,https://www.walmart.com/ip/Umpqua-Dairy-1-Low-Fat-Milk-Half-Gallon/191798763?classType=REGULAR
Walmart,5356334483,Kirkland Signature Organic Whole Milk 8 Fluid Ounce (Pack of 18),Unknown,True,True,False,,8 fl oz,8,Whole,Unflavored,True,False,False,False,False,False,False,False,False,19,19,30.55,30.55,30.55,https://www.walmart.com/ip/Kirkland-Signature-Organic-Whole-Milk-8-Fluid-Ounce-Pack-of-18/5356334483?classType=REGULAR
Walmart,17320752993,"DairySky Nonfat Dry Milk Powder 64 oz | Leche en Polvo Descremada | Grade A Skim Milk Powder, Dry Milk, Resealable Pouch ( pack of 3)",Unknown,False,False,False,powder_formula,Half Gallon,64,Skim/Fat-Free,Unflavored,False,False,False,False,False,False,False,False,False,0,0,,,,https://www.walmart.com/ip/DairySky-Nonfat-Dry-Milk-Powder-64-oz-Instant-Milk-Skim-Milk-Powder-Protein-Milk-Shelf-Stable-Dairy-Powder/17320752993?classType=VARIANT
Walmart,8096859138,"(6 pack) Parmalat Lactose Free 2% Reduced Fat Milk, 32 fl oz",Parmalat,False,False,False,,32 fl oz,32,2%,Unflavored,False,True,False,False,False,False,False,False,False,0,0,,,,https://www.walmart.com/ip/6-pack-Parmalat-Lactose-Free-2-Reduced-Fat-Milk-32-fl-oz/8096859138?classType=VARIANT
Walmart,18150454714,"Healthier Comforts Organic Skim Milk Powder 7oz | Certified USDA Organic | Fat Free, Kosher, Gluten Free, Non-GMO, Shelf Stable | Perfect for Shakes, Smoothies, Coffee Creamer, Baking | Made in USA",Unknown,False,False,True,"creamer_cream,powder_formula",7 fl oz,7,Skim/Fat-Free,Unflavored,True,False,False,False,False,False,False,False,False,0,0,,,,https://www.walmart.com/ip/Healthier-Comforts-Organic-Skim-Milk-Powder-7oz-Certified-USDA-Organic-Fat-Free-Kosher-Gluten-Free-Non-GMO-Shelf-Stable-Perfect-Shakes-Smoothies-Coff/18150454714?classType=VARIANT
Walmart,429443051,"Tres Monjitas Fresh Long-Lasting Whole Milk 59 oz, Lactose-free, Carton Refrigerated",Unknown,True,True,False,,59 fl oz,59,Whole,Unflavored,False,True,False,False,False,False,False,False,False,2,2,4.98,4.98,4.98,https://www.walmart.com/ip/Tres-Monjitas-Fresh-Long-Lasting-Whole-Milk-Lactose-free-59-oz-Carton/429443051?classType=REGULAR&athbdg=L1300
Walmart,993108195,"Tres Monjitas Long Lasting Milk 59oz, Lactose-free, Low Fat 2%, Carton Refrigerated",Unknown,True,True,False,,59 fl oz,59,2%,Unflavored,False,True,False,False,False,False,False,False,False,2,2,4.98,4.98,4.98,https://www.walmart.com/ip/Tres-Monjitas-Long-Lasting-Milk-Lactose-free-Low-Fat-2-59oz-Carton/993108195?classType=REGULAR&athbdg=L1300
Walmart,23623744,"Promised Land Flavored Whole Milk with Calcium, Berry Strawberry, 32 fl oz",Promised Land,True,True,False,,32 fl oz,32,Whole,Strawberry,False,False,False,False,False,False,False,False,False,6,6,3.97,3.97,3.97,https://www.walmart.com/ip/Promised-Land-Very-Berry-Strawberry-Milk-1-Quart/23623744?classType=REGULAR
Walmart,134238985,"Price's 2% Reduced Fat Milk with Vitamin A and D, Milk Gallon - 1 Jug",Unknown,True,True,False,,Gallon,128,2%,Unflavored,False,False,False,False,False,False,False,False,False,17,21,4.98,4.98,4.98,https://www.walmart.com/ip/Price-s-2-Reduced-Fat-Milk-with-Vitamin-A-and-D-Milk-Gallon-1-Jug/134238985?classType=REGULAR
Walmart,184681845,Country Fresh 2% Reduced Fat Milk Quart - 1 Jug,Country Fresh,True,True,False,,32 fl oz,32,2%,Unflavored,False,False,False,False,False,False,False,False,False,3,3,2.72,2.72,2.72,https://www.walmart.com/ip/Country-Fresh-2-Reduced-Fat-Milk-Quart-1-Jug/184681845?classType=REGULAR
Walmart,21982725,Cass-Clay Whole Milk with Vitamin D - 128 fl oz,Cass-Clay,True,True,False,,Gallon,128,Whole,Unflavored,False,False,False,False,False,False,False,False,False,9,9,5,5,5,https://www.walmart.com/ip/Cass-Clay-Whole-Milk-with-Vitamin-D-128-fl-oz/21982725?classType=REGULAR
Walmart,21982732,Cass-Clay 2& Reduced Fat Milk - 64 fl oz,Cass-Clay,True,True,False,,Half Gallon,64,2%,Unflavored,False,False,False,False,False,False,False,False,False,8,8,2.48,2.48,2.48,https://www.walmart.com/ip/Cass-Clay-2-Reduced-Fat-Milk-64-fl-oz/21982732?classType=REGULAR
Walmart,5173187235,"Shamrock Farms Whole Milk ESL, 64oz Carton",Shamrock Farms,True,True,False,,Half Gallon,64,Whole,Unflavored,False,False,False,False,False,False,False,False,False,8,8,3.98,3.98,3.98,https://www.walmart.com/ip/Shamrock-Farms-Whole-Milk-1-2-Gal/5173187235?classType=REGULAR
Walmart,128024363,"Reiter Dairy 2% Reduced Fat Milk with Vitamin A and D, Milk Gallon - 1 Jug",Reiter Dairy,True,True,False,,Gallon,128,2%,Unflavored,False,False,False,False,False,False,False,False,False,5,5,4.18,4.18,4.18,https://www.walmart.com/ip/Reiter-Dairy-2-Reduced-Fat-Milk-with-Vitamin-A-and-D-Milk-Gallon-1-Jug/128024363?classType=REGULAR
Walmart,170431326,"Reiter Dairy 1% Low Fat Milk with Vitamin A and D, Milk Gallon - 1 Jug",Reiter Dairy,True,True,False,,Gallon,128,1%,Unflavored,False,False,False,False,False,False,False,False,False,4,4,4.18,4.18,4.18,https://www.walmart.com/ip/Reiter-Dairy-1-Low-Fat-Milk-with-Vitamin-A-and-D-Milk-Gallon-1-Jug/170431326?classType=REGULAR
Walmart,170473707,Reiter 1% Low Fat Milk - 64 fl oz,Unknown,True,True,False,,Half Gallon,64,1%,Unflavored,False,False,False,False,False,False,False,False,False,5,5,2.67,2.67,2.67,https://www.walmart.com/ip/Reiter-1-Low-Fat-Milk-64-fl-oz/170473707?classType=REGULAR
Walmart,181390307,Reiter Fat Free Skim Milk - 32 fl oz,Unknown,True,True,False,,32 fl oz,32,Skim/Fat-Free,Unflavored,False,False,False,False,False,False,False,False,False,1,1,2.32,2.32,2.32,https://www.walmart.com/ip/Reiter-Fat-Free-Skim-Milk-32-fl-oz/181390307?classType=REGULAR
Walmart,179776980,Reiter Fat Free Skim Milk - 64 fl oz,Unknown,True,True,False,,Half Gallon,64,Skim/Fat-Free,Unflavored,False,False,False,False,False,False,False,False,False,2,2,2.67,2.67,2.67,https://www.walmart.com/ip/Reiter-Fat-Free-Skim-Milk-64-fl-oz/179776980?classType=REGULAR
Walmart,137494386,Turner's Whole Milk- Gallon,Unknown,True,True,False,,Gallon,128,Whole,Unflavored,False,False,False,False,False,False,False,False,False,3,3,5.78,5.78,5.78,https://www.walmart.com/ip/Turner-s-Whole-Milk-Gallon/137494386?classType=REGULAR
Walmart,469918707,Turner's Whole Milk- Half Gallon,Unknown,True,True,False,,Half Gallon,64,Whole,Unflavored,False,False,False,False,False,False,False,False,False,3,3,3.06,3.06,3.06,https://www.walmart.com/ip/Turner-s-Whole-Milk-Half-Gallon/469918707?classType=REGULAR
Walmart,159781516,"Garelick Farms 1% Lowfat Milk, Quart",Garelick Farms,True,True,False,,32 fl oz,32,1%,Unflavored,False,False,False,False,False,False,False,False,False,11,11,1.22,1.22,1.22,https://www.walmart.com/ip/Garelick-Farms-1-Lowfat-Milk-32-fl-oz/159781516?classType=REGULAR
Walmart,110827249,"Crowley Whole Milk, 128 oz",Unknown,True,True,False,,Gallon,128,Whole,Unflavored,False,False,False,False,False,False,False,False,False,10,10,4.43,4.43,4.43,https://www.walmart.com/ip/Crowley-Whole-Milk-128-oz/110827249?classType=REGULAR
Walmart,181087661,"Crowley 2% Reduced Fat Milk, 32oz",Unknown,True,True,False,,32 fl oz,32,2%,Unflavored,False,False,False,False,False,False,False,False,False,9,9,1.28,1.28,1.28,https://www.walmart.com/ip/Crowley-2-Reduced-Fat-Milk-32oz/181087661?classType=REGULAR
Walmart,150556472,"Crowley 2% Reduced Fat Milk, 64oz",Unknown,True,True,False,,Half Gallon,64,2%,Unflavored,False,False,False,False,False,False,False,False,False,11,11,2.28,2.28,2.28,https://www.walmart.com/ip/Crowley-2-Reduced-Fat-Milk-64oz/150556472?classType=REGULAR
Walmart,857725320,"Promised Land Flavored Whole Milk with Calcium, Midnight Chocolate, 12 fl oz",Promised Land,True,True,False,,12 fl oz,12,Whole,Chocolate,False,False,False,False,False,False,False,False,False,3,3,1.87,1.87,1.87,https://www.walmart.com/ip/Promised-Land-Whole-Milk-with-Calcium-Midnight-Chocolate-12-fl-oz/857725320?classType=REGULAR
Walmart,22259157,"Organic Valley Organic 1% Low Fat Milk, Half Gallon, 64 fl oz",Organic Valley,True,True,False,,Half Gallon,64,1%,Unflavored,True,False,False,False,False,False,False,False,False,1,1,6.26,6.26,6.26,https://www.walmart.com/ip/Organic-Valley-Organic-1-Lowfat-Milk-64-oz/22259157?classType=REGULAR
Walmart,184139385,Tuscan Dairy Farms Fat Free Skim Milk - 32 fl oz,Tuscan Dairy Farms,True,True,False,,32 fl oz,32,Skim/Fat-Free,Unflavored,False,False,False,False,False,False,False,False,False,14,14,1.48,1.48,1.48,https://www.walmart.com/ip/Tuscan-Dairy-Farms-Fat-Free-Skim-Milk-32-fl-oz/184139385?classType=REGULAR
Walmart,175886219,Tuscan Dairy Farms 1% Lowfat Milk - 32 fl oz,Tuscan Dairy Farms,True,True,False,,32 fl oz,32,1%,Unflavored,False,False,False,False,False,False,False,False,False,25,25,1.48,1.48,1.48,https://www.walmart.com/ip/Tuscan-Dairy-Farms-1-Lowfat-Milk-32-fl-oz/175886219?classType=REGULAR
Walmart,8934321389,Tuscan Milk 1% Lowfat Pint Plastic Bottle,Unknown,True,True,False,,16 fl oz,16,1%,Unflavored,False,False,False,False,False,False,False,False,False,3,3,1.32,1.32,1.32,https://www.walmart.com/ip/Tuscan-Milk-1-Lowfat-Pint-Plastic-Bottle/8934321389?classType=REGULAR
Walmart,146194283,"Gandy's 2% Reduced Fat Milk, Pint",Gandy's,True,True,False,,16 fl oz,16,2%,Unflavored,False,False,False,False,False,False,False,False,False,1,1,1.57,1.57,1.57,https://www.walmart.com/ip/Gandy-s-2-Reduced-Fat-Milk-16-fl-oz/146194283?classType=REGULAR
Walmart,142843131,"Gandy's Whole Milk, Pint",Gandy's,True,True,False,,16 fl oz,16,Whole,Unflavored,False,False,False,False,False,False,False,False,False,1,1,1.57,1.57,1.57,https://www.walmart.com/ip/Gandy-s-Whole-Milk-with-Vitamin-D-16-fl-oz/142843131?classType=REGULAR
Walmart,44390983,"Horizon Organic Vitamin D Whole Milk, 1 Gallon",Horizon Organic,True,True,False,,Gallon,128,Whole,Unflavored,True,False,False,False,False,False,False,False,False,5,5,9.97,9.97,9.97,https://www.walmart.com/ip/Horizon-Organic-Vitamin-D-Whole-Milk-1-Gallon/44390983?classType=REGULAR
Walmart,5170475125,TEXAS BLUEBONNET WHOLE MILK GALLON,Unknown,True,True,False,,Gallon,128,Whole,Unflavored,False,False,False,False,False,False,False,False,False,4,4,3.67,3.67,3.67,https://www.walmart.com/ip/TEXAS-BLUEBONNET-WHOLE-MILK-GALLON/5170475125?classType=REGULAR
Walmart,1926495203,TEXAS BLUEBONNET REDUCED FAT 2% MILK HALF GALLON,Unknown,True,True,False,,Half Gallon,64,2%,Unflavored,False,False,False,False,False,False,False,False,False,4,4,2.24,2.24,2.24,https://www.walmart.com/ip/90/1926495203?classType=REGULAR
Walmart,111139181,T.G. Lee 1% Low Fat Milk - 128 fl oz,T.G. Lee,True,True,False,,Gallon,128,1%,Unflavored,False,False,False,False,False,False,False,False,False,3,3,4.92,4.92,4.92,https://www.walmart.com/ip/T-G-Lee-1-Low-Fat-Milk-128-fl-oz/111139181?classType=REGULAR
Walmart,196381184,T.G. Lee 2% Reduced Fat Milk - 64 fl oz,T.G. Lee,True,True,False,,Half Gallon,64,2%,Unflavored,False,False,False,False,False,False,False,False,False,4,4,3.37,3.37,3.37,https://www.walmart.com/ip/T-G-Lee-2-Reduced-Fat-Milk-64-fl-oz/196381184?athAsset=eyJhdGhjcGlkIjoiMTk2MzgxMTg0IiwiYXRoc3RpZCI6IkNTMDQwIiwiYXRoYWUiOnsiYWVycyI6eyJBRFNfUkVWIjowLjAsIk9SR19BVENSIjowLjAwNDkwNjQxNTkzOTMzMTA1NX0sImFlIjowLjA5NzYwODU2NjI4NDE3OTY5LCJhZXdyIjoiT1JHX0FUQ1IifX0%3D&classType=REGULAR
Walmart,49933022,"Producers 1% Low-Fat Milk, Half Gallon",Unknown,True,True,False,,Half Gallon,64,1%,Unflavored,False,False,False,False,False,False,False,False,False,13,15,3.24,3.24,3.24,https://www.walmart.com/ip/Producers-1-Low-Fat-Milk-Half-Gallon/49933022?classType=REGULAR
Walmart,15344809234,"(3 pack) Schneider's Dairy, 1% Low Fat Milk, 1 Gallon Jug",Unknown,False,False,False,,Gallon,128,1%,Unflavored,False,False,False,False,False,False,False,False,False,0,0,,,,https://www.walmart.com/ip/3-pack-Schneider-Valley-Farm-1-Low-Fat-Milk-1-Gallon/15344809234?classType=REGULAR
Walmart,136066005,Dean's Dairy Whole Milk with Vitamin D - 32 fl oz,Dean's,True,True,False,,32 fl oz,32,Whole,Unflavored,False,False,False,False,False,False,False,False,False,4,4,1.78,1.78,1.78,https://www.walmart.com/ip/Dean-s-Dairy-Whole-Milk-with-Vitamin-D-32-fl-oz/136066005?classType=REGULAR
Walmart,121091733,"The Farmer's Cow Whole Milk, Half Gallon",Unknown,True,True,False,,Half Gallon,64,Whole,Unflavored,False,False,False,False,False,False,False,False,False,2,2,4.12,4.12,4.12,https://www.walmart.com/ip/The-Farmer-s-Cow-Whole-Milk-Half-Gallon/121091733?classType=REGULAR
Walmart,46400597,United Dairy Ultra Skim Fat Free Milk Half Gallon,United Dairy,True,True,False,,Half Gallon,64,Skim/Fat-Free,Unflavored,False,False,False,False,False,False,False,False,False,4,4,2.5,2.5,2.5,https://www.walmart.com/ip/United-Dairy-Ultra-Skim-Fat-Free-Milk-Half-Gallon/46400597?classType=REGULAR
Walmart,11964652,"Darigold Fat Free Milk, 1 Quart, 32 fl oz Carton",Darigold,True,True,False,,32 fl oz,32,Skim/Fat-Free,Unflavored,False,False,False,False,False,False,False,False,False,3,3,2.62,2.62,2.62,https://www.walmart.com/ip/Darigold-Fat-Free-Milk-1-Quart-32-fl-oz-Carton/11964652?classType=REGULAR
Walmart,11964654,"Darigold 1% Low Fat Milk, 1 Quart, 32 fl oz Carton",Darigold,True,True,False,,32 fl oz,32,1%,Unflavored,False,False,False,False,False,False,False,False,False,8,8,2.62,2.62,2.62,https://www.walmart.com/ip/Darigold-1-Low-Fat-Milk-1-Quart-32-fl-oz-Carton/11964654?classType=REGULAR
Walmart,46942851,"Crystal Creamery Fat Free Gluten Free Real California Milk, Gallon Jug, 128 fl oz",Crystal Creamery,True,True,False,,Gallon,128,Skim/Fat-Free,Unflavored,False,False,False,False,False,False,False,False,False,2,2,5.22,5.22,5.22,https://www.walmart.com/ip/Crystal-Creamery-Real-California-Milk-Fat-Free-Gluten-Free-Milk-Plastic-Jug-Gallon128-fl-oz/46942851?classType=REGULAR
Walmart,183464229,"Jilbert Dairy Whole Milk with Vitamin D, Whole Milk Gallon - 1 Jug",Unknown,True,True,False,,Gallon,128,Whole,Unflavored,False,False,False,False,False,False,False,False,False,4,4,5.47,5.47,5.47,https://www.walmart.com/ip/Jilbert-Dairy-Whole-Milk-with-Vitamin-D-Whole-Milk-Gallon-1-Jug/183464229?classType=REGULAR
Walmart,104300391,"Jilbert Dairy 1% Low Fat Milk with Vitamin A and D, Milk Gallon - 1 Jug",Unknown,True,True,False,,Gallon,128,1%,Unflavored,False,False,False,False,False,False,False,False,False,5,5,4.88,4.88,4.88,https://www.walmart.com/ip/Jilbert-Dairy-1-Low-Fat-Milk-with-Vitamin-A-and-D-Milk-Gallon-1-Jug/104300391?classType=REGULAR
Walmart,167719886,Jilbert 2% Reduced Fat Milk - 128 fl oz,Unknown,True,True,False,,Gallon,128,2%,Unflavored,False,False,False,False,False,False,False,False,False,5,5,2.93,2.93,2.93,https://www.walmart.com/ip/Jilbert-2-Reduced-Fat-Milk-128-fl-oz/167719886?classType=REGULAR
Walmart,162538509,"Jilbert Dairy 2% Reduced Fat Milk with Vitamin A and D, Milk Half Gallon - 1 Jug",Unknown,True,True,False,,Half Gallon,64,2%,Unflavored,False,False,False,False,False,False,False,False,False,5,5,5.28,5.28,5.28,https://www.walmart.com/ip/Jilbert-Dairy-2-Reduced-Fat-Milk-with-Vitamin-A-and-D-Milk-Half-Gallon-1-Jug/162538509?classType=REGULAR
Walmart,105971879,Jilbert 1% Low Fat Milk - 64 fl oz,Unknown,True,True,False,,Half Gallon,64,1%,Unflavored,False,False,False,False,False,False,False,False,False,5,5,2.86,2.86,2.86,https://www.walmart.com/ip/Jilbert-1-Low-Fat-Milk-64-fl-oz/105971879?classType=REGULAR
Walmart,53986351,"Horizon Organic Shelf Stable 1% Lowfat Strawberry Milk Boxes, 8 fl oz, 12 Count",Horizon Organic,False,False,True,,8 fl oz,8,1%,Strawberry,True,False,False,False,False,False,False,False,False,0,0,,,,https://www.walmart.com/ip/Horizon-Organic-Shelf-Stable-1-Low-Fat-Milk-Boxes-Strawberry-8-fl-oz-12-Pack/53986351?classType=VARIANT
Walmart,10309699,"Horizon Organic Vitamin D Nonfat Milk, Vitamin D Fat Free, 64 fl oz Carton",Horizon Organic,True,True,False,,Half Gallon,64,Skim/Fat-Free,Unflavored,True,False,False,False,False,False,False,False,False,10,11,2.98,2.98,2.98,https://www.walmart.com/ip/Horizon-Organic-High-Vitamin-D-Nonfat-Milk-High-Vitamin-D-Fat-Free-64-fl-oz-Carton/10309699?classType=REGULAR
Walmart,105377269,PET Dairy 2% Reduced Fat Milk - 64 fl oz,PET Dairy,True,True,False,,Half Gallon,64,2%,Unflavored,False,False,False,False,False,False,False,False,False,8,8,1.58,1.58,1.58,https://www.walmart.com/ip/PET-Dairy-2-Reduced-Fat-Milk-64-fl-oz/105377269?classType=REGULAR
Walmart,100045812,Country Fresh 2% Reduced Fat Milk Gallon - 1 Jug,Country Fresh,True,True,False,,Gallon,128,2%,Unflavored,False,False,False,False,False,False,False,False,False,3,3,4.5,4.5,4.5,https://www.walmart.com/ip/Country-Fresh-2-Reduced-Fat-Milk-Gallon-1-Jug/100045812?classType=REGULAR
Walmart,166547020,"Clover Farms Vitamin D Milk, Half Gallon",Unknown,True,True,False,,Half Gallon,64,Whole,Unflavored,False,False,False,False,False,False,False,False,False,2,2,2.83,2.83,2.83,https://www.walmart.com/ip/Clover-Farms-Vitamin-D-Milk-Half-Gallon/166547020?classType=REGULAR
Walmart,291890593,"Darigold Whole Lactose Free Ultra Filtered Milk, Refrigerated, 59 oz Carton",Darigold,True,True,False,,59 fl oz,59,Whole,Unflavored,False,True,True,False,False,False,False,False,False,2,2,4.92,4.92,4.92,https://www.walmart.com/ip/Darigold-Whole-Lactose-Free-Ultra-Filtered-Milk-59-0-oz-Carton/291890593?classType=REGULAR
Walmart,199685694,"Purity Sweet Acidophilus 1% Lowfat Milk with Vitamin A and D, Lowfat Milk Gallon - 1 Jug",Purity,True,True,False,,Gallon,128,1%,Unflavored,False,False,False,False,False,False,False,False,False,5,5,5.17,5.17,5.17,https://www.walmart.com/ip/Purity-Sweet-Acidophilus-1-Lowfat-Milk-with-Vitamin-A-and-D-Lowfat-Milk-Gallon-1-Jug/199685694?classType=REGULAR
Walmart,841243549,"Darigold FIT Chocolate Ultra-Filtered Milk, Reduced Fat, Lactose Free, 59 fl oz Carton",Darigold,True,True,False,,59 fl oz,59,2%,Chocolate,False,True,True,False,False,False,False,False,False,1,1,4.92,4.92,4.92,https://www.walmart.com/ip/Darigold-FIT-Chocolate-Ultra-Filtered-Milk-Reduced-Fat-Lactose-Free-59-fl-oz-Carton/841243549?classType=REGULAR
Walmart,44460244,"Central Vitamin D Milk, 1 gal",Unknown,True,True,False,,Gallon,128,Whole,Unflavored,False,False,False,False,False,False,False,False,False,10,10,5.63,5.63,5.63,https://www.walmart.com/ip/Central-Vitamin-D-Milk-1-gal/44460244?classType=REGULAR
Walmart,21982731,Cass-Clay 2% Reduced Fat Milk - 128 fl oz,Cass-Clay,True,True,False,,Gallon,128,2%,Unflavored,False,False,False,False,False,False,False,False,False,7,7,5.27,5.27,5.27,https://www.walmart.com/ip/Cass-Clay-2-Reduced-Fat-Milk-128-fl-oz/21982731?classType=REGULAR
Walmart,21982728,Cass-Clay 1% Low Fat Milk - 64 fl oz,Cass-Clay,True,True,False,,Half Gallon,64,1%,Unflavored,False,False,False,False,False,False,False,False,False,6,6,3,3,3,https://www.walmart.com/ip/Cass-Clay-1-Low-Fat-Milk-64-fl-oz/21982728?classType=REGULAR
Walmart,685686737,"Borden 2% Reduced Fat Milk, 1 Quart Bottle, Liquid, Refrigerated, Contains Milk, Unflavored",Borden,True,True,False,,32 fl oz,32,2%,Unflavored,False,False,False,False,False,False,False,False,False,8,8,2.28,2.28,2.28,https://www.walmart.com/ip/Borden-2-Reduced-Fat-Milk-1-Quart-Bottle-Liquid-Refrigerated-Contains-Milk-Unflavored/685686737?classType=REGULAR
Walmart,47456251,"Borden 2% Milk, 1 Half Gallon Jug, Liquid, Refrigerated, Contains Milk, Unflavored",Borden,True,True,False,,Half Gallon,64,2%,Unflavored,False,False,False,False,False,False,False,False,False,3,3,3,3,3,https://www.walmart.com/ip/Borden-2-Milk-1-Half-Gallon-Jug-Liquid-Refrigerated-Contains-Milk-Unflavored/47456251?classType=REGULAR
Walmart,176397978,"Plains Dairy Whole Milk, Vitamin D Milk, Full Fat, 1 Gallon Jug",Unknown,True,True,False,,Gallon,128,Whole,Unflavored,False,False,False,False,False,False,False,False,False,9,10,5.22,5.22,5.22,https://www.walmart.com/ip/Plains-Dairy-Whole-Milk-Vitamin-D-Milk-Full-Fat-1-Gallon-Jug/176397978?classType=REGULAR
Walmart,22225865,"Crowley Whole Milk, 32 oz",Unknown,True,True,False,,32 fl oz,32,Whole,Unflavored,False,False,False,False,False,False,False,False,False,8,8,1.26,1.26,1.26,https://www.walmart.com/ip/Crowley-Whole-Milk-32-oz/22225865?classType=REGULAR
Walmart,190442604,"Crowley Whole Milk, 64oz",Unknown,True,True,False,,Half Gallon,64,Whole,Unflavored,False,False,False,False,False,False,False,False,False,9,9,2.32,2.32,2.32,https://www.walmart.com/ip/Crowley-Whole-Milk-64oz/190442604?classType=REGULAR
Walmart,123276791,"Crowley 1% Low-Fat Milk, 64oz",Unknown,True,True,False,,Half Gallon,64,1%,Unflavored,False,False,False,False,False,False,False,False,False,6,6,2.17,2.17,2.17,https://www.walmart.com/ip/Crowley-1-Low-Fat-Milk-64oz/123276791?classType=REGULAR
Walmart,192410374,"Crowley 2% Reduced Fat Milk, 128 oz",Unknown,True,True,False,,Gallon,128,2%,Unflavored,False,False,False,False,False,False,False,False,False,3,3,4.12,4.12,4.12,https://www.walmart.com/ip/Crowley-2-Reduced-Fat-Milk-128-oz/192410374?classType=REGULAR
Walmart,51259508,"DairyPure 1% Lactose Free Milk with Vitamin A and D, Ultra-Pasteurized Low Fat Milk Carton - Half Gallon",Unknown,True,True,False,,Half Gallon,64,1%,Unflavored,False,True,False,False,False,False,False,False,False,2,2,3.87,3.87,3.87,https://www.walmart.com/ip/DairyPure-1-Lactose-Free-Milk-with-Vitamin-A-and-D-Ultra-Pasteurized-Low-Fat-Milk-Carton-Half-Gallon/51259508?classType=REGULAR
Walmart,13324109603,"(2 pack) Horizon Organic Shelf Stable Whole Milk Boxes, 8 fl oz, 12 Count​",Horizon Organic,False,False,True,,8 fl oz,8,Whole,Unflavored,True,False,False,False,False,False,False,False,False,0,0,,,,https://www.walmart.com/ip/2-pack-Horizon-Organic-Shelf-Stable-Whole-Milk-Boxes-8-fl-oz-12-Pack/13324109603?classType=VARIANT
Walmart,21838835,"UPSTATE FARMS 1% Low Fat Milk, 64 Fl Oz",Unknown,True,True,False,,Half Gallon,64,1%,Unflavored,False,False,False,False,False,False,False,False,False,14,14,2.48,2.48,2.48,https://www.walmart.com/ip/UPSTATE-FARMS-1-Low-Fat-Milk-64-Fl-Oz/21838835?classType=REGULAR
Walmart,813519830,Turner's 1% Milk- Gallon,Unknown,True,True,False,,Gallon,128,1%,Unflavored,False,False,False,False,False,False,False,False,False,1,1,5.12,5.12,5.12,https://www.walmart.com/ip/Turner-s-1-Milk-Gallon/813519830?classType=REGULAR
Walmart,45595258,"Hiland Fat Free Skim Milk, Quart 32 Fl Oz",Hiland,True,True,False,,32 fl oz,32,Skim/Fat-Free,Unflavored,False,False,False,False,False,False,False,False,False,6,6,2.78,2.78,2.78,https://www.walmart.com/ip/Hiland-Fat-Free-Skim-Milk-1-Quart/45595258?classType=REGULAR
Walmart,43269806,"Prairie Farms Dairy 1% Lowfat Milk, 0.5 Gallon",Prairie Farms,True,True,False,,Half Gallon,64,1%,Unflavored,False,False,False,False,False,False,False,False,False,4,4,3.38,3.38,3.38,https://www.walmart.com/ip/Prairie-Farms-Dairy-1-Lowfat-Milk-0-5-Gallon/43269806?classType=REGULAR
Walmart,44460248,"Central 1% Lowfat Fat Milk, 1 gal",Unknown,True,True,False,,Gallon,128,1%,Unflavored,False,False,False,False,False,False,False,False,False,6,6,5.63,5.63,5.63,https://www.walmart.com/ip/Central-1-Lowfat-Fat-Milk-1-gal/44460248?classType=REGULAR
Walmart,863710831,"fairlife 2% Reduced Fat Ultra Filtered Milk, 14 fl oz",fairlife,True,True,False,,14 fl oz,14,2%,Unflavored,False,False,True,False,False,False,False,False,False,4,4,3.06,3.06,3.06,https://www.walmart.com/ip/fairlife-2-Reduced-Fat-Ultra-Filtered-Milk-14-fl-oz/863710831?classType=VARIANT
Walmart,110166926,"PET Dairy 2% Reduced Fat Milk with Vitamin A and D, Milk Gallon - 1 Jug",PET Dairy,True,True,False,,Gallon,128,2%,Unflavored,False,False,False,False,False,False,False,False,False,15,15,4.72,4.72,4.72,https://www.walmart.com/ip/PET-Dairy-2-Reduced-Fat-Milk-with-Vitamin-A-and-D-Milk-Gallon-1-Jug/110166926?classType=REGULAR
Walmart,46942853,Crystal Creamery Real California Fresh All-Natural Half & Half Paper Carton 1/2 Gallon 64 fl oz,Crystal Creamery,False,False,False,"creamer_cream,not_milk",Gallon,128,Unspecified,Unflavored,False,False,False,False,False,False,False,False,False,0,0,,,,https://www.walmart.com/ip/Crystal-Creamery-Real-California-Fresh-All-Natural-Half-Half-Paper-Carton-1-2-Gallon-64-fl-oz/46942853?classType=REGULAR
Walmart,46942849,"Crystal Creamery 100% California 2% Reduced Fat Milk, 32 fl oz Paper Carton",Crystal Creamery,True,True,False,,32 fl oz,32,2%,Unflavored,False,False,False,False,False,False,False,False,False,4,4,2.34,2.34,2.34,https://www.walmart.com/ip/Crystal-Creamery-100-California-2-Reduced-Fat-Milk-Paper-Carton-Quart-32-fl-oz-Refrigerated/46942849?classType=REGULAR
Walmart,46942838,"Crystal Creamery 1% Low Fat Real California Milk, Gluten Free, Gallon, Plastic Jug",Crystal Creamery,True,True,False,,Gallon,128,1%,Unflavored,False,False,False,False,False,False,False,False,False,1,1,5.83,5.83,5.83,https://www.walmart.com/ip/Crystal-Creamery-Real-California-Milk-1-Low-Fat-Gluten-Free-Milk-Plastic-Jug-Gallon128-fl-oz/46942838?classType=REGULAR
Walmart,46942847,"Crystal Creamery Fresh 1% Low-Fat California Milk, 32 oz Carton",Crystal Creamery,True,True,False,,32 fl oz,32,1%,Unflavored,False,False,False,False,False,False,False,False,False,2,2,2.37,2.37,2.37,https://www.walmart.com/ip/Crystal-Creamery-Fresh-Grade-A-100-California-1-Low-Fat-Milk-Paper-Carton-Quart-32-fl-oz-Refrigerated/46942847?classType=REGULAR
Walmart,47456244,"Borden Fat Free Skim Milk, 1 Half Gallon Jug, Liquid, Refrigerated, Contains Milk, Unflavored",Borden,True,True,False,,Half Gallon,64,Skim/Fat-Free,Unflavored,False,False,False,False,False,False,False,False,False,3,3,3.13,3.13,3.13,https://www.walmart.com/ip/Borden-Fat-Free-Skim-Milk-1-Half-Gallon-Jug-Liquid-Refrigerated-Contains-Milk-Unflavored/47456244?classType=REGULAR
Walmart,47455622,"Borden Fat Free Skim Milk, 1 Gallon Jug, Liquid, Refrigerated, Contains Milk, Unflavored",Borden,True,True,False,,Gallon,128,Skim/Fat-Free,Unflavored,False,False,False,False,False,False,False,False,False,2,2,5.33,5.33,5.33,https://www.walmart.com/ip/Borden-Fat-Free-Skim-Milk-1-Gallon-Jug-Liquid-Refrigerated-Contains-Milk-Unflavored/47455622?classType=REGULAR
Walmart,2083395811,"Alaska Range Dairy Whole Milk Plastic Gallon, (1 Jug)",Unknown,True,True,False,,Gallon,128,Whole,Unflavored,False,False,False,False,False,False,False,False,False,6,6,8,8,8,https://www.walmart.com/ip/1-Gallon-Whole-Milk-Plastic-jug/2083395811?classType=REGULAR
Walmart,11964684,"Shamrock Farms Milk Reduced Fat Vanilla Milk, 12oz",Shamrock Farms,True,True,False,,12 fl oz,12,2%,Vanilla,False,False,False,False,False,False,False,False,False,2,2,1.47,1.47,1.47,https://www.walmart.com/ip/Shamrock-Farms-Milk-Reduced-Fat-Vanilla-Milk-12-Oz/11964684?classType=REGULAR
Walmart,21982726,Cass-Clay Whole Milk with Vitamin D - 64 fl oz,Cass-Clay,True,True,False,,Half Gallon,64,Whole,Unflavored,False,False,False,False,False,False,False,False,False,5,5,2.54,2.54,2.54,https://www.walmart.com/ip/Cass-Clay-Whole-Milk-with-Vitamin-D-64-fl-oz/21982726?classType=REGULAR
Walmart,21982733,Cass-Clay Fat Free Skim Milk - 128 fl oz,Cass-Clay,True,True,False,,Gallon,128,Skim/Fat-Free,Unflavored,False,False,False,False,False,False,False,False,False,4,4,4.64,4.64,4.64,https://www.walmart.com/ip/Cass-Clay-Fat-Free-Skim-Milk-128-fl-oz/21982733?classType=REGULAR
Walmart,156649261,Jilbert Whole Milk with Vitamin D - 64 fl oz,Unknown,True,True,False,,Half Gallon,64,Whole,Unflavored,False,False,False,False,False,False,False,False,False,3,3,2.93,2.93,2.93,https://www.walmart.com/ip/Jilbert-Whole-Milk-with-Vitamin-D-64-fl-oz/156649261?classType=REGULAR
Walmart,24414358,"Nesquik Strawberry Milk, Lowfat Milk Beverage, Breakfast Drink, Strawberry Drink 14 fl oz",Nesquik,True,True,False,,14 fl oz,14,1%,Strawberry,False,False,False,False,False,False,False,False,False,2,2,1.48,1.48,1.48,https://www.walmart.com/ip/Nesquik-Strawberry-Milk-Ready-to-Drink-Low-fat-Milk-14-fl-o-14-fl-oz/24414358?classType=REGULAR
Walmart,129431113,"Schneider Valley Farm 2% Reduced Fat Milk, Half Gallon",Unknown,True,True,False,,Half Gallon,64,2%,Unflavored,False,False,False,False,False,False,False,False,False,5,5,2.94,2.94,2.94,https://www.walmart.com/ip/Schneider-Valley-Farm-2-Reduced-Fat-Milk-Half-Gallon/129431113?classType=REGULAR
Walmart,190887928,Mayfield Whole Milk with Vitamin D - 32 fl oz,Mayfield,True,True,False,,32 fl oz,32,Whole,Unflavored,False,False,False,False,False,False,False,False,False,1,1,2.34,2.34,2.34,https://www.walmart.com/ip/Mayfield-Whole-Milk-with-Vitamin-D-32-fl-oz/190887928?classType=REGULAR
Walmart,1687806281,"Borden UHT Reduced Fat Milk, 2% Milkfat,  8 oz. Bottles , 4 Pack, Shelf-Stable",Borden,False,False,True,,8 fl oz,8,2%,Unflavored,False,False,False,False,False,False,False,False,False,0,0,,,,https://www.walmart.com/ip/Borden-UHT-Reduced-Fat-Milk-2-Milkfat-8-oz-Bottles-4-Pack-Shelf-Stable/1687806281?classType=REGULAR
Walmart,417530349,Meadow Gold Dairy Pure Hgal Mg Whole Milk,Meadow Gold,True,False,False,,Unknown,,Whole,Unflavored,False,False,False,False,False,False,False,False,False,6,6,5.68,5.68,5.68,https://www.walmart.com/ip/Dairy-Pure-Hgal-Mg-Whole-Milk/417530349?classType=REGULAR
Walmart,592085949,Dairy Pure Gal Mg Whole Milk,Unknown,True,False,False,,Unknown,,Whole,Unflavored,False,False,False,False,False,False,False,False,False,2,2,9.24,9.24,9.24,https://www.walmart.com/ip/Dairy-Pure-Gal-Mg-Whole-Milk/592085949?classType=REGULAR
Walmart,128699845,T.G. Lee 1% Low Fat Milk - 64 fl oz,T.G. Lee,True,True,False,,Half Gallon,64,1%,Unflavored,False,False,False,False,False,False,False,False,False,2,2,3.37,3.37,3.37,https://www.walmart.com/ip/T-G-Lee-1-Low-Fat-Milk-64-fl-oz/128699845?classType=REGULAR
Walmart,181475324,T.G. Lee 2% Reduced Fat Milk - 32 fl oz,T.G. Lee,True,True,False,,32 fl oz,32,2%,Unflavored,False,False,False,False,False,False,False,False,False,2,2,2.13,2.13,2.13,https://www.walmart.com/ip/T-G-Lee-2-Reduced-Fat-Milk-32-fl-oz/181475324?classType=REGULAR
Walmart,419232671,"Cloverland Farms Dairy Chocolate Milk, 1 Pint",Unknown,True,False,False,,16 fl oz,16,Unspecified,Chocolate,False,False,False,False,False,False,False,False,False,1,1,0.96,0.96,0.96,https://www.walmart.com/ip/Cloverland-Farms-Dairy-Chocolate-Milk-1-Pint/419232671?athAsset=eyJhdGhjcGlkIjoiNDE5MjMyNjcxIiwiYXRoc3RpZCI6IkNTMDQwIiwiYXRoYWUiOnsiYWVycyI6eyJBRFNfUkVWIjowLjAsIk9SR19BVENSIjowLjAwODY5NDgxNDUxODA5NDA2M30sImFlIjowLjE3Mjk3NTIxMjMzNTU4NjU1LCJhZXdyIjoiT1JHX0FUQ1IifX0%3D&classType=REGULAR
Walmart,438237768,"Borden 1% Low-Fat Milk, 1 Gallon Jug, Liquid, Refrigerated, Contains Dairy, Unflavored",Borden,True,True,False,,Gallon,128,1%,Unflavored,False,False,False,False,False,False,False,False,False,2,2,5,5,5,https://www.walmart.com/ip/Borden-1-Low-Fat-Milk-1-Gallon-Jug-Liquid-Refrigerated-Contains-Dairy-Unflavored/438237768?classType=REGULAR
Walmart,261100547,"Borden 1% Low-Fat Milk, 1 Half Gallon Jug, Liquid, Refrigerated, Contains Dairy, Unflavored",Borden,True,True,False,,Half Gallon,64,1%,Unflavored,False,False,False,False,False,False,False,False,False,1,1,3,3,3,https://www.walmart.com/ip/Borden-1-Low-Fat-Milk-1-Half-Gallon-Jug-Liquid-Refrigerated-Contains-Dairy/261100547?classType=REGULAR
Walmart,44460243,"Central Vitamin D Milk, .5 gal",Unknown,True,True,False,,Half Gallon,64,Whole,Unflavored,False,False,False,False,False,False,False,False,False,1,1,3.22,3.22,3.22,https://www.walmart.com/ip/Central-Vitamin-D-Milk-5-gal/44460243?classType=REGULAR
Walmart,42294448,"Prairie Farms 100% Lactose Free Vitamin D Milk, 0.5 gal",Prairie Farms,True,True,False,,Half Gallon,64,Whole,Unflavored,False,True,False,False,False,False,False,False,False,4,4,4.74,4.74,4.74,https://www.walmart.com/ip/Prairie-Farms-100-Lactose-Free-Vitamin-D-Milk-0-5-gal/42294448?classType=REGULAR
Walmart,44460251,"Central Chocolate Milk, .5 gal",Unknown,True,False,False,,Half Gallon,64,Unspecified,Chocolate,False,False,False,False,False,False,False,False,False,1,1,3.54,3.54,3.54,https://www.walmart.com/ip/Central-Chocolate-Milk-5-gal/44460251?classType=REGULAR
Walmart,42294447,"Prairie Farms Lactose Free 2% Reduced Fat Milk, UHT, Half Gallon, 64 Fl Oz",Prairie Farms,False,False,True,,Half Gallon,64,2%,Unflavored,False,True,False,False,False,False,False,False,False,0,0,,,,https://www.walmart.com/ip/Prairie-Farms-100-Lactose-Free-2-Reduced-Fat-Milk-0-5-gal/42294447?classType=REGULAR
Walmart,175540273,TruMoo Whole Chocolate Milk - 1 Pint,TruMoo,True,True,False,,16 fl oz,16,Whole,Chocolate,False,False,False,False,False,False,False,False,False,1,1,1.06,1.06,1.06,https://www.walmart.com/ip/TruMoo-Whole-Chocolate-Milk-16-fl-oz/175540273?classType=REGULAR
Walmart,132633720,T.G. Lee Fat Free Skim Milk - 64 fl oz,T.G. Lee,True,True,False,,Half Gallon,64,Skim/Fat-Free,Unflavored,False,False,False,False,False,False,False,False,False,1,1,3.37,3.37,3.37,https://www.walmart.com/ip/T-G-Lee-Fat-Free-Skim-Milk-64-fl-oz/132633720?classType=REGULAR
Walmart,14893756772,"(3 pack) fairlife 2% Reduced Fat Ultra Filtered Milk, 14 fl oz",fairlife,False,False,False,,14 fl oz,14,2%,Unflavored,False,False,True,False,False,False,False,False,False,0,0,,,,https://www.walmart.com/ip/3-pack-fairlife-2-Reduced-Fat-Ultra-Filtered-Milk-14-fl-oz/14893756772?classType=VARIANT
Walmart,171385608,PET Dairy 2% Reduced Fat Milk - 32 fl oz,PET Dairy,True,True,False,,32 fl oz,32,2%,Unflavored,False,False,False,False,False,False,False,False,False,4,4,2.32,2.32,2.32,https://www.walmart.com/ip/PET-Dairy-2-Reduced-Fat-Milk-32-fl-oz/171385608?classType=REGULAR
Walmart,112060756,Jilbert Whole Milk with Vitamin D - 32 fl oz,Unknown,True,True,False,,32 fl oz,32,Whole,Unflavored,False,False,False,False,False,False,False,False,False,1,1,2.72,2.72,2.72,https://www.walmart.com/ip/Jilbert-Whole-Milk-with-Vitamin-D-32-fl-oz/112060756?classType=REGULAR
Walmart,10291966,"Nestle Carnation Original Malted Milk Powder Mix, 13 oz",Unknown,False,False,False,powder_formula,13 fl oz,13,Unspecified,Unflavored,False,False,False,False,False,False,False,False,False,0,0,,,,https://www.walmart.com/ip/Nestle-Carnation-Original-Malted-Milk-Powder-Mix-13-oz/10291966?classType=VARIANT
Walmart,548381598,"Horizon Organic Instant Dry Whole Milk Powder Canister, 30.6 oz",Horizon Organic,False,False,False,powder_formula,30.6 fl oz,30.6,Whole,Unflavored,True,False,False,False,False,False,False,False,False,0,0,,,,https://www.walmart.com/ip/Horizon-Organic-Instant-Dry-Whole-Milk-30-6-oz-Canister/548381598?classType=VARIANT
Walmart,16775119064,Sarah Fresh 1% Low Fat  A2/A2 Milk Gallon,a2 Milk,True,True,False,,Gallon,128,1%,Unflavored,False,False,False,True,False,False,False,False,False,2,2,4.82,4.82,4.82,https://www.walmart.com/ip/1-Low-Fat-A2-A2-Milk-Gallon/16775119064?classType=REGULAR
Walmart,46491660,"Hiland Fat Free Milk, One Gallon, 128 Fl Oz",Hiland,True,True,False,,Gallon,128,Skim/Fat-Free,Unflavored,False,False,False,False,False,False,False,False,False,6,6,5.63,5.63,5.63,https://www.walmart.com/ip/Hiland-Fat-Free-Skim-Milk-1-Gallon/46491660?classType=REGULAR
Walmart,169176105,"Great Value Organic 2% Reduced-Fat Milk, Half Gallon, 64 fl oz",Great Value,True,True,False,,Half Gallon,64,2%,Unflavored,True,False,False,False,False,False,False,False,True,3,3,4.76,4.76,4.76,https://www.walmart.com/ip/Great-Value-Organic-2-Reduced-Fat-Milk-Half-Gallon/169176105?classType=REGULAR
Walmart,161070669,Garelick Farms Whole Milk,Garelick Farms,True,False,False,,Unknown,,Whole,Unflavored,False,False,False,False,False,False,False,False,False,4,4,1.32,1.32,1.32,https://www.walmart.com/ip/Garelick-Farms-Whole-Milk/161070669?classType=REGULAR
Walmart,178169803,Plains Dairy Vitamin D Whole Milk Quart Bottle - Creamy and Fresh,Unknown,True,True,False,,32 fl oz,32,Whole,Unflavored,False,False,False,False,False,False,False,False,False,6,6,2.18,2.18,2.18,https://www.walmart.com/ip/Plains-Dairy-Whole-Milk-with-Vitamin-D-Whole-Milk-Quart-1-Bottle/178169803?classType=REGULAR
Walmart,5268610176,"(3 pack) Nestle Carnation Instant Non fat Dry Milk, 9.625 oz, 12 Servings",Unknown,False,False,False,powder_formula,9.625 fl oz,9.625,Unspecified,Unflavored,False,False,False,False,False,False,False,False,False,0,0,,,,https://www.walmart.com/ip/3-pack-Carnation-Instant-Nonfat-Dry-Milk-9-63-oz-Canister/5268610176?classType=VARIANT
Walmart,22259095,"Hood 2% Reduced Fat Milk, 128 oz",Unknown,True,True,False,,Gallon,128,2%,Unflavored,False,False,False,False,False,False,False,False,False,3,3,4.38,4.38,4.38,https://www.walmart.com/ip/Hood-2-Reduced-Fat-Milk-128-oz/22259095?classType=REGULAR
Walmart,22259087,"Hood 2% Reduced Fat Milk, 64 oz",Unknown,True,True,False,,Half Gallon,64,2%,Unflavored,False,False,False,False,False,False,False,False,False,3,3,2.54,2.54,2.54,https://www.walmart.com/ip/Hood-2-Reduced-Fat-Milk-64-oz/22259087?classType=REGULAR
Walmart,21128324,"Hood 2% Reduced Fat Milk, 32 oz",Unknown,True,True,False,,32 fl oz,32,2%,Unflavored,False,False,False,False,False,False,False,False,False,3,3,1.28,1.28,1.28,https://www.walmart.com/ip/Hood-2-Reduced-Fat-Milk-32-oz/21128324?classType=REGULAR
Walmart,2558257960,"Prairie Farms 2% Milk Quart, 32 oz",Prairie Farms,True,True,False,,32 fl oz,32,2%,Unflavored,False,False,False,False,False,False,False,False,False,5,5,2.82,2.82,2.82,https://www.walmart.com/ip/Prairie-Farms-2-Milk-Quart-32-oz/2558257960?classType=REGULAR
Walmart,43353427,"Prairie Farms Fat Free Milk, Half Gallon, 64 Fl Oz",Prairie Farms,True,True,False,,Half Gallon,64,Skim/Fat-Free,Unflavored,False,False,False,False,False,False,False,False,False,3,3,3.22,3.22,3.22,https://www.walmart.com/ip/Prairie-Farms-Dairy-Fat-Free-Milk-Half-Gallon-64-Fl-Oz/43353427?classType=REGULAR
Walmart,889099864,"Prairie Farms Whole Milk, UHT, Quart, 32 Fl Oz",Prairie Farms,False,False,True,,32 fl oz,32,Whole,Unflavored,False,False,False,False,False,False,False,False,False,0,0,,,,https://www.walmart.com/ip/Prairie-Farms-Whole-Milk-1-0-QT/889099864?classType=REGULAR
Walmart,5060699570,"Producers Dairy Whole Milk, 14 fl oz",Unknown,True,True,False,,14 fl oz,14,Whole,Unflavored,False,False,False,False,False,False,False,False,False,3,3,1.74,1.74,1.74,https://www.walmart.com/ip/BERKELEY-WHOLE-14OZ-BTL/5060699570?classType=REGULAR
Walmart,44391425,"Producers 2% Reduced Fat Milk, Quart",Unknown,True,True,False,,32 fl oz,32,2%,Unflavored,False,False,False,False,False,False,False,False,False,3,3,1.87,1.87,1.87,https://www.walmart.com/ip/Producers-2-Reduced-Fat-Milk-Quart/44391425?classType=REGULAR
Walmart,14995853768,United Dairy Reduced Fat 2% Milk Pint,United Dairy,True,True,False,,16 fl oz,16,2%,Unflavored,False,False,False,False,False,False,False,False,False,1,1,1.12,1.12,1.12,https://www.walmart.com/ip/2-Milk-Plas-Pint/14995853768?classType=REGULAR
Walmart,194235037,United Dairy Whole Chocolate Milk pint 16 Fl. oz.,United Dairy,True,True,False,,16 fl oz,16,Whole,Chocolate,False,False,False,False,False,False,False,False,False,2,2,1.08,1.08,1.08,https://www.walmart.com/ip/United-Dairy-Whole-Chocolate-Milk-pint-16-Fl-oz/194235037?classType=REGULAR
Walmart,861730815,"HERSHEY’S a2 Milk® Chocolate 2% Reduced Fat Milk Boxes, 8 oz, 12-Pack",a2 Milk,False,False,False,,8 fl oz,8,2%,Chocolate,False,False,False,True,False,False,False,False,False,0,0,,,,https://www.walmart.com/ip/HERSHEY-S-a2-Milk-Chocolate-2-Reduced-Fat-Milk-Boxes-8-oz-12-Pack/861730815?classType=VARIANT
Walmart,115971620,Great Value UHT Milk - Fat Free,Great Value,False,False,True,,Unknown,,Skim/Fat-Free,Unflavored,False,False,False,False,False,False,False,False,True,0,0,,,,https://www.walmart.com/ip/Great-Value-Uht-Milk-Fat-Free/115971620?classType=REGULAR
Walmart,984836125,"Tres Monjitas Uht Milk Lactose Free 0% 32oz, Cardboard Carton, R-BST Free",Unknown,False,False,True,,32 fl oz,32,Unspecified,Unflavored,False,True,False,False,False,False,False,False,False,0,0,,,,https://www.walmart.com/ip/Tres-Monjitas-Uht-Milk-Lactose-Free-0-32oz-Cardboard-Carton-R-BST-Free/984836125?classType=REGULAR
Walmart,110115023,"Valley Farms 1% Lowfat Milk, 1 Gallon",Unknown,True,True,False,,Gallon,128,1%,Unflavored,False,False,False,False,False,False,False,False,False,2,2,5.77,5.77,5.77,https://www.walmart.com/ip/Valley-Farms-1-Lowfat-Milk-1-Gallon/110115023?classType=REGULAR
Walmart,143916855,Reiter Whole Milk with Vitamin D - 64 fl oz,Unknown,True,True,False,,Half Gallon,64,Whole,Unflavored,False,False,False,False,False,False,False,False,False,2,2,2.67,2.67,2.67,https://www.walmart.com/ip/Reiter-Whole-Milk-with-Vitamin-D-64-fl-oz/143916855?classType=REGULAR
Walmart,100124003,"Valley Farms Vitamin D Milk, 1 Gallon",Unknown,True,True,False,,Gallon,128,Whole,Unflavored,False,False,False,False,False,False,False,False,False,4,4,6.14,6.14,6.14,https://www.walmart.com/ip/Valley-Farms-Vitamin-D-Milk-1-Gallon/100124003?classType=REGULAR
Walmart,125348347,"Valley Farms Vitamin D Milk, .5 Gallon",Unknown,True,True,False,,Half Gallon,64,Whole,Unflavored,False,False,False,False,False,False,False,False,False,3,3,3.38,3.38,3.38,https://www.walmart.com/ip/Valley-Farms-Vitamin-D-Milk-5-Gallon/125348347?classType=REGULAR
Walmart,126539988,"Valley Farms 2% Reduced Fat Milk, .5 Gallon",Unknown,True,True,False,,Half Gallon,64,2%,Unflavored,False,False,False,False,False,False,False,False,False,5,5,3.23,3.23,3.23,https://www.walmart.com/ip/Valley-Farms-2-Reduced-Fat-Milk-5-Gallon/126539988?classType=REGULAR
Walmart,193517108,"Valley Farms 2% Reduced Fat Milk, 1 Gallon",Unknown,True,True,False,,Gallon,128,2%,Unflavored,False,False,False,False,False,False,False,False,False,1,1,5.92,5.92,5.92,https://www.walmart.com/ip/Valley-Farms-2-Reduced-Fat-Milk-1-Gallon/193517108?classType=REGULAR
Walmart,169260823,"Valley Farms 1% Lowfat Milk, .5 Gallon",Unknown,True,True,False,,Half Gallon,64,1%,Unflavored,False,False,False,False,False,False,False,False,False,1,1,3.28,3.28,3.28,https://www.walmart.com/ip/Valley-Farms-1-Lowfat-Milk-5-Gallon/169260823?classType=REGULAR
Walmart,21849207,"Upstate Farms 2% Reduced Fat Milk, 16 oz",Unknown,True,True,False,,16 fl oz,16,2%,Unflavored,False,False,False,False,False,False,False,False,False,2,2,1.73,1.73,1.73,https://www.walmart.com/ip/Upstate-Farms-2-Reduced-Fat-Milk-16-oz/21849207?classType=REGULAR
Walmart,55170745,"Valley Farms Chocolate Milk, Half Gallon",Unknown,True,False,False,,Half Gallon,64,Unspecified,Chocolate,False,False,False,False,False,False,False,False,False,1,1,3.86,3.86,3.86,https://www.walmart.com/ip/Valley-Farms-Chocolate-Milk-Half-Gallon/55170745?classType=REGULAR
Walmart,50530919,"Horizon Organic Shelf Stable 1% Lowfat DHA Omega-3 Vanilla Milk Boxes, 8 fl oz, 6 Count",Horizon Organic,False,False,True,,8 fl oz,8,1%,Vanilla,True,False,False,False,True,False,False,False,False,0,0,,,,https://www.walmart.com/ip/Horizon-Organic-Shelf-Stable-1-Low-Fat-Milk-Boxes-with-DHA-Omega-3-Vanilla-8-fl-oz-6-Pack/50530919?classType=VARIANT
Walmart,44391193,"Producers 1% Low-Fat Milk, Gallon",Unknown,True,True,False,,Gallon,128,1%,Unflavored,False,False,False,False,False,False,False,False,False,4,4,5.96,5.96,5.96,https://www.walmart.com/ip/Producers-1-Low-Fat-Milk-Gallon/44391193?classType=REGULAR
Walmart,46491642,"Producers Fat-Free Milk, Half Gallon",Unknown,True,True,False,,Half Gallon,64,Skim/Fat-Free,Unflavored,False,False,False,False,False,False,False,False,False,1,1,2.82,2.82,2.82,https://www.walmart.com/ip/Producers-Fat-Free-Milk-Half-Gallon/46491642?classType=REGULAR
Walmart,44391275,"Producers Fat-Free Milk, Gallon",Unknown,True,True,False,,Gallon,128,Skim/Fat-Free,Unflavored,False,False,False,False,False,False,False,False,False,1,1,5.28,5.28,5.28,https://www.walmart.com/ip/Producers-Fat-Free-Milk-Gallon/44391275?classType=REGULAR
Walmart,44391076,"Hiland 1% Low Fat Milk, Gallon, 128 Fl Oz",Hiland,True,True,False,,Gallon,128,1%,Unflavored,False,False,False,False,False,False,False,False,False,7,7,5.63,5.63,5.63,https://www.walmart.com/ip/Hiland-1-Low-Fat-Milk-Gallon-128-fl-oz/44391076?classType=REGULAR
Walmart,12442911,Meadow Gold 2% Reduced Fat Milk - 16 fl oz,Meadow Gold,True,True,False,,16 fl oz,16,2%,Unflavored,False,False,False,False,False,False,False,False,False,2,2,1.22,1.22,1.22,https://www.walmart.com/ip/Meadow-Gold-2-Reduced-Fat-Milk-16-fl-oz/12442911?classType=REGULAR
Walmart,775981582,"King Brothers Dairy Whole Milk, 1 Quart",Unknown,True,True,False,,32 fl oz,32,Whole,Unflavored,False,False,False,False,False,False,False,False,False,6,6,2.08,2.08,2.08,https://www.walmart.com/ip/King-Brothers-Dairy-Whole-Milk-1-Quart/775981582?classType=REGULAR
Walmart,102095468,"Toft's 2% Reduced Fat Milk, 1 Gallon",Unknown,True,True,False,,Gallon,128,2%,Unflavored,False,False,False,False,False,False,False,False,False,4,4,4.64,4.64,4.64,https://www.walmart.com/ip/Toft-s-2-Reduced-Fat-Milk-1-Gallon/102095468?classType=REGULAR
Walmart,165701763,"Toft's 3.25% Vitamin D Whole Milk, Half Gallon",Unknown,True,True,False,,Half Gallon,64,Whole,Unflavored,False,False,False,False,False,False,False,False,False,4,4,2.96,2.96,2.96,https://www.walmart.com/ip/Toft-s-3-25-Vitamin-D-Whole-Milk-Half-Gallon/165701763?classType=REGULAR
Walmart,133889980,"Toft's 3.25% Vitamin D Whole Milk, 1 Gallon",Unknown,True,True,False,,Gallon,128,Whole,Unflavored,False,False,False,False,False,False,False,False,False,4,4,4.87,4.87,4.87,https://www.walmart.com/ip/Toft-s-3-25-Vitamin-D-Whole-Milk-1-Gallon/133889980?classType=REGULAR
Walmart,127300196,"Toft's 2% Reduced-Fat Milk, Half Gallon",Unknown,True,True,False,,Half Gallon,64,2%,Unflavored,False,False,False,False,False,False,False,False,False,2,2,2.82,2.82,2.82,https://www.walmart.com/ip/Toft-s-2-Reduced-Fat-Milk-Half-Gallon/127300196?classType=REGULAR
Walmart,10805158,"Stonyfield Organic Fat Free Skim Milk, Half Gallon, 64 fl oz",Stonyfield,True,True,False,,Half Gallon,64,Skim/Fat-Free,Unflavored,True,False,False,False,False,False,False,False,False,1,1,5.67,5.67,5.67,https://www.walmart.com/ip/Stonyfield-Organic-Organic-Fat-Free-Milk-Half-Gallon-Carton-64-oz/10805158?athAsset=eyJhdGhjcGlkIjoiMTA4MDUxNTgiLCJhdGhzdGlkIjoiQ1MwNDAiLCJhdGhhZSI6eyJhZXJzIjp7IkFEU19SRVYiOjAuMCwiT1JHX0FUQ1IiOjAuMDA1MDU4NjczNjc2MTAzMzUzNX0sImFlIjowLjA5MzY2NDEyNDYwODAzOTg2LCJhZXdyIjoiT1JHX0FUQ1IifX0%3D&classType=REGULAR
Walmart,177612621,"Cloverland 1% Low-Fat Milk , Half Gallon",Unknown,True,True,False,,Half Gallon,64,1%,Unflavored,False,False,False,False,False,False,False,False,False,1,1,2.38,2.38,2.38,https://www.walmart.com/ip/Cloverland-1-Low-Fat-Milk-Half-Gallon/177612621?classType=REGULAR
Walmart,120557562,"Cloverland 2% Reduced Fat Milk, Half Gallon",Unknown,True,True,False,,Half Gallon,64,2%,Unflavored,False,False,False,False,False,False,False,False,False,1,1,2.38,2.38,2.38,https://www.walmart.com/ip/Cloverland-2-Reduced-Fat-Milk-Half-Gallon/120557562?classType=REGULAR
Walmart,10805159,"Stonyfield Organic 1% Low Fat Milk, Half Gallon, 64 fl oz",Stonyfield,True,True,False,,Half Gallon,64,1%,Unflavored,True,False,False,False,False,False,False,False,False,3,3,5.67,5.67,5.67,https://www.walmart.com/ip/Stonyfield-Organic-Organic-Lowfat-1-Milk-Half-Gallon-Carton-64-oz/10805159?classType=REGULAR
Walmart,177509832,Alta Dena 1% Lowfat Milk - 32 fl oz,Alta Dena,True,True,False,,32 fl oz,32,1%,Unflavored,False,False,False,False,False,False,False,False,False,2,2,1.96,1.96,1.96,https://www.walmart.com/ip/Alta-Dena-1-Lowfat-Milk-32-fl-oz/177509832?classType=REGULAR
Walmart,194592867,"Ritcheys 2% Milk, half gallon",Unknown,True,True,False,,Half Gallon,64,2%,Unflavored,False,False,False,False,False,False,False,False,False,3,3,2.96,2.96,2.96,https://www.walmart.com/ip/Ritcheys-2-Milk-half-gallon/194592867?classType=REGULAR
Walmart,190778331,"Ritcheys Dairy, One Gallon,  Whole Fat Milk, 128 Ounces",Unknown,True,True,False,,Gallon,128,Whole,Unflavored,False,False,False,False,False,False,False,False,False,2,2,5.78,5.78,5.78,https://www.walmart.com/ip/Ritcheys-Dairy-One-Gallon-Whole-Fat-Milk-128-Ounces/190778331?classType=REGULAR
Walmart,181084273,"Ritcheys Dairy Ritcheys Country Fresh Milk, 1 qt",Country Fresh,True,False,False,,32 fl oz,32,Unspecified,Unflavored,False,False,False,False,False,False,False,False,False,3,3,2,2,2,https://www.walmart.com/ip/Ritcheys-Dairy-Ritcheys-Country-Fresh-Milk-1-qt/181084273?classType=REGULAR
Walmart,127384687,"Ritcheys Reduced Fat 1% Milk, half gallon, 64oz, 1 percent milk fat",Unknown,True,True,False,,Half Gallon,64,1%,Unflavored,False,False,False,False,False,False,False,False,False,3,3,2.89,2.89,2.89,https://www.walmart.com/ip/Ritcheys-Reduced-Fat-1-Milk-half-gallon-64oz-1-percent-milk-fat/127384687?classType=REGULAR
Walmart,116984967,"Ritcheys Dairy Ritcheys Country Fresh Milk, 1 gl",Country Fresh,True,False,False,,Gallon,128,Unspecified,Unflavored,False,False,False,False,False,False,False,False,False,3,3,5.59,5.59,5.59,https://www.walmart.com/ip/Ritcheys-Dairy-Ritcheys-Country-Fresh-Milk-1-gl/116984967?classType=REGULAR
Walmart,147937216,"Ritcheys Dairy Fat Free Skim Milk, Half Gallon, 64oz",Unknown,True,True,False,,Half Gallon,64,Skim/Fat-Free,Unflavored,False,False,False,False,False,False,False,False,False,1,1,2.87,2.87,2.87,https://www.walmart.com/ip/Ritcheys-Dairy-Fat-Free-Skim-Milk-Half-Gallon-64oz/147937216?classType=REGULAR
Walmart,16387054127,"DairySky Whole Milk Powder, Original Flavor, Grade a, Non-GMO, rBST-Free, Shelf-Stable, Resealable Pouch, 12.6 oz (pack of 6)",Unknown,False,False,True,powder_formula,12.6 fl oz,12.6,Whole,Unflavored,False,False,False,False,False,False,False,False,False,0,0,,,,https://www.walmart.com/ip/DairySky-Whole-Milk-Powder-Premium-Grade-Dry-Milk-Powder-Non-GMO-Powdered-Milk-Baking-Drinks-Cooking-rBST-Free-Shelf-Stable-Creamy-Milk-Powder-Reseal/16387054127?classType=VARIANT
Walmart,3026429288,"DairySky Lactose Free Powdered Milk, Skim Fat Free Dry Milk for Baking & Coffee, Non-GMO, Kosher, Protein & Calcium, 16 oz, 3 pack",Unknown,False,False,False,powder_formula,16 fl oz,16,Skim/Fat-Free,Unflavored,False,True,False,False,False,False,False,False,False,0,0,,,,https://www.walmart.com/ip/DairySky-Lactose-Free-Powdered-Milk-16oz-Skim-Milk-Powder-Non-GMO-Fat-Free-Baking-Coffee-Kosher-Protein-Calcium-Dry-Milk-Lactose-Free-Great-Substitut/3026429288?classType=VARIANT
Walmart,179273779,"Kleinpeter Whole Milk, 1 Pint, 16 oz. Natural Creamy Flavor",Kleinpeter,True,True,False,,16 fl oz,16,Whole,Unflavored,False,False,False,False,False,False,False,False,False,1,1,2,2,2,https://www.walmart.com/ip/Kleinpeter-Whole-Milk-1-Pint-16-oz/179273779?classType=REGULAR
Walmart,618768085,"King Brothers Dairy Whole Milk, Half Gallon",Unknown,True,True,False,,Half Gallon,64,Whole,Unflavored,False,False,False,False,False,False,False,False,False,4,4,2.98,2.98,2.98,https://www.walmart.com/ip/King-Brothers-Dairy-Whole-Milk-Half-Gallon/618768085?classType=REGULAR
Walmart,141838781,"Alta Dena 1% Lowfat Milk, Half Gallon",Alta Dena,True,True,False,,Half Gallon,64,1%,Unflavored,False,False,False,False,False,False,False,False,False,2,2,3.32,3.32,3.32,https://www.walmart.com/ip/Alta-Dena-1-Milk-with-Vitamin-A-and-D-Low-Fat-Milk-Half-Gallon-1-Jug/141838781?classType=REGULAR
Walmart,109968412,"Plains Dairy Whole Milk with Vitamin D, Whole Milk Half Gallon - 1 Jug",Unknown,True,True,False,,Half Gallon,64,Whole,Unflavored,False,False,False,False,False,False,False,False,False,4,4,3.17,3.17,3.17,https://www.walmart.com/ip/Plains-Dairy-Whole-Milk-with-Vitamin-D-Whole-Milk-Half-Gallon-1-Jug/109968412?classType=REGULAR
Walmart,110961284,PET Dairy 1% Low Fat Milk - 64 fl oz,PET Dairy,True,True,False,,Half Gallon,64,1%,Unflavored,False,False,False,False,False,False,False,False,False,1,1,3.16,3.16,3.16,https://www.walmart.com/ip/PET-Dairy-1-Low-Fat-Milk-64-fl-oz/110961284?classType=REGULAR
Walmart,131262677,Ritcheys Dairy Vitamin D Milk Half Gallon,Unknown,True,True,False,,Half Gallon,64,Whole,Unflavored,False,False,False,False,False,False,False,False,False,2,2,3.06,3.06,3.06,https://www.walmart.com/ip/Ritcheys-Dairy-Vitamin-D-Milk-Half-Gallon/131262677?classType=REGULAR
Walmart,21128323,"Hood Whole Milk, 32 oz",Unknown,True,True,False,,32 fl oz,32,Whole,Unflavored,False,False,False,False,False,False,False,False,False,1,1,1.26,1.26,1.26,https://www.walmart.com/ip/Hood-Whole-Milk-32-oz/21128323?classType=REGULAR
Walmart,44419713,"Producers 1% Low-Fat Milk, Quart",Unknown,True,True,False,,32 fl oz,32,1%,Unflavored,False,False,False,False,False,False,False,False,False,2,2,1.94,1.94,1.94,https://www.walmart.com/ip/Producers-1-Low-Fat-Milk-Quart/44419713?classType=REGULAR
Walmart,46491645,"Producers 2% Reduced Fat Milk, Gallon",Unknown,True,True,False,,Gallon,128,2%,Unflavored,False,False,False,False,False,False,False,False,False,2,2,5.78,5.78,5.78,https://www.walmart.com/ip/Producers-2-Reduced-Fat-Milk-Gallon/46491645?classType=REGULAR
Walmart,132034215,"Rosenbergers Whole Milk - 32 fl oz, Fresh Dairy Beverage",Unknown,True,True,False,,32 fl oz,32,Whole,Unflavored,False,False,False,False,False,False,False,False,False,1,1,2,2,2,https://www.walmart.com/ip/Rosenbergers-Whole-Milk-32-Fl-Oz/132034215?classType=REGULAR
Walmart,150568080,Rosenberger's Whole Milk Half Gallon with Vitamin D and Hormone-Free,Unknown,True,True,False,,Half Gallon,64,Whole,Unflavored,False,False,False,False,False,False,False,False,False,2,2,3.48,3.48,3.48,https://www.walmart.com/ip/Rosenberger-s-Whole-Milk-Half-Gallon/150568080?classType=REGULAR
Walmart,166062957,"Rosenberger's Whole Milk, 1 Gallon",Unknown,True,True,False,,Gallon,128,Whole,Unflavored,False,False,False,False,False,False,False,False,False,2,2,6.28,6.28,6.28,https://www.walmart.com/ip/Rosenberger-s-Whole-Milk-1-Gallon/166062957?classType=REGULAR
Walmart,185659469,"Umpqua Dairy Fat-Free Skim Milk, Half Gallon",Umpqua Dairy,True,True,False,,Half Gallon,64,Skim/Fat-Free,Unflavored,False,False,False,False,False,False,False,False,False,3,3,3.13,3.13,3.13,https://www.walmart.com/ip/Umpqua-Dairy-Fat-Free-Skim-Milk-Half-Gallon/185659469?classType=REGULAR
Walmart,178661269,"Hollandia Dairy Vitamin D Whole Milk, Half Gallon, 64 fl oz",Unknown,True,True,False,,Half Gallon,64,Whole,Unflavored,False,False,False,False,False,False,False,False,False,1,1,3.32,3.32,3.32,https://www.walmart.com/ip/Hollandia-Dairy-Vitamin-D-Whole-Milk-Half-Gallon-64-fl-oz/178661269?classType=REGULAR
Walmart,123831793,"The Farmer's Cow Whole Milk, 1 gallon",Unknown,True,True,False,,Gallon,128,Whole,Unflavored,False,False,False,False,False,False,False,False,False,1,1,6.92,6.92,6.92,https://www.walmart.com/ip/The-Farmer-s-Cow-Whole-Milk-1-gallon/123831793?classType=REGULAR
Walmart,177162953,"Model Dairy 2% Reduced Fat Milk, Gallon",Unknown,True,True,False,,Gallon,128,2%,Unflavored,False,False,False,False,False,False,False,False,False,3,3,6.26,6.26,6.26,https://www.walmart.com/ip/Model-Dairy-2-Reduced-Fat-Milk-Gallon/177162953?classType=REGULAR
Walmart,180402399,"Model Dairy Whole Milk, Gallon",Unknown,True,True,False,,Gallon,128,Whole,Unflavored,False,False,False,False,False,False,False,False,False,2,2,6.28,6.28,6.28,https://www.walmart.com/ip/Model-Dairy-Whole-Milk-Gallon/180402399?classType=REGULAR
Walmart,1768318781,Natrel 2% Milk 32 oz. 12/Carton (PAU93048) LXP02400,Unknown,True,True,False,,32 fl oz,32,2%,Unflavored,False,False,False,False,False,False,False,False,False,1,1,39.29,39.29,39.29,https://www.walmart.com/ip/Natrel-2-Milk-32-oz-12-Carton-PAU93048-LXP02400/1768318781?classType=REGULAR
Walmart,19995250018,"Healthier Comforts Organic Skim Milk Powder 21oz | Certified USDA Organic | Fat Free, Kosher, Gluten Free, Non-GMO, Shelf Stable | Perfect for Shakes, Smoothies, Coffee Creamer, Baking | Made in USA",Unknown,False,False,True,"creamer_cream,powder_formula",21 fl oz,21,Skim/Fat-Free,Unflavored,True,False,False,False,False,False,False,False,False,0,0,,,,https://www.walmart.com/ip/Healthier-Comforts-Organic-Skim-Milk-Powder-21oz-Certified-USDA-Organic-Fat-Free-Kosher-Gluten-Free-Non-GMO-Shelf-Stable-Perfect-Shakes-Smoothies-Cof/19995250018?classType=VARIANT
Walmart,119351132,Price's 2% Reduced Fat Milk - 16 fl oz,Unknown,True,True,False,,16 fl oz,16,2%,Unflavored,False,False,False,False,False,False,False,False,False,1,1,1.24,1.24,1.24,https://www.walmart.com/ip/Price-s-2-Reduced-Fat-Milk-16-fl-oz/119351132?classType=REGULAR
Walmart,156277909,"Guers Dairy Guers Vitamin D Milk, 1 Gallon",Unknown,True,True,False,,Gallon,128,Whole,Unflavored,False,False,False,False,False,False,False,False,False,4,4,5.38,5.38,5.38,https://www.walmart.com/ip/Guers-Dairy-Guers-Vitamin-D-Milk-1-Gallon/156277909?classType=REGULAR
Walmart,144817477,Guers Dairy Guers Vitamin D Milk Half Gallon,Unknown,True,True,False,,Half Gallon,64,Whole,Unflavored,False,False,False,False,False,False,False,False,False,4,4,2.82,2.82,2.82,https://www.walmart.com/ip/Guers-Dairy-Guers-Vitamin-D-Milk-Half-Gallon/144817477?classType=REGULAR
Walmart,123841929,"Clover Farms Clover Vitamin D Milk, 16 Fl. Oz.",Unknown,True,True,False,,16 fl oz,16,Whole,Unflavored,False,False,False,False,False,False,False,False,False,3,3,0.88,0.88,0.88,https://www.walmart.com/ip/Clover-Farms-Clover-Vitamin-D-Milk-16-Fl-Oz/123841929?classType=REGULAR
Walmart,43353426,"Prairie Farms Dairy Fat Free Milk, One Gallon, 128 Fl Oz",Prairie Farms,True,True,False,,Gallon,128,Skim/Fat-Free,Unflavored,False,False,False,False,False,False,False,False,False,2,2,5.63,5.63,5.63,https://www.walmart.com/ip/Prairie-Farms-Dairy-Fat-Free-Milk-One-Gallon-128-Fl-Oz/43353426?classType=REGULAR
Walmart,164659276,"Galliker's Fat-Free Milk, Half Gallon, LightSafe Yellow Jug, 64 fl oz",Unknown,True,True,False,,Half Gallon,64,Skim/Fat-Free,Unflavored,False,False,False,False,False,False,False,False,False,2,2,2.87,2.87,2.87,https://www.walmart.com/ip/Galliker-s-Fresh-Fat-Free-Milk-Half-Gallon-LightSafe-Yellow-Plastic-Jug-64-fl-oz/164659276?classType=REGULAR
Walmart,151210637,"Mayfield 1% Milk with Vitamin A and D, Low Fat Milk Half Gallon - 1 Jug",Mayfield,True,True,False,,Half Gallon,64,1%,Unflavored,False,False,False,False,False,False,False,False,False,3,3,2.94,2.94,2.94,https://www.walmart.com/ip/Mayfield-1-Milk-with-Vitamin-A-and-D-Low-Fat-Milk-Half-Gallon-1-Jug/151210637?classType=REGULAR
Walmart,858904815,Low Fat 1% Milk Quart,Unknown,True,True,False,,32 fl oz,32,1%,Unflavored,False,False,False,False,False,False,False,False,False,2,2,2.22,2.22,2.22,https://www.walmart.com/ip/Low-Fat-1-Milk-Quart/858904815?classType=REGULAR
Walmart,47064344,"Anderson Dairy Anderson Milk, 1 g",Unknown,True,False,False,,Gallon,128,Unspecified,Unflavored,False,False,False,False,False,False,False,False,False,1,1,4.22,4.22,4.22,https://www.walmart.com/ip/Anderson-Dairy-Anderson-Milk-1-g/47064344?classType=REGULAR
Walmart,42507291,Anderson Dairy Fat Free Milk 1qt Bottle,Unknown,True,True,False,,32 fl oz,32,Skim/Fat-Free,Unflavored,False,False,False,False,False,False,False,False,False,1,1,1.96,1.96,1.96,https://www.walmart.com/ip/Anderson-Dairy-Fat-Free-Milk-1qt-Bottle/42507291?classType=REGULAR
Walmart,47064345,"Anderson Dairy Anderson Milk, 0.5 gl",Unknown,False,False,False,insufficient_product_signal,Unknown,,Unspecified,Unflavored,False,False,False,False,False,False,False,False,False,0,0,,,,https://www.walmart.com/ip/Anderson-Dairy-Anderson-Milk-0-5-gl/47064345?classType=REGULAR
Walmart,184226459,"Model Dairy Whole Milk, Half Gallon",Unknown,True,True,False,,Half Gallon,64,Whole,Unflavored,False,False,False,False,False,False,False,False,False,1,1,3.97,3.97,3.97,https://www.walmart.com/ip/Model-Dairy-Whole-Milk-Half-Gallon/184226459?classType=REGULAR
Walmart,47455692,"Borden Fat Free Skim Milk, 1 Quart Bottle, Liquid, Refrigerated, Contains Milk, Unflavored",Borden,True,True,False,,32 fl oz,32,Skim/Fat-Free,Unflavored,False,False,False,False,False,False,False,False,False,1,1,2.74,2.74,2.74,https://www.walmart.com/ip/Borden-Fat-Free-Skim-Milk-1-Quart-Bottle-Liquid-Refrigerated-Contains-Milk-Unflavored/47455692?classType=REGULAR
Walmart,47456232,"Borden 1% Low-Fat Milk, 1 Quart Bottle, Liquid, Refrigerated, Contains Milk, Unflavored",Borden,True,True,False,,32 fl oz,32,1%,Unflavored,False,False,False,False,False,False,False,False,False,1,1,2.74,2.74,2.74,https://www.walmart.com/ip/Borden-1-Low-Fat-Milk-1-Quart-Bottle-Liquid-Refrigerated-Contains-Milk-Unflavored/47456232?classType=REGULAR
Walmart,171314440,"Alta Dena Fat Free Milk, Half Gallon",Alta Dena,True,True,False,,Half Gallon,64,Skim/Fat-Free,Unflavored,False,False,False,False,False,False,False,False,False,1,1,3.42,3.42,3.42,https://www.walmart.com/ip/Alta-Dena-Fat-Free-Milk-with-Vitamin-A-and-Vitamin-D-Skim-Milk-Half-Gallon-1-Jug/171314440?classType=REGULAR
Walmart,10805160,"Stonyfield Organic 2% Reduced Fat Milk, Half Gallon, 64 fl oz",Stonyfield,True,True,False,,Half Gallon,64,2%,Unflavored,True,False,False,False,False,False,False,False,False,1,1,5.67,5.67,5.67,https://www.walmart.com/ip/Stonyfield-Organic-2-Organic-Milk-Half-Gallon-Carton-64-fl-oz/10805160?classType=REGULAR
Walmart,22225957,"Horizon Organic Shelf Stable 1% Lowfat Chocolate Milk Boxes, 8 fl oz, 6 Count",Horizon Organic,False,False,True,,8 fl oz,8,1%,Chocolate,True,False,False,False,False,False,False,False,False,0,0,,,,https://www.walmart.com/ip/Horizon-Organic-Shelf-Stable-1-Low-Fat-Milk-Boxes-Chocolate-8-fl-oz-6-Pack/22225957?classType=VARIANT
Walmart,184958385,Mayfield 2% Reduced Fat Milk - 32 fl oz,Mayfield,True,True,False,,32 fl oz,32,2%,Unflavored,False,False,False,False,False,False,False,False,False,1,1,2.34,2.34,2.34,https://www.walmart.com/ip/Mayfield-2-Reduced-Fat-Milk-32-fl-oz/184958385?classType=REGULAR
Walmart,47133237,"Crystal Creamery Real California Fat Free Milk, Gluten Free, 64 fl oz",Crystal Creamery,True,True,False,,Half Gallon,64,Skim/Fat-Free,Unflavored,False,False,False,False,False,False,False,False,False,2,2,2.84,2.84,2.84,https://www.walmart.com/ip/Crystal-Creamery-Real-California-Milk-Fat-Free-Milk-Gluten-Free-Plastic-Jug-64-fl-oz/47133237?classType=REGULAR
Walmart,46942844,"Crystal Creamery, Real California Milk, 1% Low Fat Milk, Gluten Free, Plastic Jug, 64 fl oz",Crystal Creamery,True,True,False,,Half Gallon,64,1%,Unflavored,False,False,False,False,False,False,False,False,False,1,1,3.24,3.24,3.24,https://www.walmart.com/ip/Crystal-Creamery-Real-California-Milk-1-Low-Fat-Milk-Gluten-Free-Plastic-Jug-64-fl-oz/46942844?classType=REGULAR
Walmart,145194139,"Guers Dairy Guers 2% Reduced Fat Milk, Half Gallon",Unknown,True,True,False,,Half Gallon,64,2%,Unflavored,False,False,False,False,False,False,False,False,False,1,1,2.72,2.72,2.72,https://www.walmart.com/ip/Guers-Dairy-Guers-2-Reduced-Fat-Milk-Half-Gallon/145194139?classType=REGULAR
Walmart,109205212,"King Brothers Dairy Whole Milk, 14 Oz.",Unknown,True,True,False,,14 fl oz,14,Whole,Unflavored,False,False,False,False,False,False,False,False,False,2,2,1.76,1.76,1.76,https://www.walmart.com/ip/King-Brothers-Dairy-Whole-Milk-14-Oz/109205212?classType=REGULAR
Walmart,132613291,"DairyPure Lactose Free Whole Milk, Vitamin D Milk Carton - Half Gallon",Unknown,True,True,False,,Half Gallon,64,Whole,Unflavored,False,True,False,False,False,False,False,False,False,3,3,3.26,3.26,3.26,https://www.walmart.com/ip/DairyPure-Lactose-Free-Whole-Milk-Vitamin-D-Milk-Carton-Half-Gallon/132613291?classType=REGULAR
Walmart,51259511,"DairyPure Ultra Pasteurized 2% Lactose Free Milk with Vitamin A and D, Reduced Fat Milk Carton - Half Gallon",Unknown,True,True,False,,Half Gallon,64,2%,Unflavored,False,True,False,False,False,False,False,False,False,2,2,3.26,3.26,3.26,https://www.walmart.com/ip/DairyPure-Ultra-Pasteurized-2-Lactose-Free-Milk-with-Vitamin-A-and-D-Reduced-Fat-Milk-Carton-Half-Gallon/51259511?classType=REGULAR
Walmart,134031854,"Eberhard's Dairy 2% Reduced-Fat Unflavored Milk, 1 Gallon",Unknown,True,True,False,,Gallon,128,2%,Unflavored,False,False,False,False,False,False,False,False,False,2,2,6.14,6.14,6.14,https://www.walmart.com/ip/Eberhard-s-Dairy-2-Reduced-Fat-Unflavored-Milk-1-Gallon/134031854?classType=REGULAR
Walmart,129655834,"Eberhard's Dairy 2% Reduced-Fat Unflavored Milk, Half Gallon",Unknown,True,True,False,,Half Gallon,64,2%,Unflavored,False,False,False,False,False,False,False,False,False,2,2,3.54,3.54,3.54,https://www.walmart.com/ip/Eberhard-s-Dairy-2-Reduced-Fat-Unflavored-Milk-Half-Gallon/129655834?classType=REGULAR
Walmart,199775301,"Eberhard's Whole Milk, Half Gallon",Unknown,True,True,False,,Half Gallon,64,Whole,Unflavored,False,False,False,False,False,False,False,False,False,2,2,3.64,3.64,3.64,https://www.walmart.com/ip/Eberhard-s-Whole-Milk-Half-Gallon/199775301?classType=REGULAR
Walmart,110917257,"Eberhard's Vitamin D Unflavoured Milk, 1 Gallon",Unknown,True,False,False,,Gallon,128,Unspecified,Unflavored,False,False,False,False,False,False,False,False,False,2,2,6.38,6.38,6.38,https://www.walmart.com/ip/Eberhard-s-Vitamin-D-Unflavoured-Milk-1-Gallon/110917257?classType=REGULAR
Walmart,414504864,Reiter Whole Milk with Vitamin D - 14 fl oz,Unknown,True,True,False,,14 fl oz,14,Whole,Unflavored,False,False,False,False,False,False,False,False,False,3,3,1.38,1.38,1.38,https://www.walmart.com/ip/Reiter-Whole-Milk-with-Vitamin-D-14-fl-oz/414504864?classType=REGULAR
Walmart,134294736,Reiter 2% Reduced Fat Milk - 64 fl oz,Unknown,True,True,False,,Half Gallon,64,2%,Unflavored,False,False,False,False,False,False,False,False,False,1,1,2.67,2.67,2.67,https://www.walmart.com/ip/Reiter-2-Reduced-Fat-Milk-64-fl-oz/134294736?classType=REGULAR
Walmart,166695636,T.G. Lee 2% Reduced Fat Milk - 128 fl oz,T.G. Lee,True,True,False,,Gallon,128,2%,Unflavored,False,False,False,False,False,False,False,False,False,1,1,4.92,4.92,4.92,https://www.walmart.com/ip/Alta-Dena-2-Reduced-Fat-Milk-128-fl-oz/166695636?classType=REGULAR
Walmart,680127251,"Great Value 1% Low-fat Cultured Buttermilk, 32 fl oz",Great Value,False,False,False,"buttermilk,not_milk",32 fl oz,32,1%,Unflavored,False,False,False,False,False,False,False,False,True,0,0,,,,https://www.walmart.com/ip/Great-Value-1-Low-Fat-Cultured-Buttermilk-32-fl-oz/680127251?classType=REGULAR&athbdg=L1600
Walmart,2899383484,"Hiland Premium Flavored Strawberry Milk, Pint, 16 fl oz",Hiland,True,False,False,,16 fl oz,16,Unspecified,Strawberry,False,False,False,False,False,False,False,False,False,1,1,1.42,1.42,1.42,https://www.walmart.com/ip/Hiland-Dairy-Premium-Flavored-Strawberry-Milk-Pint-16-Fl-Oz/2899383484?classType=REGULAR
Walmart,105707759,"Hiland Premium Chocolate Milk, Quart, 32 fl oz",Hiland,True,False,False,,32 fl oz,32,Unspecified,Chocolate,False,False,False,False,False,False,False,False,False,1,1,2.87,2.87,2.87,https://www.walmart.com/ip/Hiland-Chocolate-Milk-1-Quart/105707759?classType=REGULAR
Walmart,822619624,TEXAS BLUEBONNET REDUCED FAT 2% MILK GALLON,Unknown,True,True,False,,Gallon,128,2%,Unflavored,False,False,False,False,False,False,False,False,False,2,2,3.67,3.67,3.67,https://www.walmart.com/ip/MILK/822619624?classType=REGULAR
Walmart,172045069,TEXAS BLUEBONNET WHOLE MILK HALF GALLON,Unknown,True,True,False,,Half Gallon,64,Whole,Unflavored,False,False,False,False,False,False,False,False,False,2,2,2.24,2.24,2.24,https://www.walmart.com/ip/HALF-GALLON-MILK/172045069?classType=REGULAR
Walmart,5325800276,TEXAS BLUEBONNET LOWFAT 1% MILK GALLON,Unknown,True,True,False,,Gallon,128,1%,Unflavored,False,False,False,False,False,False,False,False,False,1,1,3.67,3.67,3.67,https://www.walmart.com/ip/TEXAS-BLUEBONNET-LOWFAT-1-MILK-GALLON/5325800276?classType=REGULAR
Walmart,5174145914,TEXAS BLUEBONNET LOWFAT 1% MILK HALF GALLON,Unknown,True,True,False,,Half Gallon,64,1%,Unflavored,False,False,False,False,False,False,False,False,False,1,1,2.24,2.24,2.24,https://www.walmart.com/ip/TEXAS-BLUEBONNET-LOWFAT-1-MILK-HALF-GALLON/5174145914?classType=REGULAR
Walmart,42294449,"Prairie Farms 100% Lactose Free Fat Free Milk, 0.5 gal",Prairie Farms,True,True,False,,Half Gallon,64,Skim/Fat-Free,Unflavored,False,True,False,False,False,False,False,False,False,2,2,4.74,4.74,4.74,https://www.walmart.com/ip/Prairie-Farms-100-Lactose-Free-Fat-Free-Milk-0-5-gal/42294449?classType=REGULAR
Walmart,17177154,"Oak Farms 1% Lowfat Milk, Gallon",Oak Farms,True,True,False,,Gallon,128,1%,Unflavored,False,False,False,False,False,False,False,False,False,1,1,5,5,5,https://www.walmart.com/ip/Oak-Farms-1-Lowfat-Milk-with-Vitamin-A-and-D-Milk-Gallon-1-Jug/17177154?classType=REGULAR
Walmart,139862233,"Clover Farms Farmers 2% Reduced Fat Milk, Half Gallon",Unknown,True,True,False,,Half Gallon,64,2%,Unflavored,False,False,False,False,False,False,False,False,False,1,1,2.73,2.73,2.73,https://www.walmart.com/ip/Clover-Farms-Farmers-2-Reduced-Fat-Milk-Half-Gallon/139862233?classType=REGULAR
Walmart,988019284,Swiss Premium 1% Lowfat Milk - 32 fl oz,Unknown,True,True,False,,32 fl oz,32,1%,Unflavored,False,False,False,False,False,False,False,False,False,2,2,2.56,2.56,2.56,https://www.walmart.com/ip/Swiss-Premium-1-Lowfat-Milk-32-fl-oz/988019284?classType=REGULAR
Walmart,44391258,"Hiland 1% Low Fat Milk, Half Gallon",Hiland,True,True,False,,Half Gallon,64,1%,Unflavored,False,False,False,False,False,False,False,False,False,1,1,3.22,3.22,3.22,https://www.walmart.com/ip/Hiland-1-Low-Fat-Milk-Half-Gallon/44391258?classType=REGULAR
Walmart,3506017705,"Borden Milk UHT Lactose Free Fat Free, 32 oz. Bottle, Shelf-Stable, Grade A",Borden,False,False,True,,32 fl oz,32,Skim/Fat-Free,Unflavored,False,True,False,False,False,False,False,False,False,0,0,,,,https://www.walmart.com/ip/Borden-Milk-UHT-Lactose-Free-Fat-Free-32-oz-Bottle-Shelf-Stable-Grade-A/3506017705?classType=REGULAR
Walmart,17480813859,"Meadow Gold Extra Protein Whole Milk, Half Gallon",Meadow Gold,True,True,False,,Half Gallon,64,Whole,Unflavored,False,False,False,False,False,False,False,True,False,1,1,3.72,3.72,3.72,https://www.walmart.com/ip/Meadow-Gold-Milk-Whole-Protein-Half-Gallon-Plastic-Jug/17480813859?classType=REGULAR
Walmart,44391161,Meadow Gold 1% Lowfat Milk - 64 fl oz,Meadow Gold,True,True,False,,Half Gallon,64,1%,Unflavored,False,False,False,False,False,False,False,False,False,1,1,2.72,2.72,2.72,https://www.walmart.com/ip/Meadow-Gold-1-Lowfat-Milk-64-fl-oz/44391161?classType=REGULAR
Walmart,22259106,"Hood Whole Milk, 14 oz",Unknown,True,True,False,,14 fl oz,14,Whole,Unflavored,False,False,False,False,False,False,False,False,False,2,2,0.84,0.84,0.84,https://www.walmart.com/ip/Hood-Whole-Milk-14-oz/22259106?classType=REGULAR
Walmart,199143629,Anderson Dairy Vitamin D Milk 12 fl. oz. Bottle,Unknown,True,True,False,,12 fl oz,12,Whole,Unflavored,False,False,False,False,False,False,False,False,False,2,2,1.44,1.44,1.44,https://www.walmart.com/ip/Anderson-Dairy-Vitamin-D-Milk-12-fl-oz-Bottle/199143629?classType=REGULAR
Walmart,14868863475,(4 pack) Purity Whole Milk with Vitamin D - 16 fl oz,Purity,False,False,False,,16 fl oz,16,Whole,Unflavored,False,False,False,False,False,False,False,False,False,0,0,,,,https://www.walmart.com/ip/4-pack-Purity-Whole-Milk-with-Vitamin-D-16-fl-oz/14868863475?classType=VARIANT
Walmart,5169248174,"Oakhurst Mainer Mint Chip Flavored Whole Milk, Quart",Unknown,True,True,False,,32 fl oz,32,Whole,Unflavored,False,False,False,False,False,False,False,False,False,1,1,2.32,2.32,2.32,https://www.walmart.com/ip/Oakhurst-Vitamin-D-Whole-Chocolate-Marshmallow-Milk-Quart/5169248174?classType=REGULAR
Walmart,110864459,"Valley Farms Fat-Free Super Skim Milk, Half Gallon",Unknown,True,True,False,,Half Gallon,64,Skim/Fat-Free,Unflavored,False,False,False,False,False,False,False,False,False,1,1,3.58,3.58,3.58,https://www.walmart.com/ip/Valley-Farms-Fat-Free-Super-Skim-Milk-Half-Gallon/110864459?classType=REGULAR
Walmart,153229495,"Dean's Dairy Whole Milk with Vitamin D, Milk Gallon - 1 Jug",Dean's,True,True,False,,Gallon,128,Whole,Unflavored,False,False,False,False,False,False,False,False,False,1,1,5.12,5.12,5.12,https://www.walmart.com/ip/Dean-s-Dairy-Whole-Milk-with-Vitamin-D-Milk-Gallon-1-Jug/153229495?classType=REGULAR
Walmart,190734329,Reiter Whole Milk with Vitamin D - 32 fl oz,Unknown,True,True,False,,32 fl oz,32,Whole,Unflavored,False,False,False,False,False,False,False,False,False,2,2,2.32,2.32,2.32,https://www.walmart.com/ip/Reiter-Whole-Milk-with-Vitamin-D-32-fl-oz/190734329?classType=REGULAR
Walmart,141075277,"Galliker's Fresh 2% Reduced Fat Milk, Natural Flavor, Pint, Plastic Bottle, 16 fl oz",Unknown,True,True,False,,16 fl oz,16,2%,Unflavored,False,False,False,False,False,False,False,False,False,1,1,1.28,1.28,1.28,https://www.walmart.com/ip/Galliker-s-Fresh-2-Reduced-Fat-Milk-Natural-Flavor-Pint-Plastic-Bottle-16-fl-oz/141075277?classType=REGULAR
Walmart,136730245,"Galliker's Whole Vitamin D Fresh Milk Quart, 32 fl oz Plastic Bottle",Unknown,True,True,False,,32 fl oz,32,Whole,Unflavored,False,False,False,False,False,False,False,False,False,1,1,2.08,2.08,2.08,https://www.walmart.com/ip/Galliker-s-Fresh-Whole-Vitamin-D-Milk-Quart-Plastic-Bottle-32-fl-oz/136730245?classType=REGULAR
Walmart,135759463,"Galliker's 1% Low-Fat Milk, 1 Gallon, Unflavored",Unknown,True,True,False,,Gallon,128,1%,Unflavored,False,False,False,False,False,False,False,False,False,1,1,5.45,5.45,5.45,https://www.walmart.com/ip/Galliker-s-1-Low-Fat-Milk-1-Gallon-Unflavored/135759463?classType=REGULAR
Walmart,130684994,"Galliker's Chocolate Milk, Gallon, LightSafe Jug, 128 fl oz, Fresh",Unknown,True,False,False,,Gallon,128,Unspecified,Chocolate,False,False,False,False,False,False,False,False,False,1,1,5.92,5.92,5.92,https://www.walmart.com/ip/Galliker-s-Chocolate-Milk-Gallon-LightSafe-Jug-128-fl-oz-Fresh/130684994?classType=REGULAR
Walmart,138367860,"Galliker's Fat-Free Fresh Milk, LightSafe Jug, 1 Gallon",Unknown,True,True,False,,Gallon,128,Skim/Fat-Free,Unflavored,False,False,False,False,False,False,False,False,False,1,1,5.4,5.4,5.4,https://www.walmart.com/ip/Galliker-s-Fresh-Fat-Free-Milk-Gallon-LightSafe-Yellow-Plastic-Jug-128-fl-oz/138367860?classType=REGULAR
Walmart,21881854,"Upstate Farms 1% Lowfat Milk, 1 qt",Unknown,True,True,False,,32 fl oz,32,1%,Unflavored,False,False,False,False,False,False,False,False,False,1,1,2.22,2.22,2.22,https://www.walmart.com/ip/Upstate-Farms-1-Lowfat-Milk-1-qt/21881854?classType=REGULAR
Walmart,21849206,"Upstate Farms Vitamin D Milk, 16 oz",Unknown,True,True,False,,16 fl oz,16,Whole,Unflavored,False,False,False,False,False,False,False,False,False,1,1,1.58,1.58,1.58,https://www.walmart.com/ip/Upstate-Farms-Vitamin-D-Milk-16-oz/21849206?classType=REGULAR
Walmart,21881855,"Upstate Farms 2% Reduced Fat Milk, 1 qt",Unknown,True,True,False,,32 fl oz,32,2%,Unflavored,False,False,False,False,False,False,False,False,False,1,1,2.24,2.24,2.24,https://www.walmart.com/ip/Upstate-Farms-2-Reduced-Fat-Milk-1-qt/21881855?classType=REGULAR
Walmart,21838830,"UPSTATE FARMS Fat Free Pasteurized Milk, 128 Fl Oz",Unknown,True,True,False,,Gallon,128,Skim/Fat-Free,Unflavored,False,False,False,False,False,False,False,False,False,1,1,4.57,4.57,4.57,https://www.walmart.com/ip/UPSTATE-FARMS-Fat-Free-Pasteurized-Milk-128-Fl-Oz/21838830?classType=REGULAR
Walmart,21838834,"Upstate Farms Fat Free Milk, 0.5 gallon",Unknown,True,True,False,,Half Gallon,64,Skim/Fat-Free,Unflavored,False,False,False,False,False,False,False,False,False,1,1,2.38,2.38,2.38,https://www.walmart.com/ip/Upstate-Farms-Fat-Free-Milk-0-5-gallon/21838834?classType=REGULAR
Walmart,21838832,"Upstate Farms 2% Reduced Fat Milk, 1 gal",Unknown,True,True,False,,Gallon,128,2%,Unflavored,False,False,False,False,False,False,False,False,False,1,1,4.82,4.82,4.82,https://www.walmart.com/ip/Upstate-Farms-2-Reduced-Fat-Milk-1-gal/21838832?classType=REGULAR
Walmart,15125774847,"DairySky Whole Milk Powder, Original Flavor, Grade a, Non-GMO, rBST-Free, Shelf-Stable, Resealable Pouch, 12.6 oz (1 pack)",Unknown,False,False,True,powder_formula,12.6 fl oz,12.6,Whole,Unflavored,False,False,False,False,False,False,False,False,False,0,0,,,,https://www.walmart.com/ip/Dairysky-Whole-Milk-12-6-Oz/15125774847?classType=VARIANT
Walmart,42507287,Anderson Dairy Vitamin D Milk 1 qt. Bottle,Unknown,True,True,False,,32 fl oz,32,Whole,Unflavored,False,False,False,False,False,False,False,False,False,1,1,2.26,2.26,2.26,https://www.walmart.com/ip/Anderson-Dairy-Vitamin-D-Milk-1-qt-Bottle/42507287?classType=REGULAR
Walmart,537789958,"Anderson Dairy 2% Milkfat Reduced Fat Milk, 12 fl oz",Unknown,True,True,False,,12 fl oz,12,2%,Unflavored,False,False,False,False,False,False,False,False,False,1,1,1.47,1.47,1.47,https://www.walmart.com/ip/Anderson-Dairy-2-Milkfat-Reduced-Fat-Milk-12-fl-oz/537789958?classType=REGULAR
Walmart,103950109,Denia Instant Whole Milk Powder 1.75 lbs with Vitamins A & D,Unknown,False,False,False,powder_formula,Unknown,,Whole,Unflavored,False,False,False,False,False,False,False,False,False,0,0,,,,https://www.walmart.com/ip/Denia-Instant-Whole-Powder-Milk-Pasteurized-and-Homogenized-1-75-Lbs/103950109?classType=REGULAR
Walmart,37859776,"Horizon Organic Shelf Stable 1% Lowfat DHA Omega-3 Chocolate Milk Boxes, 8 fl oz, 6 Count",Horizon Organic,False,False,True,,8 fl oz,8,1%,Chocolate,True,False,False,False,True,False,False,False,False,0,0,,,,https://www.walmart.com/ip/Horizon-Organic-Shelf-Stable-1-Low-Fat-Milk-Boxes-with-DHA-Omega-3-Chocolate-8-fl-oz-6-Pack/37859776?classType=VARIANT
Walmart,174975804,"Oak Farms Fat Free Milk, Gallon",Oak Farms,True,True,False,,Gallon,128,Skim/Fat-Free,Unflavored,False,False,False,False,False,False,False,False,False,1,1,5,5,5,https://www.walmart.com/ip/Oak-Farms-Dairy-Skim-Milk-with-Vitamin-A-and-D-Fat-Free-Milk-Gallon-1-Jug/174975804?classType=REGULAR
Walmart,18002972393,Byrne Ultra Filtered 2% Milk - Farm Fresh Grade A,Unknown,True,False,False,,Unknown,,2%,Unflavored,False,False,True,False,False,False,False,False,False,1,1,4.37,4.37,4.37,https://www.walmart.com/ip/Ultra-Filtered-2-Milk/18002972393?classType=REGULAR
Walmart,42294430,"Hiland 100% Lactose Vitamin D Free Milk, 0.5 gal",Hiland,True,False,False,,Half Gallon,64,Unspecified,Unflavored,False,False,False,False,False,False,False,False,False,2,2,3.98,3.98,3.98,https://www.walmart.com/ip/Hiland-100-Lactose-Vitamin-D-Free-Milk-0-5-gal/42294430?classType=REGULAR
Walmart,42294431,"Hiland 100% Lactose Free 2% Reduced Fat Milk, 0.5 gal",Hiland,True,True,False,,Half Gallon,64,2%,Unflavored,False,True,False,False,False,False,False,False,False,1,1,3.98,3.98,3.98,https://www.walmart.com/ip/Hiland-100-Lactose-Free-2-Reduced-Fat-Milk-0-5-gal/42294431?classType=REGULAR
Walmart,172115373,"Rutter's 2% Reduced Fat Milk, 1 Quart, Plastic Bottle, Gluten-Free",Unknown,True,True,False,,32 fl oz,32,2%,Unflavored,False,False,False,False,False,False,False,False,False,1,1,2.28,2.28,2.28,https://www.walmart.com/ip/Rutter-s-2-Reduced-Fat-Milk-1-Quart-Plastic-Bottle-Gluten-Free/172115373?classType=REGULAR
Walmart,156804267,Rutter's Vitamin D Milk Whole Milk Pint Plastic Bottle,Unknown,True,True,False,,16 fl oz,16,Whole,Unflavored,False,False,False,False,False,False,False,False,False,1,1,1.58,1.58,1.58,https://www.walmart.com/ip/Rutter-s-Vitamin-D-Milk-1-Pint-Plastic-Bottle/156804267?classType=REGULAR
Walmart,417750831,"Hiland 1% Low Fat Chocolate Milk, Gallon, 128 fl oz",Hiland,True,True,False,,Gallon,128,1%,Chocolate,False,False,False,False,False,False,False,False,False,1,1,6.28,6.28,6.28,https://www.walmart.com/ip/Hiland-Dairy-1-Low-Fat-Chocolate-Milk-Gallon-128-Fl-Oz/417750831?classType=REGULAR
Walmart,185189902,Swiss Premium 2% Reduced Fat Milk - 32 fl oz,Unknown,True,True,False,,32 fl oz,32,2%,Unflavored,False,False,False,False,False,False,False,False,False,1,1,2.13,2.13,2.13,https://www.walmart.com/ip/Swiss-Premium-2-Reduced-Fat-Milk-32-fl-oz/185189902?classType=REGULAR
Walmart,129703242,Swiss Premium 2% Reduced Fat Milk - 16 fl oz,Unknown,True,True,False,,16 fl oz,16,2%,Unflavored,False,False,False,False,False,False,False,False,False,1,1,1.27,1.27,1.27,https://www.walmart.com/ip/Swiss-Premium-2-Reduced-Fat-Milk-16-fl-oz/129703242?classType=REGULAR
Walmart,149994270,Swiss Premium Fat Free Skim Milk - 32 fl oz,Unknown,True,True,False,,32 fl oz,32,Skim/Fat-Free,Unflavored,False,False,False,False,False,False,False,False,False,1,1,2.13,2.13,2.13,https://www.walmart.com/ip/Swiss-Premium-Fat-Free-Skim-Milk-32-fl-oz/149994270?classType=REGULAR
Walmart,48318559,"Umpqua Dairy 1% Low-Fat Milk, Quart",Umpqua Dairy,True,True,False,,32 fl oz,32,1%,Unflavored,False,False,False,False,False,False,False,False,False,1,1,1.68,1.68,1.68,https://www.walmart.com/ip/Umpqua-Dairy-1-Low-Fat-Milk-Quart/48318559?classType=REGULAR
ALDI,18647583,Friendly Farms Whole Milk,Friendly Farms,True,True,False,,Half Gallon,64,Whole,Unflavored,False,False,False,False,False,False,False,False,True,2469,2592,2.45,2.45,2.45,https://www.aldi.us/store/aldi/products/18647583-friendly-farms-whole-milk-0-5-gal
ALDI,20986614,Friendly Farms 2% Milk,Friendly Farms,True,True,False,,Half Gallon,64,2%,Unflavored,False,False,False,False,False,False,False,False,True,2469,2592,2.45,2.45,2.45,https://www.aldi.us/store/aldi/products/20986614-friendly-farms-2-milk-0-5-gal
ALDI,18649227,Simply Nature Organic Whole Milk,Simply Nature,True,True,False,,Half Gallon,64,Whole,Unflavored,True,False,False,False,False,False,False,False,True,2472,2595,3.85,3.85,3.85,https://www.aldi.us/store/aldi/products/18649227-friendly-farms-organic-whole-milk-64-fl-oz
ALDI,20989941,Friendly Farms 1% Milk,Friendly Farms,True,True,False,,Half Gallon,64,1%,Unflavored,False,False,False,False,False,False,False,False,True,2463,2584,2.45,2.45,2.45,https://www.aldi.us/store/aldi/products/20989941-friendly-farms-1-milk-0-5-gal
ALDI,20980944,Friendly Farms Lactose Free Whole Milk,Friendly Farms,True,True,False,,Half Gallon,64,Whole,Unflavored,False,True,False,False,False,False,False,False,True,2472,2594,2.99,2.99,2.99,https://www.aldi.us/store/aldi/products/20980944-friendly-farms-lactose-free-whole-milk-64-fl-oz
ALDI,20994220,Friendly Farms Low Fat Chocolate Milk,Friendly Farms,True,True,False,,Half Gallon,64,1%,Chocolate,False,False,False,False,False,False,False,False,True,2346,2467,2.61,2.61,2.61,https://www.aldi.us/store/aldi/products/20994220-friendly-farms-chocolate-milk-0-5-gal
ALDI,16902710,Friendly Farms Whole Milk,Friendly Farms,True,True,False,,Gallon,128,Whole,Unflavored,False,False,False,False,False,False,False,False,True,2469,2592,4.1,4.1,4.1,https://www.aldi.us/store/aldi/products/16902710-friendly-farms-vitamin-d-milk-1-gal
ALDI,18648487,Friendly Farms 2% Lactose Free Milk,Friendly Farms,True,True,False,,Half Gallon,64,2%,Unflavored,False,True,False,False,False,False,False,False,True,2472,2595,2.99,2.99,2.99,https://www.aldi.us/store/aldi/products/18648487-friendly-farms-lactose-free-2-reduced-fat-milk-64-fl-oz
ALDI,20975177,Friendly Farms Skim Milk,Friendly Farms,True,True,False,,Half Gallon,64,Skim/Fat-Free,Unflavored,False,False,False,False,False,False,False,False,True,2466,2589,2.45,2.45,2.45,https://www.aldi.us/store/aldi/products/20975177-friendly-farms-skim-milk-0-5-gal
ALDI,20957684,Friendly Farms 2% Milk,Friendly Farms,True,True,False,,Gallon,128,2%,Unflavored,False,False,False,False,False,False,False,False,True,2469,2592,4.1,4.1,4.1,https://www.aldi.us/store/aldi/products/20957684-friendly-farms-2-milk-1-gal
ALDI,19546425,Simply Nature Organic 2% Milk,Simply Nature,True,True,False,,Half Gallon,64,2%,Unflavored,True,False,False,False,False,False,False,False,True,2349,2470,3.85,3.85,3.85,https://www.aldi.us/store/aldi/products/19546425-friendly-farms-organic-2-milk-64-fl-oz
ALDI,64484580,Simply Nature Kids Organic Whole Milk,Simply Nature,True,False,False,,Unknown,,Whole,Unflavored,True,False,False,False,False,False,True,False,True,2461,2584,5.19,5.19,5.19,https://www.aldi.us/store/aldi/products/64484580-organic-whole-milk-kids
ALDI,22075091,Friendly Farms Lactose Free 2% Reduced Fat Ultra Filtered Milk,Friendly Farms,True,True,False,,59 fl oz,59,2%,Unflavored,False,True,True,False,False,False,False,False,True,2471,2594,3.99,3.99,3.99,https://www.aldi.us/store/aldi/products/22075091-friendly-farms-2-ultra-filtered-milk-59-fl-oz
ALDI,21059061,Simply Nature Organic Whole Omega-3 Milk,Simply Nature,True,True,False,,Half Gallon,64,Whole,Unflavored,True,False,False,False,True,False,False,False,True,2343,2464,4.39,4.39,4.39,https://www.aldi.us/store/aldi/products/21059061-friendly-farms-whole-omega-3-milk-64-fl-oz
ALDI,76041384,Friendly Farms 2% Chocolate Ultra-Filtered Milk,Friendly Farms,True,True,False,,59 fl oz,59,2%,Chocolate,False,False,True,False,False,False,False,False,True,903,939,3.99,3.99,3.99,https://www.aldi.us/store/aldi/products/76041384-friendly-farms-2-chocolate-ultrafiltered-milk-59-fl-oz
ALDI,18647971,Friendly Farms 1% Milk,Friendly Farms,True,True,False,,Gallon,128,1%,Unflavored,False,False,False,False,False,False,False,False,True,1866,1953,2.97,2.97,2.97,https://www.aldi.us/store/aldi/products/18647971-friendly-farms-1-low-fat-milk-1-gal
ALDI,19915870,Simply Nature Organic 2% Reduced Fat Milk,Simply Nature,True,True,False,,Half Gallon,64,2%,Unflavored,True,False,False,False,False,False,False,False,True,123,125,4.25,4.25,4.25,https://www.aldi.us/store/aldi/products/19915870-simply-nature-organic-organic-2-reduced-fat-milk-64-fl-oz
ALDI,18647758,Friendly Farms Skim Milk,Friendly Farms,True,True,False,,Gallon,128,Skim/Fat-Free,Unflavored,False,False,False,False,False,False,False,False,True,211,221,3.89,3.89,3.89,https://www.aldi.us/store/aldi/products/18647758-friendly-farms-fat-free-skim-milk-1-gal
Amazon,B08FVHS5R1,"Horizon Organic Shelf Stable Whole Milk Boxes, 18ct | 8g Protein per Serving, Whole Milk, USDA Organic, No Refrigeration Required, Lunchboxes, On The Go, For Adults & Kids",Horizon Organic,False,False,True,,Unknown,,Whole,Unflavored,True,False,False,False,False,False,True,False,False,0,0,,,,https://www.amazon.com/Horizon-Organic-Whole-Milk-Pk/dp/B08FVHS5R1/ref=sr_1_1?crid=1E2QJW9TUIM1M&dib=eyJ2IjoiMSJ9.GQqE5CM5aZ-ngZPedbokBNLJ7xuZM2MgAmpnLhFJNYMlXt-z3xaOmZd0dfOSIl_5RkuAsSSxhMc2ne8Lo-RcXjPVclxH9HDacrEGwpkzKR4ixU3IXbqzpDGEyV469Vk3bNfdZqNZK_pqm1CCPoUpXaI-KwM9VL8NT0NOQCAXcitYKVxnNGAzSw6pBs-FNe0YTHI7jsZYwPNwz7qwvaQp0gE5IMY86mrrKaq-wO7dqEY.y6TinkibpOahgmq-N3zRhGrjF2dW_HPVuH75fOYMUw0&dib_tag=se&keywords=milk&qid=1786065762&s=samedaystore&sprefix=mil%2Csamedaystore%2C348&sr=1-1
Amazon,B07TD93FX6,"HORIZON ORGANIC Organic Whole Milk 6pk, 48 FZ | 8g Protein per Serving, Whole Milk, USDA Organic, No Refrigeration Required, Lunchboxes, On The Go, For Adults & Kids",Horizon Organic,False,False,True,,48 fl oz,48,Whole,Unflavored,True,False,False,False,False,False,True,False,False,0,0,,,,https://www.amazon.com/Horizon-Organic-Shelf-Stable-Whole-Single/dp/B07TD93FX6/ref=sr_1_2?crid=1E2QJW9TUIM1M&dib=eyJ2IjoiMSJ9.GQqE5CM5aZ-ngZPedbokBNLJ7xuZM2MgAmpnLhFJNYMlXt-z3xaOmZd0dfOSIl_5RkuAsSSxhMc2ne8Lo-RcXjPVclxH9HDacrEGwpkzKR4ixU3IXbqzpDGEyV469Vk3bNfdZqNZK_pqm1CCPoUpXaI-KwM9VL8NT0NOQCAXcitYKVxnNGAzSw6pBs-FNe0YTHI7jsZYwPNwz7qwvaQp0gE5IMY86mrrKaq-wO7dqEY.y6TinkibpOahgmq-N3zRhGrjF2dW_HPVuH75fOYMUw0&dib_tag=se&keywords=milk&qid=1786065762&rdc=1&s=samedaystore&sprefix=mil%2Csamedaystore%2C348&sr=1-2
Amazon,B07MQ6DB8Z,"Horizon Organic Shelf Stable Whole Milk Boxes, 12ct | 8g Protein per Serving, Whole Milk, USDA Organic, No Refrigeration Required, Lunchboxes, On The Go, For Adults & Kids",Horizon Organic,False,False,True,,Unknown,,Whole,Unflavored,True,False,False,False,False,False,True,False,False,0,0,,,,https://www.amazon.com/Horizon-Organic-Whole-Ounce-Single/dp/B07MQ6DB8Z/ref=sr_1_3?crid=1E2QJW9TUIM1M&dib=eyJ2IjoiMSJ9.GQqE5CM5aZ-ngZPedbokBNLJ7xuZM2MgAmpnLhFJNYMlXt-z3xaOmZd0dfOSIl_5RkuAsSSxhMc2ne8Lo-RcXjPVclxH9HDacrEGwpkzKR4ixU3IXbqzpDGEyV469Vk3bNfdZqNZK_pqm1CCPoUpXaI-KwM9VL8NT0NOQCAXcitYKVxnNGAzSw6pBs-FNe0YTHI7jsZYwPNwz7qwvaQp0gE5IMY86mrrKaq-wO7dqEY.y6TinkibpOahgmq-N3zRhGrjF2dW_HPVuH75fOYMUw0&dib_tag=se&keywords=milk&qid=1786065762&rdc=1&s=samedaystore&sprefix=mil%2Csamedaystore%2C348&sr=1-3
Amazon,B0C2GDWTJ1,"Prairie Farms Whole Milk, Shelf Stable, Boxed & Ultra Pasteurized (UHT), Vitamin D White Milk - Preservative and Hormone Free, Gluten Free, Kosher, Made in USA - 1 Quart (4 Pack)",Prairie Farms,False,False,True,,32 fl oz,32,Whole,Unflavored,False,False,False,False,False,False,False,False,False,0,0,,,,https://www.amazon.com/Prairie-Farms-Pasteurized-Vitamin-Preservative/dp/B0C2GDWTJ1/ref=sr_1_4?crid=1E2QJW9TUIM1M&dib=eyJ2IjoiMSJ9.GQqE5CM5aZ-ngZPedbokBNLJ7xuZM2MgAmpnLhFJNYMlXt-z3xaOmZd0dfOSIl_5RkuAsSSxhMc2ne8Lo-RcXjPVclxH9HDacrEGwpkzKR4ixU3IXbqzpDGEyV469Vk3bNfdZqNZK_pqm1CCPoUpXaI-KwM9VL8NT0NOQCAXcitYKVxnNGAzSw6pBs-FNe0YTHI7jsZYwPNwz7qwvaQp0gE5IMY86mrrKaq-wO7dqEY.y6TinkibpOahgmq-N3zRhGrjF2dW_HPVuH75fOYMUw0&dib_tag=se&keywords=milk&qid=1786065762&rdc=1&s=samedaystore&sprefix=mil%2Csamedaystore%2C348&sr=1-4
Amazon,B0CLWY1ZG6,"Darigold Shelf Stable Whole Milk Bottle with 12 Essential Nutrients, 15g Protein, rsBT Free - 14oz, 12 Pack (Whole)",Darigold,False,False,True,non_beverage,14 fl oz,14,Whole,Unflavored,False,False,False,False,False,False,False,False,False,0,0,,,,https://www.amazon.com/Darigold/dp/B0CLWY1ZG6/ref=sr_1_5?crid=1E2QJW9TUIM1M&dib=eyJ2IjoiMSJ9.GQqE5CM5aZ-ngZPedbokBNLJ7xuZM2MgAmpnLhFJNYMlXt-z3xaOmZd0dfOSIl_5RkuAsSSxhMc2ne8Lo-RcXjPVclxH9HDacrEGwpkzKR4ixU3IXbqzpDGEyV469Vk3bNfdZqNZK_pqm1CCPoUpXaI-KwM9VL8NT0NOQCAXcitYKVxnNGAzSw6pBs-FNe0YTHI7jsZYwPNwz7qwvaQp0gE5IMY86mrrKaq-wO7dqEY.y6TinkibpOahgmq-N3zRhGrjF2dW_HPVuH75fOYMUw0&dib_tag=se&keywords=milk&qid=1786065762&rdc=1&s=samedaystore&sprefix=mil%2Csamedaystore%2C348&sr=1-5
Amazon,B0CLWYY2SH,"Darigold Milk 2 Percent, Reduced Fat Shelf Stable Milk with 12 Essential Nutrients, 15g Protein, rsBT Free - 14oz, 12 Pack (Two Percent)",Darigold,False,False,True,,14 fl oz,14,2%,Unflavored,False,False,False,False,False,False,False,False,False,0,0,,,,https://www.amazon.com/Darigold-Milk-Percent-Low-Fat/dp/B0CLWYY2SH/ref=sr_1_6?crid=1E2QJW9TUIM1M&dib=eyJ2IjoiMSJ9.GQqE5CM5aZ-ngZPedbokBNLJ7xuZM2MgAmpnLhFJNYMlXt-z3xaOmZd0dfOSIl_5RkuAsSSxhMc2ne8Lo-RcXjPVclxH9HDacrEGwpkzKR4ixU3IXbqzpDGEyV469Vk3bNfdZqNZK_pqm1CCPoUpXaI-KwM9VL8NT0NOQCAXcitYKVxnNGAzSw6pBs-FNe0YTHI7jsZYwPNwz7qwvaQp0gE5IMY86mrrKaq-wO7dqEY.y6TinkibpOahgmq-N3zRhGrjF2dW_HPVuH75fOYMUw0&dib_tag=se&keywords=milk&qid=1786065762&s=samedaystore&sprefix=mil%2Csamedaystore%2C348&sr=1-6
Amazon,B0BTMPX1MW,"Schreiber Shelf Stable Milk, Whole with Vitamin A & D, 32oz (6 Pack)",Unknown,False,False,True,,32 fl oz,32,Whole,Unflavored,False,False,False,False,False,False,False,False,False,0,0,,,,https://www.amazon.com/Schreiber-Shelf-Stable-Whole-Vitamin/dp/B0BTMPX1MW/ref=sr_1_7?crid=1E2QJW9TUIM1M&dib=eyJ2IjoiMSJ9.GQqE5CM5aZ-ngZPedbokBNLJ7xuZM2MgAmpnLhFJNYMlXt-z3xaOmZd0dfOSIl_5RkuAsSSxhMc2ne8Lo-RcXjPVclxH9HDacrEGwpkzKR4ixU3IXbqzpDGEyV469Vk3bNfdZqNZK_pqm1CCPoUpXaI-KwM9VL8NT0NOQCAXcitYKVxnNGAzSw6pBs-FNe0YTHI7jsZYwPNwz7qwvaQp0gE5IMY86mrrKaq-wO7dqEY.y6TinkibpOahgmq-N3zRhGrjF2dW_HPVuH75fOYMUw0&dib_tag=se&keywords=milk&qid=1786065762&s=samedaystore&sprefix=mil%2Csamedaystore%2C348&sr=1-7
Amazon,B0FPDBYGSB,"Horizon Organic, Organic Whole Milk, 6 Pack, 48 Fl Oz",Horizon Organic,False,False,False,,48 fl oz,48,Whole,Unflavored,True,False,False,False,False,False,False,False,False,0,0,,,,https://www.amazon.com/Horizon-Milk-Whole-Plain-6Pk/dp/B0FPDBYGSB/ref=sr_1_8?crid=1E2QJW9TUIM1M&dib=eyJ2IjoiMSJ9.GQqE5CM5aZ-ngZPedbokBNLJ7xuZM2MgAmpnLhFJNYMlXt-z3xaOmZd0dfOSIl_5RkuAsSSxhMc2ne8Lo-RcXjPVclxH9HDacrEGwpkzKR4ixU3IXbqzpDGEyV469Vk3bNfdZqNZK_pqm1CCPoUpXaI-KwM9VL8NT0NOQCAXcitYKVxnNGAzSw6pBs-FNe0YTHI7jsZYwPNwz7qwvaQp0gE5IMY86mrrKaq-wO7dqEY.y6TinkibpOahgmq-N3zRhGrjF2dW_HPVuH75fOYMUw0&dib_tag=se&keywords=milk&qid=1786065762&s=samedaystore&sprefix=mil%2Csamedaystore%2C348&sr=1-8
Amazon,B00FTC51GM,"Horizon Organic Shelf Stable 1% Lowfat Milk Boxes, 12ct | 8g Protein per Serving, 1% Lowfat, USDA Organic, No Refrigeration Required, Lunchboxes, On The Go, For Adults & Kids",Horizon Organic,False,False,True,,Unknown,,1%,Unflavored,True,False,False,False,False,False,True,False,False,0,0,,,,https://www.amazon.com/Horizon-Organic-Shelf-Stable-Lowfat/dp/B00FTC51GM/ref=sr_1_9?crid=1E2QJW9TUIM1M&dib=eyJ2IjoiMSJ9.GQqE5CM5aZ-ngZPedbokBNLJ7xuZM2MgAmpnLhFJNYMlXt-z3xaOmZd0dfOSIl_5RkuAsSSxhMc2ne8Lo-RcXjPVclxH9HDacrEGwpkzKR4ixU3IXbqzpDGEyV469Vk3bNfdZqNZK_pqm1CCPoUpXaI-KwM9VL8NT0NOQCAXcitYKVxnNGAzSw6pBs-FNe0YTHI7jsZYwPNwz7qwvaQp0gE5IMY86mrrKaq-wO7dqEY.y6TinkibpOahgmq-N3zRhGrjF2dW_HPVuH75fOYMUw0&dib_tag=se&keywords=milk&qid=1786065762&rdc=1&s=samedaystore&sprefix=mil%2Csamedaystore%2C348&sr=1-9
Amazon,B0CZMBDXR5,"Prairie Farms Milk 2% Percent, Shelf Stable, Reduced Fat, Boxed & Ulta Pasteurized (UHT), Vitamin D White Milk - Preservative and Hormone Free, Gluten Free, Kosher, Made in USA - 1 Quart (4 Pack)",Prairie Farms,False,False,True,,32 fl oz,32,2%,Unflavored,False,False,False,False,False,False,False,False,False,0,0,,,,https://www.amazon.com/Prairie-Farms-Percent-Pasteurized-Preservative/dp/B0CZMBDXR5/ref=sr_1_10?crid=1E2QJW9TUIM1M&dib=eyJ2IjoiMSJ9.GQqE5CM5aZ-ngZPedbokBNLJ7xuZM2MgAmpnLhFJNYMlXt-z3xaOmZd0dfOSIl_5RkuAsSSxhMc2ne8Lo-RcXjPVclxH9HDacrEGwpkzKR4ixU3IXbqzpDGEyV469Vk3bNfdZqNZK_pqm1CCPoUpXaI-KwM9VL8NT0NOQCAXcitYKVxnNGAzSw6pBs-FNe0YTHI7jsZYwPNwz7qwvaQp0gE5IMY86mrrKaq-wO7dqEY.y6TinkibpOahgmq-N3zRhGrjF2dW_HPVuH75fOYMUw0&dib_tag=se&keywords=milk&qid=1786065762&rdc=1&s=samedaystore&sprefix=mil%2Csamedaystore%2C348&sr=1-10
Amazon,B0CLX68Q6D,"Darigold FIT High Protein Milk 2 Percent - Ultra-Filtered, Low Fat, Lactose Free - 25g Protein, 40% Less Sugar - 14oz Bottles, 12 Pack (White Milk)",Darigold,False,False,False,,14 fl oz,14,1%,Unflavored,False,True,True,False,False,False,False,True,False,0,0,,,,https://www.amazon.com/Darigold-High-Protein-Milk-Percent/dp/B0CLX68Q6D/ref=sr_1_11?crid=1E2QJW9TUIM1M&dib=eyJ2IjoiMSJ9.GQqE5CM5aZ-ngZPedbokBNLJ7xuZM2MgAmpnLhFJNYMlXt-z3xaOmZd0dfOSIl_5RkuAsSSxhMc2ne8Lo-RcXjPVclxH9HDacrEGwpkzKR4ixU3IXbqzpDGEyV469Vk3bNfdZqNZK_pqm1CCPoUpXaI-KwM9VL8NT0NOQCAXcitYKVxnNGAzSw6pBs-FNe0YTHI7jsZYwPNwz7qwvaQp0gE5IMY86mrrKaq-wO7dqEY.y6TinkibpOahgmq-N3zRhGrjF2dW_HPVuH75fOYMUw0&dib_tag=se&keywords=milk&qid=1786065762&rdc=1&s=samedaystore&sprefix=mil%2Csamedaystore%2C348&sr=1-11
Amazon,B0F9X46VC4,"Sunrise Meadow Shelf Stable Whole Milk, Grass Fed Milk Carton Sourced from Small Family Farms, 8oz Boxes (24 pack) Great for On the Go, No Refrigeration needed,",Unknown,False,False,True,,8 fl oz,8,Whole,Unflavored,False,False,False,False,False,True,False,False,False,0,0,,,,https://www.amazon.com/Sunrise-Meadow-Stable-Sourced-Refrigeration/dp/B0F9X46VC4/ref=sr_1_12?crid=1E2QJW9TUIM1M&dib=eyJ2IjoiMSJ9.GQqE5CM5aZ-ngZPedbokBNLJ7xuZM2MgAmpnLhFJNYMlXt-z3xaOmZd0dfOSIl_5RkuAsSSxhMc2ne8Lo-RcXjPVclxH9HDacrEGwpkzKR4ixU3IXbqzpDGEyV469Vk3bNfdZqNZK_pqm1CCPoUpXaI-KwM9VL8NT0NOQCAXcitYKVxnNGAzSw6pBs-FNe0YTHI7jsZYwPNwz7qwvaQp0gE5IMY86mrrKaq-wO7dqEY.y6TinkibpOahgmq-N3zRhGrjF2dW_HPVuH75fOYMUw0&dib_tag=se&keywords=milk&qid=1786065762&s=samedaystore&sprefix=mil%2Csamedaystore%2C348&sr=1-12
Amazon,B0BY5P6NN7,"Prairie Farms Whole Milk, Shelf Stable, Boxed & Ultra Pasteurized (UHT), Vitamin D White Milk - Preservative and Hormone Free, Gluten Free, Kosher, Made in USA - 1 Quart (1 Pack)",Prairie Farms,False,False,True,,32 fl oz,32,Whole,Unflavored,False,False,False,False,False,False,False,False,False,0,0,,,,https://www.amazon.com/Prairie-Farms-Pasteurized-Vitamin-Preservative/dp/B0BY5P6NN7/ref=sr_1_13?crid=1E2QJW9TUIM1M&dib=eyJ2IjoiMSJ9.GQqE5CM5aZ-ngZPedbokBNLJ7xuZM2MgAmpnLhFJNYMlXt-z3xaOmZd0dfOSIl_5RkuAsSSxhMc2ne8Lo-RcXjPVclxH9HDacrEGwpkzKR4ixU3IXbqzpDGEyV469Vk3bNfdZqNZK_pqm1CCPoUpXaI-KwM9VL8NT0NOQCAXcitYKVxnNGAzSw6pBs-FNe0YTHI7jsZYwPNwz7qwvaQp0gE5IMY86mrrKaq-wO7dqEY.y6TinkibpOahgmq-N3zRhGrjF2dW_HPVuH75fOYMUw0&dib_tag=se&keywords=milk&qid=1786065762&s=samedaystore&sprefix=mil%2Csamedaystore%2C348&sr=1-13
Amazon,B07P6TDXV1,"Nesquik Lowfat Chocolate Milk, 8 Fl Oz, 12 Pack | Ready to drink chocolate lowfat milk; 12 x 8 fl oz bottles",Nesquik,False,False,False,,8 fl oz,8,1%,Chocolate,False,False,False,False,False,False,False,False,False,0,0,,,,https://www.amazon.com/NESQUIK-Ready-Drink-Chocolate-Count/dp/B07P6TDXV1/ref=sr_1_14?crid=1E2QJW9TUIM1M&dib=eyJ2IjoiMSJ9.GQqE5CM5aZ-ngZPedbokBNLJ7xuZM2MgAmpnLhFJNYMlXt-z3xaOmZd0dfOSIl_5RkuAsSSxhMc2ne8Lo-RcXjPVclxH9HDacrEGwpkzKR4ixU3IXbqzpDGEyV469Vk3bNfdZqNZK_pqm1CCPoUpXaI-KwM9VL8NT0NOQCAXcitYKVxnNGAzSw6pBs-FNe0YTHI7jsZYwPNwz7qwvaQp0gE5IMY86mrrKaq-wO7dqEY.y6TinkibpOahgmq-N3zRhGrjF2dW_HPVuH75fOYMUw0&dib_tag=se&keywords=milk&qid=1786065762&s=samedaystore&sprefix=mil%2Csamedaystore%2C348&sr=1-14
Amazon,B075QJ8M1K,"Oatly Original Oat Milk, 64 oz | Plant-Based Made from Oats, Milk Alternative, Vegan, Non-GMO, Gluten Free, Kosher",Unknown,False,False,False,plant_based,Half Gallon,64,Unspecified,Unflavored,False,False,False,False,False,False,False,False,False,0,0,,,,https://www.amazon.com/Oatly-OATLY-Original-Oat-Milk/dp/B075QJ8M1K/ref=sr_1_15?crid=1E2QJW9TUIM1M&dib=eyJ2IjoiMSJ9.GQqE5CM5aZ-ngZPedbokBNLJ7xuZM2MgAmpnLhFJNYMlXt-z3xaOmZd0dfOSIl_5RkuAsSSxhMc2ne8Lo-RcXjPVclxH9HDacrEGwpkzKR4ixU3IXbqzpDGEyV469Vk3bNfdZqNZK_pqm1CCPoUpXaI-KwM9VL8NT0NOQCAXcitYKVxnNGAzSw6pBs-FNe0YTHI7jsZYwPNwz7qwvaQp0gE5IMY86mrrKaq-wO7dqEY.y6TinkibpOahgmq-N3zRhGrjF2dW_HPVuH75fOYMUw0&dib_tag=se&keywords=milk&qid=1786065762&s=samedaystore&sprefix=mil%2Csamedaystore%2C348&sr=1-15
Amazon,B00PGXQ68Q,"Silk Shelf-Stable Almond Milk, Unsweetened Vanilla, Dairy-Free, Vegan, Non-GMO Project Verified, 1 Quart (Pack of 6)",Unknown,False,False,True,plant_based,32 fl oz,32,Unspecified,Vanilla,False,False,False,False,False,False,False,False,False,0,0,,,,https://www.amazon.com/Silk-Unsweetened-Flavored-Non-Dairy-Dairy-free/dp/B00PGXQ68Q/ref=sr_1_16?crid=1E2QJW9TUIM1M&dib=eyJ2IjoiMSJ9.GQqE5CM5aZ-ngZPedbokBNLJ7xuZM2MgAmpnLhFJNYMlXt-z3xaOmZd0dfOSIl_5RkuAsSSxhMc2ne8Lo-RcXjPVclxH9HDacrEGwpkzKR4ixU3IXbqzpDGEyV469Vk3bNfdZqNZK_pqm1CCPoUpXaI-KwM9VL8NT0NOQCAXcitYKVxnNGAzSw6pBs-FNe0YTHI7jsZYwPNwz7qwvaQp0gE5IMY86mrrKaq-wO7dqEY.y6TinkibpOahgmq-N3zRhGrjF2dW_HPVuH75fOYMUw0&dib_tag=se&keywords=milk&qid=1786065762&s=samedaystore&sprefix=mil%2Csamedaystore%2C348&sr=1-16
Amazon,B08769TPSY,"Hoosier Hill Farm Whole Milk Powder, 2LB (Pack of 1)",Unknown,False,False,False,powder_formula,Unknown,,Whole,Unflavored,False,False,False,False,False,False,False,False,False,0,0,,,,https://www.amazon.com/American-Powder-Hoosier-Hill-Farm/dp/B08769TPSY/ref=sr_1_15?crid=1E2QJW9TUIM1M&dib=eyJ2IjoiMSJ9.GQqE5CM5aZ-ngZPedbokBNLJ7xuZM2MgAmpnLhFJNYMlXt-z3xaOmZd0dfOSIl_5RkuAsSSxhMc2ne8Lo-RcXiu9grkIa4AhNFmokOw1KLnWJkkEVPVORQIv0AfqJeFxbNfdZqNZK_pqm1CCPoUpXaI-KwM9VL8NT0NOQCAXcivpFUXIDtl1cdIGqpoq6bRzJsz90Flb4QgJ-SnvlR5f78JrXwO_-qNdyh4zFO8z-0I.mPdLcmtKjWFNmYhinvwtmmtQjEcM1affU3kRP08XLoc&dib_tag=se&keywords=milk&qid=1786065762&s=samedaystore&sprefix=mil%2Csamedaystore%2C348&sr=1-15
Amazon,B0CW2688GM,"Prairie Farms Lactose Free Milk, Shelf Stable 1% Low Fat Milk Boxes Vitamin D, Gluten Free, Ultra Pasteurized (UHT), Kosher - 8oz. (27 Pack)",Prairie Farms,False,False,True,,8 fl oz,8,1%,Unflavored,False,True,False,False,False,False,False,False,False,0,0,,,,https://www.amazon.com/Prairie-Farms-Lactose-Stable-Vitamin/dp/B0CW2688GM/ref=sr_1_12?crid=1E2QJW9TUIM1M&dib=eyJ2IjoiMSJ9.A7fNoVZ58cuppQ8EyOXkNaw18U6_mYDzaGd_NSaIwbYXg62UmXmRAWW-hSd44NI_lp1rOS3X2i6--ii2uaG4vQUJB73foNQ4nzZk4cOBa_3oVDqKTM4BjbMwl3K3WuSZGXTMYOpDKLKRqBcutUXchbBAgxO82eg2Xo2RMYcV-maldeDFYgpwA8EfqxGLwld34-vtiSyLnLgZbg-6-hc1LAE5IMY86mrrKaq-wO7dqEY.WnUBwVOUMAtF4uOGfPw9M02Covi5KatvJx0DGrvFnSg&dib_tag=se&keywords=milk&qid=1786065764&rdc=1&s=samedaystore&sprefix=mil%2Csamedaystore%2C348&sr=1-12
Amazon,B000LKVB52,"Horizon Organic Shelf Stable 1% Lowfat Milk Boxes, 18ct | 8g Protein per Serving, 1% Lowfat, USDA Organic, No Refrigeration Required, Lunchboxes, On The Go, For Adults & Kids",Horizon Organic,False,False,True,,8 fl oz,8,1%,Unflavored,True,False,False,False,False,False,True,False,False,0,0,,,,https://www.amazon.com/Horizon-Organic-8-Ounce-Aseptic-Cartons/dp/B000LKVB52/ref=sr_1_4?crid=1E2QJW9TUIM1M&dib=eyJ2IjoiMSJ9.A7fNoVZ58cuppQ8EyOXkNRRjP_mtuvNYDx9_5G3HBma-jJ4kTocNdFm-T6y0uWJc4vLEETceg68gM3WWZrOlVq0bSRqTJvUaiFPF3uY3rJES3HH8A6n8qxKl3JkATxXODV0VVoQGnBXs0w6M-9IsVEAVaw-Vf8Na77IA_Ow072THo9n2_jCVisxek-zfmaVw7wRdhG-WI7a2bxg8ECcb3E0tuKDlNAxf1sE2xLeDsYk.t00EbPTPcDTB57iiQ5u3Qs2_j8iiPWRjXZKHOYyfdDE&dib_tag=se&keywords=milk&qid=1786065765&rdc=1&s=samedaystore&sprefix=mil%2Csamedaystore%2C348&sr=1-4
Amazon,B003ZS6CXS,"Yoo-hoo Chocolate Flavored Drink, 6.5 fl oz Boxes 40 Pack, Ready to Drink, Caffeine-Free, 99% Fat-Free, High in Calcium & Vitamin D",Unknown,False,False,False,not_milk,6.5 fl oz,6.5,Skim/Fat-Free,Chocolate,False,False,False,False,False,False,False,False,False,0,0,,,,https://www.amazon.com/Yoo-hoo-Chocolate-Drink-boxes-count/dp/B003ZS6CXS/ref=sr_1_5?crid=1E2QJW9TUIM1M&dib=eyJ2IjoiMSJ9.A7fNoVZ58cuppQ8EyOXkNRRjP_mtuvNYDx9_5G3HBma-jJ4kTocNdFm-T6y0uWJc4vLEETceg68gM3WWZrOlVq0bSRqTJvUaiFPF3uY3rJES3HH8A6n8qxKl3JkATxXODV0VVoQGnBXs0w6M-9IsVEAVaw-Vf8Na77IA_Ow072THo9n2_jCVisxek-zfmaVw7wRdhG-WI7a2bxg8ECcb3E0tuKDlNAxf1sE2xLeDsYk.t00EbPTPcDTB57iiQ5u3Qs2_j8iiPWRjXZKHOYyfdDE&dib_tag=se&keywords=milk&qid=1786065765&rdc=1&s=samedaystore&sprefix=mil%2Csamedaystore%2C348&sr=1-5
Amazon,B0DCLL5XLB,"Bubs Whole Goat Milk Infant Formula for 0-12 Months, Non-GMO Milk, 20 oz | Goat Milk-Based Powder with Iron, DHA, ARA, Prebiotics & Essential Nutrients to Support Gentle Digestion",Unknown,False,False,False,"baby,goat_other,powder_formula",20 fl oz,20,Whole,Unflavored,False,False,False,False,True,False,False,False,False,0,0,,,,https://www.amazon.com/Bubs-Formula-Milk-Based-Infants-Non-GMO/dp/B0DCLL5XLB/ref=sr_1_8?crid=1E2QJW9TUIM1M&dib=eyJ2IjoiMSJ9.A7fNoVZ58cuppQ8EyOXkNRRjP_mtuvNYDx9_5G3HBma-jJ4kTocNdFm-T6y0uWJc4vLEETceg68gM3WWZrOlVq0bSRqTJvUaiFPF3uY3rJES3HH8A6n8qxKl3JkATxXODV0VVoQGnBXs0w6M-9IsVEAVaw-Vf8Na77IA_Ow072THo9n2_jCVisxek-zfmaVw7wRdhG-WI7a2bxg8ECcb3E0tuKDlNAxf1sE2xLeDsYk.t00EbPTPcDTB57iiQ5u3Qs2_j8iiPWRjXZKHOYyfdDE&dib_tag=se&keywords=milk&qid=1786065765&s=samedaystore&sprefix=mil%2Csamedaystore%2C348&sr=1-8
Amazon,B074H6M4LN,"365 by Whole Foods Market, Organic Unsweetened Almond Milk, 32 Fl Oz",365 by Whole Foods Market,False,False,False,plant_based,32 fl oz,32,Whole,Unflavored,True,False,False,False,False,False,False,False,True,0,0,,,,https://www.amazon.com/365-Everyday-Value-Original-Unsweetened/dp/B074H6M4LN/ref=sr_1_10?crid=1E2QJW9TUIM1M&dib=eyJ2IjoiMSJ9.A7fNoVZ58cuppQ8EyOXkNRRjP_mtuvNYDx9_5G3HBma-jJ4kTocNdFm-T6y0uWJc4vLEETceg68gM3WWZrOlVq0bSRqTJvUaiFPF3uY3rJES3HH8A6n8qxKl3JkATxXODV0VVoQGnBXs0w6M-9IsVEAVaw-Vf8Na77IA_Ow072THo9n2_jCVisxek-zfmaVw7wRdhG-WI7a2bxg8ECcb3E0tuKDlNAxf1sE2xLeDsYk.t00EbPTPcDTB57iiQ5u3Qs2_j8iiPWRjXZKHOYyfdDE&dib_tag=se&keywords=milk&qid=1786065765&rdc=1&s=samedaystore&sprefix=mil%2Csamedaystore%2C348&sr=1-10
Amazon,B074J6TDVP,"365 by Whole Foods Market, Organic Vanilla Almond Milk, Vegan, Low-Fat, 32 Fl Oz",365 by Whole Foods Market,False,False,False,plant_based,32 fl oz,32,Whole,Vanilla,True,False,False,False,False,False,False,False,True,0,0,,,,https://www.amazon.com/365-Everyday-Value-Organic-Almondmilk/dp/B074J6TDVP/ref=sr_1_11?crid=1E2QJW9TUIM1M&dib=eyJ2IjoiMSJ9.A7fNoVZ58cuppQ8EyOXkNRRjP_mtuvNYDx9_5G3HBma-jJ4kTocNdFm-T6y0uWJc4vLEETceg68gM3WWZrOlVq0bSRqTJvUaiFPF3uY3rJES3HH8A6n8qxKl3JkATxXODV0VVoQGnBXs0w6M-9IsVEAVaw-Vf8Na77IA_Ow072THo9n2_jCVisxek-zfmaVw7wRdhG-WI7a2bxg8ECcb3E0tuKDlNAxf1sE2xLeDsYk.t00EbPTPcDTB57iiQ5u3Qs2_j8iiPWRjXZKHOYyfdDE&dib_tag=se&keywords=milk&qid=1786065765&rdc=1&s=samedaystore&sprefix=mil%2Csamedaystore%2C348&sr=1-11
Amazon,B00099XPD6,Nestle Carnation Evaporated Milk 12 fl oz,Unknown,False,False,False,condensed_evaporated,12 fl oz,12,Unspecified,Unflavored,False,False,False,False,False,False,False,False,False,0,0,,,,https://www.amazon.com/Nestle-Carnation-Vitamin-Added-Evaporated/dp/B00099XPD6/ref=sr_1_12?crid=1E2QJW9TUIM1M&dib=eyJ2IjoiMSJ9.A7fNoVZ58cuppQ8EyOXkNRRjP_mtuvNYDx9_5G3HBma-jJ4kTocNdFm-T6y0uWJc4vLEETceg68gM3WWZrOlVq0bSRqTJvUaiFPF3uY3rJES3HH8A6n8qxKl3JkATxXODV0VVoQGnBXs0w6M-9IsVEAVaw-Vf8Na77IA_Ow072THo9n2_jCVisxek-zfmaVw7wRdhG-WI7a2bxg8ECcb3E0tuKDlNAxf1sE2xLeDsYk.t00EbPTPcDTB57iiQ5u3Qs2_j8iiPWRjXZKHOYyfdDE&dib_tag=se&keywords=milk&qid=1786065765&s=samedaystore&sprefix=mil%2Csamedaystore%2C348&sr=1-12
Amazon,B0D15YKKG6,Nestle Carnation Evaporated Milk 4-Pack,Unknown,False,False,False,"condensed_evaporated,insufficient_product_signal",Unknown,,Unspecified,Unflavored,False,False,False,False,False,False,False,False,False,0,0,,,,https://www.amazon.com/CARNATION-Evaporated-Milk-Count-12/dp/B0D15YKKG6/ref=sr_1_13?crid=1E2QJW9TUIM1M&dib=eyJ2IjoiMSJ9.A7fNoVZ58cuppQ8EyOXkNRRjP_mtuvNYDx9_5G3HBma-jJ4kTocNdFm-T6y0uWJc4vLEETceg68gM3WWZrOlVq0bSRqTJvUaiFPF3uY3rJES3HH8A6n8qxKl3JkATxXODV0VVoQGnBXs0w6M-9IsVEAVaw-Vf8Na77IA_Ow072THo9n2_jCVisxek-zfmaVw7wRdhG-WI7a2bxg8ECcb3E0tuKDlNAxf1sE2xLeDsYk.t00EbPTPcDTB57iiQ5u3Qs2_j8iiPWRjXZKHOYyfdDE&dib_tag=se&keywords=milk&qid=1786065765&s=samedaystore&sprefix=mil%2Csamedaystore%2C348&sr=1-13
Amazon,B07D6V6LDX,"365 by Whole Foods Market, Organic Unsweetened Vanilla Almond Milk, 32 Fl Oz",365 by Whole Foods Market,False,False,False,plant_based,32 fl oz,32,Whole,Vanilla,True,False,False,False,False,False,False,False,True,0,0,,,,https://www.amazon.com/365-EVERYDAY-Organic-Unsweetened-Vanilla/dp/B07D6V6LDX/ref=sr_1_14?crid=1E2QJW9TUIM1M&dib=eyJ2IjoiMSJ9.A7fNoVZ58cuppQ8EyOXkNRRjP_mtuvNYDx9_5G3HBma-jJ4kTocNdFm-T6y0uWJc4vLEETceg68gM3WWZrOlVq0bSRqTJvUaiFPF3uY3rJES3HH8A6n8qxKl3JkATxXODV0VVoQGnBXs0w6M-9IsVEAVaw-Vf8Na77IA_Ow072THo9n2_jCVisxek-zfmaVw7wRdhG-WI7a2bxg8ECcb3E0tuKDlNAxf1sE2xLeDsYk.t00EbPTPcDTB57iiQ5u3Qs2_j8iiPWRjXZKHOYyfdDE&dib_tag=se&keywords=milk&qid=1786065765&rdc=1&s=samedaystore&sprefix=mil%2Csamedaystore%2C348&sr=1-14
Amazon,B074VDQFH5,"365 by Whole Foods Market, Organic Sweetened Condensed Milk, 14 Ounce",365 by Whole Foods Market,False,False,False,condensed_evaporated,14 fl oz,14,Whole,Unflavored,True,False,False,False,False,False,False,False,True,0,0,,,,https://www.amazon.com/365-Everyday-Value-Sweetened-Condensed/dp/B074VDQFH5/ref=sr_1_15?crid=1E2QJW9TUIM1M&dib=eyJ2IjoiMSJ9.A7fNoVZ58cuppQ8EyOXkNRRjP_mtuvNYDx9_5G3HBma-jJ4kTocNdFm-T6y0uWJc4vLEETceg68gM3WWZrOlVq0bSRqTJvUaiFPF3uY3rJES3HH8A6n8qxKl3JkATxXODV0VVoQGnBXs0w6M-9IsVEAVaw-Vf8Na77IA_Ow072THo9n2_jCVisxek-zfmaVw7wRdhG-WI7a2bxg8ECcb3E0tuKDlNAxf1sE2xLeDsYk.t00EbPTPcDTB57iiQ5u3Qs2_j8iiPWRjXZKHOYyfdDE&dib_tag=se&keywords=milk&qid=1786065765&rdc=1&s=samedaystore&sprefix=mil%2Csamedaystore%2C348&sr=1-15
Amazon,B074H57828,"365 by Whole Foods Market, Organic Original Almond Milk, 32 Fl Oz",365 by Whole Foods Market,False,False,False,plant_based,32 fl oz,32,Whole,Unflavored,True,False,False,False,False,False,False,False,True,0,0,,,,https://www.amazon.com/365-Everyday-Value-Almondmilk-Original/dp/B074H57828/ref=sr_1_16?crid=1E2QJW9TUIM1M&dib=eyJ2IjoiMSJ9.A7fNoVZ58cuppQ8EyOXkNRRjP_mtuvNYDx9_5G3HBma-jJ4kTocNdFm-T6y0uWJc4vLEETceg68gM3WWZrOlVq0bSRqTJvUaiFPF3uY3rJES3HH8A6n8qxKl3JkATxXODV0VVoQGnBXs0w6M-9IsVEAVaw-Vf8Na77IA_Ow072THo9n2_jCVisxek-zfmaVw7wRdhG-WI7a2bxg8ECcb3E0tuKDlNAxf1sE2xLeDsYk.t00EbPTPcDTB57iiQ5u3Qs2_j8iiPWRjXZKHOYyfdDE&dib_tag=se&keywords=milk&qid=1786065765&rdc=1&s=samedaystore&sprefix=mil%2Csamedaystore%2C348&sr=1-16
Amazon,B00FTC7BVK,"Horizon Organic Organic 1% Strawberry Milk Club Pack, 8 FZ | 8g Protein per Serving, 1% Lowfat, USDA Organic, No Refrigeration Required, Lunchboxes, On The Go, For Adults & Kids",Horizon Organic,False,False,True,,8 fl oz,8,1%,Strawberry,True,False,False,False,False,False,True,False,False,0,0,,,,https://www.amazon.com/Horizon-Organic-Milk-Strawberry-Ounce/dp/B00FTC7BVK/ref=sr_1_15?crid=1E2QJW9TUIM1M&dib=eyJ2IjoiMSJ9.GQqE5CM5aZ-ngZPedbokBNLJ7xuZM2MgAmpnLhFJNYMlXt-z3xaOmZd0dfOSIl_5BjYhpi_kFMVa-7fF5mh43CI8DwheLAwXxGIYCvlFadRvwjnB0eBDYp0K4KeJ6rxRJEwXsECftzHXj3W988alRxLUVs13tZ-FiTByqmESc68ZvUD9VqsaWgjdBVHCl7N1ROoG_n_HXLbncF_DsSF8uK_NBbM-pY9TnnyLW-6Bt6A.QubZ2O4NVz4bDLhZSDmN6W7aINDchz-DR9rQkjEILBY&dib_tag=se&keywords=milk&qid=1786065766&rdc=1&s=samedaystore&sprefix=mil%2Csamedaystore%2C348&sr=1-15
Amazon,B0CFYR9FL9,"Fairlife Ultra Filtered Milk, Reduced Fat Milk, 14oz Bottles, Pack of 6 (Original)",fairlife,True,True,False,,14 fl oz,14,2%,Unflavored,False,False,True,False,False,False,False,False,False,175,0,23.25,23.25,23.48,https://www.amazon.com/Fairlife-Filtered-Reduced-Bottles-Original/dp/B0CFYR9FL9/ref=sr_1_13?crid=1E2QJW9TUIM1M&dib=eyJ2IjoiMSJ9.A7fNoVZ58cuppQ8EyOXkNbcWYx4rbEZ5pjST7bFNSQUNoj5HieVrY6vn3-w6jHtpJe1xrUx9UvlLCfQX529cVCH64XP9r4IsR81Qlcmy1A83SQVYSeciyp3WlaypNs3DJTKW4rpS589jJ-pi1rbQiukObQ9WktjWnXgzIS5AqxuDJNXHvca51Ck6L876mfWPWgRTCjcpV_TQiOpiaEQKxRvQWs57YOtDFAcewal-puU.V1-tOLiqNcR1_2EpNKZaZG9C47eojLqZj8IEyraVSUk&dib_tag=se&keywords=milk&qid=1786065902&s=samedaystore&sprefix=mil%2Csamedaystore%2C348&sr=1-13
Amazon,B0C5HV3BQG,"Shelf-Stable Milk Bundle - Includes Two Pack of Marcel's Modern Pantry Shelf-Stable 2% Milk, 32oz Cartons and CureCor Cellective Sticker!",Unknown,False,False,True,,32 fl oz,32,2%,Unflavored,False,False,False,False,False,False,False,False,False,0,0,,,,https://www.amazon.com/Shelf-Stable-Milk-Bundle-Marcels-Cellective/dp/B0C5HV3BQG/ref=sr_1_16?crid=1E2QJW9TUIM1M&dib=eyJ2IjoiMSJ9.A7fNoVZ58cuppQ8EyOXkNbcWYx4rbEZ5pjST7bFNSQUNoj5HieVrY6vn3-w6jHtpJe1xrUx9UvlLCfQX529cVCH64XP9r4IsR81Qlcmy1A83SQVYSeciyp3WlaypNs3DJTKW4rpS589jJ-pi1rbQiukObQ9WktjWnXgzIS5AqxuDJNXHvca51Ck6L876mfWPWgRTCjcpV_TQiOpiaEQKxRvQWs57YOtDFAcewal-puU.V1-tOLiqNcR1_2EpNKZaZG9C47eojLqZj8IEyraVSUk&dib_tag=se&keywords=milk&qid=1786065902&s=samedaystore&sprefix=mil%2Csamedaystore%2C348&sr=1-16
Amazon,B0D6TLHBDX,"Amazon Grocery, Whole Milk, Half Gallon, 64 Fl Oz",Amazon Grocery,True,True,False,,Half Gallon,64,Whole,Unflavored,False,False,False,False,False,False,False,False,True,500,0,1.54,1.65,2.04,https://www.amazon.com/Amazon-Grocery-Whole-Milk-Gallon/dp/B0D6TLHBDX/ref=sr_1_1?crid=1E2QJW9TUIM1M&dib=eyJ2IjoiMSJ9.WqCh5094WcmNAluVfCyoHiExNWUSfG-c6R-s8uSVcCPaK9_Nj4wJNmnSt7M4uaBDXzGfSS-ihYHHDIhjZwOTeQVBM9Ic963o5gy1Y4qoRrRprjN74bRM7B5GWhzlu5yLWZYSfn7yOPT6n9YJ6NAiVMw2URaCwscfJ1nBW46GaxZ7G2mIbUA2BGiv8iH45GGMeJsTOZxikE-dzPUOMGxh5Vd-6l0Ph1XBHwRKm_t3Id4.5Ie-h-fVh3e8ij2zcgF5Y2YVxF220rFW_TlN9NJWyCw&dib_tag=se&keywords=milk&qid=1786065767&s=samedaystore&sprefix=mil%2Csamedaystore%2C348&sr=1-1
Amazon,B0D6T9SM4W,"Amazon Grocery, 2% Reduced Fat Milk, Half Gallon, 64 Fl Oz",Amazon Grocery,True,True,False,,Half Gallon,64,2%,Unflavored,False,False,False,False,False,False,False,False,True,575,0,1.5,1.76,2.04,https://www.amazon.com/Amazon-Grocery-Reduced-Milk-Gallon/dp/B0D6T9SM4W/ref=sr_1_2?crid=1E2QJW9TUIM1M&dib=eyJ2IjoiMSJ9.WqCh5094WcmNAluVfCyoHiExNWUSfG-c6R-s8uSVcCPaK9_Nj4wJNmnSt7M4uaBDXzGfSS-ihYHHDIhjZwOTeQVBM9Ic963o5gy1Y4qoRrRprjN74bRM7B5GWhzlu5yLWZYSfn7yOPT6n9YJ6NAiVMw2URaCwscfJ1nBW46GaxZ7G2mIbUA2BGiv8iH45GGMeJsTOZxikE-dzPUOMGxh5Vd-6l0Ph1XBHwRKm_t3Id4.5Ie-h-fVh3e8ij2zcgF5Y2YVxF220rFW_TlN9NJWyCw&dib_tag=se&keywords=milk&qid=1786065767&s=samedaystore&sprefix=mil%2Csamedaystore%2C348&sr=1-2
Amazon,B0D6TG28J2,"Amazon Grocery, 1% Low Fat Milk, 1 Gallon, 128 Fl Oz",Amazon Grocery,True,True,False,,Gallon,128,1%,Unflavored,False,False,False,False,False,False,False,False,True,609,0,2.59,2.99,3.69,https://www.amazon.com/Amazon-Grocery-Low-Milk-Gallon/dp/B0D6TG28J2/ref=sr_1_3?crid=1E2QJW9TUIM1M&dib=eyJ2IjoiMSJ9.WqCh5094WcmNAluVfCyoHiExNWUSfG-c6R-s8uSVcCPaK9_Nj4wJNmnSt7M4uaBDXzGfSS-ihYHHDIhjZwOTeQVBM9Ic963o5gy1Y4qoRrRprjN74bRM7B5GWhzlu5yLWZYSfn7yOPT6n9YJ6NAiVMw2URaCwscfJ1nBW46GaxZ7G2mIbUA2BGiv8iH45GGMeJsTOZxikE-dzPUOMGxh5Vd-6l0Ph1XBHwRKm_t3Id4.5Ie-h-fVh3e8ij2zcgF5Y2YVxF220rFW_TlN9NJWyCw&dib_tag=se&keywords=milk&qid=1786065767&s=samedaystore&sprefix=mil%2Csamedaystore%2C348&sr=1-3
Amazon,B000O6K8TI,"Organic Valley® Organic Whole Milk — Pasture Raised, Non GMO — 64 oz (Half Gallon)",Organic Valley,True,True,False,,Half Gallon,64,Whole,Unflavored,True,False,False,False,False,False,False,False,False,2148,0,4.79,5.99,6.99,https://www.amazon.com/Organic-Valley-Pasteurized-Gallon-Ounces/dp/B000O6K8TI/ref=sr_1_4?crid=1E2QJW9TUIM1M&dib=eyJ2IjoiMSJ9.WqCh5094WcmNAluVfCyoHiExNWUSfG-c6R-s8uSVcCPaK9_Nj4wJNmnSt7M4uaBDXzGfSS-ihYHHDIhjZwOTeQVBM9Ic963o5gy1Y4qoRrRprjN74bRM7B5GWhzlu5yLWZYSfn7yOPT6n9YJ6NAiVMw2URaCwscfJ1nBW46GaxZ7G2mIbUA2BGiv8iH45GGMeJsTOZxikE-dzPUOMGxh5Vd-6l0Ph1XBHwRKm_t3Id4.5Ie-h-fVh3e8ij2zcgF5Y2YVxF220rFW_TlN9NJWyCw&dib_tag=se&keywords=milk&qid=1786065767&s=samedaystore&sprefix=mil%2Csamedaystore%2C348&sr=1-4
Amazon,B00QM3LZGC,"fairlife 2% Reduced Fat Ultra-Filtered Milk, Lactose Free, 52 fl oz",fairlife,True,True,False,,52 fl oz,52,2%,Unflavored,False,True,True,False,False,False,False,False,False,889,0,4.78,4.79,7.79,https://www.amazon.com/fairlife-Reduced-Ultra-Filtered-Milk-Lactose/dp/B00QM3LZGC/ref=sr_1_5?crid=1E2QJW9TUIM1M&dib=eyJ2IjoiMSJ9.WqCh5094WcmNAluVfCyoHiExNWUSfG-c6R-s8uSVcCPaK9_Nj4wJNmnSt7M4uaBDXzGfSS-ihYHHDIhjZwOTeQVBM9Ic963o5gy1Y4qoRrRprjN74bRM7B5GWhzlu5yLWZYSfn7yOPT6n9YJ6NAiVMw2URaCwscfJ1nBW46GaxZ7G2mIbUA2BGiv8iH45GGMeJsTOZxikE-dzPUOMGxh5Vd-6l0Ph1XBHwRKm_t3Id4.5Ie-h-fVh3e8ij2zcgF5Y2YVxF220rFW_TlN9NJWyCw&dib_tag=se&keywords=milk&qid=1786065767&s=samedaystore&sprefix=mil%2Csamedaystore%2C348&sr=1-5
Amazon,B005OKVMEY,"Lactaid Whole Milk, 96 fl oz",Lactaid,True,True,False,,96 fl oz,96,Whole,Unflavored,False,False,False,False,False,False,False,False,False,995,0,5.23,6.38,8.02,https://www.amazon.com/Lactaid-1854-Whole-Milk-96/dp/B005OKVMEY/ref=sr_1_6?crid=1E2QJW9TUIM1M&dib=eyJ2IjoiMSJ9.WqCh5094WcmNAluVfCyoHiExNWUSfG-c6R-s8uSVcCPaK9_Nj4wJNmnSt7M4uaBDXzGfSS-ihYHHDIhjZwOTeQVBM9Ic963o5gy1Y4qoRrRprjN74bRM7B5GWhzlu5yLWZYSfn7yOPT6n9YJ6NAiVMw2URaCwscfJ1nBW46GaxZ7G2mIbUA2BGiv8iH45GGMeJsTOZxikE-dzPUOMGxh5Vd-6l0Ph1XBHwRKm_t3Id4.5Ie-h-fVh3e8ij2zcgF5Y2YVxF220rFW_TlN9NJWyCw&dib_tag=se&keywords=milk&qid=1786065767&s=samedaystore&sprefix=mil%2Csamedaystore%2C348&sr=1-6
Amazon,B0DFX7LSWS,"Amazon Grocery, Fat Free Milk, 1 Gallon, 128 Fl Oz",Amazon Grocery,True,True,False,,Gallon,128,Skim/Fat-Free,Unflavored,False,False,False,False,False,False,False,False,True,548,0,2.59,2.99,3.77,https://www.amazon.com/Amazon-Grocery-Free-Skim-Gallon/dp/B0DFX7LSWS/ref=sr_1_7?crid=1E2QJW9TUIM1M&dib=eyJ2IjoiMSJ9.WqCh5094WcmNAluVfCyoHiExNWUSfG-c6R-s8uSVcCPaK9_Nj4wJNmnSt7M4uaBDXzGfSS-ihYHHDIhjZwOTeQVBM9Ic963o5gy1Y4qoRrRprjN74bRM7B5GWhzlu5yLWZYSfn7yOPT6n9YJ6NAiVMw2URaCwscfJ1nBW46GaxZ7G2mIbUA2BGiv8iH45GGMeJsTOZxikE-dzPUOMGxh5Vd-6l0Ph1XBHwRKm_t3Id4.5Ie-h-fVh3e8ij2zcgF5Y2YVxF220rFW_TlN9NJWyCw&dib_tag=se&keywords=milk&qid=1786065767&s=samedaystore&sprefix=mil%2Csamedaystore%2C348&sr=1-7
Amazon,B06XWL6TFW,"Organic Valley Grassmilk 100% Grass Fed Whole Milk, Organic, 59 fl oz",Organic Valley,True,True,False,,59 fl oz,59,Whole,Unflavored,True,False,False,False,False,True,False,False,False,1186,0,6.07,6.67,9.99,https://www.amazon.com/Organic-Valley-Grassmilk-Pasteurized-Gallon/dp/B06XWL6TFW/ref=sr_1_8?crid=1E2QJW9TUIM1M&dib=eyJ2IjoiMSJ9.WqCh5094WcmNAluVfCyoHiExNWUSfG-c6R-s8uSVcCPaK9_Nj4wJNmnSt7M4uaBDXzGfSS-ihYHHDIhjZwOTeQVBM9Ic963o5gy1Y4qoRrRprjN74bRM7B5GWhzlu5yLWZYSfn7yOPT6n9YJ6NAiVMw2URaCwscfJ1nBW46GaxZ7G2mIbUA2BGiv8iH45GGMeJsTOZxikE-dzPUOMGxh5Vd-6l0Ph1XBHwRKm_t3Id4.5Ie-h-fVh3e8ij2zcgF5Y2YVxF220rFW_TlN9NJWyCw&dib_tag=se&keywords=milk&qid=1786065767&s=samedaystore&sprefix=mil%2Csamedaystore%2C348&sr=1-8
Amazon,B004FO2ZJ6,"Lactaid 2% Reduced Fat Milk, 96 fl oz",Lactaid,True,True,False,,96 fl oz,96,2%,Unflavored,False,False,False,False,False,False,False,False,False,900,0,5.6,6.38,8.02,https://www.amazon.com/Lactaid-2-Reduced-Fat-Milk/dp/B004FO2ZJ6/ref=sr_1_9?crid=1E2QJW9TUIM1M&dib=eyJ2IjoiMSJ9.WqCh5094WcmNAluVfCyoHiExNWUSfG-c6R-s8uSVcCPaK9_Nj4wJNmnSt7M4uaBDXzGfSS-ihYHHDIhjZwOTeQVBM9Ic963o5gy1Y4qoRrRprjN74bRM7B5GWhzlu5yLWZYSfn7yOPT6n9YJ6NAiVMw2URaCwscfJ1nBW46GaxZ7G2mIbUA2BGiv8iH45GGMeJsTOZxikE-dzPUOMGxh5Vd-6l0Ph1XBHwRKm_t3Id4.5Ie-h-fVh3e8ij2zcgF5Y2YVxF220rFW_TlN9NJWyCw&dib_tag=se&keywords=milk&qid=1786065767&s=samedaystore&sprefix=mil%2Csamedaystore%2C348&sr=1-9
Amazon,B081473FRX,"Organic Valley Organic Whole Milk, 128 oz",Organic Valley,True,True,False,,Gallon,128,Whole,Unflavored,True,False,False,False,False,False,False,False,False,1288,0,7.99,9.99,12.49,https://www.amazon.com/Organic-Whole-Valley-Pasteurized-Gallon/dp/B081473FRX/ref=sr_1_10?crid=1E2QJW9TUIM1M&dib=eyJ2IjoiMSJ9.WqCh5094WcmNAluVfCyoHiExNWUSfG-c6R-s8uSVcCPaK9_Nj4wJNmnSt7M4uaBDXzGfSS-ihYHHDIhjZwOTeQVBM9Ic963o5gy1Y4qoRrRprjN74bRM7B5GWhzlu5yLWZYSfn7yOPT6n9YJ6NAiVMw2URaCwscfJ1nBW46GaxZ7G2mIbUA2BGiv8iH45GGMeJsTOZxikE-dzPUOMGxh5Vd-6l0Ph1XBHwRKm_t3Id4.5Ie-h-fVh3e8ij2zcgF5Y2YVxF220rFW_TlN9NJWyCw&dib_tag=se&keywords=milk&qid=1786065767&s=samedaystore&sprefix=mil%2Csamedaystore%2C348&sr=1-10
Amazon,B00QM3LZQM,"fairlife, whole milk, 52 fl oz",fairlife,True,True,False,,52 fl oz,52,Whole,Unflavored,False,False,False,False,False,False,False,False,False,943,0,4.78,4.99,7.79,https://www.amazon.com/Fairlife-Milk-Whole-52-oz/dp/B00QM3LZQM/ref=sr_1_11?crid=1E2QJW9TUIM1M&dib=eyJ2IjoiMSJ9.WqCh5094WcmNAluVfCyoHiExNWUSfG-c6R-s8uSVcCPaK9_Nj4wJNmnSt7M4uaBDXzGfSS-ihYHHDIhjZwOTeQVBM9Ic963o5gy1Y4qoRrRprjN74bRM7B5GWhzlu5yLWZYSfn7yOPT6n9YJ6NAiVMw2URaCwscfJ1nBW46GaxZ7G2mIbUA2BGiv8iH45GGMeJsTOZxikE-dzPUOMGxh5Vd-6l0Ph1XBHwRKm_t3Id4.5Ie-h-fVh3e8ij2zcgF5Y2YVxF220rFW_TlN9NJWyCw&dib_tag=se&keywords=milk&qid=1786065767&s=samedaystore&sprefix=mil%2Csamedaystore%2C348&sr=1-11
Amazon,B000O6K8NY,"Organic Valley Organic 2% Reduced Fat Milk, 64 oz",Organic Valley,True,True,False,,Half Gallon,64,2%,Unflavored,True,False,False,False,False,False,False,False,False,2605,0,4.49,5.99,6.89,https://www.amazon.com/Organic-Valley-Reduced-Pasteurized-Gallon/dp/B000O6K8NY/ref=sr_1_12?crid=1E2QJW9TUIM1M&dib=eyJ2IjoiMSJ9.WqCh5094WcmNAluVfCyoHiExNWUSfG-c6R-s8uSVcCPaK9_Nj4wJNmnSt7M4uaBDXzGfSS-ihYHHDIhjZwOTeQVBM9Ic963o5gy1Y4qoRrRprjN74bRM7B5GWhzlu5yLWZYSfn7yOPT6n9YJ6NAiVMw2URaCwscfJ1nBW46GaxZ7G2mIbUA2BGiv8iH45GGMeJsTOZxikE-dzPUOMGxh5Vd-6l0Ph1XBHwRKm_t3Id4.5Ie-h-fVh3e8ij2zcgF5Y2YVxF220rFW_TlN9NJWyCw&dib_tag=se&keywords=milk&qid=1786065767&s=samedaystore&sprefix=mil%2Csamedaystore%2C348&sr=1-12
Amazon,B000SKM8LQ,"Horizon Organic, Milk Whole UHT Organic, 64 Fl Oz | USDA Organic Vitamin D Milk, Ultra Pasteurized, Rich, Creamy, & Delicious",Horizon Organic,False,False,True,,Half Gallon,64,Whole,Unflavored,True,False,False,False,False,False,False,False,False,0,0,,,,https://www.amazon.com/Horizon-Organic-Pasteurized-Vitamin-Typical/dp/B000SKM8LQ/ref=sr_1_13?crid=1E2QJW9TUIM1M&dib=eyJ2IjoiMSJ9.WqCh5094WcmNAluVfCyoHiExNWUSfG-c6R-s8uSVcCPaK9_Nj4wJNmnSt7M4uaBDXzGfSS-ihYHHDIhjZwOTeQVBM9Ic963o5gy1Y4qoRrRprjN74bRM7B5GWhzlu5yLWZYSfn7yOPT6n9YJ6NAiVMw2URaCwscfJ1nBW46GaxZ7G2mIbUA2BGiv8iH45GGMeJsTOZxikE-dzPUOMGxh5Vd-6l0Ph1XBHwRKm_t3Id4.5Ie-h-fVh3e8ij2zcgF5Y2YVxF220rFW_TlN9NJWyCw&dib_tag=se&keywords=milk&qid=1786065767&s=samedaystore&sprefix=mil%2Csamedaystore%2C348&sr=1-13
Amazon,B074VBMJXF,"365 by Whole Foods Market, Whole Milk, Half Gallon",365 by Whole Foods Market,True,True,False,,Half Gallon,64,Whole,Unflavored,False,False,False,False,False,False,False,False,True,203,0,1.69,3.19,3.69,https://www.amazon.com/365-Everyday-Value-Whole-Gallon/dp/B074VBMJXF/ref=sr_1_14?crid=1E2QJW9TUIM1M&dib=eyJ2IjoiMSJ9.WqCh5094WcmNAluVfCyoHiExNWUSfG-c6R-s8uSVcCPaK9_Nj4wJNmnSt7M4uaBDXzGfSS-ihYHHDIhjZwOTeQVBM9Ic963o5gy1Y4qoRrRprjN74bRM7B5GWhzlu5yLWZYSfn7yOPT6n9YJ6NAiVMw2URaCwscfJ1nBW46GaxZ7G2mIbUA2BGiv8iH45GGMeJsTOZxikE-dzPUOMGxh5Vd-6l0Ph1XBHwRKm_t3Id4.5Ie-h-fVh3e8ij2zcgF5Y2YVxF220rFW_TlN9NJWyCw&dib_tag=se&keywords=milk&qid=1786065767&s=samedaystore&sprefix=mil%2Csamedaystore%2C348&sr=1-14
Amazon,B00QM3M00W,"Fairlife Fat Free Ultra Filtered Milk, Lactose Free, 52 Fl Oz",fairlife,True,True,False,,52 fl oz,52,Skim/Fat-Free,Unflavored,False,True,True,False,False,False,False,False,False,722,0,4.78,4.79,7.79,https://www.amazon.com/Fairlife-Free-Ultra-Filtered-Lactose/dp/B00QM3M00W/ref=sr_1_15?crid=1E2QJW9TUIM1M&dib=eyJ2IjoiMSJ9.WqCh5094WcmNAluVfCyoHiExNWUSfG-c6R-s8uSVcCPaK9_Nj4wJNmnSt7M4uaBDXzGfSS-ihYHHDIhjZwOTeQVBM9Ic963o5gy1Y4qoRrRprjN74bRM7B5GWhzlu5yLWZYSfn7yOPT6n9YJ6NAiVMw2URaCwscfJ1nBW46GaxZ7G2mIbUA2BGiv8iH45GGMeJsTOZxikE-dzPUOMGxh5Vd-6l0Ph1XBHwRKm_t3Id4.5Ie-h-fVh3e8ij2zcgF5Y2YVxF220rFW_TlN9NJWyCw&dib_tag=se&keywords=milk&qid=1786065767&s=samedaystore&sprefix=mil%2Csamedaystore%2C348&sr=1-15
Amazon,B000O6EFHO,"Lactaid 2% Reduced Fat Milk, 64 fl oz (Pack of 1)",Lactaid,True,True,False,,Half Gallon,64,2%,Unflavored,False,False,False,False,False,False,False,False,False,987,0,3.48,4.48,6.49,https://www.amazon.com/Lactaid-2-Reduced-Fat-Milk/dp/B000O6EFHO/ref=sr_1_16?crid=1E2QJW9TUIM1M&dib=eyJ2IjoiMSJ9.WqCh5094WcmNAluVfCyoHiExNWUSfG-c6R-s8uSVcCPaK9_Nj4wJNmnSt7M4uaBDXzGfSS-ihYHHDIhjZwOTeQVBM9Ic963o5gy1Y4qoRrRprjN74bRM7B5GWhzlu5yLWZYSfn7yOPT6n9YJ6NAiVMw2URaCwscfJ1nBW46GaxZ7G2mIbUA2BGiv8iH45GGMeJsTOZxikE-dzPUOMGxh5Vd-6l0Ph1XBHwRKm_t3Id4.5Ie-h-fVh3e8ij2zcgF5Y2YVxF220rFW_TlN9NJWyCw&dib_tag=se&keywords=milk&qid=1786065767&s=samedaystore&sprefix=mil%2Csamedaystore%2C348&sr=1-16
Amazon,B08C8HR5GT,"Amazon Grocery, Whole Milk, 1 Gallon, 128 Fl Oz",Amazon Grocery,True,True,False,,Gallon,128,Whole,Unflavored,False,False,False,False,False,False,False,False,True,103,0,2.12,2.26,3.79,https://www.amazon.com/Amazon-Brand-Happy-Gallon-Ounces/dp/B08C8HR5GT/ref=sr_1_1?crid=1E2QJW9TUIM1M&dib=eyJ2IjoiMSJ9.ixke_LMKhw8eyy5NJNKRUYess-0oMAeHCjKmrQsyLuQTjIu1mkUyvYJyO_f9NjhLI_6VRBftOcvI3c4ljqCEkkZBlrc0RBMG5NWVqMG07YfTbia7Oo53ZRa4eGVoWJzev1oKocEKtMkvkGvAlTH2HDM4gasFWndkxQhUaaKUNUwttP3zuHCJmIYl6Vgohy3MCK8eTjZESkWI7xZyMUpdLLabIzdTxlZ4TT57Vdfe2qA.zx0Ep38oR2wCUINOiSEXIM_GYTICfTjMcA5SbjPlnMs&dib_tag=se&keywords=milk&qid=1786065768&s=samedaystore&sprefix=mil%2Csamedaystore%2C348&sr=1-1
Amazon,B08C8HQBPQ,"Amazon Grocery, 2% Reduced Fat Milk, 1 Gallon, 128 Fl Oz",Amazon Grocery,True,True,False,,Gallon,128,2%,Unflavored,False,False,False,False,False,False,False,False,True,88,0,2.12,2.12,3.77,https://www.amazon.com/Amazon-Brand-Happy-Gallon-Ounces/dp/B08C8HQBPQ/ref=sr_1_2?crid=1E2QJW9TUIM1M&dib=eyJ2IjoiMSJ9.ixke_LMKhw8eyy5NJNKRUYess-0oMAeHCjKmrQsyLuQTjIu1mkUyvYJyO_f9NjhLI_6VRBftOcvI3c4ljqCEkkZBlrc0RBMG5NWVqMG07YfTbia7Oo53ZRa4eGVoWJzev1oKocEKtMkvkGvAlTH2HDM4gasFWndkxQhUaaKUNUwttP3zuHCJmIYl6Vgohy3MCK8eTjZESkWI7xZyMUpdLLabIzdTxlZ4TT57Vdfe2qA.zx0Ep38oR2wCUINOiSEXIM_GYTICfTjMcA5SbjPlnMs&dib_tag=se&keywords=milk&qid=1786065768&s=samedaystore&sprefix=mil%2Csamedaystore%2C348&sr=1-2
Amazon,B08C8KBFBY,"Amazon Grocery, Whole Milk, Half Gallon, 64 Fl Oz",Amazon Grocery,True,True,False,,Half Gallon,64,Whole,Unflavored,False,False,False,False,False,False,False,False,True,103,0,0.98,1.34,2.38,https://www.amazon.com/Amazon-Brand-Happy-Gallon-Ounces/dp/B08C8KBFBY/ref=sr_1_3?crid=1E2QJW9TUIM1M&dib=eyJ2IjoiMSJ9.ixke_LMKhw8eyy5NJNKRUYess-0oMAeHCjKmrQsyLuQTjIu1mkUyvYJyO_f9NjhLI_6VRBftOcvI3c4ljqCEkkZBlrc0RBMG5NWVqMG07YfTbia7Oo53ZRa4eGVoWJzev1oKocEKtMkvkGvAlTH2HDM4gasFWndkxQhUaaKUNUwttP3zuHCJmIYl6Vgohy3MCK8eTjZESkWI7xZyMUpdLLabIzdTxlZ4TT57Vdfe2qA.zx0Ep38oR2wCUINOiSEXIM_GYTICfTjMcA5SbjPlnMs&dib_tag=se&keywords=milk&qid=1786065768&s=samedaystore&sprefix=mil%2Csamedaystore%2C348&sr=1-3
Amazon,B08C8HN2L7,"Amazon Grocery, 2% Reduced Fat Milk, Half Gallon, 64 Fl Oz",Amazon Grocery,True,True,False,,Half Gallon,64,2%,Unflavored,False,False,False,False,False,False,False,False,True,88,0,1.36,1.36,2.29,https://www.amazon.com/Amazon-Brand-Happy-Gallon-Ounces/dp/B08C8HN2L7/ref=sr_1_7?crid=1E2QJW9TUIM1M&dib=eyJ2IjoiMSJ9.ixke_LMKhw8eyy5NJNKRUYess-0oMAeHCjKmrQsyLuQTjIu1mkUyvYJyO_f9NjhLI_6VRBftOcvI3c4ljqCEkkZBlrc0RBMG5NWVqMG07YfTbia7Oo53ZRa4eGVoWJzev1oKocEKtMkvkGvAlTH2HDM4gasFWndkxQhUaaKUNUwttP3zuHCJmIYl6Vgohy3MCK8eTjZESkWI7xZyMUpdLLabIzdTxlZ4TT57Vdfe2qA.zx0Ep38oR2wCUINOiSEXIM_GYTICfTjMcA5SbjPlnMs&dib_tag=se&keywords=milk&qid=1786065768&s=samedaystore&sprefix=mil%2Csamedaystore%2C348&sr=1-7
Amazon,B0BCDCYZGJ,"Califia Farms - Organic Unsweetened Almond Milk, 48 Oz, Dairy Free, Keto, Vegan, Plant Based, Organic Milk, Non GMO, Low Calorie, USDA Organic",Unknown,False,False,False,plant_based,48 fl oz,48,Unspecified,Unflavored,True,False,False,False,False,False,False,False,False,0,0,,,,https://www.amazon.com/Califia-Farms-Organic-Unsweetened-Calorie/dp/B0BCDCYZGJ/ref=sr_1_10?crid=1E2QJW9TUIM1M&dib=eyJ2IjoiMSJ9.ixke_LMKhw8eyy5NJNKRUYess-0oMAeHCjKmrQsyLuQTjIu1mkUyvYJyO_f9NjhLI_6VRBftOcvI3c4ljqCEkkZBlrc0RBMG5NWVqMG07YfTbia7Oo53ZRa4eGVoWJzev1oKocEKtMkvkGvAlTH2HDM4gasFWndkxQhUaaKUNUwttP3zuHCJmIYl6Vgohy3MCK8eTjZESkWI7xZyMUpdLLabIzdTxlZ4TT57Vdfe2qA.zx0Ep38oR2wCUINOiSEXIM_GYTICfTjMcA5SbjPlnMs&dib_tag=se&keywords=milk&qid=1786065768&s=samedaystore&sprefix=mil%2Csamedaystore%2C348&sr=1-10
Amazon,B0BJ39W4TN,"365 by Whole Foods Market, Organic Whole Milk, 128 Fl Oz",365 by Whole Foods Market,True,True,False,,Gallon,128,Whole,Unflavored,True,False,False,False,False,False,False,False,True,204,0,7.79,7.79,9.49,https://www.amazon.com/365-Whole-Foods-Market-Organic/dp/B0BJ39W4TN/ref=sr_1_13?crid=1E2QJW9TUIM1M&dib=eyJ2IjoiMSJ9.ixke_LMKhw8eyy5NJNKRUYess-0oMAeHCjKmrQsyLuQTjIu1mkUyvYJyO_f9NjhLI_6VRBftOcvI3c4ljqCEkkZBlrc0RBMG5NWVqMG07YfTbia7Oo53ZRa4eGVoWJzev1oKocEKtMkvkGvAlTH2HDM4gasFWndkxQhUaaKUNUwttP3zuHCJmIYl6Vgohy3MCK8eTjZESkWI7xZyMUpdLLabIzdTxlZ4TT57Vdfe2qA.zx0Ep38oR2wCUINOiSEXIM_GYTICfTjMcA5SbjPlnMs&dib_tag=se&keywords=milk&qid=1786065768&s=samedaystore&sprefix=mil%2Csamedaystore%2C348&sr=1-13
Amazon,B077X7K81W,"Horizon Organic Grassfed Vitamin D Whole Milk, 59 fl oz Carton | USDA Organic Vitamin D Milk, Ultra Pasteurized, Rich, Creamy, & Delicious",Horizon Organic,True,True,False,,59 fl oz,59,Whole,Unflavored,True,False,False,False,False,True,False,False,False,446,0,5.42,7.47,8.99,https://www.amazon.com/Horizon-Organic-Whole-Grassfed-Milk/dp/B077X7K81W/ref=sr_1_14?crid=1E2QJW9TUIM1M&dib=eyJ2IjoiMSJ9.ixke_LMKhw8eyy5NJNKRUYess-0oMAeHCjKmrQsyLuQTjIu1mkUyvYJyO_f9NjhLI_6VRBftOcvI3c4ljqCEkkZBlrc0RBMG5NWVqMG07YfTbia7Oo53ZRa4eGVoWJzev1oKocEKtMkvkGvAlTH2HDM4gasFWndkxQhUaaKUNUwttP3zuHCJmIYl6Vgohy3MCK8eTjZESkWI7xZyMUpdLLabIzdTxlZ4TT57Vdfe2qA.zx0Ep38oR2wCUINOiSEXIM_GYTICfTjMcA5SbjPlnMs&dib_tag=se&keywords=milk&qid=1786065768&s=samedaystore&sprefix=mil%2Csamedaystore%2C348&sr=1-14
Amazon,B08G7G2T7Q,"Alta Dena Homogenized Milk, 128 FZ",Alta Dena,True,False,False,,Gallon,128,Unspecified,Unflavored,False,False,False,False,False,False,False,False,False,81,0,3.32,3.94,4.99,https://www.amazon.com/ALTA-DENA-Homogenized-Milk-128/dp/B08G7G2T7Q/ref=sr_1_15?crid=1E2QJW9TUIM1M&dib=eyJ2IjoiMSJ9.ixke_LMKhw8eyy5NJNKRUYess-0oMAeHCjKmrQsyLuQTjIu1mkUyvYJyO_f9NjhLI_6VRBftOcvI3c4ljqCEkkZBlrc0RBMG5NWVqMG07YfTbia7Oo53ZRa4eGVoWJzev1oKocEKtMkvkGvAlTH2HDM4gasFWndkxQhUaaKUNUwttP3zuHCJmIYl6Vgohy3MCK8eTjZESkWI7xZyMUpdLLabIzdTxlZ4TT57Vdfe2qA.zx0Ep38oR2wCUINOiSEXIM_GYTICfTjMcA5SbjPlnMs&dib_tag=se&keywords=milk&qid=1786065768&s=samedaystore&sprefix=mil%2Csamedaystore%2C348&sr=1-15
Amazon,B0BCBNG8LS,"A2 Milk, Grass-Fed Whole Milk, 59 Fl Oz",a2 Milk,True,True,False,,59 fl oz,59,Whole,Unflavored,False,False,False,True,False,True,False,False,False,969,0,4.38,6.29,7.19,https://www.amazon.com/A2-Milk-Grass-Fed-Whole-59/dp/B0BCBNG8LS/ref=sr_1_16?crid=1E2QJW9TUIM1M&dib=eyJ2IjoiMSJ9.ixke_LMKhw8eyy5NJNKRUYess-0oMAeHCjKmrQsyLuQTjIu1mkUyvYJyO_f9NjhLI_6VRBftOcvI3c4ljqCEkkZBlrc0RBMG5NWVqMG07YfTbia7Oo53ZRa4eGVoWJzev1oKocEKtMkvkGvAlTH2HDM4gasFWndkxQhUaaKUNUwttP3zuHCJmIYl6Vgohy3MCK8eTjZESkWI7xZyMUpdLLabIzdTxlZ4TT57Vdfe2qA.zx0Ep38oR2wCUINOiSEXIM_GYTICfTjMcA5SbjPlnMs&dib_tag=se&keywords=milk&qid=1786065768&s=samedaystore&sprefix=mil%2Csamedaystore%2C348&sr=1-16
Amazon,B0FQQ783LV,"Know & Love, Vitamin D Whole Milk , 128 Fl Oz",Know & Love,True,True,False,,Gallon,128,Whole,Unflavored,False,False,False,False,False,False,False,False,True,54,0,4.29,4.29,5.29,https://www.amazon.com/Know-Love-Vitamin-Whole-Milk/dp/B0FQQ783LV/ref=sr_1_2_us_f3_0o_winnd?crid=1E2QJW9TUIM1M&dib=eyJ2IjoiMSJ9.ULB03N2VEG3MUyS0YHevRtjn549HINOsHLiCF2MvD-zaE6vGWy6SjEPLWzYeR96SXM_SZLX_OsdSoTHOmwohAC2cAE9A3UugAoRPw_12H8tuAtYmwcyQ2WmOx2dvd7wNPwhvieZ9Kh9QGqNDOm-IUI6zs18swU37pbg8IWU0iEJ60Gk0_GPwiouWM8kRwZI4Ayipp95JP5d9tdRVal32Z7VsfrQYoAO8A29GBFmahpE.LvjcBdie1tNu5zi8EUXbcM805cj_TaopKPnTwncomIM&dib_tag=se&keywords=milk&qid=1786065770&s=samedaystore&sprefix=mil%2Csamedaystore%2C348&sr=1-2
Amazon,B0FQQLCTWC,"Know & Love, Vitamin D Homogenized Milk, 64 Fl Oz",Know & Love,True,False,False,,Half Gallon,64,Unspecified,Unflavored,False,False,False,False,False,False,False,False,True,47,0,2.79,2.79,3.49,https://www.amazon.com/Know-Love-Vitamin-Homogenized-Milk/dp/B0FQQLCTWC/ref=sr_1_6_us_f3_0o_winnd?crid=1E2QJW9TUIM1M&dib=eyJ2IjoiMSJ9.ULB03N2VEG3MUyS0YHevRtjn549HINOsHLiCF2MvD-zaE6vGWy6SjEPLWzYeR96SXM_SZLX_OsdSoTHOmwohAC2cAE9A3UugAoRPw_12H8tuAtYmwcyQ2WmOx2dvd7wNPwhvieZ9Kh9QGqNDOm-IUI6zs18swU37pbg8IWU0iEJ60Gk0_GPwiouWM8kRwZI4Ayipp95JP5d9tdRVal32Z7VsfrQYoAO8A29GBFmahpE.LvjcBdie1tNu5zi8EUXbcM805cj_TaopKPnTwncomIM&dib_tag=se&keywords=milk&qid=1786065770&s=samedaystore&sprefix=mil%2Csamedaystore%2C348&sr=1-6
Amazon,B0FQQMMM3P,"Know & Love, 2% Reduced Fat Milk, 128 Fl Oz",Know & Love,True,True,False,,Gallon,128,2%,Unflavored,False,False,False,False,False,False,False,False,True,31,0,4.29,4.29,5.29,https://www.amazon.com/Know-Love-Reduced-Fat-Milk/dp/B0FQQMMM3P/ref=sr_1_9_us_f3_0o_winnd?crid=1E2QJW9TUIM1M&dib=eyJ2IjoiMSJ9.ULB03N2VEG3MUyS0YHevRtjn549HINOsHLiCF2MvD-zaE6vGWy6SjEPLWzYeR96SXM_SZLX_OsdSoTHOmwohAC2cAE9A3UugAoRPw_12H8tuAtYmwcyQ2WmOx2dvd7wNPwhvieZ9Kh9QGqNDOm-IUI6zs18swU37pbg8IWU0iEJ60Gk0_GPwiouWM8kRwZI4Ayipp95JP5d9tdRVal32Z7VsfrQYoAO8A29GBFmahpE.LvjcBdie1tNu5zi8EUXbcM805cj_TaopKPnTwncomIM&dib_tag=se&keywords=milk&qid=1786065770&s=samedaystore&sprefix=mil%2Csamedaystore%2C348&sr=1-9
Amazon,B000QCNITM,"Lactaid Whole Milk, 64 fl oz",Lactaid,True,True,False,,Half Gallon,64,Whole,Unflavored,False,False,False,False,False,False,False,False,False,760,0,3.48,4.99,6.49,https://www.amazon.com/Lactaid-mburring-Whole-Milk-64/dp/B000QCNITM/ref=sr_1_12_us_f3_0o_winnd?crid=1E2QJW9TUIM1M&dib=eyJ2IjoiMSJ9.ULB03N2VEG3MUyS0YHevRtjn549HINOsHLiCF2MvD-zaE6vGWy6SjEPLWzYeR96SXM_SZLX_OsdSoTHOmwohAC2cAE9A3UugAoRPw_12H8tuAtYmwcyQ2WmOx2dvd7wNPwhvieZ9Kh9QGqNDOm-IUI6zs18swU37pbg8IWU0iEJ60Gk0_GPwiouWM8kRwZI4Ayipp95JP5d9tdRVal32Z7VsfrQYoAO8A29GBFmahpE.LvjcBdie1tNu5zi8EUXbcM805cj_TaopKPnTwncomIM&dib_tag=se&keywords=milk&qid=1786065770&s=samedaystore&sprefix=mil%2Csamedaystore%2C348&sr=1-12
Amazon,B001RNA69E,"Horizon Organic DHA Omega-3 Whole Milk, 64 fl oz Half Gallon Carton | USDA Organic Vitamin D Milk, Ultra Pasteurized, Rich, Creamy, & Delicious",Horizon Organic,True,True,False,,Half Gallon,64,Whole,Unflavored,True,False,False,False,True,False,False,False,False,359,0,5.39,6.46,7.81,https://www.amazon.com/Horizon-Organic-Omega-3-Pasteurized-Gallon/dp/B001RNA69E/ref=sr_1_15_us_f3_0o_winnd?crid=1E2QJW9TUIM1M&dib=eyJ2IjoiMSJ9.ULB03N2VEG3MUyS0YHevRtjn549HINOsHLiCF2MvD-zaE6vGWy6SjEPLWzYeR96SXM_SZLX_OsdSoTHOmwohAC2cAE9A3UugAoRPw_12H8tuAtYmwcyQ2WmOx2dvd7wNPwhvieZ9Kh9QGqNDOm-IUI6zs18swU37pbg8IWU0iEJ60Gk0_GPwiouWM8kRwZI4Ayipp95JP5d9tdRVal32Z7VsfrQYoAO8A29GBFmahpE.LvjcBdie1tNu5zi8EUXbcM805cj_TaopKPnTwncomIM&dib_tag=se&keywords=milk&qid=1786065770&s=samedaystore&sprefix=mil%2Csamedaystore%2C348&sr=1-15
Amazon,B076BGP8JW,Parmalat Fat Free UHT Shelf Stable Milk 1 Qt (Pack of 6),Parmalat,False,False,True,,32 fl oz,32,Skim/Fat-Free,Unflavored,False,False,False,False,False,False,False,False,False,0,0,,,,https://www.amazon.com/Parmalat-Free-Shelf-Stable-Milk/dp/B076BGP8JW/ref=sr_1_1?crid=1E2QJW9TUIM1M&dib=eyJ2IjoiMSJ9.jNu6zvup7aWLLgSP3--Cz18cxwMlriDwa0N_KUK3vv-6wItbVAPE81JlWUR7QSFoUiEr9StG-OiJ3MnJ-u1IyrgFgxy3gV4WNhOtWHbkh9pKnGgHRp1Pd-C_doL0dd4gRI2XFgxBDGAVkemPlqM9COYu6Lb3Ss2PBBCJDFILgYnYKjZnU8TAE8ZKoGsAgI9fhxj91IynzoAXBKl-ccLfDqjr_Csfq0-jp6wotCCuJyM.w3nTjkikjLhOUqpprhEiPfUGp311t_yf82-SclTs9LY&dib_tag=se&keywords=milk&qid=1786065780&s=samedaystore&sprefix=mil%2Csamedaystore%2C348&sr=1-1
Amazon,B0BWZ2BH7K,"Blue Valley Shelf Stable Milk,Whole, with vitamin D - long life milk no refrigeration needed 32 Fl Oz-(6 PACK) Cholov Yisroel, UHT Pasteurized Milk boxes tetra pak.",Unknown,False,False,True,,32 fl oz,32,Whole,Unflavored,False,False,False,False,False,False,False,False,False,0,0,,,,https://www.amazon.com/Blue-Valley-Pasture-Stable-Yisroel/dp/B0BWZ2BH7K/ref=sr_1_13?crid=1E2QJW9TUIM1M&dib=eyJ2IjoiMSJ9.jNu6zvup7aWLLgSP3--Cz18cxwMlriDwa0N_KUK3vv-6wItbVAPE81JlWUR7QSFoUiEr9StG-OiJ3MnJ-u1IyrgFgxy3gV4WNhOtWHbkh9pKnGgHRp1Pd-C_doL0dd4gRI2XFgxBDGAVkemPlqM9COYu6Lb3Ss2PBBCJDFILgYnYKjZnU8TAE8ZKoGsAgI9fhxj91IynzoAXBKl-ccLfDqjr_Csfq0-jp6wotCCuJyM.w3nTjkikjLhOUqpprhEiPfUGp311t_yf82-SclTs9LY&dib_tag=se&keywords=milk&qid=1786065780&s=samedaystore&sprefix=mil%2Csamedaystore%2C348&sr=1-13
Amazon,B0CBZZYMKG,"Prairie Farms 1% Percent Milk, Shelf Stable Low Fat Milk, Boxed & Ultra Pasteurized (UHT), Vitamin D - Preservative and Hormone Free, Kosher, Made in USA - 8 FL oz. (27 Pack)",Prairie Farms,False,False,True,,8 fl oz,8,1%,Unflavored,False,False,False,False,False,False,False,False,False,0,0,,,,https://www.amazon.com/Prairie-Farms-Pasteurized-Vitamin-Preservative/dp/B0CBZZYMKG/ref=sr_1_12?crid=1E2QJW9TUIM1M&dib=eyJ2IjoiMSJ9.GQqE5CM5aZ-ngZPedbokBHn3rTRKSDabsq60uE-2YAs2q4P7gRzFwgLkyWpsQyyfVYBzaAzyltRAPkxd_Lh8UPa7t-deWaSkFkRoX2lUhKKFKC1HBmVADyaJ2Yh9UoR-DdZcUFN-nMInAPB466-nH3cMnCWIBEfRp-VKbwZtmzJLaPP5MO_S-9b3CHnwEclK6v7avv4qlqUQGCc3KKmNb_DkDYfT3UCbHZldpxNyWRk.uFJlA9gUQEkLZU3b0RBWr2M8gKpOyjFHlvzkQvFqbGc&dib_tag=se&keywords=milk&qid=1786065783&s=samedaystore&sprefix=mil%2Csamedaystore%2C348&sr=1-12
Amazon,B08H9ZTRGL,"Swiss Miss Nonfat Dry Milk With Vitamins A &D, Makes 3 Gallons, 45.43 oz.",Unknown,False,False,False,powder_formula,45.43 fl oz,45.43,Skim/Fat-Free,Unflavored,False,False,False,False,False,False,False,False,False,0,0,,,,https://www.amazon.com/Swiss-Miss-Powder-Milk-45-43/dp/B08H9ZTRGL/ref=sr_1_13?crid=1E2QJW9TUIM1M&dib=eyJ2IjoiMSJ9.GQqE5CM5aZ-ngZPedbokBHn3rTRKSDabsq60uE-2YAs2q4P7gRzFwgLkyWpsQyyfVYBzaAzyltRAPkxd_Lh8UPa7t-deWaSkFkRoX2lUhKKFKC1HBmVADyaJ2Yh9UoR-DdZcUFN-nMInAPB466-nH3cMnCWIBEfRp-VKbwZtmzJLaPP5MO_S-9b3CHnwEclK6v7avv4qlqUQGCc3KKmNb_DkDYfT3UCbHZldpxNyWRk.uFJlA9gUQEkLZU3b0RBWr2M8gKpOyjFHlvzkQvFqbGc&dib_tag=se&keywords=milk&qid=1786065783&rdc=1&s=samedaystore&sprefix=mil%2Csamedaystore%2C348&sr=1-13
Amazon,B00ICZMIO6,"Horizon Organic Shelf Stable 1% Lowfat Chocolate Milk Boxes, 6ct | 8g Protein per Serving, 1% Lowfat, USDA Organic, No Refrigeration Required, Lunchboxes, On The Go, For Adults & Kids",Horizon Organic,False,False,True,,8 fl oz,8,1%,Chocolate,True,False,False,False,False,False,True,False,False,0,0,,,,https://www.amazon.com/Horizon-Organic-Chocolate-8-Ounce-Alternative/dp/B00ICZMIO6/ref=sr_1_15?crid=1E2QJW9TUIM1M&dib=eyJ2IjoiMSJ9.GQqE5CM5aZ-ngZPedbokBHn3rTRKSDabsq60uE-2YAs2q4P7gRzFwgLkyWpsQyyfVYBzaAzyltRAPkxd_Lh8UPa7t-deWaSkFkRoX2lUhKKFKC1HBmVADyaJ2Yh9UoR-DdZcUFN-nMInAPB466-nH3cMnCWIBEfRp-VKbwZtmzJLaPP5MO_S-9b3CHnwEclK6v7avv4qlqUQGCc3KKmNb_DkDYfT3UCbHZldpxNyWRk.uFJlA9gUQEkLZU3b0RBWr2M8gKpOyjFHlvzkQvFqbGc&dib_tag=se&keywords=milk&qid=1786065783&rdc=1&s=samedaystore&sprefix=mil%2Csamedaystore%2C348&sr=1-15
Amazon,B074H5SR5S,"365 by Whole Foods Market, Organic Whole Milk, 128 oz",365 by Whole Foods Market,True,True,False,,Gallon,128,Whole,Unflavored,True,False,False,False,False,False,False,False,True,614,0,4.13,7.99,8.29,https://www.amazon.com/365-Everyday-Value-Organic-Whole/dp/B074H5SR5S/ref=sr_1_1?crid=1E2QJW9TUIM1M&dib=eyJ2IjoiMSJ9.Ud-qHbsI9gA-R7h2dz9a_iTb9CTvADe-2DxMyfRwzqJ0Wkbq4vG83ZPiLM_qNiTKRoaJBaijncO6r4WrEvlZvICjtYUdPqloHd1lRnGHY71q1Z7aS3tR7vMTmrvCrDqZR0R7AQ4pRisPVFIKCEFaPVmTNNA9Lq8Ar7HHWPFNVP7jwHQX1ObB92mVPr41_EMpRf4F1y082nTiAcNO8R5kmsMuOFb7V31WZB1pxTuW7kQ.o-5oFx34bTkP7zVZEUUf7d64kGqA0KzVh_81fmhwjqE&dib_tag=se&keywords=milk&qid=1786065784&s=samedaystore&sprefix=mil%2Csamedaystore%2C348&sr=1-1
Amazon,B074VD2YFN,"365 by Whole Foods Market, Whole Vitamin D Milk, Gallon, 128 oz",365 by Whole Foods Market,True,True,False,,Gallon,128,Whole,Unflavored,False,False,False,False,False,False,False,False,True,82,0,5.49,5.69,5.69,https://www.amazon.com/365-Everyday-Value-Vitamin-Gallon/dp/B074VD2YFN/ref=sr_1_3?crid=1E2QJW9TUIM1M&dib=eyJ2IjoiMSJ9.Ud-qHbsI9gA-R7h2dz9a_iTb9CTvADe-2DxMyfRwzqJ0Wkbq4vG83ZPiLM_qNiTKRoaJBaijncO6r4WrEvlZvICjtYUdPqloHd1lRnGHY71q1Z7aS3tR7vMTmrvCrDqZR0R7AQ4pRisPVFIKCEFaPVmTNNA9Lq8Ar7HHWPFNVP7jwHQX1ObB92mVPr41_EMpRf4F1y082nTiAcNO8R5kmsMuOFb7V31WZB1pxTuW7kQ.o-5oFx34bTkP7zVZEUUf7d64kGqA0KzVh_81fmhwjqE&dib_tag=se&keywords=milk&qid=1786065784&s=samedaystore&sprefix=mil%2Csamedaystore%2C348&sr=1-3
Amazon,B074VBL93K,"365 by Whole Foods Market, Whole Vitamin D Milk, Half Gallon, 64 oz",365 by Whole Foods Market,True,True,False,,Half Gallon,64,Whole,Unflavored,False,False,False,False,False,False,False,False,True,63,0,3.29,3.39,3.39,https://www.amazon.com/365-Everyday-Value-Vitamin-Gallon/dp/B074VBL93K/ref=sr_1_4?crid=1E2QJW9TUIM1M&dib=eyJ2IjoiMSJ9.Ud-qHbsI9gA-R7h2dz9a_iTb9CTvADe-2DxMyfRwzqJ0Wkbq4vG83ZPiLM_qNiTKRoaJBaijncO6r4WrEvlZvICjtYUdPqloHd1lRnGHY71q1Z7aS3tR7vMTmrvCrDqZR0R7AQ4pRisPVFIKCEFaPVmTNNA9Lq8Ar7HHWPFNVP7jwHQX1ObB92mVPr41_EMpRf4F1y082nTiAcNO8R5kmsMuOFb7V31WZB1pxTuW7kQ.o-5oFx34bTkP7zVZEUUf7d64kGqA0KzVh_81fmhwjqE&dib_tag=se&keywords=milk&qid=1786065784&s=samedaystore&sprefix=mil%2Csamedaystore%2C348&sr=1-4
Amazon,B07FW89VW3,"365 by Whole Foods Market Organic Whole Milk, 32 FZ",365 by Whole Foods Market,True,True,False,,32 fl oz,32,Whole,Unflavored,True,False,False,False,False,False,False,False,True,337,0,2.98,2.99,3.99,https://www.amazon.com/365-Everyday-Value-Whole-Organic/dp/B07FW89VW3/ref=sr_1_6?crid=1E2QJW9TUIM1M&dib=eyJ2IjoiMSJ9.Ud-qHbsI9gA-R7h2dz9a_iTb9CTvADe-2DxMyfRwzqJ0Wkbq4vG83ZPiLM_qNiTKRoaJBaijncO6r4WrEvlZvICjtYUdPqloHd1lRnGHY71q1Z7aS3tR7vMTmrvCrDqZR0R7AQ4pRisPVFIKCEFaPVmTNNA9Lq8Ar7HHWPFNVP7jwHQX1ObB92mVPr41_EMpRf4F1y082nTiAcNO8R5kmsMuOFb7V31WZB1pxTuW7kQ.o-5oFx34bTkP7zVZEUUf7d64kGqA0KzVh_81fmhwjqE&dib_tag=se&keywords=milk&qid=1786065784&s=samedaystore&sprefix=mil%2Csamedaystore%2C348&sr=1-6
Amazon,B077ZZ7TRN,"Kalona Supernatural Organic Whole Milk, 128 FZ",Kalona SuperNatural,True,True,False,,Gallon,128,Whole,Unflavored,True,False,False,False,False,False,False,False,False,234,0,7.99,9.99,10.99,https://www.amazon.com/KALONA-SUPERNATURAL-Organic-Whole-Milk/dp/B077ZZ7TRN/ref=sr_1_9?crid=1E2QJW9TUIM1M&dib=eyJ2IjoiMSJ9.Ud-qHbsI9gA-R7h2dz9a_iTb9CTvADe-2DxMyfRwzqJ0Wkbq4vG83ZPiLM_qNiTKRoaJBaijncO6r4WrEvlZvICjtYUdPqloHd1lRnGHY71q1Z7aS3tR7vMTmrvCrDqZR0R7AQ4pRisPVFIKCEFaPVmTNNA9Lq8Ar7HHWPFNVP7jwHQX1ObB92mVPr41_EMpRf4F1y082nTiAcNO8R5kmsMuOFb7V31WZB1pxTuW7kQ.o-5oFx34bTkP7zVZEUUf7d64kGqA0KzVh_81fmhwjqE&dib_tag=se&keywords=milk&qid=1786065784&s=samedaystore&sprefix=mil%2Csamedaystore%2C348&sr=1-9
Amazon,B074H73B2K,"365 by Whole Foods Market, Organic 2% Fat Milk, 128 oz",365 by Whole Foods Market,True,True,False,,Gallon,128,2%,Unflavored,True,False,False,False,False,False,False,False,True,290,0,5.58,7.99,8.29,https://www.amazon.com/365-Everyday-Value-Organic-Milk/dp/B074H73B2K/ref=sr_1_10?crid=1E2QJW9TUIM1M&dib=eyJ2IjoiMSJ9.Ud-qHbsI9gA-R7h2dz9a_iTb9CTvADe-2DxMyfRwzqJ0Wkbq4vG83ZPiLM_qNiTKRoaJBaijncO6r4WrEvlZvICjtYUdPqloHd1lRnGHY71q1Z7aS3tR7vMTmrvCrDqZR0R7AQ4pRisPVFIKCEFaPVmTNNA9Lq8Ar7HHWPFNVP7jwHQX1ObB92mVPr41_EMpRf4F1y082nTiAcNO8R5kmsMuOFb7V31WZB1pxTuW7kQ.o-5oFx34bTkP7zVZEUUf7d64kGqA0KzVh_81fmhwjqE&dib_tag=se&keywords=milk&qid=1786065784&s=samedaystore&sprefix=mil%2Csamedaystore%2C348&sr=1-10
Amazon,B074H4SHLR,"365 by Whole Foods Market, Organic Whole Milk, 64 oz",365 by Whole Foods Market,True,True,False,,Half Gallon,64,Whole,Unflavored,True,False,False,False,False,False,False,False,True,268,0,3.28,4.68,4.79,https://www.amazon.com/365-Everyday-Value-Organic-Whole/dp/B074H4SHLR/ref=sr_1_11?crid=1E2QJW9TUIM1M&dib=eyJ2IjoiMSJ9.Ud-qHbsI9gA-R7h2dz9a_iTb9CTvADe-2DxMyfRwzqJ0Wkbq4vG83ZPiLM_qNiTKRoaJBaijncO6r4WrEvlZvICjtYUdPqloHd1lRnGHY71q1Z7aS3tR7vMTmrvCrDqZR0R7AQ4pRisPVFIKCEFaPVmTNNA9Lq8Ar7HHWPFNVP7jwHQX1ObB92mVPr41_EMpRf4F1y082nTiAcNO8R5kmsMuOFb7V31WZB1pxTuW7kQ.o-5oFx34bTkP7zVZEUUf7d64kGqA0KzVh_81fmhwjqE&dib_tag=se&keywords=milk&qid=1786065784&s=samedaystore&sprefix=mil%2Csamedaystore%2C348&sr=1-11
Amazon,B073VMBD4W,"Organic Valley Grassmilk Reduced Fat Organic 2% Milk, 59 oz",Organic Valley,True,True,False,,59 fl oz,59,2%,Unflavored,True,False,False,False,False,True,False,False,False,350,0,6.07,6.99,8.29,https://www.amazon.com/Organic-Valley-Grassmilk-Reduced-Pasteurized/dp/B073VMBD4W/ref=sr_1_12?crid=1E2QJW9TUIM1M&dib=eyJ2IjoiMSJ9.Ud-qHbsI9gA-R7h2dz9a_iTb9CTvADe-2DxMyfRwzqJ0Wkbq4vG83ZPiLM_qNiTKRoaJBaijncO6r4WrEvlZvICjtYUdPqloHd1lRnGHY71q1Z7aS3tR7vMTmrvCrDqZR0R7AQ4pRisPVFIKCEFaPVmTNNA9Lq8Ar7HHWPFNVP7jwHQX1ObB92mVPr41_EMpRf4F1y082nTiAcNO8R5kmsMuOFb7V31WZB1pxTuW7kQ.o-5oFx34bTkP7zVZEUUf7d64kGqA0KzVh_81fmhwjqE&dib_tag=se&keywords=milk&qid=1786065784&s=samedaystore&sprefix=mil%2Csamedaystore%2C348&sr=1-12
Amazon,B07PNCYRHH,"Kalona Supernatural Organic Whole Milk, 64 FZ",Kalona SuperNatural,True,True,False,,Half Gallon,64,Whole,Unflavored,True,False,False,False,False,False,False,False,False,297,0,5.82,6.99,6.99,https://www.amazon.com/Kalona-Supernatural-Whole-Unhomogenized-Organic/dp/B07PNCYRHH/ref=sr_1_13?crid=1E2QJW9TUIM1M&dib=eyJ2IjoiMSJ9.Ud-qHbsI9gA-R7h2dz9a_iTb9CTvADe-2DxMyfRwzqJ0Wkbq4vG83ZPiLM_qNiTKRoaJBaijncO6r4WrEvlZvICjtYUdPqloHd1lRnGHY71q1Z7aS3tR7vMTmrvCrDqZR0R7AQ4pRisPVFIKCEFaPVmTNNA9Lq8Ar7HHWPFNVP7jwHQX1ObB92mVPr41_EMpRf4F1y082nTiAcNO8R5kmsMuOFb7V31WZB1pxTuW7kQ.o-5oFx34bTkP7zVZEUUf7d64kGqA0KzVh_81fmhwjqE&dib_tag=se&keywords=milk&qid=1786065784&s=samedaystore&sprefix=mil%2Csamedaystore%2C348&sr=1-13
Amazon,B074H5SRHQ,"365 by Whole Foods Market, Organic Reduced Fat 2% Milk, 64 fl oz",365 by Whole Foods Market,True,True,False,,Half Gallon,64,2%,Unflavored,True,False,False,False,False,False,False,False,True,80,0,3.19,4.49,4.69,https://www.amazon.com/365-Everyday-Value-Organic-Milk/dp/B074H5SRHQ/ref=sr_1_15?crid=1E2QJW9TUIM1M&dib=eyJ2IjoiMSJ9.Ud-qHbsI9gA-R7h2dz9a_iTb9CTvADe-2DxMyfRwzqJ0Wkbq4vG83ZPiLM_qNiTKRoaJBaijncO6r4WrEvlZvICjtYUdPqloHd1lRnGHY71q1Z7aS3tR7vMTmrvCrDqZR0R7AQ4pRisPVFIKCEFaPVmTNNA9Lq8Ar7HHWPFNVP7jwHQX1ObB92mVPr41_EMpRf4F1y082nTiAcNO8R5kmsMuOFb7V31WZB1pxTuW7kQ.o-5oFx34bTkP7zVZEUUf7d64kGqA0KzVh_81fmhwjqE&dib_tag=se&keywords=milk&qid=1786065784&s=samedaystore&sprefix=mil%2Csamedaystore%2C348&sr=1-15
Amazon,B074VCV7N6,"365 by Whole Foods Market, Reduced Fat 2% Milk, Half Gallon, 64 oz",365 by Whole Foods Market,True,True,False,,Half Gallon,64,2%,Unflavored,False,False,False,False,False,False,False,False,True,18,0,3.29,3.39,3.39,https://www.amazon.com/365-Everyday-Value-Reduced-Gallon/dp/B074VCV7N6/ref=sr_1_16?crid=1E2QJW9TUIM1M&dib=eyJ2IjoiMSJ9.Ud-qHbsI9gA-R7h2dz9a_iTb9CTvADe-2DxMyfRwzqJ0Wkbq4vG83ZPiLM_qNiTKRoaJBaijncO6r4WrEvlZvICjtYUdPqloHd1lRnGHY71q1Z7aS3tR7vMTmrvCrDqZR0R7AQ4pRisPVFIKCEFaPVmTNNA9Lq8Ar7HHWPFNVP7jwHQX1ObB92mVPr41_EMpRf4F1y082nTiAcNO8R5kmsMuOFb7V31WZB1pxTuW7kQ.o-5oFx34bTkP7zVZEUUf7d64kGqA0KzVh_81fmhwjqE&dib_tag=se&keywords=milk&qid=1786065784&s=samedaystore&sprefix=mil%2Csamedaystore%2C348&sr=1-16
Amazon,B074V3XKVV,"365 by Whole Foods Market Whole Milk, 1 GL",365 by Whole Foods Market,True,True,False,,Gallon,128,Whole,Unflavored,False,False,False,False,False,False,False,False,True,82,0,3.99,4.79,5.49,https://www.amazon.com/365-Everyday-Value-Whole-Milk/dp/B074V3XKVV/ref=sr_1_3_us_f3_0o_wf?crid=1E2QJW9TUIM1M&dib=eyJ2IjoiMSJ9.RPWnqopsV29EblO7AuFazEnASbfDb8P9G7NTVsmqrm5U0uBrR99vsFvAqLthr-wiO-EYPz9nsvhT1HdIKcl34G1NHEihZ0D68RcjWHiA5YAS7djkcB1zUPkqEyAGqeexf7l1CiqjsU4Jr4Irh52xA6hQFgGdrnwBfqMjUPUYeSC4gFmJZ3Pi457lL1sx-5L50RRR98KH9Ju0KiVCoZ0Xojv-g6rlBCRFYXTIV8vbU9k.qidmzApYoqRtmRgiCPle_F9V_zCQdzkeRv_4S8c2yPk&dib_tag=se&keywords=milk&qid=1786065785&s=samedaystore&sprefix=mil%2Csamedaystore%2C348&sr=1-3
Amazon,B074V3XLQ2,"365 by Whole Foods Market, Whole Milk, 64 fl oz",365 by Whole Foods Market,True,True,False,,Half Gallon,64,Whole,Unflavored,False,False,False,False,False,False,False,False,True,83,0,2.59,2.69,2.99,https://www.amazon.com/365-Everyday-Value-Whole-Gallon/dp/B074V3XLQ2/ref=sr_1_4_us_f3_0o_wf?crid=1E2QJW9TUIM1M&dib=eyJ2IjoiMSJ9.RPWnqopsV29EblO7AuFazEnASbfDb8P9G7NTVsmqrm5U0uBrR99vsFvAqLthr-wiO-EYPz9nsvhT1HdIKcl34G1NHEihZ0D68RcjWHiA5YAS7djkcB1zUPkqEyAGqeexf7l1CiqjsU4Jr4Irh52xA6hQFgGdrnwBfqMjUPUYeSC4gFmJZ3Pi457lL1sx-5L50RRR98KH9Ju0KiVCoZ0Xojv-g6rlBCRFYXTIV8vbU9k.qidmzApYoqRtmRgiCPle_F9V_zCQdzkeRv_4S8c2yPk&dib_tag=se&keywords=milk&qid=1786065785&s=samedaystore&sprefix=mil%2Csamedaystore%2C348&sr=1-4
Amazon,B081KJD394,"Horizon Organic, Milk Whole Growing Years Organic, 59 Fl Oz | USDA Organic Vitamin D Milk for Growing Kids with DHA Omega-3, Choline, and Prebiotics",Horizon Organic,True,True,False,,59 fl oz,59,Whole,Unflavored,True,False,False,False,True,False,True,False,False,522,0,6.99,7.47,7.47,https://www.amazon.com/Horizon-Organic-Whole-Choline-Growing/dp/B081KJD394/ref=sr_1_7_us_f3_0o_wf?crid=1E2QJW9TUIM1M&dib=eyJ2IjoiMSJ9.RPWnqopsV29EblO7AuFazEnASbfDb8P9G7NTVsmqrm5U0uBrR99vsFvAqLthr-wiO-EYPz9nsvhT1HdIKcl34G1NHEihZ0D68RcjWHiA5YAS7djkcB1zUPkqEyAGqeexf7l1CiqjsU4Jr4Irh52xA6hQFgGdrnwBfqMjUPUYeSC4gFmJZ3Pi457lL1sx-5L50RRR98KH9Ju0KiVCoZ0Xojv-g6rlBCRFYXTIV8vbU9k.qidmzApYoqRtmRgiCPle_F9V_zCQdzkeRv_4S8c2yPk&dib_tag=se&keywords=milk&qid=1786065785&s=samedaystore&sprefix=mil%2Csamedaystore%2C348&sr=1-7
Amazon,B074VBQHXJ,"365 by Whole Foods Market, Reduced Fat 2% Milk, 128 fl oz",365 by Whole Foods Market,True,True,False,,Gallon,128,2%,Unflavored,False,False,False,False,False,False,False,False,True,50,0,4.39,4.79,5.29,https://www.amazon.com/365-Everyday-Value-Reduced-Gallon/dp/B074VBQHXJ/ref=sr_1_12_us_f3_0o_wf?crid=1E2QJW9TUIM1M&dib=eyJ2IjoiMSJ9.RPWnqopsV29EblO7AuFazEnASbfDb8P9G7NTVsmqrm5U0uBrR99vsFvAqLthr-wiO-EYPz9nsvhT1HdIKcl34G1NHEihZ0D68RcjWHiA5YAS7djkcB1zUPkqEyAGqeexf7l1CiqjsU4Jr4Irh52xA6hQFgGdrnwBfqMjUPUYeSC4gFmJZ3Pi457lL1sx-5L50RRR98KH9Ju0KiVCoZ0Xojv-g6rlBCRFYXTIV8vbU9k.qidmzApYoqRtmRgiCPle_F9V_zCQdzkeRv_4S8c2yPk&dib_tag=se&keywords=milk&qid=1786065785&s=samedaystore&sprefix=mil%2Csamedaystore%2C348&sr=1-12
Amazon,B08KZ8RSHK,"Alexandre Family Farms Organic Regenerative UHT A2 Whole Milk, 59 FZ",Alexandre Family Farm,False,False,True,,59 fl oz,59,Whole,Unflavored,True,False,False,True,False,False,False,False,False,0,0,,,,https://www.amazon.com/Alexandre-Dairy-Organic-Whole-Milk/dp/B08KZ8RSHK/ref=sr_1_15_us_f3_0o_wf?crid=1E2QJW9TUIM1M&dib=eyJ2IjoiMSJ9.RPWnqopsV29EblO7AuFazEnASbfDb8P9G7NTVsmqrm5U0uBrR99vsFvAqLthr-wiO-EYPz9nsvhT1HdIKcl34G1NHEihZ0D68RcjWHiA5YAS7djkcB1zUPkqEyAGqeexf7l1CiqjsU4Jr4Irh52xA6hQFgGdrnwBfqMjUPUYeSC4gFmJZ3Pi457lL1sx-5L50RRR98KH9Ju0KiVCoZ0Xojv-g6rlBCRFYXTIV8vbU9k.qidmzApYoqRtmRgiCPle_F9V_zCQdzkeRv_4S8c2yPk&dib_tag=se&keywords=milk&qid=1786065785&s=samedaystore&sprefix=mil%2Csamedaystore%2C348&sr=1-15
Amazon,B0D6TFZBF8,"Amazon Grocery, Whole Milk, 1 Gallon, 128 Fl Oz",Amazon Grocery,True,True,False,,Gallon,128,Whole,Unflavored,False,False,False,False,False,False,False,False,True,365,0,2.57,2.69,3.79,https://www.amazon.com/Amazon-Grocery-Whole-Milk-Gallon/dp/B0D6TFZBF8/ref=sr_1_1?crid=1E2QJW9TUIM1M&dib=eyJ2IjoiMSJ9.WO3oVlI8YvUypYDZegM_OnDf8CYPABPzswNpz-8lak80CC8Rjal3oIqUMWt27AHbXzGfSS-ihYHHDIhjZwOTeWF5n_PcoyH9f0oyzrhcrPJSxdnsvthUqC5fb5PRviOHE3O5cNuD0gtuyAvAr8oQOXCJAV8l7NuS28YUMXIsuTjCnJJOlk9w5h3dh6E8mEo4jjMH5L5PWu8PN69ax_L4sMXumdchCvI3BF-6kThG3Eg.0kDfBG53t_D55xKwpTIvQZuMm742lFXpVs4-wRmeuGE&dib_tag=se&keywords=milk&qid=1786065784&s=samedaystore&sprefix=mil%2Csamedaystore%2C348&sr=1-1
Amazon,B0D6THTMHK,"Amazon Grocery, 2% Reduced Fat Milk, 1 Gallon, 128 Fl Oz",Amazon Grocery,True,True,False,,Gallon,128,2%,Unflavored,False,False,False,False,False,False,False,False,True,380,0,2.57,2.69,3.79,https://www.amazon.com/Amazon-Grocery-Reduced-Milk-Gallon/dp/B0D6THTMHK/ref=sr_1_3?crid=1E2QJW9TUIM1M&dib=eyJ2IjoiMSJ9.WO3oVlI8YvUypYDZegM_OnDf8CYPABPzswNpz-8lak80CC8Rjal3oIqUMWt27AHbXzGfSS-ihYHHDIhjZwOTeWF5n_PcoyH9f0oyzrhcrPJSxdnsvthUqC5fb5PRviOHE3O5cNuD0gtuyAvAr8oQOXCJAV8l7NuS28YUMXIsuTjCnJJOlk9w5h3dh6E8mEo4jjMH5L5PWu8PN69ax_L4sMXumdchCvI3BF-6kThG3Eg.0kDfBG53t_D55xKwpTIvQZuMm742lFXpVs4-wRmeuGE&dib_tag=se&keywords=milk&qid=1786065784&s=samedaystore&sprefix=mil%2Csamedaystore%2C348&sr=1-3
Amazon,B071VC94GD,"A2 Milk, Milk Whole Milk, 59 Fl Oz",a2 Milk,True,True,False,,59 fl oz,59,Whole,Unflavored,False,False,False,True,False,False,False,False,False,490,0,3.99,4.76,5.74,https://www.amazon.com/A2-Milk-Whole-64/dp/B071VC94GD/ref=sr_1_9?crid=1E2QJW9TUIM1M&dib=eyJ2IjoiMSJ9.Ud-qHbsI9gA-R7h2dz9a_gGR3qUx-q3_2AYDZ2bhr_lbUoCT3cIoOWApXG2DajtTUG2qkIuyz0kxHj9qd1lunN7e9Df0dFc0lV2G9E7yXYawpZDNspaoVZ6AMJp4lp-HD_DTSSd7zMLtUPenI7exlljaAcD3dr2aKlI3OzrZPokMnWDUF8zVcnvZa3Q1IPYzvVcSr0eY7Qlk3_3FlGfy4dqgeRVFpnXO8dEe1YWSxB4.3qAEAQ4f8jmLxRu_WH5BokHalHjZg4SNZVlaHtrA4hw&dib_tag=se&keywords=milk&qid=1786065785&s=samedaystore&sprefix=mil%2Csamedaystore%2C348&sr=1-9
Amazon,B001RNA658,"Horizon Organic, DHA Reduced Fat Organic Milk, 64 Ounce | USDA Organic Vitamin D Milk, Ultra Pasteurized, Rich, Creamy, & Delicious",Horizon Organic,True,True,False,,Half Gallon,64,Whole,Unflavored,True,False,False,False,True,False,False,False,False,73,0,5.29,6.46,6.99,https://www.amazon.com/Horizon-Organic-Omega-3-Reduced-Pasteurized/dp/B001RNA658/ref=sr_1_16?crid=1E2QJW9TUIM1M&dib=eyJ2IjoiMSJ9.Ud-qHbsI9gA-R7h2dz9a_gGR3qUx-q3_2AYDZ2bhr_lbUoCT3cIoOWApXG2DajtTUG2qkIuyz0kxHj9qd1lunN7e9Df0dFc0lV2G9E7yXYawpZDNspaoVZ6AMJp4lp-HD_DTSSd7zMLtUPenI7exlljaAcD3dr2aKlI3OzrZPokMnWDUF8zVcnvZa3Q1IPYzvVcSr0eY7Qlk3_3FlGfy4dqgeRVFpnXO8dEe1YWSxB4.3qAEAQ4f8jmLxRu_WH5BokHalHjZg4SNZVlaHtrA4hw&dib_tag=se&keywords=milk&qid=1786065785&s=samedaystore&sprefix=mil%2Csamedaystore%2C348&sr=1-16
Amazon,B06ZYNZ7NF,"Maple Hill Creamery Organic Whole Milk, 59 FZ | 100% Grassfed, USDA Organic, Ultra Pasteurized",Maple Hill,True,True,False,,59 fl oz,59,Whole,Unflavored,True,False,False,False,False,True,False,False,False,351,0,6.19,7.79,9.99,https://www.amazon.com/mery-Grass-Organic-Whole-Supportibackl-248/dp/B06ZYNZ7NF/ref=sr_1_10?crid=1E2QJW9TUIM1M&dib=eyJ2IjoiMSJ9.hrOIiuUDUlbLigrHZQdm1DwfYuru-aQuDfyFlRb4xUB0Wkbq4vG83ZPiLM_qNiTK-aicnLYRiPyFTAoMASwwmIIAQv6WkYqu3KFisWENa_74I4JxfG54IiV2obVPJp3yf7qrdanU9pYPKdo-qdO_GlmTNNA9Lq8Ar7HHWPFNVP66_SZ9YtRoF6Y3O3eAviU8K58QFenAahr8EJq-CzYzaXZoPqGa0WjheE4LMuRChC4.NuAyCcKv25A_zdKFh3u-u4d3Z4FY4sW9Pjr77E06oZ4&dib_tag=se&keywords=milk&qid=1786065788&s=samedaystore&sprefix=mil%2Csamedaystore%2C348&sr=1-10
Amazon,B074V3VTXH,"365 by Whole Foods Market, Reduced Fat 2% Milk, Gallon, 128 oz",365 by Whole Foods Market,True,True,False,,Gallon,128,2%,Unflavored,False,False,False,False,False,False,False,False,True,36,0,5.49,5.69,5.69,https://www.amazon.com/365-Everyday-Value-Reduced-Gallon/dp/B074V3VTXH/ref=sr_1_14?crid=1E2QJW9TUIM1M&dib=eyJ2IjoiMSJ9.hrOIiuUDUlbLigrHZQdm1DwfYuru-aQuDfyFlRb4xUB0Wkbq4vG83ZPiLM_qNiTK-aicnLYRiPyFTAoMASwwmIIAQv6WkYqu3KFisWENa_74I4JxfG54IiV2obVPJp3yf7qrdanU9pYPKdo-qdO_GlmTNNA9Lq8Ar7HHWPFNVP66_SZ9YtRoF6Y3O3eAviU8K58QFenAahr8EJq-CzYzaXZoPqGa0WjheE4LMuRChC4.NuAyCcKv25A_zdKFh3u-u4d3Z4FY4sW9Pjr77E06oZ4&dib_tag=se&keywords=milk&qid=1786065788&s=samedaystore&sprefix=mil%2Csamedaystore%2C348&sr=1-14
Amazon,B074V3XLQM,"365 by Whole Foods Market, Reduced Fat 2% Milk, 64 fl oz",365 by Whole Foods Market,True,True,False,,Half Gallon,64,2%,Unflavored,False,False,False,False,False,False,False,False,True,13,0,2.59,2.69,2.99,https://www.amazon.com/365-Everyday-Value-Reduced-Gallon/dp/B074V3XLQM/ref=sr_1_16_us_f3_0o_wf?crid=1E2QJW9TUIM1M&dib=eyJ2IjoiMSJ9.RPWnqopsV29EblO7AuFazFA2O6ei8aYudgKaabVXurJU0uBrR99vsFvAqLthr-wiKB1DCpFsBwPEXhlhTncD65cEzbXLzte7qu4ot8JjdOXvgNIQ9-2hGL0dp-b9V3CCR9Fa-soBM_yMsZkeNAMzzFim7d03k47dcDKCsNQsb-E32xTm-WCDBsk6ZaLsoP7Qjx4CDK_LnZhXn_LJetFNndwFhNdrZheBHHhSnHTI69U.UimRWHttpOOyZo8optQob7Q48dD1G2NADeIzIKq-kxE&dib_tag=se&keywords=milk&qid=1786065788&s=samedaystore&sprefix=mil%2Csamedaystore%2C348&sr=1-16
Amazon,B016LBC8EC,"Silk Shelf-Stable Almond Milk, Unsweetened, Dairy-Free, Vegan, Non-GMO Project Verified, 1 Quart (Pack of 6)",Unknown,False,False,True,plant_based,32 fl oz,32,Unspecified,Unflavored,False,False,False,False,False,False,False,False,False,0,0,,,,https://www.amazon.com/Silk-Unsweetened-Unflavored-Dairy-Alternative-Individually/dp/B016LBC8EC/ref=sr_1_12?crid=1E2QJW9TUIM1M&dib=eyJ2IjoiMSJ9.GQqE5CM5aZ-ngZPedbokBCySXWear4nZn8RzdvlK5vIpXupj7pylkp5qzesu1qGJCil4luQoW0Spf0ZSQwQDcuWfucuejz2O-4tHsqYQFqjRAjZVqE02mdQEq0R6KdoTCZ9gBK8j170xaHww_cN2a8iPTk-Grwaq3l43qyn_MeBQxHaJZbRCFaS7jcVnXcWa7wRdhG-WI7a2bxg8ECcb3E0tuKDlNAxf1sE2xLeDsYk.IJhVLR1bn7vil8FGj2y-PyjzTOAeukkHn5RdNQ5HejI&dib_tag=se&keywords=milk&qid=1786065790&s=samedaystore&sprefix=mil%2Csamedaystore%2C348&sr=1-12
Amazon,B07YSWTL27,"Happy Belly, Amazon Brand Whole Milk Gallon Ounces, 128 Fl Oz",Happy Belly,True,True,False,,Gallon,128,Whole,Unflavored,False,False,False,False,False,False,False,False,True,156,0,2.47,3.46,5.09,https://www.amazon.com/Amazon-Brand-Happy-Gallon-Ounces/dp/B07YSWTL27/ref=sr_1_1?crid=1E2QJW9TUIM1M&dib=eyJ2IjoiMSJ9.2SP7ZzRAHEOL4e42IE0w6Ux8wUwNuRr9ReV-UyVoDqEc0gsbj9sqKzT4YTNGjqK4vtDzIU6WDNCjoDVodMFUyPmQEsjdTZIPfC7PC2BeRK9SxdnsvthUqC5fb5PRviOHc-xuj7Fmdml2eT7ug66lfNUAN6SAA9FughLfXsvZTnRZta_Xzu-Uzi0-eQr88A4yGttvjsoQwLAagQZ1oiHQSjeGCnOfH8IXOebnsL629qs.X2b7_x3ibK62dgudmZSWYbCZzDRBmAb4nUJFzr4bpzI&dib_tag=se&keywords=milk&qid=1786065790&s=samedaystore&sprefix=mil%2Csamedaystore%2C348&sr=1-1
Amazon,B07YSWG9WS,"Amazon Grocery, Whole Milk, Half Gallon, 64 Fl Oz",Amazon Grocery,True,True,False,,Half Gallon,64,Whole,Unflavored,False,False,False,False,False,False,False,False,True,144,0,1.47,1.59,2.62,https://www.amazon.com/Amazon-Brand-Happy-Gallon-Ounces/dp/B07YSWG9WS/ref=sr_1_2?crid=1E2QJW9TUIM1M&dib=eyJ2IjoiMSJ9.2SP7ZzRAHEOL4e42IE0w6Ux8wUwNuRr9ReV-UyVoDqEc0gsbj9sqKzT4YTNGjqK4vtDzIU6WDNCjoDVodMFUyPmQEsjdTZIPfC7PC2BeRK9SxdnsvthUqC5fb5PRviOHc-xuj7Fmdml2eT7ug66lfNUAN6SAA9FughLfXsvZTnRZta_Xzu-Uzi0-eQr88A4yGttvjsoQwLAagQZ1oiHQSjeGCnOfH8IXOebnsL629qs.X2b7_x3ibK62dgudmZSWYbCZzDRBmAb4nUJFzr4bpzI&dib_tag=se&keywords=milk&qid=1786065790&s=samedaystore&sprefix=mil%2Csamedaystore%2C348&sr=1-2
Amazon,B07YSWGRGV,"Amazon Grocery, 2% Reduced Fat Milk, 1 Gallon, 128 Fl Oz",Amazon Grocery,True,True,False,,Gallon,128,2%,Unflavored,False,False,False,False,False,False,False,False,True,114,0,2.47,2.69,4.93,https://www.amazon.com/Amazon-Brand-Reduced-Gallon-Ounces/dp/B07YSWGRGV/ref=sr_1_3?crid=1E2QJW9TUIM1M&dib=eyJ2IjoiMSJ9.2SP7ZzRAHEOL4e42IE0w6Ux8wUwNuRr9ReV-UyVoDqEc0gsbj9sqKzT4YTNGjqK4vtDzIU6WDNCjoDVodMFUyPmQEsjdTZIPfC7PC2BeRK9SxdnsvthUqC5fb5PRviOHc-xuj7Fmdml2eT7ug66lfNUAN6SAA9FughLfXsvZTnRZta_Xzu-Uzi0-eQr88A4yGttvjsoQwLAagQZ1oiHQSjeGCnOfH8IXOebnsL629qs.X2b7_x3ibK62dgudmZSWYbCZzDRBmAb4nUJFzr4bpzI&dib_tag=se&keywords=milk&qid=1786065790&s=samedaystore&sprefix=mil%2Csamedaystore%2C348&sr=1-3
Amazon,B07YSWR91P,"Amazon Grocery, 2% Reduced Fat MIlk, Half Gallon, 64 Fl Oz",Amazon Grocery,True,True,False,,Half Gallon,64,2%,Unflavored,False,False,False,False,False,False,False,False,True,118,0,1.56,1.85,2.54,https://www.amazon.com/Amazon-Brand-Reduced-Gallon-Ounces/dp/B07YSWR91P/ref=sr_1_7?crid=1E2QJW9TUIM1M&dib=eyJ2IjoiMSJ9.2SP7ZzRAHEOL4e42IE0w6Ux8wUwNuRr9ReV-UyVoDqEc0gsbj9sqKzT4YTNGjqK4vtDzIU6WDNCjoDVodMFUyPmQEsjdTZIPfC7PC2BeRK9SxdnsvthUqC5fb5PRviOHc-xuj7Fmdml2eT7ug66lfNUAN6SAA9FughLfXsvZTnRZta_Xzu-Uzi0-eQr88A4yGttvjsoQwLAagQZ1oiHQSjeGCnOfH8IXOebnsL629qs.X2b7_x3ibK62dgudmZSWYbCZzDRBmAb4nUJFzr4bpzI&dib_tag=se&keywords=milk&qid=1786065790&s=samedaystore&sprefix=mil%2Csamedaystore%2C348&sr=1-7
Amazon,B092NVQT83,"Dairy Maid Dairy Whole Milk, 128 Fl Oz",Dairy Maid Dairy,True,True,False,,Gallon,128,Whole,Unflavored,False,False,False,False,False,False,False,False,False,57,0,2.69,2.69,5.09,https://www.amazon.com/Dairy-Maid-Whole-Milk-128/dp/B092NVQT83/ref=sr_1_15?crid=1E2QJW9TUIM1M&dib=eyJ2IjoiMSJ9.2SP7ZzRAHEOL4e42IE0w6Ux8wUwNuRr9ReV-UyVoDqEc0gsbj9sqKzT4YTNGjqK4vtDzIU6WDNCjoDVodMFUyPmQEsjdTZIPfC7PC2BeRK9SxdnsvthUqC5fb5PRviOHc-xuj7Fmdml2eT7ug66lfNUAN6SAA9FughLfXsvZTnRZta_Xzu-Uzi0-eQr88A4yGttvjsoQwLAagQZ1oiHQSjeGCnOfH8IXOebnsL629qs.X2b7_x3ibK62dgudmZSWYbCZzDRBmAb4nUJFzr4bpzI&dib_tag=se&keywords=milk&qid=1786065790&s=samedaystore&sprefix=mil%2Csamedaystore%2C348&sr=1-15
Amazon,B07DGS2C29,"Amazon Grocery, Lactose Free Whole Milk, Half Gallon, 64 Fl Oz",Amazon Grocery,True,True,False,,Half Gallon,64,Whole,Unflavored,False,True,False,False,False,False,False,False,True,234,0,2.75,2.99,3.92,https://www.amazon.com/Amazon-Brand-Lactose-Ultra-Pasteurized-Kosher/dp/B07DGS2C29/ref=sr_1_10?crid=1E2QJW9TUIM1M&dib=eyJ2IjoiMSJ9.WqCh5094WcmNAluVfCyoHiExNWUSfG-c6R-s8uSVcCObqwePwljwUxYPmmChUe5aLxXo9aQHfvwT3PDokcPRB3sKTpnc06OHiPvRHdLYOoMXx2QoMVbuPP7ionj2m3CB6vSwbZ7NWIieC45G-GfveZ3Bq0l1JwHVJztwQwnLqFFUe54aibA1fV7T_iaETq0sYTqPIPYeGtCwice4emVKHeRKzYfdB1zQFOUm2d7TS_g.wl0FpIUKHMIM6h7wYY24KOoe4gOFiHDfxB3RI9-lVJw&dib_tag=se&keywords=milk&qid=1786065797&s=samedaystore&sprefix=mil%2Csamedaystore%2C348&sr=1-10
Amazon,B09FBLV8QY,"365 by Whole Foods Market, Organic Whole Milk, 128 Fl Oz",365 by Whole Foods Market,True,True,False,,Gallon,128,Whole,Unflavored,True,False,False,False,False,False,False,False,True,457,0,7.49,7.49,8.59,https://www.amazon.com/365-WFM-Organic-Whole-Milk/dp/B09FBLV8QY/ref=sr_1_12?crid=1E2QJW9TUIM1M&dib=eyJ2IjoiMSJ9.WO3oVlI8YvUypYDZegM_OnDf8CYPABPzswNpz-8lak-ig9N_jdZ9ZlySuu-GXzcqEz1_vUDSv3TP1x_zGeCY0M7MJzpOxkAurwAlGGrscB5w40JFb6e7X0iIJocPh9OpE3O5cNuD0gtuyAvAr8oQORJ076Xcr27mMb9QEwFgsDwgLgxNzN86U2NRj9QP0T4YgjRaJfPlyjzxJOupmEmeACr47GfCvvAT5ntB9ctzI-4.bCAwQTGig3eopOVdMuVOu1PoTqB0Pxy2JZRsBKEMTTQ&dib_tag=se&keywords=milk&qid=1786065798&s=samedaystore&sprefix=mil%2Csamedaystore%2C348&sr=1-12
Amazon,B07RMJ7Y77,"Hoosier Hill Farm Whole Milk Powder, 25LB Bulk (Pack of 1) | Food Service Size; Reconstitutes with water for drinking, or use the powder for baking. Shelf stable",Unknown,False,False,True,powder_formula,Unknown,,Whole,Unflavored,False,False,False,False,False,False,False,False,False,0,0,,,,https://www.amazon.com/Hoosier-Hill-Farm-American-Additives/dp/B07RMJ7Y77/ref=sr_1_1?crid=1E2QJW9TUIM1M&dib=eyJ2IjoiMSJ9.EesSqUXY9keZNx9rtxTHXJZfxyJ2OuGP5xZgZOh0rajN9ARpXAnMskMnS9h8XQB_i5KuLlO2UfFj-Az-xgHjgzailsCzUhXjFPQpO5nma5c.wbZOf5MRrDtwZuNMcjAuymxANCzBrECwlVlQQuRQ4iQ&dib_tag=se&keywords=milk&qid=1786065799&s=samedaystore&sprefix=mil%2Csamedaystore%2C348&sr=1-1
Amazon,B0CSZDGP3V,"Earthborn Elements, Whole Milk Powder, 17 Lb | For baking, dry mixes, sauces, soups, beverages, desserts, and recipe preparation",Unknown,False,False,False,powder_formula,Gallon,128,Whole,Unflavored,False,False,False,False,False,False,False,False,False,0,0,,,,https://www.amazon.com/Earthborn-Elements-Whole-Powder-Gallon/dp/B0CSZDGP3V/ref=sr_1_2?crid=1E2QJW9TUIM1M&dib=eyJ2IjoiMSJ9.EesSqUXY9keZNx9rtxTHXJZfxyJ2OuGP5xZgZOh0rajN9ARpXAnMskMnS9h8XQB_i5KuLlO2UfFj-Az-xgHjgzailsCzUhXjFPQpO5nma5c.wbZOf5MRrDtwZuNMcjAuymxANCzBrECwlVlQQuRQ4iQ&dib_tag=se&keywords=milk&qid=1786065799&s=samedaystore&sprefix=mil%2Csamedaystore%2C348&sr=1-2
Amazon,B0CXR7VKVN,"Hoosier Hill Farm Instant Nonfat Dry Milk Powder, 25LB (Pack of 1)",Unknown,False,False,False,powder_formula,Unknown,,Skim/Fat-Free,Unflavored,False,False,False,False,False,False,False,False,False,0,0,,,,https://www.amazon.com/Hoosier-Hill-Farm-Instant-Nonfat/dp/B0CXR7VKVN/ref=sr_1_3?crid=1E2QJW9TUIM1M&dib=eyJ2IjoiMSJ9.EesSqUXY9keZNx9rtxTHXJZfxyJ2OuGP5xZgZOh0rajN9ARpXAnMskMnS9h8XQB_i5KuLlO2UfFj-Az-xgHjgzailsCzUhXjFPQpO5nma5c.wbZOf5MRrDtwZuNMcjAuymxANCzBrECwlVlQQuRQ4iQ&dib_tag=se&keywords=milk&qid=1786065799&s=samedaystore&sprefix=mil%2Csamedaystore%2C348&sr=1-3
Amazon,B0GVPVNNWB,"Kuii No Sugar Added Coconut Milk Drink Variety Pack, Original & Chocolate | Nata de Coco",Unknown,False,False,False,"insufficient_product_signal,plant_based",Unknown,,Unspecified,Chocolate,False,False,False,False,False,False,False,False,False,0,0,,,,https://www.amazon.com/Sugar-Coconut-Variety-Original-Chocolate/dp/B0GVPVNNWB/ref=sr_1_4?crid=1E2QJW9TUIM1M&dib=eyJ2IjoiMSJ9.EesSqUXY9keZNx9rtxTHXJZfxyJ2OuGP5xZgZOh0rajN9ARpXAnMskMnS9h8XQB_i5KuLlO2UfFj-Az-xgHjgzailsCzUhXjFPQpO5nma5c.wbZOf5MRrDtwZuNMcjAuymxANCzBrECwlVlQQuRQ4iQ&dib_tag=se&keywords=milk&qid=1786065799&s=samedaystore&sprefix=mil%2Csamedaystore%2C348&sr=1-4
Amazon,B0DSYKYMFT,Nama M1 - Plant-Milk Maker - Homemade oat and nut milk - White | Homemade Oat and Nut Dairy Alternative - Barista Quality Creamy Texture - Blends and Strains in Minutes - Easy to Clean,Unknown,False,False,False,"insufficient_product_signal,plant_based",Unknown,,Unspecified,Unflavored,False,False,False,False,False,False,False,False,False,0,0,,,,https://www.amazon.com/Nama-Plant-Milk-Maker-Container/dp/B0DSYKYMFT/ref=sr_1_5?crid=1E2QJW9TUIM1M&dib=eyJ2IjoiMSJ9.EesSqUXY9keZNx9rtxTHXJZfxyJ2OuGP5xZgZOh0rajN9ARpXAnMskMnS9h8XQB_i5KuLlO2UfFj-Az-xgHjgzailsCzUhXjFPQpO5nma5c.wbZOf5MRrDtwZuNMcjAuymxANCzBrECwlVlQQuRQ4iQ&dib_tag=se&keywords=milk&qid=1786065799&s=samedaystore&sprefix=mil%2Csamedaystore%2C348&sr=1-5
Amazon,B0DSYCKM86,"Nama M1 - Plant-Milk Maker - Homemade oat and nut milk - Black | Smooth, creamy cafe quality milk in minutes - Blends and strains in minutes - Easy to Clean - Dairy Alternative",Unknown,False,False,False,"insufficient_product_signal,plant_based",Unknown,,Unspecified,Unflavored,False,False,False,False,False,False,False,False,False,0,0,,,,https://www.amazon.com/Nama-Plant-Milk-Maker-Container/dp/B0DSYCKM86/ref=sr_1_6?crid=1E2QJW9TUIM1M&dib=eyJ2IjoiMSJ9.EesSqUXY9keZNx9rtxTHXJZfxyJ2OuGP5xZgZOh0rajN9ARpXAnMskMnS9h8XQB_i5KuLlO2UfFj-Az-xgHjgzailsCzUhXjFPQpO5nma5c.wbZOf5MRrDtwZuNMcjAuymxANCzBrECwlVlQQuRQ4iQ&dib_tag=se&keywords=milk&qid=1786065799&s=samedaystore&sprefix=mil%2Csamedaystore%2C348&sr=1-6
Amazon,B0GS5JL7RT,"304 Stainless Steel Water Dispenser with Faucet, Thickened Milk Can with Handle, Sealing Ring and Instruction Manual, 10L Stainless Steel Water Jug for Milk, Water, Tea, Juice and Beverage Storage",Unknown,True,False,False,,10 L,338.1,Unspecified,Unflavored,False,False,False,False,False,False,False,False,False,14,0,69.98,69.98,69.98,https://www.amazon.com/Stainless-Dispenser-Milk-Can-Instruction/dp/B0GS5JL7RT/ref=sr_1_7?crid=1E2QJW9TUIM1M&dib=eyJ2IjoiMSJ9.EesSqUXY9keZNx9rtxTHXJZfxyJ2OuGP5xZgZOh0rajN9ARpXAnMskMnS9h8XQB_i5KuLlO2UfFj-Az-xgHjgzailsCzUhXjFPQpO5nma5c.wbZOf5MRrDtwZuNMcjAuymxANCzBrECwlVlQQuRQ4iQ&dib_tag=se&keywords=milk&qid=1786065799&s=samedaystore&sprefix=mil%2Csamedaystore%2C348&sr=1-7
Amazon,B074VDFX51,"365 by Whole Foods Market, Whole Milk, Gallon, 128 fl oz",365 by Whole Foods Market,True,True,False,,Gallon,128,Whole,Unflavored,False,False,False,False,False,False,False,False,True,213,0,2.73,6.19,6.19,https://www.amazon.com/365-Everyday-Value-Vitamin-Gallon/dp/B074VDFX51/ref=sr_1_10_us_f3_0o_wf?crid=1E2QJW9TUIM1M&dib=eyJ2IjoiMSJ9.RPWnqopsV29EblO7AuFazJsSc41QAGYuF21sf4O29VJbUoCT3cIoOWApXG2DajtTFZZNyRitv8riRgTEaOnyvNusL3Gwql0GMlRQLowYWEsEHqIVXWWWStQEDKT9ZnBM29hh3F78_recQxZ6ZPhjt80T_A5t6tExjAd8QNgaV81muC9vkjKUucDuZmUQBWWmOs3JOc-wRmU2La1KsYQMNYNiEB1uhmAg0-dtYnuXitM.bSrm0x0y7H6MADn4JqsNf96mITTaP7GDI8b5Ydz5-Tc&dib_tag=se&keywords=milk&qid=1786065799&s=samedaystore&sprefix=mil%2Csamedaystore%2C348&sr=1-10-catcorr
Amazon,B074VDMDLD,"365 by Whole Foods Market, Reduced Fat 2% Milk, 128 fl oz",365 by Whole Foods Market,True,True,False,,Gallon,128,2%,Unflavored,False,False,False,False,False,False,False,False,True,185,0,2.73,6.19,6.69,https://www.amazon.com/365-Everyday-Value-Reduced-Gallon/dp/B074VDMDLD/ref=sr_1_17_us_f3_0o_wf?crid=1E2QJW9TUIM1M&dib=eyJ2IjoiMSJ9.RPWnqopsV29EblO7AuFazJsSc41QAGYuF21sf4O29VJbUoCT3cIoOWApXG2DajtTFZZNyRitv8riRgTEaOnyvNusL3Gwql0GMlRQLowYWEsEHqIVXWWWStQEDKT9ZnBM29hh3F78_recQxZ6ZPhjt80T_A5t6tExjAd8QNgaV81muC9vkjKUucDuZmUQBWWmOs3JOc-wRmU2La1KsYQMNYNiEB1uhmAg0-dtYnuXitM.bSrm0x0y7H6MADn4JqsNf96mITTaP7GDI8b5Ydz5-Tc&dib_tag=se&keywords=milk&qid=1786065799&s=samedaystore&sprefix=mil%2Csamedaystore%2C348&sr=1-17-catcorr
Amazon,B074VDM7QQ,"365 by Whole Foods Market, Reduced Fat 2% Milk, Half Gallon",365 by Whole Foods Market,True,True,False,,Half Gallon,64,2%,Unflavored,False,False,False,False,False,False,False,False,True,178,0,1.69,3.19,3.19,https://www.amazon.com/365-Everyday-Value-Reduced-Gallon/dp/B074VDM7QQ/ref=sr_1_20_us_f3_0o_wf?crid=1E2QJW9TUIM1M&dib=eyJ2IjoiMSJ9.RPWnqopsV29EblO7AuFazJsSc41QAGYuF21sf4O29VJbUoCT3cIoOWApXG2DajtTFZZNyRitv8riRgTEaOnyvNusL3Gwql0GMlRQLowYWEsEHqIVXWWWStQEDKT9ZnBM29hh3F78_recQxZ6ZPhjt80T_A5t6tExjAd8QNgaV81muC9vkjKUucDuZmUQBWWmOs3JOc-wRmU2La1KsYQMNYNiEB1uhmAg0-dtYnuXitM.bSrm0x0y7H6MADn4JqsNf96mITTaP7GDI8b5Ydz5-Tc&dib_tag=se&keywords=milk&qid=1786065799&s=samedaystore&sprefix=mil%2Csamedaystore%2C348&sr=1-20-catcorr
Amazon,B074V3XKWF,"365 by Whole Foods Market, Whole Milk, 32 fl oz",365 by Whole Foods Market,True,True,False,,32 fl oz,32,Whole,Unflavored,False,False,False,False,False,False,False,False,True,26,0,1.59,1.59,2.19,https://www.amazon.com/365-Everyday-Value-Whole-Vitamin/dp/B074V3XKWF/ref=sr_1_15_us_f3_0o_wf?crid=1E2QJW9TUIM1M&dib=eyJ2IjoiMSJ9.RPWnqopsV29EblO7AuFazFA2O6ei8aYudgKaabVXurKYsZATVMWmgqONC9akiPCb6aRhfN4cM48PP_DWriOKo9HydCwUa9A2l79_PVKW6zSyRih0KqhNhtq-DQVVF6SrVjqoVsh7JLsT3Rp6ChU4YyYo-9BVwuphoWVg1rXIe_K_4VH-QtbeVV7ntpnivy4Zv6D0ZdEiP0zlXOVK6IMLTKrkGEMXlThC8h9ztGLH6qc.y6drrtoajqXlea3NAruy6lwOZxA24ZSH9t9yHp8oYyc&dib_tag=se&keywords=milk&qid=1786065800&s=samedaystore&sprefix=mil%2Csamedaystore%2C348&sr=1-15
Amazon,B000O6EGA0,"Organic Valley Organic Whole Milk, 32 oz",Organic Valley,True,True,False,,32 fl oz,32,Whole,Unflavored,True,False,False,False,False,False,False,False,False,147,0,3.13,3.99,4.69,https://www.amazon.com/Organic-Valley-Whole-Ultra-Pasteurized/dp/B000O6EGA0/ref=sr_1_12?crid=1E2QJW9TUIM1M&dib=eyJ2IjoiMSJ9.2SP7ZzRAHEOL4e42IE0w6Ux8wUwNuRr9ReV-UyVoDqFquZxdnEDS3nr4khfBKiMzcoslKEGHLtlKKSXcIDVujfmQEsjdTZIPfC7PC2BeRK8wYxkGAISCL1FuY33ex9QdAziN54oWJU13EPlZRTitULiIzVCUsWxEYQqiTKDYIWegKewwkU93fPQqYOfJNqkc9zY4jRDSZxIW-LyiXxwj109S1r6t14MvPcdfVAEJCuk.cenpfmRtHlDwDDZY4BVo6R3JcsEYzYOC5KpojJtGOog&dib_tag=se&keywords=milk&qid=1786065802&s=samedaystore&sprefix=mil%2Csamedaystore%2C348&sr=1-12
Amazon,B07DGSL8FX,"Amazon Grocery, Lactose Free 2% Reduced Fat Milk, Half Gallon, 64 Fl Oz",Amazon Grocery,True,True,False,,Half Gallon,64,2%,Unflavored,False,True,False,False,False,False,False,False,True,216,0,2.75,2.99,4.2,https://www.amazon.com/Amazon-Brand-Lactose-Reduced-Ultra-Pasteurized/dp/B07DGSL8FX/ref=sr_1_16_us_f3_0o_fs?crid=1E2QJW9TUIM1M&dib=eyJ2IjoiMSJ9.2SP7ZzRAHEOL4e42IE0w6Ux8wUwNuRr9ReV-UyVoDqFTm2py2ZRRvDLvn2VkWy5oLxXo9aQHfvwT3PDokcPRB457W3StISHB-pRt6-wPe45uMet68R3Tm8CK0pSeUvCJNyCqnKdC42SvdPdjuROk0m_5eWIPJwWW0XzyZBQvh4OFu4lbs3XUHjevjA54vMr58-fTU58xbr6KY8PTDfuktUVwayF4avR3b5J0Y8ovqYc.egkWAzTxnmU7_rv4dl0omNlQ_UFezb4SW6G8F6kwn0A&dib_tag=se&keywords=milk&qid=1786065805&s=samedaystore&sprefix=mil%2Csamedaystore%2C348&sr=1-16
Amazon,B00E5XMY0M,"Nestle Nido Fortificada Whole Milk Powder, 28.1 Oz",Unknown,False,False,False,powder_formula,28.1 fl oz,28.1,Whole,Unflavored,False,False,False,False,False,False,False,False,False,0,0,,,,https://www.amazon.com/Nestle-Nido-Instant-Powder-Fortificada/dp/B00E5XMY0M/ref=sr_1_15?crid=1E2QJW9TUIM1M&dib=eyJ2IjoiMSJ9.VGWId7_fiJkT1xvgG4xIhDlD4q7vK9h19Y5WJjLBQCa5A04NUlJeX0eT3X6nvIVR1HnpSZGBxK_dIGj44jkqYmvt77m9s_vGcwAw1PW6dP21Z0rHLHJ5ouSLCLlLkGKNqaDqOzxjct0AMtnE9L585fVOVhLRaiGWavhFPm61YO5yhMV0pvfH85R70uVReAOuafJVRxn2nM8Yma5PnCTZMLm-OsECFzTyvz3ngMT2GrE.p-YwC7JJ5YniNUy2NadmT_-EHd37bksq4nNQwlR1ut4&dib_tag=se&keywords=milk&qid=1786065805&s=samedaystore&sprefix=mil%2Csamedaystore%2C348&sr=1-15
Amazon,B000SRK8V6,"Pacific Foods Original Organic Almond Milk, Plant Based Milk, 32 oz Carton",Unknown,False,False,False,plant_based,32 fl oz,32,Unspecified,Unflavored,True,False,False,False,False,False,False,False,False,0,0,,,,https://www.amazon.com/Pacific-Foods-Original-Plant-Based-Beverage/dp/B000SRK8V6/ref=sr_1_16?crid=1E2QJW9TUIM1M&dib=eyJ2IjoiMSJ9.VGWId7_fiJkT1xvgG4xIhDlD4q7vK9h19Y5WJjLBQCa5A04NUlJeX0eT3X6nvIVR1HnpSZGBxK_dIGj44jkqYmvt77m9s_vGcwAw1PW6dP21Z0rHLHJ5ouSLCLlLkGKNqaDqOzxjct0AMtnE9L585fVOVhLRaiGWavhFPm61YO5yhMV0pvfH85R70uVReAOuafJVRxn2nM8Yma5PnCTZMLm-OsECFzTyvz3ngMT2GrE.p-YwC7JJ5YniNUy2NadmT_-EHd37bksq4nNQwlR1ut4&dib_tag=se&keywords=milk&qid=1786065805&s=samedaystore&sprefix=mil%2Csamedaystore%2C348&sr=1-16
Amazon,B09FBKTX32,"365 by Whole Foods Market, Organic 2% Reduced Fat Milk, 128 Ounce",365 by Whole Foods Market,True,True,False,,Gallon,128,2%,Unflavored,True,False,False,False,False,False,False,False,True,308,0,7.49,7.49,8.59,https://www.amazon.com/365-Whole-Foods-Market-Ultra-Pasteurized/dp/B09FBKTX32/ref=sr_1_9_us_f3_0o_wf?crid=1E2QJW9TUIM1M&dib=eyJ2IjoiMSJ9.4WIYEiI3mFjmVFHbleQvquczptC8QzyVNyjaoDrSebFVuXB-4HyAYujyqa3rLMgsOiDDlTqgdJdsCtA_Xt3t7fhwsNPQRiGWKRqaqP2EaE-fXOhKN4mnwlEvF0M6xSxekAlJgkvac9BoXjz4xC9mn3utR2yVrXsVbFE_C82TP9pktI4UYQIkX7ZcxrxdF_VE7NPQaq0exwk41IP2UozAYmC5Em-kk84yS0oaPyoZMqk.ygUubFud17nvOyTKn1riYSo_UhAXVoCCkGXnXwGjX58&dib_tag=se&keywords=milk&qid=1786065807&s=samedaystore&sprefix=mil%2Csamedaystore%2C348&sr=1-9
Amazon,B09FBL77P3,"365 by Whole Foods Market, Organic Whole Grade A Milk, Ultra-Pasteurized & Homogenized, 64 Ounce",365 by Whole Foods Market,True,True,False,,Half Gallon,64,Whole,Unflavored,True,False,False,False,False,False,False,False,True,309,0,3.98,4.59,4.99,https://www.amazon.com/365-WFM-Organic-Whole-Milk/dp/B09FBL77P3/ref=sr_1_7?crid=1E2QJW9TUIM1M&dib=eyJ2IjoiMSJ9.WO3oVlI8YvUypYDZegM_OnDf8CYPABPzswNpz-8lak8GIjFm6qwxs_xeZ6Hh5_eiouWVOFepe4iG39gM-tg2BW5YgZvC0tQc7O307KVLUvo3FVGGzDP-w5TW5WGLXrMo4O4d1v2noqwKJAy5yjMXeivh8Gf0m62Zs6KIzowtu0lgI_Tz9c1qU2_9UmAZ-mOoB5HjaCQmeLoh49_xBKuYfi0cG3Da-LJJjAHS6ptYjaQ.VpI4aLIok7zd-AnlKqaimo7bV7-3luuTvDGcL0yITMA&dib_tag=se&keywords=milk&qid=1786065822&s=samedaystore&sprefix=mil%2Csamedaystore%2C348&sr=1-7
Amazon,B074H54R7F,"365 by Whole Foods Market, Organic 1% Milk, 128 Ounce",365 by Whole Foods Market,True,True,False,,Gallon,128,1%,Unflavored,True,False,False,False,False,False,False,False,True,15,0,7.99,7.99,7.99,https://www.amazon.com/365-Everyday-Value-Organic-Milk/dp/B074H54R7F/ref=sr_1_10?crid=1E2QJW9TUIM1M&dib=eyJ2IjoiMSJ9.WyBEeLjZsMGJ_WXfjKSX1Z6H6jM313-LExZcwI7XUBmZqZi4jVb5usECGSzxXFIZHRYT6wLaOI5EewsHvdCAU5CRZaj656be_QP6eY5m-bmQJDZ0Exz-FjW1_kjHZ3mdCKjfkkzbCw1XCladF9oqWtcCCVuDGfC_IT8litwKk1jg2yBTtDxqPahq8d9mULY2geDTXVkiMc1cqCn_T0mXjFRyPZw_AH4XIs4fRUXt_xk.oT3xw7fgrXXHKCQaGpBfE5tgAtzNBK92_cJUpXRXhLY&dib_tag=se&keywords=milk&qid=1786065809&s=samedaystore&sprefix=mil%2Csamedaystore%2C348&sr=1-10
Amazon,B07FWN3BQB,"365 By Whole Foods Market, Organic 1% Milk, 32 Fl Oz",365 by Whole Foods Market,True,True,False,,32 fl oz,32,1%,Unflavored,True,False,False,False,False,False,False,False,True,1,0,2.99,2.99,2.99,https://www.amazon.com/365-Everyday-Value-Organic-Ounce/dp/B07FWN3BQB/ref=sr_1_13?crid=1E2QJW9TUIM1M&dib=eyJ2IjoiMSJ9.WyBEeLjZsMGJ_WXfjKSX1Z6H6jM313-LExZcwI7XUBmZqZi4jVb5usECGSzxXFIZHRYT6wLaOI5EewsHvdCAU5CRZaj656be_QP6eY5m-bmQJDZ0Exz-FjW1_kjHZ3mdCKjfkkzbCw1XCladF9oqWtcCCVuDGfC_IT8litwKk1jg2yBTtDxqPahq8d9mULY2geDTXVkiMc1cqCn_T0mXjFRyPZw_AH4XIs4fRUXt_xk.oT3xw7fgrXXHKCQaGpBfE5tgAtzNBK92_cJUpXRXhLY&dib_tag=se&keywords=milk&qid=1786065809&s=samedaystore&sprefix=mil%2Csamedaystore%2C348&sr=1-13
Amazon,B07FW267WL,"365 by Whole Foods Market Organic Reduced Fat 2% Milk, 32 FZ",365 by Whole Foods Market,True,True,False,,32 fl oz,32,2%,Unflavored,True,False,False,False,False,False,False,False,True,21,0,2.99,2.99,2.99,https://www.amazon.com/365-Everyday-Value-Reduced-Organic/dp/B07FW267WL/ref=sr_1_15?crid=1E2QJW9TUIM1M&dib=eyJ2IjoiMSJ9.WyBEeLjZsMGJ_WXfjKSX1Z6H6jM313-LExZcwI7XUBmZqZi4jVb5usECGSzxXFIZHRYT6wLaOI5EewsHvdCAU5CRZaj656be_QP6eY5m-bmQJDZ0Exz-FjW1_kjHZ3mdCKjfkkzbCw1XCladF9oqWtcCCVuDGfC_IT8litwKk1jg2yBTtDxqPahq8d9mULY2geDTXVkiMc1cqCn_T0mXjFRyPZw_AH4XIs4fRUXt_xk.oT3xw7fgrXXHKCQaGpBfE5tgAtzNBK92_cJUpXRXhLY&dib_tag=se&keywords=milk&qid=1786065809&s=samedaystore&sprefix=mil%2Csamedaystore%2C348&sr=1-15
Amazon,B0BCB5XF4M,"A2 Milk, Grassfed 2% Reduced Fat Milk, 59 Fl Oz",a2 Milk,True,True,False,,59 fl oz,59,2%,Unflavored,False,False,False,True,False,True,False,False,False,2,0,6.49,6.49,6.49,https://www.amazon.com/A2-Milk-Grass-fed-Reduced-Fat/dp/B0BCB5XF4M/ref=sr_1_16?crid=1E2QJW9TUIM1M&dib=eyJ2IjoiMSJ9.WyBEeLjZsMGJ_WXfjKSX1Z6H6jM313-LExZcwI7XUBmZqZi4jVb5usECGSzxXFIZHRYT6wLaOI5EewsHvdCAU5CRZaj656be_QP6eY5m-bmQJDZ0Exz-FjW1_kjHZ3mdCKjfkkzbCw1XCladF9oqWtcCCVuDGfC_IT8litwKk1jg2yBTtDxqPahq8d9mULY2geDTXVkiMc1cqCn_T0mXjFRyPZw_AH4XIs4fRUXt_xk.oT3xw7fgrXXHKCQaGpBfE5tgAtzNBK92_cJUpXRXhLY&dib_tag=se&keywords=milk&qid=1786065809&s=samedaystore&sprefix=mil%2Csamedaystore%2C348&sr=1-16
Amazon,B08146ZW1M,"Organic Valley Organic 2% Reduced Fat Milk, 128 oz",Organic Valley,True,True,False,,Gallon,128,2%,Unflavored,True,False,False,False,False,False,False,False,False,43,0,7.99,9.97,16.48,https://www.amazon.com/Reduced-Organic-Valley-Pasteurized-Gallon/dp/B08146ZW1M/ref=sr_1_12?crid=1E2QJW9TUIM1M&dib=eyJ2IjoiMSJ9.Ud-qHbsI9gA-R7h2dz9a_rUN4UNZc6Aa1C_C02DEXBKNKfTi1XMiDNeMd2JVW_JsvVwEQwuiL4pj8sCreXKQZ4rveY3JuICyjFTJASJxyCPfFWQI7XzOo4R-PpejWOHM2hu9e-T3sW6cb4bys1EHEB0W1CWmWF_mPY7NJ9nJsLkZRKk8XyOESB22DQY4y1du26bOL7TrekoALGViJwUCz0cL3K8okcnXnSLqW07t27Y.XqdLWlAuynqVB8G1INLRDcMSGw4qPkyQA4bLDfiuZqE&dib_tag=se&keywords=milk&qid=1786065826&s=samedaystore&sprefix=mil%2Csamedaystore%2C348&sr=1-12
Amazon,B00ICZMK7Q,"Horizon Organic Shelf Stable 1% Lowfat Strawberry Milk Boxes, 6ct | 8g Protein per Serving, 1% Lowfat, USDA Organic, No Refrigeration Required, Lunchboxes, On The Go, For Adults & Kids",Horizon Organic,False,False,True,,Unknown,,1%,Strawberry,True,False,False,False,False,False,True,False,False,0,0,,,,https://www.amazon.com/Horizon-Organic-Strawberry-Pasture-Raised-Refrigeration/dp/B00ICZMK7Q/ref=sr_1_15?crid=1E2QJW9TUIM1M&dib=eyJ2IjoiMSJ9.GQqE5CM5aZ-ngZPedbokBNLJ7xuZM2MgAmpnLhFJNYMlXt-z3xaOmZd0dfOSIl_5ZeUsT1803w_1A3CgwPWfH1kTN1yO0kI-aVzrGRvOC4vTvQM5xuBzRpH7a4EkfH5PmFRK5O4WELL6S1vwpn0xgF4jcu5cSBAVALFwu5b4uOYJXQaK2yTuMszjGljuQpt5kC1uT_AJWN2yKa58ZqO9tqkgcRp2Nm1_b7ndE3gzSbg.8QCUlKQmUKDc_2YA-QoEHO4bUggLGkopgtFk7ola3PU&dib_tag=se&keywords=milk&qid=1786065831&s=samedaystore&sprefix=mil%2Csamedaystore%2C348&sr=1-15
Amazon,B08MMDZ58V,"Family Farmstead Dairy, Milk Whole A2 Organic, 64 Ounce",Family Farmstead Dairy,True,True,False,,Half Gallon,64,Whole,Unflavored,True,False,False,True,False,False,False,False,False,3,0,7.99,7.99,7.99,https://www.amazon.com/Family-Farmstead-Dairy-Organic-Whole/dp/B08MMDZ58V/ref=sr_1_14_us_f3_0o_wf?crid=1E2QJW9TUIM1M&dib=eyJ2IjoiMSJ9.Voyn7hy1l_U3lhcGZ__P-S7RysMJLa46Jpt_xro73q4d9JPcg44rw4lcuL9V9r210z-rl8k7FNKcLuIxYjun7Jl3YvRH0DrJ0eOTUSGZqMfBrro-x0SqCqoM_iNwu1jtlrk1CXuuZHyHanHFpMikhRsfGtTfDUsex3CaQhYAMaI9StvhGkOJpOe-EHPG6itydDg7xoT_0sAvpSDw0x6A5Wv7iSfhb4TY9hvUZf5568Q.ADgT64ktVSY7_EGSeperwKkED9dj0qTqHkL_0o9PR7Y&dib_tag=se&keywords=milk&qid=1786065831&s=samedaystore&sprefix=mil%2Csamedaystore%2C348&sr=1-14
Amazon,B017AMYRXG,"Horizon Organic Shelf Stable 1% Lowfat DHA Omega-3 Chocolate Milk Boxes, Pack of 18 - 8g Protein per Serving | 8g Protein per Serving, 1% Lowfat, USDA Organic, No Refrigeration Required, Lunchboxes, On The Go, For Adults & Kids",Horizon Organic,False,False,True,,Unknown,,1%,Chocolate,True,False,False,False,True,False,True,False,False,0,0,,,,https://www.amazon.com/Horizon-Organic-Omega-3-Chocolate-Flavored/dp/B017AMYRXG/ref=sr_1_9?crid=1E2QJW9TUIM1M&dib=eyJ2IjoiMSJ9.VGWId7_fiJkT1xvgG4xIhDlD4q7vK9h19Y5WJjLBQCZunr9kH-sqXa2U0i4Aa8-u5RR4cEajqBpldOOHrDELv7v6Z07AR5bgF8NwwDfQ4Pcn6EAnz7m5dFQqlGWyJ5O-hA7VI9CrHKMnIAV2O0VY45jkiaff9XDgwLhz8gtUiwJZoLZOV-hJyUKRCdDogFgk6VroKdCkiNYoKq4IuV9uBycRAmiuQGyCsWylyuHQBwo.5veFBHF05Ss7pfz_Mw5ws_FAwOr9tb5FmyWhyd-TmSo&dib_tag=se&keywords=milk&qid=1786065832&s=samedaystore&sprefix=mil%2Csamedaystore%2C348&sr=1-9
Amazon,B07FMQCYG1,"Carnation NESTLE Evaporated Milk 17oz Tetra Carton, 204 Fl Oz, (Pack of 12)",Unknown,False,False,False,condensed_evaporated,17 fl oz,17,Unspecified,Unflavored,False,False,False,False,False,False,False,False,False,0,0,,,,https://www.amazon.com/CARNATION-Evaporate-Milk-Tetra-12x17oz/dp/B07FMQCYG1/ref=sr_1_13?crid=1E2QJW9TUIM1M&dib=eyJ2IjoiMSJ9.VGWId7_fiJkT1xvgG4xIhDlD4q7vK9h19Y5WJjLBQCZunr9kH-sqXa2U0i4Aa8-u5RR4cEajqBpldOOHrDELv7v6Z07AR5bgF8NwwDfQ4Pcn6EAnz7m5dFQqlGWyJ5O-hA7VI9CrHKMnIAV2O0VY45jkiaff9XDgwLhz8gtUiwJZoLZOV-hJyUKRCdDogFgk6VroKdCkiNYoKq4IuV9uBycRAmiuQGyCsWylyuHQBwo.5veFBHF05Ss7pfz_Mw5ws_FAwOr9tb5FmyWhyd-TmSo&dib_tag=se&keywords=milk&qid=1786065832&s=samedaystore&sprefix=mil%2Csamedaystore%2C348&sr=1-13
Amazon,B08T3N6KG8,"Planet Oat Oatmilk Without Lactose or Dairy NonGMO, Original, 32 Fl Oz (Pack of 6)",Unknown,False,False,False,"not_milk,plant_based",32 fl oz,32,Unspecified,Unflavored,False,False,False,False,False,False,False,False,False,0,0,,,,https://www.amazon.com/Planet-Oat-Original-Oatmilk-Aseptic/dp/B08T3N6KG8/ref=sr_1_14?crid=1E2QJW9TUIM1M&dib=eyJ2IjoiMSJ9.VGWId7_fiJkT1xvgG4xIhDlD4q7vK9h19Y5WJjLBQCZunr9kH-sqXa2U0i4Aa8-u5RR4cEajqBpldOOHrDELv7v6Z07AR5bgF8NwwDfQ4Pcn6EAnz7m5dFQqlGWyJ5O-hA7VI9CrHKMnIAV2O0VY45jkiaff9XDgwLhz8gtUiwJZoLZOV-hJyUKRCdDogFgk6VroKdCkiNYoKq4IuV9uBycRAmiuQGyCsWylyuHQBwo.5veFBHF05Ss7pfz_Mw5ws_FAwOr9tb5FmyWhyd-TmSo&dib_tag=se&keywords=milk&qid=1786065832&s=samedaystore&sprefix=mil%2Csamedaystore%2C348&sr=1-14
Amazon,B0CKXT4TY2,"Planet Oat, Oatmilk Extra Creamy, 32 Fl Oz",Unknown,False,False,False,"not_milk,plant_based",32 fl oz,32,Unspecified,Unflavored,False,False,False,False,False,False,False,False,False,0,0,,,,https://www.amazon.com/Planet-Oat-Extra-Creamy-Oatmilk/dp/B0CKXT4TY2/ref=sr_1_15?crid=1E2QJW9TUIM1M&dib=eyJ2IjoiMSJ9.VGWId7_fiJkT1xvgG4xIhDlD4q7vK9h19Y5WJjLBQCZunr9kH-sqXa2U0i4Aa8-u5RR4cEajqBpldOOHrDELv7v6Z07AR5bgF8NwwDfQ4Pcn6EAnz7m5dFQqlGWyJ5O-hA7VI9CrHKMnIAV2O0VY45jkiaff9XDgwLhz8gtUiwJZoLZOV-hJyUKRCdDogFgk6VroKdCkiNYoKq4IuV9uBycRAmiuQGyCsWylyuHQBwo.5veFBHF05Ss7pfz_Mw5ws_FAwOr9tb5FmyWhyd-TmSo&dib_tag=se&keywords=milk&qid=1786065832&s=samedaystore&sprefix=mil%2Csamedaystore%2C348&sr=1-15
Amazon,B074VDM7P4,"365 by Whole Foods Market, Organic Evaporated Milk, 12 oz",365 by Whole Foods Market,False,False,False,condensed_evaporated,12 fl oz,12,Whole,Unflavored,True,False,False,False,False,False,False,False,True,0,0,,,,https://www.amazon.com/365-Everyday-Value-Organic-Evaporated/dp/B074VDM7P4/ref=sr_1_16?crid=1E2QJW9TUIM1M&dib=eyJ2IjoiMSJ9.VGWId7_fiJkT1xvgG4xIhDlD4q7vK9h19Y5WJjLBQCZunr9kH-sqXa2U0i4Aa8-u5RR4cEajqBpldOOHrDELv7v6Z07AR5bgF8NwwDfQ4Pcn6EAnz7m5dFQqlGWyJ5O-hA7VI9CrHKMnIAV2O0VY45jkiaff9XDgwLhz8gtUiwJZoLZOV-hJyUKRCdDogFgk6VroKdCkiNYoKq4IuV9uBycRAmiuQGyCsWylyuHQBwo.5veFBHF05Ss7pfz_Mw5ws_FAwOr9tb5FmyWhyd-TmSo&dib_tag=se&keywords=milk&qid=1786065832&s=samedaystore&sprefix=mil%2Csamedaystore%2C348&sr=1-16
Amazon,B00CVOFQ1Q,"Horizon Organic Shelf Stable 1% Lowfat Vanilla Milk Boxes, 6ct | 8g Protein per Serving, 1% Lowfat, USDA Organic, No Refrigeration Required, Lunchboxes, On The Go, For Adults & Kids",Horizon Organic,False,False,True,,Unknown,,1%,Vanilla,True,False,False,False,False,False,True,False,False,0,0,,,,https://www.amazon.com/Horizon-Organic-Low-Milk-Vanilla/dp/B00CVOFQ1Q/ref=sr_1_1?crid=1E2QJW9TUIM1M&dib=eyJ2IjoiMSJ9.rn55hpGlUuskdQH2ZcdUuBPD70-Kwo7a1cHzrhwVO8LvpmjkR6nzZtXmlojnjRS-3hf9k0WDhzqnosBYjNztLWM9UZ9MPprjYJep2ls5NvVftTxxVqQNyS__l6JOZKUeT_czFQnfw8IBEbjRdTvEfkBo3BL1Qo-0qGjxG9MkME3X2jXH2YukE3Z8W30QrvXPTN8wHndX52_yqsjRv238qpjudcSKqsc-kKhCgKH-KjA.M6I_erYZNld7IS8MJ5XcqCldd7adw949wC5RUxVgkMY&dib_tag=se&keywords=milk&qid=1786065834&rdc=1&s=samedaystore&sprefix=mil%2Csamedaystore%2C348&sr=1-1
Amazon,B0F3PC8M53,"Weis Quality, Whole Milk Grade A, 128 Fl Oz",Weis Quality,True,True,False,,Gallon,128,Whole,Unflavored,False,False,False,False,False,False,False,False,False,43,0,3.44,5.05,6.2,https://www.amazon.com/Weis-Quality-Whole-Milk-Grade/dp/B0F3PC8M53/ref=sr_1_1_us_f3_0o_weis?crid=1E2QJW9TUIM1M&dib=eyJ2IjoiMSJ9.Ge8xAjMlWirSFllrJUAwRM8EuBcp46ayxb1hK6dlH58oA26MCjdBeOW2LpoSyqqcDjOLbPRWziwJO8aDs-Z9o4gctO3b_jHaw9Nm2gfTthniat3ln-lshLVr1rEic2WMH7zo0M07NnpNl8m_LUzUqp3Bq0l1JwHVJztwQwnLqFEuF58Gh4R9dB0aSJUYQHljzR6z4lWYvRAo9BkWlhBiQfGHg4lN7hry9aXWSdC8hUo.64SA7uOFWjs5HoDBRKwQqQB6loS-895ACOa1iFh32Vo&dib_tag=se&keywords=milk&qid=1786065836&s=samedaystore&sprefix=mil%2Csamedaystore%2C348&sr=1-1
Amazon,B0BHWS79CN,"Weis Quality, Whole Milk Grade A, 64 Fl Oz",Weis Quality,True,True,False,,Half Gallon,64,Whole,Unflavored,False,False,False,False,False,False,False,False,False,47,0,2.29,3.21,3.44,https://www.amazon.com/Weis-Quality-Whole-Milk-Grade/dp/B0BHWS79CN/ref=sr_1_2_us_f3_0o_weis?crid=1E2QJW9TUIM1M&dib=eyJ2IjoiMSJ9.Ge8xAjMlWirSFllrJUAwRM8EuBcp46ayxb1hK6dlH58oA26MCjdBeOW2LpoSyqqcDjOLbPRWziwJO8aDs-Z9o4gctO3b_jHaw9Nm2gfTthniat3ln-lshLVr1rEic2WMH7zo0M07NnpNl8m_LUzUqp3Bq0l1JwHVJztwQwnLqFEuF58Gh4R9dB0aSJUYQHljzR6z4lWYvRAo9BkWlhBiQfGHg4lN7hry9aXWSdC8hUo.64SA7uOFWjs5HoDBRKwQqQB6loS-895ACOa1iFh32Vo&dib_tag=se&keywords=milk&qid=1786065836&s=samedaystore&sprefix=mil%2Csamedaystore%2C348&sr=1-2
Amazon,B0BHWR8GWZ,"Weis Quality, Milk Grade A 2% Reduced Fat, 128 Fl Oz",Weis Quality,True,True,False,,Gallon,128,2%,Unflavored,False,False,False,False,False,False,False,False,False,45,0,3.44,5.28,6.08,https://www.amazon.com/Weis-Quality-Milk-Grade-Reduced/dp/B0BHWR8GWZ/ref=sr_1_4_us_f3_0o_weis?crid=1E2QJW9TUIM1M&dib=eyJ2IjoiMSJ9.Ge8xAjMlWirSFllrJUAwRM8EuBcp46ayxb1hK6dlH58oA26MCjdBeOW2LpoSyqqcDjOLbPRWziwJO8aDs-Z9o4gctO3b_jHaw9Nm2gfTthniat3ln-lshLVr1rEic2WMH7zo0M07NnpNl8m_LUzUqp3Bq0l1JwHVJztwQwnLqFEuF58Gh4R9dB0aSJUYQHljzR6z4lWYvRAo9BkWlhBiQfGHg4lN7hry9aXWSdC8hUo.64SA7uOFWjs5HoDBRKwQqQB6loS-895ACOa1iFh32Vo&dib_tag=se&keywords=milk&qid=1786065836&s=samedaystore&sprefix=mil%2Csamedaystore%2C348&sr=1-4
Amazon,B0BHWQNN37,"Weis Quality, Milk 2% Reduced Fat, 64 Fl Oz",Weis Quality,True,True,False,,Half Gallon,64,2%,Unflavored,False,False,False,False,False,False,False,False,False,29,0,2.29,2.98,3.44,https://www.amazon.com/Weis-Quality-Milk-Reduced-Fat/dp/B0BHWQNN37/ref=sr_1_10_us_f3_0o_weis?crid=1E2QJW9TUIM1M&dib=eyJ2IjoiMSJ9.Ge8xAjMlWirSFllrJUAwRM8EuBcp46ayxb1hK6dlH58oA26MCjdBeOW2LpoSyqqcDjOLbPRWziwJO8aDs-Z9o4gctO3b_jHaw9Nm2gfTthniat3ln-lshLVr1rEic2WMH7zo0M07NnpNl8m_LUzUqp3Bq0l1JwHVJztwQwnLqFEuF58Gh4R9dB0aSJUYQHljzR6z4lWYvRAo9BkWlhBiQfGHg4lN7hry9aXWSdC8hUo.64SA7uOFWjs5HoDBRKwQqQB6loS-895ACOa1iFh32Vo&dib_tag=se&keywords=milk&qid=1786065836&s=samedaystore&sprefix=mil%2Csamedaystore%2C348&sr=1-10
Amazon,B0BHWQJZKC,"Weis Quality, Whole Milk Grade A, 32 Fl Oz",Weis Quality,True,True,False,,32 fl oz,32,Whole,Unflavored,False,False,False,False,False,False,False,False,False,28,0,1.6,1.94,2.29,https://www.amazon.com/Weis-Quality-Whole-Milk-Grade/dp/B0BHWQJZKC/ref=sr_1_16_us_f3_0o_weis?crid=1E2QJW9TUIM1M&dib=eyJ2IjoiMSJ9.Ge8xAjMlWirSFllrJUAwRM8EuBcp46ayxb1hK6dlH58oA26MCjdBeOW2LpoSyqqcDjOLbPRWziwJO8aDs-Z9o4gctO3b_jHaw9Nm2gfTthniat3ln-lshLVr1rEic2WMH7zo0M07NnpNl8m_LUzUqp3Bq0l1JwHVJztwQwnLqFEuF58Gh4R9dB0aSJUYQHljzR6z4lWYvRAo9BkWlhBiQfGHg4lN7hry9aXWSdC8hUo.64SA7uOFWjs5HoDBRKwQqQB6loS-895ACOa1iFh32Vo&dib_tag=se&keywords=milk&qid=1786065836&s=samedaystore&sprefix=mil%2Csamedaystore%2C348&sr=1-16
Amazon,B07L51RDXM,Parmalat 2 % Reduced Fat Milk 1 Qt (Pack of 2),Parmalat,True,True,False,,32 fl oz,32,2%,Unflavored,False,False,False,False,False,False,False,False,False,186,0,11.97,12.01,14.99,https://www.amazon.com/Parmalat-Reduced-Fat-Milk-Pack/dp/B07L51RDXM/ref=sr_1_10?crid=1E2QJW9TUIM1M&dib=eyJ2IjoiMSJ9.GQqE5CM5aZ-ngZPedbokBNLJ7xuZM2MgAmpnLhFJNYOWag3WLlVOaSIWCPYyeHi6v1Hx4X_aDJOETPbF-oh2gt484Eg-vd2P8_VLJhSMGKfJQMrs2OJ8Wt9EO7vki4fldzhDmKaAt0tl4XWzH52MFRX-pmZP4Xt1qyKGChr_lPFFnwvbyzVemswP2fi6w0bIKZXlQdJBA24FbqINykcJF5GDaX_DACcZYtMEtTvjtOg.QvV3HJHePdtNOfZo064wrJR9bqjQHV_I3GtSiVf4qj4&dib_tag=se&keywords=milk&qid=1786065845&s=samedaystore&sprefix=mil%2Csamedaystore%2C348&sr=1-10
Amazon,B092P81GB8,"Dairy Maid Dairy Whole Milk, 64 Fl Oz",Dairy Maid Dairy,True,True,False,,Half Gallon,64,Whole,Unflavored,False,False,False,False,False,False,False,False,False,28,0,1.59,1.84,2.62,https://www.amazon.com/Dairy-Maid-Whole-Milk-64/dp/B092P81GB8/ref=sr_1_9?crid=1E2QJW9TUIM1M&dib=eyJ2IjoiMSJ9.2SP7ZzRAHEOL4e42IE0w6Z4J32qsXKRb_VZ5j9UHhDesLBxjNKfBxV7E9pCJ3tRApT3FnpnAL0DqnrU5W2eKQDJNL092erNm7k7ut3WnuiDL6V7JgE8eWmpgZHCDDnRm1SX0PdTIpzOrQM15WDNWs53Bq0l1JwHVJztwQwnLqFFUe54aibA1fV7T_iaETq0stfd1iS3mOYJJYo2OsbakAtsz8-9EcpQxZPaML3bstK0.3JxLgG5MkBruc-6MXSIjWq8zs8Jk-aWBPk6RCSDYhhA&dib_tag=se&keywords=milk&qid=1786065847&s=samedaystore&sprefix=mil%2Csamedaystore%2C348&sr=1-9
Amazon,B07YSWGL72,"Happy Belly Amazon Brand Low Fat Milk Half Gallon, 64 Ounce",Happy Belly,True,True,False,,Half Gallon,64,1%,Unflavored,False,False,False,False,False,False,False,False,True,4,0,1.59,1.59,1.59,https://www.amazon.com/Amazon-Brand-Lowfat-Gallon-Ounces/dp/B07YSWGL72/ref=sr_1_15?crid=1E2QJW9TUIM1M&dib=eyJ2IjoiMSJ9.2SP7ZzRAHEOL4e42IE0w6Z4J32qsXKRb_VZ5j9UHhDesLBxjNKfBxV7E9pCJ3tRApT3FnpnAL0DqnrU5W2eKQDJNL092erNm7k7ut3WnuiDL6V7JgE8eWmpgZHCDDnRm1SX0PdTIpzOrQM15WDNWs53Bq0l1JwHVJztwQwnLqFFUe54aibA1fV7T_iaETq0stfd1iS3mOYJJYo2OsbakAtsz8-9EcpQxZPaML3bstK0.3JxLgG5MkBruc-6MXSIjWq8zs8Jk-aWBPk6RCSDYhhA&dib_tag=se&keywords=milk&qid=1786065847&s=samedaystore&sprefix=mil%2Csamedaystore%2C348&sr=1-15
Amazon,B0051G7M22,"Horizon Organic Shelf Stable 1% Lowfat Vanilla Milk Boxes, 18ct | 8g Protein per Serving, 1% Lowfat, USDA Organic, No Refrigeration Required, Lunchboxes, On The Go, For Adults & Kids",Horizon Organic,False,False,True,,Unknown,,1%,Vanilla,True,False,False,False,False,False,True,False,False,0,0,,,,https://www.amazon.com/1-Vanilla-oz-18-Pack/dp/B0051G7M22/ref=sr_1_14?crid=1E2QJW9TUIM1M&dib=eyJ2IjoiMSJ9.A7fNoVZ58cuppQ8EyOXkNaw18U6_mYDzaGd_NSaIwbY5Ia58zM5oaJILyiaqhlSdik59aVq9sPdpUQX41qTmwNRWjBKD32iBpaGi4tFdQwHWun01NtmCMT6QqPqQvqWDNrXEXlZpaQ879_GS1ptDC8BF_jZGo5eGEpHcrHVv1xrZRfgA8UW7_gwSPt8blLXjnAkRh-7ifpCh8QU9xHpqqVVoHeIXRQ1R9nS3rL4Gw_M.QgbmxBSY1IhGL0QDdAS7uJmqJLug1gwMXOYfsV0uYwc&dib_tag=se&keywords=milk&qid=1786065847&s=samedaystore&sprefix=mil%2Csamedaystore%2C348&sr=1-14
Amazon,B09FBLCW3R,"365 by Whole Foods Market Organic Reduced Fat 2% Milk, 64 FZ",365 by Whole Foods Market,True,True,False,,Half Gallon,64,2%,Unflavored,True,False,False,False,False,False,False,False,True,63,0,3.18,4.58,4.99,https://www.amazon.com/365-Whole-Foods-Market-Ultra-Pasteurized/dp/B09FBLCW3R/ref=sr_1_14?crid=1E2QJW9TUIM1M&dib=eyJ2IjoiMSJ9.WqCh5094WcmNAluVfCyoHiExNWUSfG-c6R-s8uSVcCPaK9_Nj4wJNmnSt7M4uaBDXzGfSS-ihYHHDIhjZwOTeV1PVyYfrSrMxrZcdou1SQxByzSeC5Ukoyrsd-Svrxau-YsFxhMZgBRVru06C66rb2Wl-TWdsfD0GJGLyNR0Ost5CloK5t-eJna6EM_7bEOlCuN5s_e-Gw1VhtB-LiqTRokb_ptQyFbOnyAykr5tAok.PUIhSxBK6jZD-w5cd48gfnQdSzYWP1XFC3vQyHZbTJc&dib_tag=se&keywords=milk&qid=1786065862&s=samedaystore&sprefix=mil%2Csamedaystore%2C348&sr=1-14
Amazon,B00104FG2W,"Organic Valley, Organic 2% Reduced Fat Milk, Ultra Pasteurized, Quart, 32 oz",Organic Valley,True,True,False,,32 fl oz,32,2%,Unflavored,True,False,False,False,False,False,False,False,False,52,0,3.08,3.99,4.49,https://www.amazon.com/Organic-Valley-Reduced-Pasteurized-Ounces/dp/B00104FG2W/ref=sr_1_2?crid=1E2QJW9TUIM1M&dib=eyJ2IjoiMSJ9.vb3rdAQnJGfRoFV2nfww6sACy_toRZMjvlTsGTEf8tP3OVi7sgmzjWMbyQdDg4lNKOPTN1krfOw56UXhF0bss7gT4985D82sNQAwnCeGtkVuP_FVCB-tJsYCZxAR234oJd2sbPENAGPHzHnCf8NeNlxqJbzW3PYT5Vm9sRqbco3C2DJ9iMT69N1hwYAs1dTZ-NWlbmBdUBCG68nfASQshxdwFYpEMF-K_qAXwFG21sk.VfIWCkSrUlY7BxXCWB614m3Du6vuv_ZCVymkeXUXANQ&dib_tag=se&keywords=milk&qid=1786065867&s=samedaystore&sprefix=mil%2Csamedaystore%2C348&sr=1-2
Amazon,B00QM3LZD0,"fairlife 2% Chocolate Ultra-Filtered Milk, Lactose Free, 52 fl oz",fairlife,True,True,False,,52 fl oz,52,2%,Chocolate,False,True,True,False,False,False,False,False,False,52,0,4.78,4.78,4.99,https://www.amazon.com/fairlife-Chocolate-reduced-fat-milk/dp/B00QM3LZD0/ref=sr_1_3?crid=1E2QJW9TUIM1M&dib=eyJ2IjoiMSJ9.vb3rdAQnJGfRoFV2nfww6sACy_toRZMjvlTsGTEf8tP3OVi7sgmzjWMbyQdDg4lNKOPTN1krfOw56UXhF0bss7gT4985D82sNQAwnCeGtkVuP_FVCB-tJsYCZxAR234oJd2sbPENAGPHzHnCf8NeNlxqJbzW3PYT5Vm9sRqbco3C2DJ9iMT69N1hwYAs1dTZ-NWlbmBdUBCG68nfASQshxdwFYpEMF-K_qAXwFG21sk.VfIWCkSrUlY7BxXCWB614m3Du6vuv_ZCVymkeXUXANQ&dib_tag=se&keywords=milk&qid=1786065867&s=samedaystore&sprefix=mil%2Csamedaystore%2C348&sr=1-3
Amazon,B06XRRD8ZG,"Horizon Organic Lactose Free Whole Milk, 64 fl oz Half Gallon | USDA Organic Vitamin D Milk, Ultra Pasteurized, Rich, Creamy, & Delicious",Horizon Organic,True,True,False,,Half Gallon,64,Whole,Unflavored,True,True,False,False,False,False,False,False,False,32,0,4.18,6.36,6.36,https://www.amazon.com/Horizon-Organic-Fat-Free-Omega-3-Gallon/dp/B06XRRD8ZG/ref=sr_1_4?crid=1E2QJW9TUIM1M&dib=eyJ2IjoiMSJ9.vb3rdAQnJGfRoFV2nfww6sACy_toRZMjvlTsGTEf8tP3OVi7sgmzjWMbyQdDg4lNKOPTN1krfOw56UXhF0bss7gT4985D82sNQAwnCeGtkVuP_FVCB-tJsYCZxAR234oJd2sbPENAGPHzHnCf8NeNlxqJbzW3PYT5Vm9sRqbco3C2DJ9iMT69N1hwYAs1dTZ-NWlbmBdUBCG68nfASQshxdwFYpEMF-K_qAXwFG21sk.VfIWCkSrUlY7BxXCWB614m3Du6vuv_ZCVymkeXUXANQ&dib_tag=se&keywords=milk&qid=1786065867&s=samedaystore&sprefix=mil%2Csamedaystore%2C348&sr=1-4
Amazon,B07T953P12,"Horizon Organic Vitamin D 2% Reduced Fat Milk, 128 fl oz Gallon Jug | USDA Organic Vitamin D Milk, Ultra Pasteurized, Rich, Creamy, & Delicious",Horizon Organic,True,True,False,,Gallon,128,2%,Unflavored,True,False,False,False,False,False,False,False,False,15,0,6.98,6.98,6.98,https://www.amazon.com/Horizon-Milk-Up-Org-128/dp/B07T953P12/ref=sr_1_5?crid=1E2QJW9TUIM1M&dib=eyJ2IjoiMSJ9.vb3rdAQnJGfRoFV2nfww6sACy_toRZMjvlTsGTEf8tP3OVi7sgmzjWMbyQdDg4lNKOPTN1krfOw56UXhF0bss7gT4985D82sNQAwnCeGtkVuP_FVCB-tJsYCZxAR234oJd2sbPENAGPHzHnCf8NeNlxqJbzW3PYT5Vm9sRqbco3C2DJ9iMT69N1hwYAs1dTZ-NWlbmBdUBCG68nfASQshxdwFYpEMF-K_qAXwFG21sk.VfIWCkSrUlY7BxXCWB614m3Du6vuv_ZCVymkeXUXANQ&dib_tag=se&keywords=milk&qid=1786065867&s=samedaystore&sprefix=mil%2Csamedaystore%2C348&sr=1-5
Amazon,B005OKVMA8,"Lactaid, 100% Lactose Free 1% Low fat Milk, 96 Fl Oz",Lactaid,True,True,False,,96 fl oz,96,1%,Unflavored,False,True,False,False,False,False,False,False,False,43,0,4.48,6.38,6.38,https://www.amazon.com/Lactaid-1-Lowfat-Milk-96/dp/B005OKVMA8/ref=sr_1_6?crid=1E2QJW9TUIM1M&dib=eyJ2IjoiMSJ9.vb3rdAQnJGfRoFV2nfww6sACy_toRZMjvlTsGTEf8tP3OVi7sgmzjWMbyQdDg4lNKOPTN1krfOw56UXhF0bss7gT4985D82sNQAwnCeGtkVuP_FVCB-tJsYCZxAR234oJd2sbPENAGPHzHnCf8NeNlxqJbzW3PYT5Vm9sRqbco3C2DJ9iMT69N1hwYAs1dTZ-NWlbmBdUBCG68nfASQshxdwFYpEMF-K_qAXwFG21sk.VfIWCkSrUlY7BxXCWB614m3Du6vuv_ZCVymkeXUXANQ&dib_tag=se&keywords=milk&qid=1786065867&s=samedaystore&sprefix=mil%2Csamedaystore%2C348&sr=1-6
Amazon,B000QJC5RG,"Meyenberg Goat Milk, Whole, Quart, 32 oz",Unknown,False,False,False,goat_other,32 fl oz,32,Whole,Unflavored,False,False,False,False,False,False,False,False,False,0,0,,,,https://www.amazon.com/Meyenberg-Goat-Milk-Whole-Quart/dp/B000QJC5RG/ref=sr_1_7?crid=1E2QJW9TUIM1M&dib=eyJ2IjoiMSJ9.vb3rdAQnJGfRoFV2nfww6sACy_toRZMjvlTsGTEf8tP3OVi7sgmzjWMbyQdDg4lNKOPTN1krfOw56UXhF0bss7gT4985D82sNQAwnCeGtkVuP_FVCB-tJsYCZxAR234oJd2sbPENAGPHzHnCf8NeNlxqJbzW3PYT5Vm9sRqbco3C2DJ9iMT69N1hwYAs1dTZ-NWlbmBdUBCG68nfASQshxdwFYpEMF-K_qAXwFG21sk.VfIWCkSrUlY7BxXCWB614m3Du6vuv_ZCVymkeXUXANQ&dib_tag=se&keywords=milk&qid=1786065867&s=samedaystore&sprefix=mil%2Csamedaystore%2C348&sr=1-7
Amazon,B00DM09G64,"Nesquik Lowfat Strawberry Milk, 14 Fl Oz | Ready to drink strawberry lowfat milk; 14 fl oz bottle",Nesquik,True,True,False,,14 fl oz,14,1%,Strawberry,False,False,False,False,False,False,False,False,False,17,0,1.48,1.48,1.48,https://www.amazon.com/Nesquik-Ready-Drink-Strawberry-14/dp/B00DM09G64/ref=sr_1_8?crid=1E2QJW9TUIM1M&dib=eyJ2IjoiMSJ9.vb3rdAQnJGfRoFV2nfww6sACy_toRZMjvlTsGTEf8tP3OVi7sgmzjWMbyQdDg4lNKOPTN1krfOw56UXhF0bss7gT4985D82sNQAwnCeGtkVuP_FVCB-tJsYCZxAR234oJd2sbPENAGPHzHnCf8NeNlxqJbzW3PYT5Vm9sRqbco3C2DJ9iMT69N1hwYAs1dTZ-NWlbmBdUBCG68nfASQshxdwFYpEMF-K_qAXwFG21sk.VfIWCkSrUlY7BxXCWB614m3Du6vuv_ZCVymkeXUXANQ&dib_tag=se&keywords=milk&qid=1786065867&s=samedaystore&sprefix=mil%2Csamedaystore%2C348&sr=1-8
Amazon,B08LFSLCVC,"Organic Valley Organic Chocolate Milk, 1%, Lactose-Free, 64 oz",Organic Valley,True,True,False,,Half Gallon,64,1%,Chocolate,True,True,False,False,False,False,False,False,False,27,0,6.79,6.79,7.69,https://www.amazon.com/Organic-Valley-Lactose-Lowfat-Chocolate/dp/B08LFSLCVC/ref=sr_1_9?crid=1E2QJW9TUIM1M&dib=eyJ2IjoiMSJ9.vb3rdAQnJGfRoFV2nfww6sACy_toRZMjvlTsGTEf8tP3OVi7sgmzjWMbyQdDg4lNKOPTN1krfOw56UXhF0bss7gT4985D82sNQAwnCeGtkVuP_FVCB-tJsYCZxAR234oJd2sbPENAGPHzHnCf8NeNlxqJbzW3PYT5Vm9sRqbco3C2DJ9iMT69N1hwYAs1dTZ-NWlbmBdUBCG68nfASQshxdwFYpEMF-K_qAXwFG21sk.VfIWCkSrUlY7BxXCWB614m3Du6vuv_ZCVymkeXUXANQ&dib_tag=se&keywords=milk&qid=1786065867&s=samedaystore&sprefix=mil%2Csamedaystore%2C348&sr=1-9
Amazon,B0DVC5JNQ7,"Sunnyside Farms, Whole Milk (Plastic Carton), 64 Fl Oz",Sunnyside Farms,True,True,False,,Half Gallon,64,Whole,Unflavored,False,False,False,False,False,False,False,False,False,36,0,3.19,3.79,3.79,https://www.amazon.com/Sunnyside-Farms-Whole-Plastic-Carton/dp/B0DVC5JNQ7/ref=sr_1_2_us_f3_0o_savem?crid=1E2QJW9TUIM1M&dib=eyJ2IjoiMSJ9.yhgsyuaxay-u7_tRfr2Qy72MRckt8ykKtoWybLQ1DraUf7JoZWbnRJJTLxfssW1L7X_auVGq_8h1TCIs-lPlkS2cAE9A3UugAoRPw_12H8ss9uqt5G8fWgh9dnaJddF6Uh3UtskN6jOJJ9Z42lHdV6CdNM72HJPUqpZVvl7R4UgddADicVW0YL5vgJ8FFFu8JDGFZkahW26LWB0kcE_8Z9eLnWPbq0bKyhyCCwoDs18.7qi7knzzB737IeV8WU2DjYW6XsN3nWxqtlN6-t-9Qto&dib_tag=se&keywords=milk&qid=1786065880&s=samedaystore&sprefix=mil%2Csamedaystore%2C348&sr=1-2
Amazon,B0DVC6M5HS,"Bay View, 2% Reduced Fat Milk, 128 OZ",Bay View,True,True,False,,Gallon,128,2%,Unflavored,False,False,False,False,False,False,False,False,False,36,0,4.49,5.79,5.79,https://www.amazon.com/Bay-View-Reduced-Fat-Milk/dp/B0DVC6M5HS/ref=sr_1_3_us_f3_0o_savem?crid=1E2QJW9TUIM1M&dib=eyJ2IjoiMSJ9.yhgsyuaxay-u7_tRfr2Qy72MRckt8ykKtoWybLQ1DraUf7JoZWbnRJJTLxfssW1L7X_auVGq_8h1TCIs-lPlkS2cAE9A3UugAoRPw_12H8ss9uqt5G8fWgh9dnaJddF6Uh3UtskN6jOJJ9Z42lHdV6CdNM72HJPUqpZVvl7R4UgddADicVW0YL5vgJ8FFFu8JDGFZkahW26LWB0kcE_8Z9eLnWPbq0bKyhyCCwoDs18.7qi7knzzB737IeV8WU2DjYW6XsN3nWxqtlN6-t-9Qto&dib_tag=se&keywords=milk&qid=1786065880&s=samedaystore&sprefix=mil%2Csamedaystore%2C348&sr=1-3
Amazon,B074VDQFQC,"365 by Whole Foods Market, Whole Milk, Gallon, 128 fl oz",365 by Whole Foods Market,True,True,False,,Gallon,128,Whole,Unflavored,False,False,False,False,False,False,False,False,True,21,0,4.49,4.49,4.49,https://www.amazon.com/365-Everyday-Value-Vitamin-Gallon/dp/B074VDQFQC/ref=sr_1_6_us_f3_0o_wf?crid=1E2QJW9TUIM1M&dib=eyJ2IjoiMSJ9.yhgsyuaxay-u7_tRfr2Qy72MRckt8ykKtoWybLQ1DraUf7JoZWbnRJJTLxfssW1L7X_auVGq_8h1TCIs-lPlkS2cAE9A3UugAoRPw_12H8ss9uqt5G8fWgh9dnaJddF6Uh3UtskN6jOJJ9Z42lHdV6CdNM72HJPUqpZVvl7R4UgddADicVW0YL5vgJ8FFFu8JDGFZkahW26LWB0kcE_8Z9eLnWPbq0bKyhyCCwoDs18.7qi7knzzB737IeV8WU2DjYW6XsN3nWxqtlN6-t-9Qto&dib_tag=se&keywords=milk&qid=1786065880&s=samedaystore&sprefix=mil%2Csamedaystore%2C348&sr=1-6
Amazon,B00GSL2RRO,"Clover Sonoma, Organic Whole Milk Gallon, 128 oz",Clover Sonoma,True,True,False,,Gallon,128,Whole,Unflavored,True,False,False,False,False,False,False,False,False,51,0,8.99,9.99,11.49,https://www.amazon.com/Clover-Sonoma-Organic-Whole-Gallon/dp/B00GSL2RRO/ref=sr_1_8_us_f3_0o_wf?crid=1E2QJW9TUIM1M&dib=eyJ2IjoiMSJ9.yhgsyuaxay-u7_tRfr2Qy72MRckt8ykKtoWybLQ1DraUf7JoZWbnRJJTLxfssW1L7X_auVGq_8h1TCIs-lPlkS2cAE9A3UugAoRPw_12H8ss9uqt5G8fWgh9dnaJddF6Uh3UtskN6jOJJ9Z42lHdV6CdNM72HJPUqpZVvl7R4UgddADicVW0YL5vgJ8FFFu8JDGFZkahW26LWB0kcE_8Z9eLnWPbq0bKyhyCCwoDs18.7qi7knzzB737IeV8WU2DjYW6XsN3nWxqtlN6-t-9Qto&dib_tag=se&keywords=milk&qid=1786065880&s=samedaystore&sprefix=mil%2Csamedaystore%2C348&sr=1-8
Amazon,B0DVC5M1YZ,"Sunnyside Farms, 2% Reduced Fat Milk, 128 Ounce",Sunnyside Farms,True,True,False,,Gallon,128,2%,Unflavored,False,False,False,False,False,False,False,False,False,30,0,5.49,6.49,6.49,https://www.amazon.com/Sunnyside-Farms-Reduced-Milk-Ounce/dp/B0DVC5M1YZ/ref=sr_1_10_us_f3_0o_savem?crid=1E2QJW9TUIM1M&dib=eyJ2IjoiMSJ9.yhgsyuaxay-u7_tRfr2Qy72MRckt8ykKtoWybLQ1DraUf7JoZWbnRJJTLxfssW1L7X_auVGq_8h1TCIs-lPlkS2cAE9A3UugAoRPw_12H8ss9uqt5G8fWgh9dnaJddF6Uh3UtskN6jOJJ9Z42lHdV6CdNM72HJPUqpZVvl7R4UgddADicVW0YL5vgJ8FFFu8JDGFZkahW26LWB0kcE_8Z9eLnWPbq0bKyhyCCwoDs18.7qi7knzzB737IeV8WU2DjYW6XsN3nWxqtlN6-t-9Qto&dib_tag=se&keywords=milk&qid=1786065880&s=samedaystore&sprefix=mil%2Csamedaystore%2C348&sr=1-10
Amazon,B0BJ3BH7SM,"365 by Whole Foods Market Organic Reduced Fat 2% Milk, 1 GL",365 by Whole Foods Market,True,True,False,,Gallon,128,2%,Unflavored,True,False,False,False,False,False,False,False,True,44,0,7.79,7.79,9.49,https://www.amazon.com/365-Whole-Foods-Market-Organic/dp/B0BJ3BH7SM/ref=sr_1_12_us_f3_0o_wf?crid=1E2QJW9TUIM1M&dib=eyJ2IjoiMSJ9.yhgsyuaxay-u7_tRfr2Qy72MRckt8ykKtoWybLQ1DraUf7JoZWbnRJJTLxfssW1L7X_auVGq_8h1TCIs-lPlkS2cAE9A3UugAoRPw_12H8ss9uqt5G8fWgh9dnaJddF6Uh3UtskN6jOJJ9Z42lHdV6CdNM72HJPUqpZVvl7R4UgddADicVW0YL5vgJ8FFFu8JDGFZkahW26LWB0kcE_8Z9eLnWPbq0bKyhyCCwoDs18.7qi7knzzB737IeV8WU2DjYW6XsN3nWxqtlN6-t-9Qto&dib_tag=se&keywords=milk&qid=1786065880&s=samedaystore&sprefix=mil%2Csamedaystore%2C348&sr=1-12
Amazon,B0BLZVXYY3,"Organic Valley Organic Whole Milk, 128 oz",Organic Valley,True,True,False,,Gallon,128,Whole,Unflavored,True,False,False,False,False,False,False,False,False,19,0,9.99,9.99,11.49,https://www.amazon.com/Organic-Valley-UHT-Whole-Milk/dp/B0BLZVXYY3/ref=sr_1_14_us_f3_0o_wf?crid=1E2QJW9TUIM1M&dib=eyJ2IjoiMSJ9.yhgsyuaxay-u7_tRfr2Qy72MRckt8ykKtoWybLQ1DraUf7JoZWbnRJJTLxfssW1L7X_auVGq_8h1TCIs-lPlkS2cAE9A3UugAoRPw_12H8ss9uqt5G8fWgh9dnaJddF6Uh3UtskN6jOJJ9Z42lHdV6CdNM72HJPUqpZVvl7R4UgddADicVW0YL5vgJ8FFFu8JDGFZkahW26LWB0kcE_8Z9eLnWPbq0bKyhyCCwoDs18.7qi7knzzB737IeV8WU2DjYW6XsN3nWxqtlN6-t-9Qto&dib_tag=se&keywords=milk&qid=1786065880&s=samedaystore&sprefix=mil%2Csamedaystore%2C348&sr=1-14
Amazon,B00G0JHHNS,"Horizon Organic, Milk Whole DHA Organic, 64 Fl Oz | USDA Organic Vitamin D Milk, Ultra Pasteurized, Rich, Creamy, & Delicious",Horizon Organic,True,True,False,,Half Gallon,64,Whole,Unflavored,True,False,False,False,True,False,False,False,False,78,0,5.99,6.99,8.49,https://www.amazon.com/Horizon-Organic-Omega-3-Pasteurized-Support/dp/B00G0JHHNS/ref=sr_1_16_us_f3_0o_savem?crid=1E2QJW9TUIM1M&dib=eyJ2IjoiMSJ9.yhgsyuaxay-u7_tRfr2Qy72MRckt8ykKtoWybLQ1DraUf7JoZWbnRJJTLxfssW1L7X_auVGq_8h1TCIs-lPlkS2cAE9A3UugAoRPw_12H8ss9uqt5G8fWgh9dnaJddF6Uh3UtskN6jOJJ9Z42lHdV6CdNM72HJPUqpZVvl7R4UgddADicVW0YL5vgJ8FFFu8JDGFZkahW26LWB0kcE_8Z9eLnWPbq0bKyhyCCwoDs18.7qi7knzzB737IeV8WU2DjYW6XsN3nWxqtlN6-t-9Qto&dib_tag=se&keywords=milk&qid=1786065880&s=samedaystore&sprefix=mil%2Csamedaystore%2C348&sr=1-16
Amazon,B00ZRWBS7K,NESTLE KLIM Powdered Milk PREBIO 56.4 Ounce (Pack of 1),Unknown,False,False,False,powder_formula,56.4 fl oz,56.4,Unspecified,Unflavored,False,False,False,False,False,False,False,False,False,0,0,,,,https://www.amazon.com/NESTLE-KLIM-Powdered-PREBIO-6x1600g/dp/B00ZRWBS7K/ref=sr_1_15?crid=1E2QJW9TUIM1M&dib=eyJ2IjoiMSJ9.k2g4li4rSBdW0OSLYeZ2MUpUDsI-ToWVcHZu166br32ESit7GT_NryGn_X_uXrhER8LrY--rG08YjrWDYjTRduGpJMekZzskHmsbFMPF9604Bjs-WVbF1DugwvI4hxOi0yq0ZzZA_mGUt4M-B1xNlUXBLU3dAuZIQVtletKtIEZp9_qmoDlFQZAVft1w80aTTn9KWIe__A9rai7SouVL6TCnA-Ek-7e1TzMVop1d2F4.7QOCPVvw94GMnGCWSrVcPthXA6VxuTNuW_zFWrqTaY0&dib_tag=se&keywords=milk&qid=1786065888&s=samedaystore&sprefix=mil%2Csamedaystore%2C348&sr=1-15
Amazon,B0019K981W,"Horizon Organic Shelf Stable 1% Lowfat Vanilla Milk Boxes, 12ct | 8g Protein per Serving, 1% Lowfat, USDA Organic, No Refrigeration Required, Lunchboxes, On The Go, For Adults & Kids",Horizon Organic,False,False,True,,Unknown,,1%,Vanilla,True,False,False,False,False,False,True,False,False,0,0,,,,https://www.amazon.com/Horizon-Organic-Milk-Vanilla-Ounce/dp/B0019K981W/ref=sr_1_15?crid=1E2QJW9TUIM1M&dib=eyJ2IjoiMSJ9.rn55hpGlUuskdQH2ZcdUuBPD70-Kwo7a1cHzrhwVO8LvpmjkR6nzZtXmlojnjRS-3hf9k0WDhzqnosBYjNztLWM9UZ9MPprjYJep2ls5NvVftTxxVqQNyS__l6JOZKUeT_czFQnfw8IBEbjRdTvEfiphrEyPc-5lLxKdHP8nUqkQuZIxTKggKs89Oe3MT365Wpbx2IKcDpZXgSBnJUM8gZdNvLK9ZrM9n3sVllIpvyQ.pJWNO9oOdXXgCyLYZzmp0r89z5EF2217nVdzMhKbtOs&dib_tag=se&keywords=milk&qid=1786065903&s=samedaystore&sprefix=mil%2Csamedaystore%2C348&sr=1-15
Amazon,B005OKW7BQ,"Kemps Select 2% Milk Gallon, 128 Fl Oz",Kemps,True,True,False,,Gallon,128,2%,Unflavored,False,False,False,False,False,False,False,False,False,61,0,4.59,4.99,5.29,https://www.amazon.com/Kemps-2-Select-Milk-Gallon/dp/B005OKW7BQ/ref=sr_1_9?crid=1E2QJW9TUIM1M&dib=eyJ2IjoiMSJ9.WO3oVlI8YvUypYDZegM_Omjer5GZxZSW4bR3QCmzV21WNqsHsMkwhJy_kzY-Df0-WpqEuZJbPK5_XH7ZlLpgtb3aJ_mR4nPv5U-d7UZ7lERAVkpVAZEAQmvwIqhpeOxY_pnaw_qprimA-vYSWoC2itDt3162pfaEXgY7ofChtFIfe25f3K2ubH7mID0AsCPGG1jni6mUqwv2c1Vt1KkE-DBuLNEooUAEX4follVVTPY.6o8NxR0xXe2njxThphE2sF8_4WEJv1lNyn2_h0nzN0U&dib_tag=se&keywords=milk&qid=1786065904&s=samedaystore&sprefix=mil%2Csamedaystore%2C348&sr=1-9
Amazon,B00OBMBJEO,"Kemps Select Whole Milk Gallon, 128 Fl Oz",Kemps,True,True,False,,Gallon,128,Whole,Unflavored,False,False,False,False,False,False,False,False,False,44,0,4.79,5.29,5.29,https://www.amazon.com/Kemps-Whole-Select-Milk-Gallon/dp/B00OBMBJEO/ref=sr_1_16?crid=1E2QJW9TUIM1M&dib=eyJ2IjoiMSJ9.WO3oVlI8YvUypYDZegM_Omjer5GZxZSW4bR3QCmzV21WNqsHsMkwhJy_kzY-Df0-WpqEuZJbPK5_XH7ZlLpgtb3aJ_mR4nPv5U-d7UZ7lERAVkpVAZEAQmvwIqhpeOxY_pnaw_qprimA-vYSWoC2itDt3162pfaEXgY7ofChtFIfe25f3K2ubH7mID0AsCPGG1jni6mUqwv2c1Vt1KkE-DBuLNEooUAEX4follVVTPY.6o8NxR0xXe2njxThphE2sF8_4WEJv1lNyn2_h0nzN0U&dib_tag=se&keywords=milk&qid=1786065904&s=samedaystore&sprefix=mil%2Csamedaystore%2C348&sr=1-16
Amazon,B0BP955YQY,"Schreiber Shelf Stable Milk, 1% with Vitamin A & D, 32oz (6 Pack)",Unknown,False,False,True,,32 fl oz,32,1%,Unflavored,False,False,False,False,False,False,False,False,False,0,0,,,,https://www.amazon.com/Schreiber-Milk-Shelf-Stable-Vitamin/dp/B0BP955YQY/ref=sr_1_12?crid=1E2QJW9TUIM1M&dib=eyJ2IjoiMSJ9.jNu6zvup7aWLLgSP3--Cz1v4oH_G_yBj_RNlJ27kHd58_tr5QkuLGBlSq5UuhHARRkuAsSSxhMc2ne8Lo-RcXkLytKT4BeiQp3lgMhBoFARRk8aLx8BpyuIzxs6qdV-VASfZQx7Vo6uJBAOMRz-wEo3zznhn6tncytrK-IKOCHwzWdFKW055FWXCnC0btVn3hxj91IynzoAXBKl-ccLfDomYcAUzdCbGoGh3PZg5JE4.vTJuKx-DcUE1oysCEAQUPyr3LT1FSPGlR-xWxes-Rzg&dib_tag=se&keywords=milk&qid=1786066061&s=samedaystore&sprefix=mil%2Csamedaystore%2C348&sr=1-12
Amazon,B075K1MQZ8,"Amazon Grocery, Whole Milk, 1 Gallon, 128 Fl Oz",Amazon Grocery,True,True,False,,Gallon,128,Whole,Unflavored,False,False,False,False,False,False,False,False,True,30,0,3.73,3.73,3.73,https://www.amazon.com/Amazon-Brand-Happy-Gallon-Ounces/dp/B075K1MQZ8/ref=sr_1_1?crid=1E2QJW9TUIM1M&dib=eyJ2IjoiMSJ9.Njn3UA2MSx10sNuqR9TezkhaOP8D26ZP7-uUZVAkhf3vDdk7MqFgckJ2P45wyS9NYclR7_dAeSEqEqI8Vc8Onpj8hn_wgKCvU8pjik1A8FXTbia7Oo53ZRa4eGVoWJzev1oKocEKtMkvkGvAlTH2HDM4gasFWndkxQhUaaKUNUwttP3zuHCJmIYl6Vgohy3MkTWlaKoFO2nqLpAXrDKQpWOKPi41CC_IZkcQi3a3k2Q.n_t3Vrhe_guHeAihIugiKVPhtZmG1jCM55Tg-enZmpM&dib_tag=se&keywords=milk&qid=1786065911&s=samedaystore&sprefix=mil%2Csamedaystore%2C348&sr=1-1
Amazon,B075JYTT8P,"Amazon Grocery, 2% Reduced Fat Milk, 1 Gallon, 128 Fl Oz",Amazon Grocery,True,True,False,,Gallon,128,2%,Unflavored,False,False,False,False,False,False,False,False,True,30,0,3.58,3.58,3.58,https://www.amazon.com/Grocery-Previously-Happy-Belly-Packaging/dp/B075JYTT8P/ref=sr_1_2?crid=1E2QJW9TUIM1M&dib=eyJ2IjoiMSJ9.Njn3UA2MSx10sNuqR9TezkhaOP8D26ZP7-uUZVAkhf3vDdk7MqFgckJ2P45wyS9NYclR7_dAeSEqEqI8Vc8Onpj8hn_wgKCvU8pjik1A8FXTbia7Oo53ZRa4eGVoWJzev1oKocEKtMkvkGvAlTH2HDM4gasFWndkxQhUaaKUNUwttP3zuHCJmIYl6Vgohy3MkTWlaKoFO2nqLpAXrDKQpWOKPi41CC_IZkcQi3a3k2Q.n_t3Vrhe_guHeAihIugiKVPhtZmG1jCM55Tg-enZmpM&dib_tag=se&keywords=milk&qid=1786065911&s=samedaystore&sprefix=mil%2Csamedaystore%2C348&sr=1-2
Amazon,B075JZJ53X,"Amazon Grocery, Whole Milk, Half Gallon, 64 Fl Oz",Amazon Grocery,True,True,False,,Half Gallon,64,Whole,Unflavored,False,False,False,False,False,False,False,False,True,30,0,2.18,2.18,2.18,https://www.amazon.com/Amazon-Brand-Happy-Gallon-Ounces/dp/B075JZJ53X/ref=sr_1_3?crid=1E2QJW9TUIM1M&dib=eyJ2IjoiMSJ9.Njn3UA2MSx10sNuqR9TezkhaOP8D26ZP7-uUZVAkhf3vDdk7MqFgckJ2P45wyS9NYclR7_dAeSEqEqI8Vc8Onpj8hn_wgKCvU8pjik1A8FXTbia7Oo53ZRa4eGVoWJzev1oKocEKtMkvkGvAlTH2HDM4gasFWndkxQhUaaKUNUwttP3zuHCJmIYl6Vgohy3MkTWlaKoFO2nqLpAXrDKQpWOKPi41CC_IZkcQi3a3k2Q.n_t3Vrhe_guHeAihIugiKVPhtZmG1jCM55Tg-enZmpM&dib_tag=se&keywords=milk&qid=1786065911&s=samedaystore&sprefix=mil%2Csamedaystore%2C348&sr=1-3
Amazon,B075JYTT94,"Amazon Grocery, 2% Reduced Fat Milk, Half Gallon, 64 Fl Oz",Amazon Grocery,True,True,False,,Half Gallon,64,2%,Unflavored,False,False,False,False,False,False,False,False,True,30,0,2.18,2.18,2.18,https://www.amazon.com/Grocery-Previously-Happy-Belly-Packaging/dp/B075JYTT94/ref=sr_1_5?crid=1E2QJW9TUIM1M&dib=eyJ2IjoiMSJ9.Njn3UA2MSx10sNuqR9TezkhaOP8D26ZP7-uUZVAkhf3vDdk7MqFgckJ2P45wyS9NYclR7_dAeSEqEqI8Vc8Onpj8hn_wgKCvU8pjik1A8FXTbia7Oo53ZRa4eGVoWJzev1oKocEKtMkvkGvAlTH2HDM4gasFWndkxQhUaaKUNUwttP3zuHCJmIYl6Vgohy3MkTWlaKoFO2nqLpAXrDKQpWOKPi41CC_IZkcQi3a3k2Q.n_t3Vrhe_guHeAihIugiKVPhtZmG1jCM55Tg-enZmpM&dib_tag=se&keywords=milk&qid=1786065911&s=samedaystore&sprefix=mil%2Csamedaystore%2C348&sr=1-5
Amazon,B07SX36KZZ,"Oatly, Milk Oat Full Fat, 64 Fl Oz | Plant-Based Made from Oats, Milk Alternative, Vegan, Non-GMO, Gluten Free, Kosher",Unknown,False,False,False,plant_based,Half Gallon,64,Unspecified,Unflavored,False,False,False,False,False,False,False,False,False,0,0,,,,https://www.amazon.com/Oatly-Milk-Oat-Full-Fat/dp/B07SX36KZZ/ref=sr_1_16?crid=1E2QJW9TUIM1M&dib=eyJ2IjoiMSJ9.Njn3UA2MSx10sNuqR9TezkhaOP8D26ZP7-uUZVAkhf3vDdk7MqFgckJ2P45wyS9NYclR7_dAeSEqEqI8Vc8Onpj8hn_wgKCvU8pjik1A8FXTbia7Oo53ZRa4eGVoWJzev1oKocEKtMkvkGvAlTH2HDM4gasFWndkxQhUaaKUNUwttP3zuHCJmIYl6Vgohy3MkTWlaKoFO2nqLpAXrDKQpWOKPi41CC_IZkcQi3a3k2Q.n_t3Vrhe_guHeAihIugiKVPhtZmG1jCM55Tg-enZmpM&dib_tag=se&keywords=milk&qid=1786065911&s=samedaystore&sprefix=mil%2Csamedaystore%2C348&sr=1-16
Amazon,B000LKZ3GA,"Horizon Organic Shelf Stable 1% Lowfat Chocolate Milk Boxes, 18ct | 8g Protein per Serving, 1% Lowfat, USDA Organic, No Refrigeration Required, Lunchboxes, On The Go, For Adults & Kids",Horizon Organic,False,False,True,,Unknown,,1%,Chocolate,True,False,False,False,False,False,True,False,False,0,0,,,,https://www.amazon.com/Horizon-Organic-Lowfat-Chocolate-Flavored/dp/B000LKZ3GA/ref=sr_1_11?crid=1E2QJW9TUIM1M&dib=eyJ2IjoiMSJ9.rkyeKwD8IgsMsgb1yU0AcmWuS8LFNUpRKCuIhkEYzRak8SzHpL-QwabezKq4dbzrpaHF34CZntJjJCPIsvvq0mJPyttzxLLq6z-QY2ORqsGI6fC5qhOf6MUMQQva3cVnDxDa5S6rFuoPP6WzeLr9VSnoLI3R4S13eKen_drOADD6xve-li7A_WsH6R4EVBFjNhwDtivEwcCTePiMgd9KRWGYIC5fhvGXmLpCEh-MJ40.vw8Syz-c8DlyjsPCooX0prQVyuxlGbIaRdoThfPDHF8&dib_tag=se&keywords=milk&qid=1786065928&rdc=1&s=samedaystore&sprefix=mil%2Csamedaystore%2C348&sr=1-11
Amazon,B08G74RBB5,"Alta Dena, Milk Homogenized, 64 Fl Oz",Alta Dena,True,False,False,,Half Gallon,64,Unspecified,Unflavored,False,False,False,False,False,False,False,False,False,22,0,1.88,1.88,4.39,https://www.amazon.com/ALTA-DENA-Homogenized-Milk-64/dp/B08G74RBB5/ref=sr_1_5?crid=1E2QJW9TUIM1M&dib=eyJ2IjoiMSJ9.1pFg7_L-Zg_wJDGjA6UQTwoPcVB0sEKDTz7WmfztyeVZS4DB4Kn4YNeI54Hxw79RB1DV36JgcQT_9yTh_AZtwUGNEGXXP_d2ZUZ44DE_-zLOXWVMs5Vf1IsxfxnU48u-fXdWuStPEqjBVRT4XSmeG2Ghb3DuWalV673FumkVGC9siibvZh--aDKWRKdW3wsqTw_irpjisGdY0Z2WgxkHOfYpZ233AZYpeVJZvZIrNX0.CnB99pFN_2I_WapfjL7X4TxR2C6z33aBe3zGwFuKJcE&dib_tag=se&keywords=milk&qid=1786065935&s=samedaystore&sprefix=mil%2Csamedaystore%2C348&sr=1-5
Amazon,B08G75PKP9,"Alta Dena 2% Milk with Vitamin A and Vitamin D, Gallon 1 Jug, Reduced Fat Milk, unflavoured",Alta Dena,True,True,False,,Gallon,128,2%,Unflavored,False,False,False,False,False,False,False,False,False,4,0,4.99,5.88,5.88,https://www.amazon.com/Alta-Dena-Vitamin-Reduced-Unflavored/dp/B08G75PKP9/ref=sr_1_8?crid=1E2QJW9TUIM1M&dib=eyJ2IjoiMSJ9.1pFg7_L-Zg_wJDGjA6UQTwoPcVB0sEKDTz7WmfztyeVZS4DB4Kn4YNeI54Hxw79RB1DV36JgcQT_9yTh_AZtwUGNEGXXP_d2ZUZ44DE_-zLOXWVMs5Vf1IsxfxnU48u-fXdWuStPEqjBVRT4XSmeG2Ghb3DuWalV673FumkVGC9siibvZh--aDKWRKdW3wsqTw_irpjisGdY0Z2WgxkHOfYpZ233AZYpeVJZvZIrNX0.CnB99pFN_2I_WapfjL7X4TxR2C6z33aBe3zGwFuKJcE&dib_tag=se&keywords=milk&qid=1786065935&s=samedaystore&sprefix=mil%2Csamedaystore%2C348&sr=1-8
Amazon,B00CIZCMLA,"Organic Valley, Organic Whole Milk, 64 Oz (Half Gallon)",Organic Valley,True,True,False,,Half Gallon,64,Whole,Unflavored,True,False,False,False,False,False,False,False,False,56,0,4.99,4.99,7.99,https://www.amazon.com/Organic-Valley-Whole-Pasteurized-Gallon/dp/B00CIZCMLA/ref=sr_1_10?crid=1E2QJW9TUIM1M&dib=eyJ2IjoiMSJ9.1pFg7_L-Zg_wJDGjA6UQTwoPcVB0sEKDTz7WmfztyeVZS4DB4Kn4YNeI54Hxw79RB1DV36JgcQT_9yTh_AZtwUGNEGXXP_d2ZUZ44DE_-zLOXWVMs5Vf1IsxfxnU48u-fXdWuStPEqjBVRT4XSmeG2Ghb3DuWalV673FumkVGC9siibvZh--aDKWRKdW3wsqTw_irpjisGdY0Z2WgxkHOfYpZ233AZYpeVJZvZIrNX0.CnB99pFN_2I_WapfjL7X4TxR2C6z33aBe3zGwFuKJcE&dib_tag=se&keywords=milk&qid=1786065935&s=samedaystore&sprefix=mil%2Csamedaystore%2C348&sr=1-10
Amazon,B08C8HQYNT,"Amazon Grocery, 1% Low Fat Milk, Half Gallon, 64 Fl Oz",Amazon Grocery,True,True,False,,Half Gallon,64,1%,Unflavored,False,False,False,False,False,False,False,False,True,7,0,1.27,1.27,2.29,https://www.amazon.com/Amazon-Brand-Happy-Gallon-Ounces/dp/B08C8HQYNT/ref=sr_1_13?crid=1E2QJW9TUIM1M&dib=eyJ2IjoiMSJ9.1pFg7_L-Zg_wJDGjA6UQTwoPcVB0sEKDTz7WmfztyeVZS4DB4Kn4YNeI54Hxw79RB1DV36JgcQT_9yTh_AZtwUGNEGXXP_d2ZUZ44DE_-zLOXWVMs5Vf1IsxfxnU48u-fXdWuStPEqjBVRT4XSmeG2Ghb3DuWalV673FumkVGC9siibvZh--aDKWRKdW3wsqTw_irpjisGdY0Z2WgxkHOfYpZ233AZYpeVJZvZIrNX0.CnB99pFN_2I_WapfjL7X4TxR2C6z33aBe3zGwFuKJcE&dib_tag=se&keywords=milk&qid=1786065935&s=samedaystore&sprefix=mil%2Csamedaystore%2C348&sr=1-13
Amazon,B08C8K4NR9,"Amazon Grocery, 1% Low Fat Milk, 1 Gallon, 128 Fl Oz",Amazon Grocery,True,True,False,,Gallon,128,1%,Unflavored,False,False,False,False,False,False,False,False,True,45,0,2.26,2.26,3.94,https://www.amazon.com/Amazon-Brand-Happy-Gallon-Ounces/dp/B08C8K4NR9/ref=sr_1_14?crid=1E2QJW9TUIM1M&dib=eyJ2IjoiMSJ9.1pFg7_L-Zg_wJDGjA6UQTwoPcVB0sEKDTz7WmfztyeVZS4DB4Kn4YNeI54Hxw79RB1DV36JgcQT_9yTh_AZtwUGNEGXXP_d2ZUZ44DE_-zLOXWVMs5Vf1IsxfxnU48u-fXdWuStPEqjBVRT4XSmeG2Ghb3DuWalV673FumkVGC9siibvZh--aDKWRKdW3wsqTw_irpjisGdY0Z2WgxkHOfYpZ233AZYpeVJZvZIrNX0.CnB99pFN_2I_WapfjL7X4TxR2C6z33aBe3zGwFuKJcE&dib_tag=se&keywords=milk&qid=1786065935&s=samedaystore&sprefix=mil%2Csamedaystore%2C348&sr=1-14
Amazon,B0BJW7TD52,"Organic Valley® Grassmilk® 100% Grass Fed Whole Milk, Organic, 59 fl oz",Organic Valley,True,True,False,,59 fl oz,59,Whole,Unflavored,True,False,False,False,False,True,False,False,False,27,0,6.67,7.41,7.49,https://www.amazon.com/Organic-Valley-Grassmilk-Grass-Whole/dp/B0BJW7TD52/ref=sr_1_14?crid=1E2QJW9TUIM1M&dib=eyJ2IjoiMSJ9.ixke_LMKhw8eyy5NJNKRUYess-0oMAeHCjKmrQsyLuTaK9_Nj4wJNmnSt7M4uaBDjZmTJKrbxr76p3zcXuk16v7xRZlUQ_8aHtWnBh2tkg3u3xleNqg4A-DPS1IExOkpt6tMuB3bNA5wXk5Yi5ScWzvnxRwy2Y7PU0lHwkmuuArT6j0zjhfVXm8S5XZYUZJYUd6KrS6ZGLJZApJ8DY8zZXuIG8kZiD46A4wSnGFZU_Q.7_NP2a-E_Zjd6d0jZz-S7ufcgLzVzV6PuiIN5DJ_12U&dib_tag=se&keywords=milk&qid=1786065967&s=samedaystore&sprefix=mil%2Csamedaystore%2C348&sr=1-14
Amazon,B0BC22PSYX,"Birch & Meadow 2 Gallon Bucket of Whole Milk Powder, Light Sweet Taste (136 Ounce)",Unknown,False,False,False,powder_formula,Gallon,128,Whole,Unflavored,False,False,False,False,False,False,False,False,False,0,0,,,,https://www.amazon.com/Birch-Meadow-Gallons-Whole-Powder/dp/B0BC22PSYX/ref=sr_1_1?crid=1E2QJW9TUIM1M&dib=eyJ2IjoiMSJ9.tFytY1FS8OEDL9D7UfTPl7D6xL3GYDdqy-a1BUib3FE0l1Lmgn26weFhCO67o9ko37tGiUW4E5Zr8MtwC7uofQ.6CiZZ8t-kkBvEOxZ0qKjov3LUzPlOdsoH9XcS8jmtdM&dib_tag=se&keywords=milk&qid=1786065969&s=samedaystore&sprefix=mil%2Csamedaystore%2C348&sr=1-1
Amazon,B0H27PT17Y,Kuii Strawberry Coconut Milk Drink with Nata de Coco & Bottle Opener | 12 Count,Unknown,False,False,False,"insufficient_product_signal,plant_based",Unknown,,Unspecified,Strawberry,False,False,False,False,False,False,False,False,False,0,0,,,,https://www.amazon.com/Strawberry-Coconut-Drink-Bottle-Opener/dp/B0H27PT17Y/ref=sr_1_2?crid=1E2QJW9TUIM1M&dib=eyJ2IjoiMSJ9.tFytY1FS8OEDL9D7UfTPl7D6xL3GYDdqy-a1BUib3FE0l1Lmgn26weFhCO67o9ko37tGiUW4E5Zr8MtwC7uofQ.6CiZZ8t-kkBvEOxZ0qKjov3LUzPlOdsoH9XcS8jmtdM&dib_tag=se&keywords=milk&qid=1786065969&s=samedaystore&sprefix=mil%2Csamedaystore%2C348&sr=1-2
Amazon,B0GMTRKGMB,"De Mi Pais Strawberry Coconut Milk Drink |Glass Jar 16.4 fl oz Each|12-Pack | Creamy Dairy Free, Lactose Free, Strawberry Coconut Flavor, Refreshing Tropical Beverage",Unknown,False,False,False,plant_based,16.4 fl oz,16.4,Unspecified,Strawberry,False,True,False,False,False,False,False,False,False,0,0,,,,https://www.amazon.com/Mi-Pais-Strawberry-Coconut-12-Pack/dp/B0GMTRKGMB/ref=sr_1_3?crid=1E2QJW9TUIM1M&dib=eyJ2IjoiMSJ9.tFytY1FS8OEDL9D7UfTPl7D6xL3GYDdqy-a1BUib3FE0l1Lmgn26weFhCO67o9ko37tGiUW4E5Zr8MtwC7uofQ.6CiZZ8t-kkBvEOxZ0qKjov3LUzPlOdsoH9XcS8jmtdM&dib_tag=se&keywords=milk&qid=1786065969&s=samedaystore&sprefix=mil%2Csamedaystore%2C348&sr=1-3
Amazon,B0GMVD26DT,"De Mi Pais Pineapple Coconut Milk Drink |Glass Jar 16.4 fl oz Each |12-Pack | Creamy Dairy Free, Lactose Free, Pineapple Coconut Flavor, Refreshing Tropical Beverage",Unknown,False,False,False,plant_based,16.4 fl oz,16.4,Unspecified,Unflavored,False,True,False,False,False,False,False,False,False,0,0,,,,https://www.amazon.com/Mi-Pais-Pineapple-Coconut-12-Pack/dp/B0GMVD26DT/ref=sr_1_4?crid=1E2QJW9TUIM1M&dib=eyJ2IjoiMSJ9.tFytY1FS8OEDL9D7UfTPl7D6xL3GYDdqy-a1BUib3FE0l1Lmgn26weFhCO67o9ko37tGiUW4E5Zr8MtwC7uofQ.6CiZZ8t-kkBvEOxZ0qKjov3LUzPlOdsoH9XcS8jmtdM&dib_tag=se&keywords=milk&qid=1786065969&rdc=1&s=samedaystore&sprefix=mil%2Csamedaystore%2C348&sr=1-4
Amazon,B0H16KSYT9,Yofiit Chickpea Milk Van Cinnamon (32 fl oz) – Plant and Protein Milk – Vegan Creamer for Coffee and Cereal – Pack of 12,Unknown,False,False,False,creamer_cream,32 fl oz,32,Unspecified,Unflavored,False,False,False,False,False,False,False,True,False,0,0,,,,https://www.amazon.com/Yofiit-Chickpea-Milk-Van-Cinnamon/dp/B0H16KSYT9/ref=sr_1_5?crid=1E2QJW9TUIM1M&dib=eyJ2IjoiMSJ9.tFytY1FS8OEDL9D7UfTPl7D6xL3GYDdqy-a1BUib3FE0l1Lmgn26weFhCO67o9ko37tGiUW4E5Zr8MtwC7uofQ.6CiZZ8t-kkBvEOxZ0qKjov3LUzPlOdsoH9XcS8jmtdM&dib_tag=se&keywords=milk&qid=1786065969&s=samedaystore&sprefix=mil%2Csamedaystore%2C348&sr=1-5
Amazon,B0099XI58S,"Whole Milk Powder by Hoosier Hill Farm, 1 Pound (Pack of 1)",Unknown,False,False,False,powder_formula,Unknown,,Whole,Unflavored,False,False,False,False,False,False,False,False,False,0,0,,,,https://www.amazon.com/Hoosier-Hill-Farm-American-Powder/dp/B0099XI58S/ref=sr_1_13?crid=1E2QJW9TUIM1M&dib=eyJ2IjoiMSJ9.c0igB1sjpD8QvT3rjjSB1CySXWear4nZn8RzdvlK5vIWAuiUo_yCYQ-1FmH_MkZhEKsPLvyr3QM5lOonLwa60o8C1epuZGbLzx6GYgUTlZZcqKUXyMWvBJ5quf9XnIq2x6VlWdxW0mMfZsErDLpFOESRAQCLoCY9p_mmhYeNhsIBBkdjYXKCicf9zMYbHovAKoPXBtPl5ZYe4WkQS28pCdu1aYVC7r_fTawfXnnLy_s.VcR3--u2BxOY7IjxVVW66MN6ZOvqoNR9dFoMkoG6W_w&dib_tag=se&keywords=milk&qid=1786065972&s=samedaystore&sprefix=mil%2Csamedaystore%2C348&sr=1-13
Amazon,B084D3VTYX,"365 by Whole Foods Market, Original Oatmilk, 32 Fl Oz",365 by Whole Foods Market,False,False,False,not_milk,32 fl oz,32,Whole,Unflavored,False,False,False,False,False,False,False,False,True,0,0,,,,https://www.amazon.com/365-Whole-Foods-Market-Original/dp/B084D3VTYX/ref=sr_1_14?crid=1E2QJW9TUIM1M&dib=eyJ2IjoiMSJ9.GQqE5CM5aZ-ngZPedbokBCySXWear4nZn8RzdvlK5vIpXupj7pylkp5qzesu1qGJCil4luQoW0Spf0ZSQwQDcjLLgotnM5CGKXemoCluZNvIXjMmDy9QRf0iXB6PsFfLDxDa5S6rFuoPP6WzeLr9VbmltY1ANR2Z55Nzbij1PUxQxHaJZbRCFaS7jcVnXcWalwt1vctuzr2sSv2Ghx4J7U0tuKDlNAxf1sE2xLeDsYk.RnY-LwuZ4kpwXjaj4ZPLPobv8a0fTTyqqPQDMUmE9f4&dib_tag=se&keywords=milk&qid=1786066039&rdc=1&s=samedaystore&sprefix=mil%2Csamedaystore%2C348&sr=1-14
Amazon,B08SX3YX2B,"Almond Breeze Dairy Free Almondmilk, Unsweetened Vanilla, 32 Ounce (Pack of 6)",Unknown,False,False,False,"not_milk,plant_based",32 fl oz,32,Unspecified,Vanilla,False,False,False,False,False,False,False,False,False,0,0,,,,https://www.amazon.com/Almond-Breeze-Almondmilk-Unsweetened-32-Ounce/dp/B08SX3YX2B/ref=sr_1_16?crid=1E2QJW9TUIM1M&dib=eyJ2IjoiMSJ9.GQqE5CM5aZ-ngZPedbokBCySXWear4nZn8RzdvlK5vLulm8TWMPLgqP-mGWnm9km3hf9k0WDhzqnosBYjNztLU43AKHCU9VGv-zRntYvLAZyAfUtAHO-r5du-murpeI1hYeuTAIYcHNvlzjOo3TnIb8xJ-oFDzcYVHH_xPwe4LqBsyFUQGHskgETVov9AZMx7tFysWgfQk0_HkzaPulzqV3Mtqx_i0CWwzOFt5NFPBU._IkD1czcEOMTCC1Z7IVTyqH4HtZdAX1inFJtsVEvryc&dib_tag=se&keywords=milk&qid=1786066055&s=samedaystore&sprefix=mil%2Csamedaystore%2C348&sr=1-16
Amazon,B06ZYG9KKS,"Malk, Unsweet Almond Milk, 28 Fl Oz",Unknown,False,False,False,plant_based,28 fl oz,28,Unspecified,Unflavored,False,False,False,False,False,False,False,False,False,0,0,,,,https://www.amazon.com/MALK-Unsweetened-Almond-Milk-28/dp/B06ZYG9KKS/ref=sr_1_15?crid=1E2QJW9TUIM1M&dib=eyJ2IjoiMSJ9.ixke_LMKhw8eyy5NJNKRUYess-0oMAeHCjKmrQsyLuTuYmueiuMwDUy6mGQQ9pypld7J9FOOkZQhlE5FpcR9DlhB3i5pSI8O6ABzMNLdzsrFUzvN7CDkxlwczxdOe4gN_quchnVczaz_gEQG3rN5tS7Tcm-Yj0oTVh2LIUgRW5-PdElS21NUNagFkOM6jmKgYKv2q4FdWsFhJk9ZsQg9Y0mOMTJoeaw83hAUOeY-mas.81NKmgw-RZXQNyPHTmf7lobrP8-5AqsAwZFxxugd8Cs&dib_tag=se&keywords=milk&qid=1786066127&s=samedaystore&sprefix=mil%2Csamedaystore%2C348&sr=1-15
Amazon,B0BKM2XCHY,"365 by Whole Foods Market Organic Lactose Free Whole Milk, 64 FZ",365 by Whole Foods Market,True,True,False,,Half Gallon,64,Whole,Unflavored,True,True,False,False,False,False,False,False,True,53,0,3.99,5.49,5.99,https://www.amazon.com/365-Whole-Foods-Market-Lactose/dp/B0BKM2XCHY/ref=sr_1_12?crid=1E2QJW9TUIM1M&dib=eyJ2IjoiMSJ9.K6P0sJzvzFjsHt5OpzvN3vqq2Gd4Aq-ydYnQIClkD1Bx3DaB-Y2vRfHClJ9015qiTnTKqLpzywwKEDiqvATVJPwOKlNwBUfxLl6qqt1naz4WsRZ41We2Om9cPbYstgGm9cYjovPYn0NYGZ6WlzaeIevcMu386vucwDLRMT5tGQ9RUC2iPdu_uGWeyk1pCglvbKs2wEh1ozYDViQxWNZER0qBY5bfYJ2_oZjmdqDNGiQ.16YGaL_wm4UJxZQwop73by_uVGrCEtuEF23s5ch1ANs&dib_tag=se&keywords=milk&qid=1786066070&s=samedaystore&sprefix=mil%2Csamedaystore%2C348&sr=1-12
Amazon,B000O6EG8M,Organic Valley Ultra Pasteurized Lowfat Organic 1% Milk,Organic Valley,True,True,False,,Gallon,128,1%,Unflavored,True,False,False,False,False,False,False,False,False,6,0,5.99,6.49,6.49,https://www.amazon.com/Organic-Valley-Ultra-Pasteurized-Gallon/dp/B000O6EG8M/ref=sr_1_13?crid=1E2QJW9TUIM1M&dib=eyJ2IjoiMSJ9.K6P0sJzvzFjsHt5OpzvN3vqq2Gd4Aq-ydYnQIClkD1Bx3DaB-Y2vRfHClJ9015qiTnTKqLpzywwKEDiqvATVJPwOKlNwBUfxLl6qqt1naz4WsRZ41We2Om9cPbYstgGm9cYjovPYn0NYGZ6WlzaeIevcMu386vucwDLRMT5tGQ9RUC2iPdu_uGWeyk1pCglvbKs2wEh1ozYDViQxWNZER0qBY5bfYJ2_oZjmdqDNGiQ.16YGaL_wm4UJxZQwop73by_uVGrCEtuEF23s5ch1ANs&dib_tag=se&keywords=milk&qid=1786066070&s=samedaystore&sprefix=mil%2Csamedaystore%2C348&sr=1-13
Amazon,B07ZW8WFP6,"Thai Kitchen Coconut Milk, Unsweetened, Non Dairy Milk Substitute, Gluten Free, Non GMO, Vegan, For Smoothies, Ice Cream, Oatmeal, Coffee, and More, 25.36 fl oz (Pack of 6)",Unknown,False,False,False,"dessert,plant_based",25.36 fl oz,25.36,Unspecified,Unflavored,False,False,False,False,False,False,False,False,False,0,0,,,,https://www.amazon.com/Thai-Kitchen-Resealable-Ingredients-Unsweetened/dp/B07ZW8WFP6/ref=sr_1_1?crid=1E2QJW9TUIM1M&dib=eyJ2IjoiMSJ9.sW3gaDhUghzeVqm_xuSSCvb0VpJ-2ok9vVBI7OSe1luLHUuJUguMcFRa673PlS189PEM1p2lKWOBYVNr8afqaqV4uAW8MJgRm-wzAIghNgAA5bMYUvdvLpGG_VNLy-gK7L2hA4zimvkF6Q6XYyshNw.UfI5s7NiXW3avcFf7cPcXHYEVulOEUGdztoWSU0nY6c&dib_tag=se&keywords=milk&qid=1786066138&s=samedaystore&sprefix=mil%2Csamedaystore%2C348&sr=1-1
Amazon,B002H062IK,"Almond Breeze Dairy Free Almondmilk, Original, 32 Fl Oz (Pack of 12) | Shelf‑Stable Tetra Pak®, Free of Dairy, Gluten, Soy, Non-GMO Verified, Plant-Based Milk",Unknown,False,False,False,plant_based,32 fl oz,32,Unspecified,Unflavored,False,False,False,False,False,False,False,False,False,0,0,,,,https://www.amazon.com/Almond-Breeze-Almondmilk-Original-32-Ounce/dp/B002H062IK/ref=sr_1_2?crid=1E2QJW9TUIM1M&dib=eyJ2IjoiMSJ9.sW3gaDhUghzeVqm_xuSSCvb0VpJ-2ok9vVBI7OSe1luLHUuJUguMcFRa673PlS189PEM1p2lKWOBYVNr8afqaqV4uAW8MJgRm-wzAIghNgAA5bMYUvdvLpGG_VNLy-gK7L2hA4zimvkF6Q6XYyshNw.UfI5s7NiXW3avcFf7cPcXHYEVulOEUGdztoWSU0nY6c&dib_tag=se&keywords=milk&qid=1786066138&s=samedaystore&sprefix=mil%2Csamedaystore%2C348&sr=1-2
Amazon,B0B72K8Q4G,"Almond Cow Nut Milk Maker Machine, Plant-Based Milk Maker for Almond, Oat, Cashew, Soy Milk, Stainless Steel, No Straining Needed - Makes 5-6 Cups, 120V",Unknown,False,False,False,"insufficient_product_signal,plant_based",Unknown,,Unspecified,Unflavored,False,False,False,False,False,False,False,False,False,0,0,,,,https://www.amazon.com/Almond-Cow-Homemade-Stainless-Machines/dp/B0B72K8Q4G/ref=sr_1_6?crid=1E2QJW9TUIM1M&dib=eyJ2IjoiMSJ9.sW3gaDhUghzeVqm_xuSSCvb0VpJ-2ok9vVBI7OSe1luLHUuJUguMcFRa673PlS189PEM1p2lKWOBYVNr8afqaqV4uAW8MJgRm-wzAIghNgAA5bMYUvdvLpGG_VNLy-gK7L2hA4zimvkF6Q6XYyshNw.UfI5s7NiXW3avcFf7cPcXHYEVulOEUGdztoWSU0nY6c&dib_tag=se&keywords=milk&qid=1786066138&s=samedaystore&sprefix=mil%2Csamedaystore%2C348&sr=1-6
Amazon,B0GJ31P2NP,"Commercial Milk Frother, 2-Wand Steam Boiling Water Machine 110V 2200W Electric Steam Milk Frothing Machine Milk Foam Machine Steamer with LED Display for Tea Coffee Shop,Updated",Unknown,False,False,False,"insufficient_product_signal,non_beverage",Unknown,,Unspecified,Unflavored,False,False,False,False,False,False,False,False,False,0,0,,,,https://www.amazon.com/VorChef-Commercial-Frother-Electric-Frothing/dp/B0GJ31P2NP/ref=sr_1_7?crid=1E2QJW9TUIM1M&dib=eyJ2IjoiMSJ9.sW3gaDhUghzeVqm_xuSSCvb0VpJ-2ok9vVBI7OSe1luLHUuJUguMcFRa673PlS189PEM1p2lKWOBYVNr8afqaqV4uAW8MJgRm-wzAIghNgAA5bMYUvdvLpGG_VNLy-gK7L2hA4zimvkF6Q6XYyshNw.UfI5s7NiXW3avcFf7cPcXHYEVulOEUGdztoWSU0nY6c&dib_tag=se&keywords=milk&qid=1786066138&s=samedaystore&sprefix=mil%2Csamedaystore%2C348&sr=1-7
Amazon,B0GJYYB9KH,"Dual-Head Commercial Steam Milk Frother, 2 Independent Wands, 15s Fast Frothing, 2000W 8L Continuous Steam, Independent Temp Control with LED Display for High-Volume Coffee Shop Restaurant",Unknown,False,False,False,non_beverage,8 L,270.5,Unspecified,Unflavored,False,False,False,False,False,False,False,False,False,0,0,,,,https://www.amazon.com/LLBWACT-Commercial-Independent-Continuous-Restaurant/dp/B0GJYYB9KH/ref=sr_1_8?crid=1E2QJW9TUIM1M&dib=eyJ2IjoiMSJ9.sW3gaDhUghzeVqm_xuSSCvb0VpJ-2ok9vVBI7OSe1luLHUuJUguMcFRa673PlS189PEM1p2lKWOBYVNr8afqaqV4uAW8MJgRm-wzAIghNgAA5bMYUvdvLpGG_VNLy-gK7L2hA4zimvkF6Q6XYyshNw.UfI5s7NiXW3avcFf7cPcXHYEVulOEUGdztoWSU0nY6c&dib_tag=se&keywords=milk&qid=1786066138&s=samedaystore&sprefix=mil%2Csamedaystore%2C348&sr=1-8
Amazon,B0GJYNYJZT,"Commercial Steam Milk Frother,1.6Bar Fast Frothing in 15s,2000W 8L Boiler for Continuous Use, Temp Probe, Triple Safety, 3-in-1 Hot Water & Steam with LED Display for Coffee Shops& Restaurant",Unknown,False,False,False,non_beverage,8 L,270.5,Unspecified,Unflavored,False,False,False,False,False,False,False,False,False,0,0,,,,https://www.amazon.com/LLBWACT-Commercial-Frothing-Continuous-Restaurant/dp/B0GJYNYJZT/ref=sr_1_9?crid=1E2QJW9TUIM1M&dib=eyJ2IjoiMSJ9.sW3gaDhUghzeVqm_xuSSCvb0VpJ-2ok9vVBI7OSe1luLHUuJUguMcFRa673PlS189PEM1p2lKWOBYVNr8afqaqV4uAW8MJgRm-wzAIghNgAA5bMYUvdvLpGG_VNLy-gK7L2hA4zimvkF6Q6XYyshNw.UfI5s7NiXW3avcFf7cPcXHYEVulOEUGdztoWSU0nY6c&dib_tag=se&keywords=milk&qid=1786066138&s=samedaystore&sprefix=mil%2Csamedaystore%2C348&sr=1-9
Amazon,B07YSWCQM2,"Amazon Grocery, Fat Free Milk, Grade A, Homogenized, Pasteurized, 1 Gallon",Amazon Grocery,True,True,False,,Gallon,128,Skim/Fat-Free,Unflavored,False,False,False,False,False,False,False,False,True,5,0,2.92,3.18,3.8,https://www.amazon.com/Amazon-Brand-Happy-Gallon-Ounces/dp/B07YSWCQM2/ref=sr_1_8?crid=1E2QJW9TUIM1M&dib=eyJ2IjoiMSJ9.2SP7ZzRAHEOL4e42IE0w6Ux8wUwNuRr9ReV-UyVoDqEEbYrMN-AJo4-c-oZptfPhAm7H3zyp8oZTvyVbbAQm62fEoLlP1Ej2Z32oCejB0tOkKe9r-nJKkK8b4KEG1aVE2B5k6eSQ4d8fKHPaONx7_9yn_5hkhG7mQwi3yhEBRtQkuaus_0xGvPNzfFGJSZi6BYpwX7QLy6YMEX7MfanvIyAgWcB5Jqx92tsKXkRY-tk.pdRAzvarKKXHWAh2ZG_QFC6QGtSpZ7Xyf41TIMEImog&dib_tag=se&keywords=milk&qid=1786066157&s=samedaystore&sprefix=mil%2Csamedaystore%2C348&sr=1-8
Amazon,B07YSWXTPC,"Amazon Grocery, 1% Milkfat Lowfat Milk, 1 Gallon",Amazon Grocery,True,True,False,,Gallon,128,1%,Unflavored,False,False,False,False,False,False,False,False,True,16,0,2.65,3.29,3.89,https://www.amazon.com/Amazon-Brand-Lowfat-Gallon-Ounces/dp/B07YSWXTPC/ref=sr_1_14?crid=1E2QJW9TUIM1M&dib=eyJ2IjoiMSJ9.2SP7ZzRAHEOL4e42IE0w6Ux8wUwNuRr9ReV-UyVoDqEEbYrMN-AJo4-c-oZptfPhAm7H3zyp8oZTvyVbbAQm62fEoLlP1Ej2Z32oCejB0tOkKe9r-nJKkK8b4KEG1aVE2B5k6eSQ4d8fKHPaONx7_9yn_5hkhG7mQwi3yhEBRtQkuaus_0xGvPNzfFGJSZi6BYpwX7QLy6YMEX7MfanvIyAgWcB5Jqx92tsKXkRY-tk.pdRAzvarKKXHWAh2ZG_QFC6QGtSpZ7Xyf41TIMEImog&dib_tag=se&keywords=milk&qid=1786066157&s=samedaystore&sprefix=mil%2Csamedaystore%2C348&sr=1-14
Amazon,B001RU311W,Milk,Unknown,False,False,False,insufficient_product_signal,Unknown,,Unspecified,Unflavored,False,False,False,False,False,False,False,False,False,0,0,,,,https://www.amazon.com/Milk-Sean-Penn/dp/B001RU311W/ref=sr_1_6?crid=1E2QJW9TUIM1M&dib=eyJ2IjoiMSJ9.A7fNoVZ58cuppQ8EyOXkNaw18U6_mYDzaGd_NSaIwbb83KUWUGa912GIEcKmI-k1XiFyhbpsnitDpHYerG8fFzawbdUosbsv00xLSPBcwueEVp06RHa8jF5LfPYRYLN8d0NPVaWoWgxBjQTV2Oy8dSZBrfKKBtHflqWXIRRTXbu38Flv1x1Or3igS4ZgvumKa6S1QCVxRgIwsjEXav6wm-RfBuLiGiTitq7docxaGVU.lSxph3IrLZv9tZ3AP4V0_HBB1sLuZeFjA6kIAW5rLpc&dib_tag=se&keywords=milk&qid=1786066177&s=samedaystore&sprefix=mil%2Csamedaystore%2C348&sr=1-6
Amazon,B0FXCV9QFG,"Califia Farms - Organic Soy Milk, 32 oz (6 pack), Dairy Free, Vegan, Plant Based, Vegan, Gluten Free, Non GMO, USDA Organic",Unknown,False,False,False,plant_based,32 fl oz,32,Unspecified,Unflavored,True,False,False,False,False,False,False,False,False,0,0,,,,https://www.amazon.com/Califia-Farms-Organic-Dairy-Gluten/dp/B0FXCV9QFG/ref=sr_1_12?crid=1E2QJW9TUIM1M&dib=eyJ2IjoiMSJ9.A7fNoVZ58cuppQ8EyOXkNaw18U6_mYDzaGd_NSaIwbb83KUWUGa912GIEcKmI-k1XiFyhbpsnitDpHYerG8fFzawbdUosbsv00xLSPBcwueEVp06RHa8jF5LfPYRYLN8d0NPVaWoWgxBjQTV2Oy8dSZBrfKKBtHflqWXIRRTXbu38Flv1x1Or3igS4ZgvumKa6S1QCVxRgIwsjEXav6wm-RfBuLiGiTitq7docxaGVU.lSxph3IrLZv9tZ3AP4V0_HBB1sLuZeFjA6kIAW5rLpc&dib_tag=se&keywords=milk&qid=1786066177&s=samedaystore&sprefix=mil%2Csamedaystore%2C348&sr=1-12
Amazon,B0FM8K89KH,"Carnation Malted Milk Shelf Stable, Baking Shakes and Sundaes, 2.72 lb Can | Rich malted flavor, shelf-stable pantry staple, ideal for baking, milkshakes, sundaes and dessert applications",Unknown,False,False,True,insufficient_product_signal,Unknown,,Unspecified,Unflavored,False,False,False,False,False,False,False,False,False,0,0,,,,https://www.amazon.com/Carnation-Malted-Stable-Baking-Sundaes/dp/B0FM8K89KH/ref=sr_1_13?crid=1E2QJW9TUIM1M&dib=eyJ2IjoiMSJ9.A7fNoVZ58cuppQ8EyOXkNaw18U6_mYDzaGd_NSaIwbb83KUWUGa912GIEcKmI-k1XiFyhbpsnitDpHYerG8fFzawbdUosbsv00xLSPBcwueEVp06RHa8jF5LfPYRYLN8d0NPVaWoWgxBjQTV2Oy8dSZBrfKKBtHflqWXIRRTXbu38Flv1x1Or3igS4ZgvumKa6S1QCVxRgIwsjEXav6wm-RfBuLiGiTitq7docxaGVU.lSxph3IrLZv9tZ3AP4V0_HBB1sLuZeFjA6kIAW5rLpc&dib_tag=se&keywords=milk&qid=1786066177&s=samedaystore&sprefix=mil%2Csamedaystore%2C348&sr=1-13
Amazon,B0DD7YTV76,Milk,Unknown,False,False,False,"insufficient_product_signal,media_merch",Unknown,,Unspecified,Unflavored,False,False,False,False,False,False,False,False,False,0,0,,,,https://www.amazon.com/Milk-Roe-Horvat-ebook/dp/B0DD7YTV76/ref=sr_1_14?crid=1E2QJW9TUIM1M&dib=eyJ2IjoiMSJ9.A7fNoVZ58cuppQ8EyOXkNaw18U6_mYDzaGd_NSaIwbb83KUWUGa912GIEcKmI-k1XiFyhbpsnitDpHYerG8fFzawbdUosbsv00xLSPBcwueEVp06RHa8jF5LfPYRYLN8d0NPVaWoWgxBjQTV2Oy8dSZBrfKKBtHflqWXIRRTXbu38Flv1x1Or3igS4ZgvumKa6S1QCVxRgIwsjEXav6wm-RfBuLiGiTitq7docxaGVU.lSxph3IrLZv9tZ3AP4V0_HBB1sLuZeFjA6kIAW5rLpc&dib_tag=se&keywords=milk&qid=1786066177&s=samedaystore&sprefix=mil%2Csamedaystore%2C348&sr=1-14
Amazon,B0G765Y514,Thai Coco Organic Coconut Milk Full Fat Unsweetened 13.5 fl oz 6 Pk,Unknown,False,False,False,plant_based,13.5 fl oz,13.5,Unspecified,Unflavored,True,False,False,False,False,False,False,False,False,0,0,,,,https://www.amazon.com/Thai-Coco-Organic-Coconut-Unsweetened/dp/B0G765Y514/ref=sr_1_15?crid=1E2QJW9TUIM1M&dib=eyJ2IjoiMSJ9.A7fNoVZ58cuppQ8EyOXkNaw18U6_mYDzaGd_NSaIwbb83KUWUGa912GIEcKmI-k1XiFyhbpsnitDpHYerG8fFzawbdUosbsv00xLSPBcwueEVp06RHa8jF5LfPYRYLN8d0NPVaWoWgxBjQTV2Oy8dSZBrfKKBtHflqWXIRRTXbu38Flv1x1Or3igS4ZgvumKa6S1QCVxRgIwsjEXav6wm-RfBuLiGiTitq7docxaGVU.lSxph3IrLZv9tZ3AP4V0_HBB1sLuZeFjA6kIAW5rLpc&dib_tag=se&keywords=milk&qid=1786066177&s=samedaystore&sprefix=mil%2Csamedaystore%2C348&sr=1-15
Amazon,B0007N7YD6,"Horizon Organic, Milk Fat Free UHT Organic, 64 Fl Oz",Horizon Organic,False,False,True,,Half Gallon,64,Skim/Fat-Free,Unflavored,True,False,False,False,False,False,False,False,False,0,0,,,,https://www.amazon.com/CASE-Horizon-Organic-Free-Gallon/dp/B0007N7YD6/ref=sr_1_16?crid=1E2QJW9TUIM1M&dib=eyJ2IjoiMSJ9.A7fNoVZ58cuppQ8EyOXkNaw18U6_mYDzaGd_NSaIwbb83KUWUGa912GIEcKmI-k1XiFyhbpsnitDpHYerG8fFzawbdUosbsv00xLSPBcwueEVp06RHa8jF5LfPYRYLN8d0NPVaWoWgxBjQTV2Oy8dSZBrfKKBtHflqWXIRRTXbu38Flv1x1Or3igS4ZgvumKa6S1QCVxRgIwsjEXav6wm-RfBuLiGiTitq7docxaGVU.lSxph3IrLZv9tZ3AP4V0_HBB1sLuZeFjA6kIAW5rLpc&dib_tag=se&keywords=milk&qid=1786066177&s=samedaystore&sprefix=mil%2Csamedaystore%2C348&sr=1-16
Amazon,B0BHWR6DWR,"Weis Quality, Milk Nonfat, 128 Fl Oz",Weis Quality,True,True,False,,Gallon,128,Skim/Fat-Free,Unflavored,False,False,False,False,False,False,False,False,False,1,0,3.9,3.9,3.9,https://www.amazon.com/Weis-Quality-Milk-Nonfat-128/dp/B0BHWR6DWR/ref=sr_1_5_us_f3_0o_weis?crid=1E2QJW9TUIM1M&dib=eyJ2IjoiMSJ9.Ge8xAjMlWirSFllrJUAwRGYYh_yM_BhkI7kkbxX8Mo2GiVf21y6ay6b-8Fh3M7dm7Z3r2yfU3i0Bl_9_C-lQBrH0KTv0e8yTbZGTvjh5ppQZpRJlaJm6xgin1zfR61MsIWCudIEzaSSA1B3LtF5sgZala--c1BOawEHi0YLH6Vy4xvCw1v4OnFSxT01mYFUrUhDrvNIPAearFxZzY4TIhJPEPJuZJIGhHT7iHzxmdjM.fWvX9I5KMP885qVP0AH90w9fxQsDtHFMI9jkqIGx4oo&dib_tag=se&keywords=milk&qid=1786066210&s=samedaystore&sprefix=mil%2Csamedaystore%2C348&sr=1-5
Amazon,B0BHWPZ4VS,"Weis Quality, Milk 1% Lowfat, 128 Fl Oz",Weis Quality,True,True,False,,Gallon,128,1%,Unflavored,False,False,False,False,False,False,False,False,False,15,0,3.9,4.36,5.16,https://www.amazon.com/Weis-Quality-Milk-Lowfat-128/dp/B0BHWPZ4VS/ref=sr_1_7_us_f3_0o_weis?crid=1E2QJW9TUIM1M&dib=eyJ2IjoiMSJ9.Ge8xAjMlWirSFllrJUAwRGYYh_yM_BhkI7kkbxX8Mo2GiVf21y6ay6b-8Fh3M7dm7Z3r2yfU3i0Bl_9_C-lQBrH0KTv0e8yTbZGTvjh5ppQZpRJlaJm6xgin1zfR61MsIWCudIEzaSSA1B3LtF5sgZala--c1BOawEHi0YLH6Vy4xvCw1v4OnFSxT01mYFUrUhDrvNIPAearFxZzY4TIhJPEPJuZJIGhHT7iHzxmdjM.fWvX9I5KMP885qVP0AH90w9fxQsDtHFMI9jkqIGx4oo&dib_tag=se&keywords=milk&qid=1786066210&s=samedaystore&sprefix=mil%2Csamedaystore%2C348&sr=1-7
Amazon,B005OKVM12,"Lactaid 2% Reduced Fat Milk, 32 fl oz",Lactaid,True,True,False,,32 fl oz,32,2%,Unflavored,False,False,False,False,False,False,False,False,False,23,0,1.58,1.99,2.46,https://www.amazon.com/Lactaid-2-Reduced-Fat-Milk/dp/B005OKVM12/ref=sr_1_16?crid=1E2QJW9TUIM1M&dib=eyJ2IjoiMSJ9.OUM3IMvLuBAmRpZoAMl7Hs9tvPd9pNypqXleqlm98u4PPLHH7Vv6UGLqOnuql8edeOWl97HGEJENCXK-YbuYHgG8PFdh9lP1EER9FBEtHuOxcjpJn5zhDCjUrYyA4S7bNv3ux0wWqU7vAmK8hVxPFMxIeQRz3jHeG5Zr0YDk0Pen3goJ6jkf7bFxyvkcEIYiTAKldOqjp0LtE071ZoTi7zrMITSmR1C9Njx__HU8XPQ.IdHUwQrYBAHQZ9suTjTEe6C3yiLx1hGzvenHxtIBtXU&dib_tag=se&keywords=milk&qid=1786066209&s=samedaystore&sprefix=mil%2Csamedaystore%2C348&sr=1-16
Amazon,B071RRPD41,"A2 Milk, Milk 2% Reduced Fat Milk, 59 Fl Oz",a2 Milk,True,True,False,,59 fl oz,59,2%,Unflavored,False,False,False,True,False,False,False,False,False,22,0,3.68,4.94,5.39,https://www.amazon.com/A2-Milk-2-Reduced-Fat/dp/B071RRPD41/ref=sr_1_15_us_f3_0o_wf?crid=1E2QJW9TUIM1M&dib=eyJ2IjoiMSJ9.RXoKuy_fFOGLoxFRFUJAd-kuwTrKz76FDWlCNwE02lmQFbM4SW0twGPIOJZyA9phfLqESgul4hh5QHVvXgSnUhI-m6EQKpnHU18cLxQGP7VnJ5rwaZv_Fjzv5RVGFMV_moiyjlMOR7h2EADys-KORkfUNIAZt8Q7_IMIcQgsuxdE9rIf-qkuYv3B2EfSkHYAwY06lRPIK2z_WKfuSwBNO4l42EyUyE4L9CK_kHeViaM.w0FrffoQaUvOfLx1woEemYjHA2jR54EpSr8i2u5ePW4&dib_tag=se&keywords=milk&qid=1786066237&s=samedaystore&sprefix=mil%2Csamedaystore%2C348&sr=1-15
Amazon,B0925B7W77,"Dairy Maid Dairy 2% Milk, 64 Fl oz",Dairy Maid Dairy,True,True,False,,Half Gallon,64,2%,Unflavored,False,False,False,False,False,False,False,False,False,6,0,1.58,2.145,2.54,https://www.amazon.com/Dairy-Maid-2-Milk-64/dp/B0925B7W77/ref=sr_1_6?crid=1E2QJW9TUIM1M&dib=eyJ2IjoiMSJ9.2SP7ZzRAHEOL4e42IE0w6Yp7fVPXc-kypxCf4X6sCvK5fpbEUQyf50cIKW8DfikzRVNvVBgaGA1e-Mt85rQzWWv0uYw_JWTjapUvCcCTC2Rpe75B6tC7_obXdGcbrwaZe0fBnLMfofAcMzo-ttY8WGPRH72XCGC6G-LXDqWNP_qNDLYl0BlFqI1zpVBJhftvbk246dauhYF-kUFhimVDGQBfEd9Z9DPH-OHcd2G5voE.HUh82btF-8ve05wi29WkKPaEeuhCttnACxhLqEZk8p0&dib_tag=se&keywords=milk&qid=1786066263&s=samedaystore&sprefix=mil%2Csamedaystore%2C348&sr=1-6
Amazon,B0BLW7QS4Z,"Valu Time, Whole Milk, 128 Fl Oz",Unknown,True,True,False,,Gallon,128,Whole,Unflavored,False,False,False,False,False,False,False,False,False,5,0,5.11,5.11,5.32,https://www.amazon.com/Topco-Whole-Milk-128-Fl/dp/B0BLW7QS4Z/ref=sr_1_12_us_f3_0o_weis?crid=1E2QJW9TUIM1M&dib=eyJ2IjoiMSJ9.Y7gOh1Cs1uJN96BV6-8V0q5Q42Km_tyaIhuc6bqcBdcoA26MCjdBeOW2LpoSyqqcXzGfSS-ihYHHDIhjZwOTeRt1i1z_cQWikBVySZy71Ibiat3ln-lshLVr1rEic2WMH7zo0M07NnpNl8m_LUzUqvbjFYXo4MR16oKwVkieV0Ku4gcXUzD8HorOUe6PcPPBzR6z4lWYvRAo9BkWlhBiQfGHg4lN7hry9aXWSdC8hUo.ryBoLZKaEXZ9znR2TADWuUhrBhVCPo4I5_qm9Huf53U&dib_tag=se&keywords=milk&qid=1786066339&s=samedaystore&sprefix=mil%2Csamedaystore%2C348&sr=1-12
Amazon,B0BKQ3BC7M,"Weis by Nature, Milk Whole, 128 Fl Oz",Weis by Nature,True,True,False,,Gallon,128,Whole,Unflavored,False,False,False,False,False,False,False,False,False,5,0,9.76,9.76,9.76,https://www.amazon.com/Weis-Nature-Milk-Whole-128/dp/B0BKQ3BC7M/ref=sr_1_16_us_f3_0o_weis?crid=1E2QJW9TUIM1M&dib=eyJ2IjoiMSJ9.Y7gOh1Cs1uJN96BV6-8V0g6JaYn5Y0i7Kxk717Us23RcEa0q2zjDqETf5marhzoiaZx2trf5Sh9BH-Isv8WXn0btxnbP3V3eBQJs6NICPNNy1g4qRgogkXm18dfSeOhNd8DgbLRjLRDoPiNUz5pxqzJy5Qam_OgGJXj4yIKqXCUI0itWOXiFerqH_s68pTuhFdmxFycuVHrf_yDOKf-6HtNJ2L4sM0FKSXU1ilqMFUY.vMjpsDFfqgvUuf8LCKgzzk4Tr5xmzu_BrCvQCtj6yWo&dib_tag=se&keywords=milk&qid=1786066374&s=samedaystore&sprefix=mil%2Csamedaystore%2C348&sr=1-16
Amazon,B0BPHQLFMG,"Weis Quality, Milk Grade A 1% Lowfat, 64 Fl Oz",Weis Quality,True,True,False,,Half Gallon,64,1%,Unflavored,False,False,False,False,False,False,False,False,False,3,0,2.86,2.86,2.86,https://www.amazon.com/Weis-Quality-Milk-Grade-Lowfat/dp/B0BPHQLFMG/ref=sr_1_16_us_f3_0o_weis?crid=1E2QJW9TUIM1M&dib=eyJ2IjoiMSJ9.sxnbepXSmmOuPIuMQYM1NvTRnmpECHZKrSsM3C4mmVkP0coH7IRqA5Ul6majYRf24DX7zc5cAjKR818n5q0Ni6TdKf22a_eKdxvQmOx4Lb3UXIBGtADL_WytBl5i74WjzQHF6U3RBW_LdfxSlBybkWjOInlCcOiL55JocYxqCu6gRF7cWfDAeMdJCAOqnk2r6x-awy6Lax5iJg5BYASJYh-ZcmxN5XDE_ucJRXtaMNY.72897wg6XO45NsAc21tzTCs78JbkYIPV0hQyrf5tx1g&dib_tag=se&keywords=milk&qid=1786066376&s=samedaystore&sprefix=mil%2Csamedaystore%2C348&sr=1-16
Amazon,B07W99NR7H,"Ripple Original Plant Based Milk | 8g of Quality Sourced Pea Protein, Calcium Rich | Shelf Stable | Vegan & Non GMO Certified | Dairy, Soy, Nut, Gluten, & Lactose Free | 8 Fl Oz Cartons (Pack of 12)",Unknown,False,False,True,plant_based,8 fl oz,8,Unspecified,Unflavored,False,True,False,False,False,False,False,False,False,0,0,,,,https://www.amazon.com/Ripple-Non-Dairy-Original-Protein-Lunchboxes/dp/B07W99NR7H/ref=sr_1_12?crid=1E2QJW9TUIM1M&dib=eyJ2IjoiMSJ9.A7fNoVZ58cuppQ8EyOXkNaw18U6_mYDzaGd_NSaIwbbNtPuTlcvmV71yyf0iDFgMY_00puIK7M46FyXw40ZtPPv7e9m-zD96T6l_Uvhf61jdQK73n1XcHSGjNbTokqPeVfDL0cPkfe3O74_YBI2UODQ1fqXoLDCMgapIRBnQs4JhXuRxxdpUaJ946QSr8rii5qkchVvH7iG6fUKMykae5xZ2tCwmbGskGt7npFkhr-k.sOf2EDj-iIsYmyPqUfuES7cfoXLOJZM7uuQFAe2fiuI&dib_tag=se&keywords=milk&qid=1786066383&rdc=1&s=samedaystore&sprefix=mil%2Csamedaystore%2C348&sr=1-12
Amazon,B084DGHBKH,"365 by Whole Foods Market, Vanilla Oatmilk, 32 Fl Oz",365 by Whole Foods Market,False,False,False,not_milk,32 fl oz,32,Whole,Vanilla,False,False,False,False,False,False,False,False,True,0,0,,,,https://www.amazon.com/365-Whole-Foods-Market-Vanilla/dp/B084DGHBKH/ref=sr_1_15?crid=1E2QJW9TUIM1M&dib=eyJ2IjoiMSJ9.A7fNoVZ58cuppQ8EyOXkNaw18U6_mYDzaGd_NSaIwbbNtPuTlcvmV71yyf0iDFgMY_00puIK7M46FyXw40ZtPPv7e9m-zD96T6l_Uvhf61jdQK73n1XcHSGjNbTokqPeVfDL0cPkfe3O74_YBI2UODQ1fqXoLDCMgapIRBnQs4JhXuRxxdpUaJ946QSr8rii5qkchVvH7iG6fUKMykae5xZ2tCwmbGskGt7npFkhr-k.sOf2EDj-iIsYmyPqUfuES7cfoXLOJZM7uuQFAe2fiuI&dib_tag=se&keywords=milk&qid=1786066383&rdc=1&s=samedaystore&sprefix=mil%2Csamedaystore%2C348&sr=1-15
Amazon,B084DF723N,"365 by Whole Foods Market, Organic Chocolate Unsweetened Almond Milk, 32 Fl Oz",365 by Whole Foods Market,False,False,False,plant_based,32 fl oz,32,Whole,Chocolate,True,False,False,False,False,False,False,False,True,0,0,,,,https://www.amazon.com/365-Whole-Foods-Market-Unsweetened/dp/B084DF723N/ref=sr_1_16?crid=1E2QJW9TUIM1M&dib=eyJ2IjoiMSJ9.A7fNoVZ58cuppQ8EyOXkNaw18U6_mYDzaGd_NSaIwbbNtPuTlcvmV71yyf0iDFgMY_00puIK7M46FyXw40ZtPPv7e9m-zD96T6l_Uvhf61jdQK73n1XcHSGjNbTokqPeVfDL0cPkfe3O74_YBI2UODQ1fqXoLDCMgapIRBnQs4JhXuRxxdpUaJ946QSr8rii5qkchVvH7iG6fUKMykae5xZ2tCwmbGskGt7npFkhr-k.sOf2EDj-iIsYmyPqUfuES7cfoXLOJZM7uuQFAe2fiuI&dib_tag=se&keywords=milk&qid=1786066383&rdc=1&s=samedaystore&sprefix=mil%2Csamedaystore%2C348&sr=1-16
Amazon,B074H5HG82,"365 by Whole Foods Market, Organic Lowfat 1% Milk, 64 fl oz",365 by Whole Foods Market,True,True,False,,Half Gallon,64,1%,Unflavored,True,False,False,False,False,False,False,False,True,12,0,4.39,4.68,4.68,https://www.amazon.com/365-Everyday-Value-Organic-Milk/dp/B074H5HG82/ref=sr_1_15?crid=1E2QJW9TUIM1M&dib=eyJ2IjoiMSJ9.WyBEeLjZsMGJ_WXfjKSX1aDKnAGub0N6zCTFeDdHTtARbiqET8FHZsKxZWoETp_n-52l0f2Ls-UA8mPS80cWD-TJ4YI11BiQxExapdWdxvV_WQCR8QbtOZnk8bfquju9VTgU9H0t8y-rfj7JdhZay_BZyDp-G1MVrg9Zk01hMz39dUG0Ic7o33m6swzCYrCvEEo6bnM2feN8h8JDrdQFeN7h-gJJL1ixevqEDazAtTQ.f64dOBr8a8iWrl97l-wDDw_dy1JyvBIwIzBvkjN582E&dib_tag=se&keywords=milk&qid=1786066417&s=samedaystore&sprefix=mil%2Csamedaystore%2C348&sr=1-15
Amazon,B004E5KHU0,Nido NESTLE Kinder 1+ Powdered Milk Beverage 1.76 lb. Canister,Unknown,False,False,False,"insufficient_product_signal,powder_formula",Unknown,,Unspecified,Unflavored,False,False,False,False,False,False,False,False,False,0,0,,,,https://www.amazon.com/NESTLE-Kinder-Powdered-Beverage-Canister/dp/B004E5KHU0/ref=sr_1_11?crid=1E2QJW9TUIM1M&dib=eyJ2IjoiMSJ9.GQqE5CM5aZ-ngZPedbokBNLJ7xuZM2MgAmpnLhFJNYPwf9nPieeoTTeQYrPB_F0pUINUQaluo8WOuEmy2MXKf5aQSzd6TOdjQQBS0BlWqRFrCnYIj2fucCa-ORyde1cOnuRRAzobH6vpAHxeG9IzV44FMgZh7fejXCW0QOZewC7x7seCaTuU_gc5F6nuejWRlsyIngJhAi-B_GFn8ic5l9u1aYVC7r_fTawfXnnLy_s.R19N57Yu8pKTfnIE2DuyhY5ea59hVTO8j0EAYDDg8rY&dib_tag=se&keywords=milk&qid=1786066436&s=samedaystore&sprefix=mil%2Csamedaystore%2C348&sr=1-11
Amazon,B0DG619N6R,"South Mountain Creamery Homogenized Whole Milk, 0.5 GL",South Mountain Creamery,True,False,False,,Unknown,,Whole,Unflavored,False,False,False,False,False,False,False,False,False,4,0,5.79,5.79,5.79,https://www.amazon.com/South-Mountain-Creamery-Homogenized-Whole/dp/B0DG619N6R/ref=sr_1_10_us_f3_0o_wf?crid=1E2QJW9TUIM1M&dib=eyJ2IjoiMSJ9.2SP7ZzRAHEOL4e42IE0w6RrKw957y7ZCiC0y6FB-z2CXsC0eaPUoUwCe498OghpFTcP2rPYhYucs1eAG7XG38uwNRfhvahqSBJTvC4_S0p3Mu8P9vGqpY5Uu1zbVy0a10mcJtokx66WgHR5FQ3CZXIFcqVAwjiuRfH_Yvn7Frlnn-OQ9TQA2g0eQQ30_npHX6c82NpI2NjItFzCQAoZ30-wbAv76JfkFphH0CMyixVk.HwFK8lMLNag9OTmTTy_UprFVqOqlHp4ppkaPpnrU2Kg&dib_tag=se&keywords=milk&qid=1786066443&s=samedaystore&sprefix=mil%2Csamedaystore%2C348&sr=1-10
Amazon,B092NP88Y8,"Dairy Maid Dairy 2% Lowfat Milk, 128 Fl Oz",Dairy Maid Dairy,True,True,False,,Gallon,128,2%,Unflavored,False,False,False,False,False,False,False,False,False,3,0,3.26,3.85,3.85,https://www.amazon.com/Dairy-Maid-Lowfat-Milk-128/dp/B092NP88Y8/ref=sr_1_7?crid=1E2QJW9TUIM1M&dib=eyJ2IjoiMSJ9.2SP7ZzRAHEOL4e42IE0w6Ux8wUwNuRr9ReV-UyVoDqFU_UK1YSXw61t09YDcCrTPPAwj14Ys6odERXrVHeHieynzTUPnr0JADaDjXuwjMHSqd-iTckZkIUv_BigBwHXBmF0Fjc1vIjnVb-aJ7q7HgXTctwpVfI8lhuVJf9Lm9rL1GL-Wf45dvpoAE5WBdXmDL6ijcqhxlbKQZC0LU-uSmU-q2KNQ1DJku20GLCyaCAc.DtXlP4zO4WzB6wCbDwW88HrCGNacbaF2JOUwn5KQ60Y&dib_tag=se&keywords=milk&qid=1786066491&s=samedaystore&sprefix=mil%2Csamedaystore%2C348&sr=1-7
Amazon,B0B831TF61,"Shenandoah Valley Family Farms Organic A2A2 Grass Fed Milk, 1 GL",Unknown,True,False,False,,Gallon,128,Unspecified,Unflavored,True,False,False,False,False,True,False,False,False,3,0,10.99,10.99,10.99,https://www.amazon.com/SHENANDOAH-VALLEY-FAMILY-FARMS-Organic/dp/B0B831TF61/ref=sr_1_10_us_f3_0o_wf?crid=1E2QJW9TUIM1M&dib=eyJ2IjoiMSJ9.RPWnqopsV29EblO7AuFazFA2O6ei8aYudgKaabVXurKOWjSmTwW5324usRAcurnvmM83QuKKLsUcsPp6oqypsg5ORY55Bv4lhy6h4PlB3ll8hlQdGtNcclDkfjGkFZZS25RES0CWY1kIae_lDQDF13k3So4ux6ALF75S-8cCctijqhdGWzETL7uIdkB984Gyb-bqzlCgvEK8dD_8VcqeKfxWyvMYVW40mDsNVOl3Hq4.RDJQLKtB9Ra9vAiEbAexdrA7V8X86uMl3VAQ168NDOM&dib_tag=se&keywords=milk&qid=1786066535&s=samedaystore&sprefix=mil%2Csamedaystore%2C348&sr=1-10
Amazon,B00IZ6P9H0,"Califia Farms, Almond Milk Unsweetened, 48 Fl Oz",Unknown,False,False,False,plant_based,48 fl oz,48,Unspecified,Unflavored,False,False,False,False,False,False,False,False,False,0,0,,,,https://www.amazon.com/Califia-Farms-Almondmilk-Whole30-Unsweetened/dp/B00IZ6P9H0/ref=sr_1_9?crid=1E2QJW9TUIM1M&dib=eyJ2IjoiMSJ9.nvldcAg5DtQqzCDMOU-jLifqw5K1dONyGVS2I5frCYBV186_ekLvXi0QyqBGtbZO5YQ6lPMQaPQK9ykr_TMX1dEzkhFUgqidCP5Ug6rC_AfVpS58hlhY82f1b9ABDBe702gBzX_-wpiJV5Yb6Vs8m3RNO97r1_5dteWBZ3IMP3YghHpuhzy4KGoN5v-64ftmKzY_GbIHOagUWeSPftYLaO_qYuNirJvUlTtchUgYtt4.KXPVUbtkYwcIxxK7Bbh-4AlC_stuc3-W8gfllZtgfVU&dib_tag=se&keywords=milk&qid=1786066592&s=samedaystore&sprefix=mil%2Csamedaystore%2C348&sr=1-9
Amazon,B07D6TBM4R,"365 by Whole Foods Market, Organic Coconut Milk, Vanilla Unsweetened, 32 Fl Oz",365 by Whole Foods Market,False,False,False,plant_based,32 fl oz,32,Whole,Vanilla,True,False,False,False,False,False,False,False,True,0,0,,,,https://www.amazon.com/365-EVERYDAY-Organic-Unsweet-Vanilla/dp/B07D6TBM4R/ref=sr_1_15?crid=1E2QJW9TUIM1M&dib=eyJ2IjoiMSJ9.A7fNoVZ58cuppQ8EyOXkNaw18U6_mYDzaGd_NSaIwbaNo1Qx3XMIEoIPrVrEzEmSEKsPLvyr3QM5lOonLwa60rMDjV78QdnLjlPcoGWT3vtHMEwepNFbjHHWVdtBhuNYWzVqoWPhHs0apjccobsqnrmltY1ANR2Z55Nzbij1PUxyKEfqcR5B48db-ZZGEF54bCnU34VMKpgmS319cYRV8yCAG6HQQEbAssf3qioVB4A.pf-BqXaISjU_owmdZOq0FJeg3dAZAhO8ZkKVZC6hmxs&dib_tag=se&keywords=milk&qid=1786066918&s=samedaystore&sprefix=mil%2Csamedaystore%2C348&sr=1-15
Amazon,B07FYDFSG2,"Ran Lew Dairy Milk Co, Milk Whole Cream Top, 128 Fl Oz",Ran Lew Dairy Milk Co,True,True,False,,Gallon,128,Whole,Unflavored,False,False,False,False,False,False,False,False,False,1,0,7.49,7.49,7.49,https://www.amazon.com/Ran-Lew-Dairy-Milk-Co/dp/B07FYDFSG2/ref=sr_1_10_us_f3_0o_wf?crid=1E2QJW9TUIM1M&dib=eyJ2IjoiMSJ9.RPWnqopsV29EblO7AuFazFA2O6ei8aYudgKaabVXurL1kuAztC4OQZ-z04KDL41YeYKWquyLUIhnXe_u9IIQidHydCwUa9A2l79_PVKW6zQcmUf7OeKd2_6rt86vO3CAKZ6g0ZkhUsGSbYG8ZHgaquG6UU82FwTCGGBkI-w6yiO_4VH-QtbeVV7ntpnivy4ZToQqYO2M5AcEEFU9XhQNtvgSzGhTkHogIcKmkjfFPFI.1f4_4ju8YF9tHJMQpd21O3hSaA5QVeX0CFWxZi080Xs&dib_tag=se&keywords=milk&qid=1786066934&s=samedaystore&sprefix=mil%2Csamedaystore%2C348&sr=1-10
Amazon,B000SKPJSU,"Horizon Organic, 2% Reduced Fat Milk Ultra Pasteurized, 64 Ounce | USDA Organic Vitamin D Milk, Ultra Pasteurized, Rich, Creamy, & Delicious",Horizon Organic,True,True,False,,Half Gallon,64,2%,Unflavored,True,False,False,False,False,False,False,False,False,11,0,5.96,5.96,5.96,https://www.amazon.com/Horizon-Organic-Reduced-Pasteurized-Gallon/dp/B000SKPJSU/ref=sr_1_6?crid=1E2QJW9TUIM1M&dib=eyJ2IjoiMSJ9.Ky1wFIA-moyyNhXHm8_wyeK9OKcMXQWF01yRSjpAt0trrS5YMqASaJbfJKAf4eDnOoRrRlgpMraqdo4G8u-QnTx7y4qyMuo0AXBiG6D8xU2Wp_pxescHYs11ZXhFJPI5Htwi39-3a-3kiA2Fo1wiRxtN4R7KYBebQ63pe68VNC-umQTGrO0xgeGPkBVhkXWSKNGZCxEXUMKJIKwhHxrF_B_qqHKKMG3p6PLVJwMtWgs.erm4XSqmxEPLtEXXrhqenZctHYji8lPtQnutMidI46I&dib_tag=se&keywords=milk&qid=1786066967&s=samedaystore&sprefix=mil%2Csamedaystore%2C348&sr=1-6
Amazon,B084SPMY3J,"Lactaid Protein Whole Milk, 52 oz",Lactaid,True,True,False,,52 fl oz,52,Whole,Unflavored,False,False,False,False,False,False,False,False,False,14,0,3.08,5.25,5.25,https://www.amazon.com/Lactaid-Protein-Whole-Milk-52/dp/B084SPMY3J/ref=sr_1_9?crid=1E2QJW9TUIM1M&dib=eyJ2IjoiMSJ9.Ky1wFIA-moyyNhXHm8_wyeK9OKcMXQWF01yRSjpAt0trrS5YMqASaJbfJKAf4eDnOoRrRlgpMraqdo4G8u-QnTx7y4qyMuo0AXBiG6D8xU2Wp_pxescHYs11ZXhFJPI5Htwi39-3a-3kiA2Fo1wiRxtN4R7KYBebQ63pe68VNC-umQTGrO0xgeGPkBVhkXWSKNGZCxEXUMKJIKwhHxrF_B_qqHKKMG3p6PLVJwMtWgs.erm4XSqmxEPLtEXXrhqenZctHYji8lPtQnutMidI46I&dib_tag=se&keywords=milk&qid=1786066967&s=samedaystore&sprefix=mil%2Csamedaystore%2C348&sr=1-9
Amazon,B00O1NZNRM,"Organic Valley Lactose-Free, Organic Whole Milk, 64 oz",Organic Valley,True,True,False,,Half Gallon,64,Whole,Unflavored,True,True,False,False,False,False,False,False,False,27,0,5.97,7.49,7.49,https://www.amazon.com/Organic-Valley-Lactose-Pasteurized-Gallon/dp/B00O1NZNRM/ref=sr_1_12?crid=1E2QJW9TUIM1M&dib=eyJ2IjoiMSJ9.Ky1wFIA-moyyNhXHm8_wyeK9OKcMXQWF01yRSjpAt0trrS5YMqASaJbfJKAf4eDnOoRrRlgpMraqdo4G8u-QnTx7y4qyMuo0AXBiG6D8xU2Wp_pxescHYs11ZXhFJPI5Htwi39-3a-3kiA2Fo1wiRxtN4R7KYBebQ63pe68VNC-umQTGrO0xgeGPkBVhkXWSKNGZCxEXUMKJIKwhHxrF_B_qqHKKMG3p6PLVJwMtWgs.erm4XSqmxEPLtEXXrhqenZctHYji8lPtQnutMidI46I&dib_tag=se&keywords=milk&qid=1786066967&s=samedaystore&sprefix=mil%2Csamedaystore%2C348&sr=1-12
Amazon,B074H5ZHJL,"365 by Whole Foods Market, Organic Fat Free Milk, 64 oz",365 by Whole Foods Market,True,True,False,,Half Gallon,64,Skim/Fat-Free,Unflavored,True,False,False,False,False,False,False,False,True,4,0,4.68,4.68,4.68,https://www.amazon.com/365-Everyday-Value-Organic-Free/dp/B074H5ZHJL/ref=sr_1_13?crid=1E2QJW9TUIM1M&dib=eyJ2IjoiMSJ9.Ky1wFIA-moyyNhXHm8_wyeK9OKcMXQWF01yRSjpAt0trrS5YMqASaJbfJKAf4eDnOoRrRlgpMraqdo4G8u-QnTx7y4qyMuo0AXBiG6D8xU2Wp_pxescHYs11ZXhFJPI5Htwi39-3a-3kiA2Fo1wiRxtN4R7KYBebQ63pe68VNC-umQTGrO0xgeGPkBVhkXWSKNGZCxEXUMKJIKwhHxrF_B_qqHKKMG3p6PLVJwMtWgs.erm4XSqmxEPLtEXXrhqenZctHYji8lPtQnutMidI46I&dib_tag=se&keywords=milk&qid=1786066967&s=samedaystore&sprefix=mil%2Csamedaystore%2C348&sr=1-13
Amazon,B074H8KM4Y,"365 by Whole Foods Market, Organic Fat Free Milk, 128 Ounce",365 by Whole Foods Market,True,True,False,,Gallon,128,Skim/Fat-Free,Unflavored,True,False,False,False,False,False,False,False,True,2,0,7.99,7.99,7.99,https://www.amazon.com/365-Everyday-Value-Organic-Free/dp/B074H8KM4Y/ref=sr_1_16?crid=1E2QJW9TUIM1M&dib=eyJ2IjoiMSJ9.Ky1wFIA-moyyNhXHm8_wyeK9OKcMXQWF01yRSjpAt0trrS5YMqASaJbfJKAf4eDnOoRrRlgpMraqdo4G8u-QnTx7y4qyMuo0AXBiG6D8xU2Wp_pxescHYs11ZXhFJPI5Htwi39-3a-3kiA2Fo1wiRxtN4R7KYBebQ63pe68VNC-umQTGrO0xgeGPkBVhkXWSKNGZCxEXUMKJIKwhHxrF_B_qqHKKMG3p6PLVJwMtWgs.erm4XSqmxEPLtEXXrhqenZctHYji8lPtQnutMidI46I&dib_tag=se&keywords=milk&qid=1786066967&s=samedaystore&sprefix=mil%2Csamedaystore%2C348&sr=1-16
Amazon,B0CJ4FXWMT,"Califia Farms - Organic Oat Barista Blend, 32 oz (Pack of 6), Shelf Stable, Dairy Free, Plant Based, Vegan, Non GMO, Organic Milk, Creamer, Milk Frother, Oatmilk",Unknown,False,False,True,"creamer_cream,non_beverage,plant_based",32 fl oz,32,Unspecified,Unflavored,True,False,False,False,False,False,False,False,False,0,0,,,,https://www.amazon.com/Califia-Farms-Organic-Barista-Creamer/dp/B0CJ4FXWMT/ref=sr_1_16?crid=1E2QJW9TUIM1M&dib=eyJ2IjoiMSJ9.GQqE5CM5aZ-ngZPedbokBNLJ7xuZM2MgAmpnLhFJNYP83KUWUGa912GIEcKmI-k14xMCE2kxpuU55i49ELBcmXLCq7ITqbCA38j-7doCoCf2GChgMzqX2FaFckcVaV4sbda8IASgK_UqJa3NhX27nLmltY1ANR2Z55Nzbij1PUwGxs885axOxQL--suIKc37WDBxTW9OWfyL76dFRZ1Iu74iOluP8g5pf68DLuJOjqA.b7uIpe0nd4CyrYCaJ8yYuEKJRur6uqsFxixqeUIq4lw&dib_tag=se&keywords=milk&qid=1786066969&s=samedaystore&sprefix=mil%2Csamedaystore%2C348&sr=1-16
Amazon,B0B1LWL1YD,"Lactaid Whole Milk, 32 fl oz",Lactaid,True,True,False,,32 fl oz,32,Whole,Unflavored,False,False,False,False,False,False,False,False,False,14,0,1.38,2.46,2.46,https://www.amazon.com/Lactaid-Whole-Milk-32/dp/B0B1LWL1YD/ref=sr_1_10?crid=1E2QJW9TUIM1M&dib=eyJ2IjoiMSJ9.Sf8_yMh66s-bFofIXdMaCI4tDXfbkNtKW4tDCz3yui3F6zxfmzdSQUJVerk2FoZhI0G3Ln6AXYJdIrOz2BQripWepnf4c76iphscYlZpBiMnYY7WS33OD_JaPi5r3v0dMUgcj60gQXPQMP5PsWkrIBxucNvwZrBEuP0HvNFViadyBTiRYiVKLEBBScFAMIQtS8TWS5_vbsj9-Yz74upsG1cofGHF7QuMaxQcwZ4VaP8.5CUhHlOn-FuFwSqsv4AndcKMJA7I-cMmcAy1YRqdDPI&dib_tag=se&keywords=milk&qid=1786066977&s=samedaystore&sprefix=mil%2Csamedaystore%2C348&sr=1-10
Amazon,B08147JLZ9,"Organic Valley® Organic 1% (Low Fat) Milk — Pasture Raised, Non GMO — 128 oz (Gallon)",Organic Valley,True,True,False,,Gallon,128,1%,Unflavored,True,False,False,False,False,False,False,False,False,9,0,9.09,9.09,10.91,https://www.amazon.com/Lowfat-Organic-Valley-Pasteurized-Gallon/dp/B08147JLZ9/ref=sr_1_16?crid=1E2QJW9TUIM1M&dib=eyJ2IjoiMSJ9.Sf8_yMh66s-bFofIXdMaCI4tDXfbkNtKW4tDCz3yui3F6zxfmzdSQUJVerk2FoZhI0G3Ln6AXYJdIrOz2BQripWepnf4c76iphscYlZpBiMnYY7WS33OD_JaPi5r3v0dMUgcj60gQXPQMP5PsWkrIBxucNvwZrBEuP0HvNFViadyBTiRYiVKLEBBScFAMIQtS8TWS5_vbsj9-Yz74upsG1cofGHF7QuMaxQcwZ4VaP8.5CUhHlOn-FuFwSqsv4AndcKMJA7I-cMmcAy1YRqdDPI&dib_tag=se&keywords=milk&qid=1786066977&s=samedaystore&sprefix=mil%2Csamedaystore%2C348&sr=1-16
Amazon,B08QYH3V7T,"Almond Breeze Dairy Free Almondmilk Unsweetened Original 32 Oz Boxes, 6 Count | Dairy-free, Shelf-stable Carton, Gluten-free, Vegan, non-GMO, Plant-based Milk | Great in coffee, cereal, smoothies & baking",Unknown,False,False,True,plant_based,32 fl oz,32,Unspecified,Unflavored,False,False,False,False,False,False,False,False,False,0,0,,,,https://www.amazon.com/Almond-Breeze-Almondmilk-Unsweetened-Original/dp/B08QYH3V7T/ref=sr_1_13?crid=1E2QJW9TUIM1M&dib=eyJ2IjoiMSJ9.GQqE5CM5aZ-ngZPedbokBNLJ7xuZM2MgAmpnLhFJNYP83KUWUGa912GIEcKmI-k1Y_00puIK7M46FyXw40ZtPDb-7JIXR9Hz5rcPhaFcl8aQBWZihVTZo3hVR-Roynhv0fxRd1lA7pqHATrd7NNtJDr2saZ-dt-OoPB7Dpyj1B1qhkJ2c2FC0nYcgHpmVuUzOBaBh31AxqntFeTWAjN1dAKTt2-iBbkz0krAKO1nCpA.neI9OXyU8XHdQzNCRupxs8-d-emfQwRSNDjLGY9iL_4&dib_tag=se&keywords=milk&qid=1786067008&s=samedaystore&sprefix=mil%2Csamedaystore%2C348&sr=1-13
Amazon,B07W59VH6B,"Oatsome Organic Oat Milk 33.8 Fl Oz x 6, Unsweetened, No Gums",Unknown,False,False,False,plant_based,33.8 fl oz,33.8,Unspecified,Unflavored,True,False,False,False,False,False,False,False,False,0,0,,,,https://www.amazon.com/Oatsome-Organic-Oat-Milk-Count/dp/B07W59VH6B/ref=sr_1_14?crid=1E2QJW9TUIM1M&dib=eyJ2IjoiMSJ9.GQqE5CM5aZ-ngZPedbokBNLJ7xuZM2MgAmpnLhFJNYP83KUWUGa912GIEcKmI-k1Y_00puIK7M46FyXw40ZtPDb-7JIXR9Hz5rcPhaFcl8aQBWZihVTZo3hVR-Roynhv0fxRd1lA7pqHATrd7NNtJDr2saZ-dt-OoPB7Dpyj1B1qhkJ2c2FC0nYcgHpmVuUzOBaBh31AxqntFeTWAjN1dAKTt2-iBbkz0krAKO1nCpA.neI9OXyU8XHdQzNCRupxs8-d-emfQwRSNDjLGY9iL_4&dib_tag=se&keywords=milk&qid=1786067008&rdc=1&s=samedaystore&sprefix=mil%2Csamedaystore%2C348&sr=1-14
Amazon,B0CWMS2YB7,"Califia Farms - Organic Unsweetened Almond Milk, 32 Oz (Pack of 6), Dairy Free, Vegan, Plant Based, Keto, Vegan, Gluten Free, Non GMO, USDA Organic",Unknown,False,False,False,plant_based,32 fl oz,32,Unspecified,Unflavored,True,False,False,False,False,False,False,False,False,0,0,,,,https://www.amazon.com/Califia-Farms-Organic-Unsweetened-Almond/dp/B0CWMS2YB7/ref=sr_1_15?crid=1E2QJW9TUIM1M&dib=eyJ2IjoiMSJ9.GQqE5CM5aZ-ngZPedbokBCySXWear4nZn8RzdvlK5vLClQ-nlaauY_-Qjg1iyF8d9RfIAJVTvoBN4rs8btQ4v4VEJLVBwk8Bcv9qjtasMrFXmupePjMRP_DVTT60kdbhx6D4nkIJ0FK8_rTxn2urhkSRAQCLoCY9p_mmhYeNhsLBRH-6ZaLuFl-yWGKojb1H1KgPvB1mV0gwA5AVf0sNRT3nlu_WIbJTs8dBdMlztaM.mlyiTSurREYfuMfpcgXQKRtAj9719uB-kSngOAT2ysk&dib_tag=se&keywords=milk&qid=1786067170&s=samedaystore&sprefix=mil%2Csamedaystore%2C348&sr=1-15
Amazon,B07FY8QRWQ,"Happy Cow Creamery, Milk Whole, 128 Fl Oz",Happy Cow Creamery,True,True,False,,Gallon,128,Whole,Unflavored,False,False,False,False,False,False,False,False,False,2,0,6.79,6.79,6.79,https://www.amazon.com/Happy-Cow-Creamery-Milk-Whole/dp/B07FY8QRWQ/ref=sr_1_5_us_f3_0o_wf?crid=1E2QJW9TUIM1M&dib=eyJ2IjoiMSJ9.RPWnqopsV29EblO7AuFazFA2O6ei8aYudgKaabVXurJQ5XFulZgtMDKxwBX347RSd6mn0q7PE7gbMGOBaO7xIgqjlBzIVzOmljiymHQomYAtz276rIQ5JVZa18jfpMuUhQx-eCPq_y1BWYwjtBCnQkfuldo0DjSagSMFRAvYXj2h9U5ifgLMb9RSuDzYXRyLW6jm6EO8JxN-ljkUQAheh9PDwTcKFZCdy-NHRKNttCQ.M6PLP1cztMSJus0PVZoYHiIqYYHY9_K9RGt9VoukwOM&dib_tag=se&keywords=milk&qid=1786067141&s=samedaystore&sprefix=mil%2Csamedaystore%2C348&sr=1-5
Amazon,B00VTR0UFI,"Horizon Organic Shelf Stable 1% Lowfat DHA Omega-3 Chocolate Milk, 12ct | 8g Protein per Serving, 1% Lowfat, USDA Organic, No Refrigeration Required, Lunchboxes, On The Go, For Adults & Kids",Horizon Organic,False,False,True,,Unknown,,1%,Chocolate,True,False,False,False,True,False,True,False,False,0,0,,,,https://www.amazon.com/Horizon-Organic-Chocolate-Alternative-Supports/dp/B00VTR0UFI/ref=sr_1_15?crid=1E2QJW9TUIM1M&dib=eyJ2IjoiMSJ9.GQqE5CM5aZ-ngZPedbokBCySXWear4nZn8RzdvlK5vJYAoUp0wrup7gyg3BXSkrY4vLEETceg68gM3WWZrOlVkq-xld6aJO4UBPD7_hINRTovMGUKPTe5XE6LCauX-qtx6D4nkIJ0FK8_rTxn2urhqBcide1HEEIP-4hxS3-LhMFF6Dn0i4PGArT5-G8qWo884phwgdvVNv6zdi_cFBsjGmUDmEFYcngxeMA6Zl7_Yo._pRSHDXfQ288xeJguicjn_g6hDDs1glqTiF4JWt19YY&dib_tag=se&keywords=milk&qid=1786067142&rdc=1&s=samedaystore&sprefix=mil%2Csamedaystore%2C348&sr=1-15
Amazon,B0014CS1X6,"Eagle Brand 14oz Sweetened Condensed Milk, Great for Flan, Cooking, Baking, Drinks, Dessert, Ice Cream, No Artificial Ingredients, Gluten Free, Rich Creamy Flavor, rBST-Free, Kosher-Dairy",Unknown,False,False,False,"condensed_evaporated,dessert",14 fl oz,14,Unspecified,Unflavored,False,False,False,False,False,False,False,False,False,0,0,,,,https://www.amazon.com/Eagle-Brand-Sweetened-Condensed-Milk/dp/B0014CS1X6/ref=sr_1_16?crid=1E2QJW9TUIM1M&dib=eyJ2IjoiMSJ9.jzbinYPohlh2p74EqUzJ6aDKnAGub0N6zCTFeDdHTtAYi3wNTvUXg2OF9CN1raQWZpqX9UHespHP2qdkZnQnpYbJYzktadiv214KKsUNlrZdExdeLusR3LtnOp8aNgLZ9Svpf-P1F2s_RMhBgxBUIMsUL3RVDgvWgPrSwWQxUNqfJVcfKa6ISqAa5bi5BdlKNBVfwnrAkrUtx---ZL0ywW-zaROe6BdtWtySHSZKThs.r-mzz3EZHgaSGKUhlfGuGIMQfoG5Y5KDUP7uQHljBgg&dib_tag=se&keywords=milk&qid=1786067144&s=samedaystore&sprefix=mil%2Csamedaystore%2C348&sr=1-16
Amazon,B005TM4DMK,"Phillips’ Milk of Magnesia Liquid Laxative, Wild Cherry Flavor, Stimulant Free, Cramp Free Relief of Occasional Constipation*, Effective in 30 minutes - 6 hours, #1 Milk of Magnesia Brand, 26 oz",Unknown,True,False,False,,26 fl oz,26,Unspecified,Unflavored,False,False,False,False,False,False,False,False,False,6,0,8.98,8.98,8.98,https://www.amazon.com/Phillips-Milk-Magnesia-Occasional-Constipation/dp/B005TM4DMK/ref=sr_1_15?crid=1E2QJW9TUIM1M&dib=eyJ2IjoiMSJ9.jzbinYPohlh2p74EqUzJ6aDKnAGub0N6zCTFeDdHTtAYi3wNTvUXg2OF9CN1raQWZpqX9UHespHP2qdkZnQnpUb0bYvqFAfDa4gS7iLmGjKRqa2VodK9Oi98OXwf6pQHL0dr40qiN34kmAXcjcGa-n46QdBG6--LYKZhWjIlr2RXaA4o90guF_I2jCcyv-6nSNJlfmZkyP4qGTRoOI12vJGoGsYLnEJ02KKf3MwuNq4.5gOux31JQajiOiJUhHg-BQetgxckQqqddau0iNRq6ZM&dib_tag=se&keywords=milk&qid=1786067142&s=samedaystore&sprefix=mil%2Csamedaystore%2C348&sr=1-15
Amazon,B09RKS263J,Eagle Brand Evaporated Milk 12oz,Unknown,False,False,False,condensed_evaporated,12 fl oz,12,Unspecified,Unflavored,False,False,False,False,False,False,False,False,False,0,0,,,,https://www.amazon.com/Eagle-Brand-Evaporated-Milk-12oz/dp/B09RKS263J/ref=sr_1_15?crid=1E2QJW9TUIM1M&dib=eyJ2IjoiMSJ9.GQqE5CM5aZ-ngZPedbokBCySXWear4nZn8RzdvlK5vKAGOAkJjtZxzdACJ9OreDp4vBFscZCKm5LWs4B7IfGw4sLnpq7ZDmGHdW34PukdzGfx3FYUr79RqfotpTKA1AyR8R7IaauHw3WvcE1DCJa9Is0piZAuFTOLamon_eS7364xhZipZ2_7X0_L5yf65F2I0LkeFEayImM3hv-F0CarqX_PcZYmHAVRX9ecR39Cv8.niZxIDC0K2FGmuLxGBVoyjT0kfEDlUvTipPk6TOgdcE&dib_tag=se&keywords=milk&qid=1786067202&s=samedaystore&sprefix=mil%2Csamedaystore%2C348&sr=1-15
Amazon,B0F34WBB13,Country Fresh Whole Milk Gallon,Country Fresh,True,True,False,,Gallon,128,Whole,Unflavored,False,False,False,False,False,False,False,False,False,46,0,4.68,5.99,6.68,https://www.amazon.com/Country-Fresh-Whole-Milk-Gallon/dp/B0F34WBB13/ref=sr_1_8?crid=1E2QJW9TUIM1M&dib=eyJ2IjoiMSJ9.WO3oVlI8YvUypYDZegM_OnDf8CYPABPzswNpz-8lak8ChAfR5MW8aCiQD6ixtSrDa-HnJ75eimwdFA0slaNB6CSEfiQj1wez9yRbPNcHw0CjH2ckQ29Jj6yq5JZaQHE0Ku6D80S6AmVJ38UkIJnIphjHtNrZ-CoZy84wqp6o8vZ5EFNW-5sP-XqzcRLnAI-kVJJrYBexm06gfAnu8oA4Dk0pMW8JMGvk2bPIZOxDzsg.lox2-nUDqGIBLKrwRK_E_o8_X0HA38oxi7v9RcBlw18&dib_tag=se&keywords=milk&qid=1786067315&s=samedaystore&sprefix=mil%2Csamedaystore%2C348&sr=1-8
Amazon,B003ZS4FXM,"Yoo-hoo Chocolate Drink, 6.5 fl oz boxes, 32 pack",Unknown,False,False,False,not_milk,6.5 fl oz,6.5,Unspecified,Chocolate,False,False,False,False,False,False,False,False,False,0,0,,,,https://www.amazon.com/Yoo-hoo-Chocolate-Drink-boxes-count/dp/B003ZS4FXM/ref=sr_1_4?crid=1E2QJW9TUIM1M&dib=eyJ2IjoiMSJ9.YzpSlsriWZUDtga_L6eXOcS2cuEf0tFmvY3BjopO5Ea4eZV22ccvrVpOMijADtG-knIRluWtvE7783l7vc4I9se0UeKo26kytmUI8UVSJ6empiIgNY8lQQjSB3A-6-LuoF7ekki23Qt_74Xh14OBMRP9udZYn9CVwAXCRkpDqY_HroU1x2VI95g2edPcjKCHJzT7p0W6h9xH67nsC__1QoGRtje3MDRVUzV6_ADykEE.B3ZBnkuxYhaEtzGXoWQMjgYWJDubYWiekvu3M8q3Opc&dib_tag=se&keywords=milk&qid=1786067446&rdc=1&s=samedaystore&sprefix=mil%2Csamedaystore%2C348&sr=1-4
Amazon,B0DCLC2LT8,"Bubs Whole Goat Milk Toddler Nutritional Drink for 12-36 Months, 20 oz | Goat Milk-Based Powder with Iron, DHA, ARA, Prebiotics & Essential Nutrients to Support Gentle Digestion, with Non-GMO Milk",Unknown,False,False,False,"goat_other,powder_formula",20 fl oz,20,Whole,Unflavored,False,False,False,False,True,False,False,False,False,0,0,,,,https://www.amazon.com/Bubs-Toddler-Nutritional-Non-GMO-Milk-Based/dp/B0DCLC2LT8/ref=sr_1_7?crid=1E2QJW9TUIM1M&dib=eyJ2IjoiMSJ9.YzpSlsriWZUDtga_L6eXOcS2cuEf0tFmvY3BjopO5Ea4eZV22ccvrVpOMijADtG-knIRluWtvE7783l7vc4I9se0UeKo26kytmUI8UVSJ6empiIgNY8lQQjSB3A-6-LuoF7ekki23Qt_74Xh14OBMRP9udZYn9CVwAXCRkpDqY_HroU1x2VI95g2edPcjKCHJzT7p0W6h9xH67nsC__1QoGRtje3MDRVUzV6_ADykEE.B3ZBnkuxYhaEtzGXoWQMjgYWJDubYWiekvu3M8q3Opc&dib_tag=se&keywords=milk&qid=1786067446&s=samedaystore&sprefix=mil%2Csamedaystore%2C348&sr=1-7
Amazon,B0FST2CHRC,"Nurri 30g Protein Ultra Filtered Milk Shake, Chocolate, 10-11 fl oz Cans | Ready to drink, Ultra-filtered milk protein, 150 calories, 1g sugar, 10 vitamins and minerals",Nurri,True,False,False,,Gallon,128,Unspecified,Chocolate,False,False,True,False,False,False,False,False,False,3,0,25.02,25.02,25.02,https://www.amazon.com/Nurri-Filtered-Chocolate-Calories-Vitamins/dp/B0FST2CHRC/ref=sr_1_8?crid=1E2QJW9TUIM1M&dib=eyJ2IjoiMSJ9.YzpSlsriWZUDtga_L6eXOcS2cuEf0tFmvY3BjopO5Ea4eZV22ccvrVpOMijADtG-knIRluWtvE7783l7vc4I9se0UeKo26kytmUI8UVSJ6empiIgNY8lQQjSB3A-6-LuoF7ekki23Qt_74Xh14OBMRP9udZYn9CVwAXCRkpDqY_HroU1x2VI95g2edPcjKCHJzT7p0W6h9xH67nsC__1QoGRtje3MDRVUzV6_ADykEE.B3ZBnkuxYhaEtzGXoWQMjgYWJDubYWiekvu3M8q3Opc&dib_tag=se&keywords=milk&qid=1786067446&s=samedaystore&sprefix=mil%2Csamedaystore%2C348&sr=1-8
Amazon,B006XISCNA,"Lansinoh Breastmilk Storage Bags, 6 Ounce, 100 Count | Baby Essentials, Leak-Proof, Fast Freeze & Thaw Breast Milk Bags for Baby Bottle Feeding, Strength & Stretch",Unknown,False,False,False,,6 fl oz,6,Unspecified,Unflavored,False,False,False,False,False,False,False,False,False,0,0,,,,https://www.amazon.com/Lansinoh-Breastmilk-Essentials-Superior-Strength/dp/B006XISCNA/ref=sr_1_9?crid=1E2QJW9TUIM1M&dib=eyJ2IjoiMSJ9.YzpSlsriWZUDtga_L6eXOcS2cuEf0tFmvY3BjopO5Ea4eZV22ccvrVpOMijADtG-knIRluWtvE7783l7vc4I9se0UeKo26kytmUI8UVSJ6empiIgNY8lQQjSB3A-6-LuoF7ekki23Qt_74Xh14OBMRP9udZYn9CVwAXCRkpDqY_HroU1x2VI95g2edPcjKCHJzT7p0W6h9xH67nsC__1QoGRtje3MDRVUzV6_ADykEE.B3ZBnkuxYhaEtzGXoWQMjgYWJDubYWiekvu3M8q3Opc&dib_tag=se&keywords=milk&qid=1786067446&s=samedaystore&sprefix=mil%2Csamedaystore%2C348&sr=1-9
Amazon,B09D8T11YS,"Zulay Kitchen Powerful Milk Frother Wand With Duracell Batteries - Ultra Fast Handheld Drink Mixer - Electric Whisk Foam Maker for Coffee, Lattes, Cappuccino & Matcha - Z1 Motor - Black",Unknown,False,False,False,"insufficient_product_signal,non_beverage",Unknown,,Unspecified,Unflavored,False,False,False,False,False,False,False,False,False,0,0,,,,https://www.amazon.com/Zulay-Original-Milk-Frother-Handheld/dp/B09D8T11YS/ref=sr_1_10?crid=1E2QJW9TUIM1M&dib=eyJ2IjoiMSJ9.YzpSlsriWZUDtga_L6eXOcS2cuEf0tFmvY3BjopO5Ea4eZV22ccvrVpOMijADtG-knIRluWtvE7783l7vc4I9se0UeKo26kytmUI8UVSJ6empiIgNY8lQQjSB3A-6-LuoF7ekki23Qt_74Xh14OBMRP9udZYn9CVwAXCRkpDqY_HroU1x2VI95g2edPcjKCHJzT7p0W6h9xH67nsC__1QoGRtje3MDRVUzV6_ADykEE.B3ZBnkuxYhaEtzGXoWQMjgYWJDubYWiekvu3M8q3Opc&dib_tag=se&keywords=milk&qid=1786067446&s=samedaystore&sprefix=mil%2Csamedaystore%2C348&sr=1-10
Amazon,B0GVL5Z2BX,"Muscle Milk Pro Liquid High Protein Shake, Chocolate, 11 Fl Oz (Pack of 12) | Ultra Filtered Milk, 33g Protein, 3g Sugar, 200 Calories, No Artificial Flavors, No Artificial Sweeteners, No Added Colors",Unknown,True,False,False,,11 fl oz,11,Unspecified,Chocolate,False,False,True,False,False,False,False,True,False,3,0,26.98,26.98,26.98,https://www.amazon.com/Muscle-Milk-Liquid-Protein-Chocolate/dp/B0GVL5Z2BX/ref=sr_1_11?crid=1E2QJW9TUIM1M&dib=eyJ2IjoiMSJ9.YzpSlsriWZUDtga_L6eXOcS2cuEf0tFmvY3BjopO5Ea4eZV22ccvrVpOMijADtG-knIRluWtvE7783l7vc4I9se0UeKo26kytmUI8UVSJ6empiIgNY8lQQjSB3A-6-LuoF7ekki23Qt_74Xh14OBMRP9udZYn9CVwAXCRkpDqY_HroU1x2VI95g2edPcjKCHJzT7p0W6h9xH67nsC__1QoGRtje3MDRVUzV6_ADykEE.B3ZBnkuxYhaEtzGXoWQMjgYWJDubYWiekvu3M8q3Opc&dib_tag=se&keywords=milk&qid=1786067446&rdc=1&s=samedaystore&sprefix=mil%2Csamedaystore%2C348&sr=1-11
Amazon,B082314NFL,"Zulay Kitchen Milk Frother Handheld Electric Whisk – Frother Wand, Durable Drink Mixer, Coffee Frother, Hand Blender, Frother for Protein Powder, Matcha & More - Black",Unknown,False,False,False,"insufficient_product_signal,non_beverage,powder_formula",Unknown,,Unspecified,Unflavored,False,False,False,False,False,False,False,False,False,0,0,,,,https://www.amazon.com/Zulay-Stronger-Titanium-Stand-Included/dp/B082314NFL/ref=sr_1_12?crid=1E2QJW9TUIM1M&dib=eyJ2IjoiMSJ9.YzpSlsriWZUDtga_L6eXOcS2cuEf0tFmvY3BjopO5Ea4eZV22ccvrVpOMijADtG-knIRluWtvE7783l7vc4I9se0UeKo26kytmUI8UVSJ6empiIgNY8lQQjSB3A-6-LuoF7ekki23Qt_74Xh14OBMRP9udZYn9CVwAXCRkpDqY_HroU1x2VI95g2edPcjKCHJzT7p0W6h9xH67nsC__1QoGRtje3MDRVUzV6_ADykEE.B3ZBnkuxYhaEtzGXoWQMjgYWJDubYWiekvu3M8q3Opc&dib_tag=se&keywords=milk&qid=1786067446&s=samedaystore&sprefix=mil%2Csamedaystore%2C348&sr=1-12
Amazon,B0GVLCWBL5,"Muscle Milk Pro Liquid High Protein Shake, Strawberry, 11 Fl Oz (Pack of 12) | Ultra Filtered Milk, 33g Protein, 3g Sugar, 200 Calories, No Artificial Flavors, No Artificial Sweeteners, No Added Colors",Unknown,True,False,False,,11 fl oz,11,Unspecified,Strawberry,False,False,True,False,False,False,False,True,False,3,0,26.98,26.98,26.98,https://www.amazon.com/Muscle-Milk-Liquid-Protein-Strawberry/dp/B0GVLCWBL5/ref=sr_1_13?crid=1E2QJW9TUIM1M&dib=eyJ2IjoiMSJ9.YzpSlsriWZUDtga_L6eXOcS2cuEf0tFmvY3BjopO5Ea4eZV22ccvrVpOMijADtG-knIRluWtvE7783l7vc4I9se0UeKo26kytmUI8UVSJ6empiIgNY8lQQjSB3A-6-LuoF7ekki23Qt_74Xh14OBMRP9udZYn9CVwAXCRkpDqY_HroU1x2VI95g2edPcjKCHJzT7p0W6h9xH67nsC__1QoGRtje3MDRVUzV6_ADykEE.B3ZBnkuxYhaEtzGXoWQMjgYWJDubYWiekvu3M8q3Opc&dib_tag=se&keywords=milk&qid=1786067446&rdc=1&s=samedaystore&sprefix=mil%2Csamedaystore%2C348&sr=1-13
Amazon,B0DCKXZVS4,"Bubs 365 Day Grass Fed Infant Formula for 0-12 Months, Non-GMO Milk, 20oz | Cow Milk-Based Powder with Iron, DHA, Prebiotics & Probiotics to Support Gentle, Digestive Health",Unknown,False,False,False,"baby,powder_formula",20 fl oz,20,Unspecified,Unflavored,False,False,False,False,True,True,False,False,False,0,0,,,,https://www.amazon.com/Bubs-Formula-Milk-Based-Infants-Non-GMO/dp/B0DCKXZVS4/ref=sr_1_14?crid=1E2QJW9TUIM1M&dib=eyJ2IjoiMSJ9.YzpSlsriWZUDtga_L6eXOcS2cuEf0tFmvY3BjopO5Ea4eZV22ccvrVpOMijADtG-knIRluWtvE7783l7vc4I9se0UeKo26kytmUI8UVSJ6empiIgNY8lQQjSB3A-6-LuoF7ekki23Qt_74Xh14OBMRP9udZYn9CVwAXCRkpDqY_HroU1x2VI95g2edPcjKCHJzT7p0W6h9xH67nsC__1QoGRtje3MDRVUzV6_ADykEE.B3ZBnkuxYhaEtzGXoWQMjgYWJDubYWiekvu3M8q3Opc&dib_tag=se&keywords=milk&qid=1786067446&s=samedaystore&sprefix=mil%2Csamedaystore%2C348&sr=1-14
Amazon,B0F7BCY1J5,"Premier Protein Non-Dairy Almondmilk Protein Shake, 20g, Chocolate, 12 Pack | Plant-Based Protein, 160 Calories, 5g Sugar, Supports Muscle Health, Gluten-Free, 11.5 oz",Unknown,False,False,False,"not_milk,plant_based",11.5 fl oz,11.5,Unspecified,Chocolate,False,False,False,False,False,False,False,False,False,0,0,,,,https://www.amazon.com/Premier-Protein-Almondmilk-Plant-Chocolate/dp/B0F7BCY1J5/ref=sr_1_15?crid=1E2QJW9TUIM1M&dib=eyJ2IjoiMSJ9.YzpSlsriWZUDtga_L6eXOcS2cuEf0tFmvY3BjopO5Ea4eZV22ccvrVpOMijADtG-knIRluWtvE7783l7vc4I9se0UeKo26kytmUI8UVSJ6empiIgNY8lQQjSB3A-6-LuoF7ekki23Qt_74Xh14OBMRP9udZYn9CVwAXCRkpDqY_HroU1x2VI95g2edPcjKCHJzT7p0W6h9xH67nsC__1QoGRtje3MDRVUzV6_ADykEE.B3ZBnkuxYhaEtzGXoWQMjgYWJDubYWiekvu3M8q3Opc&dib_tag=se&keywords=milk&qid=1786067446&rdc=1&s=samedaystore&sprefix=mil%2Csamedaystore%2C348&sr=1-15
Amazon,B0CLXZJK1M,"Kabrita Goat Milk Infant Formula Powder, Gentle Digestion, Non-GMO, 28 oz | Gentle Alternative to Cow's Milk, with Iron, DHA, ARA & Prebiotics, for Infants 0–12 Months",Unknown,False,False,False,"baby,goat_other,powder_formula",28 fl oz,28,Unspecified,Unflavored,False,False,False,False,True,False,False,False,False,0,0,,,,https://www.amazon.com/Kabrita-Milk-Based-Digestion-Alternative-Prebiotics/dp/B0CLXZJK1M/ref=sr_1_16?crid=1E2QJW9TUIM1M&dib=eyJ2IjoiMSJ9.YzpSlsriWZUDtga_L6eXOcS2cuEf0tFmvY3BjopO5Ea4eZV22ccvrVpOMijADtG-knIRluWtvE7783l7vc4I9se0UeKo26kytmUI8UVSJ6empiIgNY8lQQjSB3A-6-LuoF7ekki23Qt_74Xh14OBMRP9udZYn9CVwAXCRkpDqY_HroU1x2VI95g2edPcjKCHJzT7p0W6h9xH67nsC__1QoGRtje3MDRVUzV6_ADykEE.B3ZBnkuxYhaEtzGXoWQMjgYWJDubYWiekvu3M8q3Opc&dib_tag=se&keywords=milk&qid=1786067446&s=samedaystore&sprefix=mil%2Csamedaystore%2C348&sr=1-16
Amazon,B00HO7B0Z6,"Carnation Breakfast Essentials Ready-to-Drink, Vanilla, 8 FL OZ, 24 pk",Unknown,False,False,False,not_milk,8 fl oz,8,Unspecified,Vanilla,False,False,False,False,False,False,False,False,False,0,0,,,,https://www.amazon.com/Carnation-Breakfast-Essentials-Classic-Vanilla/dp/B00HO7B0Z6/ref=sr_1_8?crid=1E2QJW9TUIM1M&dib=eyJ2IjoiMSJ9.wxK41CxmcPbVvVfStET2g8kJw7yTu1SC0QxT1iLvlE65W8ArPYSfGQ8zuC6KPlpI2zfMSVcAFfhGEt_2IRhMGJuX7DXx4Pv5AUbsK4ePPDuxh1HBS1sbjeO8VFvBiDik3i59UIDsdPbu4T_rnK1poCDNJ077HbkkNNmSAiSpe1uYS8lI5YIb2qZzuBFTsxa7dSdFdNhxq_aTP53bLgdqbZ6OPnU8wuWJO6GSOp7yN1I.d0bRp7Ttt9gbpqGQ5AGmNPDt9h0roObnTm54YP3_A1Y&dib_tag=se&keywords=milk&qid=1786067447&s=samedaystore&sprefix=mil%2Csamedaystore%2C348&sr=1-8
Amazon,B0791Y2LMB,"Ensure Max Protein Milk Chocolate Shake, 30g High Protein, 12 Pack | 30g Protein to Support Muscle Health & Manage Hunger for Adults, Each Protein Shake has 1g Sugar, 150 Calories, 4g Fiber",Unknown,False,False,False,,Gallon,128,Unspecified,Chocolate,False,False,False,False,False,False,False,True,False,0,0,,,,https://www.amazon.com/Ensure-Max-Protein-Nutrition-Chocolate/dp/B0791Y2LMB/ref=sr_1_2?crid=1E2QJW9TUIM1M&dib=eyJ2IjoiMSJ9.Rptw2AXDSdmVotvmdaXQ16AFAD3Hin6EryWPSaUj_88cq1O2gccJZOhkEIQAQyTH-PlcdXh0NqK-upXkvHPUsg.7TqTakPqxAm8rfxaqFmi4Rc-o2tN2EDZl5BHiKtujnI&dib_tag=se&keywords=milk&qid=1786067573&rdc=1&s=samedaystore&sprefix=mil%2Csamedaystore%2C348&sr=1-2
Amazon,B07NLQ5V6L,"Ensure Max Protein French Vanilla Shake, 30g High Protein, 12 Pack | 30g Protein to Support Muscle Health & Manage Hunger for Adults, Each Protein Shake has 1g Sugar, 150 Calories, 4g Fiber",Unknown,False,False,False,"insufficient_product_signal,not_milk",Unknown,,Unspecified,Vanilla,False,False,False,False,False,False,False,True,False,0,0,,,,https://www.amazon.com/Ensure-Protein-Nutritional-High-Quality-Vanilla/dp/B07NLQ5V6L/ref=sr_1_3?crid=1E2QJW9TUIM1M&dib=eyJ2IjoiMSJ9.Rptw2AXDSdmVotvmdaXQ16AFAD3Hin6EryWPSaUj_88cq1O2gccJZOhkEIQAQyTH-PlcdXh0NqK-upXkvHPUsg.7TqTakPqxAm8rfxaqFmi4Rc-o2tN2EDZl5BHiKtujnI&dib_tag=se&keywords=milk&qid=1786067573&rdc=1&s=samedaystore&sprefix=mil%2Csamedaystore%2C348&sr=1-3
Amazon,B0854W9ND4,"Pure Protein Strawberry Protein Shake, 30g Complete Protein, Ready to Drink and Keto-Friendly, Vitamins A, C, D, and E plus Zinc to Support Immune Health, 11oz Bottles, 12 Pack",Unknown,False,False,False,not_milk,11 fl oz,11,Unspecified,Strawberry,False,False,False,False,False,False,False,False,False,0,0,,,,https://www.amazon.com/Pure-Protein-Complete-Strawberry-Vitamin/dp/B0854W9ND4/ref=sr_1_4?crid=1E2QJW9TUIM1M&dib=eyJ2IjoiMSJ9.Rptw2AXDSdmVotvmdaXQ16AFAD3Hin6EryWPSaUj_88cq1O2gccJZOhkEIQAQyTH-PlcdXh0NqK-upXkvHPUsg.7TqTakPqxAm8rfxaqFmi4Rc-o2tN2EDZl5BHiKtujnI&dib_tag=se&keywords=milk&qid=1786067573&s=samedaystore&sprefix=mil%2Csamedaystore%2C348&sr=1-4
Amazon,B0BKH6MYD1,Jocko Mölk 30g Grass Fed Protein Shakes – No Added Sugar Protein Drinks KETO Friendly - Ready to Drink 12 FL Oz (Pack of 12) Chocolate,Unknown,False,False,False,not_milk,12 fl oz,12,Unspecified,Chocolate,False,False,False,False,False,True,False,False,False,0,0,,,,https://www.amazon.com/Jocko-M%C3%B6lk-Chocolate-Protein-Shakes/dp/B0BKH6MYD1/ref=sr_1_5?crid=1E2QJW9TUIM1M&dib=eyJ2IjoiMSJ9.Rptw2AXDSdmVotvmdaXQ16AFAD3Hin6EryWPSaUj_88cq1O2gccJZOhkEIQAQyTH-PlcdXh0NqK-upXkvHPUsg.7TqTakPqxAm8rfxaqFmi4Rc-o2tN2EDZl5BHiKtujnI&dib_tag=se&keywords=milk&qid=1786067573&rdc=1&s=samedaystore&sprefix=mil%2Csamedaystore%2C348&sr=1-5
Amazon,B084SN9M1W,"Lactaid Protein 2% Reduced Fat Milk, 52 oz",Lactaid,True,True,False,,52 fl oz,52,2%,Unflavored,False,False,False,False,False,False,False,False,False,7,0,4.38,4.99,4.99,https://www.amazon.com/Lactaid-Protein-Reduced-Fat-Milk/dp/B084SN9M1W/ref=sr_1_16_us_f3_0o_winnd?crid=1E2QJW9TUIM1M&dib=eyJ2IjoiMSJ9.x3O7yn4uLHWXdxMSrUw-fQQJrM5QfWZqCaSnnIPJ4lHJl90Yn9RSYl-MFSPxyaq8EeWZGvVxjA_anECCJd_KJqZ25z9OrS3ct6NFHitGcPhuMet68R3Tm8CK0pSeUvCJDaU8Xsxh-aPcGp0yCh9m6UPXDRQl0729ldSi6cA-IOKenIoH9ofuqDbkxXT1q_qah1Kar3NJTgY_nbfLv3G3XS_F0Ry2NQ11qNVkXOpLNKU.LAJ2JpJKZfPUXRe5mwR9AdN6ZgiSMk3CZl8JZAUXTvk&dib_tag=se&keywords=milk&qid=1786067598&s=samedaystore&sprefix=mil%2Csamedaystore%2C348&sr=1-16
Amazon,B0FQQ5JPXB,"Pure Value, Whole Milk, 128 Fl Oz",Pure Value,True,True,False,,Gallon,128,Whole,Unflavored,False,False,False,False,False,False,False,False,False,4,0,3.99,3.99,3.99,https://www.amazon.com/Pure-Value-Whole-Milk-128/dp/B0FQQ5JPXB/ref=sr_1_5_us_f3_0o_winnd?crid=1E2QJW9TUIM1M&dib=eyJ2IjoiMSJ9.WO3oVlI8YvUypYDZegM_OgaukqI8ZeJtJzwQyzF8lNRMrLyNgmFeAkRemRsKhCpIYUf3Ums5NahfiPVVE5OK8dIrgt5wYDMRgil4BhbR2ljV-eVj65FNFwVMSMYtU9KSTjtVzxgYF8dO6Vfi4WJ_QVcFz3Osn_3CVrTLcWpiq-btDu8nbZQJjqnesRQQAj6SP6xq2n4rW0FS3FN5H_-HPjTBBugCjZf6CxBCIuFAVdM.7G38CM4dMHhYniJ4ZWpH4EWOON-GRwZvgWnFTqpgpwo&dib_tag=se&keywords=milk&qid=1786067646&s=samedaystore&sprefix=mil%2Csamedaystore%2C348&sr=1-5
Amazon,B074VBL94L,"365 by Whole Foods Market, Whole Milk, 1 pint, 16 fl oz",365 by Whole Foods Market,True,True,False,,16 fl oz,16,Whole,Unflavored,False,False,False,False,False,False,False,False,True,6,0,1.69,1.69,1.69,https://www.amazon.com/365-Everyday-Value-Whole-Vitamin/dp/B074VBL94L/ref=sr_1_16?crid=1E2QJW9TUIM1M&dib=eyJ2IjoiMSJ9.XU95oJGOA5SHvGCV5D6_yJL_8kqLgArxbVef8gYdU4lquZxdnEDS3nr4khfBKiMztnUNzvTLXdT3Fu22EeYgafcbFLuri4pR-Kftsb29uV_2hPcAPuv9d0tkPkElwOB-GloZH1t_2jdoS9zC1Pap56yqOWnTvi4lZaUuPJRXCFB44266qkt0GOJ6qlbjnEuMAVZ2ktDAf89KUF3nTE8McmGuHRs9ALkdqhsbuEBrCqU.XjfNfbmKhmdigsz-SPkSJ69-bhJ9Tsr8MoLXq6DF45o&dib_tag=se&keywords=milk&qid=1786067648&s=samedaystore&sprefix=mil%2Csamedaystore%2C348&sr=1-16
Amazon,B0GJFCLVBV,"Mcarthur, Whole Milk, 64 Ounce",McArthur,True,True,False,,Half Gallon,64,Whole,Unflavored,False,False,False,False,False,False,False,False,False,1,0,3.89,3.89,3.89,https://www.amazon.com/Mcarthur-Whole-Milk-64-Ounce/dp/B0GJFCLVBV/ref=sr_1_12_us_f3_0o_winnd?crid=1E2QJW9TUIM1M&dib=eyJ2IjoiMSJ9.lUJUJ4YkOdI4VRmG_Wwa85vnyHSsp3-U9570IPYUq7S9O3A9mhCXK062-1CLSsm21UMBo0u16Y7wuSuouHLnn3FvQKGxlZvf70v4Bj2qFe9XToIwX0OqJk4JepysaM6IpasbWqLxmUDv3DBYom4bMmylqC-sqsY9fruEP-E9uMO-p2fQ-95hLZVJnYdXdp9ASZINFbBxakBBsNF5Nu5gIRP0sgsO3lhbNNmNbeFSZh8.-zMu8ebuBRz83PRfEk11moLKmBkT2UA1L7hKnbqExzs&dib_tag=se&keywords=milk&qid=1786067667&s=samedaystore&sprefix=mil%2Csamedaystore%2C348&sr=1-12
Amazon,B0DPG6SNV1,"CIRCLE JOY Rechargeable Milk Frother Hanheld, Dual Coil Whisk Head Electric Coffee Frother, Portable Hand Frother Wand Drink Mixer for Matcha Lattes Cappuccino, Kitchen Gifts, Black",Unknown,False,False,False,"insufficient_product_signal,non_beverage",Unknown,,Unspecified,Unflavored,False,False,False,False,False,False,False,False,False,0,0,,,,https://www.amazon.com/CIRCLE-JOY-Rechargeable-Electric-Cappuccino/dp/B0DPG6SNV1/ref=sr_1_3?crid=1E2QJW9TUIM1M&dib=eyJ2IjoiMSJ9.AVbRQPRSlPSTnfImdGy90OSlPlcDIVRaqsKXGq1fRaFFche5XxCsdllx_QcZzdz5PAFG639Ume6ogcM-F2MBcgwBYS0HFGHz479j95FcKsrNi-shjh7gVeKL8NdwSrNsuc-B4_vnc5jfeozB3NTJwg.FwYIlr2S7pmqu8BgrR_yzwzGWDV67HVCBgAS1gr6MRA&dib_tag=se&keywords=milk&qid=1786068178&s=samedaystore&sprefix=mil%2Csamedaystore%2C348&sr=1-3
Amazon,B076F3C4XP,"Bonsenkitchen Milk Frother for Coffee, Battery Operated （Not Iincluded) | Fast Handheld Drink Mixer with Stainless Steel Whisk, Powerful Hand Frother, Creates Rich Foam",Unknown,False,False,False,"insufficient_product_signal,non_beverage",Unknown,,Unspecified,Unflavored,False,False,False,False,False,False,False,False,False,0,0,,,,https://www.amazon.com/Bonsenkitchen-Frother-Battery-Operated-Iincluded/dp/B076F3C4XP/ref=sr_1_6?crid=1E2QJW9TUIM1M&dib=eyJ2IjoiMSJ9.AVbRQPRSlPSTnfImdGy90OSlPlcDIVRaqsKXGq1fRaFFche5XxCsdllx_QcZzdz5PAFG639Ume6ogcM-F2MBcgwBYS0HFGHz479j95FcKsrNi-shjh7gVeKL8NdwSrNsuc-B4_vnc5jfeozB3NTJwg.FwYIlr2S7pmqu8BgrR_yzwzGWDV67HVCBgAS1gr6MRA&dib_tag=se&keywords=milk&qid=1786068178&s=samedaystore&sprefix=mil%2Csamedaystore%2C348&sr=1-6
Amazon,B0BL638W1W,"Similac 360 Total Care Baby Formula Powder, Exclusive 5 Prebiotic Blend | Infant Formula Designed to Support Baby’s Immune System, Brain Development & Digestive Health, in One 20.6 oz Tub",Unknown,False,False,False,"baby,not_milk,powder_formula",20.6 fl oz,20.6,Unspecified,Unflavored,False,False,False,False,False,False,False,False,False,0,0,,,,https://www.amazon.com/Similac-Formula-Prebiotics-Closest-Non-GMO/dp/B0BL638W1W/ref=sr_1_7?crid=1E2QJW9TUIM1M&dib=eyJ2IjoiMSJ9.AVbRQPRSlPSTnfImdGy90OSlPlcDIVRaqsKXGq1fRaFFche5XxCsdllx_QcZzdz5PAFG639Ume6ogcM-F2MBcgwBYS0HFGHz479j95FcKsrNi-shjh7gVeKL8NdwSrNsuc-B4_vnc5jfeozB3NTJwg.FwYIlr2S7pmqu8BgrR_yzwzGWDV67HVCBgAS1gr6MRA&dib_tag=se&keywords=milk&qid=1786068178&s=samedaystore&sprefix=mil%2Csamedaystore%2C348&sr=1-7
Amazon,B07N3F5DX3,"Cruze Dairy Farm, Milk Whole, 128 Fl Oz",Cruze Dairy Farm,True,True,False,,Gallon,128,Whole,Unflavored,False,False,False,False,False,False,False,False,False,1,0,7.99,7.99,7.99,https://www.amazon.com/CRUZE-DAIRY-FARM-Whole-Milk/dp/B07N3F5DX3/ref=sr_1_1_us_f3_0o_wf?crid=1E2QJW9TUIM1M&dib=eyJ2IjoiMSJ9._Yx_qy-yOkUWML_Yai4dS_tOGyrBu9Tl1EFa07d4sleMBGle2zAkggvycNfm5VN-79ySDrXLzF_0pOI2Jllkvju7lx2Lbi9z0PeuvxsGCOi2BAXAjETWkF6dR0FEqtarz7J8QsJFuDgCAzJJftIXt1IF5NDtuQEnsmon79d-puht2Mr15ZpeX3zcoSQDisK-JhNuFA2rckfaJWAEIo_0btENFJinpNcIcdIuPz4lPxY.ENlu5M-jlLloR0QsUGdA2oaWzaCpUGgIruvNc1CUzR0&dib_tag=se&keywords=milk&qid=1786068295&s=samedaystore&sprefix=mil%2Csamedaystore%2C348&sr=1-1
Amazon,B07FYQ54WR,"Cruze Dairy Farm Light Milk Gallon, 128 Fz",Cruze Dairy Farm,True,False,False,,Gallon,128,Unspecified,Unflavored,False,False,False,False,False,False,False,False,False,1,0,7.99,7.99,7.99,https://www.amazon.com/Cruze-Dairy-Farm-Milk-Light/dp/B07FYQ54WR/ref=sr_1_9_us_f3_0o_wf?crid=1E2QJW9TUIM1M&dib=eyJ2IjoiMSJ9._Yx_qy-yOkUWML_Yai4dS_tOGyrBu9Tl1EFa07d4sleMBGle2zAkggvycNfm5VN-79ySDrXLzF_0pOI2Jllkvju7lx2Lbi9z0PeuvxsGCOi2BAXAjETWkF6dR0FEqtarz7J8QsJFuDgCAzJJftIXt1IF5NDtuQEnsmon79d-puht2Mr15ZpeX3zcoSQDisK-JhNuFA2rckfaJWAEIo_0btENFJinpNcIcdIuPz4lPxY.ENlu5M-jlLloR0QsUGdA2oaWzaCpUGgIruvNc1CUzR0&dib_tag=se&keywords=milk&qid=1786068295&s=samedaystore&sprefix=mil%2Csamedaystore%2C348&sr=1-9
Amazon,B0BZ941WTV,"Golden Flow Shelf Stable Whole milk - UHT Boxed Milk - Fortified with Vitamins A & D –No Refrigeration Needed, Cholov Yisroel, Kosher for Passover -8 FL oz- (Pack of 6)",Unknown,False,False,True,,8 fl oz,8,Whole,Unflavored,False,False,False,False,False,False,False,False,False,0,0,,,,https://www.amazon.com/Golden-Flow-Shelf-Stable-Whole/dp/B0BZ941WTV/ref=sr_1_8?crid=1E2QJW9TUIM1M&dib=eyJ2IjoiMSJ9.jNu6zvup7aWLLgSP3--Cz00l1HfvomFc7QbhtyZeZ5WNuv33LBdQCwK2WAAxpwfrrlUDKRcqAqeLNPNYQkB3_UeQUhSiaUffwFwZdk5de8cGLGM9ZcaOvM2gHv9MASGhznly1djJObgsOblOjUMAnMHqB3HwknLhdTc495Y_bJ9vviBZAou4wR3P9CHmdJLx6prPb5ykd6H_xufqmeTgotlPNA9xxg-Zsu9Gf8bgcBY.K7nsAK8m4CFFRJL8U2K3TRpvJhM717vjL0Gks7-gCdA&dib_tag=se&keywords=milk&qid=1786068340&s=samedaystore&sprefix=mil%2Csamedaystore%2C348&sr=1-8
Amazon,B0CLWXCXZX,"Darigold 1 Percent Milk, Reduced Fat Shelf Stable Milk with 9 Essential Nutrients, 16g Protein, rsBT Free - 14oz, 12 Pack (Strawberry)",Darigold,False,False,True,,14 fl oz,14,2%,Strawberry,False,False,False,False,False,False,False,False,False,0,0,,,,https://www.amazon.com/Darigold-Strawberry-Low-Milk-Percent/dp/B0CLWXCXZX/ref=sr_1_15?crid=1E2QJW9TUIM1M&dib=eyJ2IjoiMSJ9.jNu6zvup7aWLLgSP3--Cz18cxwMlriDwa0N_KUK3vv_Zpy3zsDu-RxKzS-um7bn7xK_FA0c1SpwmHPHrKYYo-yC9LJFqrQ0Zf642T2BRuGE4Bjs-WVbF1DugwvI4hxOirP7ojIQcG-tgRzNHYI6RUXlqqUPRv1pLeVzymHDOFgnHo9n2_jCVisxek-zfmaVwSlxM0OMABUsorwxw9v-FTVGw4vn9NYN66lS3TSo-zkA.Wuj_TR0gw1TJ4a-gs6ppN08GJwx_NPxcSd2qKyfxHJs&dib_tag=se&keywords=milk&qid=1786068371&rdc=1&s=samedaystore&sprefix=mil%2Csamedaystore%2C348&sr=1-15
Amazon,B07D6SJ4TD,"365 by Whole Foods Market, Organic Unsweet Original Coconut Milk, 32 Fl Oz",365 by Whole Foods Market,False,False,False,plant_based,32 fl oz,32,Whole,Unflavored,True,False,False,False,False,False,False,False,True,0,0,,,,https://www.amazon.com/365-EVERYDAY-Organic-Unsweet-Original/dp/B07D6SJ4TD/ref=sr_1_15?crid=1E2QJW9TUIM1M&dib=eyJ2IjoiMSJ9.A7fNoVZ58cuppQ8EyOXkNaw18U6_mYDzaGd_NSaIwbYQfsDS6n6U_e0ruK75g9BzNFM9sRyb-FhM7FNJSpX4j4VEJLVBwk8Bcv9qjtasMrExWRPpBVn1Wf6mGM-lWapU0fxRd1lA7pqHATrd7NNtJKDtUK3X059BwuNUM_aJgD9ifw_qB_FlGzvjmmzhGsAajAT8zGjKKN1s499uFNfuqLIbvZuFFmVmqoNTFlSsF6o.czZPPJ78Gmsc3InGAXO-o47eqxP5491dl52oiU-mfQg&dib_tag=se&keywords=milk&qid=1786068803&rdc=1&s=samedaystore&sprefix=mil%2Csamedaystore%2C348&sr=1-15
Amazon,B0785X93D4,"Snowville Creamery, Milk Whole, 64 Fl Oz",Snowville Creamery,True,True,False,,Half Gallon,64,Whole,Unflavored,False,False,False,False,False,False,False,False,False,2,0,6.29,6.29,6.29,https://www.amazon.com/SNOWVILLE-CREAMERY-Milk-Whole-64/dp/B0785X93D4/ref=sr_1_10?crid=1E2QJW9TUIM1M&dib=eyJ2IjoiMSJ9.yQH_a9PJ0leXsL5Jn5l0pIIfTh-nsLTAk2ppYNkGeUlTCYeJurpRxWQsUoGIXqrube77CNn3bLJQ5eJTFf0SfsWYa5JmcIjj4HDxDlrLIZT0QEdffM40Ky3kFgTlA5W4QicmE9yCLX6xbVGMcSv4Meue5C_ZFzpDUP-gN7q8XO_OmU2tTqq6MBXaSl72jYH8gVGOx_Kx6Ueg0Ta8yTJeU6T4IRoDyJ-KewqcXI9La1Y.mUxOWBaNqKD0ueCpcT97aXh1LWfO7K9JzV3mXQ7NHs8&dib_tag=se&keywords=milk&qid=1786068837&s=samedaystore&sprefix=mil%2Csamedaystore%2C348&sr=1-10
Amazon,B09FBGMJBM,"365 by Whole Foods Market Organic Fat Free Milk, 128 OZ",365 by Whole Foods Market,True,True,False,,Gallon,128,Skim/Fat-Free,Unflavored,True,False,False,False,False,False,False,False,True,10,0,7.49,7.49,7.49,https://www.amazon.com/365-Whole-Foods-Market-Ultra-Pasteurized/dp/B09FBGMJBM/ref=sr_1_16?crid=1E2QJW9TUIM1M&dib=eyJ2IjoiMSJ9.yQH_a9PJ0leXsL5Jn5l0pIIfTh-nsLTAk2ppYNkGeUlTCYeJurpRxWQsUoGIXqrube77CNn3bLJQ5eJTFf0SfsWYa5JmcIjj4HDxDlrLIZT0QEdffM40Ky3kFgTlA5W4QicmE9yCLX6xbVGMcSv4Meue5C_ZFzpDUP-gN7q8XO_OmU2tTqq6MBXaSl72jYH8gVGOx_Kx6Ueg0Ta8yTJeU6T4IRoDyJ-KewqcXI9La1Y.mUxOWBaNqKD0ueCpcT97aXh1LWfO7K9JzV3mXQ7NHs8&dib_tag=se&keywords=milk&qid=1786068837&s=samedaystore&sprefix=mil%2Csamedaystore%2C348&sr=1-16
Amazon,B073HDL7C4,"Maple Hill Creamery, Milk Reduced Fat 2% Grade A, 64 Fl Oz | 100% Grassfed, USDA Organic, Ultra Pasteurized",Maple Hill,True,True,False,,Half Gallon,64,2%,Unflavored,True,False,False,False,False,True,False,False,False,9,0,7.49,7.49,7.99,https://www.amazon.com/MAPLE-HILL-CREAMERY-Organic-Reduced/dp/B073HDL7C4/ref=sr_1_15_us_f3_0o_wf?crid=1E2QJW9TUIM1M&dib=eyJ2IjoiMSJ9.4WIYEiI3mFjmVFHbleQvqozOrdM_U_m8UeVptFhnzXG8Y-bzI6ik3LYaEpQ1eREKSchQeeXQPS-L8-rPiN9-7ROltciTUsRpnj_hv3RtW6-1Tt-GgynbeR2-O3-VMw-RsFA6zXjbFxS_4EztHprGOlTxFJhkl2aCBCXYXibT-NrLW9ZWd6t4IFBMM4sImkz-PBrST1inYFhEUnzxgJKVH17jVJR821MaxwPXtJEEEqQ.9Oz-kyvrjMvNf-QqGb2KDtY8B37UD7TflygngrO6mhg&dib_tag=se&keywords=milk&qid=1786068870&s=samedaystore&sprefix=mil%2Csamedaystore%2C348&sr=1-15
Amazon,B09DTK1JG9,"Similac 360 Total Care Ready-to-Feed Baby Formula | 5 HMO Prebiotic Blend, Infant Formula to Support Baby’s Immune System, Brain Development & Digestive Health, 8-fl-oz, 24 pack",Unknown,False,False,False,"baby,not_milk,powder_formula",8 fl oz,8,Unspecified,Unflavored,False,False,False,False,False,False,False,False,False,0,0,,,,https://www.amazon.com/Similac-Formula-Prebiotics-Closest-Non-GMO/dp/B09DTK1JG9/ref=sr_1_16?crid=1E2QJW9TUIM1M&dib=eyJ2IjoiMSJ9.8zLtV08fjW11ehwLgtLOEsxCryAV9R6IBgZBCHzmA4Un6lDVKo4XZRKTwId2xOVa-rEkOaSK0mJG6OHQ09Z7u8dGzzqT_GmIK4PIqZWCSqpycyGHSn8Wj_FpU3ZdJlv6QFTilvXqQmHDnGUVk9CKfOMTRKQA-uAQxXXVDD1fwFUytfU4zqfDA8mJ3ouJ99tQHbx0y5H4uuM00h90kfrQM4z7XpK0R0F6EtpxYwO5cNE.OebWC_A4PqZs8B_XG-xQNaGRD3ayMLKZxXYlctIJu4k&dib_tag=se&keywords=milk&qid=1786069269&s=samedaystore&sprefix=mil%2Csamedaystore%2C348&sr=1-16
Amazon,B07FTQ8874,"Guernsey Dairy, Milk Homogenized, 64 Fl Oz",Unknown,True,False,False,,Half Gallon,64,Unspecified,Unflavored,False,False,False,False,False,False,False,False,False,1,0,3.39,3.39,3.39,https://www.amazon.com/Guernsey-Dairy-Milk-Homogenized-64/dp/B07FTQ8874/ref=sr_1_2_us_f3_0o_wf?crid=1E2QJW9TUIM1M&dib=eyJ2IjoiMSJ9.ZQGxKILEdmfg7-BsXG-Hp-D4Uax4fNiw8M1M8gyHhvIlCziO6ZUwxmk2bfdvP9npEmXHx4ypvCFgAiL7HQGusfvx4kppwbDlhSW1r1F7S5BioaMZXl6n6pE5JiGNuy7vuP1SsW56xFsavWHISlwMNVHjaP8is5yVV6qv_nii8yGAu6xPaIVh7etOBLqWPwzhXoAJNHuPI1U60RNeIuyY7Ud1KkTSxoCECyxGQAxN0lY.cuXT_aCaG2LpPYw1vFEz6x0inyf7J7nbYdfjWtYuQcA&dib_tag=se&keywords=milk&qid=1786069313&s=samedaystore&sprefix=mil%2Csamedaystore%2C348&sr=1-2
Amazon,B08HB3PQ6P,"Swiss Miss Nonfat Dry Milk With Vitamins A and D, 12.98 oz. Canister",Unknown,False,False,False,powder_formula,12.98 fl oz,12.98,Skim/Fat-Free,Unflavored,False,False,False,False,False,False,False,False,False,0,0,,,,https://www.amazon.com/Swiss-Miss-Powdered-Milk-12-98/dp/B08HB3PQ6P/ref=sr_1_11?crid=1E2QJW9TUIM1M&dib=eyJ2IjoiMSJ9.A7fNoVZ58cuppQ8EyOXkNaw18U6_mYDzaGd_NSaIwbbN-o31k7WZF-FT5E2Jo87nAJNeRUW99yekl7hCkrLwP_Puqce_9O_xR_P8-LtO-ZwdDCaeOK9uQEsZ7aDIfkG5gqoJ0yTfkdgb3xhwWfieh6SYZ2rAghyxGwJm668Pxbu38Flv1x1Or3igS4ZgvumKa6S1QCVxRgIwsjEXav6wm-RfBuLiGiTitq7docxaGVU.Rj5CWp7VzAHAdLRKiqw-7ue2Z1w3-zzJJ0jkovlWuvQ&dib_tag=se&keywords=milk&qid=1786069391&rdc=1&s=samedaystore&sprefix=mil%2Csamedaystore%2C348&sr=1-11
Amazon,B0019KCUMG,"Horizon Organic Shelf Stable 1% Lowfat Chocolate Milk Boxes, 12ct | 8g Protein per Serving, 1% Lowfat, USDA Organic, No Refrigeration Required, Lunchboxes, On The Go, For Adults & Kids",Horizon Organic,False,False,True,,8 fl oz,8,1%,Chocolate,True,False,False,False,False,False,True,False,False,0,0,,,,https://www.amazon.com/Horizon-Organic-Chocolate-8-Ounce-Alternative/dp/B0019KCUMG/ref=sr_1_16?crid=1E2QJW9TUIM1M&dib=eyJ2IjoiMSJ9.ljJVRfZ5wdT9GcsnjdJG4LvmlqPgCfh5Je6lVY5WS61Zea3jNCXvWfRVwHuj6FV8UuF5B9eYkNdZtqdzedKK5xs95D1yOOhL94BhFqREArrWun01NtmCMT6QqPqQvqWDNrXEXlZpaQ879_GS1ptDC6k2hMgu1tNDUcFspd8lLTjPiOJpFizaHOezeidAcrqpEej4phJb-Nj2mR5iVB_F_dtly9lxII7hZGF89bhCqrA.u_-SKr8IhpqStPgZZpiHFEWsrfgRBo3GBF-Avh3E7vo&dib_tag=se&keywords=milk&qid=1786069498&s=samedaystore&sprefix=mil%2Csamedaystore%2C348&sr=1-16
Amazon,B00OD3QHES,"Kemps Select 2% Milk Half Gallon, 64 Fl Oz",Kemps,True,True,False,,Half Gallon,64,2%,Unflavored,False,False,False,False,False,False,False,False,False,23,0,2.45,3.19,3.49,https://www.amazon.com/Kemps-Select-Milk-Half-Gallon/dp/B00OD3QHES/ref=sr_1_16?crid=1E2QJW9TUIM1M&dib=eyJ2IjoiMSJ9.WO3oVlI8YvUypYDZegM_Omjer5GZxZSW4bR3QCmzV21mE9d2wLanBkdzkQsRo5QFaRVNvaVGXTinOhkQdpOjwGcqfjBKmxpPG972IB2o8S3g0F1VI_NnD3DovcoYGA7AJb0Owp1BvnmQu_mNra0StXYpmn7yoZ92Ufr1mHvwrtL43owe4C1bsLy68ZeoTE7XAifLk4O7sO7Hm2tnIdfv01bt0AG_LiAXdLCuTSKHidA.WkEcwdaXfdL4cQIezA__iau9xUXfsJmZip6M2tO8Uvo&dib_tag=se&keywords=milk&qid=1786069500&s=samedaystore&sprefix=mil%2Csamedaystore%2C348&sr=1-16
Amazon,B00RW1P1E0,"Kemps Select Whole Milk Half Gallon, 64 Fl Oz",Kemps,True,True,False,,Half Gallon,64,Whole,Unflavored,False,False,False,False,False,False,False,False,False,2,0,2.99,3.09,3.19,https://www.amazon.com/Kemps-Whole-Select-Milk-Gallon/dp/B00RW1P1E0/ref=sr_1_5?crid=1E2QJW9TUIM1M&dib=eyJ2IjoiMSJ9.9uL7kSB6wURHWeLnoWEtE_YzDcbfNANrDDPvMaPJi4UzX8hKZyU-FiQ4_s5nZTsiIcGQu1T3UOORPihePVLQXyPya83o70dvQDGJX0NYMwM8fJJBb78sNCDp8Tg1PZB4KAvK2Uj1D012sIO7Mn2QttqOsHPjnNvJacruOzPaqgx2PM_SPyIYOGfZsl7M6FBe0N6OxmFGf3kHJAljOhECXZJ7qw8N1sP73UdrVDJainQ.BeN_aPYYD9PfDQ0mMF7vKDBVSZYBeQ92AZeFeweVn90&dib_tag=se&keywords=milk&qid=1786069525&s=samedaystore&sprefix=mil%2Csamedaystore%2C348&sr=1-5
Amazon,B00OES811O,"Kemps Select 1% Milk Gallon, 128 Fl Oz",Kemps,True,True,False,,Gallon,128,1%,Unflavored,False,False,False,False,False,False,False,False,False,5,0,4.89,4.99,5.99,https://www.amazon.com/Kemps-1-Select-Milk-Gallon/dp/B00OES811O/ref=sr_1_7?crid=1E2QJW9TUIM1M&dib=eyJ2IjoiMSJ9.9uL7kSB6wURHWeLnoWEtE_YzDcbfNANrDDPvMaPJi4UzX8hKZyU-FiQ4_s5nZTsiIcGQu1T3UOORPihePVLQXyPya83o70dvQDGJX0NYMwM8fJJBb78sNCDp8Tg1PZB4KAvK2Uj1D012sIO7Mn2QttqOsHPjnNvJacruOzPaqgx2PM_SPyIYOGfZsl7M6FBe0N6OxmFGf3kHJAljOhECXZJ7qw8N1sP73UdrVDJainQ.BeN_aPYYD9PfDQ0mMF7vKDBVSZYBeQ92AZeFeweVn90&dib_tag=se&keywords=milk&qid=1786069525&s=samedaystore&sprefix=mil%2Csamedaystore%2C348&sr=1-7
Amazon,B00OE21Z18,"Kemps Select Skim Milk Gallon, 128 Fl Oz",Kemps,True,True,False,,Gallon,128,Skim/Fat-Free,Unflavored,False,False,False,False,False,False,False,False,False,2,0,3.99,4.29,4.59,https://www.amazon.com/Kemps-Skim-Select-Milk-Gallon/dp/B00OE21Z18/ref=sr_1_8?crid=1E2QJW9TUIM1M&dib=eyJ2IjoiMSJ9.9uL7kSB6wURHWeLnoWEtE_YzDcbfNANrDDPvMaPJi4UzX8hKZyU-FiQ4_s5nZTsiIcGQu1T3UOORPihePVLQXyPya83o70dvQDGJX0NYMwM8fJJBb78sNCDp8Tg1PZB4KAvK2Uj1D012sIO7Mn2QttqOsHPjnNvJacruOzPaqgx2PM_SPyIYOGfZsl7M6FBe0N6OxmFGf3kHJAljOhECXZJ7qw8N1sP73UdrVDJainQ.BeN_aPYYD9PfDQ0mMF7vKDBVSZYBeQ92AZeFeweVn90&dib_tag=se&keywords=milk&qid=1786069525&s=samedaystore&sprefix=mil%2Csamedaystore%2C348&sr=1-8
Amazon,B00ODQ4XFK,"Kemps Select 1% Milk Half Gallon, 64 Fl Oz",Kemps,True,True,False,,Half Gallon,64,1%,Unflavored,False,False,False,False,False,False,False,False,False,2,0,2.39,2.64,2.89,https://www.amazon.com/Kemps-Select-Milk-Half-Gallon/dp/B00ODQ4XFK/ref=sr_1_11?crid=1E2QJW9TUIM1M&dib=eyJ2IjoiMSJ9.9uL7kSB6wURHWeLnoWEtE_YzDcbfNANrDDPvMaPJi4UzX8hKZyU-FiQ4_s5nZTsiIcGQu1T3UOORPihePVLQXyPya83o70dvQDGJX0NYMwM8fJJBb78sNCDp8Tg1PZB4KAvK2Uj1D012sIO7Mn2QttqOsHPjnNvJacruOzPaqgx2PM_SPyIYOGfZsl7M6FBe0N6OxmFGf3kHJAljOhECXZJ7qw8N1sP73UdrVDJainQ.BeN_aPYYD9PfDQ0mMF7vKDBVSZYBeQ92AZeFeweVn90&dib_tag=se&keywords=milk&qid=1786069525&s=samedaystore&sprefix=mil%2Csamedaystore%2C348&sr=1-11
Amazon,B00OCEM3FA,"Kemps Select Skim Milk Half Gallon, 64 Fl Oz",Kemps,True,True,False,,Half Gallon,64,Skim/Fat-Free,Unflavored,False,False,False,False,False,False,False,False,False,2,0,2.79,3.04,3.29,https://www.amazon.com/Kemps-Skim-Select-Milk-Gallon/dp/B00OCEM3FA/ref=sr_1_12?crid=1E2QJW9TUIM1M&dib=eyJ2IjoiMSJ9.9uL7kSB6wURHWeLnoWEtE_YzDcbfNANrDDPvMaPJi4UzX8hKZyU-FiQ4_s5nZTsiIcGQu1T3UOORPihePVLQXyPya83o70dvQDGJX0NYMwM8fJJBb78sNCDp8Tg1PZB4KAvK2Uj1D012sIO7Mn2QttqOsHPjnNvJacruOzPaqgx2PM_SPyIYOGfZsl7M6FBe0N6OxmFGf3kHJAljOhECXZJ7qw8N1sP73UdrVDJainQ.BeN_aPYYD9PfDQ0mMF7vKDBVSZYBeQ92AZeFeweVn90&dib_tag=se&keywords=milk&qid=1786069525&s=samedaystore&sprefix=mil%2Csamedaystore%2C348&sr=1-12
Amazon,B09FBKSLH6,"365 by Whole Foods Market, Organic 1% Milk, 64 Ounce",365 by Whole Foods Market,True,True,False,,Half Gallon,64,1%,Unflavored,True,False,False,False,False,False,False,False,True,28,0,4.38,4.58,4.59,https://www.amazon.com/365-WFM-Organic-1pct-Milk/dp/B09FBKSLH6/ref=sr_1_14?crid=1E2QJW9TUIM1M&dib=eyJ2IjoiMSJ9.H7Vg1nMd6dGQLeDiUlZgEMzGJ6SrH_KjiGVUb3k_CAlquZxdnEDS3nr4khfBKiMzgXWujkzWjZh05b22K4IKxWqqDgzhzrM-yLQ46M0gy6RYNG2yIdK-sJhnZu5qXNdjccVim8lYHz3WtfO37V4f97LNeQcgUTItYJ8_h9bOd0aJgyZzF1uMmlxKxbWVjTLfPeb9eEYcK_aUQBw2zopHtn4BZDxf2TNdAqlO8pLUBEE.oJd6qhVvwT3ZrHL3AA7soDdnQaGE3K-IpjVuQY71MWw&dib_tag=se&keywords=milk&qid=1786070007&s=samedaystore&sprefix=mil%2Csamedaystore%2C348&sr=1-14
Amazon,B09FBLXS51,"365 by Whole Foods Market Organic Lowfat 1% Milk, 1 GL",365 by Whole Foods Market,True,True,False,,Gallon,128,1%,Unflavored,True,False,False,False,False,False,False,False,True,4,0,7.49,7.79,7.79,https://www.amazon.com/365-Whole-Foods-Market-Ultra-Pasteurized/dp/B09FBLXS51/ref=sr_1_16?crid=1E2QJW9TUIM1M&dib=eyJ2IjoiMSJ9.H7Vg1nMd6dGQLeDiUlZgEMzGJ6SrH_KjiGVUb3k_CAlquZxdnEDS3nr4khfBKiMzgXWujkzWjZh05b22K4IKxWqqDgzhzrM-yLQ46M0gy6RYNG2yIdK-sJhnZu5qXNdjccVim8lYHz3WtfO37V4f97LNeQcgUTItYJ8_h9bOd0aJgyZzF1uMmlxKxbWVjTLfPeb9eEYcK_aUQBw2zopHtn4BZDxf2TNdAqlO8pLUBEE.oJd6qhVvwT3ZrHL3AA7soDdnQaGE3K-IpjVuQY71MWw&dib_tag=se&keywords=milk&qid=1786070007&s=samedaystore&sprefix=mil%2Csamedaystore%2C348&sr=1-16
Amazon,B074H6R3PC,"365 by Whole Foods Market, Whole Milk, Gallon, 128 fl oz",365 by Whole Foods Market,True,True,False,,Gallon,128,Whole,Unflavored,False,False,False,False,False,False,False,False,True,92,0,5.69,5.69,5.99,https://www.amazon.com/365-Everyday-Value-Vitamin-Gallon/dp/B074H6R3PC/ref=sr_1_8_us_f3_0o_wf?crid=1E2QJW9TUIM1M&dib=eyJ2IjoiMSJ9.RXoKuy_fFOGLoxFRFUJAd7QPYQuULH3K9C-hpJIRaIHIDueNudp0OF9Ls9B3q0sdvpRJoQOB2ce4GSsnCZSMpe5cNCbCVMwSpMCtmPqFDJYKussWL0Lvj53AnIoKw_pl9UF2EVOyFanY8mt9iBp_zFTxFJhkl2aCBCXYXibT-Np3eibnkLrYlnuqf16GrlIL8Y3vpcIsWHhBEvQneuU11brMctSpI-oHyCnjy32Uf2Q.7S61neXPOn51wiv2FWDmEs05vZu8qn0mpYhgi6N8ijQ&dib_tag=se&keywords=milk&qid=1786070493&s=samedaystore&sprefix=mil%2Csamedaystore%2C348&sr=1-8
Amazon,B09WN8RQDY,"Alexandre Family Farms, Milk 6 Percent Whole Cream Top A2 Organic, 48 Fl Oz",Alexandre Family Farm,True,True,False,,48 fl oz,48,Whole,Unflavored,True,False,False,True,False,False,False,False,False,76,0,8.49,8.99,10.49,https://www.amazon.com/Alexandre-Family-Farms-Percent-Organic/dp/B09WN8RQDY/ref=sr_1_14_us_f3_0o_wf?crid=1E2QJW9TUIM1M&dib=eyJ2IjoiMSJ9.RXoKuy_fFOGLoxFRFUJAd7QPYQuULH3K9C-hpJIRaIHgFSgBB4XqV4_zhyUVIrHNNfNn02aMCF8fvfpbsvDIHaE9T0HvaFUZQaJ2FzCKh3jlJdH-Vq7pcvkSjvMGWI1BlFpuHvj7ESTXw_M3JQBlC1TxFJhkl2aCBCXYXibT-NpSLZHGWwdxadjJOlWNQ7JtXm3HAaqPcOCZid2TY914A7rMctSpI-oHyCnjy32Uf2Q.6E_ydnyfxJ1Fu96Urqv41hGYlCrdH8QdPyQ4p-ZgaaQ&dib_tag=se&keywords=milk&qid=1786070459&s=samedaystore&sprefix=mil%2Csamedaystore%2C348&sr=1-14
Amazon,B07NSPP7LN,"365 by Whole Foods Market Whole Milk, 128 OZ",365 by Whole Foods Market,True,True,False,,Gallon,128,Whole,Unflavored,False,False,False,False,False,False,False,False,True,43,0,3.99,3.99,3.99,https://www.amazon.com/365-Everyday-Value-Whole-Ounce/dp/B07NSPP7LN/ref=sr_1_1_us_f3_0o_wf?crid=1E2QJW9TUIM1M&dib=eyJ2IjoiMSJ9.71DufmGdrAtM_aB4ZtnWW-dmKz2AvlbUPXCsggGJVynCJCo7EmWo9v6-0_q4AcMstLfmiNGt6Kzx7290l9iCZK5vlNv-I8cYLVeiFdHdliq6SskOyKRYTTRbZ-HHywAQsFA6zXjbFxS_4EztHprGOvr5f1PiBh_nMXa34O98f3-yTIEgu7e9zrESG11LwMUNAWTXzUAjlai1jvrloKg1QoPKAXye4wqp4MJB6JUagsw.WFpCowo2hWhAm7DsCg1V0QeaDGu4OrJT-v-zfhHvg3w&dib_tag=se&keywords=milk&qid=1786070576&s=samedaystore&sprefix=mil%2Csamedaystore%2C348&sr=1-1
Amazon,B07NSQ4D78,"365 by Whole Foods Market Whole Milk, 64 FZ",365 by Whole Foods Market,True,True,False,,Half Gallon,64,Whole,Unflavored,False,False,False,False,False,False,False,False,True,13,0,2.79,2.79,2.79,https://www.amazon.com/365-Everyday-Value-Whole-Ounce/dp/B07NSQ4D78/ref=sr_1_5_us_f3_0o_wf?crid=1E2QJW9TUIM1M&dib=eyJ2IjoiMSJ9.71DufmGdrAtM_aB4ZtnWW-dmKz2AvlbUPXCsggGJVynCJCo7EmWo9v6-0_q4AcMstLfmiNGt6Kzx7290l9iCZK5vlNv-I8cYLVeiFdHdliq6SskOyKRYTTRbZ-HHywAQsFA6zXjbFxS_4EztHprGOvr5f1PiBh_nMXa34O98f3-yTIEgu7e9zrESG11LwMUNAWTXzUAjlai1jvrloKg1QoPKAXye4wqp4MJB6JUagsw.WFpCowo2hWhAm7DsCg1V0QeaDGu4OrJT-v-zfhHvg3w&dib_tag=se&keywords=milk&qid=1786070576&s=samedaystore&sprefix=mil%2Csamedaystore%2C348&sr=1-5
Amazon,B09MQY45J3,"Alexandre Family Farms, Organic A2 A2 Grass Fed Milk, 48 Fl Oz",Alexandre Family Farm,True,False,False,,48 fl oz,48,Unspecified,Unflavored,True,False,False,True,False,True,False,False,False,33,0,7.99,8.49,8.99,https://www.amazon.com/Alexandre-Famil-Organic-Grass-Milk/dp/B09MQY45J3/ref=sr_1_7_us_f3_0o_wf?crid=1E2QJW9TUIM1M&dib=eyJ2IjoiMSJ9.71DufmGdrAtM_aB4ZtnWW-dmKz2AvlbUPXCsggGJVynCJCo7EmWo9v6-0_q4AcMstLfmiNGt6Kzx7290l9iCZK5vlNv-I8cYLVeiFdHdliq6SskOyKRYTTRbZ-HHywAQsFA6zXjbFxS_4EztHprGOvr5f1PiBh_nMXa34O98f3-yTIEgu7e9zrESG11LwMUNAWTXzUAjlai1jvrloKg1QoPKAXye4wqp4MJB6JUagsw.WFpCowo2hWhAm7DsCg1V0QeaDGu4OrJT-v-zfhHvg3w&dib_tag=se&keywords=milk&qid=1786070576&s=samedaystore&sprefix=mil%2Csamedaystore%2C348&sr=1-7
Amazon,B07NSWQHB1,"365 by Whole Foods Market Reduced Fat Milk, 128 OZ",365 by Whole Foods Market,True,True,False,,Gallon,128,Whole,Unflavored,False,False,False,False,False,False,False,False,True,29,0,3.89,3.89,3.89,https://www.amazon.com/365-Everyday-Value-Reduced-Ounce/dp/B07NSWQHB1/ref=sr_1_8_us_f3_0o_wf?crid=1E2QJW9TUIM1M&dib=eyJ2IjoiMSJ9.71DufmGdrAtM_aB4ZtnWW-dmKz2AvlbUPXCsggGJVynCJCo7EmWo9v6-0_q4AcMstLfmiNGt6Kzx7290l9iCZK5vlNv-I8cYLVeiFdHdliq6SskOyKRYTTRbZ-HHywAQsFA6zXjbFxS_4EztHprGOvr5f1PiBh_nMXa34O98f3-yTIEgu7e9zrESG11LwMUNAWTXzUAjlai1jvrloKg1QoPKAXye4wqp4MJB6JUagsw.WFpCowo2hWhAm7DsCg1V0QeaDGu4OrJT-v-zfhHvg3w&dib_tag=se&keywords=milk&qid=1786070576&s=samedaystore&sprefix=mil%2Csamedaystore%2C348&sr=1-8
Amazon,B074H6BYCC,"366 by Whole Foods Market, Whole Milk, 64 fl oz",Unknown,True,True,False,,Half Gallon,64,Whole,Unflavored,False,False,False,False,False,False,False,False,False,13,0,3.19,3.19,3.19,https://www.amazon.com/366-Whole-Foods-Market-Milk/dp/B074H6BYCC/ref=sr_1_13_us_f3_0o_wf?crid=1E2QJW9TUIM1M&dib=eyJ2IjoiMSJ9.RXoKuy_fFOGLoxFRFUJAd7QPYQuULH3K9C-hpJIRaIHIDueNudp0OF9Ls9B3q0sd2oqEpCYzVFGKjZ--YPHma3iIublLsJLZd49nQpzFzSu51_NFmK5AtR43V2gowBnug575AF2mdVYEFXBwZrmfFA1rWtaa73ZLhB4ItZK44WDyJaNqbazcBW3DcQgadKQohtBRmAiYlKiI0-f9ThhUb-9C0-qIcS9U9S1-Vn0mIHo.6_B__hEMcKsCwWNQp5VJeku7IZKZJzvaXg2dqwiipPo&dib_tag=se&keywords=milk&qid=1786070860&s=samedaystore&sprefix=mil%2Csamedaystore%2C348&sr=1-13
Amazon,B074H6X6VM,"365 by Whole Foods Market, Reduced Fat 2% Milk, 1 gallon",365 by Whole Foods Market,True,True,False,,Gallon,128,2%,Unflavored,False,False,False,False,False,False,False,False,True,1,0,5.69,5.69,5.69,https://www.amazon.com/365-Everyday-Value-Reduced-Gallon/dp/B074H6X6VM/ref=sr_1_15_us_f3_0o_wf?crid=1E2QJW9TUIM1M&dib=eyJ2IjoiMSJ9.CYkSeaeCIRP6VF4hxhIM3OdmKz2AvlbUPXCsggGJVynIDueNudp0OF9Ls9B3q0sdyiUP0Qi7cn6ER_RfDP512cTP2jxPfxw8aZTtUg0U18eY1nLYGQTTtcyqVYlc3g73g3Ah69rAsDOFVfpirDokXB4F_ED0cslmn0nlwOwF3pGlTyO8WkcCg8MtaoeIoSthu5rikXZnQvRrl16sOK4k7LIAqKydj90NhPoolYgBKsU.AWEPLI1E5PFk7MKvVQFCH2k7mv8_B3cRbeKRhISZTqM&dib_tag=se&keywords=milk&qid=1786071022&s=samedaystore&sprefix=mil%2Csamedaystore%2C348&sr=1-15
Amazon,B0785WJ3LV,"Mill King Whole Milk, 1 GL",Mill King,True,True,False,,Gallon,128,Whole,Unflavored,False,False,False,False,False,False,False,False,False,26,0,6.99,6.99,6.99,https://www.amazon.com/MILL-KING-Whole-Milk-128/dp/B0785WJ3LV/ref=sr_1_11?crid=1E2QJW9TUIM1M&dib=eyJ2IjoiMSJ9.3Pq5UuGs5eg5IlQ8Mc0sH9C6Zoue1XrDbyF29nNsAQKk0JY84ngMh3Cc6iOMNyjWKB1DCpFsBwPEXhlhTncD679VC0siBUyEa0LYM9fONsUc_-PeZyg_gVlR1sM1mOEzfycJKbiFIF-2z2MvcFcWwBvq43O5xrmeiKdi4AqLoEkbwHM8bYqyw1T7H9usRv7OtLnWEZ2XZ2nFIsGNo7c-4WIn9qIRl8aIfToVNDLJmA0.2ZpGLEwFQaFeRrLxX5vxLiI1N3DamV7Bn5Aw-43bFyc&dib_tag=se&keywords=milk&qid=1786071223&s=samedaystore&sprefix=mil%2Csamedaystore%2C348&sr=1-11
Amazon,B089R6GGLL,"SoyaJoy G5 8in1 Milk Maker | Soy Milk, soaked or dry beans, Almond milk, quinoa milk, Nut Milk, Oat Milk, Cashew Milk | + Soups, Porridges, hot cocoa | Self-Cleaning | Raw Milk Program",Unknown,False,False,False,"insufficient_product_signal,plant_based",Unknown,,Unspecified,Unflavored,False,False,False,False,False,False,False,False,False,0,0,,,,https://www.amazon.com/SoyaJoy-G5-Milk-Maker-Model/dp/B089R6GGLL/ref=sr_1_1?crid=1E2QJW9TUIM1M&dib=eyJ2IjoiMSJ9.3O9OYY8X0SnTumKZpAzU8MD20Xi7rE07qwRoOqSqfVjGjHj071QN20LucGBJIEps.DhVTgzuc2visYUEfMm-OhJwENWYEZW2-20or2tZBq4Y&dib_tag=se&keywords=milk&qid=1786071268&s=samedaystore&sprefix=mil%2Csamedaystore%2C348&sr=1-1
Amazon,B0FV11PR8Q,"Kuii Coconut Milk Drink Variety Pack, Original, Strawberry & Mango 12 Count | Nata de Coco",Unknown,False,False,False,"insufficient_product_signal,plant_based",Unknown,,Unspecified,Strawberry,False,False,False,False,False,False,False,False,False,0,0,,,,https://www.amazon.com/Kuii-Coconut-Milk-Drink-Variety/dp/B0FV11PR8Q/ref=sr_1_2?crid=1E2QJW9TUIM1M&dib=eyJ2IjoiMSJ9.3O9OYY8X0SnTumKZpAzU8MD20Xi7rE07qwRoOqSqfVjGjHj071QN20LucGBJIEps.DhVTgzuc2visYUEfMm-OhJwENWYEZW2-20or2tZBq4Y&dib_tag=se&keywords=milk&qid=1786071268&s=samedaystore&sprefix=mil%2Csamedaystore%2C348&sr=1-2
Amazon,B07RP3FMCK,"Hoosier Hill Farm Buttermilk Powder, 25LB (Pack of 1)",Unknown,False,False,False,"buttermilk,insufficient_product_signal,not_milk,powder_formula",Unknown,,Unspecified,Unflavored,False,False,False,False,False,False,False,False,False,0,0,,,,https://www.amazon.com/Hoosier-Hill-Farm-Buttermilk-Hormone/dp/B07RP3FMCK/ref=sr_1_6?crid=1E2QJW9TUIM1M&dib=eyJ2IjoiMSJ9.txKwcYb734OHigKKkmxIr5XDItmPDdGtIX-CFvl_31dSxc4gsfd3KDME_AhGjQiKNkn5-Pjs3ml4PK1CSCRGwO0IeKPwHG0Clpv-gDR0bo86iLQ-dhSytZcrEhbgCpMSQ-3UFS6mSapYczQty_sZoA.xcAV77KqfwRpTnl_t8c_eO8bGKpoeGapg8JNgiKDiJU&dib_tag=se&keywords=milk&qid=1786071534&s=samedaystore&sprefix=mil%2Csamedaystore%2C348&sr=1-6
Amazon,B0GYNSHYHS,"WantJoin Commercial Milk Frother & Beverage Heater - 1800W Multi-functional Milk Steamer Machine with LED Display Panel for Latte, Cappuccino, Coffee, Milk Tea Foam, Hot Water Dispenser - Hotel & Home",Unknown,False,False,False,"insufficient_product_signal,non_beverage",Unknown,,Unspecified,Unflavored,False,False,False,False,False,False,False,False,False,0,0,,,,https://www.amazon.com/WantJoin-Commercial-Milk-Frother-Beverage/dp/B0GYNSHYHS/ref=sr_1_10?crid=1E2QJW9TUIM1M&dib=eyJ2IjoiMSJ9.txKwcYb734OHigKKkmxIr5XDItmPDdGtIX-CFvl_31dSxc4gsfd3KDME_AhGjQiKNkn5-Pjs3ml4PK1CSCRGwO0IeKPwHG0Clpv-gDR0bo86iLQ-dhSytZcrEhbgCpMSQ-3UFS6mSapYczQty_sZoA.xcAV77KqfwRpTnl_t8c_eO8bGKpoeGapg8JNgiKDiJU&dib_tag=se&keywords=milk&qid=1786071534&s=samedaystore&sprefix=mil%2Csamedaystore%2C348&sr=1-10
Amazon,B07S44ZSHW,"King Arthur Malted Milk Powder: Premium Baking Ingredient for Classic Diner-Style Sweetness, Ideal for Milkshakes, Pancakes, and Waffles - 12 oz Jar of Authentic Malt Flavor Enhancer",Unknown,False,False,False,powder_formula,12 fl oz,12,Unspecified,Unflavored,False,False,False,False,False,False,False,False,False,0,0,,,,https://www.amazon.com/King-Arthur-Flour-Malted-Powder/dp/B07S44ZSHW/ref=sr_1_13?crid=1E2QJW9TUIM1M&dib=eyJ2IjoiMSJ9.GQqE5CM5aZ-ngZPedbokBJIbm3q8sZuC23bhj2aoWOt4AtQtckHWaLrBMj5f2ejJvq7l2bHQcj1yo23v4bLuYisYLk2iJVCU1kxPaU4y4PU_r93ftXZ05YMN_dwI9-wVIGk6qeFFWarlkedpPFe4aidPoR9T3J7rLQ56Kz6gFohb3Gh1a074LsSGnT80G-xJdH-r-XE8CUKOFWfKvDGB4NA22KiIJqM1rMOcyQRyhgI.r3VqKtFYCcpmq8aKvgjzja-8S64mgqqtAL5mqhgXL3w&dib_tag=se&keywords=milk&qid=1786071688&s=samedaystore&sprefix=mil%2Csamedaystore%2C348&sr=1-13
Amazon,B084Z91X34,Milk,Unknown,False,False,False,insufficient_product_signal,Unknown,,Unspecified,Unflavored,False,False,False,False,False,False,False,False,False,0,0,,,,https://www.amazon.com/dp/B084Z91X34/ref=sr_1_16?crid=1E2QJW9TUIM1M&dib=eyJ2IjoiMSJ9.GQqE5CM5aZ-ngZPedbokBJIbm3q8sZuC23bhj2aoWOt4AtQtckHWaLrBMj5f2ejJvq7l2bHQcj1yo23v4bLuYisYLk2iJVCU1kxPaU4y4PU_r93ftXZ05YMN_dwI9-wVIGk6qeFFWarlkedpPFe4aidPoR9T3J7rLQ56Kz6gFohb3Gh1a074LsSGnT80G-xJdH-r-XE8CUKOFWfKvDGB4NA22KiIJqM1rMOcyQRyhgI.r3VqKtFYCcpmq8aKvgjzja-8S64mgqqtAL5mqhgXL3w&dib_tag=se&keywords=milk&marketplaceId=ATVPDKIKX0DER&musicTerritory=US&qid=1786071688&s=samedaystore&sprefix=mil%2Csamedaystore%2C348&sr=1-16&trackAsin=B084Z91X34
Amazon,B074H7LF4W,"365 by Whole Foods Market, Reduced Fat 2% Milk, 64 fl oz",365 by Whole Foods Market,True,True,False,,Half Gallon,64,2%,Unflavored,False,False,False,False,False,False,False,False,True,1,0,3.19,3.19,3.19,https://www.amazon.com/365-Everyday-Value-Reduced-Gallon/dp/B074H7LF4W/ref=sr_1_15_us_f3_0o_wf?crid=1E2QJW9TUIM1M&dib=eyJ2IjoiMSJ9.9BBwtFB5xaTvu6Varmipw7QPYQuULH3K9C-hpJIRaIFD-WimdjGG8mL-2TGkSfouUvC1O4s8xEgaIRQF6_1fQE5fFKFHR3zh0-XAVavw-4KVfbmFzF6nZpYf-6dkbdnL9dhHU84s4ukAJ8mbKQVbHycbhfEbs-0DkXvYvKvlhMobwHM8bYqyw1T7H9usRv7Od3NvA34B8HYmc5NTMoN8X1Hb1R8q5xw9rfmVxdG4dkU.4BxQyfW3AHy7OxJP4VsKvpZkJHOW1WehtV7gt0Ze3gs&dib_tag=se&keywords=milk&qid=1786071725&s=samedaystore&sprefix=mil%2Csamedaystore%2C348&sr=1-15
Amazon,B07NSTJY4Y,"365 by Whole Foods Market Reduced Fat 2% Milk, 64 FZ",365 by Whole Foods Market,True,True,False,,Half Gallon,64,2%,Unflavored,False,False,False,False,False,False,False,False,True,2,0,2.69,2.69,2.69,https://www.amazon.com/365-Everyday-Value-Reduced-Ounce/dp/B07NSTJY4Y/ref=sr_1_14_us_f3_0o_wf?crid=1E2QJW9TUIM1M&dib=eyJ2IjoiMSJ9.71DufmGdrAtM_aB4ZtnWW-SiTD3sWJJV7BnhEBVHgGvdjRhS7YqQVb6nxQaq-teFd-wiPjNlQSTjR_-RcrdjUpWBhUh_g9Sc18hWSW9phU_kZAXvIFcwOJhlPBjMzsxj82nIK3zT4MSUYNjJMFaf_-3munPrA4re4CAH6X6qIyBOiTKrR-Tq8yF1mHzKDCOMSueXdia1lTHZsxlSCorr44MJMpak-376mSt6yJJJcuY.eVU-PhfIW9WJblXOAI3wjZC-xvuQDcRjewbNzfxcG2c&dib_tag=se&keywords=milk&qid=1786071857&s=samedaystore&sprefix=mil%2Csamedaystore%2C348&sr=1-14
Amazon,B0CLWST3D8,"DARIGOLD FIT - Ultra-Filtered, Low Fat, Lactose Free Chocolate Milk - 14g Protein, 40% Less Sugar - 8oz Bottles, 18 Pack",Darigold,False,False,False,,8 fl oz,8,1%,Chocolate,False,True,True,False,False,False,False,False,False,0,0,,,,https://www.amazon.com/DARIGOLD-FIT-Ultra-Filtered-Lactose-Chocolate/dp/B0CLWST3D8/ref=sr_1_6?crid=1E2QJW9TUIM1M&dib=eyJ2IjoiMSJ9.of1S2Yb3Nu1hnl8Wd1GOBHtRJ74ZZUUdNUCLKvaQlYUxeAgtXFdYyl3TBmhs0jdyECRJkme1rWRHQj98xzGh2HEKEQW2F6s-CfmHxSC71TV10yF8OmyhPBz7rrQAOD4N5gfwLMQi9QJaH-UXuhC-WrbQV2dm-HTlU3_lJXzAtjdoEU454_eZZylAT17ZtxXVzrsKFFyfMEhm3ATKX7cxs-9YL1mtDpeZnLzharIUepU.tJX9ZjolQMgnBS3gZp_TyUvPhEmKjIBEHnttUeLOuQ4&dib_tag=se&keywords=milk&qid=1786071950&rdc=1&s=samedaystore&sprefix=mil%2Csamedaystore%2C348&sr=1-6
Amazon,B0CLFXDX4Z,"Micro Ingredients Whole Milk Powder, 4 lb | Pasture-Raised, rBST-Free | Pure & Rich in Protein | Ideal for Baking & Everyday Use | Non-GMO, Gluten-Free, Premium Grade",Unknown,False,False,False,powder_formula,Unknown,,Whole,Unflavored,False,False,False,False,False,False,False,False,False,0,0,,,,https://www.amazon.com/Micro-Ingredients-Pasture-Raised-rBST-Free-Gluten-Free/dp/B0CLFXDX4Z/ref=sr_1_7?crid=1E2QJW9TUIM1M&dib=eyJ2IjoiMSJ9.of1S2Yb3Nu1hnl8Wd1GOBHtRJ74ZZUUdNUCLKvaQlYUxeAgtXFdYyl3TBmhs0jdyECRJkme1rWRHQj98xzGh2HEKEQW2F6s-CfmHxSC71TV10yF8OmyhPBz7rrQAOD4N5gfwLMQi9QJaH-UXuhC-WrbQV2dm-HTlU3_lJXzAtjdoEU454_eZZylAT17ZtxXVzrsKFFyfMEhm3ATKX7cxs-9YL1mtDpeZnLzharIUepU.tJX9ZjolQMgnBS3gZp_TyUvPhEmKjIBEHnttUeLOuQ4&dib_tag=se&keywords=milk&qid=1786071950&rdc=1&s=samedaystore&sprefix=mil%2Csamedaystore%2C348&sr=1-7
Amazon,B004HK7NTA,"Silk Shelf-Stable Organic Soy Milk, Unsweetened, Dairy-Free, Vegan, Non-GMO Project Verified,32 Fl Oz(Pack of 6)",Unknown,False,False,True,plant_based,32 fl oz,32,Unspecified,Unflavored,True,False,False,False,False,False,False,False,False,0,0,,,,https://www.amazon.com/Silk-Unsweetened-Unflavored-Dairy-Alternative-Individually/dp/B004HK7NTA/ref=sr_1_9?crid=1E2QJW9TUIM1M&dib=eyJ2IjoiMSJ9.of1S2Yb3Nu1hnl8Wd1GOBHtRJ74ZZUUdNUCLKvaQlYUxeAgtXFdYyl3TBmhs0jdyECRJkme1rWRHQj98xzGh2HEKEQW2F6s-CfmHxSC71TV10yF8OmyhPBz7rrQAOD4N5gfwLMQi9QJaH-UXuhC-WrbQV2dm-HTlU3_lJXzAtjdoEU454_eZZylAT17ZtxXVzrsKFFyfMEhm3ATKX7cxs-9YL1mtDpeZnLzharIUepU.tJX9ZjolQMgnBS3gZp_TyUvPhEmKjIBEHnttUeLOuQ4&dib_tag=se&keywords=milk&qid=1786071950&s=samedaystore&sprefix=mil%2Csamedaystore%2C348&sr=1-9
Amazon,B00MFCHYS2,"Pacific Foods Unsweetened Hemp Milk, Plant Based Milk, 32 oz Carton",Unknown,False,False,False,plant_based,32 fl oz,32,Unspecified,Unflavored,False,False,False,False,False,False,False,False,False,0,0,,,,https://www.amazon.com/Pacific-Foods-Original-Unsweetened-Plant-Based/dp/B00MFCHYS2/ref=sr_1_10?crid=1E2QJW9TUIM1M&dib=eyJ2IjoiMSJ9.of1S2Yb3Nu1hnl8Wd1GOBHtRJ74ZZUUdNUCLKvaQlYUxeAgtXFdYyl3TBmhs0jdyECRJkme1rWRHQj98xzGh2HEKEQW2F6s-CfmHxSC71TV10yF8OmyhPBz7rrQAOD4N5gfwLMQi9QJaH-UXuhC-WrbQV2dm-HTlU3_lJXzAtjdoEU454_eZZylAT17ZtxXVzrsKFFyfMEhm3ATKX7cxs-9YL1mtDpeZnLzharIUepU.tJX9ZjolQMgnBS3gZp_TyUvPhEmKjIBEHnttUeLOuQ4&dib_tag=se&keywords=milk&qid=1786071950&s=samedaystore&sprefix=mil%2Csamedaystore%2C348&sr=1-10
Amazon,B0118ANYLW,"Pacific Foods Barista Series Specialty Coffee Milk, 32 Fl Oz",Unknown,True,False,False,,32 fl oz,32,Unspecified,Unflavored,False,False,False,False,False,False,False,False,False,5,0,4.3,4.3,4.3,https://www.amazon.com/Pacific-Natural-Foods-Original-Beverage/dp/B0118ANYLW/ref=sr_1_11?crid=1E2QJW9TUIM1M&dib=eyJ2IjoiMSJ9.of1S2Yb3Nu1hnl8Wd1GOBHtRJ74ZZUUdNUCLKvaQlYUxeAgtXFdYyl3TBmhs0jdyECRJkme1rWRHQj98xzGh2HEKEQW2F6s-CfmHxSC71TV10yF8OmyhPBz7rrQAOD4N5gfwLMQi9QJaH-UXuhC-WrbQV2dm-HTlU3_lJXzAtjdoEU454_eZZylAT17ZtxXVzrsKFFyfMEhm3ATKX7cxs-9YL1mtDpeZnLzharIUepU.tJX9ZjolQMgnBS3gZp_TyUvPhEmKjIBEHnttUeLOuQ4&dib_tag=se&keywords=milk&qid=1786071950&s=samedaystore&sprefix=mil%2Csamedaystore%2C348&sr=1-11
Amazon,B0CLWL7891,"Darigold FIT High Protein Milk 2 Percent - Ultra-Filtered, Low Fat, Lactose Free - 25g Protein, 40% Less Sugar - 14oz Bottles, 12 Pack (Chocolate Milk)",Darigold,False,False,False,,14 fl oz,14,1%,Chocolate,False,True,True,False,False,False,False,True,False,0,0,,,,https://www.amazon.com/Darigold-High-Protein-Milk-Percent/dp/B0CLWL7891/ref=sr_1_12?crid=1E2QJW9TUIM1M&dib=eyJ2IjoiMSJ9.of1S2Yb3Nu1hnl8Wd1GOBHtRJ74ZZUUdNUCLKvaQlYUxeAgtXFdYyl3TBmhs0jdyECRJkme1rWRHQj98xzGh2HEKEQW2F6s-CfmHxSC71TV10yF8OmyhPBz7rrQAOD4N5gfwLMQi9QJaH-UXuhC-WrbQV2dm-HTlU3_lJXzAtjdoEU454_eZZylAT17ZtxXVzrsKFFyfMEhm3ATKX7cxs-9YL1mtDpeZnLzharIUepU.tJX9ZjolQMgnBS3gZp_TyUvPhEmKjIBEHnttUeLOuQ4&dib_tag=se&keywords=milk&qid=1786071950&rdc=1&s=samedaystore&sprefix=mil%2Csamedaystore%2C348&sr=1-12
Amazon,B01H0EQBAQ,"Califia Farms - Original Almond Barista Blend Almond Milk 32 Oz (Pack Of 6), Shelf Stable, Dairy Free, Plant Based, Vegan, Gluten Free, Non GMO, High Calcium, Milk Frother, Creamer",Unknown,False,False,True,"creamer_cream,non_beverage,plant_based",32 fl oz,32,Unspecified,Unflavored,False,False,False,False,False,False,False,False,False,0,0,,,,https://www.amazon.com/Califia-Farms-Almondmilk-Barista-Original/dp/B01H0EQBAQ/ref=sr_1_13?crid=1E2QJW9TUIM1M&dib=eyJ2IjoiMSJ9.of1S2Yb3Nu1hnl8Wd1GOBHtRJ74ZZUUdNUCLKvaQlYUxeAgtXFdYyl3TBmhs0jdyECRJkme1rWRHQj98xzGh2HEKEQW2F6s-CfmHxSC71TV10yF8OmyhPBz7rrQAOD4N5gfwLMQi9QJaH-UXuhC-WrbQV2dm-HTlU3_lJXzAtjdoEU454_eZZylAT17ZtxXVzrsKFFyfMEhm3ATKX7cxs-9YL1mtDpeZnLzharIUepU.tJX9ZjolQMgnBS3gZp_TyUvPhEmKjIBEHnttUeLOuQ4&dib_tag=se&keywords=milk&qid=1786071950&s=samedaystore&sprefix=mil%2Csamedaystore%2C348&sr=1-13
Amazon,B01JZ0BY8C,"milkadamia Macadamia Milk, Unsweetened, 32 Fl Oz (Pack of 6) | Shelf Stable Plant Based Milk, Dairy Free, Lactose Free, Vegan, Non GMO, Gluten Free, Great for Coffee, Smoothies, and Baking",Unknown,False,False,True,plant_based,32 fl oz,32,Unspecified,Unflavored,False,True,False,False,False,False,False,False,False,0,0,,,,https://www.amazon.com/Milkadamia-Unsweetened-Vegan-Keto-Friendly-Macadamia/dp/B01JZ0BY8C/ref=sr_1_14?crid=1E2QJW9TUIM1M&dib=eyJ2IjoiMSJ9.of1S2Yb3Nu1hnl8Wd1GOBHtRJ74ZZUUdNUCLKvaQlYUxeAgtXFdYyl3TBmhs0jdyECRJkme1rWRHQj98xzGh2HEKEQW2F6s-CfmHxSC71TV10yF8OmyhPBz7rrQAOD4N5gfwLMQi9QJaH-UXuhC-WrbQV2dm-HTlU3_lJXzAtjdoEU454_eZZylAT17ZtxXVzrsKFFyfMEhm3ATKX7cxs-9YL1mtDpeZnLzharIUepU.tJX9ZjolQMgnBS3gZp_TyUvPhEmKjIBEHnttUeLOuQ4&dib_tag=se&keywords=milk&qid=1786071950&s=samedaystore&sprefix=mil%2Csamedaystore%2C348&sr=1-14
Amazon,B0FXCMYRQZ,"Califia Farms - Organic Coconut Milk, 32 oz (6 pack), Dairy Free, Vegan, Plant Based, Vegan, Gluten Free, Non GMO, USDA Organic",Unknown,False,False,False,plant_based,32 fl oz,32,Unspecified,Unflavored,True,False,False,False,False,False,False,False,False,0,0,,,,https://www.amazon.com/Califia-Farms-Organic-Coconut-Gluten/dp/B0FXCMYRQZ/ref=sr_1_15?crid=1E2QJW9TUIM1M&dib=eyJ2IjoiMSJ9.of1S2Yb3Nu1hnl8Wd1GOBHtRJ74ZZUUdNUCLKvaQlYUxeAgtXFdYyl3TBmhs0jdyECRJkme1rWRHQj98xzGh2HEKEQW2F6s-CfmHxSC71TV10yF8OmyhPBz7rrQAOD4N5gfwLMQi9QJaH-UXuhC-WrbQV2dm-HTlU3_lJXzAtjdoEU454_eZZylAT17ZtxXVzrsKFFyfMEhm3ATKX7cxs-9YL1mtDpeZnLzharIUepU.tJX9ZjolQMgnBS3gZp_TyUvPhEmKjIBEHnttUeLOuQ4&dib_tag=se&keywords=milk&qid=1786071950&s=samedaystore&sprefix=mil%2Csamedaystore%2C348&sr=1-15
Amazon,B0CWJ1CHKF,"MALK Unsweetened Almond Milk - Organic & Shelf Stable Creamer - 32OZ 6-Pack | Plant-Based Milk For Cereal, Smoothies, Coffee, Dairy Free & Vegan, Non GMO, No Gums or Fillers",Unknown,False,False,True,"creamer_cream,plant_based",32 fl oz,32,Unspecified,Unflavored,True,False,False,False,False,False,False,False,False,0,0,,,,https://www.amazon.com/Malk-Organic-Unsweetened-Almond-Milk/dp/B0CWJ1CHKF/ref=sr_1_16?crid=1E2QJW9TUIM1M&dib=eyJ2IjoiMSJ9.of1S2Yb3Nu1hnl8Wd1GOBHtRJ74ZZUUdNUCLKvaQlYUxeAgtXFdYyl3TBmhs0jdyECRJkme1rWRHQj98xzGh2HEKEQW2F6s-CfmHxSC71TV10yF8OmyhPBz7rrQAOD4N5gfwLMQi9QJaH-UXuhC-WrbQV2dm-HTlU3_lJXzAtjdoEU454_eZZylAT17ZtxXVzrsKFFyfMEhm3ATKX7cxs-9YL1mtDpeZnLzharIUepU.tJX9ZjolQMgnBS3gZp_TyUvPhEmKjIBEHnttUeLOuQ4&dib_tag=se&keywords=milk&qid=1786071950&rdc=1&s=samedaystore&sprefix=mil%2Csamedaystore%2C348&sr=1-16
Amazon,B0BXYDSGC4,"Micro Ingredients Goat Milk Powder 2 lb (907 g) | Single Ingredient Powdered Goat Milk | Smooth & Creamy for Coffee, Drinks, & Recipes | Non-GMO, Gluten Free",Unknown,False,False,False,"goat_other,insufficient_product_signal,powder_formula",Unknown,,Unspecified,Unflavored,False,False,False,False,False,False,False,False,False,0,0,,,,https://www.amazon.com/Micro-Ingredients-Ingredient-Powdered-Recipes/dp/B0BXYDSGC4/ref=sr_1_11?crid=1E2QJW9TUIM1M&dib=eyJ2IjoiMSJ9.RPWnqopsV29EblO7AuFazIqraEyu7lGgYq1RlFuvvvnP0L8LokILRXUCCCROKZuSKs_PyOk17CQljSbomCcRVQq1fiCY0vntSaX25h8GRSLQOE_bOzG_JL7F7mYtmfdxpAqZWznEadEU9xkw2F-jTec-0AJBaB9ARUWVVqAZlblSpW-1mYlzv9dCbpbY8vc07gYTrSwHSdAeAaHJlrrZ1a4Ls8n8-uy62dRtvHAlrK0.bCcyHQDlf4HC8Um09Ww5QLI2su9vuj2NBmit9KPfS40&dib_tag=se&keywords=milk&qid=1786071948&rdc=1&s=samedaystore&sprefix=mil%2Csamedaystore%2C348&sr=1-11
Amazon,B07K5KH57D,"Pacific Foods Barista Series Original Oat Milk, Plant Based Milk, 32 oz Carton",Unknown,False,False,False,plant_based,32 fl oz,32,Unspecified,Unflavored,False,False,False,False,False,False,False,False,False,0,0,,,,https://www.amazon.com/PACIFIC-FOODS-Barista-Original-Beverage/dp/B07K5KH57D/ref=sr_1_8?crid=1E2QJW9TUIM1M&dib=eyJ2IjoiMSJ9.RPWnqopsV29EblO7AuFazIqraEyu7lGgYq1RlFuvvvkQUB75d8gG4gySBhyhPSlEyesrGV8mvWZO5ZIAsfLiCH2PB1wNEKNisrsDJuina0H8a8rT0gZP32ooHmyel2cSl5pIS1ZbmBgtC78yKrlepYTPGlHU2yw_k6owMrJKA0mKWJY391KPPY0ennRyvtsVtLFli5aDs1mGkUSvqHRJ_8MxHGVeYDvqbaCNmSoeIhU.n9yWFMTyLWH8x4yoE6E49Ckmn26FPbrXfu7XVPhc8Us&dib_tag=se&keywords=milk&qid=1786071951&s=samedaystore&sprefix=mil%2Csamedaystore%2C348&sr=1-8
Amazon,B000SRKCGM,"Thai Kitchen Coconut Milk, Unsweetened, Non Dairy Milk Substitute, Gluten Free, Non GMO, For Smoothies, Ice Cream, Oatmeal, Coffee, and More, 13.66 fl oz",Unknown,False,False,False,"dessert,plant_based",13.66 fl oz,13.66,Unspecified,Unflavored,False,False,False,False,False,False,False,False,False,0,0,,,,https://www.amazon.com/Thai-Kitchen-Gluten-Unsweetened-Coconut/dp/B000SRKCGM/ref=sr_1_8?crid=1E2QJW9TUIM1M&dib=eyJ2IjoiMSJ9.RPWnqopsV29EblO7AuFazIqraEyu7lGgYq1RlFuvvvkK4DTIqMUugy1M51dGPhTaECRJkme1rWRHQj98xzGh2AMhpm97laBeK6sG3pgkPNlirAk4AhVroW5WVdjDM5vp8PZ_luNMoly1RlauuH31Dep6ccbdjtjbVPpzcbbmVXNSpW-1mYlzv9dCbpbY8vc07gYTrSwHSdAeAaHJlrrZ1a4Ls8n8-uy62dRtvHAlrK0.Rj7Tv0rWCgTWhhUZZdteJA-afnihjrXAxcNjvM-DIYo&dib_tag=se&keywords=milk&qid=1786071950&s=samedaystore&sprefix=mil%2Csamedaystore%2C348&sr=1-8
Amazon,B000PRHUY2,"Darigold, Whole Milk, Ultra Pasteurized, Half Gallon, 64 oz",Darigold,True,True,False,,Half Gallon,64,Whole,Unflavored,False,False,False,False,False,False,False,False,False,37,0,3.79,3.79,3.79,https://www.amazon.com/Darigold-Whole-Ultra-Pasteurized-Gallon/dp/B000PRHUY2/ref=sr_1_1?crid=1E2QJW9TUIM1M&dib=eyJ2IjoiMSJ9.jqNJdlPFHvlkm0mNDT7Djk7C71JZx9m0ZXPmQ79kSQ8OjXqn0pUDLCEyZ93GcYT5GAlT7vMVgiEXrnkagR7udnl-f7R5B82Jaz01bMatbqAzCRw4sSiomz1K-qs52FAYG9A_k1o8hI7487i4FSTTGYKarNoJaP3JJLyEdPYD3tT7nDMuhSfSh8em6Tp147PKxZKC7eIYvwk_NXZKli1Enc78s_ryFA6rn3EKTD9cUEU.N_z_ocmaX4vBC_g4k-hpmJaBUGJQLsqIzMYSPz5BxGs&dib_tag=se&keywords=milk&qid=1786071951&s=samedaystore&sprefix=mil%2Csamedaystore%2C348&sr=1-1
Amazon,B000PRFZEE,"Darigold, 2% Reduced Fat Milk, Ultra Pasteurized, Half Gallon, 64 oz",Darigold,True,True,False,,Half Gallon,64,2%,Unflavored,False,False,False,False,False,False,False,False,False,12,0,3.79,3.79,3.79,https://www.amazon.com/Darigold-Reduced-Ultra-Pasteurized-Gallon/dp/B000PRFZEE/ref=sr_1_2?crid=1E2QJW9TUIM1M&dib=eyJ2IjoiMSJ9.jqNJdlPFHvlkm0mNDT7Djk7C71JZx9m0ZXPmQ79kSQ8OjXqn0pUDLCEyZ93GcYT5GAlT7vMVgiEXrnkagR7udnl-f7R5B82Jaz01bMatbqAzCRw4sSiomz1K-qs52FAYG9A_k1o8hI7487i4FSTTGYKarNoJaP3JJLyEdPYD3tT7nDMuhSfSh8em6Tp147PKxZKC7eIYvwk_NXZKli1Enc78s_ryFA6rn3EKTD9cUEU.N_z_ocmaX4vBC_g4k-hpmJaBUGJQLsqIzMYSPz5BxGs&dib_tag=se&keywords=milk&qid=1786071951&s=samedaystore&sprefix=mil%2Csamedaystore%2C348&sr=1-2
Amazon,B000PRHUKG,"Darigold Milk, Reduced Fat 2%, Ultra Pasteurized, 1 Quart",Darigold,True,True,False,,32 fl oz,32,2%,Unflavored,False,False,False,False,False,False,False,False,False,10,0,2.69,2.69,2.69,https://www.amazon.com/Darigold-Reduced-Ultra-Pasteurized-Quart/dp/B000PRHUKG/ref=sr_1_8?crid=1E2QJW9TUIM1M&dib=eyJ2IjoiMSJ9.jqNJdlPFHvlkm0mNDT7Djk7C71JZx9m0ZXPmQ79kSQ8OjXqn0pUDLCEyZ93GcYT5GAlT7vMVgiEXrnkagR7udnl-f7R5B82Jaz01bMatbqAzCRw4sSiomz1K-qs52FAYG9A_k1o8hI7487i4FSTTGYKarNoJaP3JJLyEdPYD3tT7nDMuhSfSh8em6Tp147PKxZKC7eIYvwk_NXZKli1Enc78s_ryFA6rn3EKTD9cUEU.N_z_ocmaX4vBC_g4k-hpmJaBUGJQLsqIzMYSPz5BxGs&dib_tag=se&keywords=milk&qid=1786071951&s=samedaystore&sprefix=mil%2Csamedaystore%2C348&sr=1-8
Amazon,B000PRE2JI,"Darigold Milk, Whole, Ultra Pasteurized, 32 Fl Oz",Darigold,True,True,False,,32 fl oz,32,Whole,Unflavored,False,False,False,False,False,False,False,False,False,11,0,2.69,2.69,2.69,https://www.amazon.com/Darigold-Whole-Ultra-Pasteurized-Quart/dp/B000PRE2JI/ref=sr_1_9?crid=1E2QJW9TUIM1M&dib=eyJ2IjoiMSJ9.jqNJdlPFHvlkm0mNDT7Djk7C71JZx9m0ZXPmQ79kSQ8OjXqn0pUDLCEyZ93GcYT5GAlT7vMVgiEXrnkagR7udnl-f7R5B82Jaz01bMatbqAzCRw4sSiomz1K-qs52FAYG9A_k1o8hI7487i4FSTTGYKarNoJaP3JJLyEdPYD3tT7nDMuhSfSh8em6Tp147PKxZKC7eIYvwk_NXZKli1Enc78s_ryFA6rn3EKTD9cUEU.N_z_ocmaX4vBC_g4k-hpmJaBUGJQLsqIzMYSPz5BxGs&dib_tag=se&keywords=milk&qid=1786071951&s=samedaystore&sprefix=mil%2Csamedaystore%2C348&sr=1-9
Amazon,B0835M9C6G,"Darigold Fit Whole Milk, 59 Fl Oz",Darigold,True,True,False,,59 fl oz,59,Whole,Unflavored,False,False,False,False,False,False,False,False,False,9,0,3.99,3.99,5.79,https://www.amazon.com/Darigold-Fit-Whole-Milk-64/dp/B0835M9C6G/ref=sr_1_15?crid=1E2QJW9TUIM1M&dib=eyJ2IjoiMSJ9.jqNJdlPFHvlkm0mNDT7Djk7C71JZx9m0ZXPmQ79kSQ8OjXqn0pUDLCEyZ93GcYT5GAlT7vMVgiEXrnkagR7udnl-f7R5B82Jaz01bMatbqAzCRw4sSiomz1K-qs52FAYG9A_k1o8hI7487i4FSTTGYKarNoJaP3JJLyEdPYD3tT7nDMuhSfSh8em6Tp147PKxZKC7eIYvwk_NXZKli1Enc78s_ryFA6rn3EKTD9cUEU.N_z_ocmaX4vBC_g4k-hpmJaBUGJQLsqIzMYSPz5BxGs&dib_tag=se&keywords=milk&qid=1786071951&s=samedaystore&sprefix=mil%2Csamedaystore%2C348&sr=1-15
Amazon,B081KHLK5F,"Horizon Organic Growing Years Whole Milk, 59 fl oz Carton​ | USDA Organic Vitamin D Milk for Growing Kids with DHA Omega-3, Choline, and Prebiotics",Horizon Organic,True,True,False,,59 fl oz,59,Whole,Unflavored,True,False,False,False,True,False,True,False,False,72,0,6.89,7.99,8.99,https://www.amazon.com/Horizon-Organic-Whole-Choline-Growing/dp/B081KHLK5F/ref=sr_1_16?crid=1E2QJW9TUIM1M&dib=eyJ2IjoiMSJ9.jqNJdlPFHvlkm0mNDT7Djk7C71JZx9m0ZXPmQ79kSQ8OjXqn0pUDLCEyZ93GcYT5GAlT7vMVgiEXrnkagR7udnl-f7R5B82Jaz01bMatbqAzCRw4sSiomz1K-qs52FAYG9A_k1o8hI7487i4FSTTGYKarNoJaP3JJLyEdPYD3tT7nDMuhSfSh8em6Tp147PKxZKC7eIYvwk_NXZKli1Enc78s_ryFA6rn3EKTD9cUEU.N_z_ocmaX4vBC_g4k-hpmJaBUGJQLsqIzMYSPz5BxGs&dib_tag=se&keywords=milk&qid=1786071951&s=samedaystore&sprefix=mil%2Csamedaystore%2C348&sr=1-16
Amazon,B07DGS2MQ4,"Amazon Grocery, Lactose Free 1% Low Fat Milk, Half Gallon, 64 Fl Oz",Amazon Grocery,True,True,False,,Half Gallon,64,1%,Unflavored,False,True,False,False,False,False,False,False,True,3,0,3.16,3.16,3.16,https://www.amazon.com/Amazon-Brand-Lactose-Ultra-Pasteurized-Kosher/dp/B07DGS2MQ4/ref=sr_1_14?crid=1E2QJW9TUIM1M&dib=eyJ2IjoiMSJ9.MlQlLb2L5wkIZtL-iX6UnBu-pt7nrCWqGxggFk7egU1NENvHZO0-9k5wVwJ2tB8sOpJbVv1CyHHR5MJYdT7UIAOte6eHbCpdDFMKRFSboo_CpNeV2x0opNmvagiuwItAODUirbE8GOGgL_NWL6h0FNtErgLU2dXNk1cKKyy-pxvIEJbr9ohaH1jjgdz8RKGlE3b1XEG7OhN8CU-7KUfL8py_JzKyZQbFoVAr5XtDi3Q.quvw-ljXEfeChyedSHM_QMdLXSQQupdyTrTQBgj77WQ&dib_tag=se&keywords=milk&qid=1786071955&s=samedaystore&sprefix=mil%2Csamedaystore%2C348&sr=1-14
Amazon,B09FBK2H44,"365 by Whole Foods Market Organic Fat Free Milk, 64 FZ",365 by Whole Foods Market,True,True,False,,Half Gallon,64,Skim/Fat-Free,Unflavored,True,False,False,False,False,False,False,False,True,13,0,4.58,4.58,4.58,https://www.amazon.com/365-Whole-Foods-Market-Ultra-Pasteurized/dp/B09FBK2H44/ref=sr_1_6?crid=1E2QJW9TUIM1M&dib=eyJ2IjoiMSJ9.Am32fBq_C43Xvb5VN7gHG3FskOaF5uztDObSmVP9T3KyX0pGH8TcZx0ZQGf9LntnJg_wRBuhW144BnUZdV3M6FaCT2v1YCrlwT0dUfUwyT8MHbXvLkZDWkzoYVgsDUEsbMaRx2eY2t1POmpcr9LQ350-Z-yaHI4h-BbSh_f9tAyjzDxVP7jCIsmYuJzyrdi1NhncI84Xwz8qY_9QG7ghdbiwzwLOZ1_L2zF30TVmG54.LX_ZmrFX58I48cJNWIO7M2ou4hnzatH9EDLTRKa6Rxk&dib_tag=se&keywords=milk&qid=1786071991&s=samedaystore&sprefix=mil%2Csamedaystore%2C348&sr=1-6
Amazon,B09863XK4V,"Amazon Grocery, Vanilla Unsweetened Almond Milk, 64 fl oz (Previously Amazon Fresh, Packaging May Vary)",Amazon Grocery,False,False,False,plant_based,Half Gallon,64,Unspecified,Vanilla,False,False,False,False,False,False,False,False,True,0,0,,,,https://www.amazon.com/Fresh-Brand-Unsweetened-Almondmilk-Previously/dp/B09863XK4V/ref=sr_1_7?crid=1E2QJW9TUIM1M&dib=eyJ2IjoiMSJ9.Am32fBq_C43Xvb5VN7gHG3FskOaF5uztDObSmVP9T3KyX0pGH8TcZx0ZQGf9LntnJg_wRBuhW144BnUZdV3M6FaCT2v1YCrlwT0dUfUwyT8MHbXvLkZDWkzoYVgsDUEsbMaRx2eY2t1POmpcr9LQ350-Z-yaHI4h-BbSh_f9tAyjzDxVP7jCIsmYuJzyrdi1NhncI84Xwz8qY_9QG7ghdbiwzwLOZ1_L2zF30TVmG54.LX_ZmrFX58I48cJNWIO7M2ou4hnzatH9EDLTRKa6Rxk&dib_tag=se&keywords=milk&qid=1786071991&s=samedaystore&sprefix=mil%2Csamedaystore%2C348&sr=1-7
Amazon,B00FTBTI3U,"Almond Breeze Blue Diamond, Almond milk, Original, 64 Fl Oz",Unknown,False,False,False,plant_based,Half Gallon,64,Unspecified,Unflavored,False,False,False,False,False,False,False,False,False,0,0,,,,https://www.amazon.com/Almond-Breeze-Unsweetened-Original-Almondmilk/dp/B00FTBTI3U/ref=sr_1_8?crid=1E2QJW9TUIM1M&dib=eyJ2IjoiMSJ9.Am32fBq_C43Xvb5VN7gHG3FskOaF5uztDObSmVP9T3KyX0pGH8TcZx0ZQGf9LntnJg_wRBuhW144BnUZdV3M6FaCT2v1YCrlwT0dUfUwyT8MHbXvLkZDWkzoYVgsDUEsbMaRx2eY2t1POmpcr9LQ350-Z-yaHI4h-BbSh_f9tAyjzDxVP7jCIsmYuJzyrdi1NhncI84Xwz8qY_9QG7ghdbiwzwLOZ1_L2zF30TVmG54.LX_ZmrFX58I48cJNWIO7M2ou4hnzatH9EDLTRKa6Rxk&dib_tag=se&keywords=milk&qid=1786071991&s=samedaystore&sprefix=mil%2Csamedaystore%2C348&sr=1-8
Amazon,B08PLQ5JTP,"Ripple Kids Non-Dairy Milk, Vegan, Original, 48 Fl Oz",Unknown,False,False,False,plant_based,48 fl oz,48,Unspecified,Unflavored,False,False,False,False,False,False,True,False,False,0,0,,,,https://www.amazon.com/Ripple-Kids-Non-Dairy-Vegan-Original/dp/B08PLQ5JTP/ref=sr_1_9?crid=1E2QJW9TUIM1M&dib=eyJ2IjoiMSJ9.Am32fBq_C43Xvb5VN7gHG3FskOaF5uztDObSmVP9T3KyX0pGH8TcZx0ZQGf9LntnJg_wRBuhW144BnUZdV3M6FaCT2v1YCrlwT0dUfUwyT8MHbXvLkZDWkzoYVgsDUEsbMaRx2eY2t1POmpcr9LQ350-Z-yaHI4h-BbSh_f9tAyjzDxVP7jCIsmYuJzyrdi1NhncI84Xwz8qY_9QG7ghdbiwzwLOZ1_L2zF30TVmG54.LX_ZmrFX58I48cJNWIO7M2ou4hnzatH9EDLTRKa6Rxk&dib_tag=se&keywords=milk&qid=1786071991&s=samedaystore&sprefix=mil%2Csamedaystore%2C348&sr=1-9
Amazon,B07KNKDBJ5,"Planet Oat Original Oatmilk, 52 fl oz",Unknown,False,False,False,"not_milk,plant_based",52 fl oz,52,Unspecified,Unflavored,False,False,False,False,False,False,False,False,False,0,0,,,,https://www.amazon.com/Planet-Oat-Original-Oatmilk-52/dp/B07KNKDBJ5/ref=sr_1_8?crid=1E2QJW9TUIM1M&dib=eyJ2IjoiMSJ9.HURW00Op670znklMjuPPPNu82PToVWvdHfMoDzWMvzGyX0pGH8TcZx0ZQGf9LntnJg_wRBuhW144BnUZdV3M6CA_KEi2KA3zwYxPCqVp1Fq94IBpoYwLByBTloS3B6AWLC8zADM5jb5c1GeoxMjDVfaqQqVAXYggrJARB3wt5ZFMBLK0zu2s7EnBLLzMjo7DzXiT_raNgFSSOZtUw3aUTBp-xERO1MK6Irainj_NmGY.3ToDbQBBjV-VJSlw9mcG9r3R_j20B-uqxi3cE6jFQVU&dib_tag=se&keywords=milk&qid=1786072060&s=samedaystore&sprefix=mil%2Csamedaystore%2C348&sr=1-8
Amazon,B0B7WJ49XV,"Fulgutonit Milk Can 28L/7.8 Gallon Stainless Steel Milking Jug Container | 304 Heavy Duty Milk Canister Wine Pail, With Sealed Lid & Carry Handle, Used As Ghee Container & Grain Storage Bucket",Unknown,True,False,False,,Gallon,128,Unspecified,Unflavored,False,False,False,False,False,False,False,False,False,15,0,87.19,87.19,87.19,https://www.amazon.com/Gallon-Stainless-Bucket-Capacity-Sealed/dp/B0B7WJ49XV/ref=sr_1_2?crid=1E2QJW9TUIM1M&dib=eyJ2IjoiMSJ9.tjMDdNOmVG_CnDS5DMGDGpRmol8FcTKDF2p83gRshbLGjHj071QN20LucGBJIEps.2B9XxzwrmojCIJqu_4lEM0-clDZ3guN8SANj6SJq6pE&dib_tag=se&keywords=milk&qid=1786072066&s=samedaystore&sprefix=mil%2Csamedaystore%2C348&sr=1-2
Amazon,B0D1TY2R4G,"YUEWO Nut Milk Maker, Automatic Almond Milk Machine for Plant-Based Milk,Oat,Soy,Coconut Milk,Soups,Porridges,Smoothies,7 Modes 50oz Soy Milk Maker",Unknown,False,False,False,plant_based,50 fl oz,50,Unspecified,Unflavored,False,False,False,False,False,False,False,False,False,0,0,,,,https://www.amazon.com/YUEWO-Automatic-Plant-Based-Porridges-Smoothies/dp/B0D1TY2R4G/ref=sr_1_3?crid=1E2QJW9TUIM1M&dib=eyJ2IjoiMSJ9.tjMDdNOmVG_CnDS5DMGDGpRmol8FcTKDF2p83gRshbLGjHj071QN20LucGBJIEps.2B9XxzwrmojCIJqu_4lEM0-clDZ3guN8SANj6SJq6pE&dib_tag=se&keywords=milk&qid=1786072066&s=samedaystore&sprefix=mil%2Csamedaystore%2C348&sr=1-3
Amazon,B0BJ3CPCSP,"365 by Whole Foods Market Organic Lowfat 1% Milk, 1 GL",365 by Whole Foods Market,True,True,False,,Gallon,128,1%,Unflavored,True,False,False,False,False,False,False,False,True,16,0,7.79,7.79,9.49,https://www.amazon.com/365-Whole-Foods-Market-Organic/dp/B0BJ3CPCSP/ref=sr_1_14_us_f3_0o_wf?crid=1E2QJW9TUIM1M&dib=eyJ2IjoiMSJ9.ixke_LMKhw8eyy5NJNKRUUZUMN1vTljJtjb7R36hIPa9Llm_C-5vZqv4zNK42BbzLxXo9aQHfvwT3PDokcPRB7kY9eJFKAB0nUC1pxObdJf37K40-a_4BzBuib46u1ypqZhdClMuvUCuscdDp0Pd5djH7jR7VCEOUfokkGEAnn_Fa7YUhVI_ZJNix8wzLMVo8CyEGFujKkYSyTWGQE47vpDjv-rdjWob9uitSqj2JrQ.L2sd7Q0BXYw6ogS_701tSaK6gUnQtzLXtwXHd9RCOfI&dib_tag=se&keywords=milk&qid=1786072080&s=samedaystore&sprefix=mil%2Csamedaystore%2C348&sr=1-14
Amazon,B0FMKMWGGB,"Organic Valley Protein Plus Organic Whole Ultra-Filtered Milk, 48 fl oz",Organic Valley,True,True,False,,48 fl oz,48,Whole,Unflavored,True,False,True,False,False,False,False,False,False,2,0,5.99,5.99,5.99,https://www.amazon.com/ORGANIC-VALLEY-Organic-Ultra-Filtered/dp/B0FMKMWGGB/ref=sr_1_13?crid=1E2QJW9TUIM1M&dib=eyJ2IjoiMSJ9.ixke_LMKhw8eyy5NJNKRUYess-0oMAeHCjKmrQsyLuRIusWZsIrGkynvXQasq4G1prrg2T72rimTDfiCL7oY2FijOGqlBsffLr56J78zNSP4FBfx7dgvfsqZ8GNeJUvPJ2dCzlie31IEes6A9FyoxXPdkcaemPaMRMF9P0IbzaTM9fwi4yKxQCdG3VlTrzNsT3PLJWmmLmlY9uhrioEeqs9LzOS6wVOmf9SRmJc2BqY.uoxFD8WV04vRt8kXpyXbifnjLIvLK4wFDyhuusfXLtw&dib_tag=se&keywords=milk&qid=1786072081&s=samedaystore&sprefix=mil%2Csamedaystore%2C348&sr=1-13
Amazon,B000O6GATA,"Organic Valley® Organic Skim (Fat Free) Milk — Pasture Raised, Non GMO — 64 oz (Half Gallon)",Organic Valley,True,True,False,,Half Gallon,64,Skim/Fat-Free,Unflavored,True,False,False,False,False,False,False,False,False,1,0,5.99,5.99,5.99,https://www.amazon.com/Organic-Valley-Ultra-Pasteurized-Gallon/dp/B000O6GATA/ref=sr_1_15?crid=1E2QJW9TUIM1M&dib=eyJ2IjoiMSJ9.ixke_LMKhw8eyy5NJNKRUYess-0oMAeHCjKmrQsyLuRIusWZsIrGkynvXQasq4G1prrg2T72rimTDfiCL7oY2FijOGqlBsffLr56J78zNSP4FBfx7dgvfsqZ8GNeJUvPJ2dCzlie31IEes6A9FyoxXPdkcaemPaMRMF9P0IbzaTM9fwi4yKxQCdG3VlTrzNsT3PLJWmmLmlY9uhrioEeqs9LzOS6wVOmf9SRmJc2BqY.uoxFD8WV04vRt8kXpyXbifnjLIvLK4wFDyhuusfXLtw&dib_tag=se&keywords=milk&qid=1786072081&s=samedaystore&sprefix=mil%2Csamedaystore%2C348&sr=1-15
Amazon,B0BJ39PHVZ,"365 by Whole Foods Market, Organic Whole Milk, 64 Fl Oz",365 by Whole Foods Market,True,True,False,,Half Gallon,64,Whole,Unflavored,True,False,False,False,False,False,False,False,True,41,0,4.51,4.79,6.49,https://www.amazon.com/365-Whole-Foods-Market-Organic/dp/B0BJ39PHVZ/ref=sr_1_14?crid=1E2QJW9TUIM1M&dib=eyJ2IjoiMSJ9.bRS9vO0U-dnLsMKGbKUW9x1-bD-rD9Bea8Gxa9gW1L-OczmusdQOS_9d0ElvbNamBBaj8nCUDPK-dxNo_dtFqJGc-DLcrm3hdIYCTXgDG3nGfqrrutADmn3NciL2Eov8moP-Pg7V9P0Pd9u_GQMUxYBOokQ55nxuOYmZXL5_zJQRgN7yeoSsfrB1m3Kzczu3U0wB_Xf6yVq4mETYz-hUvJKf3_xS4P8nt7IuDMtQJMc.UzgWz3O_Y3HFLE-HMRKukkHh8HhTFadlFn9W8zfUbFk&dib_tag=se&keywords=milk&qid=1786072082&s=samedaystore&sprefix=mil%2Csamedaystore%2C348&sr=1-14
Amazon,B00GSL2WLU,"Clover Sonoma, Organic Whole Milk, Half Gallon, 64 oz",Clover Sonoma,True,True,False,,Half Gallon,64,Whole,Unflavored,True,False,False,False,False,False,False,False,False,34,0,4.99,5.51,6.49,https://www.amazon.com/Clover-Sonoma-Organic-Whole-Gallon/dp/B00GSL2WLU/ref=sr_1_16?crid=1E2QJW9TUIM1M&dib=eyJ2IjoiMSJ9.bRS9vO0U-dnLsMKGbKUW9x1-bD-rD9Bea8Gxa9gW1L-OczmusdQOS_9d0ElvbNamBBaj8nCUDPK-dxNo_dtFqJGc-DLcrm3hdIYCTXgDG3nGfqrrutADmn3NciL2Eov8moP-Pg7V9P0Pd9u_GQMUxYBOokQ55nxuOYmZXL5_zJQRgN7yeoSsfrB1m3Kzczu3U0wB_Xf6yVq4mETYz-hUvJKf3_xS4P8nt7IuDMtQJMc.UzgWz3O_Y3HFLE-HMRKukkHh8HhTFadlFn9W8zfUbFk&dib_tag=se&keywords=milk&qid=1786072082&s=samedaystore&sprefix=mil%2Csamedaystore%2C348&sr=1-16
Amazon,B08C8GYH8C,"Amazon Grocery, Fat Free Milk, 1 Gallon, 128 Fl Oz",Amazon Grocery,True,True,False,,Gallon,128,Skim/Fat-Free,Unflavored,False,False,False,False,False,False,False,False,True,8,0,2.29,2.32,2.32,https://www.amazon.com/Amazon-Brand-Happy-Gallon-Ounces/dp/B08C8GYH8C/ref=sr_1_13?crid=1E2QJW9TUIM1M&dib=eyJ2IjoiMSJ9.ixke_LMKhw8eyy5NJNKRUYess-0oMAeHCjKmrQsyLuTpVT7aRY9YVDuDAT9vNvwuYEhrgz2_k9oNRgQ7bzy5yEWEDNkYtZtnUNk94FOUqZDFTCldzkLu5ilYeuys1bPvpiYzXeWGqQQQaYbIlLgt7d1eNUtQ4exMfc5UR_yBdz1J1-acBB-sfv5a6dnDwaB3uWFc6YI4iJaW0J0clkPxgy0y5EBKs2XAyBv2-Eh6w9k.x_lYXRFuHvgFsVD6rpyEjeTb63rvSmQFls2Xyvqm_7w&dib_tag=se&keywords=milk&qid=1786072084&s=samedaystore&sprefix=mil%2Csamedaystore%2C348&sr=1-13
Amazon,B000YMZUR2,"Horizon Organic Vitamin D Whole Milk, 64 fl oz Half Gallon Carton | USDA Organic Vitamin D Milk, Ultra Pasteurized, Rich, Creamy, & Delicious",Horizon Organic,True,True,False,,Half Gallon,64,Whole,Unflavored,True,False,False,False,False,False,False,False,False,3,0,5.99,5.99,6.49,https://www.amazon.com/Horizon-Organic-Milk-Whole-gal/dp/B000YMZUR2/ref=sr_1_14?crid=1E2QJW9TUIM1M&dib=eyJ2IjoiMSJ9.ixke_LMKhw8eyy5NJNKRUYess-0oMAeHCjKmrQsyLuTpVT7aRY9YVDuDAT9vNvwuYEhrgz2_k9oNRgQ7bzy5yEWEDNkYtZtnUNk94FOUqZBdzkzzz-PRRoXvmepVMJxFJ2dCzlie31IEes6A9FyoxWnBAnnsTu1X-LzPmVEMkm048nG755NXV6jadbf__DmVDMwCZ4grC2FTEo6M1oCaAi0y5EBKs2XAyBv2-Eh6w9k.Ghe_Qs7voj2kN-A2b4POfyZz9M-dzJlbnFbapj4FwNg&dib_tag=se&keywords=milk&qid=1786072105&s=samedaystore&sprefix=mil%2Csamedaystore%2C348&sr=1-14
Amazon,B07FW6T2PW,"365 by Whole Foods Market Whole Milk, 1 GL",365 by Whole Foods Market,True,True,False,,Gallon,128,Whole,Unflavored,False,False,False,False,False,False,False,False,True,12,0,4.49,4.59,4.59,https://www.amazon.com/365-Everyday-Value-Milk-Whole/dp/B07FW6T2PW/ref=sr_1_7_us_f3_0o_wf?crid=1E2QJW9TUIM1M&dib=eyJ2IjoiMSJ9.ixke_LMKhw8eyy5NJNKRUSQUDrUWGejTbSk629n0yO_pVT7aRY9YVDuDAT9vNvwuhle5EbJQL695Hc5wvSlgVRAquRkzzSQ5QQ9JTk8ePKvDYxCL4sysW8gLm5K3PT3wv7EjY3J9fax0wlm1jNGxKwV9Hl_kfy2t73Mbo4vW75wawANow0LBhDGoHWsHKv4AWkwSYC54mrhYcl96wBxM_WDyWjeog14qXBGToHEPcys.OVRsZVlxQd-tJ0ieMMZqmLmPi17et2jrR3g7gltiRWM&dib_tag=se&keywords=milk&qid=1786072110&s=samedaystore&sprefix=mil%2Csamedaystore%2C348&sr=1-7
Amazon,B00R61K7OK,"Simply Asia Unsweetened Coconut Milk, 13.66 fl oz - One 13.66 Ounce Can of Unsweetened Coconut Milk, Gluten and Dairy Free, Perfect Alternative for Cooking, Baking and Beverages",Unknown,False,False,False,plant_based,13.66 fl oz,13.66,Unspecified,Unflavored,False,False,False,False,False,False,False,False,False,0,0,,,,https://www.amazon.com/Simply-Asia-Coconut-Milk-13-66/dp/B00R61K7OK/ref=sr_1_9?crid=1E2QJW9TUIM1M&dib=eyJ2IjoiMSJ9.VhK-_-s0fo1pypQsi405NJpAnw3gTvPfB20x0PfuoXhqgGIrVsuHZAeOgUZJ9TybwI8nF7gpl3YPaLiV4U0b_NRcC5b3cTYM1Q_4eKZodU-JEKt56VPmlNq93rOW8zgkaxk4vSQUEKZL-NkQDKiPU3n0u7DU2vBp7j1nKMV_Op3DZPc3vX89s4-HWi70xWLD1KaV1oqhoJAr05GYR_mIHCRhtYXzdUhhqLF3JZEaDMM.aKMu1kGFDuz9Ulvxd11uIM91Euj4pJlmy8dfYFIbjZA&dib_tag=se&keywords=milk&qid=1786072127&s=samedaystore&sprefix=mil%2Csamedaystore%2C348&sr=1-9
Amazon,B0CSQLNKCD,"SPLENDA Reduced Calorie Sweetened Condensed Milk, 14 Ounce Can | No Sugar Added",Unknown,False,False,False,condensed_evaporated,14 fl oz,14,Unspecified,Unflavored,False,False,False,False,False,False,False,False,False,0,0,,,,https://www.amazon.com/SPLENDA-Reduced-Calorie-Sweetened-Condensed/dp/B0CSQLNKCD/ref=sr_1_13?crid=1E2QJW9TUIM1M&dib=eyJ2IjoiMSJ9.VhK-_-s0fo1pypQsi405NJpAnw3gTvPfB20x0PfuoXhqgGIrVsuHZAeOgUZJ9TybwI8nF7gpl3YPaLiV4U0b_NRcC5b3cTYM1Q_4eKZodU-JEKt56VPmlNq93rOW8zgkaxk4vSQUEKZL-NkQDKiPU3n0u7DU2vBp7j1nKMV_Op3DZPc3vX89s4-HWi70xWLD1KaV1oqhoJAr05GYR_mIHCRhtYXzdUhhqLF3JZEaDMM.aKMu1kGFDuz9Ulvxd11uIM91Euj4pJlmy8dfYFIbjZA&dib_tag=se&keywords=milk&qid=1786072127&s=samedaystore&sprefix=mil%2Csamedaystore%2C348&sr=1-13
Amazon,B07YQH6CF1,"Amazon Grocery, 2% Reduced Fat Milk, 1 Gallon, 128 Fl Oz",Amazon Grocery,True,True,False,,Gallon,128,2%,Unflavored,False,False,False,False,False,False,False,False,True,25,0,2.12,2.12,2.12,https://www.amazon.com/Grocery-Previously-Happy-Belly-Packaging/dp/B07YQH6CF1/ref=sr_1_1?crid=1E2QJW9TUIM1M&dib=eyJ2IjoiMSJ9.zbujXBAfDy6Ctp54_w_GD1Zvqpj9swwcXd8tJL8qcZyUf7JoZWbnRJJTLxfssW1LzP8dgR3kHwRc6OjR8Bdg3zQE906Fsr__dkW-ggYwMsMUrL3XyJCCBhLiimsCucZloQMzpVkXU6OegHYvnNbtbcw2URaCwscfJ1nBW46GaxbWXTFsKXMmAebkr6C3bdSe7aZsBi5OhJMwLHVJbntle5pX-Pr1ard4VqvsY0pQcfw.O5SPCGr1j8-5iyNyrNQcNom9WmuOOxXGRLHaDlrg66Y&dib_tag=se&keywords=milk&qid=1786072237&s=samedaystore&sprefix=mil%2Csamedaystore%2C348&sr=1-1
Amazon,B07YQGNS8Y,"Amazon Grocery, Whole Milk, Half Gallon, 64 Fl Oz",Amazon Grocery,True,True,False,,Half Gallon,64,Whole,Unflavored,False,False,False,False,False,False,False,False,True,25,0,1.39,1.39,1.39,https://www.amazon.com/Grocery-Previously-Happy-Belly-Packaging/dp/B07YQGNS8Y/ref=sr_1_2?crid=1E2QJW9TUIM1M&dib=eyJ2IjoiMSJ9.zbujXBAfDy6Ctp54_w_GD1Zvqpj9swwcXd8tJL8qcZyUf7JoZWbnRJJTLxfssW1LzP8dgR3kHwRc6OjR8Bdg3zQE906Fsr__dkW-ggYwMsMUrL3XyJCCBhLiimsCucZloQMzpVkXU6OegHYvnNbtbcw2URaCwscfJ1nBW46GaxbWXTFsKXMmAebkr6C3bdSe7aZsBi5OhJMwLHVJbntle5pX-Pr1ard4VqvsY0pQcfw.O5SPCGr1j8-5iyNyrNQcNom9WmuOOxXGRLHaDlrg66Y&dib_tag=se&keywords=milk&qid=1786072237&s=samedaystore&sprefix=mil%2Csamedaystore%2C348&sr=1-2
Amazon,B07YQGS36S,"Amazon Grocery, 2% Reduced Fat Milk, Half Gallon, 64 Fl Oz",Amazon Grocery,True,True,False,,Half Gallon,64,2%,Unflavored,False,False,False,False,False,False,False,False,True,25,0,1.49,1.49,1.49,https://www.amazon.com/Grocery-Previously-Happy-Belly-Packaging/dp/B07YQGS36S/ref=sr_1_13?crid=1E2QJW9TUIM1M&dib=eyJ2IjoiMSJ9.zbujXBAfDy6Ctp54_w_GD1Zvqpj9swwcXd8tJL8qcZyUf7JoZWbnRJJTLxfssW1LzP8dgR3kHwRc6OjR8Bdg3zQE906Fsr__dkW-ggYwMsMUrL3XyJCCBhLiimsCucZloQMzpVkXU6OegHYvnNbtbcw2URaCwscfJ1nBW46GaxbWXTFsKXMmAebkr6C3bdSe7aZsBi5OhJMwLHVJbntle5pX-Pr1ard4VqvsY0pQcfw.O5SPCGr1j8-5iyNyrNQcNom9WmuOOxXGRLHaDlrg66Y&dib_tag=se&keywords=milk&qid=1786072237&s=samedaystore&sprefix=mil%2Csamedaystore%2C348&sr=1-13
Amazon,B07YQGNKXH,"Amazon Grocery, 1% Lowfat Milk, 1 Gallon, 128 Fl Oz",Amazon Grocery,True,True,False,,Gallon,128,1%,Unflavored,False,False,False,False,False,False,False,False,True,4,0,2.32,2.32,2.32,https://www.amazon.com/Grocery-Previously-Happy-Belly-Packaging/dp/B07YQGNKXH/ref=sr_1_4?crid=1E2QJW9TUIM1M&dib=eyJ2IjoiMSJ9.U7mddPyCOCqSjtUDaKfC0MIOoW4sdSyOrlR6aFUrbtUaoQ7opTHdOL1Ez3RFjV0n_042y7jBbK1x4YVP6wVS--_jR7AtH9eVM_rR02WTQA50FwzAtmZk7JKOYctzo4_YDqJTfI7E_I0mhoc2SWB480ZiLrCDyk7leZsjmBBidjyfXIcrBl0R6VNTtUTwyjc2AWTXzUAjlai1jvrloKg1QoPKAXye4wqp4MJB6JUagsw.cYVPZLAzjCYFwWGsx8NFa16ddA1YCLgxDJeosluBe6g&dib_tag=se&keywords=milk&qid=1786072238&s=samedaystore&sprefix=mil%2Csamedaystore%2C348&sr=1-4
Amazon,B07YQGJNZZ,"Amazon Grocery, Fat Free Milk, 1 Gallon, 128 Fl Oz",Amazon Grocery,True,True,False,,Gallon,128,Skim/Fat-Free,Unflavored,False,False,False,False,False,False,False,False,True,2,0,2.12,2.12,2.12,https://www.amazon.com/Grocery-Previously-Happy-Belly-Packaging/dp/B07YQGJNZZ/ref=sr_1_6?crid=1E2QJW9TUIM1M&dib=eyJ2IjoiMSJ9.U7mddPyCOCqSjtUDaKfC0MIOoW4sdSyOrlR6aFUrbtUaoQ7opTHdOL1Ez3RFjV0n_042y7jBbK1x4YVP6wVS--_jR7AtH9eVM_rR02WTQA50FwzAtmZk7JKOYctzo4_YDqJTfI7E_I0mhoc2SWB480ZiLrCDyk7leZsjmBBidjyfXIcrBl0R6VNTtUTwyjc2AWTXzUAjlai1jvrloKg1QoPKAXye4wqp4MJB6JUagsw.cYVPZLAzjCYFwWGsx8NFa16ddA1YCLgxDJeosluBe6g&dib_tag=se&keywords=milk&qid=1786072238&s=samedaystore&sprefix=mil%2Csamedaystore%2C348&sr=1-6
Amazon,B07YQGZYG4,"Amazon Grocery, Fat Free Milk, Half Gallon, 64 Oz",Amazon Grocery,True,True,False,,Half Gallon,64,Skim/Fat-Free,Unflavored,False,False,False,False,False,False,False,False,True,2,0,1.39,1.39,1.39,https://www.amazon.com/Grocery-Previously-Happy-Belly-Packaging/dp/B07YQGZYG4/ref=sr_1_9?crid=1E2QJW9TUIM1M&dib=eyJ2IjoiMSJ9.U7mddPyCOCqSjtUDaKfC0MIOoW4sdSyOrlR6aFUrbtUaoQ7opTHdOL1Ez3RFjV0n_042y7jBbK1x4YVP6wVS--_jR7AtH9eVM_rR02WTQA50FwzAtmZk7JKOYctzo4_YDqJTfI7E_I0mhoc2SWB480ZiLrCDyk7leZsjmBBidjyfXIcrBl0R6VNTtUTwyjc2AWTXzUAjlai1jvrloKg1QoPKAXye4wqp4MJB6JUagsw.cYVPZLAzjCYFwWGsx8NFa16ddA1YCLgxDJeosluBe6g&dib_tag=se&keywords=milk&qid=1786072238&s=samedaystore&sprefix=mil%2Csamedaystore%2C348&sr=1-9
Amazon,B07YQGGXYN,"Amazon Grocery, 1% Low Fat Milk, Half Gallon, 64 Fl Oz",Amazon Grocery,True,True,False,,Half Gallon,64,1%,Unflavored,False,False,False,False,False,False,False,False,True,2,0,1.39,1.39,1.39,https://www.amazon.com/Amazon-Brand-Happy-Lowfat-Gallon/dp/B07YQGGXYN/ref=sr_1_10?crid=1E2QJW9TUIM1M&dib=eyJ2IjoiMSJ9.U7mddPyCOCqSjtUDaKfC0MIOoW4sdSyOrlR6aFUrbtUaoQ7opTHdOL1Ez3RFjV0n_042y7jBbK1x4YVP6wVS--_jR7AtH9eVM_rR02WTQA50FwzAtmZk7JKOYctzo4_YDqJTfI7E_I0mhoc2SWB480ZiLrCDyk7leZsjmBBidjyfXIcrBl0R6VNTtUTwyjc2AWTXzUAjlai1jvrloKg1QoPKAXye4wqp4MJB6JUagsw.cYVPZLAzjCYFwWGsx8NFa16ddA1YCLgxDJeosluBe6g&dib_tag=se&keywords=milk&qid=1786072238&s=samedaystore&sprefix=mil%2Csamedaystore%2C348&sr=1-10
Amazon,B0BJ399ZSM,"365 by Whole Foods Market, Organic 2% Reduced Fat Milk, 64 Fl Oz",365 by Whole Foods Market,True,True,False,,Half Gallon,64,2%,Unflavored,True,False,False,False,False,False,False,False,True,7,0,4.79,4.79,4.99,https://www.amazon.com/365-Whole-Foods-Market-Organic/dp/B0BJ399ZSM/ref=sr_1_15?crid=1E2QJW9TUIM1M&dib=eyJ2IjoiMSJ9.MmXS4MPUiTxiep5RZMNr3V9bEoBDyjjklBOFJqzgpEYTjIu1mkUyvYJyO_f9NjhLPDMEbW3J_xOLe644BszDIgG8PFdh9lP1EER9FBEtHuPz0rketA6tgPhgWb8P2DQlgjUTcJkJuL2f22AYTu440V0Vwo0vhRkH8AmobCyrcvQ2Y0xJWfHNKgqEEZaxxr0ZanA4beY7BTWPeXle8srbPwRCINHy_jAYSWNIZJ_Grao.esGDrIqisnbTc6tpfn1YmDAKijxWbDhs9IV86og1Gvk&dib_tag=se&keywords=milk&qid=1786072277&s=samedaystore&sprefix=mil%2Csamedaystore%2C348&sr=1-15
Amazon,B0BKM51872,"365 by Whole Foods Market Organic Lactose Free Reduced Fat Milk, 64 FZ",365 by Whole Foods Market,True,True,False,,Half Gallon,64,Whole,Unflavored,True,True,False,False,False,False,False,False,True,11,0,3.99,4.99,4.99,https://www.amazon.com/365-Whole-Foods-Market-Lactose/dp/B0BKM51872/ref=sr_1_10?crid=1E2QJW9TUIM1M&dib=eyJ2IjoiMSJ9.FLVgJ8aG-TAiSvndUNp2E1iotyktMd1ttVYbj5hJbaiUv_Wdh__NnmbXZLowoYsh6MyYgqRSCM55ZUTsYgeMxIi7Astgg26p8s1rstKRi7NXlx8K6j6pvCM4mSetHoWP39BjB1CeW1s9TEAL4MESs9Q3dH_yUV598WbPrziX_cuN-qlRzwkAC71LhktwTvzFtVN3H1_uu8c4XgeYvj7MQpwq30dGFmLxAIdN7ChV7go.Y4oFIOitjkAlUBMuwNlJmBtFiyZnF-ea-evvjsBl1HA&dib_tag=se&keywords=milk&qid=1786072287&s=samedaystore&sprefix=mil%2Csamedaystore%2C348&sr=1-10
Amazon,B08LFMR89W,"Organic Valley GrassmilkŽ Organic Skim Milk, 59 oz",Organic Valley,True,True,False,,59 fl oz,59,Skim/Fat-Free,Unflavored,True,False,False,False,False,False,False,False,False,9,0,7.49,7.49,7.49,https://www.amazon.com/Organic-Valley-Grassmilk-Free-Milk/dp/B08LFMR89W/ref=sr_1_11?crid=1E2QJW9TUIM1M&dib=eyJ2IjoiMSJ9.FLVgJ8aG-TAiSvndUNp2E1iotyktMd1ttVYbj5hJbaiUv_Wdh__NnmbXZLowoYsh6MyYgqRSCM55ZUTsYgeMxIi7Astgg26p8s1rstKRi7NXlx8K6j6pvCM4mSetHoWP39BjB1CeW1s9TEAL4MESs9Q3dH_yUV598WbPrziX_cuN-qlRzwkAC71LhktwTvzFtVN3H1_uu8c4XgeYvj7MQpwq30dGFmLxAIdN7ChV7go.Y4oFIOitjkAlUBMuwNlJmBtFiyZnF-ea-evvjsBl1HA&dib_tag=se&keywords=milk&qid=1786072287&s=samedaystore&sprefix=mil%2Csamedaystore%2C348&sr=1-11
Amazon,B08KZ7QXLD,"Alexandre Family Farms Organic Regenerative UHT A2 2% Reduced Fat Milk, 59 FZ",Alexandre Family Farm,False,False,True,,59 fl oz,59,2%,Unflavored,True,False,False,True,False,False,False,False,False,0,0,,,,https://www.amazon.com/ALEXANDRE-FAMILY-Organic-Regenerative-Reduced/dp/B08KZ7QXLD/ref=sr_1_16?crid=1E2QJW9TUIM1M&dib=eyJ2IjoiMSJ9.FLVgJ8aG-TAiSvndUNp2E1iotyktMd1ttVYbj5hJbaiUv_Wdh__NnmbXZLowoYsh6MyYgqRSCM55ZUTsYgeMxIi7Astgg26p8s1rstKRi7NXlx8K6j6pvCM4mSetHoWP39BjB1CeW1s9TEAL4MESs9Q3dH_yUV598WbPrziX_cuN-qlRzwkAC71LhktwTvzFtVN3H1_uu8c4XgeYvj7MQpwq30dGFmLxAIdN7ChV7go.Y4oFIOitjkAlUBMuwNlJmBtFiyZnF-ea-evvjsBl1HA&dib_tag=se&keywords=milk&qid=1786072287&s=samedaystore&sprefix=mil%2Csamedaystore%2C348&sr=1-16
Amazon,B00CIZCNF0,"Organic Valley, Organic 2% Milk, 64 Oz (Half Gallon)",Organic Valley,True,True,False,,Half Gallon,64,2%,Unflavored,True,False,False,False,False,False,False,False,False,14,0,4.99,4.99,6.99,https://www.amazon.com/Organic-Valley-Reduced-Pasteurized-Gallon/dp/B00CIZCNF0/ref=sr_1_14?crid=1E2QJW9TUIM1M&dib=eyJ2IjoiMSJ9.bRS9vO0U-dnLsMKGbKUW9x1-bD-rD9Bea8Gxa9gW1L8p-EKjmhf3-8RSohbO8JSNiKAb-eVtamf2UvkJKlFU2Vb1XijR_rX6TMzoghSLk4ra4qMC1lXlb1rs4mIq-_y4pd9N4he2seEHa-elCO9HFrkJR1VPMTn5Sk-VwQABhXPxmfxUvXVzOvz-Iro1r1KONEGeMV0iqcu1I30yb5L8BfxZJmfKXDg3fxpAdINJusw.nAJLcJgJlOnsC7VqCf-2gP1HC6fe_X62wR3SbBou0oQ&dib_tag=se&keywords=milk&qid=1786072307&s=samedaystore&sprefix=mil%2Csamedaystore%2C348&sr=1-14
Amazon,B0B82BMQ6M,"Cardenas Markets, Cardenas Whole Milk, 128 Fl Oz",Unknown,True,True,False,,Gallon,128,Whole,Unflavored,False,False,False,False,False,False,False,False,False,6,0,4.49,4.49,5.49,https://www.amazon.com/Cardenas-Markets-Whole-Milk-128/dp/B0B82BMQ6M/ref=sr_1_9_us_f3_0o_card?crid=1E2QJW9TUIM1M&dib=eyJ2IjoiMSJ9.e240NnurfMtysTch4CMI5l9bEoBDyjjklBOFJqzgpEYOIaMhg4noPBc40TocdwQlzP8dgR3kHwRc6OjR8Bdg36bBPGuKEtXFDLqc1pDbrVtVK6gVspkl0wbC92j64CMnb1xaVKUbNq1gaJABox5HGFt_GdY6C0tLxyPA-bijWAqs4xzwW7F_rsnEHBH7P10IIgrFigaTR6PKm_YvY0dszZ86tm5P7u4ZMDI4OGouq5k.JS87JMuyGeMaKe-MN4ehHg-NVnSLjNPw4uRS7CnBd4Q&dib_tag=se&keywords=milk&qid=1786072430&s=samedaystore&sprefix=mil%2Csamedaystore%2C348&sr=1-9
Amazon,B0B826S42M,"Cardenas Markets, Cardenas 2% Reduced Fat Milk, 128 Fl Oz",Unknown,True,True,False,,Gallon,128,2%,Unflavored,False,False,False,False,False,False,False,False,False,3,0,4.49,4.49,4.49,https://www.amazon.com/Cardenas-Markets-Reduced-Fat-Milk/dp/B0B826S42M/ref=sr_1_15_us_f3_0o_card?crid=1E2QJW9TUIM1M&dib=eyJ2IjoiMSJ9.e240NnurfMtysTch4CMI5l9bEoBDyjjklBOFJqzgpEYOIaMhg4noPBc40TocdwQlzP8dgR3kHwRc6OjR8Bdg36bBPGuKEtXFDLqc1pDbrVtVK6gVspkl0wbC92j64CMnb1xaVKUbNq1gaJABox5HGFt_GdY6C0tLxyPA-bijWAqs4xzwW7F_rsnEHBH7P10IIgrFigaTR6PKm_YvY0dszZ86tm5P7u4ZMDI4OGouq5k.JS87JMuyGeMaKe-MN4ehHg-NVnSLjNPw4uRS7CnBd4Q&dib_tag=se&keywords=milk&qid=1786072430&s=samedaystore&sprefix=mil%2Csamedaystore%2C348&sr=1-15
Amazon,B079N52K8H,"365 by Whole Foods Market Reduced Fat 2% Milk, 128 FZ",365 by Whole Foods Market,True,True,False,,Gallon,128,2%,Unflavored,False,False,False,False,False,False,False,False,True,1,0,4.59,4.59,4.59,https://www.amazon.com/365-EVERYDAY-VALUE-Rbst-Reduced/dp/B079N52K8H/ref=sr_1_6_us_f3_0o_wf?crid=1E2QJW9TUIM1M&dib=eyJ2IjoiMSJ9.oqqqYeTA4PwJGRxLHkc2GhMpnyFsTRUXdF9O0XUeKg1mL1JxvMuZcQQo2dANrD35uug-uRoYmL3UiPMxZ4KkQhdbmK9iZMrRbX4Qv8J87mb8H1EeCH8tvnErUIHdn5D7uoD_9w7onEna2haiFjtwbYK5dbQjVRazT12iF7fc5sSFzDMmFJjM0m6h1e9wpY5WUtE_aoVn0Zs4jhASHYVssJP99n9gBXNUCjuSyTR9NN4.4rCJMJUmsoGTTC_Sb2N3Vry8ASmgwLxuuL4SvQd9w_E&dib_tag=se&keywords=milk&qid=1786072639&s=samedaystore&sprefix=mil%2Csamedaystore%2C348&sr=1-6
Amazon,B08JDWY3C7,"Alta Dena Whole Milk, 64 Fl Oz",Alta Dena,True,True,False,,Half Gallon,64,Whole,Unflavored,False,False,False,False,False,False,False,False,False,1,0,2.79,2.79,2.79,https://www.amazon.com/Alta-Dena-Whole-Milk-64/dp/B08JDWY3C7/ref=sr_1_8_us_f3_0o_card?crid=1E2QJW9TUIM1M&dib=eyJ2IjoiMSJ9.kMFjhg6_g-YOUR_eVkTAXhkiSSArKoJjPOTeyPixUjnaE6vGWy6SjEPLWzYeR96SrLVWO7a_7L8vJsV8EyY4JSIWs390rFC7NOH2vVZrFA8q3pTtnAkfot62bY9Ix1JCjRauY2cIEvgz7elFvm2SD_5W51l0c13vqlTkL-vAcC4xMe-Eq0HsXGZPi0DlkroxvzptGjxlTLdvxKEcK5hB5FqSiKVP0pDPaVgt4zrWiQc.S9HBr5pu_wt8wV2aCEhiFz9Nwhlxzv5HqjJhjZPWd14&dib_tag=se&keywords=milk&qid=1786072747&s=samedaystore&sprefix=mil%2Csamedaystore%2C348&sr=1-8
Amazon,B00UJAJ2IM,"Horizon Organic DHA Omega-3 2% Reduced Fat Milk, 64 fl oz Half Gallon | USDA Organic Vitamin D Milk, Ultra Pasteurized, Rich, Creamy, & Delicious",Horizon Organic,True,True,False,,Half Gallon,64,2%,Unflavored,True,False,False,False,True,False,False,False,False,6,0,5.99,8.49,8.49,https://www.amazon.com/Horizon-Organic-Reduced-Omega-3-Pasteurized/dp/B00UJAJ2IM/ref=sr_1_13_us_f3_0o_card?crid=1E2QJW9TUIM1M&dib=eyJ2IjoiMSJ9.kMFjhg6_g-YOUR_eVkTAXhkiSSArKoJjPOTeyPixUjnaE6vGWy6SjEPLWzYeR96SrLVWO7a_7L8vJsV8EyY4JSIWs390rFC7NOH2vVZrFA8q3pTtnAkfot62bY9Ix1JCjRauY2cIEvgz7elFvm2SD_5W51l0c13vqlTkL-vAcC4xMe-Eq0HsXGZPi0DlkroxvzptGjxlTLdvxKEcK5hB5FqSiKVP0pDPaVgt4zrWiQc.S9HBr5pu_wt8wV2aCEhiFz9Nwhlxzv5HqjJhjZPWd14&dib_tag=se&keywords=milk&qid=1786072747&s=samedaystore&sprefix=mil%2Csamedaystore%2C348&sr=1-13
Amazon,B00QRV0REU,"Horizon Organic Vitamin D 2% Reduced Fat Milk, 64 fl oz Half Gallon Carton | USDA Organic Vitamin D Milk, Ultra Pasteurized, Rich, Creamy, & Delicious",Horizon Organic,True,True,False,,Half Gallon,64,2%,Unflavored,True,False,False,False,False,False,False,False,False,1,0,5.99,5.99,5.99,https://www.amazon.com/Horizon-Organic-Reduced-Milk-Gallon/dp/B00QRV0REU/ref=sr_1_15_us_f3_0o_card?crid=1E2QJW9TUIM1M&dib=eyJ2IjoiMSJ9.kMFjhg6_g-YOUR_eVkTAXhkiSSArKoJjPOTeyPixUjnaE6vGWy6SjEPLWzYeR96SrLVWO7a_7L8vJsV8EyY4JSIWs390rFC7NOH2vVZrFA8q3pTtnAkfot62bY9Ix1JCjRauY2cIEvgz7elFvm2SD_5W51l0c13vqlTkL-vAcC4xMe-Eq0HsXGZPi0DlkroxvzptGjxlTLdvxKEcK5hB5FqSiKVP0pDPaVgt4zrWiQc.S9HBr5pu_wt8wV2aCEhiFz9Nwhlxzv5HqjJhjZPWd14&dib_tag=se&keywords=milk&qid=1786072747&s=samedaystore&sprefix=mil%2Csamedaystore%2C348&sr=1-15
Amazon,B00104LSAQ,"Organic Valley, Lactose Free, 2%, Half Gallon, 64 fl oz",Organic Valley,False,False,False,not_milk,Half Gallon,64,2%,Unflavored,True,True,False,False,False,False,False,False,False,0,0,,,,https://www.amazon.com/Organic-Valley-Lactose-Reduced-Gallon/dp/B00104LSAQ/ref=sr_1_13?crid=1E2QJW9TUIM1M&dib=eyJ2IjoiMSJ9.FLVgJ8aG-TAiSvndUNp2E0s2Oa1-G1iHa8A9OVLZR-l3XjO58BhbJLC1H9bztVWSsvYH1EC4vRtjgLdqKJrteeTH0VSut6BbnK30vPnzfIxk1qdFpF5kizwFPJWAebhTo2M6E0cc4GEWI2b49S7xGTNLy2uSufU5Fg1osHm-n3ZIx1PkSaCSTB8lGaJznbEphRs9IZ3EBG8ryWoXDBkBspa-rQS92OAhUL4OiHgllGs.67Tpm-nJSSho7Bd6xm-XiXfNOXb8mbljvlgzi32kzcU&dib_tag=se&keywords=milk&qid=1786072777&s=samedaystore&sprefix=mil%2Csamedaystore%2C348&sr=1-13
Amazon,B0DJ9MSD17,"Zeal Creamery Grass Fed Whole Milk, 64 FZ",Unknown,True,True,False,,Half Gallon,64,Whole,Unflavored,False,False,False,False,False,True,False,False,False,2,0,8.99,8.99,8.99,https://www.amazon.com/Zeal-Creamery-Grass-Whole-Milk/dp/B0DJ9MSD17/ref=sr_1_14?crid=1E2QJW9TUIM1M&dib=eyJ2IjoiMSJ9.FLVgJ8aG-TAiSvndUNp2E0s2Oa1-G1iHa8A9OVLZR-l3XjO58BhbJLC1H9bztVWSsvYH1EC4vRtjgLdqKJrteeTH0VSut6BbnK30vPnzfIxk1qdFpF5kizwFPJWAebhTo2M6E0cc4GEWI2b49S7xGTNLy2uSufU5Fg1osHm-n3ZIx1PkSaCSTB8lGaJznbEphRs9IZ3EBG8ryWoXDBkBspa-rQS92OAhUL4OiHgllGs.67Tpm-nJSSho7Bd6xm-XiXfNOXb8mbljvlgzi32kzcU&dib_tag=se&keywords=milk&qid=1786072777&s=samedaystore&sprefix=mil%2Csamedaystore%2C348&sr=1-14
Amazon,B000YMXMQ8,"Organic Valley Fat Free Milk, Ultra Pasteurized, Lactose Free, 64 Fl.Oz",Organic Valley,True,True,False,,Half Gallon,64,Skim/Fat-Free,Unflavored,True,True,False,False,False,False,False,False,False,1,0,6.79,6.79,6.79,https://www.amazon.com/Organic-Valley-Pasteurized-Gallon-Ounces/dp/B000YMXMQ8/ref=sr_1_16?crid=1E2QJW9TUIM1M&dib=eyJ2IjoiMSJ9.FLVgJ8aG-TAiSvndUNp2E1iotyktMd1ttVYbj5hJbahWl_mqvBMMH_I4D78_iiB8pE58zkygNnnO4A6PHt_MREvW7coFqKk9JaOGbVbQoGHYtUbjPOFN3hXRNMqN_T2PjiyL5nFkI4Q2NJOHkUjzUKG30RLrHts4AzQiBzGXiUw8C6MpwjYZM6jmPQ_KmDJdD-h16O_mT0nv3ulY3gXvwN7hcQympdmEjVTzbVi-DfE.CdX292FVIJVP1zBflJW6nayI-Hbppa3nC4U1g3_SMzM&dib_tag=se&keywords=milk&qid=1786072753&s=samedaystore&sprefix=mil%2Csamedaystore%2C348&sr=1-16
Amazon,B0DVC35F3D,"Sunnyside Farms, 2% Reduced Fat Milk, 64 Fl Oz",Sunnyside Farms,True,True,False,,Half Gallon,64,2%,Unflavored,False,False,False,False,False,False,False,False,False,17,0,3.19,3.79,3.79,https://www.amazon.com/Sunnyside-Farms-Reduced-Milk-Ounce/dp/B0DVC35F3D/ref=sr_1_8_us_f3_0o_savem?crid=1E2QJW9TUIM1M&dib=eyJ2IjoiMSJ9.mUV87NJxIqMcoqQniGiRDsxBJyuP01glqoN_ZgrFcgbaE6vGWy6SjEPLWzYeR96SEafUvW7iq9npxoZmj4YOvR3PnL0rKr4YWhz2CXGxWVlrZTDGvMWAk71MQAb9KJ9YfAM3JUYRxwv8Na1fgVdU1I6zs18swU37pbg8IWU0iEIaqGVq0oAh2I3888EAe-GbcK5pJ9GOsXkEPPoVTOSDjyJvvGOPgSWseYgkOr1Wgm8.cXTttvN8xY9TE-zDKeKANPGSXG4-pRV73nG1l7BwFAk&dib_tag=se&keywords=milk&qid=1786072794&s=samedaystore&sprefix=mil%2Csamedaystore%2C348&sr=1-8
Amazon,B0DVC7J1YH,"Producers Dairy, Whole Milk 128 Oz",Unknown,True,True,False,,Gallon,128,Whole,Unflavored,False,False,False,False,False,False,False,False,False,14,0,7.99,7.99,7.99,https://www.amazon.com/Producers-Dairy-Whole-Milk-128/dp/B0DVC7J1YH/ref=sr_1_10_us_f3_0o_savem?crid=1E2QJW9TUIM1M&dib=eyJ2IjoiMSJ9.mUV87NJxIqMcoqQniGiRDsxBJyuP01glqoN_ZgrFcgbaE6vGWy6SjEPLWzYeR96SEafUvW7iq9npxoZmj4YOvR3PnL0rKr4YWhz2CXGxWVlrZTDGvMWAk71MQAb9KJ9YfAM3JUYRxwv8Na1fgVdU1I6zs18swU37pbg8IWU0iEIaqGVq0oAh2I3888EAe-GbcK5pJ9GOsXkEPPoVTOSDjyJvvGOPgSWseYgkOr1Wgm8.cXTttvN8xY9TE-zDKeKANPGSXG4-pRV73nG1l7BwFAk&dib_tag=se&keywords=milk&qid=1786072794&s=samedaystore&sprefix=mil%2Csamedaystore%2C348&sr=1-10
Amazon,B0DW45BZQC,"Sunnyside Farms, Vitamin D Organic Milk, 128 Fl Oz",Sunnyside Farms,True,False,False,,Gallon,128,Unspecified,Unflavored,True,False,False,False,False,False,False,False,False,7,0,8.49,8.49,8.49,https://www.amazon.com/Sunnyside-Farms-Vitamin-Organic-Ounce/dp/B0DW45BZQC/ref=sr_1_16_us_f3_0o_savem?crid=1E2QJW9TUIM1M&dib=eyJ2IjoiMSJ9.mUV87NJxIqMcoqQniGiRDsxBJyuP01glqoN_ZgrFcgbaE6vGWy6SjEPLWzYeR96SEafUvW7iq9npxoZmj4YOvR3PnL0rKr4YWhz2CXGxWVlA7zwj9gE-8jzMBxSHbtUAVC6ZXZY1y-NGBVVcklOPOF_kYFxx3gXV2n2zv8nJrelaWWl3JYfuw72mdf9XDuL4nDA86eJknDgq9v2DgpDm8mgFdC2U3AjyucAF2RX8jCI.DyNKTTOmZ7trmSbJ4ehqtPvc5E-NsYIrbboO9wSUwz4&dib_tag=se&keywords=milk&qid=1786072806&s=samedaystore&sprefix=mil%2Csamedaystore%2C348&sr=1-16
Amazon,B07NTXC9DW,"Darigold, Fit 2%, 59 Fl Oz",Darigold,False,False,False,not_milk,59 fl oz,59,2%,Unflavored,False,False,False,False,False,False,False,False,False,0,0,,,,https://www.amazon.com/Darigold-341756-FIT-2-59/dp/B07NTXC9DW/ref=sr_1_14_us_f3_0o_savem?crid=1E2QJW9TUIM1M&dib=eyJ2IjoiMSJ9.mUV87NJxIqMcoqQniGiRDsxBJyuP01glqoN_ZgrFcgbaE6vGWy6SjEPLWzYeR96SDiEyPwka9rUvEMOyJOTDQxgezNsPe9oHkkbzbgeVdQFJ9Ig-FE-fQPVl35fI46WLf8ioTsSWuY7IK9cHIBpJTOwIPTcpts7Z6g-51tfIHi3K7UaCF53IN5Bevhhw3tE8Mf8je_S2SnHBeWFzhDanpIsJta8G0vagZvryVRj9Wuk.oFhHAohb6rvLkQ9SWIQ2hcSVTNuBJfK6DTguLVPpTmo&dib_tag=se&keywords=milk&qid=1786072799&s=samedaystore&sprefix=mil%2Csamedaystore%2C348&sr=1-14
Amazon,B00GSL2SJG,"Clover Sonoma, Organic 2% Reduced Fat Milk, 128 Fl. Oz",Clover Sonoma,True,True,False,,Gallon,128,2%,Unflavored,True,False,False,False,False,False,False,False,False,4,0,9.99,9.99,9.99,https://www.amazon.com/Clover-Sonoma-Organic-Reduced-Gallon/dp/B00GSL2SJG/ref=sr_1_12_us_f3_0o_wf?crid=1E2QJW9TUIM1M&dib=eyJ2IjoiMSJ9.CO24rpsQOKf5l2JZHExL6TvMNlDUWWBEqNPOTR6Obxm03Yg_7k5VzGZGz1k3k6u-3MekRJqQWXFPn3FJIb1u-OfKYCuM4Tq9bSv9wQ0yRe6b8VIb0SYoo187JYFDGBYpRei-CVOXDy4H_vijCd9zWix8Rmb2VOfg1iU9G-lNnG8cg9nkgxXmO0-SUsKKuH-nt8E308hFnzhvkvU_67htqwWJBHmmMxpfm1Jz3s_SnHk.kfGTi4XcXXo2aYkAAbG8YVotOoZeizQdV5Q242DBQq0&dib_tag=se&keywords=milk&qid=1786072865&s=samedaystore&sprefix=mil%2Csamedaystore%2C348&sr=1-12
Amazon,B00GSL2N82,"Clover Sonoma, Milk Whole, 128 Fl Oz",Clover Sonoma,True,True,False,,Gallon,128,Whole,Unflavored,False,False,False,False,False,False,False,False,False,3,0,6.99,6.99,6.99,https://www.amazon.com/Clover-Stornetta-Farms-Vitamin-Gallon/dp/B00GSL2N82/ref=sr_1_16_us_f3_0o_wf?crid=1E2QJW9TUIM1M&dib=eyJ2IjoiMSJ9.Ccti9M75sr0nNnzZR70tppMCASXZXb9AzN1otvh2Csp5vmiL8UTQYyiNI51JAMKq5qlOx9Jwtwy79kprPIXrd9wI1Rm3bpKw8Wb4rHUsjVC2_Lx2XtG5CzWpJdeNGzBrxcu7NGROB54fmhh3-9MJyoWXxKKz-sy-6GVXzv-6GUeMJKQZqg9J-7jkoMOj_Q3crLUSriLW301TbkfSqsy7rBrmngiDM-bEexewxXW4o8w.nTKXg2uoN7ky0Tw6lOUbbbofmmJgLIF5khd7QbT7tqQ&dib_tag=se&keywords=milk&qid=1786072866&s=samedaystore&sprefix=mil%2Csamedaystore%2C348&sr=1-16
Amazon,B074VD76SB,"365 by Whole Foods Market, Reduced Fat 2% Milk, 1 gallon",365 by Whole Foods Market,True,True,False,,Gallon,128,2%,Unflavored,False,False,False,False,False,False,False,False,True,2,0,4.49,4.49,4.49,https://www.amazon.com/365-Everyday-Value-Reduced-Gallon/dp/B074VD76SB/ref=sr_1_11_us_f3_0o_wf?crid=1E2QJW9TUIM1M&dib=eyJ2IjoiMSJ9.DJ7mTiZeK2wxPNRhnZ78Kr2MRckt8ykKtoWybLQ1Drb0jehLF71elLNmxIvH52nGD8GvuFRTF4NQ4gEztuDeZF3cqcqvZZhKTKU_3JBOm0RV33H9nEIxo-xSWogFiUZzdwvQ9NrkcslUvmYBj9wpC4R9q76X9COhVRCIG-96co2FHK6lVd8lKflDGRTKpy3N58httDPpkCp5MPnq_2kIAojEdfkonLBZ1cb5vaBYyME.cLSWZ8KtHFxORq4bgnOgb_F4exCzD3hMOKscAeoP8jU&dib_tag=se&keywords=milk&qid=1786072931&s=samedaystore&sprefix=mil%2Csamedaystore%2C348&sr=1-11
Amazon,B00GSL2MEC,"Clover Sonoma, Whole Milk, Half Gallon, 64 oz",Clover Sonoma,True,True,False,,Half Gallon,64,Whole,Unflavored,False,False,False,False,False,False,False,False,False,1,0,3.99,3.99,3.99,https://www.amazon.com/Clover-Stornetta-Farms-Vitamin-Gallon/dp/B00GSL2MEC/ref=sr_1_16_us_f3_0o_wf?crid=1E2QJW9TUIM1M&dib=eyJ2IjoiMSJ9.3d7uuLfSgPf4yO6eWfQO5G0ZdVzO2iKU2cOrjydh7bIs6-M_LUZb9K2FYUUFNV1SsE8pPFbx4xDruezMWFnJUh3wkz6P0OOyEGWQ7g63m-NZPHVLmfl9yIJ6sjbYgb1nuPEizZZRL2fG_7wfK0i58jChA7g6QsInZIDM3xknhDpVKqZdm8jEq0DarMw02Pk_D9Tgr-FFz20Wzv_AEMDy1QDBnnlGRSVG9dTvW9RAf3U.0QbHuU-GIN3jNSPgvoHIJwVBR8uwG8hLggpNFObveC8&dib_tag=se&keywords=milk&qid=1786072968&s=samedaystore&sprefix=mil%2Csamedaystore%2C348&sr=1-16
Amazon,B00930SMBC,"Organic Valley® Grassmilk® 100% Grass Fed Whole Milk, Organic, 59 fl oz",Organic Valley,True,True,False,,59 fl oz,59,Whole,Unflavored,True,False,False,False,False,True,False,False,False,3,0,6.67,6.67,8.49,https://www.amazon.com/Organic-Valley-Whole-Grassmilk-64/dp/B00930SMBC/ref=sr_1_16?crid=1E2QJW9TUIM1M&dib=eyJ2IjoiMSJ9.Z7vVUv6uzkztBbnGHQYWBGdciMozKugMfi9oHDP6g5_CdDGhigJl_57SX6gKn2TLodwFImsou0RBu5QcekA1Js_B1FHV_ftjRXXW6ULSClFK7Jk5Dv7pOwTrB4QEVabhdvDPibgRtP5YHJj8NjSZzTskpQu38nKwYaRhbn3ZDh47HyOyj6ANo25N_gm-ifVbRa5itekCQdhBhzc74fSHoGMPw6NfW0lS-_AKNPCRRjw.UuQpPLHAm60mp5R5SVRqV4HyeJymFSRnZe_v1wUFrNE&dib_tag=se&keywords=milk&qid=1786073028&s=samedaystore&sprefix=mil%2Csamedaystore%2C348&sr=1-16
Amazon,B079NDNJWQ,"Straus Family Creamery Organic Whole Milk, Minimally Processed, Non-Homogenized, Cream Top, 1 Gallon",Straus Family Creamery,True,True,False,,Gallon,128,Whole,Unflavored,True,False,False,False,False,False,False,False,False,1,0,10.99,10.99,10.99,https://www.amazon.com/Straus-Family-Creamery-Minimally-Non-Homogenized/dp/B079NDNJWQ/ref=sr_1_10_us_f3_0o_wf?crid=1E2QJW9TUIM1M&dib=eyJ2IjoiMSJ9.VGWId7_fiJkT1xvgG4xIhEarczf6rOe-bFTjvxcEuzavc_aPvux7sa9C4th5kIS1l3rY4KgjgrkwxS0vm2_b_JgvoN-NcdFck4GzlArp066cRt0Zj81gSgBY0N_uRAjuAFW6vyoTjhho67syvybQR_3_OZx02N0yYvzAd2xvKBppB6JTSHgc13c0vksPQSQ-yJz6WZOfEyvZpOoBInx8z7s6DAxqTaegsVrYpUy8u40.CH9etXNkky8Hv67aMAK_ZKCsmONxVbafVclBmfsQHeY&dib_tag=se&keywords=milk&qid=1786073032&s=samedaystore&sprefix=mil%2Csamedaystore%2C348&sr=1-10
Amazon,B0DVC6DS3C,"Bay View, 1% Low Fat Milk, 128 OZ",Bay View,True,True,False,,Gallon,128,1%,Unflavored,False,False,False,False,False,False,False,False,False,1,0,5.79,5.79,5.79,https://www.amazon.com/Bay-View-Low-Fat-Milk/dp/B0DVC6DS3C/ref=sr_1_12_us_f3_0o_savem?crid=1E2QJW9TUIM1M&dib=eyJ2IjoiMSJ9.3d7uuLfSgPf4yO6eWfQO5EzidwdDkGh7NL-G0YUpDJDHvve8Ibr7a79KGx_5MsVn5Ak13ewbN1bi0niU-DDAGHvXkQt9H8shmycftcDL6-j9kFQyl80JGVZ722nVHpH6FH1gGHJrQkcU0ebDmWzppPZpYNnjDK8fG5y7gmVB5zFuboZfnm8MsOsk0wCHeoKnC2B7__v9fs5ylFamqKes6p1lfD-BuS3uAIF2y36KfcQ.1UlaTOjX90sHSop38CAsEzN3tMDci18b_C6dbjznAnw&dib_tag=se&keywords=milk&qid=1786073075&s=samedaystore&sprefix=mil%2Csamedaystore%2C348&sr=1-12
Amazon,B07TV6638S,"Amazon Grocery, Whole Milk, 1 Gallon, 128 Fl Oz",Amazon Grocery,True,True,False,,Gallon,128,Whole,Unflavored,False,False,False,False,False,False,False,False,True,27,0,3.47,3.47,3.47,https://www.amazon.com/Amazon-Brand-Happy-Gallon-Ounces/dp/B07TV6638S/ref=sr_1_1?crid=1E2QJW9TUIM1M&dib=eyJ2IjoiMSJ9.lvx_PTn3M2hkWHlOzKWhLaIEy7m9j0FLDCxTTw0XG7I5VlI_G7KbmXNRrCBEBrpn0G_NeFygQHNSNlNNCV3uJszxkFuk4pSK3ef0jmq9y83bwHaN4hXdrwYV5oSijGwJitc8GbphAvGdzGoRMMBcxsw2URaCwscfJ1nBW46GaxZeidc7PbVa-ebpjr_f1aVvFoDGy1LWRNYxkQ3zB5prB3eUoCXXYB0jX62Gbtm8hJ8.E0cbPU6wEvOOhUrexdAbThKBJq8QazqK6mybCkJOp2I&dib_tag=se&keywords=milk&qid=1786073086&s=samedaystore&sprefix=mil%2Csamedaystore%2C348&sr=1-1
Amazon,B07TV66398,"Amazon Grocery, 2% Reduced Fat Milk, 1 Gallon, 128 Fl Oz",Amazon Grocery,True,True,False,,Gallon,128,2%,Unflavored,False,False,False,False,False,False,False,False,True,27,0,3.47,3.47,3.47,https://www.amazon.com/Amazon-Brand-Reduced-Gallon-Ounces/dp/B07TV66398/ref=sr_1_2?crid=1E2QJW9TUIM1M&dib=eyJ2IjoiMSJ9.lvx_PTn3M2hkWHlOzKWhLaIEy7m9j0FLDCxTTw0XG7I5VlI_G7KbmXNRrCBEBrpn0G_NeFygQHNSNlNNCV3uJszxkFuk4pSK3ef0jmq9y83bwHaN4hXdrwYV5oSijGwJitc8GbphAvGdzGoRMMBcxsw2URaCwscfJ1nBW46GaxZeidc7PbVa-ebpjr_f1aVvFoDGy1LWRNYxkQ3zB5prB3eUoCXXYB0jX62Gbtm8hJ8.E0cbPU6wEvOOhUrexdAbThKBJq8QazqK6mybCkJOp2I&dib_tag=se&keywords=milk&qid=1786073086&s=samedaystore&sprefix=mil%2Csamedaystore%2C348&sr=1-2
Amazon,B000PRFWK6,"Darigold, Milk 1 Percent Gallon, 128 Fl Oz",Darigold,True,False,False,,Gallon,128,Unspecified,Unflavored,False,False,False,False,False,False,False,False,False,1,0,3.13,3.13,3.13,https://www.amazon.com/Darigold-Milk-Low-Pasteurized-Gallon/dp/B000PRFWK6/ref=sr_1_3?crid=1E2QJW9TUIM1M&dib=eyJ2IjoiMSJ9.lvx_PTn3M2hkWHlOzKWhLfYT2k2noR8f1h6CYjL5NFAruKqtwvIWZHEO9Ms8KG8mx9MEmh1mBa8RPuBJ6CBcZCRMR6IDdYTAueI6RrINEt1w40JFb6e7X0iIJocPh9Oph-tU4WO68SPOOHO-FSw3Mc3gr8G4Qm5yV0TdQBgCeb5vsNqdNOVs2ZrMaSepxEO3S_QH3dvxWLknqIUdxd6pxv_n1HNBfLYsA_2lGhTY8GE.l3YOIJzlM-MGCD17e457hN3_a__7ER6ARV7Dkd_szzY&dib_tag=se&keywords=milk&qid=1786073116&s=samedaystore&sprefix=mil%2Csamedaystore%2C348&sr=1-3
Amazon,B000PRHRB8,"Darigold, Milk Whole Gallon, 128 Fl Oz",Darigold,True,True,False,,Gallon,128,Whole,Unflavored,False,False,False,False,False,False,False,False,False,1,0,5.69,5.69,5.69,https://www.amazon.com/Darigold-Milk-Whole-Pasteurized-Gallon/dp/B000PRHRB8/ref=sr_1_4?crid=1E2QJW9TUIM1M&dib=eyJ2IjoiMSJ9.lvx_PTn3M2hkWHlOzKWhLfYT2k2noR8f1h6CYjL5NFAruKqtwvIWZHEO9Ms8KG8mx9MEmh1mBa8RPuBJ6CBcZCRMR6IDdYTAueI6RrINEt1w40JFb6e7X0iIJocPh9Oph-tU4WO68SPOOHO-FSw3Mc3gr8G4Qm5yV0TdQBgCeb5vsNqdNOVs2ZrMaSepxEO3S_QH3dvxWLknqIUdxd6pxv_n1HNBfLYsA_2lGhTY8GE.l3YOIJzlM-MGCD17e457hN3_a__7ER6ARV7Dkd_szzY&dib_tag=se&keywords=milk&qid=1786073116&s=samedaystore&sprefix=mil%2Csamedaystore%2C348&sr=1-4
Amazon,B07TT5GBHC,"Amazon Grocery, 1% Low Fat Milk, 1 Gallon, 128 Fl Oz",Amazon Grocery,True,True,False,,Gallon,128,1%,Unflavored,False,False,False,False,False,False,False,False,True,2,0,3.93,3.93,3.93,https://www.amazon.com/Amazon-Brand-Happy-Gallon-Ounces/dp/B07TT5GBHC/ref=sr_1_6?crid=1E2QJW9TUIM1M&dib=eyJ2IjoiMSJ9.lvx_PTn3M2hkWHlOzKWhLfYT2k2noR8f1h6CYjL5NFAruKqtwvIWZHEO9Ms8KG8mx9MEmh1mBa8RPuBJ6CBcZCRMR6IDdYTAueI6RrINEt1w40JFb6e7X0iIJocPh9Oph-tU4WO68SPOOHO-FSw3Mc3gr8G4Qm5yV0TdQBgCeb5vsNqdNOVs2ZrMaSepxEO3S_QH3dvxWLknqIUdxd6pxv_n1HNBfLYsA_2lGhTY8GE.l3YOIJzlM-MGCD17e457hN3_a__7ER6ARV7Dkd_szzY&dib_tag=se&keywords=milk&qid=1786073116&s=samedaystore&sprefix=mil%2Csamedaystore%2C348&sr=1-6
Amazon,B07TRLCLYJ,"Amazon Grocery, Fat Free Skim Milk, 1 Gallon, 128 Fl Oz",Amazon Grocery,True,True,False,,Gallon,128,Skim/Fat-Free,Unflavored,False,False,False,False,False,False,False,False,True,1,0,3.47,3.47,3.47,https://www.amazon.com/Amazon-Brand-Happy-Gallon-Ounces/dp/B07TRLCLYJ/ref=sr_1_10?crid=1E2QJW9TUIM1M&dib=eyJ2IjoiMSJ9.lvx_PTn3M2hkWHlOzKWhLfYT2k2noR8f1h6CYjL5NFAruKqtwvIWZHEO9Ms8KG8mx9MEmh1mBa8RPuBJ6CBcZCRMR6IDdYTAueI6RrINEt1w40JFb6e7X0iIJocPh9Oph-tU4WO68SPOOHO-FSw3Mc3gr8G4Qm5yV0TdQBgCeb5vsNqdNOVs2ZrMaSepxEO3S_QH3dvxWLknqIUdxd6pxv_n1HNBfLYsA_2lGhTY8GE.l3YOIJzlM-MGCD17e457hN3_a__7ER6ARV7Dkd_szzY&dib_tag=se&keywords=milk&qid=1786073116&s=samedaystore&sprefix=mil%2Csamedaystore%2C348&sr=1-10
Amazon,B000PRDZSM,"Darigold, Milk 2 Percent Gallon, 128 Fl Oz",Darigold,True,False,False,,Gallon,128,Unspecified,Unflavored,False,False,False,False,False,False,False,False,False,1,0,5.69,5.69,5.69,https://www.amazon.com/Darigold-Milk-Reduced-Pasteurized-Gallon/dp/B000PRDZSM/ref=sr_1_13?crid=1E2QJW9TUIM1M&dib=eyJ2IjoiMSJ9.lvx_PTn3M2hkWHlOzKWhLfYT2k2noR8f1h6CYjL5NFAruKqtwvIWZHEO9Ms8KG8mx9MEmh1mBa8RPuBJ6CBcZCRMR6IDdYTAueI6RrINEt1w40JFb6e7X0iIJocPh9Oph-tU4WO68SPOOHO-FSw3Mc3gr8G4Qm5yV0TdQBgCeb5vsNqdNOVs2ZrMaSepxEO3S_QH3dvxWLknqIUdxd6pxv_n1HNBfLYsA_2lGhTY8GE.l3YOIJzlM-MGCD17e457hN3_a__7ER6ARV7Dkd_szzY&dib_tag=se&keywords=milk&qid=1786073116&s=samedaystore&sprefix=mil%2Csamedaystore%2C348&sr=1-13
Amazon,B000PRE06S,"Darigold, Milk Fat Free Gallon, 128 Fl Oz",Darigold,True,True,False,,Gallon,128,Skim/Fat-Free,Unflavored,False,False,False,False,False,False,False,False,False,1,0,4.59,4.59,4.59,https://www.amazon.com/Darigold-Milk-Free-Pasteurized-Gallon/dp/B000PRE06S/ref=sr_1_16?crid=1E2QJW9TUIM1M&dib=eyJ2IjoiMSJ9.lvx_PTn3M2hkWHlOzKWhLfYT2k2noR8f1h6CYjL5NFAruKqtwvIWZHEO9Ms8KG8mx9MEmh1mBa8RPuBJ6CBcZCRMR6IDdYTAueI6RrINEt1w40JFb6e7X0iIJocPh9Oph-tU4WO68SPOOHO-FSw3Mc3gr8G4Qm5yV0TdQBgCeb5vsNqdNOVs2ZrMaSepxEO3S_QH3dvxWLknqIUdxd6pxv_n1HNBfLYsA_2lGhTY8GE.l3YOIJzlM-MGCD17e457hN3_a__7ER6ARV7Dkd_szzY&dib_tag=se&keywords=milk&qid=1786073116&s=samedaystore&sprefix=mil%2Csamedaystore%2C348&sr=1-16
Amazon,B074H681F5,"365 by Whole Foods Market, Organic Vanilla Soy Beverage, 32 Fl Oz",365 by Whole Foods Market,False,False,False,"not_milk,plant_based",32 fl oz,32,Whole,Vanilla,True,False,False,False,False,False,False,False,True,0,0,,,,https://www.amazon.com/365-Everyday-Value-Organic-Soymilk/dp/B074H681F5/ref=sr_1_16?crid=1E2QJW9TUIM1M&dib=eyJ2IjoiMSJ9.VX2ihPZYfe0gqncgY9DGCtapWG72ja0561NSRrt_TPuwohqQzyb1YSAQZwVtmlC4ah8F_GYNkLMzy2AcD-YCn70SCz1w_HXFmUMXFXw6uUL5EM4zowf0QqKWValguUzwWgfS9mLxP2QQSdPYqWlZGOdFx8hbuSth3BRkHzSO5hnUBKuYPFa__bgz1Vs-3LeTizY8NxQPaL9lpJluaq49-MYVUeyLmt9be4Byjlc7dd0.Li3NMAyu264h3gOX7_vWDALkmdszSYaKFpGJbUQZKbs&dib_tag=se&keywords=milk&qid=1786073138&rdc=1&s=samedaystore&sprefix=mil%2Csamedaystore%2C348&sr=1-16
Amazon,B07HCLRGCL,"365 by Whole Foods Market, Whole Milk, Gallon, 128 fl oz",365 by Whole Foods Market,True,True,False,,Gallon,128,Whole,Unflavored,False,False,False,False,False,False,False,False,True,2,0,4.19,4.19,4.19,https://www.amazon.com/365-Everyday-Value-Whole-Milk/dp/B07HCLRGCL/ref=sr_1_4_us_f3_0o_wf?crid=1E2QJW9TUIM1M&dib=eyJ2IjoiMSJ9.4WIYEiI3mFjmVFHbleQvqozOrdM_U_m8UeVptFhnzXGMNOIFhacHT8FqAYch4YfuIxkCISmTderYRf1KOci3_2n5GKOLxbrblQy0m2dkrb4Xx2QoMVbuPP7ionj2m3CB0urzUIOvLJ6sMlWV_EvW-0OhnBUgGPlPDyZVEFwwnMba1-_avkoFnjoGHLQ4_wfV62-QkUaJKoozGcWWcC--Ee9C0-qIcS9U9S1-Vn0mIHo.qNRbNwmIjBEw8GrUFKl7G2IA_IVrUs6aqY3G4tsqoxs&dib_tag=se&keywords=milk&qid=1786073153&s=samedaystore&sprefix=mil%2Csamedaystore%2C348&sr=1-4
Amazon,B07K4Q7487,"Judee's Gluten Free Whole Milk Powder - Versatile Powdered Milk for Baking - Shelf Stable Dry Mix for Long-Term Storage - 40 oz, Pack of 1",Unknown,False,False,True,powder_formula,40 fl oz,40,Whole,Unflavored,False,False,False,False,False,False,False,False,False,0,0,,,,https://www.amazon.com/Whole-Milk-Powder-2-5lb-grams/dp/B07K4Q7487/ref=sr_1_11?crid=1E2QJW9TUIM1M&dib=eyJ2IjoiMSJ9.A7fNoVZ58cuppQ8EyOXkNaw18U6_mYDzaGd_NSaIwbbN-o31k7WZF-FT5E2Jo87nL381EJs1lGla7fc8cIJ-KacL-WmDBbEkm2E7G9OVV0jeiTBHP6Wm9V-gv-mE6odp11nYAIUzPNGXoJxZ0nxAZ8Zaoqq0Ondey8ipb2WJ4LMKC_7L22rdQaYMOO1-4rYzl5ZQbEyOuOUd76DC1YduaFFlx5lpqmyoncgOZdxY0Ro.vW05QYMB0YhRV_GfZ-Hg-g-ZB4jvVKBBU9zNwWRqa18&dib_tag=se&keywords=milk&qid=1786073233&rdc=1&s=samedaystore&sprefix=mil%2Csamedaystore%2C348&sr=1-11
Amazon,B087BLKBBT,Judee's Gluten Free Whole Milk Powder - Emergency & Travel Friendly for Emergency Supplies - Dried Powdered Milk Bulk for Baking & Cooking - Gluten-Free & Kosher Certified - 80 Oz,Unknown,False,False,False,powder_formula,80 fl oz,80,Whole,Unflavored,False,False,False,False,False,False,False,False,False,0,0,,,,https://www.amazon.com/Judees-Whole-Milk-Powder-bulk/dp/B087BLKBBT/ref=sr_1_12?crid=1E2QJW9TUIM1M&dib=eyJ2IjoiMSJ9.A7fNoVZ58cuppQ8EyOXkNaw18U6_mYDzaGd_NSaIwbbN-o31k7WZF-FT5E2Jo87nL381EJs1lGla7fc8cIJ-KacL-WmDBbEkm2E7G9OVV0jeiTBHP6Wm9V-gv-mE6odp11nYAIUzPNGXoJxZ0nxAZ8Zaoqq0Ondey8ipb2WJ4LMKC_7L22rdQaYMOO1-4rYzl5ZQbEyOuOUd76DC1YduaFFlx5lpqmyoncgOZdxY0Ro.vW05QYMB0YhRV_GfZ-Hg-g-ZB4jvVKBBU9zNwWRqa18&dib_tag=se&keywords=milk&qid=1786073233&rdc=1&s=samedaystore&sprefix=mil%2Csamedaystore%2C348&sr=1-12
Amazon,B00IYRDTTA,"Judee's Gluten Free Whole Milk Powder - Creamy Instant Milk Powder for Baking Pancakes & Bread - Shelf-Stable Blend for Travel & Camping - 11 oz, Pack of 1",Unknown,False,False,True,powder_formula,11 fl oz,11,Whole,Unflavored,False,False,False,False,False,False,False,False,False,0,0,,,,https://www.amazon.com/Whole-Milk-Powder-12-Available/dp/B00IYRDTTA/ref=sr_1_13?crid=1E2QJW9TUIM1M&dib=eyJ2IjoiMSJ9.A7fNoVZ58cuppQ8EyOXkNaw18U6_mYDzaGd_NSaIwbbN-o31k7WZF-FT5E2Jo87nL381EJs1lGla7fc8cIJ-KacL-WmDBbEkm2E7G9OVV0jeiTBHP6Wm9V-gv-mE6odp11nYAIUzPNGXoJxZ0nxAZ8Zaoqq0Ondey8ipb2WJ4LMKC_7L22rdQaYMOO1-4rYzl5ZQbEyOuOUd76DC1YduaFFlx5lpqmyoncgOZdxY0Ro.vW05QYMB0YhRV_GfZ-Hg-g-ZB4jvVKBBU9zNwWRqa18&dib_tag=se&keywords=milk&qid=1786073233&rdc=1&s=samedaystore&sprefix=mil%2Csamedaystore%2C348&sr=1-13
Amazon,B013P7XS62,"Judee's Gluten Free Powdered Milk - Gluten-Free Ingredient for Baking & Cooking - Nut-Free Whole Milk Powder & Shelf-Stable for Travel & Storage - Pack of 1, 24 oz, Made in USA",Unknown,False,False,True,powder_formula,24 fl oz,24,Whole,Unflavored,False,False,False,False,False,False,False,False,False,0,0,,,,https://www.amazon.com/Judees-Pure-Whole-Milk-Powder/dp/B013P7XS62/ref=sr_1_14?crid=1E2QJW9TUIM1M&dib=eyJ2IjoiMSJ9.A7fNoVZ58cuppQ8EyOXkNaw18U6_mYDzaGd_NSaIwbbN-o31k7WZF-FT5E2Jo87nL381EJs1lGla7fc8cIJ-KacL-WmDBbEkm2E7G9OVV0jeiTBHP6Wm9V-gv-mE6odp11nYAIUzPNGXoJxZ0nxAZ8Zaoqq0Ondey8ipb2WJ4LMKC_7L22rdQaYMOO1-4rYzl5ZQbEyOuOUd76DC1YduaFFlx5lpqmyoncgOZdxY0Ro.vW05QYMB0YhRV_GfZ-Hg-g-ZB4jvVKBBU9zNwWRqa18&dib_tag=se&keywords=milk&qid=1786073233&s=samedaystore&sprefix=mil%2Csamedaystore%2C348&sr=1-14
Amazon,B0FWPFSN9H,"Simple Kitchen Instant Nonfat Dry Milk Powder - 50 Servings #10 Can, Non Fat Powdered Milk Bulk, Dried & Vitamin D Fortified, Daily Use & Emergency Food Long Term Storage, up to 25 Year Shelf Life",Unknown,False,False,False,powder_formula,Unknown,,Skim/Fat-Free,Unflavored,False,False,False,False,False,False,False,False,False,0,0,,,,https://www.amazon.com/Simple-Kitchen-Instant-Nonfat-Powder/dp/B0FWPFSN9H/ref=sr_1_15?crid=1E2QJW9TUIM1M&dib=eyJ2IjoiMSJ9.A7fNoVZ58cuppQ8EyOXkNaw18U6_mYDzaGd_NSaIwbbN-o31k7WZF-FT5E2Jo87nL381EJs1lGla7fc8cIJ-KacL-WmDBbEkm2E7G9OVV0jeiTBHP6Wm9V-gv-mE6odp11nYAIUzPNGXoJxZ0nxAZ8Zaoqq0Ondey8ipb2WJ4LMKC_7L22rdQaYMOO1-4rYzl5ZQbEyOuOUd76DC1YduaFFlx5lpqmyoncgOZdxY0Ro.vW05QYMB0YhRV_GfZ-Hg-g-ZB4jvVKBBU9zNwWRqa18&dib_tag=se&keywords=milk&qid=1786073233&s=samedaystore&sprefix=mil%2Csamedaystore%2C348&sr=1-15
